event,avg_mean_ret_h1,avg_mean_ret_h2,avg_mean_ret_h3,avg_hit_rate_h1,avg_hit_rate_h2,avg_hit_rate_h3,avg_n,target_count,score_h1
pre_relief,0.00026937395908165025,0.0033850317554797063,0.009141257253108732,0.44155844155844154,0.5292207792207791,0.5551948051948051,28.0,11,0.0021687957664713042
