event,n,mean_ret,median_ret,std,hit_up,hit_down,direction,directional_hit,score
has_action&deal_over_tariff,79,0.005380973246828722,0.003704089049704651,0.01572345035023143,0.6835443037974683,0.31645569620253167,long,0.6835443037974683,0.03269196663415354
pre_action&short_posts,37,0.008266390422429291,0.0006330295486443038,0.025181645790897052,0.6216216216216216,0.3783783783783784,long,0.6216216216216216,0.03125668292471584
posts_low&has_attack,30,0.007358041244964519,0.00315863310778286,0.014224512110716712,0.7666666666666667,0.23333333333333334,long,0.7666666666666667,0.030897932961723554
has_china&pre_action,33,0.008297562511473447,0.004307419569164139,0.024830604402893208,0.6363636363636364,0.36363636363636365,long,0.6363636363636364,0.030332824875006586
posts_high&pre_action,57,0.00629073548960899,0.003201957471006933,0.02099924346640872,0.631578947368421,0.3684210526315789,long,0.631578947368421,0.029996217740608264
has_action&deal_only,56,0.005776338477958086,0.004005754309434395,0.016998679228067283,0.6785714285714286,0.32142857142857145,long,0.6785714285714286,0.029332036511186425
positive_heavy&pre_action,62,0.005844234398143486,0.0028191266127330916,0.020675321480850835,0.6290322580645161,0.3709677419354839,long,0.6290322580645161,0.028946521920541084
has_attack&pre_action,64,0.005356764825128587,0.0030550577556613945,0.019039360104172825,0.65625,0.34375,long,0.65625,0.028123015331925082
has_action&pre_action,75,0.0051591206340727185,0.0017507533144689447,0.019066125814007136,0.6266666666666667,0.37333333333333335,long,0.6266666666666667,0.02799902505651819
pre_action,75,0.0051591206340727185,0.0017507533144689447,0.019066125814007136,0.6266666666666667,0.37333333333333335,long,0.6266666666666667,0.02799902505651819
pre_action&has_exclamation,74,0.005221277364951563,0.002240424249809636,0.019188619331354986,0.6216216216216216,0.3783783783783784,long,0.6216216216216216,0.027920213585499815
pre_action&exclamation_heavy,73,0.005135908555375688,0.0017507533144689447,0.01930725910089612,0.6164383561643836,0.3835616438356164,long,0.6164383561643836,0.027050068314701647
pre_action&lots_of_excl,70,0.005222088648421156,0.002240424249809636,0.019627081235928913,0.6142857142857143,0.38571428571428573,long,0.6142857142857143,0.026838835938215372
has_positive&pre_action,72,0.005137572263711322,0.002240424249809636,0.01941770044290761,0.6111111111111112,0.3888888888888889,long,0.6111111111111112,0.026640622701045447
has_attack&tariff_only,109,0.003688097569537131,0.0021605126279586884,0.013033950303655653,0.6422018348623854,0.3577981651376147,long,0.6422018348623854,0.024727897561940354
posts_very_high&sig_potus,29,-0.006792428316975512,-0.0027652403144732274,0.019332325142104884,0.3448275862068966,0.6551724137931034,short,0.6551724137931034,0.023965123193918865
pre_action&deal_over_tariff,36,0.005592789812940674,0.004483732018036979,0.018809035903896272,0.6944444444444444,0.3055555555555556,long,0.6944444444444444,0.023303290887252807
has_russia&pre_action,35,0.005442990192038533,0.004097381912668174,0.018012978405354114,0.7142857142857143,0.2857142857142857,long,0.7142857142857143,0.023000831596234755
has_deal&has_action,106,0.003542970206233973,0.0029270898511132293,0.014847338718254216,0.6132075471698113,0.3867924528301887,long,0.6132075471698113,0.022368039668442377
has_action&pre_deal,52,0.004909244990817416,0.0028251881673959645,0.015771413383872262,0.6153846153846154,0.38461538461538464,long,0.6153846153846154,0.02178527327779315
pre_action&deal_only,28,0.005950509604230916,0.004497783761027163,0.021043719153413475,0.6785714285714286,0.32142857142857145,long,0.6785714285714286,0.021366271653645096
deal_heavy&short_posts,67,0.0035740560984677742,0.0027628315736780706,0.015430467411217537,0.7164179104477612,0.2835820895522388,long,0.7164179104477612,0.02095874148710746
short_posts&china_streak_3d,39,0.004982656792295592,0.0047078080405855705,0.016620080378839913,0.6666666666666666,0.3333333333333333,long,0.6666666666666666,0.02074445446306144
posts_very_high&pre_action,34,0.006045860222723265,0.0033061235450102533,0.024840760116252462,0.5882352941176471,0.4117647058823529,long,0.5882352941176471,0.02073712948332827
pre_deal&pre_action,27,0.005890522887285088,0.004097381912668174,0.020073861458347355,0.6666666666666666,0.3333333333333333,long,0.6666666666666666,0.020405369847850182
has_action&has_attack,148,0.0028459932010907597,0.001662199282765453,0.02008649734309723,0.5878378378378378,0.41216216216216217,long,0.5878378378378378,0.020352710405970503
pre_action&has_night_post,47,0.0049390782601756575,0.003704089049704651,0.020730432636013974,0.5957446808510638,0.40425531914893614,long,0.5957446808510638,0.020172281035982825
pre_action&has_uppercase_phrase,29,0.005701896657656831,0.002908158040315856,0.025024598302849307,0.6551724137931034,0.3448275862068966,long,0.6551724137931034,0.020117496933789548
has_action&short_posts,104,0.003343143942205484,0.0008870030805613327,0.021166640005711883,0.5865384615384616,0.41346153846153844,long,0.5865384615384616,0.019997156309257143
posts_low&has_exclamation,140,0.002499935682769057,0.0016388903111183017,0.009860584334332938,0.6571428571428571,0.34285714285714286,long,0.6571428571428571,0.01943804776532715
all_caps_heavy&uppercase_phrase_heavy,21,-0.008638856522536672,0.00013307822091168653,0.03512100788683314,0.5238095238095238,0.47619047619047616,short,0.47619047619047616,0.018851530443993944
has_attack&deal_over_tariff,175,0.002252689026534301,0.0016884725532351208,0.01336745899278508,0.6285714285714286,0.37142857142857144,long,0.6285714285714286,0.018731601256889534
has_action&has_exclamation,192,0.0023363763710199954,0.00156267099118923,0.019320319061261512,0.578125,0.421875,long,0.578125,0.01871609193347137
has_action&lots_of_excl,178,0.0024044281622848046,0.001671431743070828,0.01969932876550685,0.5786516853932584,0.42134831460674155,long,0.5786516853932584,0.018562609545929414
has_russia&has_all_caps,70,0.003623520158345577,0.0020204811316809623,0.01397607278885499,0.6,0.4,long,0.6,0.018189926830969008
has_action,194,0.002193692230727061,0.001337104211592055,0.01931008102406021,0.5773195876288659,0.422680412371134,long,0.5773195876288659,0.017639767426924594
has_action&exclamation_heavy,185,0.002212982906981605,0.0015332318107057485,0.01952608191841336,0.5783783783783784,0.42162162162162165,long,0.5783783783783784,0.017409086090724946
pre_deal&has_night_post,101,0.0026864306387524533,0.0018701968845122874,0.015281212509651037,0.6435643564356436,0.3564356435643564,long,0.6435643564356436,0.017375139564108737
posts_very_high&tariff_heavy,25,-0.0065629115722929225,-0.0019624672514313435,0.021154005512948944,0.48,0.52,short,0.52,0.0170635700879616
posts_very_high&all_caps_heavy,26,-0.006678301117595149,-0.0012594497132269455,0.032712194747847055,0.5,0.5,short,0.5,0.017026393858133083
pre_deal&deal_over_tariff,125,0.002482392168446028,0.0015646460846321375,0.013171518942892113,0.608,0.392,long,0.608,0.016874424811793617
pre_deal&short_posts,81,0.0030011198844530876,0.0015790922795098083,0.015274298304562894,0.6172839506172839,0.38271604938271603,long,0.6172839506172839,0.016672888246961597
has_action&has_positive,185,0.0021189337648691155,0.0011409766124783616,0.019528326311134863,0.572972972972973,0.42702702702702705,long,0.572972972972973,0.016513433524108594
has_positive&tariff_only,161,0.0021119461420723404,0.0018619345065358228,0.012334884092116869,0.6149068322981367,0.38509316770186336,long,0.6149068322981367,0.016478022646638963
has_tariff&sig_potus,29,-0.005148977829301555,-0.0010969340964486207,0.02001690537379479,0.41379310344827586,0.5862068965517241,short,0.5862068965517241,0.01625440004773101
has_night_post&deal_over_tariff,144,0.002132422377528956,0.0017602479822490524,0.014599673982295116,0.6319444444444444,0.3680555555555556,long,0.6319444444444444,0.01617086969626125
has_deal&pre_action,49,0.003640568824139715,0.003704089049704651,0.01731486964187227,0.6326530612244898,0.3673469387755102,long,0.6326530612244898,0.016122519078333026
has_action&has_russia,74,0.003014674501450954,0.002462832786307878,0.0137278401513928,0.6216216216216216,0.3783783783783784,long,0.6216216216216216,0.0161206444492442
pre_deal&exclamation_heavy,170,0.00203911120511089,0.0015298294196328666,0.012361962656411485,0.6058823529411764,0.3941176470588235,long,0.6058823529411764,0.016108447097670148
pre_deal&has_exclamation,176,0.0020110970641942574,0.0015298294196328666,0.012201148236077056,0.6022727272727273,0.3977272727272727,long,0.6022727272727273,0.016068767367392496
has_deal&pre_deal,176,0.0020110970641942574,0.0015298294196328666,0.012201148236077056,0.6022727272727273,0.3977272727272727,long,0.6022727272727273,0.016068767367392496
pre_deal,176,0.0020110970641942574,0.0015298294196328666,0.012201148236077056,0.6022727272727273,0.3977272727272727,long,0.6022727272727273,0.016068767367392496
has_attack&deal_only,134,0.002211050349473888,0.0017696323742517617,0.01371737787422796,0.6268656716417911,0.373134328358209,long,0.6268656716417911,0.01604447530796144
has_attack,643,0.0010937691152400598,0.0010179830611165563,0.013575643562685502,0.5754276827371695,0.42457231726283046,long,0.5754276827371695,0.015959596006851037
has_attack&has_exclamation,642,0.0010920097128903487,0.0010150003112939787,0.013586155496142347,0.5747663551401869,0.4252336448598131,long,0.5747663551401869,0.015903230490101648
has_relief&deal_over_tariff,32,0.003870395188952904,0.0037575542877217316,0.023428728748661153,0.71875,0.28125,long,0.71875,0.01573650043288723
pre_deal&lots_of_excl,165,0.0020173653370131658,0.0015609155178168965,0.012501457953431442,0.6060606060606061,0.3939393939393939,long,0.6060606060606061,0.015705167848528045
deal_heavy&has_action,61,0.00320433347350563,0.0021955703874654287,0.015823574026628186,0.6229508196721312,0.3770491803278688,long,0.6229508196721312,0.015590368688063592
deal_heavy&pre_deal,91,0.002602825114547104,0.0017507533144689447,0.014265941541509243,0.6263736263736264,0.37362637362637363,long,0.6263736263736264,0.0155524619712467
has_positive&pre_deal,172,0.001963065516563251,0.0015298294196328666,0.012300815408009381,0.5988372093023255,0.4011627906976744,long,0.5988372093023255,0.015417281264374286
posts_low&short_posts,127,0.0020395433434303206,0.0015743334544251475,0.010275805927587136,0.6692913385826772,0.33070866141732286,long,0.6692913385826772,0.015383317527248195
china_streak_3d,72,0.002826091122962367,0.0027258635853045776,0.01461895154308907,0.6388888888888888,0.3611111111111111,long,0.6388888888888888,0.015320669512616424
has_exclamation&china_streak_3d,72,0.002826091122962367,0.0027258635853045776,0.01461895154308907,0.6388888888888888,0.3611111111111111,long,0.6388888888888888,0.015320669512616424
lots_of_excl&tariff_only,145,0.0020450221248075103,0.0019856558213586784,0.014690159255468392,0.6206896551724138,0.3793103448275862,long,0.6206896551724138,0.015284685929953915
has_tariff&pre_deal,81,0.0025905376088324944,0.001617908278173541,0.009486401663179357,0.654320987654321,0.345679012345679,long,0.654320987654321,0.015255388140902468
deal_heavy&lots_of_excl,154,0.0019121337045999382,0.0017564536546019749,0.012560878706108945,0.6363636363636364,0.36363636363636365,long,0.6363636363636364,0.015100244244644822
posts_very_high&deal_over_tariff,91,0.0026820582064561935,0.0018701968845122874,0.016529131326653342,0.5824175824175825,0.4175824175824176,long,0.5824175824175825,0.014901273029878143
deal_over_tariff,252,0.001522138706281209,0.0015075186313853184,0.012840116546728224,0.6111111111111112,0.3888888888888889,long,0.6111111111111112,0.014766401751807453
has_deal&deal_over_tariff,252,0.001522138706281209,0.0015075186313853184,0.012840116546728224,0.6111111111111112,0.3888888888888889,long,0.6111111111111112,0.014766401751807453
has_exclamation&deal_over_tariff,252,0.001522138706281209,0.0015075186313853184,0.012840116546728224,0.6111111111111112,0.3888888888888889,long,0.6111111111111112,0.014766401751807453
high_emotion&has_exclamation,44,0.0030537971040713093,0.0030036224818761337,0.007337878113370465,0.7272727272727273,0.2727272727272727,long,0.7272727272727273,0.01473207153465954
pre_tariff&volume_spike,42,0.003625147850114527,0.001564844691325673,0.0101688923277573,0.6190476190476191,0.38095238095238093,long,0.6190476190476191,0.014543683891894222
has_attack&short_posts,310,0.0013998658802107323,0.0009361124348572503,0.015386193848664917,0.5806451612903226,0.41935483870967744,long,0.5806451612903226,0.01431126707443865
deal_heavy&has_night_post,98,0.0022459552103750056,0.00244257076201837,0.014564692768883251,0.6428571428571429,0.35714285714285715,long,0.6428571428571429,0.014293171435476829
has_attack&exclamation_heavy,632,0.0009856288617031558,0.0010150003112939787,0.013439472587964286,0.5759493670886076,0.4240506329113924,long,0.5759493670886076,0.014271060811676374
posts_low&has_positive,86,0.0022759940248944337,0.001770659580232814,0.00803620067235903,0.6744186046511628,0.32558139534883723,long,0.6744186046511628,0.0142347513549317
posts_high&all_caps_heavy,31,-0.005264785943874272,0.00013307822091168653,0.030111996497865966,0.5161290322580645,0.4838709677419355,short,0.4838709677419355,0.014183752043337867
has_attack&volume_drop,52,0.003096788830979821,0.001761285331173701,0.014049400601213699,0.6346153846153846,0.36538461538461536,long,0.6346153846153846,0.014171762320753987
deal_heavy&deal_over_tariff,125,0.001945572981252318,0.0018701968845122874,0.013512377022808457,0.648,0.352,long,0.648,0.014095404349705427
positive_heavy&pre_deal,138,0.001987012147761927,0.0016265593189336292,0.013494931182890376,0.6014492753623188,0.39855072463768115,long,0.6014492753623188,0.014039093660078255
has_attack&has_positive,619,0.000986344068305244,0.001012017561471401,0.013591812417200078,0.5718901453957996,0.4281098546042003,long,0.5718901453957996,0.014034158421852704
deal_heavy&has_relief,32,0.0035937359001803892,0.0020089505876662583,0.021786861451903946,0.6875,0.3125,long,0.6875,0.013976352636461024
posts_high&sig_potus,46,-0.0038838194279916167,-0.0002631552157616457,0.016931488199878646,0.4782608695652174,0.5217391304347826,short,0.5217391304347826,0.013743310411571463
lots_of_excl&deal_over_tariff,226,0.001493960294806804,0.0014497878771316808,0.012788114454784873,0.6106194690265486,0.3893805309734513,long,0.6106194690265486,0.013713992958984879
has_action&tariff_only,24,0.004792003866812357,0.0031349574415798775,0.024154722972850883,0.5833333333333334,0.4166666666666667,long,0.5833333333333334,0.01369429170565656
tariff_heavy&open_tariff,31,-0.004451045761101497,-0.0004581666477052604,0.019373474766404816,0.45161290322580644,0.5483870967741935,short,0.5483870967741935,0.013590334110379717
has_russia&deal_over_tariff,88,0.002078681310809569,0.0028049901853982595,0.010620752422067862,0.6931818181818182,0.3068181818181818,long,0.6931818181818182,0.013516878508458391
has_night_post&china_streak_3d,47,0.003195357813548698,0.0029874591429570607,0.016864475024019453,0.6170212765957447,0.3829787234042553,long,0.6170212765957447,0.01351663436887434
positive_heavy&deal_over_tariff,186,0.001596580349150603,0.0016265593189336292,0.013641636047906348,0.6182795698924731,0.3817204301075269,long,0.6182795698924731,0.01346269937090645
has_tariff&has_attack,236,0.0014875516099511746,0.0012525269452322574,0.013044001458229171,0.5889830508474576,0.4110169491525424,long,0.5889830508474576,0.01345955932684837
has_attack&lots_of_excl,592,0.0009607591277503109,0.0009978259620219143,0.013829863085289534,0.5743243243243243,0.42567567567567566,long,0.5743243243243243,0.013425565349955008
has_attack&has_all_caps,144,0.0018569622218204992,0.002144606049829023,0.016055496136892042,0.5972222222222222,0.4027777777777778,long,0.5972222222222222,0.013308229256380243
high_emotion&volume_spike,27,0.0032754295463640532,0.0041020419271569075,0.010142249892148257,0.7777777777777778,0.2222222222222222,long,0.7777777777777778,0.01323749091213458
attack_heavy&sig_potus,34,-0.0036683305253914695,-0.0024801015142509875,0.010495237500060829,0.38235294117647056,0.6176470588235294,short,0.6176470588235294,0.013211383393733978
deal_heavy,159,0.0016459807960612631,0.0017621539947350051,0.012784800443685887,0.6352201257861635,0.36477987421383645,long,0.6352201257861635,0.013184011571817778
deal_heavy&has_exclamation,159,0.0016459807960612631,0.0017621539947350051,0.012784800443685887,0.6352201257861635,0.36477987421383645,long,0.6352201257861635,0.013184011571817778
deal_heavy&has_positive,159,0.0016459807960612631,0.0017621539947350051,0.012784800443685887,0.6352201257861635,0.36477987421383645,long,0.6352201257861635,0.013184011571817778
has_deal&deal_heavy,159,0.0016459807960612631,0.0017621539947350051,0.012784800443685887,0.6352201257861635,0.36477987421383645,long,0.6352201257861635,0.013184011571817778
deal_heavy&exclamation_heavy,158,0.0016398608659962768,0.0017564536546019749,0.012825218099206406,0.6329113924050633,0.3670886075949367,long,0.6329113924050633,0.013046032569780588
has_positive&has_all_caps,178,0.0016574718169870088,0.002143773926951864,0.01563708235434151,0.5898876404494382,0.4101123595505618,long,0.5898876404494382,0.013044440329717778
has_exclamation,1016,0.0007148276184634948,0.0009381039491832555,0.012934963495013281,0.5708661417322834,0.42913385826771655,long,0.5708661417322834,0.013007159427462132
has_russia&deal_only,66,0.0022414568351445583,0.0028049901853982595,0.01040577600943618,0.7121212121212122,0.2878787878787879,long,0.7121212121212122,0.012967500398776725
posts_high&deal_over_tariff,152,0.0017078955350436267,0.0016265593189336292,0.01426189277393705,0.6118421052631579,0.3881578947368421,long,0.6118421052631579,0.012883161698951241
exclamation_heavy&tariff_only,159,0.0016835097869029561,0.0018978268127400888,0.014557083136943955,0.6037735849056604,0.39622641509433965,long,0.6037735849056604,0.01281705701832388
short_posts,574,0.0009171760004748695,0.0008184690489628776,0.013845478966587305,0.5818815331010453,0.4181184668989547,long,0.5818815331010453,0.012786250327466967
deal_heavy&has_attack,123,0.0018404712157133133,0.0017621539947350051,0.013645895589672661,0.6260162601626016,0.37398373983739835,long,0.6260162601626016,0.01277812696689874
has_exclamation&short_posts,527,0.0009616590718588252,0.0007571207193879381,0.0140426536002404,0.5768500948766604,0.42314990512333966,long,0.5768500948766604,0.012734720245912677
has_russia&has_uppercase_phrase,115,0.001978820109313153,0.001647199789928111,0.013606130209014454,0.6,0.4,long,0.6,0.012732288939382256
has_china&all_caps_heavy,22,-0.004963582458947771,-0.0027859601421278413,0.029133915499855126,0.45454545454545453,0.5454545454545454,short,0.5454545454545454,0.012698872031253684
pre_action&volume_spike,21,0.004145439128343584,0.003704089049704651,0.021237699462432112,0.6666666666666666,0.3333333333333333,long,0.6666666666666666,0.012664525729644154
has_china&sig_potus,26,-0.003565099185785164,-0.002509457276890892,0.009059749242881245,0.3076923076923077,0.6923076923076923,short,0.6923076923076923,0.012585122526608516
has_uppercase_phrase&deal_over_tariff,88,0.0021412043570237654,0.0015660637766667929,0.016870132193608726,0.625,0.375,long,0.625,0.012553923326483578
has_all_caps&short_posts,113,0.0019228666345806058,0.0031586327691348615,0.019704570923223527,0.6106194690265486,0.3893805309734513,long,0.6106194690265486,0.012481277314852737
exclamation_heavy&deal_over_tariff,240,0.0013241456896076161,0.0014497878771316808,0.012921751043787667,0.6083333333333333,0.39166666666666666,long,0.6083333333333333,0.012479092562586405
has_action&positive_heavy,150,0.0017955059705447552,0.0013621521967726036,0.019752009727642614,0.5666666666666667,0.43333333333333335,long,0.5666666666666667,0.012461208130873444
deal_heavy&positive_heavy,139,0.001706022748246395,0.0017621539947350051,0.013111363368228345,0.6187050359712231,0.381294964028777,long,0.6187050359712231,0.012444454636065213
posts_low,461,0.0009885066850669924,0.0010552797863119245,0.010766424347056,0.5847826086956521,0.4152173913043478,long,0.5847826086956521,0.012411507147587928
tariff_only&volume_spike,24,0.003742538401381723,0.00225054146199255,0.008898226513102065,0.6666666666666666,0.3333333333333333,long,0.6666666666666666,0.012223079234875577
has_tariff&tariff_only,170,0.001516506257149145,0.0017412723190580737,0.014146770144903894,0.6176470588235294,0.38235294117647056,long,0.6176470588235294,0.012212625648314298
tariff_only,170,0.001516506257149145,0.0017412723190580737,0.014146770144903894,0.6176470588235294,0.38235294117647056,long,0.6176470588235294,0.012212625648314298
has_exclamation&tariff_only,169,0.0015209920732861216,0.0018035072962026,0.014188689894359702,0.6153846153846154,0.38461538461538464,long,0.6153846153846154,0.012167936586288975
has_tariff&short_posts,137,0.0015630567739701995,0.0016790373419135474,0.01466154693830794,0.6642335766423357,0.3357664233576642,long,0.6642335766423357,0.012152226671016215
has_attack&pre_deal,129,0.0018569286230095399,0.0012684969251244294,0.013788467791276805,0.5736434108527132,0.4263565891472868,long,0.5736434108527132,0.01209851521941949
posts_very_high&pre_deal,71,0.002482591323400733,0.0014987433214488366,0.017560502486472368,0.5774647887323944,0.4225352112676056,long,0.5774647887323944,0.0120798047743531
has_positive&pre_tariff,166,0.001554034923098249,0.0013366878198682874,0.012845193697573034,0.6024096385542169,0.39759036144578314,long,0.6024096385542169,0.012061650225287067
deal_over_tariff&deal_only,200,0.0014214394178126465,0.0015075186313853184,0.013030658299645805,0.6,0.4,long,0.6,0.012061313416574166
deal_only,200,0.0014214394178126465,0.0015075186313853184,0.013030658299645805,0.6,0.4,long,0.6,0.012061313416574166
has_exclamation&deal_only,200,0.0014214394178126465,0.0015075186313853184,0.013030658299645805,0.6,0.4,long,0.6,0.012061313416574166
has_deal&deal_only,200,0.0014214394178126465,0.0015075186313853184,0.013030658299645805,0.6,0.4,long,0.6,0.012061313416574166
has_uppercase_phrase&china_streak_3d,33,0.003463185794463327,0.0013415471654707467,0.011823405259960663,0.6060606060606061,0.3939393939393939,long,0.6060606060606061,0.012057265304784943
has_positive&lots_of_excl,779,0.0007595891876121243,0.0008986100931438479,0.0132398836878908,0.5661103979460848,0.4338896020539153,long,0.5661103979460848,0.012001862163593703
all_caps_heavy&short_posts,26,-0.0055595412298562845,0.002934237640106807,0.03310168523014222,0.5769230769230769,0.4230769230769231,short,0.4230769230769231,0.011993473130548809
has_all_caps&all_caps_heavy,32,-0.004492130316285609,0.0014214603659952196,0.029943059262388633,0.53125,0.46875,short,0.46875,0.011911559282322095
all_caps_heavy&lots_of_excl,32,-0.004492130316285609,0.0014214603659952196,0.029943059262388633,0.53125,0.46875,short,0.46875,0.011911559282322095
all_caps_heavy&exclamation_heavy,32,-0.004492130316285609,0.0014214603659952196,0.029943059262388633,0.53125,0.46875,short,0.46875,0.011911559282322095
all_caps_heavy&has_exclamation,32,-0.004492130316285609,0.0014214603659952196,0.029943059262388633,0.53125,0.46875,short,0.46875,0.011911559282322095
all_caps_heavy,32,-0.004492130316285609,0.0014214603659952196,0.029943059262388633,0.53125,0.46875,short,0.46875,0.011911559282322095
brag_heavy&has_night_post,21,0.0036163442297803576,0.0017433852107295866,0.006444332668232923,0.7142857142857143,0.2857142857142857,long,0.7142857142857143,0.011837265122846616
has_action&pre_tariff,32,0.003683118499450501,0.0024093553633108833,0.01908535507266364,0.5625,0.4375,long,0.5625,0.011719611300937818
has_action&has_night_post,125,0.0017942776693978474,0.0029460216619106028,0.019994469392436053,0.584,0.416,long,0.584,0.011715410370707766
posts_high&has_action,138,0.001739437983256398,0.001993368571145293,0.02037406678375931,0.572463768115942,0.427536231884058,long,0.572463768115942,0.011697592750465002
has_attack&pre_tariff,126,0.0017729466253309793,0.001139661261915892,0.013896593962608358,0.5873015873015873,0.4126984126984127,long,0.5873015873015873,0.011688051284283183
posts_very_high&deal_heavy,80,0.0021267402482134322,0.002086793019264621,0.01572932887447667,0.6125,0.3875,long,0.6125,0.011651062625450527
positive_heavy&tariff_only,114,0.00182635259610092,0.001893465171154629,0.010325920926723409,0.5964912280701754,0.40350877192982454,long,0.5964912280701754,0.011631644313483893
sig_potus&short_posts,30,-0.003729667989983565,-0.0013671924168859317,0.019817699695490746,0.43333333333333335,0.5666666666666667,short,0.5666666666666667,0.011575998644007386
has_market_brag&open_deal,33,0.002656902019241305,0.003874003457017716,0.008202292704990054,0.7575757575757576,0.24242424242424243,long,0.7575757575757576,0.01156268189033717
deal_heavy&has_uppercase_phrase,62,0.002456534655353361,0.0015153254599297172,0.01564228384659877,0.5967741935483871,0.4032258064516129,long,0.5967741935483871,0.011543267888779104
high_emotion&has_uppercase_phrase,26,0.0030932371557797914,0.002807934015567337,0.008766998236976652,0.7307692307692307,0.2692307692307692,long,0.7307692307692307,0.011526040605089868
has_china&deal_over_tariff,97,0.0019426176701745326,0.002303389154016955,0.015524903731410316,0.5979381443298969,0.4020618556701031,long,0.5979381443298969,0.011440090530048599
has_russia&sig_potus,29,-0.0034168458088176907,-0.0021949627140287475,0.009765416333739932,0.3793103448275862,0.6206896551724138,short,0.6206896551724138,0.01142086208341038
all_caps_heavy&has_uppercase_phrase,30,-0.004466497631873856,0.0014214603659952196,0.030748023958674355,0.5333333333333333,0.4666666666666667,short,0.4666666666666667,0.01141654036143001
short_posts&deal_over_tariff,118,0.0016865514729592654,0.0015470736642613225,0.014231895093653225,0.6186440677966102,0.3813559322033898,long,0.6186440677966102,0.01133395428783291
has_positive&deal_over_tariff,239,0.0012211679724238886,0.0013757255543636049,0.012942283761341728,0.5983263598326359,0.401673640167364,long,0.5983263598326359,0.011295682911754512
pre_deal&has_uppercase_phrase,60,0.002572645337327101,0.0013221112397440171,0.016716081105846423,0.5666666666666667,0.43333333333333335,long,0.5666666666666667,0.011292320886788162
pre_tariff&open_tariff,37,-0.003808027691219822,7.258178414493166e-05,0.01837300182640583,0.5135135135135135,0.4864864864864865,short,0.4864864864864865,0.011268646129211338
posts_high&pre_deal,115,0.0017726605625456484,0.0012684969251244294,0.014626691807920726,0.591304347826087,0.40869565217391307,long,0.591304347826087,0.011240498586072217
has_deal&has_market_brag,80,0.0018959069758064787,0.001653190415704331,0.007980584154255545,0.6625,0.3375,long,0.6625,0.01123434872383624
has_positive&china_streak_3d,68,0.002104333330898081,0.0027258635853045776,0.01308456172313562,0.6470588235294118,0.35294117647058826,long,0.6470588235294118,0.0112282675932714
has_relief&pre_deal,25,0.0039778163208453645,0.002742218294476073,0.024533473961710562,0.56,0.44,long,0.56,0.011137885698367022
has_exclamation&lots_of_excl,795,0.0006931234768363934,0.0009106051537297599,0.01359987812242584,0.5672955974842767,0.4327044025157233,long,0.5672955974842767,0.011086732950364237
exclamation_heavy&lots_of_excl,795,0.0006931234768363934,0.0009106051537297599,0.01359987812242584,0.5672955974842767,0.4327044025157233,long,0.5672955974842767,0.011086732950364237
lots_of_excl,795,0.0006931234768363934,0.0009106051537297599,0.01359987812242584,0.5672955974842767,0.4327044025157233,long,0.5672955974842767,0.011086732950364237
pre_tariff&deal_over_tariff,24,0.003388270867869201,0.001493655139904515,0.007821835055228625,0.6666666666666666,0.3333333333333333,long,0.6666666666666666,0.011066046315488885
deal_heavy&has_market_brag,41,0.002360245152994137,0.0024642680276520945,0.007692627527130443,0.7317073170731707,0.2682926829268293,long,0.7317073170731707,0.011058250935673287
has_market_brag&pre_tariff,47,0.0024443712629617087,0.001548922064604108,0.006824048348253203,0.6595744680851063,0.3404255319148936,long,0.6595744680851063,0.011052993998177829
posts_low&volume_spike,43,0.00241591522726532,0.0024942548757938,0.009634846741206205,0.6976744186046512,0.3023255813953488,long,0.6976744186046512,0.011052708546081931
has_uppercase_phrase&deal_only,67,0.0021002494273911617,0.0016884725532351208,0.01820446178987811,0.6417910447761194,0.3582089552238806,long,0.6417910447761194,0.011033211138823136
has_tariff&lots_of_excl,294,0.001073930707577723,0.0013868309615485686,0.013431775154317052,0.5986394557823129,0.4013605442176871,long,0.5986394557823129,0.0110233922969092
has_night_post&deal_only,109,0.001656512305804744,0.0017771107537685182,0.015615804815025044,0.6330275229357798,0.3669724770642202,long,0.6330275229357798,0.010947892095215364
sig_potus&has_all_caps,23,-0.0043686194326345625,-0.00043230017186479675,0.022303088715660797,0.4782608695652174,0.5217391304347826,short,0.5217391304347826,0.010931041454809753
has_russia&tariff_only,39,0.0031024950689621422,0.0010179830611165563,0.012157461714797538,0.5641025641025641,0.4358974358974359,long,0.5641025641025641,0.010929529766810475
has_market_brag&has_china,70,-0.0027701241407592715,0.00025558070894771134,0.01728072572051175,0.5285714285714286,0.4714285714285714,short,0.4714285714285714,0.01092607436066301
sig_potus&has_exclamation,63,-0.002622120886585471,-0.00043230017186479675,0.0153973483218644,0.47619047619047616,0.5238095238095238,short,0.5238095238095238,0.01090175392971242
sig_potus,63,-0.002622120886585471,-0.00043230017186479675,0.0153973483218644,0.47619047619047616,0.5238095238095238,short,0.5238095238095238,0.01090175392971242
has_positive,931,0.0006297292100770074,0.0009106051537297599,0.01271934440674533,0.5671321160042965,0.43286788399570353,long,0.5671321160042965,0.010897149789017171
deal_heavy&deal_only,73,0.0019713089347425257,0.0021955703874654287,0.01446161856941787,0.6438356164383562,0.3561643835616438,long,0.6438356164383562,0.010844040182411623
pre_tariff&pre_deal,53,0.002247778032675306,0.0017507533144689447,0.009258193533820036,0.660377358490566,0.33962264150943394,long,0.660377358490566,0.010806462036991416
has_tariff&has_action,74,0.002257945674306012,0.001671431743070828,0.01667962458897552,0.5540540540540541,0.44594594594594594,long,0.5540540540540541,0.010761714975045683
has_relief&has_market_brag,25,-0.004104761540624051,-0.00019544819997963092,0.025581732867148408,0.48,0.52,short,0.52,0.010672380005622532
has_tariff&has_market_brag,76,0.0018233886818816174,0.0015834151713888245,0.007714751420466537,0.6710526315789473,0.32894736842105265,long,0.6710526315789473,0.010667008340921262
posts_high&deal_heavy,117,0.0016240792319038057,0.0012684969251244294,0.013534338724086898,0.6068376068376068,0.39316239316239315,long,0.6068376068376068,0.010660378645364598
has_night_post&tariff_only,89,0.0017633973093390668,0.0022045770199778936,0.011951645302820732,0.6404494382022472,0.3595505617977528,long,0.6404494382022472,0.010654425234197481
short_posts&tariff_only,73,0.001801896296963126,0.0018891035295691694,0.015759148862576462,0.684931506849315,0.3150684931506849,long,0.684931506849315,0.01054480048625119
sig_potus&lots_of_excl,60,-0.0025522050192685218,-0.00048586114580395634,0.015692354700321095,0.4666666666666667,0.5333333333333333,short,0.5333333333333333,0.010543624038116229
has_positive&has_exclamation,924,0.0006095399714544088,0.0008910498252255872,0.012761755885570393,0.566017316017316,0.43398268398268397,long,0.566017316017316,0.010487401470072715
has_china&short_posts,142,0.0015979735915185123,0.0007769150419980608,0.018943919382272644,0.5492957746478874,0.4507042253521127,long,0.5492957746478874,0.0104597192626114
has_russia&pre_deal,68,0.00195975925827539,0.001725313273985063,0.009732227578318214,0.6470588235294118,0.35294117647058826,long,0.6470588235294118,0.010456851605784365
posts_low&tariff_only,22,0.0030570496238017312,0.00114192654543821,0.005323692913648705,0.7272727272727273,0.2727272727272727,long,0.7272727272727273,0.010428242715666856
pre_tariff&has_all_caps,40,0.002432309807274058,0.00464010950739735,0.018255083413213764,0.675,0.325,long,0.675,0.010383712604304134
sig_potus&exclamation_heavy,61,-0.002489006058360984,-0.00043230017186479675,0.015568862195685935,0.47540983606557374,0.5245901639344263,short,0.5245901639344263,0.01019790623509171
has_attack&china_streak_3d,53,0.002241445635499785,0.0011409766124783616,0.015890995064763342,0.6226415094339622,0.37735849056603776,long,0.6226415094339622,0.010160245806235077
attack_heavy&tariff_only,38,0.0026039992574669337,0.00323182480750539,0.00970143609934076,0.631578947368421,0.3684210526315789,long,0.631578947368421,0.010138187044073673
exclamation_heavy&china_streak_3d,68,0.0019368232098965978,0.00211321101119355,0.013110118292448127,0.6323529411764706,0.36764705882352944,long,0.6323529411764706,0.010099595497638681
has_exclamation&volume_drop,147,0.0013593817069399476,0.0013757255543636049,0.012327039633890627,0.6122448979591837,0.3877551020408163,long,0.6122448979591837,0.01009079221414155
has_tariff&has_positive,318,0.0009537659559859244,0.0012608848245020399,0.012344242409796674,0.5911949685534591,0.4088050314465409,long,0.5911949685534591,0.01005509332519223
has_market_brag&volume_spike,46,-0.0030906814935159972,0.000339511026662187,0.02006152690896337,0.5217391304347826,0.4782608695652174,short,0.4782608695652174,0.010025314755626229
has_all_caps&has_exclamation,184,0.0012399566349412636,0.0022037448971007345,0.017010414195521698,0.592391304347826,0.4076086956521739,long,0.592391304347826,0.009963778933262606
has_all_caps,184,0.0012399566349412636,0.0022037448971007345,0.017010414195521698,0.592391304347826,0.4076086956521739,long,0.592391304347826,0.009963778933262606
posts_high&tariff_only,62,0.0018610557372005143,0.0037872051838347964,0.017302180643270115,0.6774193548387096,0.3225806451612903,long,0.6774193548387096,0.009926881229113735
open_tariff&open_deal,40,-0.00285074900372321,-0.0011598068905888104,0.01265986597639237,0.45,0.55,short,0.55,0.00991634587814329
has_china&pre_tariff,68,0.0019335276593299862,0.0020915267755500233,0.00972050124873113,0.6176470588235294,0.38235294117647056,long,0.6176470588235294,0.009847936126993358
tariff_heavy&has_russia,24,-0.0032088207879331088,-0.0013981066384088914,0.009138549784711215,0.375,0.625,short,0.625,0.009824967008089481
posts_low&exclamation_heavy,48,0.0022613567099824053,0.0011371873443761782,0.010090273377509174,0.625,0.375,long,0.625,0.00979196178931581
posts_high&tariff_heavy,42,-0.0031605836951224438,0.0003576845216333169,0.017167669416080375,0.5238095238095238,0.47619047619047616,short,0.47619047619047616,0.0097537730398592
positive_heavy&deal_only,138,0.0013572226359094468,0.0016265593189336292,0.014335134116541269,0.6086956521739131,0.391304347826087,long,0.6086956521739131,0.009704894913096767
lots_of_excl&deal_only,176,0.0012253481438163204,0.0014497878771316808,0.013181153313005978,0.5965909090909091,0.4034090909090909,long,0.5965909090909091,0.009698229618470547
attack_heavy&pre_action,42,0.002317125287947789,0.0030550577556613945,0.01517049645952059,0.6428571428571429,0.35714285714285715,long,0.6428571428571429,0.009653585243729959
high_emotion&short_posts,60,0.0017235121429168498,0.002468822739970844,0.010424109561608564,0.7166666666666667,0.2833333333333333,long,0.7166666666666667,0.009567691817987943
pre_deal&tariff_rising,31,0.002420537949600857,0.0018380494891383492,0.0066003536193354135,0.7096774193548387,0.2903225806451613,long,0.7096774193548387,0.009564311889117312
has_action&uppercase_phrase_heavy,25,-0.003966547592109841,0.0005031528617669423,0.026751307334558383,0.52,0.48,short,0.48,0.009519714221063619
pre_tariff&lots_of_excl,153,0.0012794243916327602,0.0016790373419135474,0.014991190375004574,0.6013071895424836,0.39869281045751637,long,0.6013071895424836,0.009516050498349034
deal_heavy&pre_tariff,46,0.0022254987408129394,0.001493655139904515,0.008760527526019189,0.6304347826086957,0.3695652173913043,long,0.6304347826086957,0.009515824745205886
exclamation_heavy&deal_only,188,0.0011622547610930453,0.0014497878771316808,0.013142800207428418,0.5957446808510638,0.40425531914893614,long,0.5957446808510638,0.009493807727332573
has_positive&high_emotion,25,0.0024776815860663025,0.002848612194617406,0.005726860967826759,0.76,0.24,long,0.76,0.00941519002705195
lots_of_excl&china_streak_3d,66,0.0018139544010538247,0.00211321101119355,0.01309449250037184,0.6363636363636364,0.36363636363636365,long,0.6363636363636364,0.009377858775357987
has_night_post&short_posts,258,0.0010238805426668754,0.0012167986444909795,0.01665683720674687,0.5697674418604651,0.43023255813953487,long,0.5697674418604651,0.009370370687605684
lots_of_excl&short_posts,384,0.0008345418717987954,0.000702428488189244,0.01535121008771819,0.5729166666666666,0.4270833333333333,long,0.5729166666666666,0.00936925804326519
posts_very_high&deal_only,69,0.0019939839037185713,0.001012017561471401,0.017607842314736107,0.5652173913043478,0.43478260869565216,long,0.5652173913043478,0.009361850678249647
has_action&attack_heavy,96,0.0016600764684579494,0.001361457998027893,0.013778309075964282,0.5729166666666666,0.4270833333333333,long,0.5729166666666666,0.009318696478949616
has_all_caps&tariff_only,31,0.0022390072664941643,0.005292907769290922,0.019705504184591074,0.7419354838709677,0.25806451612903225,long,0.7419354838709677,0.009249164255793045
has_positive&short_posts,464,0.000751980525261245,0.0006905044346620093,0.013665506584363407,0.5689655172413793,0.43103448275862066,long,0.5689655172413793,0.009216192344102304
posts_high&short_posts,241,0.001023285464923514,0.0014559207541648966,0.018233274904385376,0.5726141078838174,0.42738589211618255,long,0.5726141078838174,0.009096354358435884
pre_deal&has_all_caps,47,0.0021464010032649365,0.0016884725532351208,0.011034640233900016,0.6170212765957447,0.3829787234042553,long,0.6170212765957447,0.009079458158677056
deal_heavy&has_china,85,0.0016339340804825927,0.0012318625699112573,0.014500611023135728,0.6,0.4,long,0.6,0.009038476737177142
has_attack&has_night_post,362,0.0008160421620031907,0.0016547718607858863,0.0149740855964128,0.580110497237569,0.4198895027624309,long,0.580110497237569,0.009006947000911644
has_tariff&deal_over_tariff,52,0.0019094436619295262,0.001509625119796687,0.012193195950290019,0.6538461538461539,0.34615384615384615,long,0.6538461538461539,0.00900293457860329
has_attack&positive_heavy,474,0.000725921585014916,0.000978592720824345,0.01372694421031087,0.569620253164557,0.43037974683544306,long,0.569620253164557,0.009002524324768195
deal_heavy&pre_action,25,0.0031985336313162184,0.0009317492412306283,0.0212273868056973,0.56,0.44,long,0.56,0.008955894167685413
positive_heavy&sig_potus,46,-0.00242378375891072,-0.0007646171341567087,0.00945181205508035,0.45652173913043476,0.5434782608695652,short,0.5434782608695652,0.008934185467756654
has_deal&has_attack,261,0.0009400011176185094,0.001162651069903653,0.013319600255030768,0.5862068965517241,0.41379310344827586,long,0.5862068965517241,0.008902245096571764
has_positive&exclamation_heavy,860,0.0005375998761827076,0.0007833857958760015,0.013080525910687018,0.5593023255813954,0.44069767441860463,long,0.5593023255813954,0.008817693742582048
pre_action&has_all_caps,20,0.003934995520976564,0.001502029970375185,0.0212376184817042,0.5,0.5,long,0.5,0.008798917476060798
has_deal&has_uppercase_phrase,127,0.001349148767781538,0.0013415471654707467,0.014963936298650865,0.5748031496062992,0.4251968503937008,long,0.5748031496062992,0.008739384371210239
high_emotion,72,0.0014808140428101768,0.0021813126056380305,0.009749230158019715,0.6944444444444444,0.3055555555555556,long,0.6944444444444444,0.00872578042789452
attack_heavy&deal_over_tariff,102,0.0014143360229262097,0.001551850580102876,0.011215088990647012,0.6078431372549019,0.39215686274509803,long,0.6078431372549019,0.008682488295871484
open_deal&volume_spike,38,-0.002627072267156843,-0.001635218377041503,0.012478736630728534,0.47368421052631576,0.5263157894736842,short,0.5263157894736842,0.008523347931827945
exclamation_heavy,900,0.0005026116129196584,0.00083420427002312,0.013275018345317566,0.5622222222222222,0.43777777777777777,long,0.5622222222222222,0.008477382537911572
has_exclamation&exclamation_heavy,900,0.0005026116129196584,0.00083420427002312,0.013275018345317566,0.5622222222222222,0.43777777777777777,long,0.5622222222222222,0.008477382537911572
has_china&pre_deal,80,0.001678891288536971,0.0010712338618205086,0.015257442909697659,0.5625,0.4375,long,0.5625,0.008446758858001982
has_market_brag&pre_deal,44,0.002151869615080883,0.001365302945680047,0.006545220914706547,0.5909090909090909,0.4090909090909091,long,0.5909090909090909,0.008434570312987933
positive_heavy&short_posts,282,0.0008854593080173576,0.0006336886822416732,0.01572953895982707,0.5602836879432624,0.4397163120567376,long,0.5602836879432624,0.008331076846090859
exclamation_heavy&short_posts,450,0.0006859788969741736,0.0006905044346620093,0.0146253359788515,0.5711111111111111,0.4288888888888889,long,0.5711111111111111,0.00831070031726238
has_relief&has_russia,33,0.0023865519592983406,0.0024280177746833775,0.01618162300303095,0.6060606060606061,0.3939393939393939,long,0.6060606060606061,0.008308907417822663
pre_deal&deal_only,95,0.0015170477577132343,0.0013757255543636049,0.014142953275244204,0.5578947368421052,0.4421052631578947,long,0.5578947368421052,0.00824922824001344
tariff_heavy&pre_tariff,43,-0.002575556095961573,7.258178414493166e-05,0.016612215335741774,0.5116279069767442,0.4883720930232558,short,0.4883720930232558,0.008248141071356857
has_action&has_market_brag,40,-0.0030619563893452355,0.0019731618509671867,0.02163062025761489,0.575,0.425,short,0.425,0.00823034284347083
has_positive&deal_only,187,0.0010297758020800748,0.0013757255543636049,0.013168017976633726,0.5828877005347594,0.41711229946524064,long,0.5828877005347594,0.008208208453330668
posts_high&deal_only,112,0.0012763056672611653,0.001725313273985063,0.0154183919320375,0.6071428571428571,0.39285714285714285,long,0.6071428571428571,0.00820076938172596
tariff_heavy&attack_heavy,29,-0.002571157418023262,-0.0010584151831672939,0.009708867660395047,0.41379310344827586,0.5862068965517241,short,0.5862068965517241,0.008116683086186505
has_deal&sig_potus,27,-0.002633808487018548,-0.0010969340964486207,0.008960166907444863,0.4074074074074074,0.5925925925925926,short,0.5925925925925926,0.008110026874528425
has_tariff&deal_heavy,86,0.00136983016671554,0.0012720899029904364,0.01124749760745941,0.627906976744186,0.37209302325581395,long,0.627906976744186,0.007976479627511914
has_deal&has_night_post,206,0.0009238721429860036,0.001409690277231035,0.014606709126138569,0.5970873786407767,0.4029126213592233,long,0.5970873786407767,0.007917414342933143
has_tariff&has_all_caps,71,0.0014463972068219616,0.003751234813537785,0.015554932298355889,0.647887323943662,0.352112676056338,long,0.647887323943662,0.007896165307387978
has_uppercase_phrase&short_posts,150,0.0010700639383572996,0.0017678270205576663,0.020017367867345433,0.6,0.4,long,0.6,0.00786333192338513
posts_very_high&open_tariff,40,-0.0027286744753514114,0.001564844691325673,0.020078517076671795,0.55,0.45,short,0.45,0.007765943701747898
pre_deal&volume_spike,41,0.002071897842184344,0.0009317492412306283,0.009930843172093019,0.5853658536585366,0.4146341463414634,long,0.5853658536585366,0.007765825926307546
pre_tariff&exclamation_heavy,164,0.001014595135586329,0.0014845124902305162,0.014954500650593585,0.5975609756097561,0.4024390243902439,long,0.5975609756097561,0.007764203816801468
has_deal&short_posts,163,0.0010109872597637432,0.001162651069903653,0.014337950208989652,0.6012269938650306,0.3987730061349693,long,0.6012269938650306,0.007760290092943485
has_tariff&exclamation_heavy,315,0.0007401874586769293,0.0012756828808564435,0.013507406291693124,0.5904761904761905,0.4095238095238095,long,0.5904761904761905,0.007757099991968937
posts_very_high&tariff_rising,22,-0.003627640772142403,0.0005210063958848155,0.022480257970715962,0.5454545454545454,0.45454545454545453,short,0.45454545454545453,0.0077341561130158006
has_deal&lots_of_excl,325,0.0007226729022844123,0.001071522174355355,0.012670779508936001,0.5876923076923077,0.4123076923076923,long,0.5876923076923077,0.00765655589344295
has_deal&has_exclamation,359,0.0006884533208341318,0.001162651069903653,0.012679574044671401,0.584958217270195,0.415041782729805,long,0.584958217270195,0.007630387077523498
has_deal,359,0.0006884533208341318,0.001162651069903653,0.012679574044671401,0.584958217270195,0.415041782729805,long,0.584958217270195,0.007630387077523498
pre_tariff,171,0.0009653519970194387,0.0012365569653400854,0.014658534987029275,0.6023391812865497,0.39766081871345027,long,0.6023391812865497,0.00760369816482719
has_tariff&pre_tariff,171,0.0009653519970194387,0.0012365569653400854,0.014658534987029275,0.6023391812865497,0.39766081871345027,long,0.6023391812865497,0.00760369816482719
pre_tariff&has_exclamation,171,0.0009653519970194387,0.0012365569653400854,0.014658534987029275,0.6023391812865497,0.39766081871345027,long,0.6023391812865497,0.00760369816482719
has_attack&has_uppercase_phrase,225,0.0008832302264521817,0.0013535590072402126,0.01631056723303321,0.5733333333333334,0.4266666666666667,long,0.5733333333333334,0.007595779947488762
has_night_post&tariff_rising,54,0.0016340899937753676,0.001175091856897792,0.008149147901350141,0.6296296296296297,0.37037037037037035,long,0.6296296296296297,0.007560630392792848
positive_heavy&pre_tariff,127,0.0011351182400360018,0.0014201029158569245,0.011040516375170468,0.5905511811023622,0.4094488188976378,long,0.5905511811023622,0.007554409194396815
open_deal&has_uppercase_phrase,61,-0.0018435359685234126,-0.00019993032368359476,0.010510898387334069,0.47540983606557374,0.5245901639344263,short,0.5245901639344263,0.007553298990521832
has_all_caps&exclamation_heavy,180,0.0009631683227223051,0.0020703651143020307,0.017003021232151742,0.5833333333333334,0.4166666666666667,long,0.5833333333333334,0.007537984451835353
has_action&tariff_rising,25,0.0026851240955146284,0.0015921101716727115,0.021666777173342325,0.56,0.44,long,0.56,0.00751834746744096
has_market_brag&has_iran,30,0.002051082045569182,0.002350184176085568,0.006810835054579981,0.6666666666666666,0.3333333333333333,long,0.6666666666666666,0.007489492691013868
has_china&deal_only,66,0.0015908971140616963,0.0019340176193245462,0.017434805440888265,0.5757575757575758,0.42424242424242425,long,0.5757575757575758,0.0074413841150537275
open_tariff&has_all_caps,22,-0.0031661025097567256,0.002252124797527455,0.023585534723189576,0.5,0.5,short,0.5,0.00742516855448973
has_action&open_deal,45,0.0017779935689909542,0.002908158040315856,0.010185119013464302,0.6222222222222222,0.37777777777777777,long,0.6222222222222222,0.007421333703132974
attack_heavy&has_all_caps,92,0.0014203754626499307,0.0010265408781545693,0.012610500285296571,0.5434782608695652,0.45652173913043476,long,0.5434782608695652,0.007404218933387419
sig_potus&has_uppercase_phrase,34,-0.002270759381841233,-0.0007646171341567087,0.019036278737252756,0.4411764705882353,0.5588235294117647,short,0.5588235294117647,0.007399208402512139
has_all_caps&lots_of_excl,177,0.0009536031202333681,0.0020846350796801527,0.017145998922333764,0.5819209039548022,0.4180790960451977,long,0.5819209039548022,0.007382751575429506
open_tariff&tariff_rising,46,-0.0022739626662989015,0.0004915934689373458,0.018514412394210134,0.5217391304347826,0.4782608695652174,short,0.4782608695652174,0.007376105082330944
has_positive&tariff_rising,104,0.0012696510588303882,0.0010739725815769319,0.013107442683240397,0.5673076923076923,0.4326923076923077,long,0.5673076923076923,0.007345472229641606
has_tariff&has_night_post,186,0.0008962375303955732,0.0016511253088257183,0.012729188882704542,0.5967741935483871,0.4032258064516129,long,0.5967741935483871,0.007294400975453714
open_deal&has_all_caps,32,-0.0020601749192342977,-0.0013361134008567643,0.010979558605560213,0.375,0.625,short,0.625,0.007283818279105099
has_attack&tariff_rising,75,0.0016090731357050563,0.00017586919155743175,0.01414048566800116,0.52,0.48,long,0.52,0.0072461907027518545
lots_of_excl&volume_drop,65,0.0014960983009001394,0.0009514170090862972,0.012258951012421386,0.6,0.4,long,0.6,0.0072371580711890655
has_tariff,329,0.0006707383657516068,0.0012318625699112573,0.013251505094768197,0.5927051671732523,0.4072948328267477,long,0.5927051671732523,0.007210905610689823
has_tariff&has_exclamation,328,0.0006704710945191419,0.0012342097676256714,0.013271750979493398,0.5914634146341463,0.40853658536585363,long,0.5914634146341463,0.0071819911772116884
posts_high&uppercase_phrase_heavy,51,-0.00244134112335885,0.0031586327691348615,0.024003360851359408,0.5882352941176471,0.4117647058823529,short,0.4117647058823529,0.00717897884205173
has_night_post&all_caps_heavy,26,-0.003047916485279215,0.0014214603659952196,0.02711308581768551,0.5384615384615384,0.46153846153846156,short,0.46153846153846156,0.00717294721580301
attack_heavy&deal_only,76,0.0012756930826968993,0.0022494797707411918,0.011345983543197562,0.631578947368421,0.3684210526315789,long,0.631578947368421,0.0070239375542522015
has_attack&has_iran,86,0.0011587475942629077,0.002086793019264621,0.008950808542958936,0.6511627906976745,0.3488372093023256,long,0.6511627906976745,0.006997254125802192
positive_heavy&has_russia,231,0.0008235910601228001,0.0009317492412306283,0.012477806164099553,0.5584415584415584,0.44155844155844154,long,0.5584415584415584,0.00699029242810347
has_iran&lots_of_excl,109,0.001053811489824975,0.0013415471654707467,0.008428797755549344,0.6330275229357798,0.3669724770642202,long,0.6330275229357798,0.006964641577894719
attack_heavy&china_streak_3d,24,-0.00284101899651495,9.753290572978024e-05,0.012186623897220522,0.5,0.5,short,0.5,0.006959046891015527
posts_low&high_emotion,58,0.0012841436311328204,0.0024171023259585978,0.010548066996328157,0.7068965517241379,0.29310344827586204,long,0.7068965517241379,0.006913269098826863
deal_only&volume_spike,32,0.0019222883247584366,0.0008204261699311655,0.014567815455875778,0.625,0.375,long,0.625,0.006796315549162094
has_tariff&pre_action,26,0.002288674045368272,0.002476355392737939,0.013614387534462381,0.5769230769230769,0.4230769230769231,long,0.5769230769230769,0.006732688625530475
has_attack&brag_heavy,31,0.0020696849780413216,0.001453279024245635,0.006536216032330401,0.5806451612903226,0.41935483870967744,long,0.5806451612903226,0.006691075120465029
has_russia&volume_spike,75,0.0013396345166539476,0.0009277662125786179,0.014155854899927602,0.5733333333333334,0.4266666666666667,long,0.5733333333333334,0.00665156979973049
has_relief&has_all_caps,29,-0.0023867970837729846,-0.0005925944462060739,0.028614597739868332,0.4827586206896552,0.5172413793103449,short,0.5172413793103449,0.006648256374468383
volume_drop,326,0.0006444390773858545,0.0007577620246940198,0.012225454482771937,0.5674846625766872,0.4325153374233129,long,0.5674846625766872,0.006603053188499405
has_tariff&has_relief,42,0.0016810157194350247,0.0010490030850617282,0.012414923789142303,0.5952380952380952,0.40476190476190477,long,0.5952380952380952,0.006484658921194008
has_all_caps&uppercase_phrase_heavy,42,-0.0026232316236698286,0.0043480079476672095,0.026037938991844096,0.6190476190476191,0.38095238095238093,short,0.38095238095238093,0.006476374836140034
deal_heavy&has_russia,66,0.0012182050199316295,0.0025331103638475128,0.010027944875522644,0.6515151515151515,0.3484848484848485,long,0.6515151515151515,0.006447878905541357
has_action&has_china,88,0.0012549448210993277,0.0015150043733992424,0.02409525231625282,0.5454545454545454,0.45454545454545453,long,0.5454545454545454,0.0064213232362833605
has_market_brag&has_all_caps,48,-0.0019333670005059315,0.0007979860537071781,0.01953246089140613,0.5208333333333334,0.4791666666666667,short,0.4791666666666667,0.006418322259560524
posts_very_high&has_deal,138,0.0009427752724275463,0.0010297387576959638,0.016319552677977415,0.572463768115942,0.427536231884058,long,0.572463768115942,0.006340094500765276
has_positive&brag_heavy,38,0.001772936128771873,0.0015578114779446484,0.006313653721738456,0.5789473684210527,0.42105263157894735,long,0.5789473684210527,0.006327380804435808
brag_heavy&exclamation_heavy,38,0.001772936128771873,0.0015578114779446484,0.006313653721738456,0.5789473684210527,0.42105263157894735,long,0.5789473684210527,0.006327380804435808
brag_heavy&lots_of_excl,38,0.001772936128771873,0.0015578114779446484,0.006313653721738456,0.5789473684210527,0.42105263157894735,long,0.5789473684210527,0.006327380804435808
brag_heavy&has_exclamation,38,0.001772936128771873,0.0015578114779446484,0.006313653721738456,0.5789473684210527,0.42105263157894735,long,0.5789473684210527,0.006327380804435808
brag_heavy,38,0.001772936128771873,0.0015578114779446484,0.006313653721738456,0.5789473684210527,0.42105263157894735,long,0.5789473684210527,0.006327380804435808
has_market_brag&brag_heavy,38,0.001772936128771873,0.0015578114779446484,0.006313653721738456,0.5789473684210527,0.42105263157894735,long,0.5789473684210527,0.006327380804435808
has_deal&open_tariff,67,-0.001605266487453289,0.0005031528617669423,0.012616346882366503,0.5223880597014925,0.47761194029850745,short,0.47761194029850745,0.006275664474110917
positive_heavy&lots_of_excl,605,0.000460635413273861,0.0008661436002121992,0.01335180170593597,0.5537190082644629,0.4462809917355372,long,0.5537190082644629,0.006273710044901106
pre_relief&short_posts,24,-0.0021938498104582447,-0.0016266354843072484,0.03811474065438076,0.4166666666666667,0.5833333333333334,short,0.5833333333333334,0.006269448042578338
posts_low&volume_drop,250,0.0007062756557640455,0.0006678776376400908,0.011845902228724742,0.56,0.44,long,0.56,0.006253631238801558
posts_low&has_night_post,23,0.0027208810915365306,-0.0004729570906678582,0.015564968315880346,0.4782608695652174,0.5217391304347826,long,0.4782608695652174,0.00624077219172785
uppercase_phrase_heavy&exclamation_heavy,54,-0.0020688558216806216,0.003454933791336323,0.023404490326697915,0.5925925925925926,0.4074074074074074,short,0.4074074074074074,0.006193783584393713
uppercase_phrase_heavy&lots_of_excl,54,-0.0020688558216806216,0.003454933791336323,0.023404490326697915,0.5925925925925926,0.4074074074074074,short,0.4074074074074074,0.006193783584393713
uppercase_phrase_heavy,54,-0.0020688558216806216,0.003454933791336323,0.023404490326697915,0.5925925925925926,0.4074074074074074,short,0.4074074074074074,0.006193783584393713
uppercase_phrase_heavy&has_exclamation,54,-0.0020688558216806216,0.003454933791336323,0.023404490326697915,0.5925925925925926,0.4074074074074074,short,0.4074074074074074,0.006193783584393713
has_uppercase_phrase&uppercase_phrase_heavy,54,-0.0020688558216806216,0.003454933791336323,0.023404490326697915,0.5925925925925926,0.4074074074074074,short,0.4074074074074074,0.006193783584393713
has_china&open_tariff,58,-0.0017341072228732755,0.0005729700604443222,0.012051945781825604,0.5344827586206896,0.46551724137931033,short,0.46551724137931033,0.006147884708057782
posts_very_high&uppercase_phrase_heavy,45,-0.002290515848664512,0.003751234813537785,0.025312418068908007,0.6,0.4,short,0.4,0.006146098969385364
tariff_heavy&tariff_only,24,-0.003343194726941089,0.0018327209013692114,0.021584385620838573,0.625,0.375,short,0.375,0.006141840893826755
has_russia&short_posts,141,0.0009587285505711172,0.000315801794623205,0.013830899822131081,0.5390070921985816,0.46099290780141844,long,0.5390070921985816,0.00613620268890037
uppercase_phrase_heavy&short_posts,38,-0.002891928958662158,0.005170257222272823,0.027396033993950807,0.6578947368421053,0.34210526315789475,short,0.34210526315789475,0.00609872673128396
posts_high&tariff_rising,48,-0.0019203436590226701,0.0005210063958848155,0.01667357649572808,0.5416666666666666,0.4583333333333333,short,0.4583333333333333,0.006097910106603312
short_posts&volume_drop,83,0.0010582202038100371,0.001204615596159142,0.013403728358851626,0.6265060240963856,0.37349397590361444,long,0.6265060240963856,0.006040047394022097
short_posts&volume_spike,102,0.0010251808147646166,0.0007552304724907088,0.01732651661113866,0.5784313725490197,0.4215686274509804,long,0.5784313725490197,0.00598897356259146
has_all_caps&deal_over_tariff,57,0.0014042133579637056,0.0013415471654707467,0.010322003146597293,0.5614035087719298,0.43859649122807015,long,0.5614035087719298,0.005951763292306839
positive_heavy&exclamation_heavy,624,0.00042705275126350624,0.00083420427002312,0.013194044666860265,0.5560897435897436,0.4439102564102564,long,0.5560897435897436,0.005932239879277825
has_positive&positive_heavy,626,0.0004251712985831995,0.00083420427002312,0.013173155799650806,0.5559105431309904,0.4440894568690096,long,0.5559105431309904,0.00591365544278127
positive_heavy,626,0.0004251712985831995,0.00083420427002312,0.013173155799650806,0.5559105431309904,0.4440894568690096,long,0.5559105431309904,0.00591365544278127
positive_heavy&has_exclamation,626,0.0004251712985831995,0.00083420427002312,0.013173155799650806,0.5559105431309904,0.4440894568690096,long,0.5559105431309904,0.00591365544278127
attack_heavy&pre_deal,76,0.001195893720946797,0.0012152462813397324,0.010259037902779208,0.5657894736842105,0.4342105263157895,long,0.5657894736842105,0.005898671965877434
positive_heavy&pre_relief,26,0.0022997938736349023,-4.6525586553436415e-05,0.03705696742993442,0.5,0.5,long,0.5,0.005863346919452753
attack_heavy&has_uppercase_phrase,138,0.0009147958424645518,0.0008204261699311655,0.013205147829216364,0.5434782608695652,0.45652173913043476,long,0.5434782608695652,0.005840444514066758
has_russia&uppercase_phrase_heavy,29,0.001744746873941584,0.005047606675254723,0.01181585385705548,0.6206896551724138,0.3793103448275862,long,0.6206896551724138,0.005831844494218857
positive_heavy&all_caps_heavy,28,-0.0023713756996366553,0.0014214603659952196,0.026394390872514748,0.5357142857142857,0.4642857142857143,short,0.4642857142857143,0.005825922483030364
has_deal&exclamation_heavy,344,0.0005348397920091722,0.001117086622129504,0.012775973192066359,0.5872093023255814,0.4127906976744186,long,0.5872093023255814,0.005824999057181824
posts_very_high&has_action,88,0.0011622653160455161,0.0008204261699311655,0.02362635276754693,0.5340909090909091,0.4659090909090909,long,0.5340909090909091,0.005823201252440324
has_deal&pre_tariff,75,0.0010718753804597162,0.0012318625699112573,0.012437622196004094,0.6266666666666667,0.37333333333333335,long,0.6266666666666667,0.005817166870793807
has_deal&has_china,156,0.0007979027587926041,0.0014711991607736508,0.014092366003567162,0.5833333333333334,0.4166666666666667,long,0.5833333333333334,0.005813384653505768
has_all_caps&china_streak_3d,22,0.0020812964471682623,0.0008319257601463459,0.01413247038129653,0.5909090909090909,0.4090909090909091,long,0.5909090909090909,0.0057685406153005865
has_relief&volume_spike,21,-0.0026152272039511476,5.623169212687351e-05,0.03330442829650742,0.5238095238095238,0.47619047619047616,short,0.47619047619047616,0.005706893629339928
has_action&has_iran,31,0.0016717083267913998,0.0017507533144689447,0.009580949893899345,0.6129032258064516,0.3870967741935484,long,0.6129032258064516,0.0057047058997468335
positive_heavy&has_all_caps,146,0.00083862171519391,0.001763261021186735,0.01636002727479636,0.5616438356164384,0.4383561643835616,long,0.5616438356164384,0.005691195812395242
attack_heavy&all_caps_heavy,25,0.0020174564840818167,0.0027098425110787527,0.013626156577695206,0.56,0.44,long,0.56,0.0056488781554290875
has_iran&has_night_post,70,0.0010949319802901973,0.002086793019264621,0.010001285036986185,0.6142857142857143,0.38571428571428573,long,0.6142857142857143,0.005627384320907427
has_positive&has_russia,290,0.0006008754076925823,0.0006619974049540955,0.012104697399162501,0.5448275862068965,0.45517241379310347,long,0.5448275862068965,0.005574969783138358
posts_very_high&has_russia,121,0.0008752782827335102,0.0011409766124783616,0.014487821735409414,0.5785123966942148,0.4214876033057851,long,0.5785123966942148,0.005569952708304155
attack_heavy&volume_spike,90,0.0011178019392517205,0.00015447370623455914,0.013615980290145607,0.5222222222222223,0.4777777777777778,long,0.5222222222222223,0.005537853491548819
has_deal&has_relief,52,0.0012854820110107907,0.0010490030850617282,0.01952172107345838,0.5961538461538461,0.40384615384615385,long,0.5961538461538461,0.00552619270907558
has_china&uppercase_phrase_heavy,37,-0.002099428835260624,0.0027098425110787527,0.022901722468453786,0.5675675675675675,0.43243243243243246,short,0.43243243243243246,0.005522303590984198
has_iran,121,0.0007888399161100536,0.001617908278173541,0.009122882722948972,0.6363636363636364,0.36363636363636365,long,0.6363636363636364,0.0055218794127703755
tariff_heavy&tariff_rising,31,-0.0021732218664031835,0.0008661436002121992,0.018544365104773884,0.5483870967741935,0.45161290322580644,short,0.45161290322580644,0.005464510375611493
posts_very_high&has_china,130,0.000885853221882524,0.0005181125261805031,0.020429098565023233,0.5384615384615384,0.46153846153846156,long,0.5384615384615384,0.005438612705267257
has_tariff&open_deal,71,-0.0013030827927217028,7.258178414493166e-05,0.011501756556690168,0.5070422535211268,0.49295774647887325,short,0.49295774647887325,0.005412661651285489
posts_very_high&short_posts,147,0.000760042367838127,0.002353711326488428,0.021600174813074552,0.5850340136054422,0.41496598639455784,long,0.5850340136054422,0.005391102463907177
positive_heavy&china_streak_3d,59,0.0011187637882827612,0.0017621539947350051,0.01341498312309786,0.6271186440677966,0.3728813559322034,long,0.6271186440677966,0.005389073651928605
tariff_heavy&exclamation_heavy,56,-0.0016074790248439077,0.0009568017770663628,0.01520467758633525,0.5535714285714286,0.44642857142857145,short,0.44642857142857145,0.005370210506599447
has_tariff&tariff_heavy,56,-0.0016074790248439077,0.0009568017770663628,0.01520467758633525,0.5535714285714286,0.44642857142857145,short,0.44642857142857145,0.005370210506599447
tariff_heavy,56,-0.0016074790248439077,0.0009568017770663628,0.01520467758633525,0.5535714285714286,0.44642857142857145,short,0.44642857142857145,0.005370210506599447
tariff_heavy&has_exclamation,56,-0.0016074790248439077,0.0009568017770663628,0.01520467758633525,0.5535714285714286,0.44642857142857145,short,0.44642857142857145,0.005370210506599447
has_iran&open_tariff,20,-0.0019943784518465734,-0.0016931045787076382,0.009396905674701177,0.4,0.6,short,0.6,0.005351478949427675
has_positive&has_uppercase_phrase,280,0.0005585187905447455,0.001305022045297588,0.01609316822486955,0.5678571428571428,0.43214285714285716,long,0.5678571428571428,0.005307083216613892
has_tariff&positive_heavy,251,0.0005866582845826925,0.001071522174355355,0.011580951851206467,0.5697211155378487,0.4302788844621514,long,0.5697211155378487,0.005295224588361618
posts_low&has_uppercase_phrase,26,0.0014932679250255338,0.0017712800024649589,0.010122508190879986,0.6923076923076923,0.3076923076923077,long,0.6923076923076923,0.005271370815272818
has_iran&short_posts,50,0.0011291008835453175,0.0008102211105665003,0.010533334017189238,0.66,0.34,long,0.66,0.005269406283230868
has_china&has_russia,132,0.0008520745665529819,0.0009557002875755227,0.01245804435305428,0.5378787878787878,0.4621212121212121,long,0.5378787878787878,0.0052656135851978664
has_relief&deal_only,22,0.0017605500293134781,0.0032746315793708014,0.026933522136076585,0.6363636363636364,0.36363636363636365,long,0.6363636363636364,0.005254907384013343
tariff_heavy&lots_of_excl,55,-0.0016216533129183837,0.0010474599539205265,0.01534444242713378,0.5636363636363636,0.43636363636363634,short,0.43636363636363634,0.005247928514556649
has_russia&lots_of_excl,278,0.0005622995468643028,0.0007714501957600817,0.012188451420420734,0.5575539568345323,0.44244604316546765,long,0.5575539568345323,0.005227295285740153
has_iran&has_exclamation,120,0.0007502542122317259,0.0014797277218221438,0.009151213587235819,0.6333333333333333,0.36666666666666664,long,0.6333333333333333,0.005205127974766071
uppercase_phrase_heavy&volume_spike,27,-0.002412957695204509,0.0027098425110787527,0.026134854644133888,0.5925925925925926,0.4074074074074074,short,0.4074074074074074,0.0051081131745215076
positive_heavy&brag_heavy,34,0.001641093530463244,0.00010492695434138888,0.00662949973212468,0.5294117647058824,0.47058823529411764,long,0.5294117647058824,0.00506601393409748
has_attack&pre_relief,22,0.0018241605904505106,0.0023700735286149577,0.04107257935380487,0.5909090909090909,0.4090909090909091,long,0.5909090909090909,0.005055860480212389
pre_tariff&tariff_only,96,0.0008821306037067218,0.0013366878198682874,0.01624789710738081,0.5833333333333334,0.4166666666666667,long,0.5833333333333334,0.005041796353007745
has_market_brag&deal_over_tariff,49,0.001125904155945288,0.0014559207541648966,0.0077922694628435,0.6326530612244898,0.3673469387755102,long,0.6326530612244898,0.0049861469763291325
attack_heavy&uppercase_phrase_heavy,44,0.0013137850240115343,0.003230538662308269,0.011029274322801291,0.5681818181818182,0.4318181818181818,long,0.5681818181818182,0.0049515136134480895
has_attack&sig_potus,54,-0.0012452998283856709,-0.00048586114580395634,0.010293308498887054,0.46296296296296297,0.5370370370370371,short,0.5370370370370371,0.004914451418516124
deal_heavy&attack_heavy,80,0.0009030136134327308,0.0009211771974801941,0.010058753961227922,0.6,0.4,long,0.6,0.0048460795781839275
has_deal&has_positive,344,0.0004530300003454975,0.0009718834013510147,0.012767409485569835,0.5755813953488372,0.42441860465116277,long,0.5755813953488372,0.004836296646879356
attack_heavy&short_posts,132,0.0007265986417302253,0.0010535548635197678,0.014160362871463286,0.5757575757575758,0.42424242424242425,long,0.5757575757575758,0.004806414358173678
has_positive&volume_drop,112,0.0007472848817461918,0.00114192654543821,0.012181170112514935,0.6071428571428571,0.39285714285714285,long,0.6071428571428571,0.004801601320788355
pre_tariff&has_night_post,100,0.0007855028878731985,0.0018207783926704746,0.012932447895544161,0.61,0.39,long,0.61,0.00479156761602651
posts_high&open_tariff,65,-0.001286783079383557,0.0006427872591217021,0.01773224159740962,0.5384615384615384,0.46153846153846156,short,0.46153846153846156,0.004788173931756715
open_tariff&has_exclamation,118,-0.0009789280549299705,0.0007896888224843135,0.015342563323780582,0.5508474576271186,0.4491525423728814,short,0.4491525423728814,0.004776234496620665
short_posts&deal_only,99,0.0008302078281402121,0.0011890499458222514,0.014966180686242286,0.5757575757575758,0.42424242424242425,long,0.5757575757575758,0.004756024492289266
has_deal&has_all_caps,80,0.0009176100504918905,0.0015389178004793225,0.0107464498112556,0.575,0.425,long,0.575,0.004719228434394827
has_deal&has_russia,138,0.0006427140203181843,0.001531694703040487,0.012030621000399108,0.6231884057971014,0.37681159420289856,long,0.6231884057971014,0.004705184761972162
has_tariff&volume_spike,75,0.0009916266653825308,0.0005031528617669423,0.011443453832452873,0.5466666666666666,0.4533333333333333,long,0.5466666666666666,0.004694630561992564
has_china&has_all_caps,86,0.0008884609352694309,0.002194012116848554,0.020235004170286664,0.5697674418604651,0.43023255813953487,long,0.5697674418604651,0.004694455120118143
open_tariff,119,-0.0009643286315271968,0.0007584033300001014,0.015278244233577048,0.5546218487394958,0.44537815126050423,short,0.44537815126050423,0.004685192617959941
has_tariff&open_tariff,119,-0.0009643286315271968,0.0007584033300001014,0.015278244233577048,0.5546218487394958,0.44537815126050423,short,0.44537815126050423,0.004685192617959941
posts_high&brag_heavy,29,0.00168127007447848,3.398471712534601e-05,0.006921511292388684,0.5172413793103449,0.4827586206896552,long,0.5172413793103449,0.004683060225708578
has_uppercase_phrase&volume_drop,28,0.0015290896869552182,0.0016480859565484174,0.01631324995198881,0.5714285714285714,0.42857142857142855,long,0.5714285714285714,0.004623532621710985
posts_high&has_deal,223,0.0005305750587453395,0.001012017561471401,0.014172254160076277,0.5829596412556054,0.4170403587443946,long,0.5829596412556054,0.0046188914045992785
has_russia,301,0.0004914353462658346,0.0005038772720600271,0.011973824870076182,0.5415282392026578,0.4584717607973422,long,0.5415282392026578,0.0046171155794932734
has_russia&has_exclamation,301,0.0004914353462658346,0.0005038772720600271,0.011973824870076182,0.5415282392026578,0.4584717607973422,long,0.5415282392026578,0.0046171155794932734
open_deal&has_night_post,81,-0.0010641032805141894,5.623169212687351e-05,0.010987232035758885,0.5185185185185185,0.48148148148148145,short,0.48148148148148145,0.0046111142155614866
has_uppercase_phrase&volume_spike,83,0.0008330303881593149,0.001012017561471401,0.019576441952642493,0.6024096385542169,0.39759036144578314,long,0.6024096385542169,0.004571848205261586
has_tariff&uppercase_phrase_heavy,29,0.0012249450170494598,0.005600317169601965,0.02020331510862226,0.6896551724137931,0.3103448275862069,long,0.6896551724137931,0.00454933158378588
has_relief&has_action,26,0.0015445519574631224,0.0028251881673959645,0.03734258181051524,0.5769230769230769,0.4230769230769231,long,0.5769230769230769,0.004543673406266765
open_tariff&volume_spike,31,-0.0015740820674353172,-0.000369225702197995,0.01223171140240782,0.4838709677419355,0.5161290322580645,short,0.5161290322580645,0.004523415762186406
has_tariff&china_streak_3d,21,0.0014796654686785777,0.003751234813537785,0.01257458287472952,0.6666666666666666,0.3333333333333333,long,0.6666666666666666,0.004520452675621261
attack_heavy&has_exclamation,277,0.00048713657804809127,0.0009106051537297599,0.012023781085334676,0.555956678700361,0.44404332129963897,long,0.555956678700361,0.004507456844249094
has_attack&attack_heavy,277,0.00048713657804809127,0.0009106051537297599,0.012023781085334676,0.555956678700361,0.44404332129963897,long,0.555956678700361,0.004507456844249094
attack_heavy,277,0.00048713657804809127,0.0009106051537297599,0.012023781085334676,0.555956678700361,0.44404332129963897,long,0.555956678700361,0.004507456844249094
attack_heavy&exclamation_heavy,277,0.00048713657804809127,0.0009106051537297599,0.012023781085334676,0.555956678700361,0.44404332129963897,long,0.555956678700361,0.004507456844249094
has_iran&exclamation_heavy,115,0.0006702746272538756,0.0013415471654707467,0.00932909278636499,0.6260869565217392,0.3739130434782609,long,0.6260869565217392,0.0045002470518412056
has_market_brag&has_uppercase_phrase,67,-0.001188161499501699,0.0005031528617669423,0.0177499977659279,0.5373134328358209,0.4626865671641791,short,0.4626865671641791,0.004499867936189987
attack_heavy&has_positive,274,0.0004890116505533758,0.0008883743769709795,0.012079902464349252,0.5547445255474452,0.44525547445255476,long,0.5547445255474452,0.004490425678326286
posts_very_high&has_attack,200,0.0005669296316350014,0.001094218283199444,0.017922917929088494,0.56,0.44,long,0.56,0.004489853614228652
has_tariff&attack_heavy,113,0.0007453322428032089,0.0009444586571358826,0.012131508525492564,0.5663716814159292,0.4336283185840708,long,0.5663716814159292,0.0044873574059784245
attack_heavy&has_market_brag,73,0.0008667527197076735,0.0016623439316436617,0.009144671434180983,0.6027397260273972,0.3972602739726027,long,0.6027397260273972,0.004463612236597901
has_night_post,489,0.00035838826790559816,0.0010792374947172778,0.014549123499784199,0.5623721881390593,0.4376278118609407,long,0.5623721881390593,0.004456891366001091
has_russia&exclamation_heavy,294,0.0004742784397177421,0.0006619974049540955,0.011885601943109099,0.5476190476190477,0.4523809523809524,long,0.5476190476190477,0.00445333733102864
has_positive&has_iran,116,0.0006519370427830557,0.0014797277218221438,0.009265077715630596,0.6293103448275862,0.3706896551724138,long,0.6293103448275862,0.004418750941485753
has_deal&positive_heavy,275,0.00045943184447365306,0.001071522174355355,0.013445792395929345,0.5781818181818181,0.4218181818181818,long,0.5781818181818181,0.004405060438777161
positive_heavy&open_deal,111,-0.0008639357207824746,7.258178414493166e-05,0.010647672270411435,0.5225225225225225,0.4774774774774775,short,0.4774774774774775,0.004346060935143487
open_tariff&exclamation_heavy,114,-0.0009081739843415746,0.0008738239465471143,0.015555852448349458,0.5526315789473685,0.4473684210526316,short,0.4473684210526316,0.004337972627727864
has_positive&open_deal,131,-0.0007996995796780204,0.0002890760711180551,0.010758513062216927,0.5267175572519084,0.4732824427480916,short,0.4732824427480916,0.0043319447546238425
deal_heavy&volume_spike,46,-0.0013339483148514326,0.00011605044184215263,0.012452278493773148,0.5217391304347826,0.4782608695652174,short,0.4782608695652174,0.004326958876926925
deal_heavy&has_iran,39,0.0011200030585324884,0.0008986100931438479,0.009651970638077255,0.6153846153846154,0.38461538461538464,long,0.6153846153846154,0.0043042565284526
has_relief&has_night_post,61,-0.0012423543718272068,0.0008661436002121992,0.024764800844044307,0.5573770491803278,0.4426229508196721,short,0.4426229508196721,0.004294813793573209
deal_over_tariff&volume_spike,50,0.001003711222268906,0.0006717254572353726,0.01465207706909465,0.6,0.4,long,0.6,0.004258386069716289
has_night_post&has_exclamation,486,0.000344872986864047,0.0010753798345363164,0.014592029814530479,0.5596707818930041,0.4403292181069959,long,0.5596707818930041,0.004255101732168941
lots_of_excl&tariff_rising,97,0.0007551389157653495,0.001068707668436586,0.01634796046957391,0.5670103092783505,0.4329896907216495,long,0.5670103092783505,0.0042170007124602855
posts_very_high&pre_tariff,55,-0.0013478503530262819,0.0012318625699112573,0.020267765048023117,0.5818181818181818,0.41818181818181815,short,0.41818181818181815,0.004180114404104217
posts_high&has_tariff,173,0.0005246095900196073,0.0012684969251244294,0.014569479877295712,0.6011560693641619,0.3988439306358382,long,0.6011560693641619,0.004148074168731789
volume_spike,177,0.0005466543606146666,0.0008761131291423752,0.015201451272729028,0.5649717514124294,0.4350282485875706,long,0.5649717514124294,0.004108905788464403
has_china&lots_of_excl,281,0.0004352293061358156,0.0009836343625724275,0.01622601247215022,0.5622775800711743,0.4377224199288256,long,0.5622775800711743,0.004102249378287056
has_night_post&lots_of_excl,435,0.0003444473884492763,0.0013415471654707467,0.014727284883257592,0.5701149425287356,0.4298850574712644,long,0.5701149425287356,0.004095717074936932
attack_heavy&lots_of_excl,275,0.0004467893585472133,0.0008661436002121992,0.012055876341497806,0.5527272727272727,0.44727272727272727,long,0.5527272727272727,0.004095246631253648
positive_heavy&has_uppercase_phrase,220,0.0004977687949497494,0.0009718834013510147,0.01657486458736671,0.55,0.45,long,0.55,0.004060707402432739
has_night_post&sig_potus,41,-0.0012301060828992611,-9.401025965849463e-05,0.008701328159103548,0.4878048780487805,0.5121951219512195,short,0.5121951219512195,0.004034316184257138
has_positive&sig_potus,61,-0.0010108944844990427,-9.401025965849463e-05,0.009960271637475475,0.4918032786885246,0.5081967213114754,short,0.5081967213114754,0.004012385047835552
has_market_brag&tariff_rising,30,0.0012725651169426513,0.0004834050653739208,0.0060013579689783625,0.5666666666666667,0.43333333333333335,long,0.5666666666666667,0.003949738182514242
has_uppercase_phrase&tariff_rising,31,-0.0013704495624124369,-9.401025965849463e-05,0.018485119075525414,0.4838709677419355,0.5161290322580645,short,0.5161290322580645,0.003938240121112755
has_deal&attack_heavy,151,0.0005445248075363144,0.0010474599539205265,0.012258312515280355,0.5827814569536424,0.41721854304635764,long,0.5827814569536424,0.0038995264342112277
has_night_post&has_all_caps,111,0.0006308739102985865,0.0022045770199778936,0.016573859626037076,0.5855855855855856,0.4144144144144144,long,0.5855855855855856,0.003892193605765063
has_market_brag&deal_only,35,0.0010906841687699747,0.0014559207541648966,0.008378977526977239,0.6,0.4,long,0.6,0.003871544736364114
posts_very_high&has_positive,223,0.0004697053038272497,0.001012017561471401,0.018075981448071828,0.5515695067264574,0.4484304932735426,long,0.5515695067264574,0.0038688166131949655
has_russia&tariff_rising,33,-0.0011931704966774896,-0.0010521566439205543,0.010083548677561463,0.45454545454545453,0.5454545454545454,short,0.5454545454545454,0.003738677817908036
pre_tariff&short_posts,74,0.0006522592694307739,0.0013123592560080333,0.01730949255827782,0.6621621621621622,0.33783783783783783,long,0.6621621621621622,0.0037153563960847084
open_deal&exclamation_heavy,133,-0.0006845533725344115,0.00048707205438569545,0.010722200542633356,0.5338345864661654,0.46616541353383456,short,0.46616541353383456,0.0036802149347748723
has_tariff&has_uppercase_phrase,104,0.0006460403334088524,0.001668396405293593,0.013542443493075275,0.5576923076923077,0.4423076923076923,long,0.5576923076923077,0.0036742690666143104
has_all_caps&deal_only,40,0.0010030956904077764,0.0014603197224902775,0.00996105854971595,0.575,0.425,long,0.575,0.0036478771567058413
has_relief&attack_heavy,45,0.0009652770482801899,0.0013415471654707467,0.016776255742272074,0.5555555555555556,0.4444444444444444,long,0.5555555555555556,0.003597375161791419
has_china&tariff_only,44,0.0009130999332938014,0.0020915267755500233,0.011058269856785704,0.5909090909090909,0.4090909090909091,long,0.5909090909090909,0.0035790298520766445
has_exclamation&volume_spike,153,0.0005084716129623321,0.0007091030986317026,0.01590991816259369,0.5620915032679739,0.43790849673202614,long,0.5620915032679739,0.003535244439940812
has_uppercase_phrase&tariff_only,44,0.0008309775636698435,0.0027032672454924134,0.017135632579121717,0.6363636363636364,0.36363636363636365,long,0.6363636363636364,0.0035076882755046817
has_china&has_night_post,186,-0.0005483593472169523,0.0004192225440524666,0.01799345957855839,0.532258064516129,0.46774193548387094,short,0.46774193548387094,0.0034980662574995995
has_uppercase_phrase&has_exclamation,294,0.00035577109803120843,0.001305022045297588,0.016807938622142832,0.5680272108843537,0.43197278911564624,long,0.5680272108843537,0.0034650816298292296
posts_very_high&attack_heavy,157,0.0005154446040390747,0.0007115345908383919,0.01417272035171547,0.535031847133758,0.46496815286624205,long,0.535031847133758,0.003455504456486815
has_attack&all_caps_heavy,28,-0.0015212555891476822,0.0033281424892501743,0.02670548743475999,0.5714285714285714,0.42857142857142855,short,0.42857142857142855,0.003449883402387271
attack_heavy&open_tariff,41,0.0010025441244715058,0.0005031528617669423,0.011361400684846977,0.5365853658536586,0.4634146341463415,long,0.5365853658536586,0.003444563922316748
has_action&has_uppercase_phrase,88,0.000702339982633679,0.0003961144664424987,0.022978918321447453,0.5227272727272727,0.4772727272727273,long,0.5227272727272727,0.003444005910721809
tariff_heavy&volume_spike,24,-0.0012889308175114966,-0.0007138204426826444,0.008838556517779247,0.4583333333333333,0.5416666666666666,short,0.5416666666666666,0.0034203247180391756
has_positive&all_caps_heavy,30,-0.001433062766114727,0.002934237640106807,0.02579765012722367,0.5666666666666667,0.43333333333333335,short,0.43333333333333335,0.0034013234810610724
posts_low&has_tariff,25,0.001060598528251866,0.0007909409391904099,0.008131623325664436,0.64,0.36,long,0.64,0.003393915290405971
positive_heavy&has_iran,94,0.0005779294072187664,0.001176782363471074,0.008825450329970654,0.5957446808510638,0.40425531914893614,long,0.5957446808510638,0.0033380965488818406
posts_high&has_attack,359,0.00031241715629427353,0.0009317492412306283,0.015449477944942743,0.5626740947075209,0.4373259052924791,long,0.5626740947075209,0.003330726866321895
posts_very_high&has_market_brag,67,-0.0009345986411201234,0.0014987433214488366,0.017614596250292873,0.5671641791044776,0.43283582089552236,short,0.43283582089552236,0.0033112025037722983
posts_high&has_uppercase_phrase,191,-0.000513482296007659,0.0007091030986317026,0.019203538113366978,0.5340314136125655,0.46596858638743455,short,0.46596858638743455,0.0033067304719596557
has_tariff&has_russia,111,0.0005563575799449743,0.0005031528617669423,0.012959234778213851,0.5495495495495496,0.45045045045045046,long,0.5495495495495496,0.003221234597563923
posts_very_high&positive_heavy,210,0.0004057352484025691,0.0009718834013510147,0.01855554246109628,0.5476190476190477,0.4523809523809524,long,0.5476190476190477,0.0032198150930390205
posts_high&has_relief,74,-0.0008049820586787097,0.0005100721224898797,0.024380568733886585,0.5405405405405406,0.4594594594594595,short,0.4594594594594595,0.0031816269607863115
posts_high&has_iran,78,0.000605490454842526,0.0009718834013510147,0.008937762212442387,0.5897435897435898,0.41025641025641024,long,0.5897435897435898,0.003153681507495006
has_all_caps&has_uppercase_phrase,132,0.0004650023316663532,0.002144606049829023,0.019340123605892972,0.5833333333333334,0.4166666666666667,long,0.5833333333333334,0.0031164408625508904
has_iran&pre_tariff,29,0.0008832198212797743,0.0017507533144689447,0.009182794025748727,0.6551724137931034,0.3448275862068966,long,0.6551724137931034,0.0031161862645472365
has_market_brag&volume_drop,22,-0.0013136491109899976,-0.00046196528309067064,0.010290762388004833,0.5,0.5,short,0.5,0.003080780246532761
open_tariff&short_posts,49,0.0006699691555146741,0.0019204463587332299,0.018005583168678237,0.6530612244897959,0.3469387755102041,long,0.6530612244897959,0.003062716139495653
has_tariff&has_china,134,0.00044514938737687726,0.001588890331681192,0.011044904123090782,0.5895522388059702,0.41044776119402987,long,0.5895522388059702,0.0030379489533319823
tariff_only&tariff_streak_3d,21,0.0012593703972979013,0.0007909409391904099,0.004792474130468456,0.5238095238095238,0.47619047619047616,long,0.5238095238095238,0.003022988662364127
has_action&has_all_caps,53,-0.0008408910162552097,0.0002890760711180551,0.02426734604946972,0.5094339622641509,0.49056603773584906,short,0.49056603773584906,0.0030031368695172477
has_uppercase_phrase,298,0.0003033607133293122,0.0012047367688013955,0.01675854853044628,0.5704697986577181,0.42953020134228187,long,0.5704697986577181,0.0029874464287798796
has_china&china_streak_3d,33,0.0007796896446294518,0.0013415471654707467,0.010947904173356768,0.6666666666666666,0.3333333333333333,long,0.6666666666666666,0.0029859840056205723
tariff_heavy&deal_heavy,22,-0.0011577767698379602,-0.0008119326823117223,0.008673217158118017,0.45454545454545453,0.5454545454545454,short,0.5454545454545454,0.002962066040512054
attack_heavy&has_china,140,0.0004606633699573624,0.0006999528909175101,0.012916982834381554,0.5428571428571428,0.45714285714285713,long,0.5428571428571428,0.0029589202140895155
has_tariff&volume_drop,23,-0.001764979256347559,0.0007909409391904099,0.010637585646627467,0.6521739130434783,0.34782608695652173,short,0.34782608695652173,0.002944188923681622
has_iran&deal_over_tariff,54,0.0006490972681219051,0.0009151796671872381,0.008496337517188788,0.6111111111111112,0.3888888888888889,long,0.6111111111111112,0.0029149213506108464
open_deal,137,-0.0005299824435100501,0.00048707205438569545,0.010677998284398702,0.5328467153284672,0.46715328467153283,short,0.46715328467153283,0.0028978851780368125
open_deal&has_exclamation,137,-0.0005299824435100501,0.00048707205438569545,0.010677998284398702,0.5328467153284672,0.46715328467153283,short,0.46715328467153283,0.0028978851780368125
has_deal&open_deal,137,-0.0005299824435100501,0.00048707205438569545,0.010677998284398702,0.5328467153284672,0.46715328467153283,short,0.46715328467153283,0.0028978851780368125
posts_high&positive_heavy,375,0.0002654261509261794,0.001012017561471401,0.01571379221885738,0.5626666666666666,0.43733333333333335,long,0.5626666666666666,0.0028920815216138818
open_deal&tariff_rising,24,-0.0012515336722076404,0.0004693626921785654,0.013630309338207114,0.5416666666666666,0.4583333333333333,short,0.4583333333333333,0.0028101506517520143
has_market_brag&tariff_only,31,0.0008089976666268947,0.0014201029158569245,0.007758508511689582,0.6129032258064516,0.3870967741935484,long,0.6129032258064516,0.002760705134816112
positive_heavy&has_china,246,0.00032263615750224015,0.0008165099167014578,0.0164744554782214,0.5447154471544715,0.45528455284552843,long,0.5447154471544715,0.002756451030929895
posts_low&silence_day,262,0.0003167592372971849,0.0004990891480125548,0.011139852815395522,0.5363984674329502,0.46360153256704983,long,0.5363984674329502,0.0027502201683688972
silence_day,262,0.0003167592372971849,0.0004990891480125548,0.011139852815395522,0.5363984674329502,0.46360153256704983,long,0.5363984674329502,0.0027502201683688972
has_deal&volume_spike,83,0.0005549916224433546,0.00048707205438569545,0.013195768701961192,0.5421686746987951,0.4578313253012048,long,0.5421686746987951,0.0027413210132087597
posts_high&has_market_brag,112,-0.0005979610971066372,0.001343891662038077,0.01481232945010433,0.5714285714285714,0.42857142857142855,short,0.42857142857142855,0.002712096611375154
has_market_brag&has_night_post,93,-0.000717849718497225,0.0014201029158569245,0.01575110050009656,0.6129032258064516,0.3870967741935484,short,0.3870967741935484,0.002679751735766842
posts_high&has_russia,184,0.0003559647610589553,0.0008824044759715433,0.01382008578882914,0.5543478260869565,0.44565217391304346,long,0.5543478260869565,0.0026766911753298888
posts_very_high&has_all_caps,92,-0.0005932795111377816,0.0005003053309782235,0.021816724828930996,0.532608695652174,0.4673913043478261,short,0.4673913043478261,0.002659707587194689
positive_heavy&open_tariff,87,-0.0005897794444790676,0.0005031528617669423,0.013623329641863963,0.5172413793103449,0.4827586206896552,short,0.4827586206896552,0.002655701727905855
exclamation_heavy&tariff_rising,107,0.0004560444498039534,0.0009444586571358826,0.015937295653164527,0.5607476635514018,0.4392523364485981,long,0.5607476635514018,0.002645248861513411
has_iran&deal_only,42,0.0006103950036630926,0.0009718834013510147,0.006895624656427746,0.6666666666666666,0.3333333333333333,long,0.6666666666666666,0.0026372078282294793
has_market_brag&short_posts,88,-0.0006464146774108993,0.0011446171507945024,0.015467152588799087,0.5795454545454546,0.42045454545454547,short,0.42045454545454547,0.0025495973373055145
pre_deal&open_deal,44,0.0007350213595348966,0.00018082892763149339,0.008524324631742753,0.5227272727272727,0.4772727272727273,long,0.5227272727272727,0.0025485987016775386
tariff_only&tariff_rising,56,0.0006571481354761841,0.0007467669558304246,0.01945548120742017,0.5178571428571429,0.48214285714285715,long,0.5178571428571429,0.002546638288713087
has_deal&china_streak_3d,24,-0.0011335292572038959,0.0005998406124239075,0.016193924622567097,0.5416666666666666,0.4583333333333333,short,0.4583333333333333,0.002545187597943446
has_positive&has_night_post,466,0.00020880428766581984,0.0011972568199074551,0.014482535835345253,0.5643776824034334,0.4356223175965665,long,0.5643776824034334,0.0025439126945995495
positive_heavy&tariff_rising,84,0.0005060888125858305,0.0008883743769709795,0.009613062155797589,0.5476190476190477,0.4523809523809524,long,0.5476190476190477,0.002540065557953925
has_russia&open_tariff,39,-0.0007886348763284603,-0.0010584151831672939,0.014112487170417375,0.48717948717948717,0.5128205128205128,short,0.5128205128205128,0.002525652935455591
attack_heavy&tariff_rising,37,0.0007302668490009796,0.0008661436002121992,0.0071809228993453805,0.5675675675675675,0.43243243243243246,long,0.5675675675675675,0.0025211577392071412
has_market_brag&has_russia,63,0.0005373458571761055,0.0012318625699112573,0.009491205283079706,0.5873015873015873,0.4126984126984127,long,0.5873015873015873,0.0025048709393521848
attack_heavy&has_russia,152,0.0003629887559598128,0.0008216419160345101,0.012741499068371676,0.5592105263157895,0.4407894736842105,long,0.5592105263157895,0.002502593453467256
has_positive&pre_relief,30,0.0009034664243721828,-4.6525586553436415e-05,0.03500112992008107,0.5,0.5,long,0.5,0.0024742447028858984
pre_relief&lots_of_excl,30,0.0009034664243721828,-4.6525586553436415e-05,0.03500112992008107,0.5,0.5,long,0.5,0.0024742447028858984
has_relief&open_tariff,23,0.0009090977708458497,0.0012318625699112573,0.014942311662652225,0.5652173913043478,0.43478260869565216,long,0.5652173913043478,0.002464279857110697
positive_heavy&volume_drop,39,0.0006614662705172334,0.0013757255543636049,0.0073858308294248946,0.5897435897435898,0.41025641025641024,long,0.5897435897435898,0.002436145572152001
has_relief&has_attack,74,0.00046552645319601816,0.0010490030850617282,0.023892123255108897,0.5945945945945946,0.40540540540540543,long,0.5945945945945946,0.0023811194421001773
tariff_heavy&has_attack,46,-0.0006986416886470281,-0.00013864922571799054,0.008866820359551452,0.5,0.5,short,0.5,0.0023692092361860036
deal_over_tariff&volume_drop,21,0.0008297046499441725,0.0014818054520648882,0.00652868095136392,0.6190476190476191,0.38095238095238093,long,0.6190476190476191,0.002353733176987529
deal_only&volume_drop,21,0.0008297046499441725,0.0014818054520648882,0.00652868095136392,0.6190476190476191,0.38095238095238093,long,0.6190476190476191,0.002353733176987529
tariff_rising,110,0.0003959367877216281,0.0009275319054328213,0.0157331912954155,0.5636363636363636,0.43636363636363634,long,0.5636363636363636,0.002340567671751605
has_tariff&tariff_rising,110,0.0003959367877216281,0.0009275319054328213,0.0157331912954155,0.5636363636363636,0.43636363636363634,long,0.5636363636363636,0.002340567671751605
has_exclamation&tariff_rising,110,0.0003959367877216281,0.0009275319054328213,0.0157331912954155,0.5636363636363636,0.43636363636363634,long,0.5636363636363636,0.002340567671751605
posts_high&attack_heavy,229,0.0002821314026828154,0.0008661436002121992,0.012936502320914265,0.5458515283842795,0.45414847161572053,long,0.5458515283842795,0.0023304709833161185
posts_high&has_positive,420,0.0002011067155681715,0.0009718834013510147,0.015384062516222851,0.5619047619047619,0.4380952380952381,long,0.5619047619047619,0.002315868689042338
open_deal&lots_of_excl,128,-0.00043897897417857854,0.0004951124580763189,0.010356130236041015,0.5390625,0.4609375,short,0.4609375,0.0022892369446199058
has_iran&has_uppercase_phrase,49,-0.0008003495173180632,0.001012017561471401,0.010543136276585707,0.5918367346938775,0.40816326530612246,short,0.40816326530612246,0.0022867129066230377
pre_tariff&tariff_rising,62,0.0005437443631477611,0.00025193354305896865,0.018113556336961555,0.532258064516129,0.46774193548387094,long,0.532258064516129,0.0022788349047883107
attack_heavy&has_night_post,202,0.0002771602165595323,0.0012520991176871998,0.012310398622490235,0.5693069306930693,0.4306930693069307,long,0.5693069306930693,0.002242606350484333
pre_relief,31,0.000815116949035294,-0.00036853301202766087,0.034416349317582716,0.4838709677419355,0.5161290322580645,long,0.4838709677419355,0.0021959898872794086
has_relief&pre_relief,31,0.000815116949035294,-0.00036853301202766087,0.034416349317582716,0.4838709677419355,0.5161290322580645,long,0.4838709677419355,0.0021959898872794086
pre_relief&exclamation_heavy,31,0.000815116949035294,-0.00036853301202766087,0.034416349317582716,0.4838709677419355,0.5161290322580645,long,0.4838709677419355,0.0021959898872794086
pre_relief&has_exclamation,31,0.000815116949035294,-0.00036853301202766087,0.034416349317582716,0.4838709677419355,0.5161290322580645,long,0.4838709677419355,0.0021959898872794086
posts_very_high&has_night_post,179,0.00028959112123315943,0.0016730440109038458,0.01918076045180477,0.5642458100558659,0.43575418994413406,long,0.5642458100558659,0.0021861507222463404
has_positive&volume_spike,144,0.0003265766954384504,0.0006717254572353726,0.016147694835853862,0.5555555555555556,0.4444444444444444,long,0.5555555555555556,0.0021771779695896696
has_night_post&exclamation_heavy,464,0.00017956562312861917,0.001117086622129504,0.014549545228851183,0.5603448275862069,0.4396551724137931,long,0.5603448275862069,0.002167392442269729
open_tariff_heavy&lots_of_excl,24,0.0007398993724682159,0.0011174487153972068,0.009913564069688898,0.5833333333333334,0.4166666666666667,long,0.5833333333333334,0.0021144385774780395
deal_heavy&open_deal,91,0.0003706696742867198,0.0008834895573073265,0.01014921976128205,0.5934065934065934,0.4065934065934066,long,0.5934065934065934,0.002098263954532072
has_attack&has_market_brag,130,-0.00044425873487742725,0.0014760111728472358,0.014076263833910715,0.5923076923076923,0.4076923076923077,short,0.4076923076923077,0.002065095636178648
posts_high&open_deal,96,-0.0004438001921321065,0.00018082892763149339,0.01013946826233495,0.53125,0.46875,short,0.46875,0.002038282534636497
has_all_caps&volume_spike,48,0.0005193953389291012,0.0008939096962834459,0.023719859827218213,0.5625,0.4375,long,0.5625,0.002024143011539236
posts_very_high&has_iran,50,-0.0005915425364214211,0.00023788510533362395,0.009878686318642863,0.52,0.48,short,0.48,0.00200776194654661
attack_heavy&positive_heavy,253,0.00023090479493424374,0.0007668762331907164,0.012360492973092203,0.5454545454545454,0.45454545454545453,long,0.5454545454545454,0.0020033266910081345
has_relief&has_china,46,-0.0005849755485344832,-0.0005361765613377534,0.027771880370848923,0.5,0.5,short,0.5,0.001983748601110288
has_attack&tariff_streak_3d,40,-0.0005444925906291336,-0.0007710408243278843,0.00843049385582627,0.425,0.575,short,0.575,0.0019801122687947733
posts_very_high&has_relief,46,0.0005109603051356751,0.0019870404321936652,0.029009796141827204,0.5652173913043478,0.43478260869565216,long,0.5652173913043478,0.0019587616595743832
has_iran&open_deal,37,0.0005664722447009693,0.0008834895573073265,0.008736933845335684,0.5675675675675675,0.43243243243243246,long,0.5675675675675675,0.00195567673067407
has_attack&volume_spike,122,0.00031921917698610967,0.0005035150669134847,0.017383655558516172,0.5491803278688525,0.45081967213114754,long,0.5491803278688525,0.0019363500047475857
open_tariff_heavy&has_exclamation,25,0.0006771876703395785,0.0006427872591217021,0.009709898221914107,0.56,0.44,long,0.56,0.0018961254769508202
has_tariff&open_tariff_heavy,25,0.0006771876703395785,0.0006427872591217021,0.009709898221914107,0.56,0.44,long,0.56,0.0018961254769508202
has_positive&open_tariff_heavy,25,0.0006771876703395785,0.0006427872591217021,0.009709898221914107,0.56,0.44,long,0.56,0.0018961254769508202
open_tariff&open_tariff_heavy,25,0.0006771876703395785,0.0006427872591217021,0.009709898221914107,0.56,0.44,long,0.56,0.0018961254769508202
open_tariff_heavy,25,0.0006771876703395785,0.0006427872591217021,0.009709898221914107,0.56,0.44,long,0.56,0.0018961254769508202
open_tariff_heavy&exclamation_heavy,25,0.0006771876703395785,0.0006427872591217021,0.009709898221914107,0.56,0.44,long,0.56,0.0018961254769508202
short_posts&tariff_rising,32,-0.0009736976484971439,0.001175091856897792,0.01820770132044522,0.65625,0.34375,short,0.34375,0.001893397577713746
has_china,306,0.0001980584437051825,0.0008748165787597628,0.016029896722460465,0.545751633986928,0.4542483660130719,long,0.545751633986928,0.0018908153531504422
has_china&has_exclamation,306,0.0001980584437051825,0.0008748165787597628,0.016029896722460465,0.545751633986928,0.4542483660130719,long,0.545751633986928,0.0018908153531504422
deal_over_tariff&tariff_rising,20,-0.0010448457978842751,0.0013306792340993523,0.013356106565932242,0.6,0.4,short,0.4,0.0018690769840593964
posts_high&has_night_post,300,0.00018463817290203299,0.0016807582820694833,0.016842094386311384,0.58,0.42,long,0.58,0.0018548556396014478
has_uppercase_phrase&lots_of_excl,266,0.00020242747112056487,0.001305022045297588,0.017082517602421958,0.5601503759398496,0.4398496240601504,long,0.5601503759398496,0.0018493320644534794
has_attack&open_tariff,87,0.00035908981763969433,0.0008370427393644686,0.01313013941651337,0.5517241379310345,0.4482758620689655,long,0.5517241379310345,0.0018479265341958442
posts_high&pre_tariff,89,0.0003072995567388934,0.0018380494891383492,0.016403445844622885,0.6179775280898876,0.38202247191011235,long,0.6179775280898876,0.001791552832685666
posts_high&china_streak_3d,41,0.0004149440862574183,0.0017621539947350051,0.015042168263219236,0.6585365853658537,0.34146341463414637,long,0.6585365853658537,0.0017496912309547842
pre_tariff&has_uppercase_phrase,56,0.00042948169150738646,0.001867938150939219,0.015622397655993603,0.5357142857142857,0.4642857142857143,long,0.5357142857142857,0.0017217571537636925
has_deal&has_iran,76,0.0003203246663982733,0.0008910498252255872,0.008811774341425115,0.6052631578947368,0.39473684210526316,long,0.6052631578947368,0.0016902129236278634
has_russia&open_deal,57,-0.0004983997571689019,0.0005031528617669423,0.010388153191811302,0.5614035087719298,0.43859649122807015,short,0.43859649122807015,0.0016503665128089276
has_market_brag&open_tariff,28,0.000482923080052338,0.0007399149992430853,0.00871557713802654,0.6428571428571429,0.35714285714285715,long,0.6428571428571429,0.0016427499071037734
posts_very_high&china_streak_3d,25,-0.0007070226134554058,0.0002890760711180551,0.01749876393170033,0.56,0.44,short,0.44,0.0015554497496018927
has_tariff&has_iran,46,0.0003866664826675284,0.0011801215918888497,0.00978917336449507,0.5869565217391305,0.41304347826086957,long,0.5869565217391305,0.0015392932897689187
open_tariff&has_night_post,59,0.0003511349721188333,0.001071522174355355,0.014044877929257382,0.559322033898305,0.4406779661016949,long,0.559322033898305,0.0015085580277052842
positive_heavy&has_night_post,379,0.0001390531789657718,0.0010474599539205265,0.01506414480758278,0.5567282321899736,0.44327176781002636,long,0.5567282321899736,0.0015071059077854988
has_positive&has_market_brag,173,-0.00026647117083749124,0.0010179830611165563,0.012634507928438338,0.5722543352601156,0.4277456647398844,short,0.4277456647398844,0.0014991976691287935
positive_heavy&tariff_streak_3d,44,-0.0004314858195222749,-0.00035955296888945387,0.008748507363818181,0.4772727272727273,0.5227272727272727,short,0.5227272727272727,0.0014961255005195926
has_relief&open_deal,26,-0.0007568251285176404,0.0006996078954031315,0.013326408501043037,0.6153846153846154,0.38461538461538464,short,0.38461538461538464,0.0014842561918033906
open_tariff&lots_of_excl,106,-0.0003339776987091105,0.0010079904157456188,0.015584362910833791,0.5754716981132075,0.42452830188679247,short,0.42452830188679247,0.0014597451769444783
tariff_only&volume_drop,22,-0.000977627879116523,0.0009350892169538438,0.010178877278823167,0.6818181818181818,0.3181818181818182,short,0.3181818181818182,0.001459016749098012
tariff_heavy&positive_heavy,46,-0.0004482162430989336,0.0004693626921785654,0.008942851223003208,0.5217391304347826,0.4782608695652174,short,0.4782608695652174,0.001453889352583925
exclamation_heavy&volume_drop,100,0.00024320696634435145,0.0008486141299556271,0.012582540886199638,0.58,0.42,long,0.58,0.0014106004047972382
has_attack&uppercase_phrase_heavy,50,-0.0004926988119503317,0.0043480079476672095,0.020256626257498637,0.6,0.4,short,0.4,0.0013935626840505407
open_deal&deal_only,66,0.00030168611397521274,0.0007103114227589025,0.009733572198538737,0.5606060606060606,0.4393939393939394,long,0.5606060606060606,0.0013739947623478842
has_iran&pre_deal,42,0.00034665421030897575,0.0006385675374803723,0.009212279137044983,0.5952380952380952,0.40476190476190477,long,0.5952380952380952,0.0013372476482284624
exclamation_heavy&tariff_streak_3d,58,-0.0003411442239447422,-7.995721234715925e-05,0.00810178880381348,0.5,0.5,short,0.5,0.001299038502969591
has_market_brag&lots_of_excl,164,-0.00023669867885000597,0.0011249228155139068,0.012826783048376257,0.573170731707317,0.4268292682926829,short,0.4268292682926829,0.0012938143088523963
has_china&volume_drop,27,-0.0004796649393000565,-0.0002656413228280252,0.011714645328144901,0.48148148148148145,0.5185185185185185,short,0.5185185185185185,0.0012923618485199944
has_market_brag,177,-0.00022760267010555612,0.0010179830611165563,0.012513415199650199,0.576271186440678,0.423728813559322,short,0.423728813559322,0.0012830748221075957
has_market_brag&has_exclamation,177,-0.00022760267010555612,0.0010179830611165563,0.012513415199650199,0.576271186440678,0.423728813559322,short,0.423728813559322,0.0012830748221075957
has_tariff&has_deal,159,-0.00023354176970488049,0.0007423349056041584,0.012201837208288156,0.5660377358490566,0.4339622641509434,short,0.4339622641509434,0.001277953628491552
has_all_caps&tariff_rising,21,-0.0007179080159856703,0.0022045770199778936,0.02259491847715212,0.6190476190476191,0.38095238095238093,short,0.38095238095238093,0.0012532829810552003
has_relief&has_positive,93,0.00022269180355214842,0.0008370427393644686,0.02201476521752865,0.5806451612903226,0.41935483870967744,long,0.5806451612903226,0.0012469714727182664
positive_heavy&volume_spike,122,-0.00023652961748302817,0.00023247263133774343,0.017191187030569197,0.5245901639344263,0.47540983606557374,short,0.47540983606557374,0.0012420343520386944
has_action&open_tariff,34,-0.00045083014098513214,0.000287867322955937,0.016780628396992833,0.5294117647058824,0.47058823529411764,short,0.47058823529411764,0.0012370677010967671
has_attack&has_china,239,0.0001437415241206914,0.0009106051537297599,0.016182955017257382,0.5523012552301255,0.4476987447698745,long,0.5523012552301255,0.0012273183462072875
has_action&volume_spike,53,0.0003298398976229084,0.0002890760711180551,0.023936843925241036,0.5094339622641509,0.49056603773584906,long,0.5094339622641509,0.001223288847457035
has_relief&short_posts,46,-0.00037029084878084287,0.0002956418167719965,0.028063554009911645,0.5217391304347826,0.4782608695652174,short,0.4782608695652174,0.001201120955991103
has_attack&has_russia,268,0.00013889707711767354,0.00042292242576125183,0.012213755926601028,0.5261194029850746,0.47388059701492535,long,0.5261194029850746,0.0011963130007597645
posts_high&pre_relief,24,0.00048799130671295377,-4.6525586553436415e-05,0.038997773073270146,0.5,0.5,long,0.5,0.00119532970036074
posts_very_high&open_deal,60,-0.0003164595192973666,0.0005181125261805031,0.009592471425613206,0.5333333333333333,0.4666666666666667,short,0.4666666666666667,0.0011439329514550053
has_relief&positive_heavy,83,0.00021608819070980653,0.0008370427393644686,0.02291861640276873,0.5783132530120482,0.42168674698795183,long,0.5783132530120482,0.0011385004965971037
has_uppercase_phrase&exclamation_heavy,279,0.00012138052663641358,0.0011409766124783616,0.016961202656638027,0.5591397849462365,0.44086021505376344,long,0.5591397849462365,0.0011336304796285069
has_market_brag&exclamation_heavy,175,-0.00020123847453871666,0.0012318625699112573,0.012577615797196011,0.5771428571428572,0.4228571428571429,short,0.4228571428571429,0.0011257027108774612
has_deal&uppercase_phrase_heavy,23,0.00038098026225711875,0.0031586327691348615,0.013406491216294832,0.6086956521739131,0.391304347826087,long,0.6086956521739131,0.0011121582661259531
has_night_post&has_uppercase_phrase,182,0.00014325225678606525,0.0013475530863554797,0.01730080423951175,0.5659340659340659,0.4340659340659341,long,0.5659340659340659,0.001093712065764164
positive_heavy&uppercase_phrase_heavy,51,-0.00038382894457402464,0.003751234813537785,0.020051419920914765,0.6078431372549019,0.39215686274509803,short,0.39215686274509803,0.0010749360535209952
tariff_streak_3d&tariff_rising,32,0.0004031186678248831,-0.00035955296888945387,0.006429070958777422,0.46875,0.53125,long,0.46875,0.0010689297886569832
has_tariff&tariff_streak_3d,32,0.0004031186678248831,-0.00035955296888945387,0.006429070958777422,0.46875,0.53125,long,0.46875,0.0010689297886569832
has_china&exclamation_heavy,299,0.00011181730213412572,0.0009106051537297599,0.016091416005701412,0.5518394648829431,0.44816053511705684,long,0.5518394648829431,0.0010669826553596996
deal_heavy&open_tariff,34,-0.00037464385115457295,0.000287867322955937,0.014269518371137798,0.5294117647058824,0.47058823529411764,short,0.47058823529411764,0.001028014246485599
has_positive&open_tariff,113,-0.00020015822829710632,0.0008370427393644686,0.012884873623305646,0.5486725663716814,0.45132743362831856,short,0.45132743362831856,0.0009602944139226585
has_russia&has_night_post,175,0.0001334472209027731,0.0007024972279667807,0.012977808144115898,0.5428571428571428,0.45714285714285713,long,0.5428571428571428,0.0009583278619381886
has_relief&has_uppercase_phrase,41,0.0002907182481039914,1.745570720723677e-05,0.030063666215306564,0.5121951219512195,0.4878048780487805,long,0.5121951219512195,0.0009534538115773744
posts_very_high&has_uppercase_phrase,129,0.000154317489649935,0.0009317492412306283,0.021641707137194096,0.5426356589147286,0.4573643410852713,long,0.5426356589147286,0.0009510828153692624
tariff_heavy&has_market_brag,22,-0.00039656742904600495,-0.00013864922571799054,0.007572692376401051,0.5,0.5,short,0.5,0.0009300330595150207
has_positive&has_china,298,9.54777520618271e-05,0.0008748165787597628,0.01615956557309013,0.5469798657718121,0.45302013422818793,long,0.5469798657718121,0.0009015330609136106
deal_heavy&tariff_rising,37,0.0002260441459925547,0.0017507533144689447,0.011236545101747734,0.6486486486486487,0.35135135135135137,long,0.6486486486486487,0.0008918742884995279
attack_heavy&open_deal,67,0.00020625286702091573,7.258178414493166e-05,0.008775499238532864,0.5223880597014925,0.47761194029850745,long,0.5223880597014925,0.0008819229356294064
tariff_heavy&has_deal,32,-0.00030569224827102157,-0.00013864922571799054,0.00777323196231075,0.5,0.5,short,0.5,0.000864628246834404
has_china&open_deal,67,-0.00021727705072816956,0.0005031528617669423,0.010171467008018315,0.5373134328358209,0.4626865671641791,short,0.4626865671641791,0.0008228831133239538
positive_heavy&has_market_brag,140,-0.0001632039454523036,0.0011249228155139068,0.013192439701394035,0.5785714285714286,0.42142857142857143,short,0.42142857142857143,0.0008138018024362213
has_iran&has_all_caps,31,-0.00030158330062425977,0.00013307822091168653,0.010312893949794465,0.5161290322580645,0.4838709677419355,short,0.4838709677419355,0.0008124893969227774
has_russia&pre_tariff,69,0.00018079249993945183,0.00034269198975556137,0.012864426330268483,0.5362318840579711,0.463768115942029,long,0.5362318840579711,0.0008052997954586321
lots_of_excl&volume_spike,129,0.000131689305557663,0.00048707205438569545,0.016899528027957075,0.5348837209302325,0.46511627906976744,long,0.5348837209302325,0.0008000271821782911
open_deal&deal_over_tariff,102,0.0001403134075348542,0.0006061279801993225,0.010739816033678126,0.5588235294117647,0.4411764705882353,long,0.5588235294117647,0.0007919065615887278
has_relief&exclamation_heavy,95,0.0001392775185254456,0.0006933223855400961,0.021788582241320187,0.5684210526315789,0.43157894736842106,long,0.5684210526315789,0.0007716368822719295
has_relief&has_exclamation,96,0.00013775514728519311,0.00061319728806708,0.021673607245679724,0.5625,0.4375,long,0.5625,0.0007592170956539996
has_relief,96,0.00013775514728519311,0.00061319728806708,0.021673607245679724,0.5625,0.4375,long,0.5625,0.0007592170956539996
attack_heavy&pre_tariff,64,0.0001653024559843657,0.0009053011286740409,0.013305836051723913,0.546875,0.453125,long,0.546875,0.0007231982449315999
tariff_heavy&has_china,31,0.00023088958213286995,0.0006427872591217021,0.007982157053462412,0.5483870967741935,0.45161290322580644,long,0.5483870967741935,0.0007049728832747692
tariff_streak_3d,63,0.00016924294982294494,0.0002890760711180551,0.008227208420234607,0.5238095238095238,0.47619047619047616,long,0.5238095238095238,0.0007036460457439212
pre_tariff&open_deal,30,0.00025072202097816315,-1.0714237756781486e-05,0.00973901009540323,0.5,0.5,long,0.5,0.0006866305327651172
lots_of_excl&tariff_streak_3d,52,-0.00018766569898739287,-7.995721234715925e-05,0.008045016499012186,0.5,0.5,short,0.5,0.0006766383003448354
tariff_heavy&has_night_post,33,-0.00028637730607194653,0.001068707668436586,0.009672391714324132,0.6060606060606061,0.3939393939393939,short,0.3939393939393939,0.0006480745720788545
has_night_post&tariff_streak_3d,27,0.00020914839253874487,0.0002890760711180551,0.009001818016641112,0.5555555555555556,0.4444444444444444,long,0.5555555555555556,0.0006037594036641093
has_positive&uppercase_phrase_heavy,52,-0.0002108062929433825,0.0043480079476672095,0.01989302988415135,0.6153846153846154,0.38461538461538464,short,0.38461538461538464,0.0005846714603060371
has_deal&tariff_rising,54,0.00012505094560579224,0.0014467955795149923,0.010776442671910804,0.6111111111111112,0.3888888888888889,long,0.6111111111111112,0.0005615701824089963
pre_tariff&tariff_streak_3d,24,-0.00018475630070214263,-0.0006430299142264895,0.006561257930043732,0.4166666666666667,0.5833333333333334,short,0.5833333333333334,0.00052798510739854
has_exclamation&tariff_streak_3d,61,0.00012886144431902252,0.0002890760711180551,0.008307239353867185,0.5245901639344263,0.47540983606557374,long,0.5245901639344263,0.0005279685527761359
attack_heavy&has_iran,51,0.00012047396236361149,0.0013415471654707467,0.008315623391486273,0.5882352941176471,0.4117647058823529,long,0.5882352941176471,0.0005060918704251156
has_night_post&uppercase_phrase_heavy,45,-0.00019562679182882163,0.004944781081796634,0.020827014408372,0.6222222222222222,0.37777777777777777,short,0.37777777777777777,0.000495759445382705
exclamation_heavy&volume_spike,134,7.920110375601428e-05,0.0003880740627518753,0.016592813603470133,0.5298507462686567,0.4701492537313433,long,0.5298507462686567,0.0004857772629226994
open_tariff&has_uppercase_phrase,35,-0.0002147783954629937,0.0019856558213586784,0.01942009265947483,0.6285714285714286,0.37142857142857144,short,0.37142857142857144,0.000471954274348214
deal_heavy&has_all_caps,44,-0.0001370717899494152,0.00023247263133774343,0.010817335089288421,0.5227272727272727,0.4772727272727273,short,0.4772727272727273,0.00043395134675895414
has_china&has_iran,43,0.00012312830805301925,0.0006427872591217021,0.009705959755233891,0.5348837209302325,0.46511627906976744,long,0.5348837209302325,0.00043186849174783323
has_night_post&volume_spike,102,7.478414612731272e-05,0.0005035150669134847,0.016651257086169807,0.5686274509803921,0.43137254901960786,long,0.5686274509803921,0.00042947456354109004
open_deal&short_posts,47,0.00010467718547827914,0.0005031528617669423,0.0097167483457324,0.574468085106383,0.425531914893617,long,0.574468085106383,0.0004122558927849434
open_tariff&tariff_only,52,-0.00013850485562242416,0.001472834589456462,0.01824440148000982,0.5961538461538461,0.40384615384615385,short,0.40384615384615385,0.000403350520607505
has_china&volume_spike,74,-9.480102254072026e-05,0.00015447370623455914,0.02033529481496058,0.5135135135135135,0.4864864864864865,short,0.4864864864864865,0.0003967342207508994
tariff_heavy&has_positive,55,9.261555612868647e-05,0.0010474599539205265,0.00840285626950848,0.5636363636363636,0.43636363636363634,long,0.5636363636363636,0.00038713665026428594
pre_deal&open_tariff,25,0.00013022763119496794,0.0006427872591217021,0.01128606594098317,0.56,0.44,long,0.56,0.00036463736734591027
posts_high&posts_very_high,224,4.299822221044691e-05,0.0009718834013510147,0.01913273581235039,0.5491071428571429,0.45089285714285715,long,0.5491071428571429,0.00035337156674070575
posts_very_high,224,4.299822221044691e-05,0.0009718834013510147,0.01913273581235039,0.5491071428571429,0.45089285714285715,long,0.5491071428571429,0.00035337156674070575
posts_very_high&has_exclamation,224,4.299822221044691e-05,0.0009718834013510147,0.01913273581235039,0.5491071428571429,0.45089285714285715,long,0.5491071428571429,0.00035337156674070575
has_iran&has_russia,47,-0.00011860346410502591,0.0007091030986317026,0.007673151238994526,0.574468085106383,0.425531914893617,short,0.425531914893617,0.00034600186566600895
has_china&has_uppercase_phrase,124,5.279578284536892e-05,0.0015729715556884738,0.020917156972895583,0.5564516129032258,0.4435483870967742,long,0.5564516129032258,0.0003271428870670464
posts_high&has_china,204,-4.7455583659007456e-05,0.0007048317461562092,0.01826385594939129,0.5490196078431373,0.45098039215686275,short,0.45098039215686275,0.0003056750998987128
has_relief&lots_of_excl,92,5.4949189488687814e-05,0.0007651825624522823,0.022115033514270525,0.5760869565217391,0.42391304347826086,long,0.5760869565217391,0.0003036289983023401
posts_very_high&exclamation_heavy,223,3.56885998396245e-05,0.0009317492412306283,0.01917546566156988,0.547085201793722,0.452914798206278,long,0.547085201793722,0.00029156602020877204
posts_very_high&lots_of_excl,223,3.56885998396245e-05,0.0009317492412306283,0.01917546566156988,0.547085201793722,0.452914798206278,long,0.547085201793722,0.00029156602020877204
posts_very_high&volume_spike,85,5.9400115559138376e-05,0.0002890760711180551,0.01940500919137616,0.5294117647058824,0.47058823529411764,long,0.5294117647058824,0.00028992812091131184
posts_very_high&tariff_only,30,7.809824117801881e-05,0.005618123893409099,0.021616402507645897,0.6666666666666666,0.3333333333333333,long,0.6666666666666666,0.00028517445596453156
posts_high&has_all_caps,128,-5.5236023163981324e-05,0.001305022045297588,0.01915939468007345,0.546875,0.453125,short,0.453125,0.000283168807451456
posts_high,423,2.4332032347757424e-05,0.0009317492412306283,0.016069029335435768,0.5602836879432624,0.4397163120567376,long,0.5602836879432624,0.0002803861436310384
posts_high&has_exclamation,423,2.4332032347757424e-05,0.0009317492412306283,0.016069029335435768,0.5602836879432624,0.4397163120567376,long,0.5602836879432624,0.0002803861436310384
posts_high&volume_spike,115,4.784848849076146e-05,0.00017586919155743175,0.017044634543096904,0.5217391304347826,0.4782608695652174,long,0.5217391304347826,0.0002677136735079982
posts_high&lots_of_excl,419,2.2761109334989505e-05,0.0009317492412306283,0.01614439144488367,0.5608591885441527,0.43914081145584727,long,0.5608591885441527,0.00026130894452525334
has_attack&open_deal,104,-5.550834128297202e-05,0.0003880740627518753,0.00978405720900429,0.5384615384615384,0.46153846153846156,short,0.46153846153846156,0.0002612659526483467
has_deal&tariff_streak_3d,22,0.00011022435371778958,-3.0402082231428817e-05,0.010925694638685741,0.5,0.5,long,0.5,0.00025849902289713626
posts_very_high&has_tariff,99,-5.190863157817646e-05,0.0024642680276520945,0.017143893394976916,0.6060606060606061,0.3939393939393939,short,0.3939393939393939,0.00020346353693026067
has_action&china_streak_3d,22,-9.202486875140783e-05,0.001802622320065228,0.011251143864256144,0.5909090909090909,0.4090909090909091,short,0.4090909090909091,0.00017657791146298064
has_night_post&volume_drop,40,-5.244684235133079e-05,-0.0004238454448506901,0.015400995582700647,0.475,0.525,short,0.525,0.00017414405180968552
posts_high&exclamation_heavy,421,1.3707347927743797e-05,0.0009277662125786179,0.0161064495114101,0.5581947743467933,0.4418052256532066,long,0.5581947743467933,0.00015699298635403618
has_deal&volume_drop,22,-7.558690484557847e-05,0.0014287655032142466,0.007656640107689489,0.5909090909090909,0.4090909090909091,short,0.4090909090909091,0.00014503664034162624
has_iran&volume_spike,38,-4.6912502496682984e-05,0.0006717254572353726,0.009846490870250618,0.5789473684210527,0.42105263157894735,short,0.42105263157894735,0.00012176340518099773
has_positive&tariff_streak_3d,56,-2.2234343272917972e-05,0.00023952094100232468,0.007943524837289433,0.5178571428571429,0.48214285714285715,short,0.48214285714285715,8.022210564906742e-05
has_china&tariff_rising,44,1.6276772928251118e-05,0.0010931440172931017,0.010945487123973467,0.5909090909090909,0.4090909090909091,long,0.5909090909090909,6.379921198279119e-05
silence_day&volume_drop,170,-6.82100836335967e-06,0.0002220314186541783,0.012434810877206557,0.5235294117647059,0.4764705882352941,short,0.4764705882352941,4.237494428698895e-05
