event,n,mean_ret,median_ret,std,hit_up,hit_down,direction,directional_hit,score
silence_day,211,0.01764365886917283,0.005974222417147401,0.06496041712421917,0.5288461538461539,0.4423076923076923,long,0.5288461538461539,0.13553742491068735
posts_low&silence_day,211,0.01764365886917283,0.005974222417147401,0.06496041712421917,0.5288461538461539,0.4423076923076923,long,0.5288461538461539,0.13553742491068735
posts_very_high&positive_heavy,215,0.013325525645210378,0.009771988166369372,0.047544551899946295,0.5953488372093023,0.39069767441860465,long,0.5953488372093023,0.11632554317442696
posts_very_high&has_attack,208,0.01341555273048458,0.009796058682200237,0.04830985349624116,0.5961538461538461,0.3894230769230769,long,0.5961538461538461,0.11534495084708042
posts_very_high&has_russia,117,0.016073702158330563,0.01277369695993591,0.04620578084586705,0.6410256410256411,0.3418803418803419,long,0.6410256410256411,0.11145107176614816
has_attack&short_posts,306,0.010750852549158396,0.008928932344583917,0.044377862583502424,0.5882352941176471,0.3954248366013072,long,0.5882352941176471,0.11062536007538395
has_attack&has_night_post,574,0.008228138712239253,0.006476181829566885,0.04240247887759436,0.5574912891986062,0.42160278745644597,long,0.5574912891986062,0.1098994797823213
has_attack&positive_heavy,470,0.008754369105291955,0.006543108127403885,0.04389217891553019,0.5574468085106383,0.41914893617021276,long,0.5574468085106383,0.10579794105168817
attack_heavy&has_russia,145,0.013842383827957064,0.01277369695993591,0.04328653337425769,0.6344827586206897,0.3448275862068966,long,0.6344827586206897,0.10575836147273569
has_attack&lots_of_excl,579,0.007906230756352679,0.006521663969149438,0.043066905896328854,0.5526770293609672,0.42487046632124353,long,0.5526770293609672,0.10514295590142701
posts_very_high&has_night_post,226,0.012046108031975575,0.008941088943189346,0.04689475273603156,0.5796460176991151,0.40707964601769914,long,0.5796460176991151,0.10496966949038462
has_deal&short_posts,171,0.013185656117562389,0.012311819021408876,0.04643545844827438,0.6023391812865497,0.3742690058479532,long,0.6023391812865497,0.10385822946729004
posts_very_high&has_deal,134,0.014458524703170973,0.010924012349846857,0.04849951358069146,0.6194029850746269,0.373134328358209,long,0.6194029850746269,0.10366918266392733
posts_very_high&lots_of_excl,227,0.011792848351325486,0.008403475377657177,0.04711444915275071,0.5814977973568282,0.4052863436123348,long,0.5814977973568282,0.10331888636438188
has_attack&exclamation_heavy,608,0.007552725709181777,0.00556411312092453,0.042414613809242094,0.5460526315789473,0.43256578947368424,long,0.5460526315789473,0.10169275353020807
has_positive&short_posts,444,0.008472895073685663,0.005277212678498344,0.04174881110398842,0.5675675675675675,0.4144144144144144,long,0.5675675675675675,0.1013306629401449
has_attack&has_exclamation,625,0.00726076824775395,0.005338078862689777,0.04210595747336928,0.5456,0.4336,long,0.5456,0.09903687889936388
has_attack,625,0.00726076824775395,0.005338078862689777,0.04210595747336928,0.5456,0.4336,long,0.5456,0.09903687889936388
posts_very_high&exclamation_heavy,229,0.011322950232754304,0.008196561161525562,0.04717634560239314,0.5764192139737991,0.4104803493449782,long,0.5764192139737991,0.0987678928609736
posts_very_high&has_positive,229,0.011322950232754304,0.008196561161525562,0.04717634560239314,0.5764192139737991,0.4104803493449782,long,0.5764192139737991,0.0987678928609736
posts_very_high,229,0.011322950232754304,0.008196561161525562,0.04717634560239314,0.5764192139737991,0.4104803493449782,long,0.5764192139737991,0.0987678928609736
posts_very_high&has_exclamation,229,0.011322950232754304,0.008196561161525562,0.04717634560239314,0.5764192139737991,0.4104803493449782,long,0.5764192139737991,0.0987678928609736
posts_high&posts_very_high,229,0.011322950232754304,0.008196561161525562,0.04717634560239314,0.5764192139737991,0.4104803493449782,long,0.5764192139737991,0.0987678928609736
posts_high&has_attack,349,0.009169741336159509,0.008174292261510008,0.04535177838018296,0.5759312320916905,0.4040114613180516,long,0.5759312320916905,0.09865984504537764
lots_of_excl&short_posts,373,0.00881455646015179,0.007102256492993453,0.04360733251124509,0.579088471849866,0.40482573726541554,long,0.579088471849866,0.09858249358111174
short_posts&deal_only,148,0.013313160019990876,0.012272063942978861,0.043973972039648146,0.6081081081081081,0.36486486486486486,long,0.6081081081081081,0.09849015113043015
has_russia&deal_over_tariff,113,0.014874364250111885,0.009771988166369372,0.04648219371834965,0.6194690265486725,0.37168141592920356,long,0.6194690265486725,0.09794837397813431
has_attack&has_positive,604,0.007139046687451827,0.005371829504071002,0.042004462212454026,0.5463576158940397,0.43211920529801323,long,0.5463576158940397,0.09585961771446676
has_deal&has_russia,132,0.013728053454279271,0.009255731638015852,0.04475347044891758,0.6060606060606061,0.3712121212121212,long,0.6060606060606061,0.09558989464621825
has_positive&has_night_post,782,0.006238181908233893,0.0049059672813106525,0.04092691901721927,0.5447570332480819,0.4360613810741688,long,0.5447570332480819,0.09503077201175107
posts_very_high&has_action,99,0.01534916775455212,0.011611116492034279,0.04564811817616986,0.6161616161616161,0.37373737373737376,long,0.6161616161616161,0.09410161355910147
positive_heavy&has_russia,219,0.010716696812311695,0.006976726731184213,0.04388385974912898,0.589041095890411,0.3881278538812785,long,0.589041095890411,0.09341757665679186
posts_high&has_russia,171,0.011573884892743733,0.009650281159120366,0.04487305387991992,0.6140350877192983,0.3684210526315789,long,0.6140350877192983,0.0929330953740774
short_posts&deal_over_tariff,163,0.012089519711510862,0.012232308864548846,0.04572235216999638,0.6012269938650306,0.37423312883435583,long,0.6012269938650306,0.0927985779638875
posts_very_high&has_china,134,0.013188159455140559,0.010091389597129519,0.04941493605029287,0.6044776119402985,0.373134328358209,long,0.6044776119402985,0.09228195981310844
posts_very_high&deal_over_tariff,117,0.013650291837842467,0.01147753723094369,0.04968588707341994,0.6239316239316239,0.37606837606837606,long,0.6239316239316239,0.09212380465862481
has_russia&deal_only,94,0.015392963472833887,0.00931071735624922,0.04555393674235132,0.6170212765957447,0.3723404255319149,long,0.6170212765957447,0.09208445149884521
has_positive,877,0.005694203326394581,0.004484318710777702,0.04083686998262559,0.540478905359179,0.44013683010262256,long,0.540478905359179,0.09114052285136853
posts_high&positive_heavy,368,0.008380309453192234,0.006476181829566885,0.045306104697749844,0.5652173913043478,0.4157608695652174,long,0.5652173913043478,0.09086559639296585
has_night_post&lots_of_excl,700,0.006342489921006067,0.005121826162741594,0.04165780851099534,0.5414285714285715,0.43857142857142856,long,0.5414285714285715,0.09085523911520102
has_attack&has_russia,251,0.00967241238825835,0.008143494773837023,0.04322988262989076,0.5856573705179283,0.398406374501992,long,0.5856573705179283,0.08974603668966114
has_night_post,855,0.005690052478718007,0.004705946891031765,0.041282125447569214,0.5380116959064327,0.4444444444444444,long,0.5380116959064327,0.08951401686936158
has_russia&volume_spike,77,0.016344473905280564,0.009662016729902634,0.04165182712918834,0.6233766233766234,0.35064935064935066,long,0.6233766233766234,0.08940603207241359
posts_low,394,0.009031185439986973,0.0,0.05681817072664232,0.49872122762148335,0.48081841432225064,long,0.49872122762148335,0.08940271850057203
has_attack&has_china,232,0.010160282880819115,0.007445876891133629,0.04507173861526009,0.5775862068965517,0.39655172413793105,long,0.5775862068965517,0.08938540362904626
positive_heavy&lots_of_excl,587,0.0067820755538606226,0.005244690278893849,0.042559793927465235,0.5434412265758092,0.434412265758092,long,0.5434412265758092,0.08929646280603802
has_night_post&short_posts,458,0.0075160374505587,0.005323906970396308,0.04317109647543413,0.5545851528384279,0.43013100436681223,long,0.5545851528384279,0.08920514696103056
has_night_post&has_exclamation,828,0.005713560908581525,0.0047086585743039144,0.041359738593897605,0.538647342995169,0.44323671497584544,long,0.538647342995169,0.0885577455073998
positive_heavy&has_night_post,575,0.006846969311409201,0.004711370257576064,0.042069051442132785,0.5391304347826087,0.43826086956521737,long,0.5391304347826087,0.08851689123018626
has_positive&has_exclamation,870,0.005535539441091161,0.004470927556955662,0.04078951974249286,0.539080459770115,0.4413793103448276,long,0.539080459770115,0.08801833843125732
short_posts,545,0.006838131938746644,0.004608580848561861,0.04241672711259425,0.5486238532110091,0.43486238532110094,long,0.5486238532110091,0.08758110357179358
deal_heavy&short_posts,64,0.017509772923809105,0.014854787067393405,0.05146881500602185,0.625,0.375,long,0.625,0.08754886461904553
has_exclamation&short_posts,491,0.0071157781156235165,0.004679982552552753,0.0424043273789234,0.5539714867617108,0.42973523421588594,long,0.5539714867617108,0.08734751528445986
exclamation_heavy&short_posts,424,0.007593703354265897,0.005126409589148451,0.04212056165437682,0.5566037735849056,0.4268867924528302,long,0.5566037735849056,0.08703274918901413
posts_very_high&pre_deal,74,0.015882098998562518,0.012362208315168322,0.0471078081076518,0.6351351351351351,0.36486486486486486,long,0.6351351351351351,0.08677405582328807
has_russia&has_night_post,269,0.009297146630879365,0.006564552285658332,0.04245194274067477,0.5687732342007435,0.41263940520446096,long,0.5687732342007435,0.0867291262944826
has_attack&deal_over_tariff,233,0.009865680076913866,0.00884944654612907,0.044403181657995824,0.575107296137339,0.41201716738197425,long,0.575107296137339,0.0866071736398694
exclamation_heavy&lots_of_excl,753,0.005837376804815041,0.004711370257576064,0.041595220295333905,0.5405046480743692,0.4395750332005312,long,0.5405046480743692,0.08657941543120977
has_china&has_russia,117,0.01355926002669843,0.008143494773837023,0.048468881030482504,0.5897435897435898,0.38461538461538464,long,0.5897435897435898,0.08649522827100305
has_deal&has_night_post,325,0.008589097732130945,0.0066777381671543345,0.04300410992177188,0.556923076923077,0.41846153846153844,long,0.556923076923077,0.08623517297313377
has_deal&has_action,102,0.013556014542444981,0.011811706664825339,0.04185863502110073,0.6274509803921569,0.3627450980392157,long,0.6274509803921569,0.08590370874725096
has_russia&pre_action,32,0.023114662439076984,0.01685139352842635,0.053709119560332974,0.65625,0.3125,long,0.65625,0.08580880641642392
lots_of_excl,756,0.005780822662547781,0.004692964721792259,0.041528200538641785,0.5396825396825397,0.44047619047619047,long,0.5396825396825397,0.08578056691697204
has_exclamation&lots_of_excl,756,0.005780822662547781,0.004692964721792259,0.041528200538641785,0.5396825396825397,0.44047619047619047,long,0.5396825396825397,0.08578056691697204
has_deal&has_attack,265,0.00930026271911577,0.00721145491461006,0.04370352060491513,0.5660377358490566,0.41509433962264153,long,0.5660377358490566,0.08569658960438493
has_action&has_russia,79,0.015101240926742534,0.013175076938316321,0.04676395653132503,0.6329113924050633,0.35443037974683544,long,0.6329113924050633,0.08495111727823461
has_action&has_attack,151,0.011677192211081336,0.009771988166369372,0.04540126648470266,0.5894039735099338,0.40397350993377484,long,0.5894039735099338,0.08457460184485117
has_action&deal_only,72,0.014949785875819938,0.013490995652522875,0.04130742662477974,0.6666666666666666,0.3333333333333333,long,0.6666666666666666,0.08456875976063317
has_attack&deal_only,199,0.01027913238066679,0.00884944654612907,0.04420529871925247,0.5778894472361809,0.40703517587939697,long,0.5778894472361809,0.0837968631071437
posts_very_high&short_posts,159,0.01156607540101113,0.010362649996227935,0.050956602266027475,0.5723270440251572,0.41509433962264153,long,0.5723270440251572,0.08346969937949822
has_russia&lots_of_excl,265,0.008866336822857899,0.006896604251276139,0.043177167514233075,0.5735849056603773,0.4075471698113208,long,0.5735849056603773,0.08278752070019718
has_night_post&exclamation_heavy,763,0.005627857399384213,0.004477486226444727,0.04102692209094808,0.5321100917431193,0.44823066841415465,long,0.5321100917431193,0.08271929973046627
has_russia&has_exclamation,288,0.008577917513199612,0.006543108127403885,0.04223205765212023,0.5659722222222222,0.4166666666666667,long,0.5659722222222222,0.0823897578044078
positive_heavy,609,0.006222408389652407,0.0044643688874665965,0.04208119630086525,0.535303776683087,0.44170771756978655,long,0.535303776683087,0.08219917620941697
has_positive&positive_heavy,609,0.006222408389652407,0.0044643688874665965,0.04208119630086525,0.535303776683087,0.44170771756978655,long,0.535303776683087,0.08219917620941697
positive_heavy&has_exclamation,609,0.006222408389652407,0.0044643688874665965,0.04208119630086525,0.535303776683087,0.44170771756978655,long,0.535303776683087,0.08219917620941697
positive_heavy&exclamation_heavy,604,0.006232757240892282,0.004470927556955662,0.04223684950799253,0.5347682119205298,0.4420529801324503,long,0.5347682119205298,0.08191515642971231
has_russia,289,0.008540132886747827,0.006521663969149438,0.04216356747251383,0.5640138408304498,0.4186851211072664,long,0.5640138408304498,0.08188480356117034
posts_very_high&deal_only,95,0.013658684188994292,0.010370487468750023,0.0498848622035275,0.6105263157894737,0.3894736842105263,long,0.6105263157894737,0.08127838291608028
posts_very_high&has_uppercase_phrase,130,0.012186264360694336,0.00971113466274487,0.04930159228928695,0.5846153846153846,0.4,long,0.5846153846153846,0.08122926271036236
has_positive&lots_of_excl,735,0.005523002982470323,0.004679982552552753,0.04130566355515294,0.5401360544217687,0.43945578231292515,long,0.5401360544217687,0.08087645650617235
positive_heavy&short_posts,285,0.008512730096512077,0.005244690278893849,0.045418958291366884,0.5578947368421052,0.42105263157894735,long,0.5578947368421052,0.08017584729742618
has_positive&has_russia,279,0.008469650587045963,0.006521663969149438,0.041986609942318634,0.5663082437275986,0.4157706093189964,long,0.5663082437275986,0.0801162253253758
posts_very_high&volume_spike,83,0.014214534545079871,0.010370487468750023,0.04603108027837089,0.6144578313253012,0.37349397590361444,long,0.6144578313253012,0.07957264113736767
has_action&positive_heavy,155,0.011127502879535255,0.008143494773837023,0.04488752426477126,0.5741935483870968,0.41935483870967744,long,0.5741935483870968,0.07954664601782228
has_exclamation,941,0.004865292774175541,0.0038609660302597604,0.04135092574176002,0.5302869287991498,0.45164718384697133,long,0.5302869287991498,0.07914340178852196
has_action&deal_over_tariff,88,0.013020399093701968,0.012228847560057932,0.04228389216067888,0.6477272727272727,0.3522727272727273,long,0.6477272727272727,0.07911481479937622
has_night_post&deal_only,245,0.009022063370423229,0.006896604251276139,0.04267425174599008,0.5591836734693878,0.4163265306122449,long,0.5591836734693878,0.0789665925177165
has_russia&exclamation_heavy,283,0.008281574996465537,0.006430699689984332,0.042446657163196656,0.5618374558303887,0.4204946996466431,long,0.5618374558303887,0.07827387703254259
has_night_post&deal_over_tariff,285,0.008308199459319742,0.006896604251276139,0.04336546435977777,0.5578947368421052,0.42105263157894735,long,0.5578947368421052,0.07824950675223528
has_china&lots_of_excl,274,0.008375371529143392,0.006476181829566885,0.04517813570278091,0.5583941605839416,0.41605839416058393,long,0.5583941605839416,0.07741412880324229
has_attack&has_all_caps,148,0.011158794356715308,0.0101514743494866,0.0481926733714103,0.5675675675675675,0.40540540540540543,long,0.5675675675675675,0.07704876865529475
has_china&pre_deal,84,0.013026795679384891,0.009570359619312074,0.039749165960364895,0.6428571428571429,0.3333333333333333,long,0.6428571428571429,0.07675235648164923
posts_high&has_deal,222,0.008788960857470447,0.007164561546356807,0.04536650275419042,0.5855855855855856,0.4009009009009009,long,0.5855855855855856,0.07668393588089434
posts_high&short_posts,236,0.008654718168927754,0.009222130206220314,0.04849801489267628,0.576271186440678,0.4110169491525424,long,0.576271186440678,0.0766188866615885
posts_high&has_positive,403,0.006825130658404915,0.006430699689984332,0.04481614614775883,0.5583126550868487,0.42431761786600497,long,0.5583126550868487,0.07649639428616505
has_deal&lots_of_excl,325,0.007653684319890375,0.006329180177128135,0.042771234698098216,0.5538461538461539,0.4246153846153846,long,0.5538461538461539,0.07641900349360471
has_russia&short_posts,143,0.011234509980558955,0.006976726731184213,0.046057416948707575,0.5664335664335665,0.4195804195804196,long,0.5664335664335665,0.07609763058145748
posts_very_high&pre_action,43,0.018480084127964914,0.012145876098706987,0.054165592480081515,0.627906976744186,0.3488372093023256,long,0.627906976744186,0.07609103304680453
pre_action&has_uppercase_phrase,42,0.018224171724847978,0.021272169432227317,0.055863521806008724,0.6428571428571429,0.35714285714285715,long,0.6428571428571429,0.0759253701805689
has_deal&has_china,158,0.010259395474430218,0.007065961515400954,0.04727738307419584,0.5886075949367089,0.379746835443038,long,0.5886075949367089,0.07590601224857907
exclamation_heavy,834,0.004970480227062159,0.003923446725712432,0.04078377779246183,0.5275779376498801,0.45323741007194246,long,0.5275779376498801,0.07573000781618773
has_exclamation&exclamation_heavy,834,0.004970480227062159,0.003923446725712432,0.04078377779246183,0.5275779376498801,0.45323741007194246,long,0.5275779376498801,0.07573000781618773
posts_high&lots_of_excl,402,0.006742101146140973,0.0063799399335562335,0.044875529863879944,0.5572139303482587,0.4253731343283582,long,0.5572139303482587,0.07532345898848505
posts_very_high&deal_heavy,75,0.015154386835001124,0.009478702508721515,0.05173646307213174,0.5733333333333334,0.4266666666666667,long,0.5733333333333334,0.07524474813988795
posts_high&has_night_post,396,0.006804638363500031,0.0063799399335562335,0.04474496400715389,0.5555555555555556,0.4292929292929293,long,0.5555555555555556,0.07522810761929201
has_positive&has_china,291,0.008057634042369902,0.0059790047186434325,0.04541550327285526,0.5463917525773195,0.4261168384879725,long,0.5463917525773195,0.07510315277622485
has_action&has_china,89,0.012868092257579046,0.008710853654040562,0.04719394156289744,0.6179775280898876,0.3707865168539326,long,0.6179775280898876,0.07502082782018023
has_action&lots_of_excl,175,0.010015246872896283,0.008143494773837023,0.044535009759020854,0.5657142857142857,0.42857142857142855,long,0.5657142857142857,0.07495106862615677
posts_very_high&attack_heavy,163,0.010154005243348654,0.009650281159120366,0.042919295455542315,0.5766871165644172,0.4171779141104294,long,0.5766871165644172,0.07476036873120225
attack_heavy&positive_heavy,254,0.008321131760628209,0.006928516627288106,0.04066808178294892,0.562992125984252,0.4094488188976378,long,0.562992125984252,0.07466233672791717
positive_heavy&has_china,255,0.008437068329897353,0.006329180177128135,0.04615165584852883,0.5529411764705883,0.41568627450980394,long,0.5529411764705883,0.0744973095855498
has_uppercase_phrase&short_posts,162,0.010019186165765437,0.010476303606144266,0.05031159953684744,0.5802469135802469,0.4012345679012346,long,0.5802469135802469,0.07399507123329105
posts_high&has_action,136,0.010883541081987006,0.007677474844223542,0.04486998621654822,0.5808823529411765,0.4117647058823529,long,0.5808823529411765,0.07372721992759508
has_positive&exclamation_heavy,803,0.004883367571521625,0.004395638144735425,0.04072029604844434,0.5317559153175592,0.44831880448318806,long,0.5317559153175592,0.07358503779640431
posts_high&has_china,200,0.009037061137390657,0.006543108127403885,0.04814888241357463,0.575,0.395,long,0.575,0.07348692294083299
posts_high&exclamation_heavy,405,0.0065643499823831095,0.006329180177128135,0.0448584727245429,0.5555555555555556,0.4271604938271605,long,0.5555555555555556,0.07339166394354091
posts_high,405,0.0065643499823831095,0.006329180177128135,0.0448584727245429,0.5555555555555556,0.4271604938271605,long,0.5555555555555556,0.07339166394354091
posts_high&has_exclamation,405,0.0065643499823831095,0.006329180177128135,0.0448584727245429,0.5555555555555556,0.4271604938271605,long,0.5555555555555556,0.07339166394354091
deal_only&volume_spike,55,0.016000802690384005,0.010370487468750023,0.041420219204560016,0.6181818181818182,0.38181818181818183,long,0.6181818181818182,0.07335662501747692
lots_of_excl&deal_over_tariff,284,0.00777028702799507,0.006787171209215237,0.04339235257709512,0.5598591549295775,0.4225352112676056,long,0.5598591549295775,0.07331199128362312
positive_heavy&has_uppercase_phrase,229,0.008636299532651664,0.006960429003300073,0.04556556789345184,0.5589519650655022,0.4192139737991266,long,0.5589519650655022,0.07304995033955608
has_china&has_exclamation,299,0.0077396137705955,0.005722646096396833,0.04508904118895189,0.5418060200668896,0.431438127090301,long,0.5418060200668896,0.07251013422122797
has_china,299,0.0077396137705955,0.005722646096396833,0.04508904118895189,0.5418060200668896,0.431438127090301,long,0.5418060200668896,0.07251013422122797
positive_heavy&has_all_caps,148,0.010477071345255119,0.0101514743494866,0.04777276969954102,0.5675675675675675,0.41216216216216217,long,0.5675675675675675,0.07234163660160858
attack_heavy&has_china,141,0.01032511590159661,0.00884944654612907,0.04396527345478283,0.5886524822695035,0.3900709219858156,long,0.5886524822695035,0.07217112439164158
has_deal,353,0.007023744637098047,0.006269639874056265,0.04274091468589201,0.546742209631728,0.43059490084985835,long,0.546742209631728,0.07215038781624339
has_positive&volume_spike,133,0.010784373176655529,0.005405580145452227,0.044832198810909746,0.5789473684210527,0.40601503759398494,long,0.5789473684210527,0.07200452872340815
has_china&has_night_post,282,0.007844978640917016,0.005850825407520133,0.045502634060436524,0.5460992907801419,0.425531914893617,long,0.5460992907801419,0.07194289868084237
deal_heavy&has_russia,61,0.014691150665565613,0.009771988166369372,0.043256152981087655,0.6229508196721312,0.3770491803278688,long,0.6229508196721312,0.07147834556603815
lots_of_excl&deal_only,243,0.008175805663512241,0.0066777381671543345,0.043139648757368504,0.5596707818930041,0.41975308641975306,long,0.5596707818930041,0.07132903218791521
has_action&has_uppercase_phrase,92,0.012412215772308433,0.010691552329201826,0.047553344063132816,0.5978260869565217,0.40217391304347827,long,0.5978260869565217,0.07117346222010404
has_deal&positive_heavy,280,0.007623176508981238,0.0062994100255922,0.044075708693240186,0.5571428571428572,0.41785714285714287,long,0.5571428571428572,0.07106922152881406
has_deal&has_exclamation,352,0.006888494290559246,0.006124322296349849,0.04272604125778029,0.5454545454545454,0.4318181818181818,long,0.5454545454545454,0.07049433203322066
pre_deal&short_posts,70,0.013648590198897132,0.012445179776519266,0.044977632080642524,0.6142857142857143,0.37142857142857144,long,0.6142857142857143,0.07014669757605228
deal_heavy&has_attack,117,0.01201176372515696,0.006896604251276139,0.046219336646066866,0.5384615384615384,0.452991452991453,long,0.5384615384615384,0.06996074080123438
has_action&has_night_post,183,0.00917813266797608,0.008143494773837023,0.04406568689542804,0.5628415300546448,0.43169398907103823,long,0.5628415300546448,0.0698821102268529
has_action&exclamation_heavy,181,0.009190075547345748,0.008143494773837023,0.044600494806049586,0.56353591160221,0.430939226519337,long,0.56353591160221,0.06967547945069544
posts_high&deal_only,160,0.00935666143079926,0.007164561546356807,0.046086375555315695,0.5875,0.40625,long,0.5875,0.06953264932848267
exclamation_heavy&has_chips,31,0.019219448969386273,0.014354112121660378,0.05199438616150113,0.6451612903225806,0.3225806451612903,long,0.6451612903225806,0.06903829873869617
lots_of_excl&has_chips,31,0.019219448969386273,0.014354112121660378,0.05199438616150113,0.6451612903225806,0.3225806451612903,long,0.6451612903225806,0.06903829873869617
attack_heavy&has_exclamation,293,0.007159735611790312,0.006976726731184213,0.040656489635194124,0.5631399317406144,0.4129692832764505,long,0.5631399317406144,0.06901557639357991
attack_heavy,293,0.007159735611790312,0.006976726731184213,0.040656489635194124,0.5631399317406144,0.4129692832764505,long,0.5631399317406144,0.06901557639357991
has_attack&attack_heavy,293,0.007159735611790312,0.006976726731184213,0.040656489635194124,0.5631399317406144,0.4129692832764505,long,0.5631399317406144,0.06901557639357991
attack_heavy&has_positive,288,0.007173772254589892,0.007560110752510618,0.04066494508389851,0.5659722222222222,0.4097222222222222,long,0.5659722222222222,0.06890312919075603
attack_heavy&has_night_post,279,0.007329967437479594,0.006960429003300073,0.040468495601156826,0.5627240143369175,0.4157706093189964,long,0.5627240143369175,0.06889688647547561
has_deal&volume_spike,84,0.012618033785110824,0.008902755751869829,0.04286904713187746,0.5952380952380952,0.38095238095238093,long,0.5952380952380952,0.06883701778783392
attack_heavy&exclamation_heavy,292,0.007138853546736583,0.006968577867242143,0.04072471222359545,0.5616438356164384,0.4143835616438356,long,0.5616438356164384,0.06851424791956763
has_attack&has_uppercase_phrase,217,0.008402452049264842,0.006960429003300073,0.04579967300755307,0.5529953917050692,0.423963133640553,long,0.5529953917050692,0.0684474734308933
attack_heavy&short_posts,148,0.00953587891071619,0.0110298284872411,0.042677620167428085,0.5878378378378378,0.40540540540540543,long,0.5878378378378378,0.0681944643654891
deal_heavy&deal_only,92,0.013057914214231687,0.007007136214689846,0.04554018890669765,0.5434782608695652,0.44565217391304346,long,0.5434782608695652,0.0680690832797017
has_deal&has_positive,341,0.006721383242880779,0.006269639874056265,0.042579576829192015,0.5483870967741935,0.4281524926686217,long,0.5483870967741935,0.06806487886590028
posts_high&deal_over_tariff,194,0.008389662952416015,0.007164561546356807,0.04641311565018885,0.5824742268041238,0.41237113402061853,long,0.5824742268041238,0.06806472470156266
has_deal&attack_heavy,160,0.008985990405738383,0.009164074527425292,0.039440006446208445,0.59375,0.39375,long,0.59375,0.06748846719706547
has_action&has_exclamation,186,0.008726060619387986,0.0082734850757471,0.044441691402829955,0.5645161290322581,0.43010752688172044,long,0.5645161290322581,0.0671817098050713
deal_heavy&lots_of_excl,140,0.010319584706186078,0.006612892214202137,0.04493385315546094,0.55,0.44285714285714284,long,0.55,0.0671566350952766
has_russia&pre_deal,65,0.012835001879328995,0.009662016729902634,0.036177341727781795,0.6461538461538462,0.3230769230769231,long,0.6461538461538462,0.06686341416529168
has_action,188,0.008640257465878388,0.007677474844223542,0.04421227218257861,0.5638297872340425,0.4308510638297872,long,0.5638297872340425,0.06679648733539846
has_action&pre_deal,56,0.013400117474324394,0.013490995652522875,0.04048061532925116,0.6607142857142857,0.3392857142857143,long,0.6607142857142857,0.06625464270226586
has_deal&exclamation_heavy,341,0.006644528299896148,0.005244690278893849,0.04270188320056207,0.5395894428152492,0.436950146627566,long,0.5395894428152492,0.06620713409311438
has_russia&has_uppercase_phrase,111,0.010863535903197576,0.008143494773837023,0.04894847625278196,0.5765765765765766,0.40540540540540543,long,0.5765765765765766,0.06599175657385169
posts_high&attack_heavy,236,0.007507372332623423,0.008288883819583592,0.04113644406862622,0.5720338983050848,0.4110169491525424,long,0.5720338983050848,0.06597292241104723
deal_heavy&deal_over_tariff,135,0.01034895522855644,0.007117668178103553,0.045805721956943185,0.5481481481481482,0.4444444444444444,long,0.5481481481481482,0.06591152250138999
posts_high&pre_deal,114,0.010343255372731003,0.007164561546356807,0.043652948601396784,0.5964912280701754,0.39473684210526316,long,0.5964912280701754,0.06587395434812869
has_action&has_positive,183,0.008642635682721242,0.008143494773837023,0.04468076724486085,0.5628415300546448,0.43169398907103823,long,0.5628415300546448,0.06580484737791895
attack_heavy&lots_of_excl,290,0.006896993904360442,0.006928516627288106,0.04075849229730444,0.5586206896551724,0.41724137931034483,long,0.5586206896551724,0.0656108792470638
has_deal&deal_over_tariff,311,0.006759840791148674,0.006521663969149438,0.04307501830692783,0.5498392282958199,0.43086816720257237,long,0.5498392282958199,0.06554693419172
deal_over_tariff,311,0.006759840791148674,0.006521663969149438,0.04307501830692783,0.5498392282958199,0.43086816720257237,long,0.5498392282958199,0.06554693419172
deal_over_tariff&volume_spike,69,0.012963227879385674,0.009771988166369372,0.04391356346388363,0.6086956521739131,0.391304347826087,long,0.6086956521739131,0.065544748374213
has_china&short_posts,150,0.009667995055595895,0.0070859419589550665,0.05107602730114365,0.5533333333333333,0.42,long,0.5533333333333333,0.06551924473075772
has_attack&volume_spike,111,0.010613353284091355,0.008869086292285555,0.04427761783828117,0.5855855855855856,0.3963963963963964,long,0.5855855855855856,0.0654793693537188
pre_deal&pre_action,34,0.016586646412904634,0.012445179776519266,0.04394672956960837,0.6764705882352942,0.3235294117647059,long,0.6764705882352942,0.06542548701766093
has_action&short_posts,102,0.010896479915857933,0.012228847560057932,0.04739352462002852,0.5882352941176471,0.4117647058823529,long,0.5882352941176471,0.06473473689468846
has_china&exclamation_heavy,291,0.007033342240388636,0.005235523426080135,0.044718333678444834,0.5395189003436426,0.4329896907216495,long,0.5395189003436426,0.06473138636471584
positive_heavy&deal_only,204,0.008037319001678258,0.006395651921602852,0.04432059132453988,0.5588235294117647,0.4166666666666667,long,0.5588235294117647,0.06415063704407072
has_chips,32,0.018138072009222087,0.012358381058944157,0.05151338908016963,0.625,0.34375,long,0.625,0.06412776857685423
has_exclamation&has_chips,32,0.018138072009222087,0.012358381058944157,0.05151338908016963,0.625,0.34375,long,0.625,0.06412776857685423
has_positive&pre_deal,166,0.008759647242711829,0.006787171209215237,0.041026416273189696,0.5662650602409639,0.40963855421686746,long,0.5662650602409639,0.06390876523686846
deal_only,268,0.007113916559333707,0.006395651921602852,0.04260435739178269,0.5485074626865671,0.4291044776119403,long,0.5485074626865671,0.06387908764394244
has_deal&deal_only,268,0.007113916559333707,0.006395651921602852,0.04260435739178269,0.5485074626865671,0.4291044776119403,long,0.5485074626865671,0.06387908764394244
deal_over_tariff&deal_only,268,0.007113916559333707,0.006395651921602852,0.04260435739178269,0.5485074626865671,0.4291044776119403,long,0.5485074626865671,0.06387908764394244
has_exclamation&deal_over_tariff,310,0.006605414901382198,0.006425422073138787,0.04305834865343396,0.5483870967741935,0.432258064516129,long,0.5483870967741935,0.06377760057698277
has_night_post&has_uppercase_phrase,277,0.006978845329167432,0.006269639874056265,0.04542221451634189,0.5487364620938628,0.4332129963898917,long,0.5487364620938628,0.06373636285924515
has_china&deal_only,94,0.011220885041577061,0.0070540295829431,0.048578953347112076,0.5851063829787234,0.3829787234042553,long,0.5851063829787234,0.06365402578540537
has_uppercase_phrase&lots_of_excl,268,0.007094918692335447,0.006695564346642202,0.04524383510340973,0.5447761194029851,0.43283582089552236,long,0.5447761194029851,0.06327510603089233
deal_heavy&has_positive,144,0.009557747448755321,0.006612892214202137,0.04463793217459448,0.5486111111111112,0.4444444444444444,long,0.5486111111111112,0.06292183737097254
has_action&volume_spike,58,0.013284699142019303,0.008957741470103198,0.04388300238851082,0.6206896551724138,0.3620689655172414,long,0.6206896551724138,0.06279719241431418
has_attack&has_chips,28,0.01834835205200425,0.012358381058944157,0.051399613764802995,0.6428571428571429,0.32142857142857145,long,0.6428571428571429,0.062415226925312046
deal_heavy&exclamation_heavy,146,0.009540593944436841,0.005782351801604135,0.04484300121083573,0.541095890410959,0.4520547945205479,long,0.541095890410959,0.062377228660522185
positive_heavy&deal_over_tariff,245,0.0071730407624092975,0.006329180177128135,0.044688361578846134,0.5551020408163265,0.42448979591836733,long,0.5551020408163265,0.06232455194333939
exclamation_heavy&deal_over_tariff,300,0.006616994207502717,0.006124322296349849,0.043282651977705505,0.5433333333333333,0.43666666666666665,long,0.5433333333333333,0.06227127120692458
positive_heavy&pre_action,68,0.013478501806392826,0.006376037811199442,0.050011747758094506,0.5588235294117647,0.4264705882352941,long,0.5588235294117647,0.06211132034316971
has_exclamation&deal_only,267,0.006935946708923885,0.006269639874056265,0.04258444226927239,0.5468164794007491,0.4307116104868914,long,0.5468164794007491,0.06197306459917979
deal_heavy,148,0.009402895154298924,0.005782351801604135,0.04459296425159261,0.5405405405405406,0.4527027027027027,long,0.5405405405405406,0.06183305764420778
deal_heavy&has_exclamation,148,0.009402895154298924,0.005782351801604135,0.04459296425159261,0.5405405405405406,0.4527027027027027,long,0.5405405405405406,0.06183305764420778
has_deal&deal_heavy,148,0.009402895154298924,0.005782351801604135,0.04459296425159261,0.5405405405405406,0.4527027027027027,long,0.5405405405405406,0.06183305764420778
has_china&deal_over_tariff,126,0.009376902250065697,0.007677474844223542,0.04932453643471366,0.5873015873015873,0.3888888888888889,long,0.5873015873015873,0.0618167026692178
deal_heavy&has_night_post,141,0.009594470069477277,0.005235523426080135,0.045229554143513366,0.5390070921985816,0.45390070921985815,long,0.5390070921985816,0.061408010644753847
has_night_post&has_chips,30,0.017696356212672924,0.012358381058944157,0.05217512322804045,0.6333333333333333,0.3333333333333333,long,0.6333333333333333,0.06138705872774178
positive_heavy&has_chips,30,0.017696356212672924,0.012358381058944157,0.05217512322804045,0.6333333333333333,0.3333333333333333,long,0.6333333333333333,0.06138705872774178
volume_spike,166,0.008318822908191015,0.004926635563727855,0.046590150622782336,0.572289156626506,0.41566265060240964,long,0.572289156626506,0.06133825834777824
positive_heavy&pre_deal,145,0.008996853403796449,0.006329180177128135,0.04209217569949781,0.5655172413793104,0.4068965517241379,long,0.5655172413793104,0.06126613666354645
pre_deal&has_night_post,165,0.008538167232678386,0.006329180177128135,0.04125602500251306,0.5575757575757576,0.41818181818181815,long,0.5575757575757576,0.06115197841657465
has_positive&deal_over_tariff,299,0.006404415769143723,0.006521663969149438,0.04290336442874052,0.5518394648829431,0.4280936454849498,long,0.5518394648829431,0.06111219295196182
posts_very_high&china_streak_3d,25,0.017909134696656975,0.015929174580474825,0.05262462644488164,0.68,0.28,long,0.68,0.06089105796863372
pre_deal,172,0.008316385968874329,0.006503459172141235,0.04087954873693203,0.5581395348837209,0.4186046511627907,long,0.5581395348837209,0.06087537458819848
has_deal&pre_deal,172,0.008316385968874329,0.006503459172141235,0.04087954873693203,0.5581395348837209,0.4186046511627907,long,0.5581395348837209,0.06087537458819848
posts_high&has_all_caps,140,0.008972512046948225,0.010472384869883222,0.049211325070248155,0.5714285714285714,0.42142857142857143,long,0.5714285714285714,0.06066525385664931
exclamation_heavy&deal_only,257,0.0069623245685019874,0.005405580145452227,0.042830539105330474,0.5408560311284046,0.4357976653696498,long,0.5408560311284046,0.060367404519257255
has_attack&pre_deal,129,0.009496928559951353,0.0066777381671543345,0.04138953663151458,0.5581395348837209,0.4263565891472868,long,0.5581395348837209,0.06020337137701586
has_all_caps&short_posts,127,0.009521504033403608,0.011107276987543102,0.05216226062407822,0.5590551181102362,0.4251968503937008,long,0.5590551181102362,0.05998767694265456
has_uppercase_phrase&exclamation_heavy,277,0.006650650546091528,0.006269639874056265,0.04497704558236101,0.5415162454873647,0.4368231046931408,long,0.5415162454873647,0.05993982949953766
has_china&pre_action,45,0.014341300006074255,0.011611116492034279,0.051591688148456535,0.6222222222222222,0.35555555555555557,long,0.6222222222222222,0.05986049383869368
pre_deal&lots_of_excl,160,0.008408568803339844,0.006503459172141235,0.04068283021518053,0.5625,0.4125,long,0.5625,0.059828015881778294
posts_high&has_chips,23,0.019120484703268943,0.010362649996227935,0.053872131239034185,0.6521739130434783,0.34782608695652173,long,0.6521739130434783,0.05980344996584076
has_all_caps&lots_of_excl,173,0.008243043012633804,0.009650281159120366,0.047230428574138054,0.5491329479768786,0.4277456647398844,long,0.5491329479768786,0.05953716073379795
attack_heavy&deal_over_tariff,140,0.008378115254880842,0.009625345337545443,0.039253694047906254,0.6,0.4,long,0.6,0.059478717935854845
has_all_caps&exclamation_heavy,180,0.008120773356420478,0.007560110752510618,0.046437352168808815,0.5444444444444444,0.43333333333333335,long,0.5444444444444444,0.05931809743242936
has_positive&deal_only,256,0.006715388542297534,0.006395651921602852,0.04238235794160546,0.55078125,0.42578125,long,0.55078125,0.05917936152899702
posts_high&volume_spike,113,0.00964117462032205,0.005405580145452227,0.042853462398886724,0.5752212389380531,0.40707964601769914,long,0.5752212389380531,0.058952752046937174
has_positive&has_all_caps,180,0.008049479967971897,0.007560110752510618,0.04586708430983842,0.5444444444444444,0.43333333333333335,long,0.5444444444444444,0.05879733568023277
has_deal&pre_action,48,0.014038316663233156,0.010144685436272005,0.04466058802709409,0.6041666666666666,0.375,long,0.6041666666666666,0.058761437807529814
posts_high&has_uppercase_phrase,198,0.007433784039304713,0.007677474844223542,0.04730870218917605,0.5606060606060606,0.42424242424242425,long,0.5606060606060606,0.05864085904926871
posts_very_high&has_all_caps,101,0.010336981874164188,0.009820129198031102,0.05239455401875437,0.5643564356435643,0.42574257425742573,long,0.5643564356435643,0.05862838397612354
has_night_post&has_all_caps,181,0.007965919578291679,0.009650281159120366,0.04774294803946626,0.5469613259668509,0.430939226519337,long,0.5469613259668509,0.05861811178099701
deal_heavy&positive_heavy,130,0.009400085467716016,0.005782351801604135,0.04606546288188484,0.5461538461538461,0.4461538461538462,long,0.5461538461538461,0.05853538442558576
pre_deal&has_exclamation,171,0.008045535204839931,0.006329180177128135,0.04084452911833655,0.5555555555555556,0.42105263157894735,long,0.5555555555555556,0.05844945817432679
short_posts&china_streak_3d,38,0.014989320322532737,0.011096618117786394,0.04857301425853748,0.631578947368421,0.34210526315789475,long,0.631578947368421,0.058358132268131524
exclamation_heavy&volume_spike,126,0.009044467541339883,0.005325135212173038,0.042564107538129635,0.5714285714285714,0.4126984126984127,long,0.5714285714285714,0.05801365506084261
short_posts&volume_spike,101,0.00945761592609188,0.008869086292285555,0.04607953213397464,0.6039603960396039,0.39603960396039606,long,0.6039603960396039,0.05740514542082061
posts_high&deal_heavy,108,0.010015311397522812,0.004922052137320998,0.04759295839629317,0.5462962962962963,0.4537037037037037,long,0.5462962962962963,0.05685970352521427
has_positive&has_chips,31,0.01662922814917162,0.010362649996227935,0.05164110442099821,0.6129032258064516,0.3548387096774194,long,0.6129032258064516,0.0567472533398782
has_exclamation&volume_spike,142,0.008323700443655673,0.004926635563727855,0.0473579067978037,0.5704225352112676,0.4154929577464789,long,0.5704225352112676,0.05657926337932994
has_attack&pre_action,61,0.012449267917986347,0.011611116492034279,0.0513094603176328,0.5737704918032787,0.4098360655737705,long,0.5737704918032787,0.055788789758368505
lots_of_excl&volume_spike,126,0.008813951079173881,0.005325135212173038,0.04266401504868435,0.5634920634920635,0.42063492063492064,long,0.5634920634920635,0.05574985110728363
attack_heavy&pre_action,44,0.014195948501419786,0.009877305632935651,0.05461161315762282,0.5909090909090909,0.38636363636363635,long,0.5909090909090909,0.05564311376285699
has_china&volume_spike,72,0.01097552067050229,0.009151645925598473,0.04758291838823154,0.5972222222222222,0.375,long,0.5972222222222222,0.05561953316768459
has_all_caps,185,0.007538884383506378,0.006976726731184213,0.047372538565065646,0.5405405405405406,0.43783783783783786,long,0.5405405405405406,0.05542698033028551
has_all_caps&has_exclamation,185,0.007538884383506378,0.006976726731184213,0.047372538565065646,0.5405405405405406,0.43783783783783786,long,0.5405405405405406,0.05542698033028551
deal_heavy&pre_deal,95,0.009917105428022176,0.006896604251276139,0.04206036810084682,0.5684210526315789,0.42105263157894735,long,0.5684210526315789,0.05494357161628341
pre_deal&exclamation_heavy,168,0.00763277205777456,0.005786935228010992,0.04058812949303989,0.5535714285714286,0.4226190476190476,long,0.5535714285714286,0.054765946857542394
has_action&attack_heavy,101,0.009372807432009512,0.006521663969149438,0.04342830143173944,0.5742574257425742,0.4158415841584158,long,0.5742574257425742,0.05409249343485107
pre_action&exclamation_heavy,79,0.010880331545253669,0.008143494773837023,0.048493587201289504,0.5569620253164557,0.43037974683544306,long,0.5569620253164557,0.053861849270366066
has_positive&has_uppercase_phrase,284,0.005931048864216347,0.005073351325030728,0.04419088140431489,0.5387323943661971,0.44014084507042256,long,0.5387323943661971,0.05384727904516137
has_uppercase_phrase,296,0.005721942384211646,0.005325135212173038,0.04545118159067785,0.543918918918919,0.4358108108108108,long,0.543918918918919,0.053545564441019065
pre_action&deal_only,31,0.014884894688476216,0.012578540531629656,0.04269223562364242,0.6451612903225806,0.3548387096774194,long,0.6451612903225806,0.05346812012321016
has_china&has_uppercase_phrase,128,0.00872338985137365,0.0070859419589550665,0.051183756129194076,0.5390625,0.4375,long,0.5390625,0.05320217502499688
pre_action&has_exclamation,82,0.010457081100569504,0.009877305632935651,0.04780798383713399,0.5609756097560976,0.4268292682926829,long,0.5609756097560976,0.053120405514319013
positive_heavy&volume_spike,120,0.008583715569142943,0.004926635563727855,0.04326395948856932,0.5583333333333333,0.425,long,0.5583333333333333,0.05250002352944472
has_action&pre_action,84,0.010223830697924655,0.006376037811199442,0.047254663958590286,0.5595238095238095,0.42857142857142855,long,0.5595238095238095,0.05242903497823066
pre_action,84,0.010223830697924655,0.006376037811199442,0.047254663958590286,0.5595238095238095,0.42857142857142855,long,0.5595238095238095,0.05242903497823066
pre_action&lots_of_excl,75,0.011059191690334773,0.004608580848561861,0.04937768764017419,0.5466666666666666,0.44,long,0.5466666666666666,0.052357223855362525
has_uppercase_phrase&has_exclamation,294,0.005645682372783754,0.005325135212173038,0.04558339062667564,0.5408163265306123,0.4387755102040816,long,0.5408163265306123,0.05235279831047979
pre_action&has_night_post,83,0.010302877237534138,0.008143494773837023,0.04753634136504092,0.5542168674698795,0.43373493975903615,long,0.5542168674698795,0.05202083400415775
posts_very_high&has_relief,48,0.012847033618083396,0.010095308333390562,0.05813871118421064,0.5833333333333334,0.4166666666666667,long,0.5833333333333334,0.05192066822382035
attack_heavy&deal_only,115,0.008023713738695646,0.009771988166369372,0.037370083870166666,0.6,0.4,long,0.6,0.05162684632481513
posts_high&pre_action,60,0.01174990045198727,0.006376037811199442,0.05138774407595461,0.5666666666666667,0.4166666666666667,long,0.5666666666666667,0.05157479127282725
has_tariff&pre_deal,53,0.011646458524950396,0.009478702508721515,0.044558531905188895,0.6037735849056604,0.37735849056603776,long,0.6037735849056604,0.0511924515517505
has_positive&pre_action,81,0.010130284623251365,0.008143494773837023,0.048013608772259624,0.5555555555555556,0.43209876543209874,long,0.5555555555555556,0.05065142311625683
attack_heavy&has_uppercase_phrase,144,0.007479832408095894,0.006968577867242143,0.04407505608050112,0.5625,0.4236111111111111,long,0.5625,0.05048886875464728
has_attack&china_streak_3d,56,0.011095887868616835,0.009469076348283645,0.040791503312996066,0.6071428571428571,0.3392857142857143,long,0.6071428571428571,0.05041351312208816
has_attack&open_deal,70,0.010691860608755648,0.007677474844223542,0.05419356285423734,0.5571428571428572,0.42857142857142855,long,0.5571428571428572,0.04983894897774077
has_russia&has_all_caps,71,0.010760006651172983,0.008143494773837023,0.05225379926307689,0.5492957746478874,0.43661971830985913,long,0.5492957746478874,0.04980213628905826
pre_action&deal_over_tariff,41,0.01214416646892657,0.012145876098706987,0.04350925923216743,0.6341463414634146,0.36585365853658536,long,0.6341463414634146,0.04931160422379703
deal_heavy&open_deal,48,0.013138570055188424,0.007677474844223542,0.05295425709152567,0.5416666666666666,0.4583333333333333,long,0.5416666666666666,0.04930612022784365
posts_low&has_attack,28,-0.012337352886497177,-0.012400692795551838,0.03320279192099392,0.25,0.75,short,0.75,0.048962351361774625
attack_heavy&pre_deal,89,0.009016116290230277,0.008143494773837023,0.03980880669977,0.5730337078651685,0.4157303370786517,long,0.5730337078651685,0.04874102718302799
pre_deal&has_uppercase_phrase,67,0.009926115888201753,0.009478702508721515,0.037902759320523026,0.5970149253731343,0.3880597014925373,long,0.5970149253731343,0.048506722507116046
has_action&has_market_brag,45,0.012952671803054377,0.006521663969149438,0.05190543623638924,0.5555555555555556,0.4222222222222222,long,0.5555555555555556,0.04827175773645726
has_action&has_iran,36,0.013784407872504366,0.01327466343606154,0.03951087475589734,0.5833333333333334,0.4166666666666667,long,0.5833333333333334,0.048245427553765284
posts_very_high&has_tariff,57,0.010712152623212151,0.008403475377657177,0.04352413467670313,0.5964912280701754,0.3684210526315789,long,0.5964912280701754,0.04824121539509652
positive_heavy&open_deal,69,0.01012044546301514,0.008143494773837023,0.05485889632711788,0.5652173913043478,0.42028985507246375,long,0.5652173913043478,0.04751597996625012
short_posts&volume_drop,98,0.009170938730046879,0.002308665833614887,0.03747141729545907,0.5204081632653061,0.4387755102040816,long,0.5204081632653061,0.047246640179855304
attack_heavy&volume_spike,88,0.008830309953355082,0.007560110752510618,0.04435828637099599,0.5568181818181818,0.42045454545454547,long,0.5568181818181818,0.046124395988585816
attack_heavy&has_market_brag,75,0.009703144448215694,0.006521663969149438,0.04840221440275422,0.5466666666666666,0.41333333333333333,long,0.5466666666666666,0.04593732708513786
has_tariff&has_action,43,0.01199095160911679,0.008403475377657177,0.041868799086353964,0.5813953488372093,0.3953488372093023,long,0.5813953488372093,0.0457150744329439
posts_high&open_deal,59,0.01024962264841506,0.008143494773837023,0.05754635813488744,0.576271186440678,0.4067796610169492,long,0.576271186440678,0.045369165159092506
deal_heavy&pre_action,27,0.014713280049734127,0.004608580848561861,0.05092222923649322,0.5925925925925926,0.4074074074074074,long,0.5925925925925926,0.04530515305267386
has_night_post&volume_spike,144,0.006792043225032102,0.0045198088918285695,0.04431007874266722,0.5555555555555556,0.4305555555555556,long,0.5555555555555556,0.04528028816688068
open_deal&lots_of_excl,76,0.009366426753629841,0.007677474844223542,0.05277329476212102,0.5526315789473685,0.4342105263157895,long,0.5526315789473685,0.04512491901600593
pre_action&volume_spike,33,0.01288348973760986,0.004608580848561861,0.052095433255799704,0.6060606060606061,0.36363636363636365,long,0.6060606060606061,0.04485455388104826
brag_heavy&has_night_post,37,0.012978560726565233,0.006521663969149438,0.046436750739193663,0.5675675675675675,0.43243243243243246,long,0.5675675675675675,0.044806907042696534
has_tariff&has_china,86,0.008191935335347724,0.007531981445014435,0.04322775911274154,0.5813953488372093,0.38372093023255816,long,0.5813953488372093,0.04416795525568922
deal_heavy&volume_spike,49,0.01137922345587364,0.004425010702702625,0.047829818847150374,0.5510204081632653,0.4489795918367347,long,0.5510204081632653,0.04389129047265546
pre_action&short_posts,49,0.01055148639997025,0.012145876098706987,0.04985597489479569,0.5918367346938775,0.40816326530612246,long,0.5918367346938775,0.04371330079987675
open_deal&has_night_post,74,0.009399281320452365,0.006740547394333163,0.05331215778485618,0.5405405405405406,0.44594594594594594,long,0.5405405405405406,0.04370577037565901
has_russia&open_deal,31,0.013338585384175105,0.009771988166369372,0.060698371497690196,0.5806451612903226,0.41935483870967744,long,0.5806451612903226,0.04312225181762451
posts_low&exclamation_heavy,42,-0.009958817999840486,-0.008805367846353385,0.03587271711081851,0.3333333333333333,0.6666666666666666,short,0.6666666666666666,0.043027011413068667
has_action&has_all_caps,56,0.010007105532819525,0.007332579371493231,0.05088170410838532,0.5714285714285714,0.42857142857142855,long,0.5714285714285714,0.04279218324240063
has_deal&has_uppercase_phrase,135,0.006716410102114452,0.006269639874056265,0.04721349478036976,0.5481481481481482,0.43703703703703706,long,0.5481481481481482,0.04277618424249669
deal_heavy&has_action,54,0.010434194241814574,0.0059100178815859605,0.04622956136482606,0.5555555555555556,0.4444444444444444,long,0.5555555555555556,0.04259741961588684
has_relief&has_action,29,0.013164258536496578,0.012145876098706987,0.06372202423492523,0.5862068965517241,0.41379310344827586,long,0.5862068965517241,0.04155720449334285
has_relief&has_russia,37,0.011843640509945644,0.007117668178103553,0.05260150555885151,0.5675675675675675,0.43243243243243246,long,0.5675675675675675,0.04088873262271915
pre_deal&deal_over_tariff,149,0.006153668139976021,0.005244690278893849,0.03975182872362979,0.5436241610738255,0.436241610738255,long,0.5436241610738255,0.04083437908525003
pre_deal&volume_spike,46,0.010217068412981967,0.004926635563727855,0.046238421301262426,0.5869565217391305,0.391304347826087,long,0.5869565217391305,0.04067346293041874
attack_heavy&brag_heavy,24,0.014137644786017927,0.009987310308276598,0.05190028197592994,0.5833333333333334,0.375,long,0.5833333333333334,0.040401685205540154
pre_deal&deal_only,119,0.006833244410285828,0.004608580848561861,0.03923753681726381,0.5378151260504201,0.4369747899159664,long,0.5378151260504201,0.040089759236706844
has_relief&deal_only,35,0.011844209711607065,0.007117668178103553,0.05962773878389783,0.5714285714285714,0.42857142857142855,long,0.5714285714285714,0.04004073692664611
open_deal,81,0.008181190309830543,0.00721145491461006,0.05208740749166156,0.5432098765432098,0.4444444444444444,long,0.5432098765432098,0.03999693040361598
open_deal&has_exclamation,81,0.008181190309830543,0.00721145491461006,0.05208740749166156,0.5432098765432098,0.4444444444444444,long,0.5432098765432098,0.03999693040361598
has_deal&open_deal,81,0.008181190309830543,0.00721145491461006,0.05208740749166156,0.5432098765432098,0.4444444444444444,long,0.5432098765432098,0.03999693040361598
has_positive&open_deal,79,0.008243220463423804,0.00721145491461006,0.0526453875573387,0.5443037974683544,0.4430379746835443,long,0.5443037974683544,0.03987969471467491
has_uppercase_phrase&deal_over_tariff,118,0.006600904652888206,0.006623183302620239,0.047711548461514194,0.5508474576271186,0.4322033898305085,long,0.5508474576271186,0.03949806431100286
has_all_caps&has_uppercase_phrase,133,0.006442029205215194,0.0031545841275610886,0.05234759483010955,0.518796992481203,0.46616541353383456,long,0.518796992481203,0.03854303945987271
posts_high&china_streak_3d,44,0.009803354519738454,0.009649415853376309,0.044444209432023624,0.5909090909090909,0.36363636363636365,long,0.5909090909090909,0.038425693834044886
has_action&open_deal,28,0.01184373938894992,0.007677474844223542,0.0441298109823106,0.6071428571428571,0.39285714285714285,long,0.6071428571428571,0.0380503580911262
has_market_brag&short_posts,84,0.008241761021789338,0.0008361761692201597,0.05349119136453824,0.5,0.4880952380952381,long,0.5,0.037768493742086226
open_deal&deal_over_tariff,77,0.007880761999786977,0.00721145491461006,0.05274224894211414,0.5454545454545454,0.44155844155844154,long,0.5454545454545454,0.03772003957835119
has_tariff&has_night_post,130,0.006115462284998407,0.0063799399335562335,0.04011698575964375,0.5384615384615384,0.4307692307692308,long,0.5384615384615384,0.037545306671792796
has_tariff&has_russia,61,0.008137765272646277,0.008403475377657177,0.04060306377153342,0.5901639344262295,0.36065573770491804,long,0.5901639344262295,0.03750962670489247
open_deal&deal_only,61,0.009042675315912909,0.006269639874056265,0.053800360385645965,0.5245901639344263,0.45901639344262296,long,0.5245901639344263,0.0370494698782625
open_deal&short_posts,45,0.010242178705080776,0.00721145491461006,0.06382832243337203,0.5333333333333333,0.4444444444444444,long,0.5333333333333333,0.03664353251561822
has_exclamation&china_streak_3d,76,0.007235075319052012,0.009286297785503161,0.04083522260609746,0.5789473684210527,0.3815789473684211,long,0.5789473684210527,0.036516482506440344
china_streak_3d,76,0.007235075319052012,0.009286297785503161,0.04083522260609746,0.5789473684210527,0.3815789473684211,long,0.5789473684210527,0.036516482506440344
has_tariff&exclamation_heavy,138,0.0056772097877802775,0.0063799399335562335,0.0392482639767292,0.5434782608695652,0.42028985507246375,long,0.5434782608695652,0.03624571431251587
open_deal&exclamation_heavy,79,0.007665402298142974,0.006269639874056265,0.052646315996748,0.5316455696202531,0.45569620253164556,long,0.5316455696202531,0.036221855801759024
volume_drop,308,0.004170339064001105,0.0,0.04048560891988983,0.4935064935064935,0.474025974025974,long,0.4935064935064935,0.03611932252619419
posts_high&brag_heavy,29,0.012872622719862229,0.002252218410768725,0.05033259672222945,0.5172413793103449,0.4482758620689655,long,0.5172413793103449,0.035855790437856264
has_tariff,143,0.005557013008177977,0.005235523426080135,0.039638241415273556,0.5384615384615384,0.42657342657342656,long,0.5384615384615384,0.03578195950247612
has_tariff&has_exclamation,143,0.005557013008177977,0.005235523426080135,0.039638241415273556,0.5384615384615384,0.42657342657342656,long,0.5384615384615384,0.03578195950247612
deal_heavy&has_relief,31,0.013255934297284434,-0.0018586550370984778,0.06348566805602969,0.4838709677419355,0.5161290322580645,long,0.4838709677419355,0.03571254124666282
has_tariff&has_positive,141,0.005576621738010146,0.005235523426080135,0.039721103297734,0.5390070921985816,0.425531914893617,long,0.5390070921985816,0.03569235659392181
has_iran&pre_deal,41,0.009463079258962228,0.00721145491461006,0.0344744893370854,0.5853658536585366,0.3902439024390244,long,0.5853658536585366,0.035469232486132166
has_relief&has_attack,76,0.007926561155656639,0.0042173280097411725,0.05421000189045042,0.5131578947368421,0.47368421052631576,long,0.5131578947368421,0.0354603179695997
has_tariff&attack_heavy,68,0.007842300205838357,0.004833521803023988,0.04296057044097736,0.5441176470588235,0.39705882352941174,long,0.5441176470588235,0.035187687869693014
deal_heavy&attack_heavy,79,0.0073602383737645626,0.0032363439160636442,0.04024483604008692,0.5316455696202531,0.46835443037974683,long,0.5316455696202531,0.03477984359746656
deal_heavy&has_uppercase_phrase,64,0.008386206281207172,0.0042732764679320745,0.046550227325559156,0.515625,0.484375,long,0.515625,0.034593100909979586
attack_heavy&has_all_caps,101,0.006410181171123302,0.005722646096396833,0.04564346297962101,0.5346534653465347,0.45544554455445546,long,0.5346534653465347,0.03444319077075814
positive_heavy&china_streak_3d,60,0.007601761596386134,0.009149146972165179,0.04201657457215278,0.5833333333333334,0.38333333333333336,long,0.5833333333333334,0.034348412075416376
has_tariff&open_tariff,30,0.009888391260821361,0.012660476518511654,0.03418551509881361,0.6333333333333333,0.3333333333333333,long,0.6333333333333333,0.034301934689595796
open_tariff&exclamation_heavy,30,0.009888391260821361,0.012660476518511654,0.03418551509881361,0.6333333333333333,0.3333333333333333,long,0.6333333333333333,0.034301934689595796
open_tariff,30,0.009888391260821361,0.012660476518511654,0.03418551509881361,0.6333333333333333,0.3333333333333333,long,0.6333333333333333,0.034301934689595796
open_tariff&has_exclamation,30,0.009888391260821361,0.012660476518511654,0.03418551509881361,0.6333333333333333,0.3333333333333333,long,0.6333333333333333,0.034301934689595796
has_uppercase_phrase&deal_only,98,0.006507670459382353,0.005325135212173038,0.04635320818683506,0.5306122448979592,0.4489795918367347,long,0.5306122448979592,0.034183447342992154
has_uppercase_phrase&volume_spike,77,0.0066520601444186546,0.006976726731184213,0.04680706436686006,0.5844155844155844,0.4155844155844156,long,0.5844155844155844,0.03411326739159596
has_attack&has_market_brag,131,0.006227665187429988,0.0,0.049443467335028135,0.4732824427480916,0.4961832061068702,long,0.4732824427480916,0.03373504529426269
deal_heavy&has_china,85,0.006748609746125874,0.004608580848561861,0.046998656269383564,0.5411764705882353,0.4588235294117647,long,0.5411764705882353,0.033671517042930206
has_tariff&has_deal,85,0.006739437870519728,0.005235523426080135,0.04342200163742659,0.5411764705882353,0.43529411764705883,long,0.5411764705882353,0.03362575488192138
positive_heavy&has_market_brag,138,0.0056950485784114605,0.0008361761692201597,0.04706178866298286,0.5,0.4782608695652174,long,0.5,0.03345083633799147
has_attack&brag_heavy,32,0.010971444871162243,0.0043869411899590816,0.05329134950836927,0.53125,0.4375,long,0.53125,0.03297142803820606
has_china&has_all_caps,90,0.006490196207206689,0.0061221550327731356,0.05433982550758503,0.5333333333333333,0.45555555555555555,long,0.5333333333333333,0.032838083961854815
posts_high&has_market_brag,104,0.00640162823997523,0.0008361761692201597,0.051083195207008464,0.5,0.4807692307692308,long,0.5,0.03264202731440033
has_positive&high_emotion,24,0.01326817756385359,4.218567743879964e-05,0.05325002309539972,0.5,0.5,long,0.5,0.03250026484808526
has_positive&china_streak_3d,73,0.006765123711061492,0.00884944654612907,0.04152388161005237,0.5616438356164384,0.3972602739726027,long,0.5616438356164384,0.03246371144272163
has_china&open_deal,42,0.00873518124118196,0.007677474844223542,0.05946631150652231,0.5714285714285714,0.40476190476190477,long,0.5714285714285714,0.032348825472969606
has_tariff&lots_of_excl,133,0.00525235666286503,0.005235523426080135,0.03902755860590838,0.5338345864661654,0.42857142857142855,long,0.5338345864661654,0.03233603286365361
pre_deal&open_deal,29,0.010158331152408816,0.008143494773837023,0.05280643387747312,0.5862068965517241,0.41379310344827586,long,0.5862068965517241,0.03206803055723761
has_night_post&china_streak_3d,69,0.006669101601430456,0.00884944654612907,0.041160110792031045,0.5652173913043478,0.391304347826087,long,0.5652173913043478,0.03131175393855112
open_tariff&has_night_post,29,0.009234672216657754,0.012145876098706987,0.03459925709482909,0.6206896551724138,0.3448275862068966,long,0.6206896551724138,0.03086704044407676
posts_very_high&has_market_brag,62,0.007495819247901619,0.004097008153794879,0.05733432265079089,0.5161290322580645,0.46774193548387094,long,0.5161290322580645,0.0304630398865273
silence_day&volume_drop,139,0.005106990753521062,0.0033897972650904773,0.04438520089478927,0.5035971223021583,0.4676258992805755,long,0.5035971223021583,0.03032185114780176
has_all_caps&deal_only,69,0.007170840961640903,0.0017573923368332522,0.04731160201768395,0.5072463768115942,0.463768115942029,long,0.5072463768115942,0.03021437322783312
has_relief&short_posts,48,0.007462535892887585,0.008468898688067328,0.055083112249441436,0.5833333333333334,0.4166666666666667,long,0.5833333333333334,0.030159479746171242
has_china&pre_tariff,38,0.008423018688225004,0.008811098641279269,0.04180276028314629,0.5789473684210527,0.3684210526315789,long,0.5789473684210527,0.030060669359926292
has_relief&deal_over_tariff,44,0.008267750553890285,0.00626162416177789,0.05875938197033714,0.5454545454545454,0.45454545454545453,long,0.5454545454545454,0.029913847033644116
open_tariff&lots_of_excl,29,0.008937116117074591,0.012145876098706987,0.034384147929438925,0.6206896551724138,0.3448275862068966,long,0.6206896551724138,0.029872454394379445
has_positive&open_tariff,29,0.008937116117074591,0.012145876098706987,0.034384147929438925,0.6206896551724138,0.3448275862068966,long,0.6206896551724138,0.029872454394379445
posts_very_high&pre_tariff,25,0.009319705591980197,0.009478702508721515,0.03997298233834704,0.64,0.32,long,0.64,0.029823057894336633
posts_high&open_tariff,24,0.009686241904074328,0.010144685436272005,0.03469894881765639,0.625,0.3333333333333333,long,0.625,0.029657937737683326
deal_over_tariff&volume_drop,27,0.010079028895746852,0.0033707476874844655,0.040071233336431415,0.5555555555555556,0.37037037037037035,long,0.5555555555555556,0.02909565023064731
deal_only&volume_drop,27,0.010079028895746852,0.0033707476874844655,0.040071233336431415,0.5555555555555556,0.37037037037037035,long,0.5555555555555556,0.02909565023064731
has_positive&brag_heavy,40,0.008737572489230594,0.003545427984950167,0.04856192807551789,0.525,0.45,long,0.525,0.029012161801135514
has_market_brag&has_night_post,153,0.004846540599612374,0.0,0.04534747622623385,0.48366013071895425,0.49673202614379086,long,0.48366013071895425,0.02899464925524346
has_deal&has_all_caps,94,0.005631989153537782,0.0038074882216455608,0.048612679107906766,0.5212765957446809,0.4574468085106383,long,0.5212765957446809,0.02846387103112394
has_russia&uppercase_phrase_heavy,24,0.010721826782017265,0.0033703390833531577,0.046102350247343674,0.5416666666666666,0.4583333333333333,long,0.5416666666666666,0.02845158845365336
has_tariff&has_attack,112,0.005088727905854196,0.004833521803023988,0.039558608390629066,0.5267857142857143,0.42857142857142855,long,0.5267857142857143,0.028369535828047066
has_market_brag&pre_deal,40,0.00853042400612454,0.004437530257468403,0.0418131784827954,0.525,0.475,long,0.525,0.02832434772964827
pre_tariff&pre_deal,30,0.009046594493429967,0.008811098641279269,0.0469574329525495,0.5666666666666667,0.4,long,0.5666666666666667,0.02807846861170381
lots_of_excl&china_streak_3d,67,0.006182402729847839,0.00884944654612907,0.040284234276171345,0.5522388059701493,0.40298507462686567,long,0.5522388059701493,0.027946126132819365
brag_heavy&exclamation_heavy,41,0.00833119201779064,0.002252218410768725,0.04802161269201354,0.5121951219512195,0.4634146341463415,long,0.5121951219512195,0.02732338556712851
brag_heavy,41,0.00833119201779064,0.002252218410768725,0.04802161269201354,0.5121951219512195,0.4634146341463415,long,0.5121951219512195,0.02732338556712851
brag_heavy&has_exclamation,41,0.00833119201779064,0.002252218410768725,0.04802161269201354,0.5121951219512195,0.4634146341463415,long,0.5121951219512195,0.02732338556712851
has_market_brag&brag_heavy,41,0.00833119201779064,0.002252218410768725,0.04802161269201354,0.5121951219512195,0.4634146341463415,long,0.5121951219512195,0.02732338556712851
has_attack&open_tariff,28,0.00846812718126473,0.010144685436272005,0.03487385175743484,0.6071428571428571,0.35714285714285715,long,0.6071428571428571,0.027205535433255608
posts_high&has_relief,66,0.006034055128496945,0.005325135212173038,0.05668110573650336,0.5454545454545454,0.4393939393939394,long,0.5454545454545454,0.026738670327054414
posts_very_high&open_deal,44,0.007708197050876457,0.001503725179847204,0.06377883548655783,0.5227272727272727,0.4772727272727273,long,0.5227272727272727,0.026727251856421295
brag_heavy&lots_of_excl,40,0.008418505879257115,0.0011261092053843624,0.04863008157788741,0.5,0.475,long,0.5,0.026621653073970936
positive_heavy&open_tariff,28,0.008226075851914186,0.010144685436272005,0.03479730729327552,0.6071428571428571,0.35714285714285715,long,0.6071428571428571,0.02642789760657274
has_iran&has_uppercase_phrase,55,-0.0067555190842418745,-0.001724189922181818,0.04703653541913404,0.4727272727272727,0.5272727272727272,short,0.5272727272727272,0.026416506217289335
posts_high&has_tariff,91,0.005015705951687346,0.006329180177128135,0.041202274279963653,0.5494505494505495,0.4065934065934066,long,0.5494505494505495,0.026289442473048617
posts_very_high&open_tariff,21,0.00920813928164444,0.008143494773837023,0.03598485989358114,0.6190476190476191,0.3333333333333333,long,0.6190476190476191,0.026121949451515004
has_relief&positive_heavy,85,0.005464440392599469,0.0031899657405884962,0.05362523892027031,0.5176470588235295,0.47058823529411764,long,0.5176470588235295,0.02607887823396592
attack_heavy&pre_tariff,33,0.007883426896239254,0.008143494773837023,0.03600082899186813,0.5757575757575758,0.3333333333333333,long,0.5757575757575758,0.0260742410249132
has_attack&sig_potus,50,0.006559746553363437,0.0033877864380514877,0.03761593992220785,0.56,0.44,long,0.56,0.025975271116190867
has_deal&china_streak_3d,31,0.007990253646797753,0.00884944654612907,0.05230237884746309,0.5806451612903226,0.41935483870967744,long,0.5806451612903226,0.025831654551065703
has_iran&volume_spike,38,0.0075814050992431435,0.00750833922263161,0.04895417274499372,0.5526315789473685,0.4473684210526316,long,0.5526315789473685,0.025827192496711882
has_tariff&positive_heavy,119,0.0044506925701643454,0.0032363439160636442,0.0407964807028303,0.5294117647058824,0.42857142857142855,long,0.5294117647058824,0.025703642095766976
has_iran&has_russia,58,0.005754071374941739,0.008334296208822756,0.04150504313730321,0.5862068965517241,0.41379310344827586,long,0.5862068965517241,0.02568858394657052
deal_heavy&has_iran,43,0.008009274648692727,0.0,0.04053988208589286,0.4883720930232558,0.4883720930232558,long,0.4883720930232558,0.02564946159986312
positive_heavy&brag_heavy,35,0.0084024709806867,0.002252218410768725,0.05034192484663828,0.5142857142857142,0.45714285714285713,long,0.5142857142857142,0.02556498275841692
has_all_caps&deal_over_tariff,84,0.005432704575611479,0.0030912015197679388,0.04934662452197593,0.5119047619047619,0.4642857142857143,long,0.5119047619047619,0.02548853661145522
has_relief&lots_of_excl,89,0.005225889763147919,0.0031899657405884962,0.05305225835302153,0.5168539325842697,0.47191011235955055,long,0.5168539325842697,0.02548138752238517
posts_low&volume_spike,39,0.006860289129242733,0.003662967910337489,0.05856848027311845,0.5897435897435898,0.41025641025641024,long,0.5897435897435898,0.0252660849551992
deal_only&china_streak_3d,20,0.010242944983948815,0.012237100096083808,0.05153818454986666,0.55,0.45,long,0.55,0.025194313401290053
has_tariff&short_posts,43,0.007179552385851156,0.013175076938316321,0.05099083660057487,0.5348837209302325,0.4418604651162791,long,0.5348837209302325,0.025182043912817864
posts_low&has_uppercase_phrase,25,-0.009655918496867923,-0.0021884243713444773,0.04850709199602694,0.48,0.52,short,0.52,0.025105388091856598
has_relief,93,0.004989465909018139,0.0031899657405884962,0.05201688402120902,0.5161290322580645,0.4731182795698925,long,0.5161290322580645,0.024834408624748994
has_relief&has_exclamation,93,0.004989465909018139,0.0031899657405884962,0.05201688402120902,0.5161290322580645,0.4731182795698925,long,0.5161290322580645,0.024834408624748994
has_relief&has_positive,93,0.004989465909018139,0.0031899657405884962,0.05201688402120902,0.5161290322580645,0.4731182795698925,long,0.5161290322580645,0.024834408624748994
positive_heavy&sig_potus,49,0.00627671152201175,0.002344535941007697,0.036511793025984826,0.5510204081632653,0.4489795918367347,long,0.5510204081632653,0.02421017301347389
has_relief&has_night_post,91,0.004893082349172101,0.0031899657405884962,0.05256894780738853,0.5164835164835165,0.4835164835164835,long,0.5164835164835165,0.02410791694790325
has_deal&has_relief,47,0.006605482766633509,0.005244690278893849,0.057299493514593416,0.5319148936170213,0.46808510638297873,long,0.5319148936170213,0.02408771718986214
exclamation_heavy&china_streak_3d,70,0.005251802169293823,0.008780150100084816,0.04095493552008504,0.5428571428571428,0.4142857142857143,long,0.5428571428571428,0.02385299597255675
has_relief&exclamation_heavy,92,0.004839896671463709,0.002505732472612432,0.05228179842484732,0.5108695652173914,0.4782608695652174,long,0.5108695652173914,0.02371592313585548
has_action&uppercase_phrase_heavy,27,0.008633398836194912,0.0013350980212540886,0.058626314799730406,0.5185185185185185,0.48148148148148145,long,0.5185185185185185,0.02326097732979316
has_night_post&volume_drop,127,0.004095409790182413,0.001347929645488799,0.03705038339878448,0.5039370078740157,0.4645669291338583,long,0.5039370078740157,0.023258166630687003
exclamation_heavy&tariff_only,54,0.00568496693618708,0.01030862708226643,0.033867381055629066,0.5555555555555556,0.3888888888888889,long,0.5555555555555556,0.023208780330419603
posts_very_high&sig_potus,29,0.0073087703287379934,0.013175076938316321,0.04391937084735087,0.5862068965517241,0.41379310344827586,long,0.5862068965517241,0.023072477823507867
positive_heavy&uppercase_phrase_heavy,38,0.006757811697844221,0.006774537459644625,0.0578276563298009,0.5526315789473685,0.4473684210526316,long,0.5526315789473685,0.023021498164525995
lots_of_excl&tariff_rising,25,0.007121750063309249,0.006329180177128135,0.02547536191678252,0.64,0.32,long,0.64,0.022789600202589595
posts_low&has_exclamation,125,-0.003634031872848552,-0.004454403674754248,0.04495857258668556,0.432,0.56,short,0.56,0.02275263844025266
has_relief&has_market_brag,21,0.009458556820793721,0.007117668178103553,0.05772502917694093,0.5238095238095238,0.42857142857142855,long,0.5238095238095238,0.022704289455219476
posts_low&volume_drop,209,0.0032485835224817525,0.0,0.04299978352646334,0.48325358851674644,0.4880382775119617,long,0.48325358851674644,0.022695631316734063
has_deal&pre_tariff,41,0.006593793099226667,0.008143494773837023,0.04293932793413564,0.5365853658536586,0.4146341463414634,long,0.5365853658536586,0.022655104415269908
pre_action&has_all_caps,28,0.007955520717888773,0.006284252738269824,0.06253093725574267,0.5357142857142857,0.4642857142857143,long,0.5357142857142857,0.022551781467381148
has_iran&has_all_caps,26,-0.008175921597451563,-0.0034546817732696855,0.0549668696056512,0.4230769230769231,0.5384615384615384,short,0.5384615384615384,0.02244802202839011
has_market_brag&has_exclamation,172,0.003554073358340205,-0.0025879287261273975,0.045754310982238,0.45930232558139533,0.5174418604651163,long,0.45930232558139533,0.02140864868716117
has_market_brag,172,0.003554073358340205,-0.0025879287261273975,0.045754310982238,0.45930232558139533,0.5174418604651163,long,0.45930232558139533,0.02140864868716117
has_deal&has_market_brag,80,0.004632891116592422,0.0017148723376367858,0.04691869762621115,0.5125,0.4625,long,0.5125,0.021236891911563895
pre_tariff&has_night_post,60,0.005236510220968665,0.004833521803023988,0.0407132095917426,0.5166666666666667,0.45,long,0.5166666666666667,0.020956947440658447
has_russia&pre_tariff,28,0.006899143858260737,0.0072870972319106775,0.035178133569274926,0.5714285714285714,0.35714285714285715,long,0.5714285714285714,0.020861050180818925
has_attack&uppercase_phrase_heavy,41,0.0060512448268514926,0.005405580145452227,0.05544613232972291,0.5365853658536586,0.4634146341463415,long,0.5365853658536586,0.020791004711804017
posts_high&sig_potus,40,0.005679584603483626,0.0088030569367058,0.03995312363426157,0.575,0.425,long,0.575,0.020654487037227436
has_market_brag&has_russia,56,0.005888357522049341,-0.0023257649283640602,0.05353634328958304,0.4642857142857143,0.5178571428571429,long,0.4642857142857143,0.020458486674174544
open_deal&has_uppercase_phrase,36,0.006104219692285941,0.006740547394333163,0.061356669769853905,0.5555555555555556,0.4444444444444444,long,0.5555555555555556,0.020347398974286474
posts_high&pre_tariff,41,0.0056534360107219255,0.008143494773837023,0.03821172925420446,0.5609756097560976,0.36585365853658536,long,0.5609756097560976,0.02030712249599201
has_relief&has_china,37,0.005812027195314145,0.010370487468750023,0.05343746944693576,0.5675675675675675,0.43243243243243246,long,0.5675675675675675,0.02006531908711767
attack_heavy&open_deal,44,0.005475564441157321,0.003970996106248292,0.043620769581811325,0.5454545454545454,0.45454545454545453,long,0.5454545454545454,0.019811337563706413
has_attack&has_iran,90,0.00395187240263288,0.004820164211814637,0.04175383520747343,0.5222222222222223,0.45555555555555555,long,0.5222222222222223,0.01957850457633497
has_market_brag&lots_of_excl,161,0.0033044049477949037,-0.0018381551019903686,0.046506666585941,0.4658385093167702,0.5093167701863354,long,0.4658385093167702,0.019531769443388518
lots_of_excl&volume_drop,86,0.004278603447730482,0.0,0.037661562697265664,0.4883720930232558,0.46511627906976744,long,0.4883720930232558,0.019377694358675968
has_market_brag&deal_only,55,0.004628494558686022,0.004090010277338907,0.0498614775661309,0.5636363636363636,0.41818181818181815,long,0.5636363636363636,0.01934728844824348
has_market_brag&exclamation_heavy,168,0.0032075558005617575,-0.0025879287261273975,0.045723274901222466,0.4583333333333333,0.5178571428571429,long,0.4583333333333333,0.019055059300855222
has_relief&attack_heavy,47,0.005215067060943638,0.005405580145452227,0.05156361398075762,0.5319148936170213,0.44680851063829785,long,0.5319148936170213,0.01901739281263734
has_attack&tariff_rising,20,0.0070207391227006645,0.00566673025721276,0.02793801372944276,0.6,0.35,long,0.6,0.01883861991678111
attack_heavy&open_tariff,21,0.006632178106399188,0.008143494773837023,0.03438562495170008,0.6190476190476191,0.38095238095238093,long,0.6190476190476191,0.018814378882621007
has_positive&has_market_brag,167,0.0031533173801541153,-0.001996035235598548,0.04595819910681603,0.46107784431137727,0.5149700598802395,long,0.46107784431137727,0.018788848912040388
has_russia&china_streak_3d,27,0.006468285863852273,0.00884944654612907,0.03439909380346037,0.5555555555555556,0.4074074074074074,long,0.5555555555555556,0.018672332923452807
has_positive&pre_tariff,63,0.004718791654387758,0.0,0.03976397240752999,0.49206349206349204,0.4603174603174603,long,0.49206349206349204,0.018429867875873755
has_market_brag&deal_over_tariff,70,0.004045908471275224,0.003171114344053816,0.04742179027987014,0.5428571428571428,0.44285714285714284,long,0.5428571428571428,0.018375985111342804
has_market_brag&pre_action,22,0.007834846361793147,0.0008361761692201597,0.0594276399748222,0.5,0.45454545454545453,long,0.5,0.01837434342557492
has_relief&has_uppercase_phrase,41,0.0050627127066307015,0.005405580145452227,0.05070226837533502,0.5609756097560976,0.4146341463414634,long,0.5609756097560976,0.01818524644138256
high_emotion&volume_spike,23,0.007235300313131403,0.0032467214128466537,0.06093249135922495,0.5217391304347826,0.4782608695652174,long,0.5217391304347826,0.018103972863834767
pre_relief&deal_over_tariff,23,0.007862898421242943,-0.0018586550370984778,0.054949286785221284,0.4782608695652174,0.5217391304347826,long,0.4782608695652174,0.018034804228053477
has_deal&volume_drop,30,0.0065835772347501076,0.0006739648227443995,0.039655937129745286,0.5,0.43333333333333335,long,0.5,0.018029868802750593
attack_heavy&china_streak_3d,32,0.005360931373848264,0.009649415853376309,0.03424214048604671,0.59375,0.375,long,0.59375,0.018006066907638157
pre_tariff&has_uppercase_phrase,25,0.0063875378165417504,0.008143494773837023,0.04292422096682224,0.56,0.4,long,0.56,0.017885105886316904
pre_deal&has_all_caps,45,0.0047888870925388875,0.004425010702702625,0.03804727350298971,0.5555555555555556,0.4222222222222222,long,0.5555555555555556,0.017847128459147134
uppercase_phrase_heavy&short_posts,32,0.005892811500426705,0.0075279306522862965,0.05917501269727243,0.53125,0.46875,long,0.53125,0.017709099631874635
has_china&china_streak_3d,40,0.004860519719604961,0.008780150100084816,0.035054308750975254,0.575,0.375,long,0.575,0.01767585986503184
has_all_caps&volume_spike,48,0.004708195749283796,0.009625385880690063,0.04745895480325905,0.5416666666666666,0.4583333333333333,long,0.5416666666666666,0.017668807541101932
posts_very_high&has_iran,54,0.004590220775256969,0.004820164211814637,0.045299814845318545,0.5185185185185185,0.48148148148148145,long,0.5185185185185185,0.017490197987270077
has_positive&sig_potus,58,0.004260639396953324,0.0018469648565273555,0.036715165458381015,0.5344827586206896,0.46551724137931033,long,0.5344827586206896,0.017342930188381754
has_night_post&high_emotion,41,-0.004610192305546211,-0.005649717514124242,0.04100266266881039,0.4146341463414634,0.5853658536585366,short,0.5853658536585366,0.017279785809289384
has_russia&sig_potus,35,0.0048482829728514224,0.004431036935095278,0.033560899812795045,0.6,0.4,long,0.6,0.01720969732705944
has_uppercase_phrase&volume_drop,32,0.005675219700861999,0.003998554623104167,0.03858684190204691,0.53125,0.40625,long,0.53125,0.017055191924612793
high_emotion&has_uppercase_phrase,20,-0.006256773238913271,-0.002287382302824492,0.0560545076645152,0.4,0.6,short,0.6,0.016788684338413927
has_tariff&deal_over_tariff,43,0.004553042980134977,0.008143494773837023,0.04637032012181141,0.5581395348837209,0.4418604651162791,long,0.5581395348837209,0.016663981083203657
has_russia&tariff_only,23,0.005706051830997589,0.008403475377657177,0.03706071185996303,0.6086956521739131,0.34782608695652173,long,0.6086956521739131,0.01665711675767665
has_market_brag&has_china,70,0.004205885392864292,-0.0016293215354804547,0.052050337081477306,0.4714285714285714,0.5142857142857142,long,0.4714285714285714,0.01658908201213899
positive_heavy&volume_drop,50,0.0046457447387686516,0.0006739648227443995,0.03462667502616085,0.5,0.44,long,0.5,0.016425188042225196
has_tariff&pre_tariff,64,0.0041899640454214244,0.0,0.03967333692163813,0.484375,0.46875,long,0.484375,0.01623611067600802
pre_tariff&has_exclamation,64,0.0041899640454214244,0.0,0.03967333692163813,0.484375,0.46875,long,0.484375,0.01623611067600802
pre_tariff,64,0.0041899640454214244,0.0,0.03967333692163813,0.484375,0.46875,long,0.484375,0.01623611067600802
posts_high&uppercase_phrase_heavy,43,0.004617201653187704,0.005405580145452227,0.05533907971214202,0.5348837209302325,0.46511627906976744,long,0.5348837209302325,0.01619468297411466
has_china&tariff_only,22,0.006285688535826072,0.007417087533820754,0.03618392603419734,0.5454545454545454,0.4090909090909091,long,0.5454545454545454,0.0160813595835164
attack_heavy&has_iran,52,0.0039838526452895,0.0066636519706302355,0.03612125422550548,0.5576923076923077,0.4423076923076923,long,0.5576923076923077,0.016021367869540008
has_deal&uppercase_phrase_heavy,27,0.005936446983067715,0.0013350980212540886,0.057370082791409406,0.5185185185185185,0.48148148148148145,long,0.5185185185185185,0.015994576563952406
has_night_post&tariff_only,50,0.004279177197218518,0.007417087533820754,0.03278798133193826,0.52,0.44,long,0.52,0.015734343113070703
has_exclamation&volume_drop,157,0.0025918747000812986,0.0,0.03689027418824849,0.4840764331210191,0.4840764331210191,long,0.4840764331210191,0.015720913152819354
has_tariff&tariff_only,58,0.003824148985780582,0.005145832860122046,0.0336223877374533,0.5344827586206896,0.41379310344827586,long,0.5344827586206896,0.015566196223456197
has_exclamation&tariff_only,58,0.003824148985780582,0.005145832860122046,0.0336223877374533,0.5344827586206896,0.41379310344827586,long,0.5344827586206896,0.015566196223456197
tariff_only,58,0.003824148985780582,0.005145832860122046,0.0336223877374533,0.5344827586206896,0.41379310344827586,long,0.5344827586206896,0.015566196223456197
attack_heavy&uppercase_phrase_heavy,34,-0.0050300631363506335,-0.002858889793649677,0.05041897390818252,0.47058823529411764,0.5294117647058824,short,0.5294117647058824,0.015527676799109236
sig_potus&exclamation_heavy,59,0.0038355870713438233,0.001349393772047014,0.03658793904077655,0.5254237288135594,0.4745762711864407,long,0.5254237288135594,0.015479878017501779
has_iran&deal_only,60,0.003866951321002904,0.005757165076475057,0.04407863796961655,0.5166666666666667,0.4666666666666667,long,0.5166666666666667,0.015475859335733654
has_attack&volume_drop,70,0.0037940592999946405,0.0,0.03574288993465651,0.4857142857142857,0.4714285714285714,long,0.4857142857142857,0.015418211950940378
has_market_brag&has_uppercase_phrase,68,0.003847412473663515,0.0,0.05668751938297312,0.4852941176470588,0.4852941176470588,long,0.4852941176470588,0.015396720719697315
has_positive&tariff_only,56,0.0038116329654509585,0.005145832860122046,0.03363395611300637,0.5357142857142857,0.4107142857142857,long,0.5357142857142857,0.0152805264009114
has_tariff&open_deal,20,0.005553661041279329,0.008811098641279269,0.047680827624489434,0.6,0.4,long,0.6,0.014902036334751413
sig_potus&deal_over_tariff,21,0.005200395293607744,0.013452956647403758,0.036244186480143915,0.6190476190476191,0.38095238095238093,long,0.6190476190476191,0.014752650761735459
lots_of_excl&tariff_only,51,0.0038791531064735567,0.006430699689984332,0.03429660745708491,0.5294117647058824,0.4117647058823529,long,0.5294117647058824,0.014666132262303832
sig_potus&lots_of_excl,55,0.003734610301559101,0.001349393772047014,0.037032349845458244,0.5272727272727272,0.4727272727272727,long,0.5272727272727272,0.014603667759656725
pre_tariff&lots_of_excl,60,0.0038447823866548715,0.0,0.03727270353269958,0.48333333333333334,0.4666666666666667,long,0.48333333333333334,0.01439441888152906
has_deal&pre_relief,24,0.0063487854634011786,-0.0028928273757555245,0.054250951345537216,0.4583333333333333,0.5416666666666666,long,0.4583333333333333,0.014255344465754454
pre_tariff&exclamation_heavy,61,0.003674659104021578,0.0,0.03846662910677046,0.4918032786885246,0.45901639344262296,long,0.4918032786885246,0.014114756594878016
has_uppercase_phrase&china_streak_3d,29,0.003983084927715822,0.009820129198031102,0.03423127317960169,0.6551724137931034,0.3103448275862069,long,0.6551724137931034,0.014053165750162046
has_deal&open_tariff,20,0.005099014914685157,0.00566673025721276,0.036363117684708526,0.6,0.4,long,0.6,0.013682092761025564
has_tariff&deal_heavy,56,0.003398220984409381,0.00423593367107189,0.042712651953729544,0.5357142857142857,0.4642857142857143,long,0.5357142857142857,0.013623191408791686
has_iran&has_night_post,113,0.002571483668530085,0.0,0.03892966187738748,0.49557522123893805,0.48672566371681414,long,0.49557522123893805,0.013546670758285615
has_china&sig_potus,27,0.004680039267688929,0.001349393772047014,0.041142518531374454,0.5555555555555556,0.4444444444444444,long,0.5555555555555556,0.013510109655091111
has_china&pre_relief,20,0.005431179367307121,0.011258181783728505,0.06343238121548797,0.55,0.45,long,0.55,0.013358934889622325
posts_low&has_positive,95,0.0028863332661560707,-0.0022173249768521197,0.04267427120852015,0.47368421052631576,0.5157894736842106,long,0.47368421052631576,0.013325919515907145
has_positive&volume_drop,129,0.002375929542186504,0.0,0.036592553375699825,0.4883720930232558,0.4728682170542636,long,0.4883720930232558,0.01317890270833877
has_deal&has_iran,77,0.002884027908784244,0.005244690278893849,0.04267643933522445,0.5064935064935064,0.4805194805194805,long,0.5064935064935064,0.012817953837418726
has_tariff&has_uppercase_phrase,55,0.0032474023149396637,0.0031545841275610886,0.04402675641089735,0.5272727272727272,0.43636363636363634,long,0.5272727272727272,0.012698509525751783
has_tariff&tariff_rising,26,0.00402427560981095,0.005782351801604135,0.029537896843569455,0.6153846153846154,0.34615384615384615,long,0.6153846153846154,0.012627606069231715
tariff_rising,26,0.00402427560981095,0.005782351801604135,0.029537896843569455,0.6153846153846154,0.34615384615384615,long,0.6153846153846154,0.012627606069231715
has_exclamation&tariff_rising,26,0.00402427560981095,0.005782351801604135,0.029537896843569455,0.6153846153846154,0.34615384615384615,long,0.6153846153846154,0.012627606069231715
has_positive&tariff_rising,26,0.00402427560981095,0.005782351801604135,0.029537896843569455,0.6153846153846154,0.34615384615384615,long,0.6153846153846154,0.012627606069231715
exclamation_heavy&tariff_rising,26,0.00402427560981095,0.005782351801604135,0.029537896843569455,0.6153846153846154,0.34615384615384615,long,0.6153846153846154,0.012627606069231715
has_market_brag&has_all_caps,53,0.0033930895632423887,0.0017573923368332522,0.05729299626474052,0.5094339622641509,0.4528301886792453,long,0.5094339622641509,0.012584070790255406
posts_very_high&pre_relief,22,0.00578641775695648,-0.0028928273757555245,0.06819438159029323,0.45454545454545453,0.5454545454545454,long,0.45454545454545453,0.012336684109159462
positive_heavy&all_caps_heavy,22,0.004355426722425796,0.015741330193850156,0.05223345156425396,0.5909090909090909,0.4090909090909091,long,0.5909090909090909,0.012071541264322127
positive_heavy&pre_tariff,54,0.0032849787711361736,0.0016181719580318221,0.03994644604137268,0.5,0.4444444444444444,long,0.5,0.012069782707737819
has_night_post&tariff_rising,24,0.003823299975318777,0.005782351801604135,0.030068864553496902,0.625,0.3333333333333333,long,0.625,0.011706417591408152
has_iran&deal_over_tariff,69,0.0027608342022863715,0.005244690278893849,0.043389331175519734,0.5072463768115942,0.4782608695652174,long,0.5072463768115942,0.011632788323471487
has_attack&tariff_only,46,0.0032807662748409157,0.007417087533820754,0.035554836634621605,0.5217391304347826,0.41304347826086957,long,0.5217391304347826,0.011609342333989428
has_iran&open_deal,22,0.004109511131034027,0.008345078711665788,0.05940384685103756,0.5909090909090909,0.4090909090909091,long,0.5909090909090909,0.011389959321101524
has_china&uppercase_phrase_heavy,34,0.004099818391549848,-0.002858889793649677,0.05896846152812821,0.47058823529411764,0.5294117647058824,long,0.47058823529411764,0.011249808855872564
sig_potus&has_exclamation,61,0.0028309290598750258,0.0013350980212540886,0.0363970695127265,0.5081967213114754,0.4918032786885246,long,0.5081967213114754,0.011236363048270708
sig_potus,61,0.0028309290598750258,0.0013350980212540886,0.0363970695127265,0.5081967213114754,0.4918032786885246,long,0.5081967213114754,0.011236363048270708
has_night_post&sig_potus,59,0.0028321397129542213,0.0013350980212540886,0.03670184748515158,0.5084745762711864,0.4915254237288136,long,0.5084745762711864,0.011061395549251594
has_iran&short_posts,49,0.002956980084645676,0.005244690278893849,0.04589557669541227,0.5306122448979592,0.46938775510204084,long,0.5306122448979592,0.010983068885826796
has_market_brag&volume_drop,21,-0.004182438460417548,-0.012793177382143694,0.04492449269347785,0.42857142857142855,0.5714285714285714,short,0.5714285714285714,0.010952194762490272
uppercase_phrase_heavy&volume_spike,21,-0.004487032444438377,-0.001474580494034039,0.0605560096962447,0.47619047619047616,0.5238095238095238,short,0.5238095238095238,0.010770658287903693
has_positive&has_iran,115,0.002019225056378602,0.0,0.039005087824186026,0.4956521739130435,0.48695652173913045,long,0.4956521739130435,0.01073274132175648
posts_very_high&uppercase_phrase_heavy,37,0.003410132507118776,0.0013350980212540886,0.05630730971354582,0.5135135135135135,0.4864864864864865,long,0.5135135135135135,0.01065182428420071
has_relief&pre_deal,30,0.003828733757879669,-0.0003685169869120375,0.061420962354311395,0.5,0.5,long,0.5,0.010485419229361088
has_russia&volume_drop,29,0.004316079818821401,-0.004104039566695916,0.03601174976344976,0.4482758620689655,0.5172413793103449,long,0.4482758620689655,0.010419186720217454
has_tariff&has_all_caps,40,0.002961231862729977,0.00566673025721276,0.0459744132009014,0.55,0.4,long,0.55,0.010300661102698784
has_market_brag&volume_spike,37,0.0039012277856772075,-0.001996035235598548,0.04253211055772389,0.43243243243243246,0.5405405405405406,long,0.43243243243243246,0.01026172635540567
posts_high&pre_relief,32,0.0041260196574443644,-0.0028928273757555245,0.05986102819266967,0.4375,0.53125,long,0.4375,0.010211377676807671
all_caps_heavy&has_uppercase_phrase,27,-0.0035928132642831295,-0.001474580494034039,0.05058412722130036,0.48148148148148145,0.5185185185185185,short,0.5185185185185185,0.009680121291315638
pre_relief&has_uppercase_phrase,20,0.004610203028318749,-0.0019634998572062856,0.06309236123186805,0.45,0.5,long,0.45,0.0092778546252565
has_tariff&has_market_brag,34,0.003848069932714438,-0.0015899111083281237,0.03781988572547697,0.4117647058823529,0.5,long,0.4117647058823529,0.009239139685859375
positive_heavy&tariff_rising,25,0.0030313968925407496,0.005235523426080135,0.029700875725619382,0.6,0.36,long,0.6,0.009094190677622249
positive_heavy&has_iran,92,0.0019036865543600686,-0.0007372902470170195,0.0408664871133055,0.4891304347826087,0.5,long,0.4891304347826087,0.008931286944691228
all_caps_heavy&short_posts,24,0.003118371247750685,0.013792244030138456,0.04983456653131221,0.5833333333333334,0.4166666666666667,long,0.5833333333333334,0.008911488116481164
pre_relief&lots_of_excl,42,0.0031873680087568445,-0.0029776835248444544,0.05320356696101869,0.42857142857142855,0.5476190476190477,long,0.42857142857142855,0.008852788103637302
has_iran&exclamation_heavy,118,0.0016544785806053544,0.0,0.03880984268102261,0.4915254237288136,0.4915254237288136,long,0.4915254237288136,0.00883381172553806
posts_very_high&all_caps_heavy,22,-0.0037519109615378994,0.0069157714336683385,0.049662117341707473,0.5,0.5,short,0.5,0.00879901115172582
has_attack&pre_relief,35,0.003613932091358109,-0.006666668002277443,0.05818771418335081,0.4,0.5714285714285714,long,0.4,0.00855212423327145
has_attack&pre_tariff,50,0.00240530248088074,0.0016181719580318221,0.03704643118639962,0.5,0.44,long,0.5,0.008504028475177988
has_iran&lots_of_excl,114,0.0014734036823425079,-0.0007372902470170195,0.03938309034204956,0.4824561403508772,0.5,long,0.4824561403508772,0.007589829409878178
deal_heavy&has_all_caps,48,0.0023635543357169186,-0.002327201355345143,0.04933512939427048,0.4583333333333333,0.5208333333333334,long,0.4583333333333333,0.007505293025837584
pre_relief&has_night_post,42,0.002669774921622895,-0.005296833858345007,0.05334089839993872,0.42857142857142855,0.5714285714285714,long,0.42857142857142855,0.007415193852921493
all_caps_heavy,28,-0.0027978270312632725,0.004553769624752235,0.049816476690816784,0.5,0.5,short,0.5,0.0074023545360967545
has_positive&all_caps_heavy,28,-0.0027978270312632725,0.004553769624752235,0.049816476690816784,0.5,0.5,short,0.5,0.0074023545360967545
has_all_caps&all_caps_heavy,28,-0.0027978270312632725,0.004553769624752235,0.049816476690816784,0.5,0.5,short,0.5,0.0074023545360967545
all_caps_heavy&has_exclamation,28,-0.0027978270312632725,0.004553769624752235,0.049816476690816784,0.5,0.5,short,0.5,0.0074023545360967545
all_caps_heavy&exclamation_heavy,28,-0.0027978270312632725,0.004553769624752235,0.049816476690816784,0.5,0.5,short,0.5,0.0074023545360967545
all_caps_heavy&lots_of_excl,28,-0.0027978270312632725,0.004553769624752235,0.049816476690816784,0.5,0.5,short,0.5,0.0074023545360967545
has_night_post&all_caps_heavy,28,-0.0027978270312632725,0.004553769624752235,0.049816476690816784,0.5,0.5,short,0.5,0.0074023545360967545
tariff_heavy&has_night_post,20,0.0029407173165081736,0.0058331115580322335,0.03616985894076528,0.55,0.45,long,0.55,0.007233208204555346
tariff_heavy&has_exclamation,20,0.0029407173165081736,0.0058331115580322335,0.03616985894076528,0.55,0.45,long,0.55,0.007233208204555346
has_tariff&tariff_heavy,20,0.0029407173165081736,0.0058331115580322335,0.03616985894076528,0.55,0.45,long,0.55,0.007233208204555346
tariff_heavy&has_positive,20,0.0029407173165081736,0.0058331115580322335,0.03616985894076528,0.55,0.45,long,0.55,0.007233208204555346
tariff_heavy&exclamation_heavy,20,0.0029407173165081736,0.0058331115580322335,0.03616985894076528,0.55,0.45,long,0.55,0.007233208204555346
tariff_heavy,20,0.0029407173165081736,0.0058331115580322335,0.03616985894076528,0.55,0.45,long,0.55,0.007233208204555346
pre_relief&exclamation_heavy,43,0.0026076871327479437,-0.003926999714412571,0.052703634794757766,0.4186046511627907,0.5581395348837209,long,0.4186046511627907,0.00715803407313823
has_positive&pre_relief,43,0.0026076871327479437,-0.003926999714412571,0.052703634794757766,0.4186046511627907,0.5581395348837209,long,0.4186046511627907,0.00715803407313823
pre_relief,43,0.0026076871327479437,-0.003926999714412571,0.052703634794757766,0.4186046511627907,0.5581395348837209,long,0.4186046511627907,0.00715803407313823
pre_relief&has_exclamation,43,0.0026076871327479437,-0.003926999714412571,0.052703634794757766,0.4186046511627907,0.5581395348837209,long,0.4186046511627907,0.00715803407313823
has_relief&pre_relief,43,0.0026076871327479437,-0.003926999714412571,0.052703634794757766,0.4186046511627907,0.5581395348837209,long,0.4186046511627907,0.00715803407313823
has_tariff&volume_spike,34,0.002418201939073416,0.0006675490106270443,0.0444418697379029,0.5,0.4411764705882353,long,0.5,0.007050209589379357
has_deal&sig_potus,23,0.0025408434230549826,0.001349393772047014,0.03567537717382226,0.5652173913043478,0.43478260869565216,long,0.5652173913043478,0.0068874322083980625
exclamation_heavy&volume_drop,114,0.0013453242946023392,-0.0008104266833900975,0.03690131101506135,0.4649122807017544,0.5,long,0.4649122807017544,0.00667806172539372
open_deal&volume_spike,23,0.0028709698246430528,-0.001474580494034039,0.04862210661788645,0.4782608695652174,0.5217391304347826,long,0.4782608695652174,0.006585024498370877
attack_heavy&sig_potus,30,0.0021170771134533767,0.007255087479785205,0.03302705928461266,0.5333333333333333,0.4666666666666667,long,0.5333333333333333,0.00618437808542047
deal_heavy&uppercase_phrase_heavy,20,0.0030620181154093927,-0.0033235427929880212,0.06225229769473707,0.45,0.55,long,0.45,0.006162192588952079
positive_heavy&pre_relief,42,0.0023247100676513023,-0.005296833858345007,0.05330941750264937,0.40476190476190477,0.5714285714285714,long,0.40476190476190477,0.006098079369196353
open_deal&has_all_caps,27,0.0024183722971134777,-0.001474580494034039,0.06817924856637728,0.48148148148148145,0.5185185185185185,long,0.48148148148148145,0.006050407552536533
attack_heavy&all_caps_heavy,24,-0.0026846252117010603,0.011430242221222353,0.04770863295853672,0.5416666666666666,0.4583333333333333,short,0.4583333333333333,0.006027965092672292
attack_heavy&pre_relief,24,0.002643061864798522,-0.0009293275185492389,0.0636102198365949,0.4583333333333333,0.5,long,0.4583333333333333,0.005934640183418244
sig_potus&short_posts,29,0.0018242306625617846,0.004431036935095278,0.03826075385437986,0.5517241379310345,0.4482758620689655,long,0.5517241379310345,0.005420018076757727
deal_over_tariff&china_streak_3d,28,0.001715411746930807,0.003832139099191112,0.050180184524753896,0.5357142857142857,0.4642857142857143,long,0.5357142857142857,0.004862735226919053
pre_tariff&volume_spike,20,0.002169493999272054,0.0016181719580318221,0.0404861219639589,0.5,0.4,long,0.5,0.004851136059150192
posts_low&has_night_post,97,-0.0008976521311564753,-0.0021884243713444773,0.04340027102931031,0.4948453608247423,0.5051546391752577,short,0.5051546391752577,0.004465995480069362
high_emotion,68,0.0011099937525945866,-0.0022078131043608007,0.04934707293982553,0.47058823529411764,0.5147058823529411,long,0.47058823529411764,0.004307408457151244
sig_potus&has_all_caps,20,-0.0017284272148701042,0.004465938922525503,0.03898052741999268,0.5,0.5,short,0.5,0.0038648807466101884
uppercase_phrase_heavy&deal_over_tariff,24,0.001499035303797978,-6.97412363899752e-05,0.05797962055785402,0.5,0.5,long,0.5,0.003671871600723012
posts_high&has_iran,76,0.0008886956934614805,-0.002477615904969699,0.04267524676618444,0.47368421052631576,0.5263157894736842,long,0.47368421052631576,0.003669853944655321
has_attack&all_caps_heavy,25,0.001285284325787952,0.012278364698906197,0.050747217983383254,0.56,0.44,long,0.56,0.0035987961122062656
has_deal&brag_heavy,24,0.0014205765045262424,-0.0022751530033252587,0.0350190001434257,0.5,0.5,long,0.5,0.0034796875766758112
sig_potus&has_uppercase_phrase,30,-0.0012236551851134555,-0.00040314694125903605,0.034978776449884175,0.5,0.5,short,0.5,0.0033511177374739966
has_relief&volume_spike,26,0.0012892387401566413,-1.857791623105509e-05,0.05615354096672977,0.5,0.5,long,0.5,0.0032869267468692456
deal_heavy&pre_tariff,23,-0.0013681468101279166,0.0032363439160636442,0.042712447595192625,0.5217391304347826,0.4782608695652174,short,0.4782608695652174,0.0031380616350366627
high_emotion&has_exclamation,39,-0.0008704694590854753,-0.0023475627682718603,0.05503808545755722,0.4358974358974359,0.5641025641025641,short,0.5641025641025641,0.00306650668339554
has_china&volume_drop,32,-0.0009123710409228228,-0.0045083056976618074,0.04416266233507974,0.34375,0.5625,short,0.5625,0.002903146874976407
short_posts&tariff_only,20,0.0012160619723540433,0.006587538469158161,0.03669466956328624,0.5,0.45,long,0.5,0.002719197235036111
has_deal&tariff_rising,20,0.0010959155215872097,0.0022625318809212924,0.031054289197640285,0.55,0.4,long,0.55,0.0026955957642527534
high_emotion&short_posts,59,0.0007304097945475828,-0.0021884243713444773,0.04370096073473716,0.4745762711864407,0.5084745762711864,long,0.4745762711864407,0.002662555160212559
uppercase_phrase_heavy&has_exclamation,47,0.0007719598411887634,-0.001474580494034039,0.0547841790513169,0.48936170212765956,0.5106382978723404,long,0.48936170212765956,0.002589844060449445
uppercase_phrase_heavy,47,0.0007719598411887634,-0.001474580494034039,0.0547841790513169,0.48936170212765956,0.5106382978723404,long,0.48936170212765956,0.002589844060449445
has_uppercase_phrase&uppercase_phrase_heavy,47,0.0007719598411887634,-0.001474580494034039,0.0547841790513169,0.48936170212765956,0.5106382978723404,long,0.48936170212765956,0.002589844060449445
uppercase_phrase_heavy&lots_of_excl,47,0.0007719598411887634,-0.001474580494034039,0.0547841790513169,0.48936170212765956,0.5106382978723404,long,0.48936170212765956,0.002589844060449445
uppercase_phrase_heavy&exclamation_heavy,47,0.0007719598411887634,-0.001474580494034039,0.0547841790513169,0.48936170212765956,0.5106382978723404,long,0.48936170212765956,0.002589844060449445
has_night_post&uppercase_phrase_heavy,47,0.0007719598411887634,-0.001474580494034039,0.0547841790513169,0.48936170212765956,0.5106382978723404,long,0.48936170212765956,0.002589844060449445
has_positive&uppercase_phrase_heavy,47,0.0007719598411887634,-0.001474580494034039,0.0547841790513169,0.48936170212765956,0.5106382978723404,long,0.48936170212765956,0.002589844060449445
positive_heavy&tariff_only,43,0.0008082806901668588,0.0,0.03531517462441654,0.4883720930232558,0.4418604651162791,long,0.4883720930232558,0.002588494643235836
has_iran&has_exclamation,121,0.000469225608796022,-0.001474580494034039,0.03981466954915241,0.4793388429752066,0.5041322314049587,long,0.4793388429752066,0.0024740986645608435
has_iran,121,0.000469225608796022,-0.001474580494034039,0.03981466954915241,0.4793388429752066,0.5041322314049587,long,0.4793388429752066,0.0024740986645608435
posts_high&all_caps_heavy,26,-0.0009447139150211303,0.011430242221222353,0.05116322260341468,0.5384615384615384,0.46153846153846156,short,0.46153846153846156,0.0022232837019024827
posts_low&high_emotion,56,-0.0005632163456362114,-0.0010942121856722387,0.04901508734400768,0.48214285714285715,0.5,short,0.5,0.002107362600001556
has_relief&has_all_caps,24,0.0007846956219570758,0.006505047469309799,0.06364818174013538,0.5416666666666666,0.4583333333333333,long,0.5416666666666666,0.0020822792002899502
attack_heavy&tariff_only,23,0.000793262131689828,0.0,0.03941876792255119,0.4782608695652174,0.43478260869565216,long,0.4782608695652174,0.001819472474412676
has_china&has_iran,45,0.00045551530188395135,0.006430699689984332,0.047626679616728215,0.5333333333333333,0.4666666666666667,long,0.5333333333333333,0.0016297010876861653
has_market_brag&has_iran,29,-0.0005454175599750588,-0.0032310418877575797,0.05449040385603336,0.4827586206896552,0.5172413793103449,short,0.5172413793103449,0.0015192224737090652
posts_low&short_posts,120,0.00019435071224636798,-0.0022970070401319154,0.0431720931800335,0.45,0.5333333333333333,long,0.45,0.0009580524224807815
has_all_caps&uppercase_phrase_heavy,39,-0.0002578856050606075,-0.004243199093265315,0.057287078962020226,0.46153846153846156,0.5384615384615384,short,0.5384615384615384,0.0008671896624565212
has_tariff&has_iran,22,0.0002239334128458579,0.0015490691446852778,0.03508242011265705,0.5,0.5,long,0.5,0.0005251704043816291
deal_heavy&has_market_brag,37,-8.951860863319353e-05,-0.006802524417419242,0.039918453837693886,0.43243243243243246,0.5675675675675675,short,0.5675675675675675,0.00030905214068991424
brag_heavy&deal_over_tariff,21,-0.00012188596474356957,0.002252218410768725,0.033813303856550084,0.5238095238095238,0.47619047619047616,short,0.47619047619047616,0.000265976980757203
pre_tariff&tariff_only,23,-9.512252875313851e-05,-0.008264718709384056,0.03354079334538229,0.391304347826087,0.5652173913043478,short,0.5652173913043478,0.00025784743850564294
posts_high&tariff_only,29,8.088828182725428e-05,0.0,0.03525357999345347,0.4827586206896552,0.4482758620689655,long,0.4827586206896552,0.00021028807587861726
