event,n,mean_ret,median_ret,std,hit_up,hit_down,direction,directional_hit,score
silence_day,225,0.003586844068714206,0.0018713827326621857,0.016465937275466486,0.5580357142857143,0.4419642857142857,long,0.5580357142857143,0.030023806378746142
posts_low&silence_day,225,0.003586844068714206,0.0018713827326621857,0.016465937275466486,0.5580357142857143,0.4419642857142857,long,0.5580357142857143,0.030023806378746142
silence_day&volume_drop,147,0.00426896527853143,0.0019304076814048443,0.01759191543414276,0.5782312925170068,0.4217687074829932,long,0.5782312925170068,0.02992835735447277
posts_low&volume_drop,223,0.0030234907434515063,0.0014496500921108435,0.015076845412862899,0.5695067264573991,0.4304932735426009,long,0.5695067264573991,0.025713425279462795
has_attack&exclamation_heavy,613,0.001734762485931137,0.002051960735528935,0.011122591736095186,0.5954323001631321,0.40456769983686786,long,0.5954323001631321,0.025574234860834072
has_attack&short_posts,308,0.002290961079004645,0.0025219312551537643,0.012314016422668425,0.6266233766233766,0.37337662337662336,long,0.6266233766233766,0.02519414716276148
has_attack&lots_of_excl,585,0.0017222820125348446,0.002062925390447612,0.011251022517368205,0.5948717948717949,0.40512820512820513,long,0.5948717948717949,0.024780243908253157
has_attack&has_night_post,574,0.001741929613539379,0.0020051909093798947,0.011281612726439695,0.5923344947735192,0.4076655052264808,long,0.5923344947735192,0.024720290682439177
volume_drop,318,0.0024466583147202837,0.0013178083192545431,0.01386673462701804,0.5534591194968553,0.44654088050314467,long,0.5534591194968553,0.024147514221123115
has_attack&has_exclamation,631,0.0016047534985519955,0.001973929748924741,0.011077669280899777,0.5879556259904913,0.4120443740095087,long,0.5879556259904913,0.023701048618460875
has_attack,631,0.0016047534985519955,0.001973929748924741,0.011077669280899777,0.5879556259904913,0.4120443740095087,long,0.5879556259904913,0.023701048618460875
posts_low,418,0.00206246625245426,0.0014496500921108435,0.01471332753809494,0.5539568345323741,0.4460431654676259,long,0.5539568345323741,0.02335882090273075
has_attack&has_positive,611,0.0015713749946748043,0.0019986950150194804,0.01118538053504451,0.5891980360065466,0.41080196399345337,long,0.5891980360065466,0.02288556999515957
short_posts&deal_only,143,0.003175305152662879,0.0024363765589265896,0.013537708455442863,0.6013986013986014,0.3986013986013986,long,0.6013986013986014,0.02283578264393863
has_deal&short_posts,166,0.0027474490356495583,0.0024578356344282515,0.0136544212401453,0.6204819277108434,0.3795180722891566,long,0.6204819277108434,0.02196407033771885
has_attack&has_all_caps,148,0.00260421616870883,0.0038019402851818818,0.01252745786688587,0.6824324324324325,0.31756756756756754,long,0.6824324324324325,0.02162059029342844
posts_high&has_attack,353,0.0018577480733453827,0.0027592232476516543,0.012930196769763667,0.6175637393767706,0.38243626062322944,long,0.6175637393767706,0.02155539375067571
has_deal&has_attack,262,0.0021498436630595177,0.0024467736812928687,0.01283153964346647,0.6145038167938931,0.38549618320610685,long,0.6145038167938931,0.021383663395116055
has_attack&positive_heavy,475,0.001603402530304286,0.0024025221489698545,0.011807206438846436,0.6021052631578947,0.39789473684210525,long,0.6021052631578947,0.02104077793987732
has_attack&deal_only,195,0.0023973599415103818,0.0024363765589265896,0.012975872421957638,0.6153846153846154,0.38461538461538464,long,0.6153846153846154,0.02060142135050267
has_attack&deal_over_tariff,231,0.0021849940474707582,0.0024363765589265896,0.013045131952095607,0.6147186147186147,0.3852813852813853,long,0.6147186147186147,0.020414211625547553
short_posts&deal_over_tariff,159,0.002652542228660209,0.0024363765589265896,0.013919609558191283,0.610062893081761,0.389937106918239,long,0.610062893081761,0.020404947360046194
has_night_post&deal_only,240,0.0021406290242309083,0.0024578356344282515,0.01300734845431522,0.6125,0.3875,long,0.6125,0.02031202037507363
posts_high&short_posts,236,0.001979795922332928,0.0029155045242497124,0.013969541889719439,0.6440677966101694,0.3559322033898305,long,0.6440677966101694,0.01958880810705277
posts_very_high&deal_only,89,0.0035175661464227985,0.00291833782562656,0.015432340727476172,0.5842696629213483,0.4157303370786517,long,0.5842696629213483,0.019388785821549598
brag_heavy&deal_over_tariff,21,0.00509042992294947,0.004329037619306586,0.0058450373666238085,0.8095238095238095,0.19047619047619047,long,0.8095238095238095,0.018883988929063376
posts_very_high&short_posts,159,0.0022782587585043384,0.0038496328265955615,0.015418925646920004,0.6540880503144654,0.34591194968553457,long,0.6540880503144654,0.018790477899524403
posts_high&has_deal,216,0.0020843611733411182,0.0027293687333420635,0.013836424013012591,0.6111111111111112,0.3888888888888889,long,0.6111111111111112,0.018720611485966793
has_attack&has_china,233,0.001962707977709263,0.0025708959448778046,0.01235868991372484,0.6223175965665236,0.3776824034334764,long,0.6223175965665236,0.018644284846875026
has_deal&has_night_post,319,0.0017143900138600842,0.0024314798592954823,0.012755667263657886,0.6050156739811913,0.3949843260188088,long,0.6050156739811913,0.01852557070162285
posts_very_high&deal_over_tariff,113,0.00292107428373563,0.00291833782562656,0.015354457972029117,0.5929203539823009,0.40707964601769914,long,0.5929203539823009,0.018411034096618803
deal_heavy&deal_only,93,0.0031559829180100446,0.0028783596425328017,0.01553933600255544,0.6021505376344086,0.3978494623655914,long,0.6021505376344086,0.018326570278076416
posts_high&deal_over_tariff,187,0.002211199625345243,0.0025803778241513253,0.014323542092107575,0.6042780748663101,0.39572192513368987,long,0.6042780748663101,0.018271979205883974
posts_high&has_all_caps,136,0.002411185474307781,0.003997367250116346,0.013196557780365818,0.6470588235294118,0.35294117647058826,long,0.6470588235294118,0.01819465548383796
has_night_post&deal_over_tariff,280,0.0017869489012229468,0.0024467736812928687,0.013067573955289243,0.6071428571428571,0.39285714285714285,long,0.6071428571428571,0.018154405826362765
deal_heavy&has_attack,118,0.0027545170448572223,0.0038308138639129297,0.015261521401820985,0.6016949152542372,0.3983050847457627,long,0.6016949152542372,0.018003743180053378
posts_high&has_market_brag,103,0.002588706649525163,0.0037175274853358253,0.01139832753454535,0.6796116504854369,0.32038834951456313,long,0.6796116504854369,0.017855099180490143
posts_very_high&has_attack,206,0.0020655473414370393,0.002983234917668942,0.014420997705944932,0.6019417475728155,0.39805825242718446,long,0.6019417475728155,0.01784527431448217
posts_high&deal_heavy,107,0.0029191463508701234,0.0029744641686046958,0.01577269731777688,0.5887850467289719,0.411214953271028,long,0.5887850467289719,0.017778885353779056
deal_heavy&short_posts,65,0.0034102017329139004,0.0028783596425328017,0.017404798636249493,0.6461538461538462,0.35384615384615387,long,0.6461538461538462,0.017765305607180645
posts_very_high&positive_heavy,211,0.0020123192502480135,0.00291833782562656,0.014398329364205214,0.6066350710900474,0.3933649289099526,long,0.6066350710900474,0.01773232260182267
posts_high&deal_only,152,0.002394898168651076,0.0024467736812928687,0.014524404595155993,0.5986842105263158,0.40131578947368424,long,0.5986842105263158,0.017676922189382736
has_market_brag&deal_only,52,0.003733847492496097,0.0038191333447752385,0.007670966035206458,0.6538461538461539,0.34615384615384615,long,0.6538461538461539,0.01760491046248265
has_deal&has_market_brag,76,0.003056891350114404,0.0033453831930829736,0.010836188611403124,0.6578947368421053,0.34210526315789475,long,0.6578947368421053,0.01753247431122671
posts_very_high&lots_of_excl,223,0.001943580977316689,0.0029126712228728646,0.01415621187755103,0.600896860986547,0.3991031390134529,long,0.600896860986547,0.017440342383643698
has_all_caps&exclamation_heavy,179,0.0020031926447885815,0.003153153667085906,0.012371192122615287,0.6480446927374302,0.35195530726256985,long,0.6480446927374302,0.017368175170987567
posts_high&brag_heavy,29,0.003881041033382531,0.004329037619306586,0.007737759564237363,0.8275862068965517,0.1724137931034483,long,0.8275862068965517,0.017296589452151612
brag_heavy&has_night_post,36,0.0035651750994102984,0.004217078503496174,0.007428495126904827,0.8055555555555556,0.19444444444444445,long,0.8055555555555556,0.017231679647149778
has_positive&has_all_caps,180,0.001972421593139472,0.0031978806689427763,0.012378446025091416,0.65,0.35,long,0.65,0.01720082817393834
has_attack&has_market_brag,132,0.002270367804009564,0.003024032406039434,0.01063631530930795,0.6590909090909091,0.3409090909090909,long,0.6590909090909091,0.01719208328834825
posts_very_high&has_deal,130,0.0025055222801504476,0.002895515432702833,0.01474069221179167,0.6,0.4,long,0.6,0.017140409585195387
lots_of_excl&short_posts,372,0.0014733994195973996,0.002314735580801308,0.012236118967676119,0.6021505376344086,0.3978494623655914,long,0.6021505376344086,0.017111853081863103
has_all_caps&lots_of_excl,172,0.0020328295444675326,0.003382961468627932,0.012565784492284458,0.6395348837209303,0.36046511627906974,long,0.6395348837209303,0.01705019795936483
posts_high&lots_of_excl,401,0.0014052852073328332,0.0024152654698612608,0.01278666730305266,0.5985037406483791,0.4014962593516209,long,0.5985037406483791,0.01684238265136925
has_all_caps,183,0.0019286884325632877,0.003153153667085906,0.01229881484403666,0.644808743169399,0.3551912568306011,long,0.644808743169399,0.016823584669858838
has_all_caps&has_exclamation,183,0.0019286884325632877,0.003153153667085906,0.01229881484403666,0.644808743169399,0.3551912568306011,long,0.644808743169399,0.016823584669858838
has_china&china_streak_3d,44,-0.003833270214310226,-0.003979524632894638,0.011770926308391707,0.3409090909090909,0.6590909090909091,short,0.6590909090909091,0.01675872961847524
has_market_brag&has_all_caps,53,0.003048643993406009,0.003825785407070681,0.013397116579296334,0.7547169811320755,0.24528301886792453,long,0.7547169811320755,0.016750538328521313
has_night_post&lots_of_excl,698,0.0011131576978325361,0.0017729121581404605,0.011355792202236668,0.5687679083094556,0.43123209169054444,long,0.5687679083094556,0.01672705517266087
positive_heavy&has_all_caps,148,0.0021414293032101725,0.003638073095629135,0.0128095258328451,0.6418918918918919,0.3581081081081081,long,0.6418918918918919,0.01672231841960404
posts_very_high&has_market_brag,60,0.0030053652161871835,0.005356971600168126,0.012978435590963242,0.7166666666666667,0.2833333333333333,long,0.7166666666666667,0.016683612185241756
has_attack&has_russia,252,0.0017126791007380882,0.0025496073062210023,0.011204630513813528,0.6111111111111112,0.3888888888888889,long,0.6111111111111112,0.016614850912772643
deal_only,265,0.0017182958946198148,0.002398201321009985,0.012682425518919441,0.5924528301886792,0.4075471698113208,long,0.5924528301886792,0.016571990204250212
deal_over_tariff&deal_only,265,0.0017182958946198148,0.002398201321009985,0.012682425518919441,0.5924528301886792,0.4075471698113208,long,0.5924528301886792,0.016571990204250212
has_deal&deal_only,265,0.0017182958946198148,0.002398201321009985,0.012682425518919441,0.5924528301886792,0.4075471698113208,long,0.5924528301886792,0.016571990204250212
pre_deal&short_posts,66,0.0032786652772316843,0.002946400997115628,0.014722219622110115,0.6212121212121212,0.3787878787878788,long,0.6212121212121212,0.01654660769326123
has_market_brag&deal_over_tariff,68,0.0030639453666021174,0.0033453831930829736,0.010842022275765775,0.6470588235294118,0.35294117647058826,long,0.6470588235294118,0.01634854990045246
posts_very_high&has_exclamation,225,0.0018152329717660025,0.00290412526289896,0.014227940887206825,0.6,0.4,long,0.6,0.016337096745894022
posts_very_high,225,0.0018152329717660025,0.00290412526289896,0.014227940887206825,0.6,0.4,long,0.6,0.016337096745894022
posts_very_high&has_positive,225,0.0018152329717660025,0.00290412526289896,0.014227940887206825,0.6,0.4,long,0.6,0.016337096745894022
posts_very_high&exclamation_heavy,225,0.0018152329717660025,0.00290412526289896,0.014227940887206825,0.6,0.4,long,0.6,0.016337096745894022
posts_high&posts_very_high,225,0.0018152329717660025,0.00290412526289896,0.014227940887206825,0.6,0.4,long,0.6,0.016337096745894022
lots_of_excl&deal_only,238,0.0017728502077550919,0.002425821014393925,0.012982019618750723,0.5966386554621849,0.40336134453781514,long,0.5966386554621849,0.01631818710473252
posts_high&positive_heavy,368,0.0014093954663307157,0.002514033374268476,0.013037089047404075,0.6032608695652174,0.3967391304347826,long,0.6032608695652174,0.016310299475933897
posts_high&has_positive,402,0.001346110947895642,0.0024088938094155576,0.012852477194874515,0.599502487562189,0.40049751243781095,long,0.599502487562189,0.01618023676744931
has_deal&has_russia,134,0.0021511294501348893,0.0027421916183959505,0.012894959267725605,0.6492537313432836,0.35074626865671643,long,0.6492537313432836,0.016167147458394596
open_deal&volume_spike,23,-0.005167188326053668,-0.002534949807838749,0.017786557203608007,0.34782608695652173,0.6521739130434783,short,0.6521739130434783,0.01616149869194456
has_night_post&has_all_caps,179,0.0018870864832438963,0.0032426076707996465,0.012423176800867857,0.6368715083798883,0.36312849162011174,long,0.6368715083798883,0.016079411131231316
has_positive&has_russia,279,0.001588495404908712,0.00254139210927784,0.010959725099846176,0.6057347670250897,0.3942652329749104,long,0.6057347670250897,0.016072023762461564
has_russia&has_night_post,268,0.0016340334480031296,0.0024511747435105313,0.011073898736647863,0.6007462686567164,0.39925373134328357,long,0.6007462686567164,0.016070131151373873
has_russia&lots_of_excl,263,0.0016107306481390473,0.0025578225031641644,0.011047854645242978,0.6121673003802282,0.38783269961977185,long,0.6121673003802282,0.015990826973358598
exclamation_heavy&lots_of_excl,755,0.001020984194607758,0.0017132051114494562,0.011182104269444116,0.5668874172185431,0.433112582781457,long,0.5668874172185431,0.01590337545900147
has_russia&has_exclamation,286,0.0015519913065978645,0.0024511747435105313,0.010881871099927247,0.6048951048951049,0.3951048951048951,long,0.6048951048951049,0.01587641237641396
has_russia&exclamation_heavy,282,0.0015565866787768134,0.0024511747435105313,0.01091121070565603,0.6063829787234043,0.39361702127659576,long,0.6063829787234043,0.015850569315586618
has_deal,350,0.0014367135751110803,0.0020790077251551242,0.01248888154610033,0.5885714285714285,0.4114285714285714,long,0.5885714285714285,0.015819887599493012
positive_heavy&deal_only,199,0.001841065249252845,0.0024571708036591478,0.013643135421213032,0.6080402010050251,0.39195979899497485,long,0.6080402010050251,0.015791668283910883
posts_very_high&has_night_post,222,0.0017824454085049153,0.002891242452715881,0.014319137434649597,0.5945945945945946,0.40540540540540543,long,0.5945945945945946,0.01579114718288592
has_deal&lots_of_excl,320,0.0014798750983825277,0.002400372602496925,0.01266660922208103,0.59375,0.40625,long,0.59375,0.015718231261414476
has_russia,287,0.0015374745142516966,0.0024438490218237074,0.010865613712658408,0.6027874564459931,0.397212543554007,long,0.6027874564459931,0.015700485431540297
posts_high,404,0.0013081317592735211,0.002400372602496925,0.012831881374579612,0.5965346534653465,0.4034653465346535,long,0.5965346534653465,0.01568475898957229
posts_high&has_exclamation,404,0.0013081317592735211,0.002400372602496925,0.012831881374579612,0.5965346534653465,0.4034653465346535,long,0.5965346534653465,0.01568475898957229
posts_high&exclamation_heavy,404,0.0013081317592735211,0.002400372602496925,0.012831881374579612,0.5965346534653465,0.4034653465346535,long,0.5965346534653465,0.01568475898957229
posts_very_high&has_all_caps,103,0.002291476540437926,0.004135975807723957,0.014366033545717811,0.6699029126213593,0.3300970873786408,long,0.6699029126213593,0.015579226586088782
has_deal&brag_heavy,24,0.0040117375932448756,0.004220119777503251,0.007067734597996512,0.7916666666666666,0.20833333333333334,long,0.7916666666666666,0.015558957635202408
deal_over_tariff,309,0.0015014733203165514,0.0022511200872630255,0.012769895118665794,0.5889967637540453,0.4110032362459547,long,0.5889967637540453,0.015545681581015335
has_deal&deal_over_tariff,309,0.0015014733203165514,0.0022511200872630255,0.012769895118665794,0.5889967637540453,0.4110032362459547,long,0.5889967637540453,0.015545681581015335
attack_heavy&short_posts,152,0.001934938069163398,0.00328873177904776,0.01212265438483614,0.6447368421052632,0.35526315789473684,long,0.6447368421052632,0.015380531765605304
has_exclamation&lots_of_excl,758,0.0009862943527284057,0.0016660639387534593,0.01123782838182826,0.5659630606860159,0.4340369393139842,long,0.5659630606860159,0.015368420533986326
lots_of_excl,758,0.0009862943527284057,0.0016660639387534593,0.01123782838182826,0.5659630606860159,0.4340369393139842,long,0.5659630606860159,0.015368420533986326
lots_of_excl&deal_over_tariff,280,0.001548767310750808,0.002409629707519678,0.0129759942684968,0.5928571428571429,0.40714285714285714,long,0.5928571428571429,0.015364387291793433
deal_heavy&deal_over_tariff,137,0.002205206242908742,0.0025803778241513253,0.014889898624459065,0.5912408759124088,0.40875912408759124,long,0.5912408759124088,0.015260682207838524
exclamation_heavy&deal_only,255,0.0016165151184093609,0.0020950900598626365,0.012646129298745874,0.5882352941176471,0.4117647058823529,long,0.5882352941176471,0.015184515510814928
has_positive&short_posts,444,0.0012214241201215885,0.002000883399247866,0.011751757896599865,0.5855855855855856,0.4144144144144144,long,0.5855855855855856,0.015071218107638763
attack_heavy&has_night_post,280,0.0014934202944106702,0.002232723769708733,0.010838796867755568,0.6,0.4,long,0.6,0.014993820757777897
attack_heavy&has_positive,290,0.0014486708842594866,0.0024088938094155576,0.010766256709154988,0.6068965517241379,0.3931034482758621,long,0.6068965517241379,0.014972123490005712
has_exclamation&deal_only,263,0.0015648198195061798,0.0020950900598626365,0.012560925799259652,0.5893536121673004,0.41064638783269963,long,0.5893536121673004,0.014956093172783298
has_market_brag&has_night_post,149,0.001905751140330411,0.002802699680964471,0.010236302441663469,0.6375838926174496,0.3624161073825503,long,0.6375838926174496,0.01483189558388022
posts_high&has_russia,170,0.0017897462843335964,0.0029480654648160742,0.012299893622429102,0.6352941176470588,0.36470588235294116,long,0.6352941176470588,0.014824865581238226
has_deal&exclamation_heavy,339,0.001359066028230481,0.002062925390447612,0.01247145072201847,0.5870206489675516,0.41297935103244837,long,0.5870206489675516,0.01468905253630326
has_positive&brag_heavy,39,0.0030423977973904727,0.004111201935699915,0.007425629578281172,0.7692307692307693,0.23076923076923078,long,0.7692307692307693,0.014615206273103998
has_attack&brag_heavy,32,0.003305744212653082,0.004145056798306568,0.007796593828480052,0.78125,0.21875,long,0.78125,0.014609463435219868
posts_high&has_night_post,392,0.0012439634807946934,0.002397648328865576,0.012941050986930942,0.5918367346938775,0.40816326530612246,long,0.5918367346938775,0.014576477355275503
positive_heavy&has_russia,217,0.0015779368297114,0.002782528060744527,0.01148921086310499,0.6267281105990783,0.37327188940092165,long,0.6267281105990783,0.014567957116158966
attack_heavy&has_exclamation,295,0.0014030902543253811,0.002398201321009985,0.010689552652984125,0.6033898305084746,0.39661016949152544,long,0.6033898305084746,0.014541010980907597
attack_heavy,295,0.0014030902543253811,0.002398201321009985,0.010689552652984125,0.6033898305084746,0.39661016949152544,long,0.6033898305084746,0.014541010980907597
has_attack&attack_heavy,295,0.0014030902543253811,0.002398201321009985,0.010689552652984125,0.6033898305084746,0.39661016949152544,long,0.6033898305084746,0.014541010980907597
attack_heavy&exclamation_heavy,294,0.001403639762369578,0.0024003617349899198,0.010707774498754277,0.6020408163265306,0.3979591836734694,long,0.6020408163265306,0.014489562202051933
has_positive&lots_of_excl,737,0.0009378408577081248,0.0017534410926667299,0.011288630163713584,0.5685210312075983,0.4314789687924016,long,0.5685210312075983,0.014474695227833904
exclamation_heavy&short_posts,426,0.001186712955198622,0.0019825617166634446,0.011870661219443778,0.5892018779342723,0.4107981220657277,long,0.5892018779342723,0.014431604067866014
has_deal&has_exclamation,348,0.001319106183174576,0.002046370518531848,0.012392188480023545,0.5862068965517241,0.41379310344827586,long,0.5862068965517241,0.014425148792387732
has_russia&deal_only,95,0.0022998778955298223,0.0025578225031641644,0.01246304024018647,0.6421052631578947,0.35789473684210527,long,0.6421052631578947,0.01439371209284183
exclamation_heavy&deal_over_tariff,299,0.001407418726080102,0.0020950900598626365,0.012740564423424713,0.5852842809364549,0.41471571906354515,long,0.5852842809364549,0.014243797134367967
has_china&lots_of_excl,279,0.001415508679237878,0.002378351074339591,0.012064012132710052,0.5985663082437276,0.4014336917562724,long,0.5985663082437276,0.014152296087986245
positive_heavy&brag_heavy,36,0.0030202330603322967,0.004145056798306568,0.0076026743603996695,0.7777777777777778,0.2222222222222222,long,0.7777777777777778,0.014094420948217385
has_exclamation&deal_over_tariff,307,0.001368581291314947,0.0020950900598626365,0.012665060018662931,0.5863192182410424,0.41368078175895767,long,0.5863192182410424,0.014059630792244454
has_positive&has_night_post,782,0.0008951319846358429,0.0013825371231271921,0.0111218117375312,0.5613810741687979,0.43861892583120204,long,0.5613810741687979,0.014052326090083967
has_exclamation&exclamation_heavy,841,0.0008568467365485279,0.0013121836603373627,0.010949264784046644,0.5600475624256838,0.4399524375743163,long,0.5600475624256838,0.013916372859115747
exclamation_heavy,841,0.0008568467365485279,0.0013121836603373627,0.010949264784046644,0.5600475624256838,0.4399524375743163,long,0.5600475624256838,0.013916372859115747
positive_heavy&has_market_brag,139,0.0018423646185357942,0.0027747360160232937,0.010651586182913033,0.6402877697841727,0.3597122302158273,long,0.6402877697841727,0.013907792137497495
deal_heavy&lots_of_excl,139,0.0019929546181642753,0.0025803778241513253,0.014986388098472959,0.5899280575539568,0.41007194244604317,long,0.5899280575539568,0.013861296764748397
short_posts,554,0.0010207665497377787,0.0017729121581404605,0.012281304559000467,0.5740072202166066,0.4259927797833935,long,0.5740072202166066,0.013791092376730341
has_tariff&has_russia,61,0.0024915749626438317,0.004111201935699915,0.012294959373167578,0.7049180327868853,0.29508196721311475,long,0.7049180327868853,0.013717579826441036
posts_high&attack_heavy,241,0.0014574105456695498,0.0024363765589265896,0.01119737239361371,0.6058091286307054,0.3941908713692946,long,0.6058091286307054,0.013706489641540571
has_deal&positive_heavy,275,0.0013763505061683927,0.002398223056023996,0.013250374111301987,0.5963636363636363,0.4036363636363636,long,0.5963636363636363,0.013611517568583857
deal_heavy,149,0.0018874076753172982,0.002458500465197355,0.014661964921340082,0.5906040268456376,0.40939597315436244,long,0.5906040268456376,0.013606776608942595
has_deal&deal_heavy,149,0.0018874076753172982,0.002458500465197355,0.014661964921340082,0.5906040268456376,0.40939597315436244,long,0.5906040268456376,0.013606776608942595
deal_heavy&has_exclamation,149,0.0018874076753172982,0.002458500465197355,0.014661964921340082,0.5906040268456376,0.40939597315436244,long,0.5906040268456376,0.013606776608942595
has_russia&deal_over_tariff,115,0.0019705676353100818,0.0026060235942590992,0.013140073967183682,0.6434782608695652,0.3565217391304348,long,0.6434782608695652,0.01359797208218153
has_market_brag,171,0.0016596170082547204,0.002062925390447612,0.009893017222178998,0.6257309941520468,0.3742690058479532,long,0.6257309941520468,0.013579807055510684
has_market_brag&has_exclamation,171,0.0016596170082547204,0.002062925390447612,0.009893017222178998,0.6257309941520468,0.3742690058479532,long,0.6257309941520468,0.013579807055510684
has_russia&tariff_only,22,0.003737414839933259,0.003382961468627932,0.008477733752981685,0.7727272727272727,0.22727272727272727,long,0.7727272727272727,0.013545931860261618
has_iran&open_deal,22,-0.005294245987355662,-0.001577457274359706,0.0190467888644965,0.45454545454545453,0.5454545454545454,short,0.5454545454545454,0.013544844444804516
attack_heavy&lots_of_excl,292,0.0013135731901143981,0.0024003617349899198,0.010636444758876382,0.5993150684931506,0.4006849315068493,long,0.5993150684931506,0.01345243489599363
attack_heavy&brag_heavy,25,0.0033592310873050836,0.004111201935699915,0.008060493949345927,0.8,0.2,long,0.8,0.013436924349220334
has_market_brag&brag_heavy,40,0.0028277912365907267,0.00391436471051787,0.007454419371617357,0.75,0.25,long,0.75,0.013413391582636158
brag_heavy&has_exclamation,40,0.0028277912365907267,0.00391436471051787,0.007454419371617357,0.75,0.25,long,0.75,0.013413391582636158
brag_heavy,40,0.0028277912365907267,0.00391436471051787,0.007454419371617357,0.75,0.25,long,0.75,0.013413391582636158
brag_heavy&exclamation_heavy,40,0.0028277912365907267,0.00391436471051787,0.007454419371617357,0.75,0.25,long,0.75,0.013413391582636158
brag_heavy&lots_of_excl,40,0.0028277912365907267,0.00391436471051787,0.007454419371617357,0.75,0.25,long,0.75,0.013413391582636158
deal_heavy&has_night_post,140,0.0019095423637694136,0.002569100163657745,0.01489930924844644,0.5928571428571429,0.40714285714285714,long,0.5928571428571429,0.01339502018258977
has_night_post&exclamation_heavy,765,0.0008661629410244379,0.0012959866440354073,0.011200409038385097,0.5568627450980392,0.44313725490196076,long,0.5568627450980392,0.013340695757280934
positive_heavy&deal_over_tariff,241,0.0014354413860114045,0.0024039939451780956,0.013581887761857031,0.5975103734439834,0.4024896265560166,long,0.5975103734439834,0.013314946760773043
has_tariff&has_all_caps,40,0.0026307130597372,0.003944648549496499,0.0123325375480067,0.8,0.2,long,0.8,0.01331047222259224
posts_very_high&deal_heavy,74,0.002647064014530847,0.0029264119055687488,0.0175516894524747,0.581081081081081,0.4189189189189189,long,0.581081081081081,0.013231742475596674
attack_heavy&deal_only,114,0.002043960370384067,0.002425821014393925,0.010627595643649151,0.6052631578947368,0.39473684210526316,long,0.6052631578947368,0.013208975548125172
deal_heavy&exclamation_heavy,147,0.0018401827826742898,0.0022511200872630255,0.014756347644353894,0.5850340136054422,0.41496598639455784,long,0.5850340136054422,0.013052711734917136
attack_heavy&has_china,144,0.001719179276785211,0.0035549261132110654,0.012140904359077132,0.6319444444444444,0.3680555555555556,long,0.6319444444444444,0.013037109515621184
has_positive&deal_only,251,0.0014001533377164376,0.0020298156466160844,0.012752206112937802,0.5856573705179283,0.41434262948207173,long,0.5856573705179283,0.01299140356860626
has_market_brag&lots_of_excl,161,0.0016332199283027548,0.001844650716804619,0.01006721834879261,0.6211180124223602,0.37888198757763975,long,0.6211180124223602,0.012871576211724788
has_market_brag&exclamation_heavy,167,0.0015968997608707335,0.001844650716804619,0.009943201913564402,0.6227544910179641,0.3772455089820359,long,0.6227544910179641,0.012851468603895806
has_positive&exclamation_heavy,809,0.0008031390617176564,0.0014157440298172563,0.011019776175413595,0.5624227441285538,0.43757725587144625,long,0.5624227441285538,0.012847773888996631
has_positive,883,0.0007705456066669081,0.0012959866440354073,0.010872204066931637,0.5605889014722537,0.43941109852774635,long,0.5605889014722537,0.01283580751339367
has_night_post,858,0.0007793346249679634,0.0012856072317456446,0.01164035438767107,0.5606060606060606,0.4393939393939394,long,0.5606060606060606,0.0127975078416827
posts_high&has_china,202,0.001449937334261722,0.002575636884514565,0.013207455804051556,0.6188118811881188,0.3811881188118812,long,0.6188118811881188,0.01275215435499165
attack_heavy&positive_heavy,254,0.0013196019249627857,0.0024088938094155576,0.010900250182548898,0.6062992125984252,0.3937007874015748,long,0.6062992125984252,0.012751075079656586
has_deal&has_positive,336,0.0011873209136352768,0.0020148121756411452,0.012528725995565745,0.5833333333333334,0.4166666666666667,long,0.5833333333333334,0.01269563857552149
has_deal&attack_heavy,160,0.001651029527060397,0.002425821014393925,0.011211525616671974,0.60625,0.39375,long,0.60625,0.012660958440026036
has_russia&has_all_caps,72,0.0021919966280529,0.004119120900633044,0.014176257587956324,0.6805555555555556,0.3194444444444444,long,0.6805555555555556,0.012658134720279723
posts_high&tariff_only,28,0.003342259003053512,0.0018266235069878123,0.008386187543420527,0.7142857142857143,0.2857142857142857,long,0.7142857142857143,0.012632551627494661
has_relief&deal_only,35,0.004394061279126303,-0.0005468506702392961,0.021735311566267384,0.4857142857142857,0.5142857142857142,long,0.4857142857142857,0.012626442591010839
attack_heavy&deal_over_tariff,140,0.0017625958127021066,0.002425821014393925,0.011449090584709203,0.6,0.4,long,0.6,0.012513188943963563
has_positive&has_exclamation,875,0.0007535863982638977,0.001275227819455882,0.010903739966201477,0.56,0.44,long,0.56,0.012483176315646122
deal_heavy&has_positive,144,0.0017821943874438409,0.0023548102762301903,0.01486976570206921,0.5833333333333334,0.4166666666666667,long,0.5833333333333334,0.012475360712106887
attack_heavy&has_russia,149,0.0016544093954696513,0.002782528060744527,0.01122940928024844,0.6174496644295302,0.3825503355704698,long,0.6174496644295302,0.012469173874653192
posts_high&has_tariff,92,0.001954138520567569,0.0030518465453037713,0.011110466362927195,0.6630434782608695,0.33695652173913043,long,0.6630434782608695,0.012427714482376418
has_china&has_all_caps,86,0.0019181116235910652,0.003997367250116346,0.014155072664144857,0.6976744186046512,0.3023255813953488,long,0.6976744186046512,0.012410117741134465
deal_heavy&has_russia,61,0.0023639088571988103,0.004329037619306586,0.0145648984966059,0.6721311475409836,0.32786885245901637,long,0.6721311475409836,0.012409368095380409
attack_heavy&has_all_caps,100,0.0018677290325917583,0.004393735082838246,0.012824857725378684,0.66,0.34,long,0.66,0.012327011615105606
has_china&has_night_post,284,0.0012169189489458182,0.002397648328865576,0.012207153685356235,0.5985915492957746,0.4014084507042254,long,0.5985915492957746,0.012275845248998234
has_positive&deal_over_tariff,295,0.0012204926497301333,0.002062925390447612,0.012828586340401918,0.5830508474576271,0.41694915254237286,long,0.5830508474576271,0.01222229065068696
has_positive&has_market_brag,166,0.0015233454610480404,0.0018364537827950667,0.009938977213408461,0.6204819277108434,0.3795180722891566,long,0.6204819277108434,0.012178157418375364
has_night_post&has_exclamation,829,0.0007550345807151828,0.0012748959396360338,0.011629684219859089,0.5597104945717732,0.44028950542822676,long,0.5597104945717732,0.012167673794789282
deal_heavy&has_market_brag,38,0.0027754289901883735,0.003944648549496499,0.013800489382481932,0.7105263157894737,0.2894736842105263,long,0.7105263157894737,0.012156318945968627
positive_heavy&lots_of_excl,590,0.0008772447581132655,0.0018115501314872606,0.011785038752479975,0.5694915254237288,0.43050847457627117,long,0.5694915254237288,0.012134839969961371
pre_deal&deal_only,117,0.0018485243371914306,0.0026060235942590992,0.013789853715052367,0.6068376068376068,0.39316239316239315,long,0.6068376068376068,0.01213362561537851
deal_heavy&has_uppercase_phrase,64,0.002377603122973306,0.004307807733926583,0.015484958122735364,0.625,0.375,long,0.625,0.01188801561486653
has_attack&has_uppercase_phrase,222,0.0013201144558367727,0.0026702509109127748,0.012736841470620298,0.6036036036036037,0.3963963963963964,long,0.6036036036036037,0.011872437662179585
posts_very_high&attack_heavy,161,0.0015655419428588688,0.0029126712228728646,0.012272925811905719,0.5962732919254659,0.40372670807453415,long,0.5962732919254659,0.0118446710070802
posts_very_high&china_streak_3d,27,0.004394728787308733,0.004711602549041238,0.017550253495649027,0.5185185185185185,0.48148148148148145,long,0.5185185185185185,0.01184072329238444
positive_heavy&has_night_post,578,0.0008587287159336546,0.0018115501314872606,0.011834356778668283,0.5709342560553633,0.4290657439446367,long,0.5709342560553633,0.011787073906940011
short_posts&tariff_only,21,0.0031631781627390015,0.0035233152664562173,0.009096020287935368,0.8095238095238095,0.19047619047619047,long,0.8095238095238095,0.011734455106928948
has_china&exclamation_heavy,297,0.0011350791731224046,0.002062925390447612,0.012014828457355704,0.5959595959595959,0.40404040404040403,long,0.5959595959595959,0.011657923385095515
has_china,304,0.0011229356147451199,0.002061392454014266,0.01205074246447778,0.5921052631578947,0.40789473684210525,long,0.5921052631578947,0.011592859416576395
has_china&has_exclamation,304,0.0011229356147451199,0.002061392454014266,0.01205074246447778,0.5921052631578947,0.40789473684210525,long,0.5921052631578947,0.011592859416576395
has_all_caps&short_posts,125,0.0015995172923272136,0.0035233152664562173,0.013429163508711685,0.648,0.352,long,0.648,0.01158827924572937
deal_heavy&has_relief,32,0.0033972612946635353,0.0034947807891163585,0.022787511188515578,0.59375,0.40625,long,0.59375,0.011410575869866085
has_attack&pre_deal,129,0.001661127621764904,0.0024752552505826753,0.013824642832319699,0.6046511627906976,0.3953488372093023,long,0.6046511627906976,0.011407822296822414
has_relief&volume_spike,29,-0.003815854476074649,-0.0018136664115916412,0.025210364977834365,0.4482758620689655,0.5517241379310345,short,0.5517241379310345,0.011337382197905584
has_action&has_attack,147,0.00160337768504524,0.0024152654698612608,0.012970277806468292,0.5782312925170068,0.4217687074829932,long,0.5782312925170068,0.011240770819464029
positive_heavy&short_posts,288,0.0011010152674486677,0.0024362181367602043,0.01321730639122452,0.6006944444444444,0.3993055555555556,long,0.6006944444444444,0.011223884799324754
has_market_brag&has_uppercase_phrase,70,0.0019143790932863274,0.003674778164000081,0.012473296016412611,0.7,0.3,long,0.7,0.011211791240896527
has_market_brag&pre_deal,38,0.0028717087012586876,0.004310913438380304,0.013293943087652542,0.631578947368421,0.3684210526315789,long,0.631578947368421,0.011180463998202255
has_deal&has_china,156,0.0014789396121701142,0.0024088938094155576,0.01343477246209554,0.6025641025641025,0.3974358974358974,long,0.6025641025641025,0.011130533875242562
has_russia&pre_action,32,0.0027343620627360704,0.005931748622845956,0.01694556942394221,0.71875,0.28125,long,0.71875,0.01111754425148449
has_market_brag&has_russia,55,0.002351697980199347,0.0030995907964674885,0.011590520115687753,0.6363636363636364,0.36363636363636365,long,0.6363636363636364,0.011098601183638387
deal_only&volume_spike,53,0.0024966849675010956,0.0028783596425328017,0.014844746139065982,0.6037735849056604,0.39622641509433965,long,0.6037735849056604,0.010974273764421274
has_tariff&has_attack,113,0.0016349828243378106,0.001973929748924741,0.01092890364339697,0.6283185840707964,0.37168141592920356,long,0.6283185840707964,0.010920243482353655
pre_deal&deal_over_tariff,148,0.0015071296392462346,0.002569100163657745,0.01406943816314854,0.5945945945945946,0.40540540540540543,long,0.5945945945945946,0.010901905802918653
positive_heavy&exclamation_heavy,609,0.000774398796275046,0.0017996429640456668,0.011700166268339857,0.5681444991789819,0.4318555008210181,long,0.5681444991789819,0.010857557092772797
has_market_brag&short_posts,85,0.0017868124984557142,0.0029126712228728646,0.010614401188338682,0.6588235294117647,0.3411764705882353,long,0.6588235294117647,0.010853193493130658
has_positive&has_china,297,0.0010590203648419441,0.002062925390447612,0.01202612525253826,0.5925925925925926,0.4074074074074074,long,0.5925925925925926,0.010815304586300634
deal_over_tariff&volume_spike,68,0.0021138557244146892,0.003997367250116346,0.015578732094485856,0.6176470588235294,0.38235294117647056,long,0.6176470588235294,0.010766391706508489
has_exclamation,952,0.0006244661682703125,0.0012617488727160175,0.011274241169199414,0.555672268907563,0.44432773109243695,long,0.555672268907563,0.01070646526611172
has_exclamation&short_posts,497,0.0008319834765308167,0.0017707816287040323,0.012320916410284682,0.5754527162977867,0.4245472837022133,long,0.5754527162977867,0.010673393964165554
has_night_post&short_posts,461,0.0008512046827585852,0.0018169617741325972,0.012882341406330258,0.5770065075921909,0.4229934924078091,long,0.5770065075921909,0.01054545148649925
positive_heavy&has_exclamation,614,0.0007498679627826249,0.0017740477853814829,0.011664618606988565,0.5667752442996743,0.43322475570032576,long,0.5667752442996743,0.010531248426365625
has_positive&positive_heavy,614,0.0007498679627826249,0.0017740477853814829,0.011664618606988565,0.5667752442996743,0.43322475570032576,long,0.5667752442996743,0.010531248426365625
positive_heavy,614,0.0007498679627826249,0.0017740477853814829,0.011664618606988565,0.5667752442996743,0.43322475570032576,long,0.5667752442996743,0.010531248426365625
deal_heavy&positive_heavy,129,0.001600475330071945,0.002458500465197355,0.015561840193102963,0.5736434108527132,0.4263565891472868,long,0.5736434108527132,0.01042763566636098
has_relief&deal_over_tariff,44,0.0030011290192406407,0.002337733942006981,0.021567036097839866,0.5227272727272727,0.4772727272727273,long,0.5227272727272727,0.01040605612718979
posts_very_high&pre_deal,69,0.002158451664102915,0.0024025221489698545,0.01573868446694831,0.5797101449275363,0.42028985507246375,long,0.5797101449275363,0.010393881797097103
pre_action&deal_only,30,0.0027977996680842,0.004487871047743508,0.012520938931863977,0.6666666666666666,0.3333333333333333,long,0.6666666666666666,0.010216119930601219
attack_heavy&has_market_brag,74,0.0017825505616514369,0.0033430885671518196,0.012055431581910234,0.6486486486486487,0.35135135135135137,long,0.6486486486486487,0.009946430099205523
short_posts&china_streak_3d,42,0.002793983104695218,0.0008984192730949747,0.015252477168075321,0.5476190476190477,0.4523809523809524,long,0.5476190476190477,0.009915781914215042
brag_heavy&has_uppercase_phrase,20,0.0027620164360956712,0.004693542946652474,0.007803155644037661,0.8,0.2,long,0.8,0.0098816904097306
posts_very_high&has_uppercase_phrase,130,0.0014335213763873563,0.002983234917668942,0.013853431491163202,0.6,0.4,long,0.6,0.00980679506826693
has_uppercase_phrase&short_posts,162,0.0012846750116239005,0.0024172998074752927,0.013721641954054268,0.5987654320987654,0.4012345679012346,long,0.5987654320987654,0.009790559332999575
has_tariff&has_market_brag,35,0.002390587022340743,0.0025803778241513253,0.013774670662565042,0.6857142857142857,0.3142857142857143,long,0.6857142857142857,0.00969799100750426
has_china&has_russia,116,0.0014496822908706523,0.0030733664668493033,0.013165593736145063,0.6206896551724138,0.3793103448275862,long,0.6206896551724138,0.009691172757090326
has_relief&short_posts,49,0.0021676185409350885,0.003601507245887481,0.023401712629937687,0.6326530612244898,0.3673469387755102,long,0.6326530612244898,0.009599453538426821
has_deal&volume_spike,84,0.0016737098198350922,0.0033809461035327892,0.014672893274926154,0.6190476190476191,0.38095238095238093,long,0.6190476190476191,0.009496069069543594
has_deal&has_all_caps,91,0.0015211435736921482,0.0030882599296988555,0.01411637410360806,0.6483516483516484,0.3516483516483517,long,0.6483516483516484,0.009408091282392967
has_action&deal_only,70,0.001962597804982031,0.001995501194534177,0.012828908784009937,0.5714285714285714,0.42857142857142855,long,0.5714285714285714,0.009383012180525625
has_iran&has_russia,58,0.001766157583893757,0.003968493671385298,0.01268688146229254,0.6896551724137931,0.3103448275862069,long,0.6896551724137931,0.009276314088369418
posts_very_high&has_china,130,0.0013449546760983917,0.0024088938094155576,0.013901759391336387,0.6,0.4,long,0.6,0.009200905617357341
has_all_caps&has_uppercase_phrase,133,0.0012887763879887563,0.0030882599296988555,0.013555435608873194,0.6090225563909775,0.39097744360902253,long,0.6090225563909775,0.009051837921549922
has_china&deal_only,93,0.0015748078930636357,0.0024152654698612608,0.013920537682665072,0.5913978494623656,0.40860215053763443,long,0.5913978494623656,0.008981498424729532
short_posts&volume_drop,98,0.0016688204628742802,0.0009000182899339126,0.010077813900875447,0.5408163265306123,0.45918367346938777,long,0.5408163265306123,0.00893454515595824
short_posts&volume_spike,98,-0.001955444038422277,0.0019010932988551277,0.01978955005985031,0.5408163265306123,0.45918367346938777,short,0.45918367346938777,0.008888835470137713
exclamation_heavy&tariff_only,54,0.001821189633887174,0.001540517214238979,0.008759634320331609,0.6481481481481481,0.35185185185185186,long,0.6481481481481481,0.008674138137524387
has_attack&tariff_only,46,0.0019343306091979008,0.001251678466596573,0.00831107358088979,0.6521739130434783,0.34782608695652173,long,0.6521739130434783,0.00855604466611297
has_deal&has_relief,47,0.0024124763005125703,0.0020950900598626365,0.02107133722847379,0.5106382978723404,0.48936170212765956,long,0.5106382978723404,0.008445500041515315
has_russia&volume_spike,80,0.0015105734451004952,0.003540966986189331,0.013746111374986639,0.625,0.375,long,0.625,0.008444362270626884
attack_heavy&open_deal,45,-0.0021733222326700287,-0.0018136664115916412,0.01322807072860986,0.4222222222222222,0.5777777777777777,short,0.5777777777777777,0.008423473498720451
posts_very_high&has_russia,119,0.001308125307709402,0.0024438490218237074,0.012135196041394397,0.5882352941176471,0.4117647058823529,long,0.5882352941176471,0.008394095524512427
deal_heavy&pre_deal,97,0.0014762035030835069,0.0028783596425328017,0.015235173864788438,0.5773195876288659,0.422680412371134,long,0.5773195876288659,0.008393602368550857
has_deal&has_action,99,0.0014651393525966262,0.0022511200872630255,0.013497382816499046,0.5757575757575758,0.42424242424242425,long,0.5757575757575758,0.008393366587708857
pre_tariff&pre_deal,30,-0.0028423969992276256,-0.000815326950999784,0.015810828334556073,0.4666666666666667,0.5333333333333333,short,0.5333333333333333,0.008303173087263813
has_attack&volume_drop,70,0.001813985453658297,0.002064899356793659,0.009030943951419615,0.5428571428571428,0.45714285714285713,long,0.5428571428571428,0.008238883782289538
has_market_brag&volume_spike,36,0.001898502073684783,0.005128619499861431,0.016485989191368237,0.7222222222222222,0.2777777777777778,long,0.7222222222222222,0.008226842319300726
has_action&has_russia,79,0.0015456256421122528,0.0028783596425328017,0.013937999893444571,0.5949367088607594,0.4050632911392405,long,0.5949367088607594,0.008173134133717107
has_action&deal_over_tariff,86,0.001538656807101551,0.0021254643959646158,0.013885666685522243,0.5697674418604651,0.43023255813953487,long,0.5697674418604651,0.008129963895387303
pre_action&deal_over_tariff,40,0.0020563708086403093,0.004487871047743508,0.015253672486385844,0.625,0.375,long,0.625,0.008128519336482044
has_deal&pre_deal,171,0.0010677822174962753,0.002398201321009985,0.013654658396886165,0.5789473684210527,0.42105263157894735,long,0.5789473684210527,0.008083879354347847
pre_deal,171,0.0010677822174962753,0.002398201321009985,0.013654658396886165,0.5789473684210527,0.42105263157894735,long,0.5789473684210527,0.008083879354347847
attack_heavy&has_uppercase_phrase,145,0.0011055183627635909,0.0030806389559205893,0.012153737031504859,0.6068965517241379,0.3931034482758621,long,0.6068965517241379,0.008079130657208456
has_iran&deal_only,59,0.0016217539047033082,0.0035461051859606574,0.010944527192652969,0.6440677966101694,0.3559322033898305,long,0.6440677966101694,0.008023106239824454
has_china&short_posts,152,0.0010169078905329695,0.0024067442629426283,0.012940889041518298,0.6381578947368421,0.3618421052631579,long,0.6381578947368421,0.008000765793325194
has_tariff&short_posts,44,0.0015553328296489559,0.003701909727945485,0.012112388725492813,0.7727272727272727,0.22727272727272727,long,0.7727272727272727,0.007972158376467704
attack_heavy&pre_action,44,0.001887351937027841,0.0053022267756464014,0.015556318177028182,0.6363636363636364,0.36363636363636365,long,0.6363636363636364,0.007966812283145953
has_night_post&volume_drop,124,0.0012796842305754419,0.0011622396619399566,0.010104444894619778,0.5564516129032258,0.4435483870967742,long,0.5564516129032258,0.007929413509233412
posts_high&has_uppercase_phrase,201,0.000949113352317964,0.002398223056023996,0.013192444261835209,0.5870646766169154,0.4129353233830846,long,0.5870646766169154,0.007899544715721931
has_tariff&has_china,86,0.0013508976707822134,0.0021570227388553187,0.011680009189854552,0.627906976744186,0.37209302325581395,long,0.627906976744186,0.007866236276343627
has_russia&short_posts,143,0.0010881631799412623,0.0024363765589265896,0.011288898253865422,0.6013986013986014,0.3986013986013986,long,0.6013986013986014,0.007825722777364184
posts_high&pre_deal,109,0.001267094752439236,0.002062925390447612,0.015171468695351584,0.5871559633027523,0.41284403669724773,long,0.5871559633027523,0.0077674026224133635
has_tariff&exclamation_heavy,138,0.001064175859461257,0.0018142667459946082,0.010806889079027404,0.6086956521739131,0.391304347826087,long,0.6086956521739131,0.007609447862034474
pre_action&has_uppercase_phrase,41,-0.00237358182443332,0.00048543067082995606,0.018552459503751353,0.5121951219512195,0.4878048780487805,short,0.4878048780487805,0.007413824053443449
has_all_caps&deal_only,66,0.0015436700605791144,0.0030313620491517757,0.014085454823096762,0.5909090909090909,0.4090909090909091,long,0.5909090909090909,0.007410493324136764
has_russia&has_uppercase_phrase,113,0.0011059941742863966,0.003558618705922445,0.013215626713755185,0.6283185840707964,0.37168141592920356,long,0.6283185840707964,0.007387065780439481
has_russia&pre_deal,65,0.0014141222331031731,0.004353090017882089,0.014109564953125075,0.6461538461538462,0.35384615384615387,long,0.6461538461538462,0.007366811586105336
has_china&has_iran,45,0.001646744033200277,0.004111201935699915,0.01438100478118,0.6666666666666666,0.3333333333333333,long,0.6666666666666666,0.007364463199555981
has_china&deal_over_tariff,125,0.0011337077617333132,0.002398223056023996,0.01410697284591885,0.576,0.424,long,0.576,0.0073009371509418905
has_tariff&open_deal,20,-0.002960309501637298,-0.0009087867081865597,0.016814532812180056,0.45,0.55,short,0.55,0.0072813986081094765
has_iran&volume_spike,37,0.0018367418483677415,0.004276213516696936,0.016282186096333306,0.6486486486486487,0.35135135135135137,long,0.6486486486486487,0.007247003995512644
posts_very_high&has_action,94,0.0012507000085069948,0.003257660466594703,0.015056263977801004,0.5957446808510638,0.40425531914893614,long,0.5957446808510638,0.007223991944232942
pre_deal&has_night_post,163,0.0009656102356416335,0.0024025221489698545,0.013804222580700128,0.5828220858895705,0.4171779141104294,long,0.5828220858895705,0.007185080922975612
has_attack&has_iran,91,0.0011829653242597905,0.0025578225031641644,0.011504295135645888,0.6263736263736264,0.37362637362637363,long,0.6263736263736264,0.007068482287199383
deal_heavy&has_action,53,0.0017656733754897265,0.0022511200872630255,0.016140424102542197,0.5471698113207547,0.4528301886792453,long,0.5471698113207547,0.007033482827587171
posts_very_high&pre_relief,22,-0.0029645882078272253,0.0012758351283647107,0.023222150591923264,0.5,0.5,short,0.5,0.006952575625689757
pre_deal&pre_action,31,0.0019313395753132894,0.0038835325645327767,0.014413445496386224,0.6451612903225806,0.3548387096774194,long,0.6451612903225806,0.00693757655480813
has_deal&pre_tariff,40,-0.0021762395482261415,-1.4885868666936197e-05,0.014163679234846604,0.5,0.5,short,0.5,0.006881873706530454
has_tariff&has_iran,23,-0.0029889442991521097,0.0006112178561430426,0.015006421699232997,0.5217391304347826,0.4782608695652174,short,0.4782608695652174,0.006855617661056297
has_uppercase_phrase&lots_of_excl,269,0.0007304837200908212,0.0018029954588836272,0.012692219566188783,0.5687732342007435,0.4312267657992565,long,0.5687732342007435,0.006814371906902792
attack_heavy&volume_spike,93,0.0012110859677026235,0.0035233152664562173,0.01436170157686407,0.5806451612903226,0.41935483870967744,long,0.5806451612903226,0.006781523292036753
has_uppercase_phrase&exclamation_heavy,279,0.0007068129409366392,0.0019505484686161978,0.01251027155564162,0.5698924731182796,0.43010752688172044,long,0.5698924731182796,0.00672820964186798
has_action&pre_deal,53,0.0015243187975967228,0.001999808704666206,0.012907560510237798,0.6037735849056604,0.39622641509433965,long,0.6037735849056604,0.006700201269615148
has_action&attack_heavy,104,0.0011725545262594994,0.0024088938094155576,0.012710014998933941,0.5576923076923077,0.4423076923076923,long,0.5576923076923077,0.006668748995935123
attack_heavy&tariff_only,23,0.002131608303562887,0.0006311524954152326,0.007927056998953295,0.6521739130434783,0.34782608695652173,long,0.6521739130434783,0.006667065846249158
deal_heavy&pre_tariff,23,-0.0028902420151618396,0.0005901930035467906,0.017392052923194033,0.5217391304347826,0.4782608695652174,short,0.4782608695652174,0.006629228323020709
pre_action&volume_spike,30,-0.002786991253238539,0.0012690855606179996,0.020990370534135532,0.5666666666666667,0.43333333333333335,short,0.43333333333333335,0.00661482456686281
pre_deal&has_exclamation,170,0.0008726638555805596,0.0022305633557287985,0.01345378221545626,0.5764705882352941,0.4235294117647059,long,0.5764705882352941,0.006559165717775902
pre_deal&lots_of_excl,157,0.0008928204421239073,0.0024025221489698545,0.01373809561499903,0.5859872611464968,0.4140127388535032,long,0.5859872611464968,0.0065554442224018015
has_relief&has_uppercase_phrase,40,0.0015945565488789226,0.004033128224187332,0.01899521972644709,0.65,0.35,long,0.65,0.006555159718113507
has_deal&has_uppercase_phrase,134,0.0009721481739068494,0.0024201852520523426,0.01446007697751391,0.582089552238806,0.417910447761194,long,0.582089552238806,0.006550503276912693
posts_very_high&has_tariff,58,0.0012981772153539282,0.00232682111811644,0.012016570182324214,0.6551724137931034,0.3448275862068966,long,0.6551724137931034,0.006477442735979903
positive_heavy&has_china,259,0.0007039880661575548,0.0018656770604672523,0.012205578526102906,0.5714285714285714,0.42857142857142855,long,0.5714285714285714,0.006474066119052166
has_uppercase_phrase&has_exclamation,296,0.0006645949609587543,0.0018767719637499125,0.012292730054360716,0.5641891891891891,0.4358108108108108,long,0.5641891891891891,0.006451009176863411
pre_deal&exclamation_heavy,168,0.0008555885688786397,0.0022305633557287985,0.013528311792044286,0.5773809523809523,0.4226190476190476,long,0.5773809523809523,0.006402978844811437
has_chips,32,0.0017240775632170816,0.0032690852123895553,0.008246034617188647,0.65625,0.34375,long,0.65625,0.006400311415272479
has_exclamation&has_chips,32,0.0017240775632170816,0.0032690852123895553,0.008246034617188647,0.65625,0.34375,long,0.65625,0.006400311415272479
has_uppercase_phrase,298,0.0006427006737787511,0.0018767719637499125,0.012291709992693361,0.5637583892617449,0.436241610738255,long,0.5637583892617449,0.00625474926698777
attack_heavy&has_iran,54,0.0013361571201202782,0.002819230729542377,0.011695790905308378,0.6296296296296297,0.37037037037037035,long,0.6296296296296297,0.006182150414242517
exclamation_heavy&has_chips,31,0.001714475358653573,0.003484022133139808,0.008382160082441479,0.6451612903225806,0.3548387096774194,long,0.6451612903225806,0.006158577292168764
lots_of_excl&has_chips,31,0.001714475358653573,0.003484022133139808,0.008382160082441479,0.6451612903225806,0.3548387096774194,long,0.6451612903225806,0.006158577292168764
has_attack&pre_action,58,0.0012994160595345703,0.0053022267756464014,0.015165904259383786,0.6206896551724138,0.3793103448275862,long,0.6206896551724138,0.006142380752812367
has_china&open_deal,42,0.0015775296472424667,0.0045759743062527836,0.01676658732364118,0.5952380952380952,0.40476190476190477,long,0.5952380952380952,0.006085452730850743
has_relief&has_positive,92,0.0010978950679205119,0.002681452942447926,0.018516564031846802,0.5760869565217391,0.42391304347826086,long,0.5760869565217391,0.006066564089765342
posts_high&has_chips,23,0.0019331763893628078,0.004135975807723957,0.00895817523980253,0.6521739130434783,0.34782608695652173,long,0.6521739130434783,0.00604642713145436
has_positive&has_chips,31,0.001681172055848623,0.003484022133139808,0.008378710200347136,0.6451612903225806,0.3548387096774194,long,0.6451612903225806,0.006038948296993319
has_tariff&attack_heavy,69,0.0011620323635916853,0.0018223950031472924,0.011230741385442217,0.6231884057971014,0.37681159420289856,long,0.6231884057971014,0.006015367068383084
has_attack&open_tariff,28,0.0017679517654473858,0.002232723769708733,0.015401242398213073,0.6428571428571429,0.35714285714285715,long,0.6428571428571429,0.006014006615997488
has_night_post&tariff_only,49,0.0013579362755591871,0.0012748959396360338,0.008370207462727474,0.6326530612244898,0.3673469387755102,long,0.6326530612244898,0.006013717791762115
has_iran&has_night_post,110,0.0009685053827854229,0.0023182410845702384,0.011588685384958596,0.5909090909090909,0.4090909090909091,long,0.5909090909090909,0.006002318724797738
has_night_post&has_uppercase_phrase,278,0.0006362000289936134,0.0018519947806414638,0.012509729625563442,0.5611510791366906,0.43884892086330934,long,0.5611510791366906,0.005952451766679307
open_tariff,30,0.0017110877760768473,0.002232723769708733,0.014991442013514373,0.6333333333333333,0.36666666666666664,long,0.6333333333333333,0.005935608694581372
has_tariff&open_tariff,30,0.0017110877760768473,0.002232723769708733,0.014991442013514373,0.6333333333333333,0.36666666666666664,long,0.6333333333333333,0.005935608694581372
open_tariff&exclamation_heavy,30,0.0017110877760768473,0.002232723769708733,0.014991442013514373,0.6333333333333333,0.36666666666666664,long,0.6333333333333333,0.005935608694581372
open_tariff&has_exclamation,30,0.0017110877760768473,0.002232723769708733,0.014991442013514373,0.6333333333333333,0.36666666666666664,long,0.6333333333333333,0.005935608694581372
has_positive&has_uppercase_phrase,287,0.0006182182693717015,0.0019505484686161978,0.012418876622155054,0.5644599303135889,0.4355400696864111,long,0.5644599303135889,0.005911747837957322
has_relief&has_attack,77,0.0012310417800675147,0.0019505484686161978,0.019640818986579062,0.5454545454545454,0.45454545454545453,long,0.5454545454545454,0.005892189697900498
has_night_post&volume_spike,145,-0.0010735497748298258,0.0017534410926667299,0.017589667222759526,0.5448275862068965,0.45517241379310347,short,0.45517241379310347,0.005884128109042748
has_positive&high_emotion,27,0.0020340971383464744,0.003252088979670553,0.011701564973798654,0.5555555555555556,0.4444444444444444,long,0.5555555555555556,0.005871932651910923
positive_heavy&has_iran,95,0.00100345268256586,0.00205985951758092,0.011533900789115249,0.6,0.4,long,0.6,0.0058682681590297835
has_uppercase_phrase&deal_over_tariff,117,0.000974235402101208,0.0024363765589265896,0.015066087352949226,0.5555555555555556,0.4444444444444444,long,0.5555555555555556,0.005854426161080306
open_tariff&has_night_post,28,0.001706718478379701,0.002232723769708733,0.015300009032170712,0.6428571428571429,0.35714285714285715,long,0.6428571428571429,0.005805710552303046
positive_heavy&has_chips,30,0.0016698195942207153,0.0035036686997980127,0.008521703896611069,0.6333333333333333,0.36666666666666664,long,0.6333333333333333,0.005792453105219123
has_night_post&has_chips,30,0.0016698195942207153,0.0035036686997980127,0.008521703896611069,0.6333333333333333,0.36666666666666664,long,0.6333333333333333,0.005792453105219123
has_positive&open_tariff,29,0.0017072495958330388,0.0024025221489698545,0.015256782869989747,0.6206896551724138,0.3793103448275862,long,0.6206896551724138,0.005706509238915323
open_tariff&lots_of_excl,29,0.0017072495958330388,0.0024025221489698545,0.015256782869989747,0.6206896551724138,0.3793103448275862,long,0.6206896551724138,0.005706509238915323
posts_very_high&open_tariff,20,0.0018200531387301433,0.003264781007268014,0.01654736468576336,0.7,0.3,long,0.7,0.005697667557207437
has_relief,93,0.001030699858761089,0.0025803778241513253,0.018427053033150342,0.5698924731182796,0.43010752688172044,long,0.5698924731182796,0.005664565616093823
has_relief&has_exclamation,93,0.001030699858761089,0.0025803778241513253,0.018427053033150342,0.5698924731182796,0.43010752688172044,long,0.5698924731182796,0.005664565616093823
has_action&has_all_caps,54,0.0012228078195985522,0.004005286215049475,0.017538918360383852,0.6296296296296297,0.37037037037037035,long,0.6296296296296297,0.005657704288392132
positive_heavy&pre_tariff,53,-0.0017156667699357727,0.0006311524954152326,0.012884311282500446,0.5471698113207547,0.4528301886792453,short,0.4528301886792453,0.0056559589215936824
posts_very_high&has_relief,49,0.0013607452598920443,0.00291833782562656,0.02316370691678536,0.5918367346938775,0.40816326530612246,long,0.5918367346938775,0.0056373732195527555
open_deal&deal_only,62,0.0013683770186528207,0.000620836906956912,0.01620866859555707,0.5161290322580645,0.4838709677419355,long,0.5161290322580645,0.005561089764897609
has_relief&exclamation_heavy,91,0.0010118454863935844,0.0025803778241513253,0.018600643756318497,0.5714285714285714,0.42857142857142855,long,0.5714285714285714,0.005515651858557924
has_relief&positive_heavy,85,0.0010336576707061132,0.0028783596425328017,0.01919634938859207,0.5764705882352941,0.4235294117647059,long,0.5764705882352941,0.005493679877484049
pre_action&short_posts,50,-0.0017638177884974837,0.0013423570444167643,0.016164892909766967,0.56,0.44,short,0.44,0.005487713083705733
has_relief&has_night_post,90,0.001017368594369118,0.002681452942447926,0.01870477482144976,0.5666666666666667,0.43333333333333335,long,0.5666666666666667,0.005469243362821625
open_deal&has_all_caps,27,-0.002178430086623991,0.002062925390447612,0.02047820840838148,0.5185185185185185,0.48148148148148145,short,0.48148148148148145,0.00545010785333361
china_streak_3d&volume_drop,21,0.002070695479743933,0.0025329865627776726,0.01015282222478357,0.5714285714285714,0.42857142857142855,long,0.5714285714285714,0.005422353586931126
has_tariff&has_exclamation,143,0.0007597378945443388,0.0018029954588836272,0.010999038413931374,0.5944055944055944,0.40559440559440557,long,0.5944055944055944,0.00540026032410466
has_tariff,143,0.0007597378945443388,0.0018029954588836272,0.010999038413931374,0.5944055944055944,0.40559440559440557,long,0.5944055944055944,0.00540026032410466
has_tariff&lots_of_excl,133,0.0007857747343550322,0.0017534410926667299,0.01100942138064289,0.5939849624060151,0.40601503759398494,long,0.5939849624060151,0.005382689537079382
has_iran,119,0.0008319069548975619,0.00205985951758092,0.011295184674147517,0.5882352941176471,0.4117647058823529,long,0.5882352941176471,0.005338254986553377
has_iran&has_exclamation,119,0.0008319069548975619,0.00205985951758092,0.011295184674147517,0.5882352941176471,0.4117647058823529,long,0.5882352941176471,0.005338254986553377
has_tariff&has_night_post,128,0.0007787369227214768,0.0018142667459946082,0.010691680611176828,0.6015625,0.3984375,long,0.6015625,0.005300007778610745
deal_over_tariff&china_streak_3d,28,-0.001647779519369044,-0.004515890764349995,0.021049659066310712,0.39285714285714285,0.6071428571428571,short,0.6071428571428571,0.0052938180002266065
has_iran&lots_of_excl,112,0.0008580379803656577,0.0022290304192954524,0.011575541263622207,0.5803571428571429,0.41964285714285715,long,0.5803571428571429,0.005270002937400622
has_positive&pre_deal,163,0.0007158983972422273,0.002062925390447612,0.013651353113044983,0.5705521472392638,0.4294478527607362,long,0.5705521472392638,0.005214834577157321
has_uppercase_phrase&deal_only,96,0.000980575519859544,0.0024201852520523426,0.014971469629062387,0.5416666666666666,0.4583333333333333,long,0.5416666666666666,0.005204137635493844
has_all_caps&deal_over_tariff,81,0.0009547915315913101,0.0028783596425328017,0.014823335079317797,0.6049382716049383,0.3950617283950617,long,0.6049382716049383,0.005198309449774911
has_positive&pre_tariff,63,-0.0014051910088696859,0.0006311524954152326,0.012272105544323158,0.5396825396825397,0.4603174603174603,short,0.4603174603174603,0.005134085365065773
uppercase_phrase_heavy&volume_spike,22,-0.0024036119755763597,0.0020043729686430867,0.022622218045200267,0.5454545454545454,0.45454545454545453,short,0.45454545454545453,0.005124517950338039
has_tariff&has_positive,141,0.0007323825339531755,0.0017534410926667299,0.011074408220254866,0.5886524822695035,0.41134751773049644,long,0.5886524822695035,0.005119252070771123
positive_heavy&has_uppercase_phrase,233,0.0005934309935582153,0.0017534410926667299,0.01305962235472084,0.5579399141630901,0.44206008583690987,long,0.5579399141630901,0.005054004410540947
has_market_brag&has_china,71,0.0009809338971249518,0.002062925390447612,0.012655677201994156,0.6056338028169014,0.39436619718309857,long,0.6056338028169014,0.005005863735136589
has_russia&open_deal,31,-0.001857800041319248,0.000567644717596183,0.016527801950607306,0.5161290322580645,0.4838709677419355,short,0.4838709677419355,0.005005061062897477
has_night_post&high_emotion,44,-0.0013824271987941067,-0.0010842131940674848,0.012042503101641025,0.45454545454545453,0.5454545454545454,short,0.5454545454545454,0.005001809801871389
tariff_only,58,0.0010541582707795391,0.001251678466596573,0.009629600931892449,0.6206896551724138,0.3793103448275862,long,0.6206896551724138,0.0049830394394028525
has_tariff&tariff_only,58,0.0010541582707795391,0.001251678466596573,0.009629600931892449,0.6206896551724138,0.3793103448275862,long,0.6206896551724138,0.0049830394394028525
has_exclamation&tariff_only,58,0.0010541582707795391,0.001251678466596573,0.009629600931892449,0.6206896551724138,0.3793103448275862,long,0.6206896551724138,0.0049830394394028525
has_market_brag&pre_action,23,-0.0021652817125706204,0.001844650716804619,0.01860497775531202,0.5217391304347826,0.4782608695652174,short,0.4782608695652174,0.004966416923216785
has_relief&has_all_caps,24,-0.002425031924198263,0.0033520725248017413,0.020669325755591734,0.5833333333333334,0.4166666666666667,short,0.4166666666666667,0.004950075686871165
has_attack&tariff_rising,21,0.002055732080710066,0.0024025221489698545,0.01008374237693107,0.5238095238095238,0.47619047619047616,long,0.5238095238095238,0.0049345726929729715
has_positive&has_iran,113,0.0007810585359036122,0.00205985951758092,0.011434124154897852,0.5929203539823009,0.40707964601769914,long,0.5929203539823009,0.004922879029829571
pre_tariff&has_night_post,59,-0.0014473685882290894,0.0012248537360077805,0.012256875745050905,0.559322033898305,0.4406779661016949,short,0.4406779661016949,0.004899214847524339
attack_heavy&pre_deal,87,0.0008941609170827815,0.002398201321009985,0.011475556520305675,0.5862068965517241,0.41379310344827586,long,0.5862068965517241,0.004889069749569191
has_relief&lots_of_excl,88,0.0009357850919700007,0.00249144998656059,0.01891332261422228,0.5568181818181818,0.4431818181818182,long,0.5568181818181818,0.004887996273091171
has_attack&has_chips,27,0.0014876351136049047,0.0030541482916393026,0.008291380841795802,0.6296296296296297,0.37037037037037035,long,0.6296296296296297,0.004867023688675811
has_iran&exclamation_heavy,116,0.0007701867034642134,0.0020292772663002,0.011323850135586356,0.5862068965517241,0.41379310344827586,long,0.5862068965517241,0.004862682732214699
has_deal&china_streak_3d,31,-0.0014184628728967767,-0.0024243487567481292,0.0200127430379645,0.3870967741935484,0.6129032258064516,short,0.6129032258064516,0.004840505601307455
pre_tariff&has_exclamation,64,-0.0013277007332733563,0.0009210886887104364,0.012190091436471274,0.546875,0.453125,short,0.453125,0.004812915158115917
has_tariff&pre_tariff,64,-0.0013277007332733563,0.0009210886887104364,0.012190091436471274,0.546875,0.453125,short,0.453125,0.004812915158115917
pre_tariff,64,-0.0013277007332733563,0.0009210886887104364,0.012190091436471274,0.546875,0.453125,short,0.453125,0.004812915158115917
positive_heavy&pre_action,66,-0.001198177966298202,0.0005894755376306682,0.015661361508843837,0.5151515151515151,0.48484848484848486,short,0.48484848484848486,0.004719536394567372
posts_high&open_tariff,24,0.0014438166830738526,0.003264781007268014,0.015559925618684323,0.6666666666666666,0.3333333333333333,long,0.6666666666666666,0.004715485540864843
pre_tariff&exclamation_heavy,61,-0.0013591486782328118,0.0012110248820056402,0.012467918114002519,0.5573770491803278,0.4426229508196721,short,0.4426229508196721,0.004698571215397917
has_attack&sig_potus,52,0.0010537500133629334,0.0019189840390122503,0.011952568919728086,0.6153846153846154,0.38461538461538464,long,0.6153846153846154,0.004676122713478056
has_relief&has_russia,36,0.001166721092658079,0.004220119777503251,0.016651741627607432,0.6666666666666666,0.3333333333333333,long,0.6666666666666666,0.004666884370632316
open_deal&short_posts,45,0.0012828119697741534,0.002062925390447612,0.020612277590126755,0.5333333333333333,0.4666666666666667,long,0.5333333333333333,0.00458952762682466
has_uppercase_phrase&china_streak_3d,32,-0.001621647167270826,-1.0109207548403276e-05,0.013652144695933878,0.5,0.5,short,0.5,0.004586710834676626
has_relief&attack_heavy,47,0.0010742592829911606,0.00291833782562656,0.016816719473011305,0.6170212765957447,0.3829787234042553,long,0.6170212765957447,0.004544207814221158
posts_low&exclamation_heavy,41,0.001210280897518929,0.0013121836603373627,0.007017335270861022,0.5853658536585366,0.4146341463414634,long,0.5853658536585366,0.004536338896978792
has_tariff&has_uppercase_phrase,56,0.0009155941389244014,0.002006736929531905,0.011504510816737102,0.6607142857142857,0.3392857142857143,long,0.6607142857142857,0.004527002293148438
has_positive&tariff_only,56,0.0009957963941566172,0.0012266573647824464,0.009796598790650276,0.6071428571428571,0.39285714285714285,long,0.6071428571428571,0.004524342276901596
deal_heavy&has_all_caps,48,0.0010414965541207428,0.0025647398648979136,0.016855634862446227,0.625,0.375,long,0.625,0.004509812369112589
lots_of_excl&tariff_only,51,0.0010369874045592599,0.0012248537360077805,0.009833453564390788,0.6078431372549019,0.39215686274509803,long,0.6078431372549019,0.004501425710975907
posts_high&has_action,133,0.0006917310533402544,0.002040793397721785,0.013549747209510951,0.5639097744360902,0.43609022556390975,long,0.5639097744360902,0.004498551694355667
has_russia&volume_drop,24,0.0016911542884782093,0.0023182410845702384,0.009786517837084553,0.5416666666666666,0.4583333333333333,long,0.5416666666666666,0.004487670506682086
has_attack&pre_relief,35,-0.0015577743459611825,0.0005147657685955487,0.018702188957824748,0.5142857142857142,0.4857142857142857,short,0.4857142857142857,0.004476302695746487
posts_very_high&pre_tariff,25,-0.002023480250212377,0.0012748959396360338,0.014969604724151098,0.56,0.44,short,0.44,0.004451656550467229
deal_heavy&attack_heavy,78,0.0009102498606849874,0.002031367047556909,0.012493063871593251,0.5512820512820513,0.44871794871794873,long,0.5512820512820513,0.004431816554123795
pre_tariff&lots_of_excl,60,-0.001268419055429517,0.0009210886887104364,0.01225753396572643,0.55,0.45,short,0.45,0.004421309289921595
has_china&tariff_only,23,0.0013878154018978556,0.0012248537360077805,0.008116900746208836,0.6521739130434783,0.34782608695652173,long,0.6521739130434783,0.004340692730191726
positive_heavy&open_tariff,28,0.001350373683693998,0.002232723769708733,0.015412990193273256,0.6071428571428571,0.39285714285714285,long,0.6071428571428571,0.004338342860644912
pre_deal&volume_spike,46,0.0009837933036119337,0.004193973048343014,0.01473416427139626,0.6304347826086957,0.3695652173913043,long,0.6304347826086957,0.0042065198649623315
posts_low&high_emotion,60,0.0010134028864413336,0.0015925339382689696,0.011706781401288967,0.5333333333333333,0.4666666666666667,long,0.5333333333333333,0.004186552002331532
has_relief&has_action,31,-0.0016528653875074256,0.0024025221489698545,0.019454749361119014,0.5483870967741935,0.45161290322580644,short,0.45161290322580644,0.004156087419860229
has_action&lots_of_excl,172,0.0005808016651128456,0.0012618371142617546,0.013024471872094323,0.5406976744186046,0.45930232558139533,long,0.5406976744186046,0.004118571196307491
has_tariff&has_action,41,0.0010954352244612324,0.0024025221489698545,0.013526163141154368,0.5853658536585366,0.4146341463414634,long,0.5853658536585366,0.004105877757825606
posts_high&has_relief,66,0.0008609291566631002,0.002681452942447926,0.021419275087037414,0.5757575757575758,0.42424242424242425,long,0.5757575757575758,0.004026976033807141
posts_high&pre_relief,32,-0.0015149108106886182,0.001547571796373437,0.019544170926672415,0.53125,0.46875,short,0.46875,0.004017013901740246
sig_potus&deal_over_tariff,22,0.0013350397444737378,0.0032080077041648503,0.01583302571691761,0.6363636363636364,0.36363636363636365,long,0.6363636363636364,0.003984840018390168
has_action&china_streak_3d,21,-0.0015138931274121777,-0.004257362056762193,0.009916708781226094,0.42857142857142855,0.5714285714285714,short,0.5714285714285714,0.003964302771679845
deal_heavy&volume_spike,50,0.0009599094838902178,0.003997367250116346,0.016489776134891023,0.58,0.42,long,0.58,0.0039367993312275015
positive_heavy&all_caps_heavy,23,0.0010194419499822403,0.005959606136732187,0.017689967437360402,0.782608695652174,0.21739130434782608,long,0.782608695652174,0.0038262301355834736
posts_low&volume_spike,39,-0.0014022349773212105,0.002590732973354992,0.021099304853743527,0.5641025641025641,0.4358974358974359,short,0.4358974358974359,0.0038171340680291824
has_attack&china_streak_3d,60,0.0010496623992192126,-0.0007286730676083208,0.015483045772450875,0.4666666666666667,0.5333333333333333,long,0.4666666666666667,0.00379430332522839
has_russia&pre_tariff,28,0.0010037100334758322,0.003926176442881402,0.014939728221966287,0.7142857142857143,0.2857142857142857,long,0.7142857142857143,0.0037936673385676675
high_emotion,73,0.000829566587702824,0.0019396738211476805,0.012060634779623063,0.5342465753424658,0.4657534246575342,long,0.5342465753424658,0.0037866435789124008
posts_low&has_attack,30,-0.0012092519463395735,-0.0010019648499227096,0.008074143623000409,0.43333333333333335,0.5666666666666667,short,0.5666666666666667,0.0037532292227308627
has_deal&pre_action,46,0.0009420705870330938,0.0022032295771317045,0.014714212092213044,0.5869565217391305,0.41304347826086957,long,0.5869565217391305,0.003750319715080094
uppercase_phrase_heavy&short_posts,32,-0.001505829894670574,0.0005425884983069063,0.020724464784385926,0.5625,0.4375,short,0.4375,0.0037267388544224562
pre_action&exclamation_heavy,78,-0.000888861278558215,0.0006823156111893658,0.014654926321293584,0.5256410256410257,0.47435897435897434,short,0.47435897435897434,0.0037238176853319157
deal_heavy&uppercase_phrase_heavy,20,0.0012729667586038995,0.003997367250116346,0.023620148260844295,0.65,0.35,long,0.65,0.0037003722669366503
pre_tariff&volume_spike,20,-0.001813584048481237,0.0018636854207957354,0.016883679051806228,0.55,0.45,short,0.45,0.0036497674937819883
attack_heavy&pre_relief,23,-0.0015878525114066664,0.0005147657685955487,0.02089461633189716,0.5217391304347826,0.4782608695652174,short,0.4782608695652174,0.0036419914962751722
deal_heavy&has_china,83,0.0007166317648080987,0.002062925390447612,0.014224169874190003,0.5542168674698795,0.4457831325301205,long,0.5542168674698795,0.0036183855460662716
positive_heavy&pre_deal,143,0.0005191243965608523,0.001999808704666206,0.014344275860653422,0.5734265734265734,0.42657342657342656,long,0.5734265734265734,0.003559731756354875
has_market_brag&volume_drop,22,0.0010604864353562832,0.0026162885046984163,0.007129872494923475,0.6818181818181818,0.3181818181818182,long,0.6818181818181818,0.00339144701555051
has_action&has_china,89,0.0006393642038217877,0.0024152654698612608,0.01529633013646988,0.5617977528089888,0.43820224719101125,long,0.5617977528089888,0.003388623503015246
pre_action&has_all_caps,27,-0.001571362337110613,0.004127039865566173,0.020322831797726145,0.5925925925925926,0.4074074074074074,short,0.4074074074074074,0.003326497050525924
posts_high&china_streak_3d,48,0.0010010054304347056,-0.0009087867081865597,0.016924025292416118,0.4791666666666667,0.5208333333333334,long,0.4791666666666667,0.003323101839650088
exclamation_heavy&volume_drop,108,0.0006100481204134055,0.0009000158710246176,0.009634663014721613,0.5185185185185185,0.48148148148148145,long,0.5185185185185185,0.0032873068343668454
open_deal&has_uppercase_phrase,36,-0.001094713743830886,0.0007214803247834745,0.01849877715356666,0.5,0.5,short,0.5,0.003284141231492658
pre_action,84,-0.000744499288963347,0.0012690855606179996,0.014304015852414267,0.5357142857142857,0.4642857142857143,short,0.4642857142857143,0.0031680297503356714
has_action&pre_action,84,-0.000744499288963347,0.0012690855606179996,0.014304015852414267,0.5357142857142857,0.4642857142857143,short,0.4642857142857143,0.0031680297503356714
has_attack&all_caps_heavy,26,0.0008433338608810049,0.005035404036216051,0.0167839531234001,0.7307692307692307,0.2692307692307692,long,0.7307692307692307,0.0031424361711157667
posts_low&has_exclamation,130,-0.0005964067314577343,0.0006623419702675992,0.012681717991383634,0.5384615384615384,0.46153846153846156,short,0.46153846153846156,0.0031384998395621983
pre_action&lots_of_excl,73,-0.0007777858918197828,0.001844650716804619,0.015057221603498042,0.5342465753424658,0.4657534246575342,short,0.4657534246575342,0.0030951204037527975
has_exclamation&volume_spike,145,-0.0005804025728644232,0.001844650716804619,0.01752468869670939,0.5586206896551724,0.4413793103448276,short,0.4413793103448276,0.0030847878509997627
has_relief&pre_relief,43,-0.0009879932923504782,0.0025803778241513253,0.017035322439219545,0.5348837209302325,0.46511627906976744,short,0.46511627906976744,0.0030133512916330207
pre_relief&has_exclamation,43,-0.0009879932923504782,0.0025803778241513253,0.017035322439219545,0.5348837209302325,0.46511627906976744,short,0.46511627906976744,0.0030133512916330207
pre_relief,43,-0.0009879932923504782,0.0025803778241513253,0.017035322439219545,0.5348837209302325,0.46511627906976744,short,0.46511627906976744,0.0030133512916330207
has_tariff&has_deal,85,0.0005588392848779668,0.001973929748924741,0.011894863175100856,0.5764705882352941,0.4235294117647059,long,0.5764705882352941,0.0029701169169328795
has_iran&has_all_caps,27,-0.0017141560291994058,0.0038835325645327767,0.01757721696572397,0.6666666666666666,0.3333333333333333,short,0.3333333333333333,0.0029690053346738904
pre_relief&lots_of_excl,41,-0.0010002721654410606,0.0025803778241513253,0.01742797735793476,0.5365853658536586,0.4634146341463415,short,0.4634146341463415,0.0029681090727984587
positive_heavy&open_deal,69,0.0006717101899673736,0.0012084534222334131,0.017189728936711692,0.5217391304347826,0.4782608695652174,long,0.5217391304347826,0.0029111185528425485
open_deal&deal_over_tariff,78,0.0006371066393373848,0.000620836906956912,0.016500717871059035,0.5128205128205128,0.48717948717948717,long,0.5128205128205128,0.002885524864091059
positive_heavy&uppercase_phrase_heavy,37,0.0007849846131106814,0.0022511200872630255,0.020105482040804028,0.5945945945945946,0.40540540540540543,long,0.5945945945945946,0.0028391148598050416
has_exclamation&volume_drop,157,0.00043073478578613803,0.0005965973499624244,0.009119062886010889,0.5159235668789809,0.4840764331210191,long,0.5159235668789809,0.002784486644081089
uppercase_phrase_heavy&deal_over_tariff,24,0.0009031870408530984,0.003997367250116346,0.022591749106743005,0.625,0.375,long,0.625,0.002765434240480445
pre_relief&has_night_post,41,-0.0009231028769697633,0.003109478806195609,0.01744185277915791,0.5365853658536586,0.4634146341463415,short,0.4634146341463415,0.002739124529224698
has_positive&volume_spike,136,0.0004068566835281299,0.002228029433791523,0.015401124503662999,0.5735294117647058,0.4264705882352941,long,0.5735294117647058,0.002721238477653063
posts_low&has_uppercase_phrase,25,-0.0009698736570373389,-0.0006493215119842688,0.00795653983476835,0.44,0.56,short,0.56,0.002715646239704549
lots_of_excl&tariff_rising,26,0.001059130636216415,0.00031581062401075943,0.009495051184526745,0.5,0.5,long,0.5,0.0027002638907557205
has_china&volume_spike,71,0.0005231829476214101,0.003558618705922445,0.016138335514839692,0.6056338028169014,0.39436619718309857,long,0.6056338028169014,0.0026698868823026053
positive_heavy&china_streak_3d,65,-0.0005641556313078944,-0.0024243487567481292,0.015301346789025368,0.4153846153846154,0.5846153846153846,short,0.5846153846153846,0.002659045971858717
has_positive&pre_relief,42,-0.0008888679092182082,0.0028449283151734672,0.017229262809738046,0.5476190476190477,0.4523809523809524,short,0.4523809523809524,0.0026059506252572324
positive_heavy&pre_relief,42,-0.0008888679092182082,0.0028449283151734672,0.017229262809738046,0.5476190476190477,0.4523809523809524,short,0.4523809523809524,0.0026059506252572324
pre_relief&exclamation_heavy,42,-0.0008888679092182082,0.0028449283151734672,0.017229262809738046,0.5476190476190477,0.4523809523809524,short,0.4523809523809524,0.0026059506252572324
has_attack&volume_spike,117,0.00042466447597182375,0.0024152654698612608,0.015647560637919854,0.5641025641025641,0.4358974358974359,long,0.5641025641025641,0.0025911761496660024
has_russia&sig_potus,36,0.0007000312379674072,0.0023835241771550386,0.01355220181910079,0.6111111111111112,0.3888888888888889,long,0.6111111111111112,0.0025667812058804934
has_deal&pre_relief,24,-0.0010464340730794764,0.000994396448480317,0.020412223368001234,0.5,0.5,short,0.5,0.002563229528507
pre_tariff&has_uppercase_phrase,25,-0.0012741529248961614,0.0017534410926667299,0.014905242560413179,0.6,0.4,short,0.4,0.0025483058497923227
positive_heavy&tariff_only,43,0.0006551735976569754,0.0006311524954152326,0.00857020807241732,0.5813953488372093,0.4186046511627907,long,0.5813953488372093,0.002497825924058948
has_positive&volume_drop,129,0.00042323471805012986,0.0006028141459497594,0.008863663920026658,0.5193798449612403,0.4806201550387597,long,0.5193798449612403,0.0024966705203412353
has_positive&pre_action,79,-0.0006082017812432692,0.0019911936844021483,0.01466716192145065,0.5443037974683544,0.45569620253164556,short,0.45569620253164556,0.0024634096754344507
sig_potus&has_uppercase_phrase,30,-0.0010269741396297587,0.0025274655285904,0.013764495607519472,0.5666666666666667,0.43333333333333335,short,0.43333333333333335,0.0024374865764152757
pre_action&has_night_post,83,-0.0005812462019033867,0.001844650716804619,0.014312023522769737,0.5421686746987951,0.4578313253012048,short,0.4578313253012048,0.0024244022505022487
attack_heavy&sig_potus,31,0.0007041862768687743,0.0029920056667331885,0.014893815805278892,0.6129032258064516,0.3870967741935484,long,0.6129032258064516,0.0024030361898624004
has_action&has_night_post,183,0.0003246746412854539,0.0012180804095298647,0.012825073399648307,0.5355191256830601,0.4644808743169399,long,0.5355191256830601,0.0023520627295819823
has_relief&has_china,36,0.0006091226718087866,0.0032599225357570205,0.018872008092823602,0.6388888888888888,0.3611111111111111,long,0.6388888888888888,0.0023349702419336814
posts_high&sig_potus,43,0.0005570210293590823,0.002062925390447612,0.012377007307619975,0.627906976744186,0.37209302325581395,long,0.627906976744186,0.0022935125868063086
posts_low&short_posts,128,0.0003757200708262567,0.0009333217874819555,0.013259252566312954,0.5390625,0.4609375,long,0.5390625,0.0022914400604662987
exclamation_heavy&china_streak_3d,75,-0.00046138376957310267,-0.001779005318127802,0.014792970899413749,0.4266666666666667,0.5733333333333334,short,0.5733333333333334,0.002290868374639694
posts_low&has_positive,95,0.0004366775348819965,0.0006506548442175575,0.008541526448260095,0.5368421052631579,0.4631578947368421,long,0.5368421052631579,0.0022849106579172747
pre_action&has_exclamation,82,-0.0005564525202588874,0.0019179222006033836,0.014398304765767322,0.5487804878048781,0.45121951219512196,short,0.45121951219512196,0.0022736463370141863
has_iran&has_uppercase_phrase,55,-0.0006910924300486343,0.0017534410926667299,0.013547667058446422,0.5636363636363636,0.43636363636363634,short,0.43636363636363634,0.0022364852221832495
has_tariff&pre_deal,54,-0.0006238257085098945,0.0005378118371883733,0.013326126543546741,0.5185185185185185,0.48148148148148145,short,0.48148148148148145,0.0022071900850702954
has_market_brag&has_iran,26,0.0007002288828977329,0.0032441913657289545,0.014468633317299813,0.6153846153846154,0.38461538461538464,long,0.6153846153846154,0.0021972189156165027
has_uppercase_phrase&volume_spike,79,-0.0005708619293935325,0.0023547073650727057,0.016420379365723835,0.569620253164557,0.43037974683544306,short,0.43037974683544306,0.0021837174895238285
posts_high&open_deal,60,0.0006005249353725539,-0.0009087867081865597,0.018219402327709012,0.4666666666666667,0.5333333333333333,long,0.4666666666666667,0.002170768202101508
has_iran&pre_deal,40,0.0005667492018220615,0.0032122324142467296,0.013328709988141478,0.6,0.4,long,0.6,0.0021506620078081983
pre_deal&has_uppercase_phrase,66,-0.0005794525201187449,0.002232723769708733,0.01357896937043267,0.5454545454545454,0.45454545454545453,short,0.45454545454545453,0.0021397702395944433
has_tariff&positive_heavy,119,0.00033862915373312444,0.0012284609935571122,0.010965338163010626,0.5714285714285714,0.42857142857142855,long,0.5714285714285714,0.0021108616866842137
has_all_caps&uppercase_phrase_heavy,38,-0.0008113517421432106,0.001425433206523441,0.020333160190000987,0.5789473684210527,0.42105263157894735,short,0.42105263157894735,0.0021058981223582656
posts_very_high&volume_spike,84,-0.00048174599422979805,0.0011823294744048862,0.017304873853224555,0.5238095238095238,0.47619047619047616,short,0.47619047619047616,0.0021025118898093417
has_deal&uppercase_phrase_heavy,27,0.0006306523938200435,0.0038835325645327767,0.021625082093302776,0.6296296296296297,0.37037037037037035,long,0.6296296296296297,0.002063274866243476
lots_of_excl&china_streak_3d,72,-0.00042047896244454264,-0.0014935181275029796,0.014491177122916537,0.4305555555555556,0.5694444444444444,short,0.5694444444444444,0.002031710758887268
posts_high&volume_spike,114,0.0003352163574074835,0.002228029433791523,0.015592750869361495,0.5614035087719298,0.43859649122807015,long,0.5614035087719298,0.0020093368586108613
attack_heavy&uppercase_phrase_heavy,34,-0.0007770501129605409,0.0005425884983069063,0.01699320998781844,0.5588235294117647,0.4411764705882353,short,0.4411764705882353,0.0019989449243633917
has_deal&has_iran,77,0.0003726838915865217,0.0028783596425328017,0.012636204909740564,0.6103896103896104,0.38961038961038963,long,0.6103896103896104,0.0019961497427537977
has_relief&pre_deal,30,0.0006830593546464388,0.00249144998656059,0.02171010082273678,0.5333333333333333,0.4666666666666667,long,0.5333333333333333,0.0019953440888254704
has_action&has_exclamation,186,0.0002664375999295611,0.0012394840598969337,0.013002512771660004,0.5376344086021505,0.46236559139784944,long,0.5376344086021505,0.0019536152681441828
has_china&pre_deal,83,0.00036824230778872145,0.0024025221489698545,0.013727349225942233,0.5662650602409639,0.43373493975903615,long,0.5662650602409639,0.0018997326873322657
deal_heavy&has_iran,44,0.0004611417976849744,0.003997367250116346,0.014774349466878159,0.6136363636363636,0.38636363636363635,long,0.6136363636363636,0.0018770330267235498
posts_very_high&pre_action,42,0.0004474323878957409,0.004701461911585603,0.01757745964293229,0.6428571428571429,0.35714285714285715,long,0.6428571428571429,0.0018640885410139763
has_attack&open_deal,70,0.0004565861597654391,-0.0005834077055599796,0.01703085901696518,0.4857142857142857,0.5142857142857142,long,0.4857142857142857,0.001855464458644442
has_attack&pre_tariff,50,-0.000617070638350321,0.0012179393090067103,0.012952402502242999,0.58,0.42,short,0.42,0.0018326062979642193
pre_deal&has_all_caps,45,0.00043892501897238036,0.0026060235942590992,0.012799992558720464,0.6222222222222222,0.37777777777777777,long,0.6222222222222222,0.0018320702016355714
lots_of_excl&volume_spike,129,0.0002828702386207447,0.001844650716804619,0.015600209472151464,0.5658914728682171,0.43410852713178294,long,0.5658914728682171,0.0018180895131531152
has_action&uppercase_phrase_heavy,26,-0.000755485213861527,0.0013682753790464908,0.022515924869645827,0.5384615384615384,0.46153846153846156,short,0.46153846153846156,0.001777954083558805
sig_potus&short_posts,30,-0.0008071175752598821,0.0025274655285904,0.014284140490089182,0.6,0.4,short,0.4,0.0017683060101148442
has_action&positive_heavy,150,0.0002604460503892862,0.0012618371142617546,0.013575717969371005,0.5466666666666666,0.4533333333333333,long,0.5466666666666666,0.0017437571392036556
posts_very_high&sig_potus,30,0.0005268821861356577,0.003257660466594703,0.01420352104360406,0.6,0.4,long,0.6,0.0017315115509648124
has_iran&deal_over_tariff,69,0.0003420826669930498,0.0030806389559205893,0.012872712127430226,0.6086956521739131,0.391304347826087,long,0.6086956521739131,0.001729640375056163
sig_potus&has_all_caps,20,-0.0010983171561178562,0.003257660466594703,0.015749202581041705,0.65,0.35,short,0.35,0.001719138275353643
pre_deal&open_deal,29,0.0006048983331384471,0.000567644717596183,0.020952363605074527,0.5172413793103449,0.4827586206896552,long,0.5172413793103449,0.0016849020080231837
has_iran&short_posts,46,-0.0006011948416915527,0.0035780641374428823,0.013802427292864761,0.5869565217391305,0.41304347826086957,short,0.41304347826086957,0.0016841855262954887
posts_very_high&open_deal,43,0.0005794265882604615,-0.0011976086754924564,0.020476418767700608,0.4418604651162791,0.5581395348837209,long,0.4418604651162791,0.0016788728001259638
has_china&volume_drop,29,0.0006349904818779571,-0.00240283254051743,0.011701404114718414,0.4827586206896552,0.5172413793103449,long,0.4827586206896552,0.0016508068118015091
high_emotion&short_posts,64,0.0003940873556756326,0.001214002257833302,0.012437292756804701,0.515625,0.484375,long,0.515625,0.0016256103421619845
has_action&volume_spike,59,-0.0004942762421350781,0.002040793397721785,0.016939384661962868,0.576271186440678,0.423728813559322,short,0.423728813559322,0.0016087321421814956
posts_high&has_iran,77,0.0003163680578928519,0.0017534410926667299,0.011841668852629121,0.5714285714285714,0.42857142857142855,long,0.5714285714285714,0.0015863533950389627
sig_potus&exclamation_heavy,60,0.0003493346011818684,0.0015644745706333563,0.011779059035527346,0.5833333333333334,0.4166666666666667,long,0.5833333333333334,0.001578461608069951
deal_heavy&open_deal,49,0.000453025890153364,-0.000619964740880663,0.01934127962581169,0.4897959183673469,0.5102040816326531,long,0.4897959183673469,0.0015532316233829624
deal_only&china_streak_3d,21,0.0006440982324879842,0.0011990588461938678,0.023644419848073257,0.5238095238095238,0.47619047619047616,long,0.5238095238095238,0.0015460913313808562
posts_high&all_caps_heavy,27,0.0004179659644210323,0.004111201935699915,0.01676155393868726,0.7037037037037037,0.2962962962962963,long,0.7037037037037037,0.001528314159780369
has_uppercase_phrase&uppercase_phrase_heavy,46,-0.0004898489685890886,0.0005425884983069063,0.01903359016422661,0.5434782608695652,0.45652173913043476,short,0.45652173913043476,0.0015167100931339134
uppercase_phrase_heavy&has_exclamation,46,-0.0004898489685890886,0.0005425884983069063,0.01903359016422661,0.5434782608695652,0.45652173913043476,short,0.45652173913043476,0.0015167100931339134
has_positive&uppercase_phrase_heavy,46,-0.0004898489685890886,0.0005425884983069063,0.01903359016422661,0.5434782608695652,0.45652173913043476,short,0.45652173913043476,0.0015167100931339134
uppercase_phrase_heavy,46,-0.0004898489685890886,0.0005425884983069063,0.01903359016422661,0.5434782608695652,0.45652173913043476,short,0.45652173913043476,0.0015167100931339134
uppercase_phrase_heavy&exclamation_heavy,46,-0.0004898489685890886,0.0005425884983069063,0.01903359016422661,0.5434782608695652,0.45652173913043476,short,0.45652173913043476,0.0015167100931339134
has_night_post&uppercase_phrase_heavy,46,-0.0004898489685890886,0.0005425884983069063,0.01903359016422661,0.5434782608695652,0.45652173913043476,short,0.45652173913043476,0.0015167100931339134
uppercase_phrase_heavy&lots_of_excl,46,-0.0004898489685890886,0.0005425884983069063,0.01903359016422661,0.5434782608695652,0.45652173913043476,short,0.45652173913043476,0.0015167100931339134
attack_heavy&all_caps_heavy,25,0.0004112729063319254,0.004111201935699915,0.016981837389206063,0.72,0.28,long,0.72,0.001480582462794931
has_action&has_positive,181,0.00020526879309842703,0.0012608877102640026,0.013154676924764753,0.5359116022099447,0.46408839779005523,long,0.5359116022099447,0.0014799783954776307
has_action&short_posts,104,0.00024313040045977492,0.002333192778562143,0.014458465791414767,0.5865384615384616,0.41346153846153844,long,0.5865384615384616,0.0014542947314194854
posts_high&uppercase_phrase_heavy,42,-0.0004649580311233626,0.0004762480489980403,0.018780912101053142,0.5238095238095238,0.47619047619047616,short,0.47619047619047616,0.001434891635882269
has_action&exclamation_heavy,180,0.00020242030705263771,0.0009092491356083032,0.013046304481243042,0.5277777777777778,0.4722222222222222,long,0.5277777777777778,0.001433314294220914
has_deal&open_deal,82,0.00031259981858206,1.0397023678443418e-05,0.016360584570042108,0.5,0.5,long,0.5,0.0014153558756862194
open_deal,82,0.00031259981858206,1.0397023678443418e-05,0.016360584570042108,0.5,0.5,long,0.5,0.0014153558756862194
open_deal&has_exclamation,82,0.00031259981858206,1.0397023678443418e-05,0.016360584570042108,0.5,0.5,long,0.5,0.0014153558756862194
posts_very_high&all_caps_heavy,23,0.00037982999924710356,0.005959606136732187,0.017962271924162516,0.7391304347826086,0.2608695652173913,long,0.7391304347826086,0.0013464005054832518
exclamation_heavy&volume_spike,129,0.00020833420593183657,0.001844650716804619,0.015562114166541845,0.5658914728682171,0.43410852713178294,long,0.5658914728682171,0.001339024695148597
has_china&pre_action,45,-0.00047144698561775786,0.0038835325645327767,0.01601160506218114,0.5777777777777777,0.4222222222222222,short,0.4222222222222222,0.0013353041763296517
posts_high&pre_tariff,42,0.00031628475951986764,0.002176140411632166,0.013609467370244849,0.6428571428571429,0.35714285714285715,long,0.6428571428571429,0.001317702544268496
open_deal&lots_of_excl,76,0.0003009372957520906,1.0397023678443418e-05,0.016939086684412793,0.5,0.5,long,0.5,0.0013117552605257752
has_action,188,0.00017366255305960635,0.0011715291381575454,0.012977930530506434,0.5319148936170213,0.46808510638297873,long,0.5319148936170213,0.0012665643412771072
tariff_heavy,20,0.0004715806284899149,0.0012332974385971252,0.010871637543242363,0.6,0.4,long,0.6,0.0012653836106106284
tariff_heavy&has_positive,20,0.0004715806284899149,0.0012332974385971252,0.010871637543242363,0.6,0.4,long,0.6,0.0012653836106106284
tariff_heavy&exclamation_heavy,20,0.0004715806284899149,0.0012332974385971252,0.010871637543242363,0.6,0.4,long,0.6,0.0012653836106106284
tariff_heavy&has_exclamation,20,0.0004715806284899149,0.0012332974385971252,0.010871637543242363,0.6,0.4,long,0.6,0.0012653836106106284
has_tariff&tariff_heavy,20,0.0004715806284899149,0.0012332974385971252,0.010871637543242363,0.6,0.4,long,0.6,0.0012653836106106284
lots_of_excl&volume_drop,81,0.00026650306501564946,0.0005091403541030992,0.009881113533524362,0.5061728395061729,0.49382716049382713,long,0.5061728395061729,0.0012140695184046253
has_russia&uppercase_phrase_heavy,25,-0.0005038282550722117,0.00048543067082995606,0.0185111997261582,0.52,0.48,short,0.48,0.001209187812173308
open_deal&has_night_post,74,0.00027445170495792975,1.0397023678443418e-05,0.017068954499522757,0.5,0.5,long,0.5,0.0011804614180712636
attack_heavy&open_tariff,20,0.0003975397114801216,0.0019426601967974522,0.016238760710289155,0.65,0.35,long,0.65,0.001155603564212767
has_positive&china_streak_3d,78,-0.00023181500815426206,-0.0012028198061853068,0.014562502578537688,0.4358974358974359,0.5641025641025641,short,0.5641025641025641,0.001154906763573698
has_night_post&tariff_rising,24,0.00046702549995271403,0.00031581062401075943,0.010286776648307312,0.5,0.5,long,0.5,0.0011439741717523585
posts_very_high&uppercase_phrase_heavy,37,-0.0003887017571362999,0.00048543067082995606,0.019862817237418076,0.5405405405405406,0.4594594594594595,short,0.4594594594594595,0.0010863369790293509
all_caps_heavy&has_uppercase_phrase,27,-0.0006630400204017765,0.004111201935699915,0.018074038471638826,0.7037037037037037,0.2962962962962963,short,0.2962962962962963,0.0010208168913665616
all_caps_heavy&exclamation_heavy,29,-0.0006068113514951263,0.004111201935699915,0.017486862924955753,0.6896551724137931,0.3103448275862069,short,0.3103448275862069,0.0010141383521300523
has_positive&all_caps_heavy,29,-0.0006068113514951263,0.004111201935699915,0.017486862924955753,0.6896551724137931,0.3103448275862069,short,0.3103448275862069,0.0010141383521300523
all_caps_heavy,29,-0.0006068113514951263,0.004111201935699915,0.017486862924955753,0.6896551724137931,0.3103448275862069,short,0.3103448275862069,0.0010141383521300523
all_caps_heavy&lots_of_excl,29,-0.0006068113514951263,0.004111201935699915,0.017486862924955753,0.6896551724137931,0.3103448275862069,short,0.3103448275862069,0.0010141383521300523
has_all_caps&all_caps_heavy,29,-0.0006068113514951263,0.004111201935699915,0.017486862924955753,0.6896551724137931,0.3103448275862069,short,0.3103448275862069,0.0010141383521300523
has_night_post&all_caps_heavy,29,-0.0006068113514951263,0.004111201935699915,0.017486862924955753,0.6896551724137931,0.3103448275862069,short,0.3103448275862069,0.0010141383521300523
all_caps_heavy&has_exclamation,29,-0.0006068113514951263,0.004111201935699915,0.017486862924955753,0.6896551724137931,0.3103448275862069,short,0.3103448275862069,0.0010141383521300523
has_positive&open_deal,80,0.000219677907722228,1.0397023678443418e-05,0.016516654760596612,0.5,0.5,long,0.5,0.0009824294696436557
posts_very_high&has_iran,53,0.00023603188346515457,0.0014157440298172563,0.013296587477543993,0.5660377358490566,0.4339622641509434,long,0.5660377358490566,0.0009726441786793463
has_positive&sig_potus,59,0.00022597391652804256,0.0012713223160183418,0.01161586368856785,0.559322033898305,0.4406779661016949,long,0.559322033898305,0.0009708368373942959
has_action&sig_potus,20,0.00034785809480662456,0.0036226714780577263,0.016825544665849415,0.6,0.4,long,0.6,0.0009334012158134149
volume_spike,168,-0.00016554792589476366,0.002028982150397818,0.016952470925916154,0.5654761904761905,0.43452380952380953,short,0.43452380952380953,0.0009323778833865934
has_action&has_uppercase_phrase,90,-0.000207072601813406,0.0016517899579906459,0.01527670233832098,0.5444444444444444,0.45555555555555555,short,0.45555555555555555,0.0008949221190882173
all_caps_heavy&short_posts,26,-0.0006360599715443287,0.005035404036216051,0.018266160415143687,0.7307692307692307,0.2692307692307692,short,0.2692307692307692,0.0008731913633476394
sig_potus&has_exclamation,62,0.00019455705150530205,0.001343533172917799,0.01161587162155288,0.5645161290322581,0.43548387096774194,long,0.5645161290322581,0.0008648069587484589
sig_potus,62,0.00019455705150530205,0.001343533172917799,0.01161587162155288,0.5645161290322581,0.43548387096774194,long,0.5645161290322581,0.0008648069587484589
pre_relief&deal_over_tariff,23,-0.0003717501499425551,0.0025803778241513253,0.020595547102921052,0.5217391304347826,0.4782608695652174,short,0.4782608695652174,0.0008526679115999172
deal_over_tariff&volume_drop,26,0.00032926351913083505,0.00042877479879710467,0.01220070895930009,0.5,0.5,long,0.5,0.0008394605545811795
deal_only&volume_drop,26,0.00032926351913083505,0.00042877479879710467,0.01220070895930009,0.5,0.5,long,0.5,0.0008394605545811795
has_china&has_uppercase_phrase,127,0.0001247143037141732,0.002062925390447612,0.014468287699151547,0.5905511811023622,0.4094488188976378,long,0.5905511811023622,0.0008299953691355233
has_all_caps&volume_spike,48,0.00018093842877286068,0.004465190846345779,0.017737264511290447,0.6458333333333334,0.3541666666666667,long,0.6458333333333334,0.0008096025918303825
has_tariff&volume_spike,36,0.0002192267118515328,0.002748622507690479,0.01392248900187076,0.6111111111111112,0.3888888888888889,long,0.6111111111111112,0.0008038312767889536
has_deal&sig_potus,24,0.0002683977542879967,0.001888065250948534,0.015627105785086068,0.5833333333333334,0.4166666666666667,long,0.5833333333333334,0.0007670104704669024
posts_high&pre_action,59,0.00016780471555265312,0.0024152654698612608,0.015362149248833546,0.576271186440678,0.423728813559322,long,0.576271186440678,0.0007427746479583922
has_tariff&deal_over_tariff,44,0.00019561008871735175,0.0021570227388553187,0.013360253113461994,0.5681818181818182,0.4318181818181818,long,0.5681818181818182,0.0007372332607768046
open_deal&exclamation_heavy,80,0.00016582395436043202,-0.0005834077055599796,0.016520413351832557,0.4875,0.5125,long,0.4875,0.0007230475867831099
has_tariff&deal_heavy,56,-0.00021933335272601321,0.001888462603904184,0.012935150048342638,0.5714285714285714,0.42857142857142855,short,0.42857142857142855,0.0007034316509084414
positive_heavy&volume_spike,123,0.00011244271174486165,0.0018282568487855144,0.015906327539705015,0.5528455284552846,0.44715447154471544,long,0.5528455284552846,0.0006894260159760327
exclamation_heavy&tariff_rising,27,0.00026259494593595793,-0.0006239487471670913,0.010189167017465063,0.48148148148148145,0.5185185185185185,long,0.48148148148148145,0.0006569734718038289
has_tariff&tariff_rising,27,0.00026259494593595793,-0.0006239487471670913,0.010189167017465063,0.48148148148148145,0.5185185185185185,long,0.48148148148148145,0.0006569734718038289
has_positive&tariff_rising,27,0.00026259494593595793,-0.0006239487471670913,0.010189167017465063,0.48148148148148145,0.5185185185185185,long,0.48148148148148145,0.0006569734718038289
has_exclamation&tariff_rising,27,0.00026259494593595793,-0.0006239487471670913,0.010189167017465063,0.48148148148148145,0.5185185185185185,long,0.48148148148148145,0.0006569734718038289
tariff_rising,27,0.00026259494593595793,-0.0006239487471670913,0.010189167017465063,0.48148148148148145,0.5185185185185185,long,0.48148148148148145,0.0006569734718038289
has_exclamation&china_streak_3d,81,-0.00012563680981344706,-0.001010689161118905,0.014317006478439934,0.4444444444444444,0.5555555555555556,short,0.5555555555555556,0.0006281840490672354
china_streak_3d,81,-0.00012563680981344706,-0.001010689161118905,0.014317006478439934,0.4444444444444444,0.5555555555555556,short,0.5555555555555556,0.0006281840490672354
has_action&has_iran,35,0.00015783630941004211,0.0038835325645327767,0.015182228743335708,0.6,0.4,long,0.6,0.0005602633194838834
high_emotion&has_exclamation,42,0.00016322667599773707,0.0007325035243726519,0.012327788759756151,0.5,0.5,long,0.5,0.0005289148811021841
has_relief&has_market_brag,22,-0.0003269853610086087,0.003968493671385298,0.017803444929544554,0.6818181818181818,0.3181818181818182,short,0.3181818181818182,0.0004879945924338329
positive_heavy&tariff_rising,26,-0.00017729659982520434,-0.0009107787113297738,0.010126118758316396,0.46153846153846156,0.5384615384615384,short,0.5384615384615384,0.00048679013503204427
has_china&uppercase_phrase_heavy,34,-0.00020147434744227318,0.0033382344667710617,0.01941899727152906,0.6176470588235294,0.38235294117647056,short,0.38235294117647056,0.00044918335187518125
pre_deal&sig_potus,20,-0.0002470235113301744,0.001888065250948534,0.016548402442068802,0.6,0.4,short,0.4,0.0004418890906999676
has_china&sig_potus,28,-0.00020754618259081442,0.001888065250948534,0.014562176748580189,0.6071428571428571,0.39285714285714285,short,0.39285714285714285,0.00043144795940407713
positive_heavy&sig_potus,51,-0.00013901616659818674,0.0014157440298172563,0.011572382485422852,0.5686274509803921,0.43137254901960786,short,0.43137254901960786,0.00042825545277979364
high_emotion&has_uppercase_phrase,21,0.00016878803229952456,0.002051960735528935,0.011726126028214578,0.5238095238095238,0.47619047619047616,long,0.5238095238095238,0.00040515825136035465
has_night_post&sig_potus,60,8.285061805120564e-05,0.001343533172917799,0.011698508485599265,0.5666666666666667,0.43333333333333335,long,0.5666666666666667,0.0003636629391266858
attack_heavy&pre_tariff,32,-0.00015464668039183102,0.0015141685161513818,0.014055783559629829,0.59375,0.40625,short,0.40625,0.00035539307827742037
has_deal&volume_drop,29,-0.00012382840816258436,-0.0006857609727091152,0.011705745881481922,0.4827586206896552,0.5172413793103449,short,0.5172413793103449,0.0003449153719451567
has_action&open_deal,28,-0.00013460507366229644,0.0026204912779485,0.019087446898485072,0.5357142857142857,0.4642857142857143,short,0.4642857142857143,0.00033069358225239757
posts_low&has_night_post,99,-7.240300570725936e-05,0.0012959866440354073,0.01418177017020226,0.5858585858585859,0.41414141414141414,short,0.41414141414141414,0.0002983478105643193
has_action&has_market_brag,41,7.540828510317452e-05,0.001844650716804619,0.01505064760205401,0.5853658536585366,0.4146341463414634,long,0.5853658536585366,0.0002826430934911511
sig_potus&lots_of_excl,56,6.272113849355363e-05,0.0015644745706333563,0.011283279065069514,0.5892857142857143,0.4107142857142857,long,0.5892857142857143,0.00027658833457114713
pre_tariff&tariff_only,24,8.653062498128565e-05,0.0012179393090067103,0.007970353326333461,0.625,0.375,long,0.625,0.0002649448479103463
has_china&tariff_rising,20,0.00011567720692925998,0.00031581062401075943,0.011253832718482418,0.5,0.5,long,0.5,0.00025866209814113503
has_attack&uppercase_phrase_heavy,41,7.000463533634337e-05,0.0005997463257838564,0.01889595205802996,0.5609756097560976,0.43902439024390244,long,0.5609756097560976,0.0002514564067526861
has_uppercase_phrase&volume_drop,30,7.33441023248386e-05,0.003091110235737937,0.01151893078268903,0.6,0.4,long,0.6,0.00024103331581968722
has_china&pre_tariff,38,-0.00010230514290552504,0.002479364449245458,0.014235789887642248,0.631578947368421,0.3684210526315789,short,0.3684210526315789,0.00023234519939568024
has_night_post&china_streak_3d,75,4.822713095528434e-05,-0.001010689161118905,0.014578664617864454,0.44,0.56,long,0.44,0.00018377005045922654
has_deal&tariff_rising,20,5.953624576332528e-05,2.898065984807685e-05,0.011252678457574484,0.5,0.5,long,0.5,0.00013312709265192918
positive_heavy&volume_drop,54,2.152438391300337e-05,0.0010640315600802808,0.00861137369142921,0.5185185185185185,0.48148148148148145,long,0.5185185185185185,8.201473406720067e-05
deal_heavy&pre_action,27,3.0058761016512654e-05,0.0006711108179473513,0.018353863571865216,0.5185185185185185,0.48148148148148145,long,0.5185185185185185,8.098735756715431e-05
high_emotion&volume_spike,22,-3.0860226766859054e-05,0.0006307707077144453,0.014689598702573888,0.5,0.5,short,0.5,7.237364698950027e-05
attack_heavy&china_streak_3d,35,2.4345734773025184e-05,-0.0011976086754924564,0.009266306524489282,0.45714285714285713,0.5428571428571428,long,0.45714285714285713,6.584288424932555e-05
has_russia&china_streak_3d,28,-1.1494141825635351e-05,0.0007808072860795989,0.015238928886930113,0.5,0.5,short,0.5,3.0410640804737078e-05
