event,n,mean_ret,median_ret,std,hit_up,hit_down,direction,directional_hit,score
has_night_post&deal_only,168,0.004896854739210145,0.006141245432689346,0.017398258200479723,0.6488095238095238,0.35119047619047616,long,0.6488095238095238,0.041180259434314
has_deal&has_market_brag,79,0.006406299270381239,0.006302531244670728,0.015592295563925654,0.7215189873417721,0.27848101265822783,long,0.7215189873417721,0.04108360385325773
has_attack&short_posts,290,0.00393114176873484,0.0042271868941790025,0.016941637956445068,0.603448275862069,0.39655172413793105,long,0.603448275862069,0.04039780381664812
deal_over_tariff&tariff_streak_3d,20,0.011274151398524673,0.007792073405853306,0.02450615135827834,0.75,0.25,long,0.75,0.03781465337358824
posts_high&has_market_brag,107,0.005139616447168238,0.0061351275440442166,0.015383818090831109,0.7102803738317757,0.2897196261682243,long,0.7102803738317757,0.037761776169743445
posts_very_high&has_market_brag,63,0.006493297730625807,0.007963576638505332,0.0162545462586736,0.7301587301587301,0.2698412698412698,long,0.7301587301587301,0.03763161644100258
has_attack&has_night_post,561,0.0027061600335452625,0.00344814882402944,0.01664058118846399,0.5793226381461676,0.4206773618538324,long,0.5793226381461676,0.03713260400483774
has_market_brag&has_all_caps,53,0.006577440518582924,0.009070396566444039,0.015219409853469349,0.7735849056603774,0.22641509433962265,long,0.7735849056603774,0.037042718497831834
has_attack&exclamation_heavy,594,0.0025830064450443283,0.003367008552134787,0.01662634519844016,0.5757575757575758,0.42424242424242425,long,0.5757575757575758,0.03624585705638948
has_attack&has_market_brag,133,0.0044896695054154525,0.00506779901083676,0.015853225833695535,0.6917293233082706,0.3082706766917293,long,0.6917293233082706,0.035815942129730306
silence_day&volume_drop,140,0.0054297995110464976,0.005365929044917395,0.0228084600684894,0.5571428571428572,0.44285714285714284,long,0.5571428571428572,0.03579434164085338
has_attack&lots_of_excl,567,0.0025847926479821348,0.003384017541575801,0.016799414111723747,0.5784832451499118,0.42151675485008816,long,0.5784832451499118,0.03560475682874702
posts_high&deal_only,109,0.0053084376886105835,0.0061599495899269385,0.019675975027568935,0.6330275229357798,0.3669724770642202,long,0.6330275229357798,0.03508347194610783
posts_very_high&deal_only,69,0.006583464912271134,0.005890868390585835,0.021397949473429326,0.6376811594202898,0.36231884057971014,long,0.6376811594202898,0.03487246574785552
has_night_post&deal_over_tariff,225,0.003785335232424172,0.004640360686426703,0.018337169796318997,0.6133333333333333,0.38666666666666666,long,0.6133333333333333,0.034825084138302376
posts_high&deal_over_tariff,156,0.0046239593605090674,0.006006704833018794,0.019656210429449292,0.6025641025641025,0.3974358974358974,long,0.6025641025641025,0.03480002555639921
has_attack&has_exclamation,609,0.002445987570536593,0.0032053005097096854,0.016555539672708803,0.5714285714285714,0.42857142857142855,long,0.5714285714285714,0.03449251353916331
has_attack,609,0.002445987570536593,0.0032053005097096854,0.016555539672708803,0.5714285714285714,0.42857142857142855,long,0.5714285714285714,0.03449251353916331
short_posts&deal_only,97,0.005634925069173068,0.005671292212976686,0.02034782995175985,0.6185567010309279,0.38144329896907214,long,0.6185567010309279,0.034328397358801006
volume_drop,306,0.0035895967966446483,0.003898653555027054,0.01891380234107745,0.545751633986928,0.4542483660130719,long,0.545751633986928,0.03426899963335291
posts_high&has_attack,353,0.003071939389729987,0.004098242366852967,0.01764723661977367,0.5892351274787535,0.41076487252124644,long,0.5892351274787535,0.034008589886233224
has_market_brag&has_night_post,151,0.00407390994184304,0.0046950546529365145,0.014930170701082195,0.6754966887417219,0.32450331125827814,long,0.6754966887417219,0.033816069105998506
has_deal&deal_only,184,0.003936384543925968,0.005781080301781261,0.01747512672111922,0.6304347826086957,0.3695652173913043,long,0.6304347826086957,0.03366251776539214
deal_over_tariff&deal_only,184,0.003936384543925968,0.005781080301781261,0.01747512672111922,0.6304347826086957,0.3695652173913043,long,0.6304347826086957,0.03366251776539214
deal_only,184,0.003936384543925968,0.005781080301781261,0.01747512672111922,0.6304347826086957,0.3695652173913043,long,0.6304347826086957,0.03366251776539214
has_deal&has_attack,269,0.0035384002860444365,0.004098242366852967,0.017941091875062244,0.5799256505576208,0.4200743494423792,long,0.5799256505576208,0.033655451397280794
positive_heavy&deal_only,141,0.004497343667295433,0.0061599495899269385,0.018373021948514992,0.624113475177305,0.375886524822695,long,0.624113475177305,0.033329530160160895
has_attack&has_positive,593,0.0023958758151103477,0.003326010001689861,0.016667397831358698,0.5699831365935919,0.4300168634064081,long,0.5699831365935919,0.03325474769760821
silence_day,214,0.00416208840476684,0.004310446595449102,0.02209631260664874,0.5446009389671361,0.45539906103286387,long,0.5446009389671361,0.03315862956930755
posts_low&silence_day,214,0.00416208840476684,0.004310446595449102,0.02209631260664874,0.5446009389671361,0.45539906103286387,long,0.5446009389671361,0.03315862956930755
has_attack&deal_only,136,0.0045251476912127764,0.006141245432689346,0.018464438195392764,0.625,0.375,long,0.625,0.03298239813066497
has_attack&positive_heavy,468,0.002621498648512293,0.0033956026493779934,0.017205105524066316,0.5769230769230769,0.4230769230769231,long,0.5769230769230769,0.03271828083151369
has_deal&has_night_post,323,0.0031036376274141994,0.003788206886180312,0.017625376131257173,0.5851393188854489,0.4148606811145511,long,0.5851393188854489,0.03263860222561416
posts_low&volume_drop,206,0.004216236132966094,0.004379986811198999,0.020199725592493976,0.5388349514563107,0.46116504854368934,long,0.5388349514563107,0.03260725909974237
has_attack&deal_over_tariff,186,0.003968985602638948,0.005781080301781261,0.018661277942787047,0.6021505376344086,0.3978494623655914,long,0.6021505376344086,0.03259425613854418
has_deal&short_posts,160,0.004323562119934938,0.004608530415694201,0.019090669474396096,0.59375,0.40625,long,0.59375,0.03247172177252368
attack_heavy&deal_only,80,0.0053591396523101935,0.006960986189816443,0.016396954400222343,0.675,0.325,long,0.675,0.03235518152139649
lots_of_excl&deal_only,166,0.004010769746060724,0.006006704833018794,0.017910396265775425,0.6204819277108434,0.3795180722891566,long,0.6204819277108434,0.03206349878298849
posts_high&short_posts,236,0.0035264592367277624,0.004592344591877406,0.018523299033523934,0.5889830508474576,0.4110169491525424,long,0.5889830508474576,0.0319078591915259
has_market_brag&deal_over_tariff,52,0.00604098693284949,0.006315827907071081,0.015668618480020775,0.7307692307692307,0.2692307692307692,long,0.7307692307692307,0.03183389805193374
has_exclamation&deal_only,183,0.003729708537777231,0.005671292212976686,0.0172961043931083,0.6284153005464481,0.37158469945355194,long,0.6284153005464481,0.03170641868423677
has_market_brag&deal_only,36,0.0067893496821393295,0.006985619319474723,0.010762177945213417,0.7777777777777778,0.2222222222222222,long,0.7777777777777778,0.03168363184998354
posts_high&has_deal,225,0.003666307221199067,0.004098242366852967,0.01852788376850645,0.5733333333333334,0.4266666666666667,long,0.5733333333333334,0.03153024210231198
exclamation_heavy&deal_only,175,0.00379741468782437,0.005671292212976686,0.017588354138877067,0.6228571428571429,0.37714285714285717,long,0.6228571428571429,0.031289274939926615
open_tariff&has_all_caps,24,0.009559567100883187,0.01392772311302426,0.02104249827793049,0.6666666666666666,0.3333333333333333,long,0.6666666666666666,0.03122141541208118
has_night_post&lots_of_excl,685,0.0020878303087182755,0.002645356779712449,0.01665606138786419,0.5678832116788322,0.4321167883211679,long,0.5678832116788322,0.03103126738336271
has_market_brag&lots_of_excl,161,0.0036964863931769755,0.004395743907437577,0.015321955817891754,0.6583850931677019,0.3416149068322981,long,0.6583850931677019,0.030880337565630547
posts_very_high&has_attack,211,0.0036093382006902016,0.0043478158736534045,0.019308084711349302,0.5876777251184834,0.41232227488151657,long,0.5876777251184834,0.030811159028954004
deal_over_tariff,244,0.0032544508441471414,0.004560984127292778,0.018375287778085538,0.6024590163934426,0.3975409836065574,long,0.6024590163934426,0.03062669530049909
has_deal&deal_over_tariff,244,0.0032544508441471414,0.004560984127292778,0.018375287778085538,0.6024590163934426,0.3975409836065574,long,0.6024590163934426,0.03062669530049909
has_positive&deal_only,173,0.0037275296736713434,0.005671292212976686,0.01771909150587927,0.6242774566473989,0.37572254335260113,long,0.6242774566473989,0.030607073985679724
posts_very_high&short_posts,161,0.004007463485814921,0.004909577267106391,0.02004313277013924,0.5962732919254659,0.40372670807453415,long,0.5962732919254659,0.03031990728762201
posts_low,386,0.0028777391839892716,0.003355721522868116,0.01989548136163359,0.535064935064935,0.4649350649350649,long,0.535064935064935,0.03025182458582321
has_attack&has_all_caps,146,0.0038645650752275116,0.005754849469047807,0.016431428904254447,0.6438356164383562,0.3561643835616438,long,0.6438356164383562,0.030064366043566215
has_action&open_tariff,25,0.00934793982706239,0.013274275620068332,0.022689705734140413,0.64,0.36,long,0.64,0.02991340744659965
has_market_brag&pre_deal,39,0.00689805171510101,0.006302531244670728,0.01764305497338819,0.6923076923076923,0.3076923076923077,long,0.6923076923076923,0.02982345172176077
has_market_brag&exclamation_heavy,169,0.0035428736959915498,0.004395478667354347,0.015196838336016502,0.6449704142011834,0.35502958579881655,long,0.6449704142011834,0.029705633297159917
posts_very_high&positive_heavy,219,0.0034568396337450987,0.004098242366852967,0.01911525104530182,0.5799086757990868,0.4200913242009132,long,0.5799086757990868,0.02966613004601027
posts_high&has_russia,176,0.003746000061345922,0.004454637089224001,0.01653849336886467,0.5965909090909091,0.4034090909090909,long,0.5965909090909091,0.02964836477622584
short_posts&deal_over_tariff,121,0.004578177188916833,0.004640360686426703,0.02032571359835515,0.5867768595041323,0.4132231404958678,long,0.5867768595041323,0.029550052764826834
has_market_brag&has_exclamation,171,0.0034629134976536208,0.004395478667354347,0.01515232254438018,0.6432748538011696,0.3567251461988304,long,0.6432748538011696,0.02912971751779757
has_market_brag,171,0.0034629134976536208,0.004395478667354347,0.01515232254438018,0.6432748538011696,0.3567251461988304,long,0.6432748538011696,0.02912971751779757
has_attack&has_china,229,0.0032121285502754336,0.004098242366852967,0.017536727790619037,0.5982532751091703,0.4017467248908297,long,0.5982532751091703,0.029080089815125425
posts_very_high&lots_of_excl,231,0.003340020020521993,0.0040900356238469104,0.018841697289408686,0.5714285714285714,0.42857142857142855,long,0.5714285714285714,0.0290079482048665
has_positive&short_posts,424,0.002437831895071818,0.003265655255699773,0.01656413776183016,0.5778301886792453,0.4221698113207547,long,0.5778301886792453,0.029005937767464213
has_exclamation&deal_over_tariff,243,0.0030959996391059985,0.004545268109623857,0.01824541268804068,0.6008230452674898,0.3991769547325103,long,0.6008230452674898,0.028996836539681062
has_deal,350,0.002661311644621928,0.003241696740152511,0.01755240525201569,0.5771428571428572,0.4228571428571429,long,0.5771428571428572,0.02873512439240919
lots_of_excl&deal_over_tariff,223,0.0032470812121669014,0.004576700144961698,0.01857888570188882,0.5919282511210763,0.4080717488789238,long,0.5919282511210763,0.028702164588131032
positive_heavy&has_market_brag,141,0.0036130588588545944,0.004576700144961698,0.015713556620046604,0.6666666666666666,0.3333333333333333,long,0.6666666666666666,0.02860179791376153
has_market_brag&short_posts,83,0.004487998769827928,0.006249734748311475,0.014035225530785523,0.6987951807228916,0.30120481927710846,long,0.6987951807228916,0.028572068100678586
exclamation_heavy&deal_over_tariff,235,0.003124846043654422,0.004545268109623857,0.018484655813079846,0.5957446808510638,0.40425531914893614,long,0.5957446808510638,0.02853794717544066
brag_heavy&has_night_post,37,0.005731366139513281,0.006329124569471434,0.016112009370170516,0.8108108108108109,0.1891891891891892,long,0.8108108108108109,0.028266923676365952
lots_of_excl&short_posts,356,0.0025508031314884824,0.003338004782191817,0.016916567965067603,0.5870786516853933,0.41292134831460675,long,0.5870786516853933,0.028255189777174877
has_positive&has_night_post,765,0.0018038818139410348,0.0023365131851742493,0.016354087670297206,0.5607843137254902,0.4392156862745098,long,0.5607843137254902,0.02797915890405183
posts_high&lots_of_excl,406,0.002459359034747177,0.0033956026493779934,0.017265172287010088,0.5640394088669951,0.43596059113300495,long,0.5640394088669951,0.027950810147113102
has_positive&deal_over_tariff,233,0.003067184049075823,0.004545268109623857,0.018582511686018568,0.5965665236051502,0.4034334763948498,long,0.5965665236051502,0.027930369214768692
posts_very_high,233,0.003202656021980279,0.0040900356238469104,0.01888609726381441,0.5708154506437768,0.4291845493562232,long,0.5708154506437768,0.027905125282787043
posts_very_high&has_exclamation,233,0.003202656021980279,0.0040900356238469104,0.01888609726381441,0.5708154506437768,0.4291845493562232,long,0.5708154506437768,0.027905125282787043
posts_very_high&exclamation_heavy,233,0.003202656021980279,0.0040900356238469104,0.01888609726381441,0.5708154506437768,0.4291845493562232,long,0.5708154506437768,0.027905125282787043
posts_high&posts_very_high,233,0.003202656021980279,0.0040900356238469104,0.01888609726381441,0.5708154506437768,0.4291845493562232,long,0.5708154506437768,0.027905125282787043
posts_very_high&has_positive,233,0.003202656021980279,0.0040900356238469104,0.01888609726381441,0.5708154506437768,0.4291845493562232,long,0.5708154506437768,0.027905125282787043
has_positive&has_market_brag,168,0.003331227712201449,0.004371647270503876,0.015119607384345967,0.6428571428571429,0.35714285714285715,long,0.6428571428571429,0.027757058155878908
has_relief&deal_only,23,0.01021889201881638,0.007648078494505661,0.032604531408348236,0.5652173913043478,0.43478260869565216,long,0.5652173913043478,0.027700221661008193
has_attack&has_russia,244,0.003044122587174904,0.0037808015064754175,0.01647115945773374,0.5819672131147541,0.4180327868852459,long,0.5819672131147541,0.027672957031854215
has_deal&has_exclamation,349,0.002549286481227879,0.003099375938729221,0.01745185499046396,0.5759312320916905,0.42406876790830944,long,0.5759312320916905,0.027428495526086175
deal_heavy&has_market_brag,35,0.006466346762757648,0.006302531244670728,0.01859105223969588,0.7142857142857143,0.2857142857142857,long,0.7142857142857143,0.02732530239547298
has_deal&lots_of_excl,326,0.002649884662222752,0.003241696740152511,0.01771637510969095,0.5674846625766872,0.4325153374233129,long,0.5674846625766872,0.02715125445065023
has_deal&exclamation_heavy,338,0.0025861009166573586,0.003241696740152511,0.017677014518676773,0.5710059171597633,0.4289940828402367,long,0.5710059171597633,0.027148411733478834
posts_very_high&deal_over_tariff,103,0.00463367991436891,0.004576700144961698,0.02136444631895553,0.5728155339805825,0.42718446601941745,long,0.5728155339805825,0.02693763286309006
exclamation_heavy&lots_of_excl,735,0.0017585962076871648,0.0023365131851742493,0.016621419092879175,0.5605442176870749,0.43945578231292515,long,0.5605442176870749,0.026725120913631186
posts_very_high&has_night_post,231,0.0030992271781677396,0.003788206886180312,0.018910921411732874,0.5670995670995671,0.4329004329004329,long,0.5670995670995671,0.026712757251725085
posts_high&has_positive,407,0.002349357716332616,0.003384017541575801,0.017348394534090743,0.5626535626535627,0.43734643734643736,long,0.5626535626535627,0.026667814516110583
positive_heavy&deal_over_tariff,197,0.0032483449693570168,0.004640360686426703,0.019215695605865887,0.583756345177665,0.41624365482233505,long,0.583756345177665,0.026615024587121727
pre_deal&short_posts,66,0.005254766867055125,0.0072139082966079515,0.01838364811620172,0.6212121212121212,0.3787878787878788,long,0.6212121212121212,0.026519500624999113
has_russia&has_night_post,263,0.0029038804305597304,0.0034071877571801856,0.0162918350621908,0.5627376425855514,0.4372623574144487,long,0.5627376425855514,0.02650101885841445
posts_high&has_exclamation,409,0.0023298377352799315,0.003384017541575801,0.01731222082416461,0.5623471882640587,0.43765281173594134,long,0.5623471882640587,0.0264967041760807
posts_high&exclamation_heavy,409,0.0023298377352799315,0.003384017541575801,0.01731222082416461,0.5623471882640587,0.43765281173594134,long,0.5623471882640587,0.0264967041760807
posts_high,409,0.0023298377352799315,0.003384017541575801,0.01731222082416461,0.5623471882640587,0.43765281173594134,long,0.5623471882640587,0.0264967041760807
has_deal&has_positive,339,0.0025133538438951004,0.0026808170186305436,0.017669724331434253,0.5722713864306784,0.4277286135693215,long,0.5722713864306784,0.026482288720915848
has_night_post,832,0.0016486435161028644,0.002301346425333639,0.016797955167012695,0.5552884615384616,0.44471153846153844,long,0.5552884615384616,0.026406270714507643
has_russia&lots_of_excl,258,0.0028814322413128197,0.0037808015064754175,0.01644583060647465,0.5697674418604651,0.43023255813953487,long,0.5697674418604651,0.02637034994531018
posts_high&positive_heavy,372,0.0024284593632037835,0.003367008552134787,0.01754343285671146,0.5618279569892473,0.4381720430107527,long,0.5618279569892473,0.02631513829609748
posts_high&has_china,202,0.0031051982053256657,0.004390922480098647,0.01794760150753093,0.594059405940594,0.40594059405940597,long,0.594059405940594,0.026217717998016563
has_market_brag&volume_spike,36,0.005791755284582472,0.008616417883867133,0.020792806303126618,0.75,0.25,long,0.75,0.026062898780621124
attack_heavy&has_market_brag,77,0.0041578887222083845,0.005890868390585835,0.016113083042658884,0.7142857142857143,0.2857142857142857,long,0.7142857142857143,0.026060946760084223
attack_heavy&deal_over_tariff,117,0.003907143603121169,0.0061599495899269385,0.01764761479416074,0.6153846153846154,0.38461538461538464,long,0.6153846153846154,0.026007519879977542
has_exclamation&lots_of_excl,738,0.0017086254114378025,0.002328365006704858,0.016666782648138152,0.559620596205962,0.44037940379403795,long,0.559620596205962,0.025975788040638347
lots_of_excl,738,0.0017086254114378025,0.002328365006704858,0.016666782648138152,0.559620596205962,0.44037940379403795,long,0.559620596205962,0.025975788040638347
has_night_post&has_exclamation,807,0.0016357949774901187,0.002304037790962443,0.01677648121150954,0.5576208178438662,0.4423791821561338,long,0.5576208178438662,0.025912219675228835
positive_heavy&has_russia,222,0.003039429127434405,0.0040941389953499385,0.016416635559910398,0.5720720720720721,0.42792792792792794,long,0.5720720720720721,0.025907127043547785
has_positive&has_russia,271,0.002793169774081968,0.0034071877571801856,0.016257251088735446,0.5608856088560885,0.43911439114391143,long,0.5608856088560885,0.025790293006843764
has_all_caps&lots_of_excl,169,0.0031572371415891443,0.0054246279923722,0.016579496774883833,0.6272189349112426,0.3727810650887574,long,0.6272189349112426,0.02574362592372687
has_tariff&has_russia,121,0.00403076708036803,0.0039060904703696053,0.017364431693708618,0.5785123966942148,0.4214876033057851,long,0.5785123966942148,0.02565033596597837
has_all_caps&exclamation_heavy,176,0.0031145709048698,0.005298402062675511,0.016386953447121592,0.6193181818181818,0.3806818181818182,long,0.6193181818181818,0.02558988807069955
short_posts,518,0.0019935383912543948,0.0027137050117826966,0.01698266465206368,0.5637065637065637,0.4362934362934363,long,0.5637065637065637,0.02557658608718076
has_night_post&exclamation_heavy,743,0.0016908956702561904,0.0022572848235513643,0.016578178048307027,0.5545087483176312,0.44549125168236875,long,0.5545087483176312,0.025557573664121362
has_china&lots_of_excl,275,0.0026629720203669234,0.003384017541575801,0.017469326905602447,0.5781818181818181,0.4218181818181818,long,0.5781818181818181,0.025532737526994673
has_positive&has_all_caps,176,0.0030969235483879064,0.005547960102674443,0.016433935849514327,0.6193181818181818,0.3806818181818182,long,0.6193181818181818,0.025444894140264608
has_all_caps&has_exclamation,181,0.003043047650007734,0.0046950546529365145,0.016220785335814874,0.6187845303867403,0.3812154696132597,long,0.6187845303867403,0.025333050456021775
has_all_caps,181,0.003043047650007734,0.0046950546529365145,0.016220785335814874,0.6187845303867403,0.3812154696132597,long,0.6187845303867403,0.025333050456021775
has_china&deal_only,63,0.004771890034850168,0.00657855124434259,0.020031049827021353,0.6666666666666666,0.3333333333333333,long,0.6666666666666666,0.02525046863192177
has_russia&has_exclamation,279,0.002682567483967065,0.003384017541575801,0.016156769433087404,0.5627240143369175,0.43727598566308246,long,0.5627240143369175,0.02521437495897411
posts_high&has_night_post,398,0.002254183301044062,0.003384017541575801,0.017302676711705843,0.5603015075376885,0.4396984924623116,long,0.5603015075376885,0.02519721578487338
has_positive&lots_of_excl,723,0.0016654507680841323,0.0023365131851742493,0.01657678105976959,0.5615491009681881,0.4384508990318119,long,0.5615491009681881,0.025147144891372517
attack_heavy&short_posts,150,0.0033476542363904947,0.0045214352632949595,0.01730809248863127,0.6133333333333333,0.38666666666666666,long,0.6133333333333333,0.025146803790897714
has_russia&exclamation_heavy,274,0.002695580152279692,0.0033956026493779934,0.016186554011102906,0.5620437956204379,0.43795620437956206,long,0.5620437956204379,0.02507827667475106
has_russia,280,0.0026471697499975233,0.003367008552134787,0.016138661867010694,0.5607142857142857,0.4392857142857143,long,0.5607142857142857,0.024837188198848673
posts_high&has_all_caps,136,0.003469405871509872,0.005754849469047807,0.017255655970998884,0.6102941176470589,0.3897058823529412,long,0.6102941176470589,0.024692425227335824
has_deal&has_russia,139,0.003576098585141877,0.004494198471628907,0.017487039037567844,0.5827338129496403,0.4172661870503597,long,0.5827338129496403,0.02456897857402853
has_positive,854,0.0015137083125286996,0.002283117337577356,0.016205521562539706,0.5550351288056206,0.4449648711943794,long,0.5550351288056206,0.024552267220130927
posts_very_high&has_deal,142,0.0037508284747599673,0.003241696740152511,0.02016468124232441,0.5492957746478874,0.4507042253521127,long,0.5492957746478874,0.024551477606658354
has_market_brag&has_russia,56,0.0051929891085273055,0.006070301569448655,0.015467480907087952,0.625,0.375,long,0.625,0.024287982571697272
positive_heavy&has_all_caps,146,0.003259633642930431,0.005703661087118728,0.017216926110081236,0.6164383561643836,0.3835616438356164,long,0.6164383561643836,0.02427922797818052
has_positive&has_exclamation,847,0.0014918240743236105,0.0022572848235513643,0.016254017238598237,0.5537190082644629,0.4462809917355372,long,0.5537190082644629,0.024040790775890965
exclamation_heavy&short_posts,404,0.002099704331099361,0.002868414463631841,0.016675676632514076,0.5693069306930693,0.4306930693069307,long,0.5693069306930693,0.024026764825721802
has_deal&attack_heavy,167,0.003132488610197907,0.0043478158736534045,0.017078869181945122,0.592814371257485,0.40718562874251496,long,0.592814371257485,0.02399752537597513
has_night_post&has_all_caps,178,0.0028913735792562016,0.004566159802493641,0.01629789639129712,0.6123595505617978,0.38764044943820225,long,0.6123595505617978,0.023622219733919224
has_night_post&short_posts,439,0.001998100817014482,0.002724751263998071,0.01745179708439168,0.5626423690205011,0.43735763097949887,long,0.5626423690205011,0.02355494478379862
has_exclamation&exclamation_heavy,811,0.0014976687674729495,0.002222217386348424,0.01644206385135261,0.5499383477188656,0.45006165228113443,long,0.5499383477188656,0.02345525747446307
exclamation_heavy,811,0.0014976687674729495,0.002222217386348424,0.01644206385135261,0.5499383477188656,0.45006165228113443,long,0.5499383477188656,0.02345525747446307
deal_heavy&short_posts,64,0.004862224013503658,0.006935725941908943,0.022178271239864142,0.59375,0.40625,long,0.59375,0.023095564064142378
has_positive&exclamation_heavy,786,0.001465094161900374,0.002244718178008198,0.016397479351316267,0.5521628498727735,0.44783715012722647,long,0.5521628498727735,0.02268004930103246
has_market_brag&has_uppercase_phrase,70,0.004032831975864548,0.005892333573851882,0.01645536726646846,0.6714285714285714,0.32857142857142857,long,0.6714285714285714,0.022654733924701735
has_china&has_night_post,279,0.002364519145567867,0.003384017541575801,0.017735755256753385,0.5734767025089605,0.4265232974910394,long,0.5734767025089605,0.02264960934868312
has_deal&positive_heavy,283,0.0024476002508262407,0.0023638210447529673,0.01834192152421518,0.5477031802120141,0.45229681978798586,long,0.5477031802120141,0.022551683583463374
pre_deal&deal_only,81,0.0040304046859390335,0.005890868390585835,0.016170771574531412,0.6172839506172839,0.38271604938271603,long,0.6172839506172839,0.022391137144105743
posts_very_high&has_all_caps,104,0.0035674097737509905,0.006276703537772543,0.018034961414629503,0.6057692307692307,0.3942307692307692,long,0.6057692307692307,0.02203823844439017
attack_heavy&has_night_post,286,0.002224983943629801,0.003589737350285227,0.016473186274423977,0.5804195804195804,0.4195804195804196,long,0.5804195804195804,0.021839965739966594
has_exclamation,913,0.0013138155844488826,0.002222217386348424,0.016519477349728744,0.5487404162102957,0.45125958378970427,long,0.5487404162102957,0.02178395575540066
posts_very_high&has_russia,120,0.003545016618274562,0.003939008649091358,0.01726414744700106,0.5583333333333333,0.44166666666666665,long,0.5583333333333333,0.021682155515582852
deal_heavy&deal_only,61,0.0046980348670628905,0.007648078494505661,0.020620223575970424,0.5901639344262295,0.4098360655737705,long,0.5901639344262295,0.021654782143008845
has_exclamation&short_posts,466,0.0017768371297568549,0.0026737719260375714,0.0169314908110931,0.5622317596566524,0.43776824034334766,long,0.5622317596566524,0.021565322333596603
positive_heavy&has_night_post,572,0.0016163499040967655,0.0023810746247886483,0.017034003136877963,0.5576923076923077,0.4423076923076923,long,0.5576923076923077,0.021558972098192533
has_tariff&has_market_brag,76,0.003907592403595424,0.003759766381360663,0.018825340523365923,0.631578947368421,0.3684210526315789,long,0.631578947368421,0.02151511629450904
posts_high&brag_heavy,30,0.0048493684185410375,0.00632238527316209,0.017237030747514172,0.8,0.2,long,0.8,0.021248867779904642
positive_heavy&lots_of_excl,586,0.0015766979903792508,0.0022756295902517376,0.017057402375921037,0.5563139931740614,0.44368600682593856,long,0.5563139931740614,0.021233290725608152
has_china&china_streak_3d,43,-0.0049726809819185935,-0.006802449463859661,0.015114760338874846,0.3488372093023256,0.6511627906976745,short,0.6511627906976745,0.02123314873295611
posts_high&attack_heavy,246,0.0023223825357755125,0.0037880942802580586,0.016586491198045283,0.5813008130081301,0.4186991869918699,long,0.5813008130081301,0.021173967437986965
has_deal&brag_heavy,24,0.005445919280938322,0.006250584724827535,0.017205856097680012,0.7916666666666666,0.20833333333333334,long,0.7916666666666666,0.021121228746248964
has_china&has_russia,119,0.0032756126322358143,0.004415075706819094,0.017750594788159515,0.5882352941176471,0.4117647058823529,long,0.5882352941176471,0.021019244237720357
positive_heavy&short_posts,280,0.00217755791067845,0.003277650036201729,0.018373237385954467,0.575,0.425,long,0.575,0.020951570082268757
posts_high&deal_heavy,111,0.003675497593912248,0.003788206886180312,0.02045214924321108,0.5405405405405406,0.4594594594594595,long,0.5405405405405406,0.020931767577785292
has_positive&brag_heavy,40,0.004408432773969203,0.006250584724827535,0.016250865493047384,0.75,0.25,long,0.75,0.020911032716215396
deal_heavy&has_attack,120,0.0034522642905181226,0.0038471486782749587,0.019885490611015744,0.55,0.45,long,0.55,0.020799713290249783
has_china&has_all_caps,87,0.00351449951037479,0.0054246279923722,0.017697806090010686,0.632183908045977,0.367816091954023,long,0.632183908045977,0.02072366438314758
has_russia&volume_spike,78,0.0037837099965849627,0.0060769632578677735,0.01877277213262035,0.6153846153846154,0.38461538461538464,long,0.6153846153846154,0.020564198078383108
has_deal&has_all_caps,94,0.0034339761569445065,0.0051831734329566,0.01780768007599887,0.6170212765957447,0.3829787234042553,long,0.6170212765957447,0.020542880611028373
has_china&deal_over_tariff,101,0.003325363334338241,0.0061351275440442166,0.020132171796036092,0.6039603960396039,0.39603960396039606,long,0.6039603960396039,0.02018404715062619
has_all_caps&deal_only,43,0.004518530886971628,0.007812547918690793,0.017404037485552575,0.6744186046511628,0.32558139534883723,long,0.6744186046511628,0.019983015507739788
has_china&has_exclamation,297,0.0020373731848449855,0.0022572848235513643,0.017736433134590942,0.5656565656565656,0.43434343434343436,long,0.5656565656565656,0.01986102430618935
has_china,297,0.0020373731848449855,0.0022572848235513643,0.017736433134590942,0.5656565656565656,0.43434343434343436,long,0.5656565656565656,0.01986102430618935
attack_heavy&has_exclamation,297,0.0019995512207734065,0.0034071877571801856,0.016359960604637264,0.5757575757575758,0.42424242424242425,long,0.5757575757575758,0.019840399800108554
has_attack&attack_heavy,297,0.0019995512207734065,0.0034071877571801856,0.016359960604637264,0.5757575757575758,0.42424242424242425,long,0.5757575757575758,0.019840399800108554
attack_heavy,297,0.0019995512207734065,0.0034071877571801856,0.016359960604637264,0.5757575757575758,0.42424242424242425,long,0.5757575757575758,0.019840399800108554
attack_heavy&has_positive,294,0.002006073038439741,0.003427668290604813,0.016441184602235853,0.5748299319727891,0.42517006802721086,long,0.5748299319727891,0.0197724178792265
deal_over_tariff&tariff_rising,20,0.006777828491074928,0.010365522430170304,0.020050262050159702,0.65,0.35,long,0.65,0.01970239081964188
has_attack&pre_deal,129,0.0030919032112418977,0.004494198471628907,0.01777079008605132,0.5581395348837209,0.4418604651162791,long,0.5581395348837209,0.019600336689185052
attack_heavy&exclamation_heavy,296,0.0019820012109940874,0.0033956026493779934,0.016384865164533954,0.5743243243243243,0.42567567567567566,long,0.5743243243243243,0.019584251665063508
posts_very_high&attack_heavy,166,0.0026184027923674778,0.003939121255013611,0.017540969036619104,0.5783132530120482,0.42168674698795183,long,0.5783132530120482,0.019509837156546698
has_uppercase_phrase&deal_only,67,0.003979650473468553,0.005890868390585835,0.02105392022414463,0.5970149253731343,0.40298507462686567,long,0.5970149253731343,0.019447667483038403
deal_only&volume_spike,26,0.006178936007962287,0.006769473442545748,0.02610320835479588,0.6153846153846154,0.38461538461538464,long,0.6153846153846154,0.01938862478636357
has_attack&brag_heavy,33,0.0042798566957811725,0.006315645976852746,0.01720434223113963,0.7878787878787878,0.21212121212121213,long,0.7878787878787878,0.019370712957125
posts_very_high&open_tariff,33,0.0061701464857673435,0.00344814882402944,0.02090198136004701,0.5454545454545454,0.45454545454545453,long,0.5454545454545454,0.019333523468621983
posts_very_high&has_china,134,0.002902702126105828,0.0042271868941790025,0.01918359583478105,0.5746268656716418,0.4253731343283582,long,0.5746268656716418,0.019308155910202456
has_deal&has_china,156,0.002705522217457058,0.003241696740152511,0.018724585593929206,0.5705128205128205,0.42948717948717946,long,0.5705128205128205,0.019278747360321966
posts_very_high&tariff_rising,32,0.005164515857676091,0.007389863998945034,0.018669232439857367,0.65625,0.34375,long,0.65625,0.01917228696866817
has_china&exclamation_heavy,290,0.0019861036444504526,0.0022754633122495926,0.01756132759765426,0.5655172413793104,0.43448275862068964,long,0.5655172413793104,0.01912699557639962
has_positive&has_china,290,0.0019735732380885126,0.0024522852964280473,0.017409654150743695,0.5689655172413793,0.43103448275862066,long,0.5689655172413793,0.019122214816628232
has_russia&has_all_caps,72,0.003682725506555451,0.005547960102674443,0.018730031654402967,0.6111111111111112,0.3888888888888889,long,0.6111111111111112,0.0190965879788495
positive_heavy&brag_heavy,37,0.004141687364803536,0.006185523472802323,0.016461055631834705,0.7567567567567568,0.24324324324324326,long,0.7567567567567568,0.019064897838254664
has_positive&high_emotion,25,0.005604683543705966,0.006896693966852663,0.015415761136982632,0.68,0.32,long,0.68,0.019055924048600285
attack_heavy&volume_spike,99,0.00326340918343807,0.004494198471628907,0.020819761924319356,0.5858585858585859,0.41414141414141414,long,0.5858585858585859,0.01902312788891279
brag_heavy&has_exclamation,41,0.0040478968269816035,0.006185523472802323,0.016211656191554593,0.7317073170731707,0.2682926829268293,long,0.7317073170731707,0.018965258256200067
has_market_brag&brag_heavy,41,0.0040478968269816035,0.006185523472802323,0.016211656191554593,0.7317073170731707,0.2682926829268293,long,0.7317073170731707,0.018965258256200067
brag_heavy,41,0.0040478968269816035,0.006185523472802323,0.016211656191554593,0.7317073170731707,0.2682926829268293,long,0.7317073170731707,0.018965258256200067
brag_heavy&exclamation_heavy,41,0.0040478968269816035,0.006185523472802323,0.016211656191554593,0.7317073170731707,0.2682926829268293,long,0.7317073170731707,0.018965258256200067
attack_heavy&lots_of_excl,294,0.0019240279371760783,0.0033956026493779934,0.01639123858761085,0.5748299319727891,0.42517006802721086,long,0.5748299319727891,0.01896375837578673
has_deal&tariff_streak_3d,28,0.005831603873452158,0.002609988258486129,0.022802296551196775,0.6071428571428571,0.39285714285714285,long,0.6071428571428571,0.01873518222103726
pre_deal&deal_over_tariff,123,0.0028016356760811652,0.005890868390585835,0.018361970810344727,0.6016260162601627,0.3983739837398374,long,0.6016260162601627,0.018693508642272785
has_positive&positive_heavy,605,0.0013603202700353321,0.002212118213084535,0.017049955706528876,0.5487603305785124,0.4512396694214876,long,0.5487603305785124,0.01836122133690905
positive_heavy,605,0.0013603202700353321,0.002212118213084535,0.017049955706528876,0.5487603305785124,0.4512396694214876,long,0.5487603305785124,0.01836122133690905
positive_heavy&has_exclamation,605,0.0013603202700353321,0.002212118213084535,0.017049955706528876,0.5487603305785124,0.4512396694214876,long,0.5487603305785124,0.01836122133690905
positive_heavy&exclamation_heavy,601,0.0013636193583981538,0.0022024556611226487,0.017093118942959645,0.5474209650582362,0.4525790349417637,long,0.5474209650582362,0.018300030769068578
attack_heavy&brag_heavy,26,0.0044367189518853415,0.00632238527316209,0.018148089760762875,0.8076923076923077,0.19230769230769232,long,0.8076923076923077,0.018272355644299843
deal_heavy&deal_over_tariff,121,0.002945217989920336,0.004576700144961698,0.02075778817802885,0.5537190082644629,0.4462809917355372,long,0.5537190082644629,0.01793905502951478
attack_heavy&has_all_caps,102,0.002802462006197057,0.00485872212130134,0.016672099091576967,0.6176470588235294,0.38235294117647056,long,0.6176470588235294,0.017481560479245435
has_attack&volume_spike,121,0.002733321959936244,0.004494198471628907,0.021563637622423946,0.5785123966942148,0.4214876033057851,long,0.5785123966942148,0.017393867017776097
brag_heavy&lots_of_excl,40,0.003791953899769668,0.006172736531364631,0.0163340769609345,0.725,0.275,long,0.725,0.01738725610316348
has_uppercase_phrase&deal_over_tariff,98,0.0031139875670826342,0.004560984127292778,0.021110809279480353,0.5612244897959183,0.4387755102040816,long,0.5612244897959183,0.01730081355525859
deal_heavy&has_exclamation,148,0.002580411519256005,0.0038471486782749587,0.01988577353968127,0.5472972972972973,0.4527027027027027,long,0.5472972972972973,0.017180790144169008
deal_heavy,148,0.002580411519256005,0.0038471486782749587,0.01988577353968127,0.5472972972972973,0.4527027027027027,long,0.5472972972972973,0.017180790144169008
has_deal&deal_heavy,148,0.002580411519256005,0.0038471486782749587,0.01988577353968127,0.5472972972972973,0.4527027027027027,long,0.5472972972972973,0.017180790144169008
has_deal&has_action,101,0.0029763271565045675,0.004098242366852967,0.019144186573917376,0.5742574257425742,0.42574257425742573,long,0.5742574257425742,0.01717702602353315
tariff_heavy&has_russia,22,0.006179567726258303,0.008020126496666946,0.019601173571640065,0.5909090909090909,0.4090909090909091,long,0.5909090909090909,0.017127347458081654
pre_action&deal_over_tariff,32,0.0046102236812017375,0.009947100809075793,0.021615044902675414,0.65625,0.34375,long,0.65625,0.017114582245763923
has_market_brag&has_china,70,0.003112638328247432,0.004021791097673644,0.017213241917285623,0.6571428571428571,0.34285714285714286,long,0.6571428571428571,0.017113446149987704
has_china&volume_spike,72,0.003287038058022716,0.0071712089396301915,0.022886595918421064,0.6111111111111112,0.3888888888888889,long,0.6111111111111112,0.0170447706062049
has_russia&tariff_only,49,0.00380978677338704,0.004395743907437577,0.015180735048861558,0.6326530612244898,0.3673469387755102,long,0.6326530612244898,0.01687191285357118
has_iran&has_russia,56,0.003692946463427517,0.00504318395989789,0.01674004893298298,0.6071428571428571,0.39285714285714285,long,0.6071428571428571,0.016778684788239472
has_china&short_posts,150,0.0023570794327326125,0.0034160831828026206,0.018892540740580385,0.58,0.42,long,0.58,0.016743561490870806
has_relief&has_uppercase_phrase,43,0.003917053245901504,0.006263058125149712,0.02504988326199792,0.6511627906976745,0.3488372093023256,long,0.6511627906976745,0.0167256605576667
has_russia&tariff_rising,35,0.0051815700070501226,0.0037879816743358052,0.017885247928966345,0.5428571428571428,0.45714285714285713,long,0.5428571428571428,0.016641058563001906
attack_heavy&has_china,146,0.002363553297382981,0.0042271868941790025,0.017930645446918483,0.5821917808219178,0.4178082191780822,long,0.5821917808219178,0.01662677032898744
deal_heavy&has_night_post,140,0.002577899633680548,0.003597697321680249,0.01985075463163234,0.5428571428571428,0.45714285714285713,long,0.5428571428571428,0.016558293611878314
deal_over_tariff&volume_spike,51,0.004213695428228799,0.005890868390585835,0.024257459587125864,0.5490196078431373,0.45098039215686275,long,0.5490196078431373,0.01652099060726426
has_relief&deal_over_tariff,39,0.005155842038521545,0.0020791823209929117,0.02922819569726063,0.5128205128205128,0.48717948717948717,long,0.5128205128205128,0.01651190933878224
deal_heavy&lots_of_excl,139,0.0025919429148746876,0.0034071877571801856,0.019974502401559027,0.539568345323741,0.460431654676259,long,0.539568345323741,0.016488429650693588
has_tariff&has_all_caps,78,0.0030263537252626406,0.004620161381280186,0.017433161656908256,0.6153846153846154,0.38461538461538464,long,0.6153846153846154,0.016448019937501595
has_russia&deal_over_tariff,96,0.0028755178899973304,0.004418430306741383,0.017423260946737632,0.5833333333333334,0.4166666666666667,long,0.5833333333333334,0.016434953679055304
attack_heavy&positive_heavy,262,0.0017589011453195509,0.003427668290604813,0.01644897018495619,0.5763358778625954,0.42366412213740456,long,0.5763358778625954,0.016408456624207365
has_night_post&volume_drop,121,0.0027325100273859434,0.0031446899629943292,0.015395527173054297,0.5454545454545454,0.45454545454545453,long,0.5454545454545454,0.016395060164315658
has_attack&volume_drop,75,0.0032933773781564303,0.006036387121395537,0.013333124533222506,0.5733333333333334,0.4266666666666667,long,0.5733333333333334,0.016352317916066096
deal_heavy&exclamation_heavy,146,0.002493045769236306,0.003597697321680249,0.020006288204184156,0.541095890410959,0.4589041095890411,long,0.541095890410959,0.01629974893748398
deal_heavy&has_positive,144,0.002502358938354219,0.003597697321680249,0.020113888543707225,0.5416666666666666,0.4583333333333333,long,0.5416666666666666,0.016265333099302424
pre_deal,170,0.002220274901128566,0.004343535585606628,0.017792254215185276,0.5588235294117647,0.4411764705882353,long,0.5588235294117647,0.016177294590430588
has_deal&pre_deal,170,0.002220274901128566,0.004343535585606628,0.017792254215185276,0.5588235294117647,0.4411764705882353,long,0.5588235294117647,0.016177294590430588
has_china&open_deal,42,0.004183578236685324,0.008019057070004498,0.022262818509038395,0.5952380952380952,0.40476190476190477,long,0.5952380952380952,0.016138503418726177
pre_deal&pre_action,34,0.004267179836291529,0.008843256296810376,0.018290734684925647,0.6470588235294118,0.35294117647058826,long,0.6470588235294118,0.016099936698398078
has_action&has_attack,150,0.002347143165691196,0.0023592725165298978,0.01782780538313786,0.56,0.44,long,0.56,0.016098048705771823
has_deal&pre_tariff,80,-0.0031029106937357177,-0.0021242169807300093,0.01842836210712869,0.425,0.575,short,0.575,0.01595813425039942
attack_heavy&has_russia,150,0.002323975261999172,0.003610885081322235,0.016720929983220206,0.56,0.44,long,0.56,0.0159391499868967
pre_tariff&has_uppercase_phrase,56,-0.003597569886036991,-0.003151307218473176,0.016719005423324974,0.4107142857142857,0.5892857142857143,short,0.5892857142857143,0.015864601427548256
has_deal&volume_spike,88,0.003087708010620406,0.004246860517103657,0.021501638378592387,0.5454545454545454,0.45454545454545453,long,0.5454545454545454,0.015799237434269454
attack_heavy&pre_action,44,0.0038605271975799926,0.008032665979448739,0.0199008413696172,0.6136363636363636,0.38636363636363635,long,0.6136363636363636,0.015713902072638487
has_all_caps&short_posts,123,0.002379153119379315,0.0046950546529365145,0.017268395566391426,0.5934959349593496,0.4065040650406504,long,0.5934959349593496,0.01566003390497099
has_russia&short_posts,137,0.0024421391619952413,0.002645356779712449,0.01624260580963884,0.5474452554744526,0.45255474452554745,long,0.5474452554744526,0.01564845220695471
posts_high&pre_deal,114,0.0026694466232520674,0.0038471486782749587,0.01818424976921976,0.543859649122807,0.45614035087719296,long,0.543859649122807,0.01550102815909781
posts_very_high&tariff_only,38,0.003811461958862891,0.004390922480098647,0.016428862221999588,0.6578947368421053,0.34210526315789475,long,0.6578947368421053,0.015457519388814454
has_tariff&has_attack,245,0.0018052313526871883,0.0022725928742068913,0.017011102463773065,0.5469387755102041,0.4530612244897959,long,0.5469387755102041,0.015454488075508813
open_deal&volume_spike,24,-0.005025416310352623,-0.007873383018484337,0.0242235540781081,0.375,0.625,short,0.625,0.015387132131780043
has_all_caps&has_uppercase_phrase,133,0.00230168011858318,0.005172176132978823,0.01784613959841496,0.5789473684210527,0.42105263157894735,long,0.5789473684210527,0.015367735286587796
has_russia&pre_action,32,0.004572479543970099,0.0038486104332895454,0.022668946493368418,0.59375,0.40625,long,0.59375,0.01535784863879564
has_russia&pre_tariff,49,0.0034629775650327787,0.006342427980080556,0.01721725620244061,0.6326530612244898,0.3673469387755102,long,0.6326530612244898,0.01533604350228802
has_action&deal_over_tariff,71,0.003138781466705405,0.006329124569471434,0.019427502889533165,0.5774647887323944,0.4225352112676056,long,0.5774647887323944,0.01527269792243558
has_russia&deal_only,67,0.0029258871418828985,0.006122541275451754,0.016062503865518062,0.6268656716417911,0.373134328358209,long,0.6268656716417911,0.015013068267669854
has_attack&all_caps_heavy,24,0.004054012019515912,0.009123466871405195,0.019330366516896767,0.75,0.25,long,0.75,0.014895391288385917
has_deal&has_uppercase_phrase,139,0.0023374479187693534,0.0034071877571801856,0.019856566249075003,0.539568345323741,0.460431654676259,long,0.539568345323741,0.014869480863027399
has_attack&has_uppercase_phrase,223,0.0017610812958182777,0.003788206886180312,0.017884304961240688,0.5650224215246636,0.4349775784753363,long,0.5650224215246636,0.014859271505707851
has_tariff&pre_relief,22,-0.005804046161052562,-0.003988360960197945,0.01824813476248659,0.45454545454545453,0.5454545454545454,short,0.5454545454545454,0.014849121591569241
posts_high&volume_spike,120,0.002379536137823781,0.004444838569491627,0.021364926949733593,0.5666666666666667,0.43333333333333335,long,0.5666666666666667,0.014771023682961142
has_relief&short_posts,48,0.0037896905844799745,0.005771523918946864,0.02943366368082606,0.5625,0.4375,long,0.5625,0.014768857433890597
pre_deal&has_night_post,164,0.002070133380728604,0.004237786131235377,0.01759151119593064,0.5548780487804879,0.4451219512195122,long,0.5548780487804879,0.014710173554420168
deal_heavy&pre_tariff,41,-0.003904557404171361,-0.003831681486613725,0.021730893691352657,0.4146341463414634,0.5853658536585366,short,0.5853658536585366,0.014634946039666847
short_posts&volume_drop,90,0.0026597450012650235,0.003235349982342095,0.014712803801488676,0.5777777777777777,0.4222222222222222,long,0.5777777777777777,0.014578810478691162
has_all_caps&tariff_only,27,0.003983654072499347,0.005773668976834845,0.016037354490011407,0.7037037037037037,0.2962962962962963,long,0.7037037037037037,0.014566437090400366
has_deal&pre_action,48,0.0034384480951363955,0.007936824333515058,0.020120509120491605,0.6041666666666666,0.3958333333333333,long,0.6041666666666666,0.014392619766581264
pre_deal&has_exclamation,169,0.001986323310785274,0.00429159250385891,0.01758091486717854,0.5562130177514792,0.4437869822485207,long,0.5562130177514792,0.014362645477985827
pre_deal&exclamation_heavy,166,0.002005660744979601,0.004343535585606628,0.01772398680799671,0.5542168674698795,0.4457831325301205,long,0.5542168674698795,0.014321590702761147
posts_low&has_uppercase_phrase,21,-0.004366320486934934,-0.006185505215806186,0.009238569117341968,0.2857142857142857,0.7142857142857143,short,0.7142857142857143,0.014292138671296983
open_tariff&volume_spike,22,0.005559043882127948,0.003780719731781401,0.02373866290082915,0.5454545454545454,0.45454545454545453,long,0.5454545454545454,0.014222305655063425
deal_heavy&has_uppercase_phrase,66,0.003122586247466651,0.004560984127292778,0.020097010232202273,0.5606060606060606,0.4393939393939394,long,0.5606060606060606,0.014221460485752499
positive_heavy&all_caps_heavy,21,0.004043022656243889,0.01097196525388755,0.020542468225109776,0.7619047619047619,0.23809523809523808,long,0.7619047619047619,0.01411615798754975
has_attack&pre_action,62,0.002962987784935673,0.0060446574768437955,0.019864387334246503,0.5967741935483871,0.4032258064516129,long,0.5967741935483871,0.013923093524513215
has_action&has_russia,77,0.002897833555030197,0.0020791823209929117,0.019652923945856802,0.5454545454545454,0.45454545454545453,long,0.5454545454545454,0.013870028861443576
pre_deal&lots_of_excl,159,0.0019794922369900953,0.00429159250385891,0.017592660858719168,0.5471698113207547,0.4528301886792453,long,0.5471698113207547,0.013657603279917236
has_positive&pre_deal,164,0.001923430216557651,0.004343535585606628,0.017834834688721924,0.5487804878048781,0.45121951219512196,long,0.5487804878048781,0.013517519969251109
has_tariff&china_streak_3d,24,-0.004410052842005426,-0.0050441350122875095,0.014515004205030374,0.375,0.625,short,0.625,0.013502974002030117
posts_very_high&deal_heavy,79,0.002916331371444678,0.0021737847686011946,0.022124626981578927,0.5189873417721519,0.4810126582278481,long,0.5189873417721519,0.01345262947852396
positive_heavy&pre_tariff,117,-0.0022680306437754005,-0.002074491632262254,0.017839359920373075,0.452991452991453,0.5470085470085471,short,0.5470085470085471,0.013419488460235175
positive_heavy&has_china,253,0.0015337833231884072,0.002164688585109209,0.01768917158071791,0.549407114624506,0.4505928853754941,long,0.549407114624506,0.013403510257737465
has_attack&tariff_rising,82,0.0026335333054074658,0.004067898773994605,0.017308587734771553,0.5609756097560976,0.43902439024390244,long,0.5609756097560976,0.013377954686713746
attack_heavy&has_iran,56,0.003001836385260002,0.00504318395989789,0.016619374116330354,0.5892857142857143,0.4107142857142857,long,0.5892857142857143,0.013237529585651102
deal_heavy&pre_deal,96,0.0023927007802970225,0.006012997967315026,0.020627348447565672,0.5625,0.4375,long,0.5625,0.01318701604249544
posts_high&all_caps_heavy,25,0.0036534715819903727,0.010145178422418244,0.019310429633009912,0.72,0.28,long,0.72,0.01315249769516534
posts_very_high&has_uppercase_phrase,133,0.002091007587698558,0.00344814882402944,0.019385191548089493,0.5413533834586466,0.45864661654135336,long,0.5413533834586466,0.013054561384636803
posts_very_high&pre_deal,76,0.0028226095336708903,0.0028855044009665765,0.019356632654374942,0.5263157894736842,0.47368421052631576,long,0.5263157894736842,0.01295102075194303
has_action&pre_deal,55,0.00299870326540026,0.007648078494505661,0.01832646688273978,0.5818181818181818,0.41818181818181815,long,0.5818181818181818,0.012939042106245953
has_all_caps&tariff_rising,26,0.0041201398116418745,0.006457432821377229,0.01668924785280564,0.6153846153846154,0.38461538461538464,long,0.6153846153846154,0.012928414337410718
deal_heavy&positive_heavy,131,0.002143400706375128,0.0021737847686011946,0.020618343056370534,0.5267175572519084,0.4732824427480916,long,0.5267175572519084,0.012921615456249575
lots_of_excl&volume_spike,131,0.001993321293079143,0.004395478667354347,0.021742926074561172,0.5648854961832062,0.4351145038167939,long,0.5648854961832062,0.012887639459941341
has_positive&volume_spike,139,0.00189886161597977,0.0043667692533782,0.021384527353552483,0.5611510791366906,0.43884892086330934,long,0.5611510791366906,0.012562628533012436
pre_tariff&deal_over_tariff,23,-0.005001647882159751,-0.0019011051907532606,0.024876464151884523,0.4782608695652174,0.5217391304347826,short,0.5217391304347826,0.01251498812962019
has_uppercase_phrase&short_posts,158,0.0017668475225275637,0.0038979823488414223,0.019118685142449205,0.5632911392405063,0.43670886075949367,long,0.5632911392405063,0.012510092907514347
attack_heavy&all_caps_heavy,23,0.0035265806643346395,0.008101755320392146,0.01958744162372169,0.7391304347826086,0.2608695652173913,long,0.7391304347826086,0.012500829314428693
exclamation_heavy&volume_spike,131,0.0019170061228746965,0.004395478667354347,0.021785878154751456,0.5648854961832062,0.4351145038167939,long,0.5648854961832062,0.012394230593877564
has_attack&china_streak_3d,59,0.0029532793114533393,0.0032053005097096854,0.017659604254576702,0.5423728813559322,0.4576271186440678,long,0.5423728813559322,0.012303494956169843
has_all_caps&deal_over_tariff,67,0.0025043579897904788,0.00429159250385891,0.01891460714826833,0.5970149253731343,0.40298507462686567,long,0.5970149253731343,0.012238240963279051
has_positive&pre_tariff,138,-0.0018782110187150738,-0.0021218745594242527,0.0171667616046253,0.4492753623188406,0.5507246376811594,short,0.5507246376811594,0.01215117940826429
posts_high&pre_action,60,0.002765299684586514,0.005599148484603522,0.020071492681384955,0.5666666666666667,0.43333333333333335,long,0.5666666666666667,0.012137954242433016
tariff_heavy&has_attack,47,0.003109915259195953,0.004098242366852967,0.01760047273193713,0.5531914893617021,0.44680851063829785,long,0.5531914893617021,0.011794321833886547
has_uppercase_phrase&exclamation_heavy,281,0.0012969637601713572,0.0023365131851742493,0.01766499734409707,0.5409252669039146,0.45907473309608543,long,0.5409252669039146,0.011760296442545575
has_all_caps&china_streak_3d,20,0.004039840587430116,0.005454103047119796,0.012784038711013693,0.65,0.35,long,0.65,0.01174336562328335
short_posts&tariff_rising,38,0.0030004635248984815,0.006547692037781494,0.015705948684992983,0.631578947368421,0.3684210526315789,long,0.631578947368421,0.01168174696944117
has_action&deal_only,49,0.002809889318678914,0.006329124569471434,0.017454019962357823,0.5918367346938775,0.40816326530612246,long,0.5918367346938775,0.011640970034526929
has_china&tariff_only,52,0.0023238910890940366,0.0040773754638570026,0.016557073338355457,0.6923076923076923,0.3076923076923077,long,0.6923076923076923,0.01160156558813871
posts_high&has_tariff,186,0.0016141614033065488,0.0020921724656119967,0.0166952280981274,0.5268817204301075,0.4731182795698925,long,0.5268817204301075,0.0115988935357125
posts_high&has_uppercase_phrase,204,0.001512185309562832,0.002717944561951735,0.018188333532143358,0.5343137254901961,0.46568627450980393,long,0.5343137254901961,0.011540282199256078
attack_heavy&has_uppercase_phrase,148,0.0016498625390701522,0.003618177855104876,0.018253650039435295,0.5743243243243243,0.42567567567567566,long,0.5743243243243243,0.011527518551187587
has_russia&has_uppercase_phrase,115,0.0019620271582081105,0.003349999562693773,0.017984469037962535,0.5478260869565217,0.45217391304347826,long,0.5478260869565217,0.011526478481240993
has_tariff&has_china,145,0.001670860209383658,0.0026109287919082735,0.017286760068798226,0.5724137931034483,0.42758620689655175,long,0.5724137931034483,0.011516863192113263
has_uppercase_phrase&lots_of_excl,272,0.0012738313829975297,0.00288305138608691,0.01782041959781546,0.5477941176470589,0.4522058823529412,long,0.5477941176470589,0.011508368527316038
has_china&has_uppercase_phrase,132,0.0019155596055947252,0.0032737623813793304,0.01964418924947175,0.5227272727272727,0.4772727272727273,long,0.5227272727272727,0.011504236346494601
has_action&has_market_brag,40,0.002771479621912265,0.00632238527316209,0.018550057075566024,0.65,0.35,long,0.65,0.01139344452218058
has_tariff&pre_tariff,139,-0.0017652396845011208,-0.002074491632262254,0.017156229305667115,0.45323741007194246,0.5467625899280576,short,0.5467625899280576,0.011379151365554676
pre_tariff&has_exclamation,139,-0.0017652396845011208,-0.002074491632262254,0.017156229305667115,0.45323741007194246,0.5467625899280576,short,0.5467625899280576,0.011379151365554676
pre_tariff,139,-0.0017652396845011208,-0.002074491632262254,0.017156229305667115,0.45323741007194246,0.5467625899280576,short,0.5467625899280576,0.011379151365554676
pre_deal&has_all_caps,46,0.002748788452432613,0.004620161381280186,0.015941867821144713,0.6086956521739131,0.391304347826087,long,0.6086956521739131,0.011348028901514394
posts_very_high&has_tariff,111,0.0020107578279819544,0.0021737847686011946,0.01791248835450743,0.5315315315315315,0.46846846846846846,long,0.5315315315315315,0.0112603085327109
has_iran&volume_spike,40,0.0030690795916165055,0.005781080301781261,0.01995587135222379,0.575,0.425,long,0.575,0.011161074104324703
pre_tariff&exclamation_heavy,134,-0.0017689019966869851,-0.0020660807059257325,0.017392042018103234,0.4552238805970149,0.5447761194029851,short,0.5447761194029851,0.011155119655065684
positive_heavy&volume_spike,126,0.0017851163162289937,0.004381123960366273,0.022048256501888495,0.5555555555555556,0.4444444444444444,long,0.5555555555555556,0.011132156084781504
pre_tariff&has_night_post,130,-0.0018385664359123093,-0.0020028011443901095,0.0170303428094651,0.46923076923076923,0.5307692307692308,short,0.5307692307692308,0.011126453112854874
deal_heavy&tariff_rising,34,0.0032378722344304335,0.005120807315385667,0.017664852395600308,0.5882352941176471,0.4117647058823529,long,0.5882352941176471,0.011105810141540662
has_tariff&has_iran,48,0.002945896593053931,0.002946684748205697,0.017302245151895344,0.5416666666666666,0.4583333333333333,long,0.5416666666666666,0.011055292241529175
has_attack&has_iran,90,0.0020954848337315446,0.002946684748205697,0.016385562343506424,0.5555555555555556,0.4444444444444444,long,0.5555555555555556,0.011044174794884858
has_action&tariff_only,29,-0.0034670868397965356,-0.004597791942148488,0.015212154546853441,0.41379310344827586,0.5862068965517241,short,0.5862068965517241,0.010944971674488801
has_tariff&volume_spike,83,0.002154030138556082,0.004098242366852967,0.019460043807744073,0.5542168674698795,0.4457831325301205,long,0.5542168674698795,0.010876034111088532
has_tariff&short_posts,135,0.0016837955188994081,0.002645356779712449,0.015843973540208146,0.5555555555555556,0.4444444444444444,long,0.5555555555555556,0.010868853338526805
posts_very_high&volume_spike,93,0.002095243831191061,0.0043667692533782,0.02289903122280655,0.5376344086021505,0.46236559139784944,long,0.5376344086021505,0.010863333208135198
posts_low&exclamation_heavy,35,0.003366084120753838,0.002207898853706647,0.012756470063219227,0.5428571428571428,0.45714285714285713,long,0.5428571428571428,0.010810469202430974
has_iran&has_night_post,108,0.0019365498617754148,0.0020921724656119967,0.016362222250006175,0.5370370370370371,0.46296296296296297,long,0.5370370370370371,0.010807986645286628
has_tariff&tariff_streak_3d,33,-0.00306333986872979,-0.004184058335428675,0.016807240428995514,0.3939393939393939,0.6060606060606061,short,0.6060606060606061,0.01066518047488234
tariff_streak_3d&tariff_rising,33,-0.00306333986872979,-0.004184058335428675,0.016807240428995514,0.3939393939393939,0.6060606060606061,short,0.6060606060606061,0.01066518047488234
high_emotion,69,0.0023252495749587964,0.003355721522868116,0.016312489565341547,0.5507246376811594,0.4492753623188406,long,0.5507246376811594,0.010637231841312003
has_positive&has_uppercase_phrase,287,0.0011681454263441084,0.0022268981795330323,0.017567057541939404,0.5365853658536586,0.4634146341463415,long,0.5365853658536586,0.010618830422548353
deal_heavy&has_russia,63,0.0023873579617395514,0.0034071877571801856,0.019749145536569625,0.5555555555555556,0.4444444444444444,long,0.5555555555555556,0.010527259095421512
has_relief&has_positive,92,0.0020498806343871023,0.0020921724656119967,0.02364058373538298,0.532608695652174,0.4673913043478261,long,0.532608695652174,0.010472026654471197
pre_tariff&pre_deal,50,-0.002465039803607736,-0.0028758999734486146,0.020347095109388733,0.4,0.6,short,0.6,0.010458278166154713
has_deal&has_relief,47,0.003212328505210922,-0.0018830058212746525,0.02751441212438491,0.46808510638297873,0.5319148936170213,long,0.46808510638297873,0.01030845794222278
has_positive&has_iran,113,0.0018168856103228936,0.0020791823209929117,0.01621389017748389,0.5309734513274337,0.4690265486725664,long,0.5309734513274337,0.010255093254579689
posts_very_high&china_streak_3d,28,0.0038636859620998104,-0.00018627855399488968,0.02171529275218276,0.5,0.5,long,0.5,0.010222352199767427
has_exclamation&volume_drop,156,0.0015422288992930043,0.0022604362230266295,0.014677461547732942,0.5256410256410257,0.47435897435897434,long,0.5256410256410257,0.010125124921934259
deal_only&volume_drop,24,0.003299635510777809,0.007968174359398339,0.01661253519925504,0.625,0.375,long,0.625,0.010103029173216718
has_market_brag&has_iran,28,0.0031382918535751703,0.0048395376383830735,0.01799417454440748,0.6071428571428571,0.39285714285714285,long,0.6071428571428571,0.010082384025978367
deal_heavy&has_relief,32,0.0033233518019246087,0.003985025355789373,0.027273254849730793,0.53125,0.46875,long,0.53125,0.009987349530490049
positive_heavy&has_iran,95,0.0019387387027152171,0.0020791823209929117,0.016656765537758796,0.5263157894736842,0.47368421052631576,long,0.5263157894736842,0.009945519696677337
positive_heavy&has_uppercase_phrase,235,0.0012263312520832846,0.002092002944603877,0.018539377725001208,0.5276595744680851,0.4723404255319149,long,0.5276595744680851,0.009919631752199131
has_uppercase_phrase&tariff_only,47,-0.002710436858979282,-0.0022219501228495364,0.015450893311008069,0.46808510638297873,0.5319148936170213,short,0.5319148936170213,0.009883946234764823
has_relief&has_night_post,90,0.0019523236498061845,0.0020921724656119967,0.023822732871852135,0.5333333333333333,0.4666666666666667,long,0.5333333333333333,0.009878063141120786
posts_very_high&all_caps_heavy,21,0.003016768289678324,0.01097196525388755,0.02082974436041538,0.7142857142857143,0.2857142857142857,long,0.7142857142857143,0.009874692172566703
tariff_only&volume_spike,21,0.003224692036789455,0.010615625000961693,0.020230939513257554,0.6666666666666666,0.3333333333333333,long,0.6666666666666666,0.009851596901006
posts_very_high&pre_action,43,0.0025804822634929165,0.007963576638505332,0.022111884239111774,0.5813953488372093,0.4186046511627907,long,0.5813953488372093,0.009837996398782837
has_relief,93,0.001926397821503947,0.0020791823209929117,0.02354188844708557,0.5268817204301075,0.4731182795698925,long,0.5268817204301075,0.009788149280094232
has_relief&has_exclamation,93,0.001926397821503947,0.0020791823209929117,0.02354188844708557,0.5268817204301075,0.4731182795698925,long,0.5268817204301075,0.009788149280094232
has_uppercase_phrase&has_exclamation,296,0.0010654088440316674,0.0022123365237355364,0.01736065339444608,0.5337837837837838,0.46621621621621623,long,0.5337837837837838,0.009784249730821606
has_night_post&has_uppercase_phrase,280,0.0010832866331187605,0.0022123365237355364,0.017607006114687383,0.5321428571428571,0.46785714285714286,long,0.5321428571428571,0.009646075061297398
has_tariff&has_night_post,286,0.0010708814851460944,0.002085722494905573,0.016809258211252,0.5314685314685315,0.46853146853146854,long,0.5314685314685315,0.009625027551391682
has_uppercase_phrase,298,0.0010401308717784578,0.0022123365237355364,0.0173482522625637,0.5335570469798657,0.4664429530201342,long,0.5335570469798657,0.00958025301563979
pre_deal&volume_spike,46,0.002489759050587681,0.005233784267773767,0.01884225105672146,0.5652173913043478,0.43478260869565216,long,0.5652173913043478,0.009544468564098187
has_iran&open_deal,22,-0.0037252386327261285,-0.004994322361156045,0.024426022163563422,0.45454545454545453,0.5454545454545454,short,0.5454545454545454,0.009530682541113663
has_tariff&brag_heavy,23,0.003042206710125296,0.004395478667354347,0.020651231297556468,0.6521739130434783,0.34782608695652173,long,0.6521739130434783,0.009515159244034156
has_russia&pre_deal,67,0.0020222401626707916,0.00429159250385891,0.017703228177256235,0.5671641791044776,0.43283582089552236,long,0.5671641791044776,0.009388126367082807
has_relief&exclamation_heavy,91,0.0018650664427828807,0.0020791823209929117,0.023704633564698402,0.5274725274725275,0.4725274725274725,long,0.5274725274725275,0.009384580182951269
has_iran&has_exclamation,116,0.0016507589055234342,0.0020579719070630276,0.016084563578781318,0.5258620689655172,0.47413793103448276,long,0.5258620689655172,0.0093494161129036
has_iran,116,0.0016507589055234342,0.0020579719070630276,0.016084563578781318,0.5258620689655172,0.47413793103448276,long,0.5258620689655172,0.0093494161129036
tariff_heavy&volume_spike,27,0.0031713689087304463,0.0043667692533782,0.020136717051406718,0.5555555555555556,0.4444444444444444,long,0.5555555555555556,0.009154953465775665
has_tariff&exclamation_heavy,311,0.0009752550715241854,0.002078804093960329,0.016764871672731618,0.5273311897106109,0.47266881028938906,long,0.5273311897106109,0.009069469213994348
china_streak_3d&volume_drop,21,0.002947775689648414,0.00506779901083676,0.01572745062458639,0.6666666666666666,0.3333333333333333,long,0.6666666666666666,0.00900560348637634
posts_low&high_emotion,56,0.002244282935889935,0.003022029239313939,0.0160692761638354,0.5357142857142857,0.4642857142857143,long,0.5357142857142857,0.00899714766973209
has_deal&uppercase_phrase_heavy,26,0.0032554639686154965,0.004446541991638631,0.026541609665332044,0.5384615384615384,0.46153846153846156,long,0.5384615384615384,0.008938286162490799
pre_tariff&lots_of_excl,129,-0.0014701725455229114,-0.00204079599015472,0.017427094646285397,0.46511627906976744,0.5348837209302325,short,0.5348837209302325,0.008931461776108807
attack_heavy&pre_deal,93,0.0017138978310923438,0.003788206886180312,0.01588505141858268,0.5376344086021505,0.46236559139784944,long,0.5376344086021505,0.00888614630273003
has_iran&lots_of_excl,110,0.00160244127347955,0.0020579719070630276,0.016397016189057756,0.5272727272727272,0.4727272727272727,long,0.5272727272727272,0.008861633273209732
has_all_caps&all_caps_heavy,27,0.0024230729741938134,0.008101755320392146,0.019602419702922345,0.7037037037037037,0.2962962962962963,long,0.7037037037037037,0.008860091614807067
all_caps_heavy,27,0.0024230729741938134,0.008101755320392146,0.019602419702922345,0.7037037037037037,0.2962962962962963,long,0.7037037037037037,0.008860091614807067
all_caps_heavy&lots_of_excl,27,0.0024230729741938134,0.008101755320392146,0.019602419702922345,0.7037037037037037,0.2962962962962963,long,0.7037037037037037,0.008860091614807067
all_caps_heavy&exclamation_heavy,27,0.0024230729741938134,0.008101755320392146,0.019602419702922345,0.7037037037037037,0.2962962962962963,long,0.7037037037037037,0.008860091614807067
all_caps_heavy&has_exclamation,27,0.0024230729741938134,0.008101755320392146,0.019602419702922345,0.7037037037037037,0.2962962962962963,long,0.7037037037037037,0.008860091614807067
has_night_post&all_caps_heavy,27,0.0024230729741938134,0.008101755320392146,0.019602419702922345,0.7037037037037037,0.2962962962962963,long,0.7037037037037037,0.008860091614807067
has_positive&all_caps_heavy,27,0.0024230729741938134,0.008101755320392146,0.019602419702922345,0.7037037037037037,0.2962962962962963,long,0.7037037037037037,0.008860091614807067
exclamation_heavy&volume_drop,114,0.0015895389159431912,0.0019513876852130796,0.015220445418978044,0.5175438596491229,0.4824561403508772,long,0.5175438596491229,0.008783563614213105
has_china&open_tariff,37,0.002667504708743491,0.002066017256051822,0.020452629563584804,0.5405405405405406,0.4594594594594595,long,0.5405405405405406,0.00877070145499404
tariff_rising&volume_spike,25,0.002918475075978337,0.004395478667354347,0.02047056096979765,0.6,0.4,long,0.6,0.00875542522793501
has_iran&exclamation_heavy,113,0.0015759074815996621,0.0020367614931331435,0.01619070118947322,0.5221238938053098,0.4778761061946903,long,0.5221238938053098,0.00874668542203759
has_russia&open_tariff,31,0.0034728999062427625,-0.002331066617287436,0.023329441649533496,0.45161290322580644,0.5483870967741935,long,0.45161290322580644,0.008732517311972854
positive_heavy&pre_deal,143,0.001383784333626678,0.003788206886180312,0.018346643164158793,0.5244755244755245,0.4755244755244755,long,0.5244755244755245,0.00867883944426222
has_relief&positive_heavy,86,0.0017784665570970898,0.0020579719070630276,0.02423932856192172,0.5232558139534884,0.47674418604651164,long,0.5232558139534884,0.008629964140560772
has_action&lots_of_excl,173,0.0012364438408273353,0.002078804093960329,0.018082306544820716,0.5260115606936416,0.47398843930635837,long,0.5260115606936416,0.00855446268605714
posts_high&has_action,134,0.0013908655157104973,0.002153809135676865,0.01808137327461305,0.5298507462686567,0.4701492537313433,long,0.5298507462686567,0.00853082610309086
posts_very_high&has_action,96,0.0016354973776324076,0.0032946590256427433,0.019622984371291254,0.53125,0.46875,long,0.53125,0.008513034858076158
deal_heavy&has_action,54,0.002221254901700171,0.0020921724656119967,0.021556334558155074,0.5185185185185185,0.48148148148148145,long,0.5185185185185185,0.008463686152166663
posts_low&volume_spike,38,-0.00260614643097692,-0.004040291659426709,0.024210828780123456,0.47368421052631576,0.5263157894736842,short,0.5263157894736842,0.008455455554158813
posts_low&has_positive,83,0.001782348997729928,0.00204079599015472,0.013751095532393476,0.5180722891566265,0.4819277108433735,long,0.5180722891566265,0.008412443407505249
has_tariff&has_deal,166,0.001247977828525883,0.0020513311795966604,0.01758219699999679,0.5180722891566265,0.4819277108433735,long,0.5180722891566265,0.008330120370049822
has_deal&open_tariff,41,0.00280721017044803,-0.0027247568192468874,0.02011378695075558,0.4634146341463415,0.5365853658536586,long,0.4634146341463415,0.008329838881885654
has_relief&lots_of_excl,89,0.0016584881256646007,0.0020791823209929117,0.02384809674415195,0.5280898876404494,0.47191011235955055,long,0.5280898876404494,0.008262571316934931
has_night_post&tariff_streak_3d,56,0.002049939152638145,0.0020898062360751313,0.019944415929753073,0.5357142857142857,0.4642857142857143,long,0.5357142857142857,0.008218039256684602
has_tariff&lots_of_excl,297,0.0009018039992033753,0.0020791823209929117,0.016829537029630446,0.5286195286195287,0.4713804713804714,long,0.5286195286195287,0.008215492143703073
all_caps_heavy&short_posts,24,0.00236694254761916,0.006918892640826457,0.020297884324900477,0.7083333333333334,0.2916666666666667,long,0.7083333333333334,0.008213552113879474
has_all_caps&volume_spike,50,0.0019838172963475963,0.007824034196842744,0.021448857612482393,0.58,0.42,long,0.58,0.008136069844718779
has_russia&volume_drop,24,0.00284679110011464,0.007113930707195237,0.015170320223928923,0.5833333333333334,0.4166666666666667,long,0.5833333333333334,0.008135383199506793
posts_high&open_tariff,48,0.002450516197644861,-0.0016061617968080033,0.02052974140267431,0.4791666666666667,0.5208333333333334,long,0.4791666666666667,0.008135135571591842
lots_of_excl&volume_drop,84,0.0016409300139813446,0.0028115032275869423,0.01577356472049187,0.5357142857142857,0.4642857142857143,long,0.5357142857142857,0.008056806427708346
posts_low&short_posts,112,0.001437387307095517,0.002666595135955463,0.017818168751448656,0.5267857142857143,0.4732142857142857,long,0.5267857142857143,0.008013399706538514
has_china&tariff_rising,53,0.0018116126850449695,0.0043667692533782,0.019302008255511927,0.6037735849056604,0.39622641509433965,long,0.6037735849056604,0.007963012482380025
has_tariff,321,0.0008319260486538614,0.002066017256051822,0.016710895052963855,0.5264797507788161,0.4735202492211838,long,0.5264797507788161,0.007847275703474935
has_tariff&has_exclamation,321,0.0008319260486538614,0.002066017256051822,0.016710895052963855,0.5264797507788161,0.4735202492211838,long,0.5264797507788161,0.007847275703474935
has_tariff&has_positive,318,0.0008285883884266666,0.0020724106750060756,0.016765743069507025,0.5283018867924528,0.4716981132075472,long,0.5283018867924528,0.007806108163285778
has_china&has_iran,46,0.001951766961697072,0.00505387622141118,0.018365896522755297,0.5869565217391305,0.41304347826086957,long,0.5869565217391305,0.007769853147360146
open_tariff&has_night_post,62,0.002029289682167649,-0.0016061617968080033,0.01946681213706252,0.4838709677419355,0.5161290322580645,long,0.4838709677419355,0.00773160142066403
has_tariff&uppercase_phrase_heavy,24,0.0027052746908801015,0.004984948050998028,0.023837963927827232,0.5833333333333334,0.4166666666666667,long,0.5833333333333334,0.007730966374508698
has_relief&attack_heavy,50,0.0020163197290258774,0.004610908900432142,0.022553203546325867,0.54,0.46,long,0.54,0.0076990681085458675
deal_heavy&attack_heavy,85,0.0016129173767542298,0.0021737847686011946,0.017361911305031008,0.5176470588235295,0.4823529411764706,long,0.5176470588235295,0.007697599909185142
open_tariff&has_uppercase_phrase,28,0.003112830318164228,-0.001641286622887872,0.023697620678652585,0.4642857142857143,0.5357142857142857,long,0.4642857142857143,0.007647505260018569
pre_relief&deal_over_tariff,20,0.0028494260703882113,0.007065176033051679,0.031234367109398392,0.6,0.4,long,0.6,0.00764581246829777
posts_high&tariff_rising,59,0.0018234531860933773,0.0043478158736534045,0.01732058189621163,0.5423728813559322,0.4576271186440678,long,0.5423728813559322,0.007596588304704331
has_relief&has_attack,78,0.0017005071603931339,0.00019611873250668932,0.025181684940363398,0.5,0.5,long,0.5,0.007509236296035186
tariff_heavy&has_deal,39,0.0023228473969222883,0.002012245993773254,0.018734983588472358,0.5128205128205128,0.48717948717948717,long,0.5128205128205128,0.007439065304802369
deal_heavy&has_all_caps,49,0.0019187952735727262,0.0039060904703696053,0.02070067703663473,0.5510204081632653,0.4489795918367347,long,0.5510204081632653,0.007401067483780515
posts_very_high&has_relief,50,0.002010322087343153,0.004610908900432142,0.028828991396723222,0.52,0.48,long,0.52,0.00739186437771308
short_posts&china_streak_3d,42,0.002081485561640189,0.0026388278126764364,0.019604879181790793,0.5476190476190477,0.4523809523809524,long,0.5476190476190477,0.007387144486352574
open_tariff&short_posts,30,0.002692512917162071,0.00047525439810214287,0.01881613989949222,0.5,0.5,long,0.5,0.007373750305518525
has_positive&open_tariff,70,0.001713637770784634,0.0018804468863856671,0.01874645666023606,0.5142857142857142,0.4857142857142857,long,0.5142857142857142,0.007373480002840111
has_tariff&volume_drop,22,-0.0024648293035471032,-0.003978872676249523,0.013374378520768603,0.36363636363636365,0.6363636363636364,short,0.6363636363636364,0.007357047224947599
open_deal&deal_only,45,0.002054575589393247,0.004007975606506564,0.02311424563728837,0.5333333333333333,0.4666666666666667,long,0.5333333333333333,0.007350673092471995
all_caps_heavy&has_uppercase_phrase,26,0.002076708162905232,0.006918892640826457,0.019906188352904926,0.6923076923076923,0.3076923076923077,long,0.6923076923076923,0.007330967616940061
posts_high&china_streak_3d,48,0.002108633454754448,-4.692351992396926e-05,0.019498563472865826,0.5,0.5,long,0.5,0.007304520556348387
posts_high&tariff_heavy,49,0.0020271643177404604,0.001893965391806196,0.017328132267028576,0.5102040816326531,0.4897959183673469,long,0.5102040816326531,0.007239872563358787
deal_over_tariff&volume_drop,25,0.0023879131489113314,0.007936358819616851,0.016889590101654396,0.6,0.4,long,0.6,0.007163739446733994
has_market_brag&tariff_rising,37,0.0021754307510696382,0.0043478158736534045,0.019909630791990235,0.5405405405405406,0.4594594594594595,long,0.5405405405405406,0.007152772248575627
positive_heavy&open_tariff,63,0.001768947062365302,0.0016948765167195123,0.01944067595898416,0.5079365079365079,0.49206349206349204,long,0.5079365079365079,0.0071317242048866344
tariff_heavy&lots_of_excl,59,0.0017538152606318216,0.002012245993773254,0.01623630717815818,0.5254237288135594,0.4745762711864407,long,0.5254237288135594,0.007078146264139406
open_tariff,71,0.0016566701033469994,0.0016948765167195123,0.01861826069476874,0.5070422535211268,0.49295774647887325,long,0.5070422535211268,0.007077980492389204
open_tariff&exclamation_heavy,71,0.0016566701033469994,0.0016948765167195123,0.01861826069476874,0.5070422535211268,0.49295774647887325,long,0.5070422535211268,0.007077980492389204
open_tariff&has_exclamation,71,0.0016566701033469994,0.0016948765167195123,0.01861826069476874,0.5070422535211268,0.49295774647887325,long,0.5070422535211268,0.007077980492389204
has_tariff&open_tariff,71,0.0016566701033469994,0.0016948765167195123,0.01861826069476874,0.5070422535211268,0.49295774647887325,long,0.5070422535211268,0.007077980492389204
has_action&has_night_post,182,0.000994300506505129,0.0020577827935467363,0.018011124246319846,0.521978021978022,0.47802197802197804,long,0.521978021978022,0.0070017334245257795
posts_high&has_relief,69,0.0016062945500912207,0.0020791823209929117,0.025646452628299676,0.5217391304347826,0.4782608695652174,long,0.5217391304347826,0.006961505029911124
deal_heavy&open_tariff,25,0.0028766319639836,-0.003831681486613725,0.022179270869718614,0.48,0.52,long,0.48,0.006903916713560641
positive_heavy&open_deal,71,0.0016039082564672713,0.0019012385454943992,0.022446996177432437,0.5070422535211268,0.49295774647887325,long,0.5070422535211268,0.006852560040723746
has_relief&pre_tariff,20,-0.003063000172903929,-4.7380004102426376e-05,0.01680245973995066,0.5,0.5,short,0.5,0.0068490766017067954
posts_very_high&tariff_heavy,30,0.002481539123570627,0.0003296303611644569,0.018647735612247345,0.5,0.5,long,0.5,0.006795974776556161
has_action&attack_heavy,102,0.0012696394872447456,0.002703878085416167,0.01728186926942335,0.5294117647058824,0.47058823529411764,long,0.5294117647058824,0.006788504261312367
has_action&has_exclamation,185,0.0009464629507314295,0.002078804093960329,0.01808419647484879,0.5243243243243243,0.4756756756756757,long,0.5243243243243243,0.006749777986283641
deal_heavy&pre_action,27,0.002331207471801073,0.008101755320392146,0.023567747624099505,0.5555555555555556,0.4444444444444444,long,0.5555555555555556,0.006729616306906083
open_tariff&lots_of_excl,69,0.0015855986155234845,0.0016948765167195123,0.01885293776162468,0.5072463768115942,0.4927536231884058,long,0.5072463768115942,0.006680927469349324
short_posts&tariff_streak_3d,22,0.002609788107641539,0.002551896261856479,0.02689644119631891,0.5454545454545454,0.45454545454545453,long,0.5454545454545454,0.006676904329026348
tariff_heavy&has_market_brag,24,0.0025113857063752457,0.0031447220295802714,0.021409679041502264,0.5416666666666666,0.4583333333333333,long,0.5416666666666666,0.006664247988599987
has_iran&short_posts,44,0.0017662765556814943,0.0053866665146515835,0.017404051981792103,0.5681818181818182,0.4318181818181818,long,0.5681818181818182,0.006656905239996357
has_positive&volume_drop,129,0.0011433224835499637,0.002207898853706647,0.01385400445934021,0.5116279069767442,0.4883720930232558,long,0.5116279069767442,0.006643819491302589
has_market_brag&open_tariff,20,0.002469407432416015,0.006342575477497281,0.023423230713515947,0.6,0.4,long,0.6,0.0066261154596305135
has_tariff&pre_action,40,0.001994664546504121,0.003334035770780619,0.021093663188989302,0.525,0.475,long,0.525,0.006623067291686868
has_attack&open_tariff,60,0.0018307128222158464,-0.0020927946056690794,0.019464785172799204,0.4666666666666667,0.5333333333333333,long,0.4666666666666667,0.0066176322539883295
has_night_post&tariff_rising,99,0.0012235252623668989,0.0020835473781082303,0.017266932659874334,0.5353535353535354,0.46464646464646464,long,0.5353535353535354,0.006517352529999516
posts_very_high&has_iran,55,0.0017071660200603618,0.0021051626102310816,0.01768965493411485,0.509090909090909,0.4909090909090909,long,0.509090909090909,0.00644543813718905
volume_spike,169,0.0008999659036654573,0.0038462334616071736,0.022359600273978788,0.5443786982248521,0.4556213017751479,long,0.5443786982248521,0.006368989472094006
has_relief&volume_spike,30,-0.00215596548622519,-0.004625823946985574,0.031533116824923976,0.4666666666666667,0.5333333333333333,short,0.5333333333333333,0.006297978293376694
has_action&has_positive,181,0.0008943638303786823,0.0020367614931331435,0.018262352552183385,0.5193370165745856,0.48066298342541436,long,0.5193370165745856,0.006248888757515281
has_action&has_all_caps,53,0.0015603313770701421,0.0054246279923722,0.022235447906397237,0.5471698113207547,0.4528301886792453,long,0.5471698113207547,0.006215511939134489
has_night_post&tariff_only,131,0.0009654102846129857,0.0022024556611226487,0.015731007979277952,0.549618320610687,0.45038167938931295,long,0.549618320610687,0.006073076750462302
has_night_post&china_streak_3d,72,0.0013329955276213746,0.0026162937873486225,0.01755029752138072,0.5277777777777778,0.4722222222222222,long,0.5277777777777778,0.005969611120191953
posts_high&open_deal,60,0.0015406185672362182,0.00012835725868731718,0.023417961111812154,0.5,0.5,long,0.5,0.005966790053763805
has_deal&has_iran,76,0.0012977778545929769,0.0020921724656119967,0.017540262453388814,0.5263157894736842,0.47368421052631576,long,0.5263157894736842,0.005954613178248219
open_deal&short_posts,44,0.0017649501636239856,0.0002303192910556584,0.024270099519754423,0.5,0.5,long,0.5,0.00585367746641713
has_relief&has_all_caps,26,-0.0022755092395043398,0.00206457247435754,0.023092794406877806,0.5,0.5,short,0.5,0.005801433007796653
lots_of_excl&tariff_rising,102,0.001105334468917969,0.0020919833520957054,0.0166525477851245,0.5196078431372549,0.4803921568627451,long,0.5196078431372549,0.005800554305402738
high_emotion&has_exclamation,38,0.0016974992782703307,0.0030071734787248117,0.01607528060349451,0.5526315789473685,0.4473684210526316,long,0.5526315789473685,0.0057827856510785924
brag_heavy&has_uppercase_phrase,20,0.0018206248392055313,0.007139611307679039,0.019215559756942446,0.7,0.3,long,0.7,0.005699457262783468
has_action,187,0.0008033146710058201,0.0020367614931331435,0.018047688002520327,0.5187165775401069,0.48128342245989303,long,0.5187165775401069,0.005698186107992151
positive_heavy&uppercase_phrase_heavy,36,0.0017953339053002953,0.004886221933012802,0.02518322226437745,0.5277777777777778,0.4722222222222222,long,0.5277777777777778,0.005685224033450936
open_deal&deal_over_tariff,68,0.0013375554841869618,0.0029036645079320023,0.022066588703894118,0.5147058823529411,0.4852941176470588,long,0.5147058823529411,0.005677084969116046
posts_very_high&open_deal,46,0.001742044110714665,-0.0017728146094365127,0.025104773213581035,0.4782608695652174,0.5217391304347826,long,0.4782608695652174,0.0056507086106215455
attack_heavy&open_deal,47,-0.0016087138274437475,-0.0019011051907532606,0.018127753310507335,0.48936170212765956,0.5106382978723404,short,0.5106382978723404,0.005631720690303063
has_attack&tariff_only,112,0.0009452865220298683,0.0022964048512211788,0.016572280908667514,0.5625,0.4375,long,0.5625,0.005627234373732476
attack_heavy&pre_tariff,64,-0.001308934025853227,-0.0019329557446893797,0.017022478915069614,0.46875,0.53125,short,0.53125,0.005562969609876215
has_exclamation&volume_spike,147,0.0008420182446283723,0.0040900356238469104,0.022958593678402958,0.54421768707483,0.4557823129251701,long,0.54421768707483,0.005555879545128766
pre_deal&has_uppercase_phrase,68,0.0012618236751494349,0.003597697321680249,0.016202425440674666,0.5294117647058824,0.47058823529411764,long,0.5294117647058824,0.005508669487284197
has_action&has_china,86,0.0011578692644435937,0.0020217409404308384,0.02010734251887886,0.5116279069767442,0.4883720930232558,long,0.5116279069767442,0.005493675166847037
posts_low&has_night_post,90,0.0011303966204682732,0.0021243474219306835,0.018542452005050045,0.5111111111111111,0.4888888888888889,long,0.5111111111111111,0.005481096236056204
attack_heavy&tariff_rising,46,-0.0014868856486265395,-0.0020112380391073548,0.018027404068264065,0.45652173913043476,0.5434782608695652,short,0.5434782608695652,0.0054807332153035
attack_heavy&uppercase_phrase_heavy,33,0.0017436612339647775,0.004545268109623857,0.022434068167243436,0.5454545454545454,0.45454545454545453,long,0.5454545454545454,0.005463584287009345
has_action&short_posts,102,0.0009850446255975948,0.0028018143572670073,0.018897562009174456,0.5490196078431373,0.45098039215686275,long,0.5490196078431373,0.005461901288243885
has_action&exclamation_heavy,179,0.0007855910934845892,0.0020367614931331435,0.01820797213013745,0.5195530726256983,0.48044692737430167,long,0.5195530726256983,0.0054607586719608615
short_posts&tariff_only,72,0.0011406970496058001,0.002997678171203111,0.014924930816392753,0.5555555555555556,0.4444444444444444,long,0.5555555555555556,0.005377297460371659
pre_action&has_exclamation,83,0.001073649438980279,0.0022725928742068913,0.01963671730965422,0.5421686746987951,0.4578313253012048,long,0.5421686746987951,0.005303175127110744
has_tariff&deal_heavy,87,0.0010956411259661191,0.0020791823209929117,0.019335865549989652,0.5172413793103449,0.4827586206896552,long,0.5172413793103449,0.005285927631744323
high_emotion&short_posts,59,0.0013354196569870266,0.0026883369557597625,0.016962978532302418,0.5084745762711864,0.4915254237288136,long,0.5084745762711864,0.00521570492536579
uppercase_phrase_heavy&deal_over_tariff,20,0.002301359080013671,0.001510431464745332,0.02915846122110315,0.5,0.5,long,0.5,0.005145995343546946
has_positive&pre_action,80,0.0010540880160311212,0.0023182069594799293,0.019978968731669298,0.5375,0.4625,long,0.5375,0.005067576784943971
sig_potus&short_posts,28,-0.0017797717050450396,-0.0018884133098763245,0.01596197963684261,0.4642857142857143,0.5357142857142857,short,0.5357142857142857,0.005045178559305617
has_attack&tariff_streak_3d,49,0.0014057736154357559,0.0019012385454943992,0.020632277051171884,0.5102040816326531,0.4897959183673469,long,0.5102040816326531,0.0050206200551277
posts_very_high&uppercase_phrase_heavy,35,0.0017335952710732976,-0.001154653814026796,0.024625398291925126,0.4857142857142857,0.5142857142857142,long,0.4857142857142857,0.004981528425704434
pre_deal&sig_potus,20,-0.0022038251297943844,-0.001703071861906269,0.01871423953078844,0.5,0.5,short,0.5,0.0049279028007425405
pre_tariff&open_tariff,20,-0.0018342313292490809,-0.002391213299418049,0.020392121269057803,0.4,0.6,short,0.6,0.004921759126392891
tariff_heavy&attack_heavy,35,0.0015968694551335347,0.004098242366852967,0.01821752062489237,0.5142857142857142,0.4857142857142857,long,0.5142857142857142,0.0048585636513076135
has_china&uppercase_phrase_heavy,33,0.0015413758794281798,0.004545268109623857,0.024010796040991787,0.5454545454545454,0.45454545454545453,long,0.5454545454545454,0.004829743800675177
has_iran&pre_deal,40,0.0014443512377745715,0.002866985149868162,0.017433749653197616,0.525,0.475,long,0.525,0.004795811635283629
pre_action&has_night_post,84,0.0009748107786649822,0.0022474051302776576,0.019539075677194855,0.5357142857142857,0.4642857142857143,long,0.5357142857142857,0.00478622590874049
has_deal&volume_drop,31,0.0015621498032032065,0.003012077663265611,0.016037271720869696,0.5483870967741935,0.45161290322580644,long,0.5483870967741935,0.00476969658266144
has_all_caps&uppercase_phrase_heavy,37,0.0014470156928611518,0.004545268109623857,0.024939493975041763,0.5405405405405406,0.4594594594594595,long,0.5405405405405406,0.004757758290426665
has_relief&has_china,37,0.0013047818893059994,0.005890868390585835,0.02534435225639377,0.5945945945945946,0.40540540540540543,long,0.5945945945945946,0.0047191060676380955
has_action&uppercase_phrase_heavy,26,0.0018373225944496863,0.002134987089172702,0.02736901117018141,0.5,0.5,long,0.5,0.004684271880931936
has_tariff&deal_over_tariff,60,0.001163187498158739,0.002933694603586612,0.020918211527960997,0.5166666666666667,0.48333333333333334,long,0.5166666666666667,0.004655172669181649
has_relief&has_russia,39,0.0012605548138505617,0.005890868390585835,0.019911359803586357,0.5897435897435898,0.41025641025641024,long,0.5897435897435898,0.004642557247576133
tariff_heavy&has_exclamation,60,0.0011547881978655693,0.001953105692789725,0.01675349456036316,0.5166666666666667,0.48333333333333334,long,0.5166666666666667,0.0046215579740212336
tariff_heavy&has_positive,60,0.0011547881978655693,0.001953105692789725,0.01675349456036316,0.5166666666666667,0.48333333333333334,long,0.5166666666666667,0.0046215579740212336
tariff_heavy,60,0.0011547881978655693,0.001953105692789725,0.01675349456036316,0.5166666666666667,0.48333333333333334,long,0.5166666666666667,0.0046215579740212336
has_tariff&tariff_heavy,60,0.0011547881978655693,0.001953105692789725,0.01675349456036316,0.5166666666666667,0.48333333333333334,long,0.5166666666666667,0.0046215579740212336
tariff_heavy&exclamation_heavy,60,0.0011547881978655693,0.001953105692789725,0.01675349456036316,0.5166666666666667,0.48333333333333334,long,0.5166666666666667,0.0046215579740212336
has_relief&pre_deal,30,0.0016816735023569137,0.0020039312846555912,0.024265841246103297,0.5,0.5,long,0.5,0.004605452557997994
has_exclamation&china_streak_3d,79,0.0009558375631647716,0.0026109287919082735,0.01760144677265341,0.5316455696202531,0.46835443037974683,long,0.5316455696202531,0.004516685365782654
china_streak_3d,79,0.0009558375631647716,0.0026109287919082735,0.01760144677265341,0.5316455696202531,0.46835443037974683,long,0.5316455696202531,0.004516685365782654
open_deal&has_night_post,75,0.0009914434032451188,0.0019012385454943992,0.022246959727011028,0.5066666666666667,0.49333333333333335,long,0.5066666666666667,0.004350316879698846
pre_deal&open_deal,29,0.0015595392494195583,0.0039060904703696053,0.025432764931138968,0.5172413793103449,0.4827586206896552,long,0.5172413793103449,0.004343987524820258
open_deal&lots_of_excl,77,0.0009972091074240022,-0.0016445240281197648,0.022018896979300873,0.4935064935064935,0.5064935064935064,long,0.4935064935064935,0.004318415939847932
has_relief&has_market_brag,22,0.0013491662163367744,0.006096699817628282,0.020521704157731666,0.6818181818181818,0.3181818181818182,long,0.6818181818181818,0.004314648057086832
has_attack&uppercase_phrase_heavy,40,0.0012975422530130064,0.004446541991638631,0.023993822132820693,0.525,0.475,long,0.525,0.004308348323818957
has_uppercase_phrase&volume_spike,83,-0.0009072843243384593,-0.002283053264789281,0.02300974356597711,0.4819277108433735,0.5180722891566265,short,0.5180722891566265,0.004282257875834059
tariff_rising,113,0.0007777190536661307,0.00204079599015472,0.016908873954937547,0.5132743362831859,0.48672566371681414,long,0.5132743362831859,0.004243375952434978
has_exclamation&tariff_rising,113,0.0007777190536661307,0.00204079599015472,0.016908873954937547,0.5132743362831859,0.48672566371681414,long,0.5132743362831859,0.004243375952434978
has_positive&tariff_rising,113,0.0007777190536661307,0.00204079599015472,0.016908873954937547,0.5132743362831859,0.48672566371681414,long,0.5132743362831859,0.004243375952434978
has_tariff&tariff_rising,113,0.0007777190536661307,0.00204079599015472,0.016908873954937547,0.5132743362831859,0.48672566371681414,long,0.5132743362831859,0.004243375952434978
exclamation_heavy&tariff_only,148,0.0006334445120479681,0.0020965301109669987,0.015681911519820717,0.5405405405405406,0.4594594594594595,long,0.5405405405405406,0.004165505451792886
deal_heavy&volume_spike,51,0.0011342883276314684,0.0021737847686011946,0.021375973984632615,0.5098039215686274,0.49019607843137253,long,0.5098039215686274,0.004129635522292237
posts_high&has_iran,81,0.0009055665009989593,0.0019646777869013476,0.01656681622978571,0.5061728395061729,0.49382716049382713,long,0.5061728395061729,0.004125358504550815
attack_heavy&tariff_only,52,-0.001176288269339512,0.0018408622504531014,0.016426344107726372,0.5192307692307693,0.4807692307692308,short,0.4807692307692308,0.004078045836375391
open_deal&has_exclamation,82,0.0008984855327310967,0.00012835725868731718,0.02146424289826376,0.5,0.5,long,0.5,0.004068066269962326
has_deal&open_deal,82,0.0008984855327310967,0.00012835725868731718,0.02146424289826376,0.5,0.5,long,0.5,0.004068066269962326
open_deal,82,0.0008984855327310967,0.00012835725868731718,0.02146424289826376,0.5,0.5,long,0.5,0.004068066269962326
has_positive&open_deal,80,0.0009048606043146695,0.00012835725868731718,0.02169886561143506,0.5,0.5,long,0.5,0.0040466596428182814
posts_very_high&pre_relief,22,-0.0017149805727461507,0.0019453315777800961,0.031633322815684435,0.5,0.5,short,0.5,0.004021985953099778
has_china&pre_deal,82,0.0008254615095131852,0.005218068250104846,0.017114055258191156,0.5365853658536586,0.4634146341463415,long,0.5365853658536586,0.0040109068653098505
has_tariff&sig_potus,30,-0.0013720241331133438,-0.002130111011690916,0.01592221499162909,0.4666666666666667,0.5333333333333333,short,0.5333333333333333,0.004007939024787462
has_uppercase_phrase&volume_drop,30,0.0012677326409225253,0.003235349982342095,0.014342991110617782,0.5666666666666667,0.43333333333333335,long,0.5666666666666667,0.0039347393311402286
exclamation_heavy&tariff_rising,110,0.0007337100623928782,0.002026520991963987,0.01709384333481325,0.509090909090909,0.4909090909090909,long,0.509090909090909,0.0039175645367300884
posts_high&tariff_streak_3d,30,0.0013973026363952108,0.00022602494820300745,0.02629038103142318,0.5,0.5,long,0.5,0.0038266708680754803
has_action&positive_heavy,150,0.0006102812257330522,0.0020007196400172456,0.018846612279623975,0.5066666666666667,0.49333333333333335,long,0.5066666666666667,0.003787023260037184
tariff_only&tariff_rising,55,0.0009619007679544277,0.0022268981795330323,0.017471056880009748,0.5272727272727272,0.4727272727272727,long,0.5272727272727272,0.00376137751965734
has_iran&pre_tariff,23,-0.0015003498273731023,-0.004405407706212117,0.01756896927288871,0.4782608695652174,0.5217391304347826,short,0.5217391304347826,0.003754134781624028
has_action&pre_action,85,0.0007557306003310243,0.002222217386348424,0.019527165762969367,0.5294117647058824,0.47058823529411764,long,0.5294117647058824,0.003688672165140982
pre_action,85,0.0007557306003310243,0.002222217386348424,0.019527165762969367,0.5294117647058824,0.47058823529411764,long,0.5294117647058824,0.003688672165140982
lots_of_excl&china_streak_3d,71,0.0008386363002261997,0.0020878976117029158,0.01746200716263948,0.5211267605633803,0.4788732394366197,long,0.5211267605633803,0.003682529262314828
lots_of_excl&tariff_streak_3d,61,0.0009254425846201541,0.0019012385454943992,0.01981240891239736,0.5081967213114754,0.4918032786885246,long,0.5081967213114754,0.003673214213845787
has_attack&open_deal,72,0.0008679509304960723,-0.0017728146094365127,0.022145476206987688,0.4861111111111111,0.5138888888888888,long,0.4861111111111111,0.003580114934030521
has_positive&china_streak_3d,78,0.0007631971916660751,0.0023494132018055947,0.017631354404005872,0.5256410256410257,0.47435897435897434,long,0.5256410256410257,0.0035430176758533076
has_exclamation&tariff_streak_3d,68,0.0008582136535805245,0.00022602494820300745,0.019027865913727668,0.5,0.5,long,0.5,0.0035385055430597464
tariff_streak_3d,68,0.0008582136535805245,0.00022602494820300745,0.019027865913727668,0.5,0.5,long,0.5,0.0035385055430597464
has_market_brag&tariff_only,33,0.0010695748142469754,0.0022024556611226487,0.018716603696580514,0.5757575757575758,0.42424242424242425,long,0.5757575757575758,0.003537592454133924
has_action&pre_tariff,37,-0.0012654859633820814,0.0020791823209929117,0.017842543856652255,0.5405405405405406,0.4594594594594595,short,0.4594594594594595,0.0035367583840956967
has_tariff&has_action,81,0.0007701104671308026,0.002078804093960329,0.01914255626448635,0.5061728395061729,0.49382716049382713,long,0.5061728395061729,0.003508281016929212
posts_high&tariff_only,70,0.0007704943471968785,0.0020482105264644224,0.01568331276651862,0.5428571428571428,0.45714285714285713,long,0.5428571428571428,0.0034994841709805186
sig_potus&lots_of_excl,57,-0.00084167190652408,-0.001785855810635839,0.014286405229730672,0.45614035087719296,0.543859649122807,short,0.543859649122807,0.0034559471900936834
has_positive&tariff_streak_3d,65,0.0008678078160913551,-0.0014491886490883843,0.01938264485711929,0.49230769230769234,0.5076923076923077,long,0.49230769230769234,0.0034444259885866193
tariff_heavy&positive_heavy,53,0.0009208228024212535,0.001893965391806196,0.01727006747164496,0.5094339622641509,0.49056603773584906,long,0.5094339622641509,0.003415087964809682
open_tariff&tariff_rising,31,0.0013356394480760418,-0.0020576697795892107,0.01974871156309332,0.45161290322580644,0.5483870967741935,long,0.45161290322580644,0.0033584309705880135
open_deal&exclamation_heavy,80,0.0007654738455442983,-0.0017728146094365127,0.02171448930585595,0.4875,0.5125,long,0.4875,0.00333772052958869
has_china&pre_tariff,65,-0.0008381324160936697,0.002078804093960329,0.017453635925842134,0.5076923076923077,0.49230769230769234,short,0.49230769230769234,0.003326641016985291
attack_heavy&sig_potus,29,-0.0011918723426418995,-0.001785855810635839,0.0168896838325911,0.4827586206896552,0.5172413793103449,short,0.5172413793103449,0.0033198770659614387
has_tariff&has_uppercase_phrase,119,-0.0005808559108023459,-0.0019231030569287766,0.01750072001571446,0.4789915966386555,0.5210084033613446,short,0.5210084033613446,0.003301312390619272
uppercase_phrase_heavy&volume_spike,22,-0.0012893006128513287,-0.0023662557158631303,0.02763031130774973,0.45454545454545453,0.5454545454545454,short,0.5454545454545454,0.0032985577710915696
has_market_brag&tariff_streak_3d,23,-0.0014378712412637734,0.0020878976117029158,0.018892440085968888,0.5217391304347826,0.4782608695652174,short,0.4782608695652174,0.003297985672977979
has_market_brag&volume_drop,21,0.0013679632513220622,0.0026109287919082735,0.01260755332413298,0.5238095238095238,0.47619047619047616,long,0.5238095238095238,0.0032836546008625594
exclamation_heavy&tariff_streak_3d,64,0.0008164670008946537,0.00022602494820300745,0.019350070975600677,0.5,0.5,long,0.5,0.0032658680035786147
lots_of_excl&tariff_only,137,0.0005092055892325946,0.0022024556611226487,0.016121233230047962,0.5474452554744526,0.45255474452554745,long,0.5474452554744526,0.0032628277088478197
has_russia&sig_potus,35,0.0009509215348048462,0.0037879816743358052,0.01620990791175871,0.5714285714285714,0.42857142857142855,long,0.5714285714285714,0.0032147015242131476
has_night_post&sig_potus,59,-0.0007636807434480405,-0.001785855810635839,0.014356017013080797,0.4576271186440678,0.5423728813559322,short,0.5423728813559322,0.0031815284584488426
has_tariff&has_relief,43,-0.0009448404175188268,-0.0021739423291977644,0.019912277642441894,0.4883720930232558,0.5116279069767442,short,0.5116279069767442,0.003169909883009812
positive_heavy&sig_potus,52,-0.000802063680012269,-0.0019568876211923936,0.014625247195514198,0.46153846153846156,0.5384615384615384,short,0.5384615384615384,0.0031143341648155447
has_deal&sig_potus,27,-0.0010291600916039613,-0.0022574833291647556,0.0175802747661045,0.4444444444444444,0.5555555555555556,short,0.5555555555555556,0.002970929279633835
attack_heavy&open_tariff,39,0.0010272430173516982,-0.0020576697795892107,0.021708274868146624,0.46153846153846156,0.5384615384615384,long,0.46153846153846156,0.0029608295017985015
sig_potus,61,-0.0006885452184962779,-0.001785855810635839,0.01429679164925402,0.45901639344262296,0.5409836065573771,short,0.5409836065573771,0.0029092529884762594
sig_potus&has_exclamation,61,-0.0006885452184962779,-0.001785855810635839,0.01429679164925402,0.45901639344262296,0.5409836065573771,short,0.5409836065573771,0.0029092529884762594
pre_relief&has_uppercase_phrase,21,0.0009500543279821987,0.006263058125149712,0.031937720939590984,0.6666666666666666,0.3333333333333333,long,0.6666666666666666,0.0029024639148658845
has_market_brag&pre_action,22,0.0010205889334350808,0.007139611307679039,0.02349854201583868,0.5909090909090909,0.4090909090909091,long,0.5909090909090909,0.0028286737922685796
pre_action&exclamation_heavy,79,0.0005919448847038324,0.002222217386348424,0.01987339933486546,0.5316455696202531,0.46835443037974683,long,0.5316455696202531,0.002797158116740394
has_tariff&pre_deal,89,0.00057285341158196,0.003788206886180312,0.019090964127050393,0.5056179775280899,0.4943820224719101,long,0.5056179775280899,0.002732505308240798
uppercase_phrase_heavy,45,0.0007858113670781474,0.0043478158736534045,0.023387185619352827,0.5111111111111111,0.4888888888888889,long,0.5111111111111111,0.0026942623725607923
has_positive&uppercase_phrase_heavy,45,0.0007858113670781474,0.0043478158736534045,0.023387185619352827,0.5111111111111111,0.4888888888888889,long,0.5111111111111111,0.0026942623725607923
uppercase_phrase_heavy&exclamation_heavy,45,0.0007858113670781474,0.0043478158736534045,0.023387185619352827,0.5111111111111111,0.4888888888888889,long,0.5111111111111111,0.0026942623725607923
uppercase_phrase_heavy&lots_of_excl,45,0.0007858113670781474,0.0043478158736534045,0.023387185619352827,0.5111111111111111,0.4888888888888889,long,0.5111111111111111,0.0026942623725607923
has_night_post&uppercase_phrase_heavy,45,0.0007858113670781474,0.0043478158736534045,0.023387185619352827,0.5111111111111111,0.4888888888888889,long,0.5111111111111111,0.0026942623725607923
uppercase_phrase_heavy&has_exclamation,45,0.0007858113670781474,0.0043478158736534045,0.023387185619352827,0.5111111111111111,0.4888888888888889,long,0.5111111111111111,0.0026942623725607923
has_uppercase_phrase&uppercase_phrase_heavy,45,0.0007858113670781474,0.0043478158736534045,0.023387185619352827,0.5111111111111111,0.4888888888888889,long,0.5111111111111111,0.0026942623725607923
has_action&has_iran,35,0.0007419385879118183,0.0020791823209929117,0.019950483528447943,0.6,0.4,long,0.6,0.0026336207281479514
tariff_heavy&deal_heavy,29,0.0010844356012312893,-0.0035778576176994648,0.02079407727704684,0.4482758620689655,0.5517241379310345,long,0.4482758620689655,0.0026178702641244246
pre_deal&open_tariff,26,0.001101932017193488,-0.0024931676503202604,0.021261059267974274,0.46153846153846156,0.5384615384615384,long,0.46153846153846156,0.002593279780764118
has_tariff&tariff_only,155,0.0003863480134360836,0.0020878976117029158,0.01576917997768253,0.535483870967742,0.4645161290322581,long,0.535483870967742,0.0025756741942220412
tariff_only,155,0.0003863480134360836,0.0020878976117029158,0.01576917997768253,0.535483870967742,0.4645161290322581,long,0.535483870967742,0.0025756741942220412
has_exclamation&tariff_only,155,0.0003863480134360836,0.0020878976117029158,0.01576917997768253,0.535483870967742,0.4645161290322581,long,0.535483870967742,0.0025756741942220412
pre_action&volume_spike,30,-0.0009997376693614928,0.004910053329863273,0.02660016270621053,0.5333333333333333,0.4666666666666667,short,0.4666666666666667,0.0025553680744523446
has_positive&tariff_only,152,0.0003705709735814697,0.0020965301109669987,0.01587147014370261,0.5394736842105263,0.4605263157894737,long,0.5394736842105263,0.002464696548532047
attack_heavy&china_streak_3d,35,0.0007978001130182306,0.0016920087707879006,0.013438336115527994,0.5142857142857142,0.4857142857142857,long,0.5142857142857142,0.002427350975784896
attack_heavy&tariff_streak_3d,22,0.0010297697117323484,-0.0010943500826680608,0.02902146803633791,0.5,0.5,long,0.5,0.002415024042449119
pre_action&lots_of_excl,76,0.0005241156852625897,0.002093447586624886,0.020170950698314042,0.5263157894736842,0.47368421052631576,long,0.5263157894736842,0.002404807691351788
uppercase_phrase_heavy&short_posts,30,0.0008772182804400249,0.0015965810298133043,0.024972151252834012,0.5,0.5,long,0.5,0.002402361200264472
has_russia&uppercase_phrase_heavy,24,0.0010492448488932892,-0.0013395294970799942,0.025057842824990347,0.4583333333333333,0.5416666666666666,long,0.4583333333333333,0.0023559382871128475
has_deal&tariff_rising,58,0.0006030639797720561,0.00042879608987322904,0.016509138516434787,0.5,0.5,long,0.5,0.0022963992191316405
has_night_post&high_emotion,43,-0.0006753057850199503,-0.002118628774845255,0.016171897272883873,0.4883720930232558,0.5116279069767442,short,0.5116279069767442,0.002265629668563353
has_china&sig_potus,29,0.0007169816460784509,0.0037879816743358052,0.01690448787447091,0.5862068965517241,0.41379310344827586,long,0.5862068965517241,0.0022633825369997133
has_deal&pre_relief,24,0.0008522851769515357,0.00419085678283182,0.0290508432875534,0.5416666666666666,0.4583333333333333,long,0.5416666666666666,0.00226163578210801
positive_heavy&tariff_rising,94,0.00046300963207067007,0.00042879608987322904,0.017773316243988,0.5,0.5,long,0.5,0.002244522467178733
tariff_heavy&has_night_post,57,0.0005830326602791013,0.001893965391806196,0.016366145853406597,0.5087719298245614,0.49122807017543857,long,0.5087719298245614,0.002239512308919605
has_positive&sig_potus,59,-0.0005363665539936437,-0.001785855810635839,0.014412001231773441,0.4576271186440678,0.5423728813559322,short,0.5423728813559322,0.002234527281631032
sig_potus&deal_over_tariff,23,0.0009667528049626938,-0.0016445240281197648,0.017045945997065173,0.4782608695652174,0.5217391304347826,long,0.4782608695652174,0.002217400841313125
tariff_heavy&tariff_only,21,-0.0010144646003826226,0.001893965391806196,0.012389675329898818,0.5238095238095238,0.47619047619047616,short,0.47619047619047616,0.0022137432481459498
positive_heavy&tariff_streak_3d,51,0.0006572712964788671,-0.001922973807398476,0.0211260765420138,0.47058823529411764,0.5294117647058824,long,0.47058823529411764,0.002208873375030305
posts_high&uppercase_phrase_heavy,41,0.0007070492151973425,-0.001154653814026796,0.02381512627707399,0.4878048780487805,0.5121951219512195,long,0.4878048780487805,0.0022084507155551115
pre_action&has_all_caps,30,0.0007001648905674599,0.005599148484603522,0.024542910445593157,0.5666666666666667,0.43333333333333335,long,0.5666666666666667,0.0021731445923759587
open_deal&has_uppercase_phrase,36,-0.000667687927306935,-0.0032494485664508743,0.024713323185127787,0.4722222222222222,0.5277777777777778,short,0.5277777777777778,0.002114345103138628
deal_heavy&has_iran,42,0.0006218352767379307,0.0020921724656119967,0.02020817898715952,0.5238095238095238,0.47619047619047616,long,0.5238095238095238,0.0021109278591558782
sig_potus&has_uppercase_phrase,31,-0.0007812342322843529,0.0017063820566021182,0.016638941148177985,0.5161290322580645,0.4838709677419355,short,0.4838709677419355,0.002104707153646302
has_china&volume_drop,36,0.0007804322186314901,-0.0020472635009045614,0.020283711722815987,0.4444444444444444,0.5555555555555556,long,0.4444444444444444,0.002081152583017307
has_attack&pre_relief,35,-0.0007218451952490839,0.0020367614931331435,0.025481575107721432,0.5142857142857142,0.4857142857142857,short,0.4857142857142857,0.00207423982926834
has_iran&has_uppercase_phrase,57,0.0005109712793762087,0.0020367614931331435,0.01777428705792859,0.5263157894736842,0.47368421052631576,long,0.5263157894736842,0.002030393979194132
has_action&has_uppercase_phrase,94,0.00039858633435489466,0.002119608577127896,0.020190579474609765,0.5212765957446809,0.4787234042553192,long,0.5212765957446809,0.002014441027238043
pre_tariff&volume_spike,46,-0.000599011306865856,0.0031360135677270806,0.01979078346234441,0.5217391304347826,0.4782608695652174,short,0.4782608695652174,0.0019430267745504698
tariff_heavy&open_tariff,26,-0.0006997700622790293,-0.002391213299418049,0.019541118885638885,0.46153846153846156,0.5384615384615384,short,0.5384615384615384,0.0019213068013939738
pre_action&short_posts,51,-0.000535559993990523,0.0019646777869013476,0.020866232152809243,0.5098039215686274,0.49019607843137253,short,0.49019607843137253,0.0018748349834677251
exclamation_heavy&china_streak_3d,74,0.00041576149971048567,0.0018899531912454082,0.017910205497525693,0.5135135135135135,0.4864864864864865,long,0.5135135135135135,0.0018365891196334562
has_china&tariff_streak_3d,28,0.0007428580584025695,-0.00168608122824343,0.026767483559636557,0.4642857142857143,0.5357142857142857,long,0.4642857142857143,0.001825030704671102
sig_potus&has_all_caps,20,-0.0008893657074916239,0.0026743476642385744,0.01880220850519373,0.55,0.45,short,0.45,0.0017898139609276189
short_posts&volume_spike,93,-0.00039983789427757755,0.004228364558063413,0.02599165922733087,0.5376344086021505,0.46236559139784944,short,0.46236559139784944,0.001782834102980888
has_night_post&volume_spike,147,0.0002721430105588412,0.003355721522868116,0.02301156924174006,0.5374149659863946,0.46258503401360546,long,0.5374149659863946,0.00177323219884765
has_relief&has_action,30,-0.0008072511166735167,0.004610908900432142,0.023127420949944136,0.6,0.4,short,0.4,0.0017685985846932794
has_china&pre_action,44,0.0005094790584732687,0.0036946528896367736,0.02050610810623412,0.5227272727272727,0.4772727272727273,long,0.5227272727272727,0.0017665577334766156
pre_tariff&tariff_rising,52,-0.0004544684599013377,-0.0020028011443901095,0.01480948999482058,0.46153846153846156,0.5384615384615384,short,0.5384615384615384,0.0017646562071981476
posts_low&has_exclamation,115,0.0003198288158884315,0.002036645103141499,0.016824574444071476,0.5043478260869565,0.4956521739130435,long,0.5043478260869565,0.0017298030700526568
has_tariff&positive_heavy,262,0.00020904912652990715,0.0015870726782515332,0.017387025208488456,0.5038167938931297,0.4961832061068702,long,0.5038167938931297,0.0017047929582224017
attack_heavy&pre_relief,25,0.0006484536512732663,0.0020367614931331435,0.02772294835558616,0.52,0.48,long,0.52,0.0016859794933104925
has_tariff&open_deal,37,-0.0005075699415877347,-0.00204079599015472,0.019491245131785875,0.4594594594594595,0.5405405405405406,short,0.5405405405405406,0.0016688796876732587
sig_potus&exclamation_heavy,59,-0.0004113198361087476,-0.0016445240281197648,0.014454863414162798,0.4745762711864407,0.5254237288135594,short,0.5254237288135594,0.001660027727362073
has_deal&china_streak_3d,31,-0.0005287684305942469,-0.00204079599015472,0.022917590888467412,0.45161290322580644,0.5483870967741935,short,0.5483870967741935,0.0016144834325447588
has_iran&has_all_caps,28,0.0004697995080664985,0.00678708192352484,0.01948279748695429,0.6428571428571429,0.35714285714285715,long,0.6428571428571429,0.0015981077113771348
posts_high&pre_tariff,84,0.00033661264228212237,0.0020921724656119967,0.016851216984422306,0.5119047619047619,0.4880952380952381,long,0.5119047619047619,0.0015792803634497022
has_attack&pre_tariff,105,-0.00030756247254236276,0.0020791823209929117,0.0176867130657003,0.5047619047619047,0.49523809523809526,short,0.49523809523809526,0.00156078124482968
has_russia&china_streak_3d,30,0.0006096630913036065,-0.0018544148090171575,0.017260812935336482,0.4666666666666667,0.5333333333333333,long,0.4666666666666667,0.0015583223953981457
has_action&tariff_rising,29,0.0005898854485589302,-0.001154653814026796,0.020581271734713472,0.4827586206896552,0.5172413793103449,long,0.4827586206896552,0.0015335456899822145
tariff_heavy&has_china,35,0.0005033784149785773,0.001893965391806196,0.019679405554989315,0.5142857142857142,0.4857142857142857,long,0.5142857142857142,0.001531556672967509
has_action&open_deal,28,0.0005226604508403296,0.005103458965311614,0.024687458860951205,0.5357142857142857,0.4642857142857143,long,0.5357142857142857,0.0014816031139847272
has_tariff&attack_heavy,139,0.00023904630009050616,0.0021051626102310816,0.017098679276348398,0.5179856115107914,0.48201438848920863,long,0.5179856115107914,0.0014598462630076095
has_russia&open_deal,34,0.00048270706189744195,0.0011307832211249202,0.023104514433928424,0.5,0.5,long,0.5,0.0014073208286130485
tariff_heavy&has_action,21,-0.0005760880173042649,-0.0020576697795892107,0.02062343974389318,0.47619047619047616,0.5238095238095238,short,0.5238095238095238,0.0013828398289900982
pre_tariff&has_all_caps,33,0.00044109259299024596,0.003384017541575801,0.01819646968196848,0.5454545454545454,0.45454545454545453,long,0.5454545454545454,0.0013821185636489284
deal_heavy&open_deal,49,0.0003944549659208998,-0.005390852780163602,0.024152006434704335,0.46938775510204084,0.5306122448979592,long,0.46938775510204084,0.0012960663165972424
pre_tariff&short_posts,54,0.0003031682823240322,0.002778901155088498,0.015516503092006825,0.5370370370370371,0.46296296296296297,long,0.5370370370370371,0.0011964233521559687
tariff_heavy&pre_deal,24,0.0005164555546106434,-0.003704769552156595,0.022163292195222204,0.4166666666666667,0.5833333333333334,long,0.4166666666666667,0.001054210486351807
positive_heavy&china_streak_3d,64,-0.0002387886237191477,-0.0019675749465999925,0.01871900398038649,0.46875,0.53125,short,0.53125,0.0010148516508063777
has_market_brag&pre_tariff,29,0.0003817583533223869,-0.0021692574865862513,0.021102399260569824,0.4827586206896552,0.5172413793103449,long,0.4827586206896552,0.0009924704513096113
open_deal&has_all_caps,27,-0.0003926257085331317,0.0039060904703696053,0.02440046462159247,0.5185185185185185,0.48148148148148145,short,0.48148148148148145,0.0009822910868869416
posts_low&has_attack,24,-0.0002835092214321285,-0.0025689983383846426,0.014458681655815632,0.375,0.625,short,0.625,0.0008680661623530543
pre_deal&tariff_rising,35,-0.0002697567561762077,-0.001964806298625499,0.018411569927043094,0.45714285714285713,0.5428571428571428,short,0.5428571428571428,0.000866347066851523
tariff_heavy&pre_tariff,40,-0.00024731643807111294,-0.0021218745594242527,0.018332329929156163,0.45,0.55,short,0.55,0.0008602915718151667
posts_high&pre_relief,33,-0.00030956290270862057,0.0020791823209929117,0.026234750764482395,0.5454545454545454,0.45454545454545453,short,0.45454545454545453,0.0008083197671153762
pre_action&has_uppercase_phrase,45,-0.0002668867456790859,0.0054246279923722,0.023436714387874133,0.5555555555555556,0.4444444444444444,short,0.4444444444444444,0.0007957025408428458
pre_relief&has_night_post,41,0.00021848437930716274,0.0020791823209929117,0.02370881520467034,0.5609756097560976,0.43902439024390244,long,0.5609756097560976,0.0007847951308968248
has_uppercase_phrase&china_streak_3d,32,-0.0002949901514933198,0.0029057083982194643,0.014688411351361803,0.53125,0.46875,short,0.46875,0.0007822107618906503
posts_very_high&sig_potus,30,-0.00029278771936000296,0.0025451997990889597,0.015884383908052465,0.5333333333333333,0.4666666666666667,short,0.4666666666666667,0.0007483767127851731
posts_high&sig_potus,44,-0.00021186293618482112,-0.0015468563386040746,0.013787852089011988,0.4772727272727273,0.5227272727272727,short,0.5227272727272727,0.000734609405685701
has_iran&deal_over_tariff,54,-0.0001816466344798147,0.002012472867274462,0.018114837780537442,0.5185185185185185,0.48148148148148145,short,0.48148148148148145,0.0006426933759557875
deal_heavy&has_china,82,0.00010832608249067966,-0.0018920555060139566,0.018993180007904325,0.4878048780487805,0.5121951219512195,long,0.4878048780487805,0.0004785045841262188
has_relief&pre_relief,43,-0.00015033124654574733,0.0020367614931331435,0.02320209349688502,0.5348837209302325,0.46511627906976744,short,0.46511627906976744,0.0004585060034908956
pre_relief&has_exclamation,43,-0.00015033124654574733,0.0020367614931331435,0.02320209349688502,0.5348837209302325,0.46511627906976744,short,0.46511627906976744,0.0004585060034908956
pre_relief,43,-0.00015033124654574733,0.0020367614931331435,0.02320209349688502,0.5348837209302325,0.46511627906976744,short,0.46511627906976744,0.0004585060034908956
pre_tariff&pre_action,22,0.00017841065249360214,0.004910053329863273,0.019762052884527922,0.5454545454545454,0.45454545454545453,long,0.5454545454545454,0.0004564473470052942
pre_relief&lots_of_excl,41,0.000125690878176623,0.0020791823209929117,0.023725890608315963,0.5609756097560976,0.43902439024390244,long,0.5609756097560976,0.0004514811974382914
posts_very_high&pre_tariff,55,-0.00011821956253159021,-0.001154653814026796,0.01752986898875572,0.4909090909090909,0.509090909090909,short,0.509090909090909,0.00044634023167587145
tariff_heavy&has_uppercase_phrase,28,0.00015019586773317478,-0.003151307218473176,0.018839600244590974,0.4642857142857143,0.5357142857142857,long,0.4642857142857143,0.00036899656297356454
has_iran&deal_only,40,9.685831414678881e-05,0.003808527813266349,0.016648510050577214,0.525,0.475,long,0.525,0.00032160752717935926
deal_over_tariff&china_streak_3d,24,0.00012304327098549192,-0.00011548251830528766,0.025370042712465856,0.5,0.5,long,0.5,0.00030139323019745344
positive_heavy&volume_drop,54,-7.44980016118845e-05,-0.0015763319630219819,0.015089095397537337,0.48148148148148145,0.5185185185185185,short,0.5185185185185185,0.00028386103014290895
open_tariff&tariff_only,30,8.426534497559072e-05,0.0020965301109669987,0.016561015741024997,0.5666666666666667,0.43333333333333335,long,0.5666666666666667,0.0002615395048014853
pre_relief&exclamation_heavy,42,7.070898481617174e-05,0.0020579719070630276,0.02343747313604492,0.5476190476190477,0.4523809523809524,long,0.5476190476190477,0.0002509445642797418
has_positive&pre_relief,42,7.070898481617174e-05,0.0020579719070630276,0.02343747313604492,0.5476190476190477,0.4523809523809524,long,0.5476190476190477,0.0002509445642797418
positive_heavy&pre_relief,42,7.070898481617174e-05,0.0020579719070630276,0.02343747313604492,0.5476190476190477,0.4523809523809524,long,0.5476190476190477,0.0002509445642797418
tariff_heavy&tariff_rising,31,-7.019199536870404e-05,-0.002074491632262254,0.016504674208596408,0.45161290322580644,0.5483870967741935,short,0.5483870967741935,0.0002143165269769872
positive_heavy&pre_action,67,-4.7578818873634764e-05,-0.001154653814026796,0.02112546458969112,0.4925373134328358,0.5074626865671642,short,0.5074626865671642,0.00019763104740732243
pre_tariff&tariff_only,59,4.8551514461044644e-05,-0.0020576697795892107,0.015229502173162957,0.4915254237288136,0.5084745762711864,long,0.4915254237288136,0.0001833051950304406
positive_heavy&tariff_only,120,-3.145452286945349e-05,0.0020965301109669987,0.01651526954155478,0.5416666666666666,0.4583333333333333,short,0.4583333333333333,0.00015792655735231653
has_uppercase_phrase&tariff_rising,36,-4.93012981899373e-05,0.0005361221827531182,0.018267374953621754,0.5,0.5,short,0.5,0.0001479038945698119
has_attack&sig_potus,53,3.978057011596152e-05,-0.0014491886490883843,0.014206487359198222,0.49056603773584906,0.5094339622641509,long,0.49056603773584906,0.00014207132017854984
high_emotion&volume_spike,22,4.268072589881781e-05,-0.004040291659426709,0.018658066380068998,0.45454545454545453,0.5454545454545454,long,0.45454545454545453,9.099561336205413e-05
has_action&volume_spike,59,-1.0416856261277423e-05,0.0022024556611226487,0.022109930950528524,0.5254237288135594,0.4745762711864407,short,0.4745762711864407,3.797245682998556e-05
