event,n,mean_ret,median_ret,std,hit_up,hit_down,direction,directional_hit,score
silence_day,233,-0.008216356153549702,-0.007901705334542097,0.024771986129009466,0.3521739130434783,0.6434782608695652,short,0.6434782608695652,0.08070326331665323
posts_low&silence_day,233,-0.008216356153549702,-0.007901705334542097,0.024771986129009466,0.3521739130434783,0.6434782608695652,short,0.6434782608695652,0.08070326331665323
has_attack&short_posts,298,-0.005923663306409913,-0.006288985483401954,0.019703849137398265,0.2684563758389262,0.7114093959731543,short,0.7114093959731543,0.07274750360062489
posts_low,428,-0.005311478461518942,-0.005473648874383175,0.024540703942311455,0.3811764705882353,0.6141176470588235,short,0.6141176470588235,0.06748214621363194
silence_day&volume_drop,147,-0.008556606949135211,-0.008103707005699068,0.026760872619910368,0.36054421768707484,0.6326530612244898,short,0.6326530612244898,0.06563354532361035
volume_drop,329,-0.0058445890611234395,-0.0055299923969748255,0.020637768049247336,0.3768996960486322,0.6139817629179332,short,0.6139817629179332,0.06508897033864358
has_attack&has_exclamation,618,-0.004071244981084643,-0.004487677370617282,0.017763072695626318,0.3333333333333333,0.6407766990291263,short,0.6407766990291263,0.06485271834852094
has_attack,618,-0.004071244981084643,-0.004487677370617282,0.017763072695626318,0.3333333333333333,0.6407766990291263,short,0.6407766990291263,0.06485271834852094
posts_very_high&deal_over_tariff,115,-0.008265433326913946,-0.0076923006385030135,0.02251822959863175,0.25217391304347825,0.7217391304347827,short,0.7217391304347827,0.063972717452157
posts_low&volume_drop,226,-0.006791449872585569,-0.005854546624813106,0.02296230187912465,0.3805309734513274,0.6106194690265486,short,0.6106194690265486,0.062342952525375944
has_attack&lots_of_excl,570,-0.0040503190834575145,-0.004558116268909507,0.01815820371328139,0.3280701754385965,0.643859649122807,short,0.643859649122807,0.06226125559020048
has_attack&has_night_post,562,-0.004073745939939999,-0.004620765607260269,0.017931698154465676,0.3274021352313167,0.6441281138790036,short,0.6441281138790036,0.06220629755024964
posts_very_high&has_attack,201,-0.006294165297500207,-0.006656815794426341,0.02195015200666635,0.2835820895522388,0.681592039800995,short,0.681592039800995,0.06082199800371108
has_attack&exclamation_heavy,598,-0.003875775910384996,-0.004465289017728857,0.017881706691833508,0.33444816053511706,0.6387959866220736,short,0.6387959866220736,0.060544044554399296
has_attack&has_positive,596,-0.0038872186989635615,-0.004455341921352607,0.01794436643622241,0.337248322147651,0.6359060402684564,short,0.6359060402684564,0.06034691248234797
has_deal&short_posts,165,-0.006560524148240438,-0.007256852665689428,0.02043873723034513,0.2787878787878788,0.696969696969697,short,0.696969696969697,0.058734652909340594
posts_very_high&has_deal,133,-0.007306510209414923,-0.006993071618176638,0.02148887074154646,0.2932330827067669,0.6842105263157895,short,0.6842105263157895,0.05765348538962236
posts_very_high&positive_heavy,209,-0.006021522948237822,-0.0063492305695065365,0.021997108504992945,0.3014354066985646,0.6602870813397129,short,0.6602870813397129,0.05747940834560675
deal_heavy&short_posts,62,-0.009555402766237288,-0.007848815008756393,0.02565935351667072,0.22580645161290322,0.7580645161290323,short,0.7580645161290323,0.057036256147955045
has_attack&has_all_caps,145,-0.006575020197377242,-0.007705492314756812,0.021694754959442206,0.2620689655172414,0.7103448275862069,short,0.7103448275862069,0.05624064785594019
short_posts&deal_only,144,-0.006783143926335356,-0.0067035137601215156,0.019989583011447366,0.2847222222222222,0.6875,short,0.6875,0.055960937392266694
short_posts&deal_over_tariff,159,-0.0063511270357994466,-0.0067502117258166905,0.02067588499504523,0.2830188679245283,0.6918238993710691,short,0.6918238993710691,0.0554044850352194
posts_very_high&has_night_post,220,-0.005601295498941414,-0.006266881979566208,0.022154777965321216,0.30454545454545456,0.6590909090909091,short,0.6590909090909091,0.05475769349753304
posts_very_high&deal_only,93,-0.008121084947055778,-0.006993071618176638,0.023283708880960666,0.27956989247311825,0.6989247311827957,short,0.6989247311827957,0.05473762319284504
has_attack&deal_over_tariff,231,-0.005453176399248125,-0.0053583336952992555,0.01919580690323579,0.3246753246753247,0.645021645021645,short,0.645021645021645,0.053460107156518714
posts_high&has_attack,340,-0.004527490051866148,-0.004972678338973302,0.020092414038786192,0.3264705882352941,0.6352941176470588,short,0.6352941176470588,0.05303612644491968
deal_heavy&deal_only,91,-0.0077759334720811715,-0.007530077545644498,0.023314014854983592,0.27472527472527475,0.7142857142857143,short,0.7142857142857143,0.05298405547591721
has_positive&short_posts,434,-0.003793539080567089,-0.005211699598594022,0.020472489683504878,0.31797235023041476,0.663594470046083,short,0.663594470046083,0.052443562470610466
posts_very_high&lots_of_excl,222,-0.005316862911886242,-0.006237076579397649,0.022438819263822588,0.3108108108108108,0.6531531531531531,short,0.6531531531531531,0.051742448701802154
posts_very_high&deal_heavy,75,-0.008368991413957428,-0.006993071618176638,0.02513262634196987,0.26666666666666666,0.7066666666666667,short,0.7066666666666667,0.051217498124356275
short_posts,545,-0.0033602720205631502,-0.004744953784695416,0.022041225466235555,0.3394495412844037,0.6440366972477064,short,0.6440366972477064,0.05052232184398767
posts_very_high&has_exclamation,223,-0.005196081773798751,-0.006224109697076652,0.022460759821715384,0.31390134529147984,0.6502242152466368,short,0.6502242152466368,0.05045352891990003
posts_very_high&exclamation_heavy,223,-0.005196081773798751,-0.006224109697076652,0.022460759821715384,0.31390134529147984,0.6502242152466368,short,0.6502242152466368,0.05045352891990003
posts_high&posts_very_high,223,-0.005196081773798751,-0.006224109697076652,0.022460759821715384,0.31390134529147984,0.6502242152466368,short,0.6502242152466368,0.05045352891990003
posts_very_high,223,-0.005196081773798751,-0.006224109697076652,0.022460759821715384,0.31390134529147984,0.6502242152466368,short,0.6502242152466368,0.05045352891990003
posts_very_high&has_positive,222,-0.005191182500268955,-0.006176840065550859,0.02251139924069414,0.3153153153153153,0.6486486486486487,short,0.6486486486486487,0.05017094739038286
posts_very_high&china_streak_3d,28,-0.011506214504322182,-0.01046991499239186,0.027249556019315162,0.17857142857142858,0.8214285714285714,short,0.8214285714285714,0.050012813466758496
lots_of_excl&short_posts,366,-0.0038576218817680612,-0.005355367535094913,0.02170482144854275,0.30327868852459017,0.6775956284153005,short,0.6775956284153005,0.050006999232023355
has_attack&positive_heavy,459,-0.0036893637812257444,-0.004507920189714576,0.018952404077446323,0.3355119825708061,0.6318082788671024,short,0.6318082788671024,0.04993937871398525
has_action&deal_only,70,-0.00851485561286625,-0.00493655667527515,0.02186354464641843,0.2714285714285714,0.7,short,0.7,0.04986827526096149
has_positive,871,-0.0027359072770189586,-0.0039588432527163375,0.01862761561431154,0.36739380022962115,0.6119402985074627,short,0.6119402985074627,0.04941052928717755
has_positive&has_exclamation,865,-0.0027335010269731687,-0.00393445374535728,0.01868706256387128,0.3676300578034682,0.6115606936416185,short,0.6115606936416185,0.04916622447999927
has_deal&has_attack,263,-0.004829470324209844,-0.004975158999091178,0.018583983162401542,0.34600760456273766,0.6273764258555133,short,0.6273764258555133,0.04913665312199536
exclamation_heavy&short_posts,413,-0.003639357248540686,-0.004970197678855426,0.020891040392586636,0.3220338983050847,0.6585956416464891,short,0.6585956416464891,0.048710049098844646
has_attack&has_uppercase_phrase,214,-0.005101388197239107,-0.0050321265653145986,0.020709247962033082,0.3177570093457944,0.6495327102803738,short,0.6495327102803738,0.048472596800920954
has_attack&deal_only,196,-0.005424386933015352,-0.004678411502690771,0.019373011553177635,0.33163265306122447,0.6377551020408163,short,0.6377551020408163,0.048432026187637076
deal_heavy&has_attack,117,-0.006682015124278097,-0.006993071618176638,0.022646692346564055,0.3162393162393162,0.6666666666666666,short,0.6666666666666666,0.04818469630802112
has_positive&has_night_post,778,-0.002748675703593872,-0.004107609402207391,0.01872699100514705,0.35861182519280205,0.6182519280205655,short,0.6182519280205655,0.047400048000873156
has_night_post&deal_only,244,-0.004680364356072838,-0.005087500669797795,0.019963763483256926,0.3319672131147541,0.639344262295082,short,0.639344262295082,0.04674222142985491
has_action&has_attack,146,-0.005735712842361825,-0.00493655667527515,0.022500477596362076,0.3150684931506849,0.6712328767123288,short,0.6712328767123288,0.046519715291974545
has_action&deal_over_tariff,87,-0.007197434533614183,-0.005300306321546766,0.022248600234442254,0.28735632183908044,0.6896551724137931,short,0.6896551724137931,0.046298758692973105
deal_heavy&deal_over_tariff,135,-0.0058969584191705055,-0.007530077545644498,0.022556370072350687,0.3111111111111111,0.674074074074074,short,0.674074074074074,0.04618517287368829
has_attack&has_china,228,-0.004566087490773967,-0.005178909127980746,0.019287300247574295,0.31140350877192985,0.6622807017543859,short,0.6622807017543859,0.045661876231736405
pre_deal&short_posts,69,-0.007569463700566992,-0.0067502117258166905,0.019615953491062904,0.2463768115942029,0.7246376811594203,short,0.7246376811594203,0.04556281724972603
attack_heavy&exclamation_heavy,283,-0.004300714161832763,-0.00515467507276457,0.017231218389293403,0.33568904593639576,0.6289752650176679,short,0.6289752650176679,0.045505863897753275
attack_heavy&has_exclamation,284,-0.0042805548372044,-0.005064917035927874,0.017204102275440142,0.3380281690140845,0.6267605633802817,short,0.6267605633802817,0.04521274731241571
has_attack&attack_heavy,284,-0.0042805548372044,-0.005064917035927874,0.017204102275440142,0.3380281690140845,0.6267605633802817,short,0.6267605633802817,0.04521274731241571
attack_heavy,284,-0.0042805548372044,-0.005064917035927874,0.017204102275440142,0.3380281690140845,0.6267605633802817,short,0.6267605633802817,0.04521274731241571
has_exclamation,944,-0.002424164700546528,-0.003930050870931845,0.020033925908731206,0.3728813559322034,0.6069915254237288,short,0.6069915254237288,0.04520960866413055
has_exclamation&short_posts,489,-0.003130268372916989,-0.004744953784695416,0.022562032682011773,0.3333333333333333,0.6482617586912065,short,0.6482617586912065,0.044873134376534195
has_all_caps&exclamation_heavy,178,-0.004923511103687871,-0.006460467542395432,0.02201871362584504,0.29775280898876405,0.6797752808988764,short,0.6797752808988764,0.044652963879378275
has_night_post&deal_over_tariff,284,-0.004186025606550772,-0.00528451522298512,0.02015483989026065,0.3415492957746479,0.6302816901408451,short,0.6302816901408451,0.04446269077472909
attack_heavy&has_night_post,270,-0.004317972086081824,-0.005064917035927874,0.016942480393859687,0.337037037037037,0.6259259259259259,short,0.6259259259259259,0.04441039674488516
attack_heavy&has_positive,280,-0.004222032189376457,-0.004933772720115914,0.017302291645367857,0.3392857142857143,0.625,short,0.625,0.044155069544892844
has_night_post&short_posts,456,-0.003163133329390024,-0.005008519726298066,0.022989854548256704,0.3267543859649123,0.6535087719298246,short,0.6535087719298246,0.044141932367073144
has_night_post,854,-0.002465866707870481,-0.004012790340465366,0.020059536209076707,0.3665105386416862,0.6112412177985949,short,0.6112412177985949,0.044046475697364876
has_all_caps&lots_of_excl,171,-0.004999136175617837,-0.0062837204974137695,0.022378174202281435,0.30409356725146197,0.672514619883041,short,0.672514619883041,0.04396375228718252
has_exclamation&lots_of_excl,749,-0.002599995936435417,-0.004019231410537283,0.01919792287198764,0.36181575433911883,0.6154873164218959,short,0.6154873164218959,0.043795822378833386
lots_of_excl,749,-0.002599995936435417,-0.004019231410537283,0.01919792287198764,0.36181575433911883,0.6154873164218959,short,0.6154873164218959,0.043795822378833386
has_deal&has_action,101,-0.006568113368830998,-0.005268724124423474,0.021105916724389495,0.31683168316831684,0.6633663366336634,short,0.6633663366336634,0.04378796437906515
attack_heavy&lots_of_excl,281,-0.004167086368023698,-0.004975158999091178,0.017188287027506247,0.33807829181494664,0.6263345195729537,short,0.6263345195729537,0.04375140555523465
deal_heavy&open_deal,50,-0.00905034894804777,-0.006200330946256605,0.026265965628463884,0.3,0.68,short,0.68,0.043517029170229996
posts_very_high&has_russia,118,-0.005823055516494849,-0.007159507055515102,0.01860583552414373,0.2796610169491525,0.6864406779661016,short,0.6864406779661016,0.043420512567493554
has_night_post&has_exclamation,825,-0.002448869062058183,-0.004106739722951391,0.020145186733179374,0.3612121212121212,0.6157575757575757,short,0.6157575757575757,0.04331140802425651
has_night_post&lots_of_excl,692,-0.0026462956936762327,-0.004094193973102789,0.019359050503147516,0.3554913294797688,0.619942196531792,short,0.619942196531792,0.04315614215953088
has_positive&has_all_caps,178,-0.004743870399441533,-0.006411363330914077,0.021891406142422947,0.30337078651685395,0.6741573033707865,short,0.6741573033707865,0.04266817431445061
posts_high&attack_heavy,231,-0.004384353963121026,-0.005300306321546766,0.01805626198658036,0.3203463203463203,0.6363636363636364,short,0.6363636363636364,0.04240498888368418
open_deal&short_posts,42,-0.009148390313270135,-0.006503023181966439,0.030582245641518773,0.2619047619047619,0.7142857142857143,short,0.7142857142857143,0.04234881816295
exclamation_heavy&lots_of_excl,745,-0.002517545007052626,-0.003930832522422878,0.01920343815310301,0.363758389261745,0.6134228187919463,short,0.6134228187919463,0.042151720614330666
posts_high&deal_over_tariff,192,-0.00485092263613918,-0.005309725099236273,0.022485317708483492,0.3385416666666667,0.625,short,0.625,0.04201022234689507
has_deal&has_night_post,325,-0.0037510654462255075,-0.00489238644114065,0.019326632708695758,0.3569230769230769,0.6184615384615385,short,0.6184615384615385,0.041822406455406816
posts_very_high&open_deal,44,-0.008940569690999335,-0.0067035137601215156,0.02891125325913136,0.2727272727272727,0.7045454545454546,short,0.7045454545454546,0.04178308942677836
has_night_post&exclamation_heavy,756,-0.002482928018605457,-0.003930050870931845,0.018890783409874087,0.36507936507936506,0.6111111111111112,short,0.6111111111111112,0.041720087164749516
has_action&open_deal,30,-0.010378138418929206,-0.00604379757675777,0.0284347252329896,0.26666666666666666,0.7333333333333333,short,0.7333333333333333,0.041685163791029184
attack_heavy&has_russia,146,-0.0054159197857008715,-0.005722927673835421,0.016588585289787065,0.3219178082191781,0.636986301369863,short,0.636986301369863,0.04168489809365028
posts_very_high&attack_heavy,158,-0.004931165593281922,-0.006316475533460153,0.019676440181747648,0.2911392405063291,0.6708860759493671,short,0.6708860759493671,0.04158406189644899
deal_over_tariff&deal_only,267,-0.004040626899443079,-0.0046083123481044375,0.020203182069088783,0.34831460674157305,0.6254681647940075,short,0.6254681647940075,0.041296152518996716
has_deal&deal_only,267,-0.004040626899443079,-0.0046083123481044375,0.020203182069088783,0.34831460674157305,0.6254681647940075,short,0.6254681647940075,0.041296152518996716
deal_only,267,-0.004040626899443079,-0.0046083123481044375,0.020203182069088783,0.34831460674157305,0.6254681647940075,short,0.6254681647940075,0.041296152518996716
posts_high&deal_only,157,-0.005262148742240949,-0.0046083123481044375,0.022813081148886256,0.3375796178343949,0.6242038216560509,short,0.6242038216560509,0.041156588573942894
deal_over_tariff,311,-0.003753462452668597,-0.005046841773740707,0.02024062190920881,0.3536977491961415,0.6205787781350482,short,0.6205787781350482,0.041077990516216044
has_deal&deal_over_tariff,311,-0.003753462452668597,-0.005046841773740707,0.02024062190920881,0.3536977491961415,0.6205787781350482,short,0.6205787781350482,0.041077990516216044
has_positive&lots_of_excl,731,-0.0024727934747517614,-0.00400634927039345,0.019334725756329475,0.36388508891928867,0.612859097127223,short,0.612859097127223,0.040973887582078136
posts_very_high&has_action,96,-0.006225538437728789,-0.005518242042125365,0.02537102028623149,0.3125,0.6666666666666666,short,0.6666666666666666,0.04066504679071754
deal_heavy,148,-0.005141855985344698,-0.0067035137601215156,0.021857495806280578,0.33783783783783783,0.6486486486486487,short,0.6486486486486487,0.040575164009311604
deal_heavy&has_exclamation,148,-0.005141855985344698,-0.0067035137601215156,0.021857495806280578,0.33783783783783783,0.6486486486486487,short,0.6486486486486487,0.040575164009311604
has_deal&deal_heavy,148,-0.005141855985344698,-0.0067035137601215156,0.021857495806280578,0.33783783783783783,0.6486486486486487,short,0.6486486486486487,0.040575164009311604
has_russia&volume_spike,84,-0.00640581703420311,-0.0055049919532568214,0.018514949452835633,0.2619047619047619,0.6904761904761905,short,0.6904761904761905,0.04053805247480595
lots_of_excl&deal_over_tariff,283,-0.0038875647520449108,-0.004744953784695416,0.020132627351388595,0.35335689045936397,0.6183745583038869,short,0.6183745583038869,0.040441054073878394
deal_heavy&has_russia,64,-0.006867647807166992,-0.008904807501511514,0.021026493283331685,0.25,0.734375,short,0.734375,0.04034743086710608
has_exclamation&deal_only,266,-0.003955417952103136,-0.004563172256462911,0.02019314087300864,0.34962406015037595,0.6240601503759399,short,0.6240601503759399,0.04025869101895558
posts_very_high&short_posts,155,-0.004860332640216864,-0.0062837204974137695,0.024629219593153874,0.3032258064516129,0.6645161290322581,short,0.6645161290322581,0.04021030515163437
lots_of_excl&deal_only,241,-0.004161008889280172,-0.004474233156233742,0.020137631076721122,0.34854771784232363,0.6224066390041494,short,0.6224066390041494,0.04020512172813876
has_russia&has_night_post,263,-0.00376567140621847,-0.00515467507276457,0.01712721864843923,0.30798479087452474,0.6577946768060836,short,0.6577946768060836,0.04017081560934833
has_exclamation&exclamation_heavy,826,-0.0023112363387833962,-0.0037936410908295803,0.01881511217394195,0.37409200968523004,0.6041162227602905,short,0.6041162227602905,0.04012868045362389
exclamation_heavy,826,-0.0023112363387833962,-0.0037936410908295803,0.01881511217394195,0.37409200968523004,0.6041162227602905,short,0.6041162227602905,0.04012868045362389
has_exclamation&deal_over_tariff,310,-0.0036794213415744068,-0.004895897779218061,0.02023111868236064,0.3548387096774194,0.6193548387096774,short,0.6193548387096774,0.040123601167265203
posts_high&has_deal,223,-0.004352260832194598,-0.00489238644114065,0.02131071373152033,0.3542600896860987,0.6143497757847534,short,0.6143497757847534,0.039928505074693615
posts_very_high&has_china,130,-0.005338618274032027,-0.006871641671996664,0.02280064294470363,0.3153846153846154,0.6538461538461539,short,0.6538461538461539,0.03979936273870014
posts_high&deal_heavy,109,-0.006010879918320615,-0.006051431323006673,0.023391571573957444,0.3486238532110092,0.6330275229357798,short,0.6330275229357798,0.03972591360322062
has_russia&pre_action,32,-0.009284774876130712,-0.011015466978909372,0.02232772022741322,0.25,0.75,short,0.75,0.03939196366021508
deal_heavy&has_positive,143,-0.0050973219770835375,-0.006656815794426341,0.02219057345683394,0.34265734265734266,0.6433566433566433,short,0.6433566433566433,0.03921587193708083
has_deal,353,-0.0034093986991992264,-0.004611869220686127,0.019436080459649792,0.3654390934844193,0.6118980169971672,short,0.6118980169971672,0.039196220268221386
has_deal&attack_heavy,159,-0.004788143158352006,-0.005268724124423474,0.016522533238316473,0.32075471698113206,0.6477987421383647,short,0.6477987421383647,0.039111618601078375
attack_heavy&deal_over_tariff,138,-0.00504179945660207,-0.005491274882176267,0.017148834821413498,0.30434782608695654,0.6594202898550725,short,0.6594202898550725,0.03905596889929664
deal_heavy&lots_of_excl,138,-0.005134823634319023,-0.006503023181966439,0.02230923224691563,0.34057971014492755,0.644927536231884,short,0.644927536231884,0.038902364161775116
has_attack&sig_potus,50,-0.007427002591655863,-0.006871641671996664,0.014931523162634514,0.2,0.74,short,0.74,0.038862460833729434
deal_over_tariff&volume_spike,68,-0.006675375321568151,-0.0060427041661052505,0.019611069832698703,0.2647058823529412,0.7058823529411765,short,0.7058823529411765,0.03885639182324745
has_deal&has_russia,136,-0.004919254616717884,-0.006009949130058867,0.01759303841396075,0.2867647058823529,0.6764705882352942,short,0.6764705882352942,0.0388076795092521
deal_heavy&has_night_post,140,-0.005038814718276881,-0.006503023181966439,0.022375231998874028,0.3357142857142857,0.65,short,0.65,0.038753038851257436
has_russia&deal_over_tariff,117,-0.0052395805122228195,-0.006993071618176638,0.018505283132771173,0.27350427350427353,0.6837606837606838,short,0.6837606837606838,0.03875195117690513
deal_heavy&exclamation_heavy,145,-0.004973877625000363,-0.0063492305695065365,0.022044319799647338,0.3448275862068966,0.6413793103448275,short,0.6413793103448275,0.03841439903148001
has_deal&has_exclamation,352,-0.0033432145850155093,-0.004610090784395282,0.019423871966981535,0.3664772727272727,0.6107954545454546,short,0.6107954545454546,0.03831169626450095
has_attack&has_russia,246,-0.003826399968216742,-0.005051659282473031,0.01752953727820127,0.3252032520325203,0.6382113821138211,short,0.6382113821138211,0.03830208917924029
short_posts&china_streak_3d,44,-0.0078778861527173,-0.008181417737152585,0.022929039435085043,0.2727272727272727,0.7272727272727273,short,0.7272727272727273,0.03800435274138141
has_action&short_posts,103,-0.005340687266422116,-0.006036163830508867,0.026708538165342424,0.2815533980582524,0.6990291262135923,short,0.6990291262135923,0.037888815809699536
has_deal&lots_of_excl,324,-0.003461307016413396,-0.00454127275216909,0.019288110521497516,0.36728395061728397,0.6080246913580247,short,0.6080246913580247,0.03788208234630217
has_russia&deal_only,96,-0.005708019400043362,-0.00651696611161523,0.01698540645765938,0.2708333333333333,0.6770833333333334,short,0.6770833333333334,0.03786719888253685
has_all_caps&has_exclamation,183,-0.004146532420882749,-0.0061855120744510605,0.02378799032312742,0.30601092896174864,0.6721311475409836,short,0.6721311475409836,0.03770202108449724
has_all_caps,183,-0.004146532420882749,-0.0061855120744510605,0.02378799032312742,0.30601092896174864,0.6721311475409836,short,0.6721311475409836,0.03770202108449724
has_positive&exclamation_heavy,797,-0.0022042891731296997,-0.003717486352707744,0.019034457711972954,0.3751568381430364,0.6022584692597239,short,0.6022584692597239,0.03747836566776823
positive_heavy&has_all_caps,149,-0.004702747662178385,-0.006129570434025067,0.022094046392631364,0.3221476510067114,0.6510067114093959,short,0.6510067114093959,0.03737061769032741
has_uppercase_phrase&short_posts,154,-0.004407953925473516,-0.0062591800832333955,0.026662024946372546,0.2922077922077922,0.6818181818181818,short,0.6818181818181818,0.03729632022387997
has_russia,283,-0.0034203081044883476,-0.004970197678855426,0.017274485601379837,0.3215547703180212,0.6466431095406361,short,0.6466431095406361,0.03720686696468388
has_action,186,-0.0041936658613097805,-0.00493655667527515,0.02248050601459915,0.3333333333333333,0.6505376344086021,short,0.6505376344086021,0.037206834495439385
attack_heavy&has_china,144,-0.004688236838792167,-0.006693713156596892,0.019180715055850204,0.3055555555555556,0.6597222222222222,short,0.6597222222222222,0.03711520830710466
has_russia&has_exclamation,282,-0.003413268770884593,-0.004838820943090905,0.017304789200214644,0.32269503546099293,0.6453900709219859,short,0.6453900709219859,0.0369928099317748
has_night_post&has_all_caps,180,-0.004129223940450447,-0.006234616285932415,0.023984225249538752,0.3111111111111111,0.6666666666666666,short,0.6666666666666666,0.03693290170066697
attack_heavy&short_posts,141,-0.004588279449571921,-0.006656815794426341,0.020187789057358477,0.2907801418439716,0.6737588652482269,short,0.6737588652482269,0.03670826935204672
posts_high&short_posts,227,-0.0037333640925396668,-0.0057361777627039645,0.025003798597173294,0.31718061674008813,0.6519823788546255,short,0.6519823788546255,0.036673227527851
posts_very_high&has_uppercase_phrase,126,-0.004936741103443198,-0.005333366173157439,0.024015358944112334,0.30158730158730157,0.6587301587301587,short,0.6587301587301587,0.03650338777980878
has_action&has_exclamation,184,-0.0041448978618854986,-0.004676633066399927,0.022595502826094734,0.33695652173913043,0.6467391304347826,short,0.6467391304347826,0.03636234500470959
open_deal&deal_over_tariff,77,-0.006502498730392332,-0.0056634058874267534,0.025781456366595255,0.3246753246753247,0.6363636363636364,short,0.6363636363636364,0.03631039668343513
posts_very_high&has_all_caps,101,-0.005325627956763303,-0.00788176617859171,0.025946947391383472,0.2871287128712871,0.6732673267326733,short,0.6732673267326733,0.036034545571770354
has_action&has_night_post,182,-0.004100898568263925,-0.00493655667527515,0.022377136554365767,0.33516483516483514,0.6483516483516484,short,0.6483516483516484,0.03586950148478105
has_action&attack_heavy,100,-0.005517977186824904,-0.004676633066399927,0.020309884523758665,0.33,0.65,short,0.65,0.03586685171436187
positive_heavy&has_night_post,570,-0.0024627550271631355,-0.004058588007889163,0.020073926777752188,0.3631578947368421,0.6070175438596491,short,0.6070175438596491,0.03569109606291358
posts_high&positive_heavy,365,-0.0030980143638684268,-0.00410847908146339,0.0221324918143105,0.36164383561643837,0.6027397260273972,short,0.6027397260273972,0.03567464627269042
has_deal&volume_spike,85,-0.00576020932660641,-0.005300306321546766,0.018310664118548405,0.3058823529411765,0.6705882352941176,short,0.6705882352941176,0.03561259812103262
has_uppercase_phrase&lots_of_excl,266,-0.0035013761863203793,-0.004610090784395282,0.021077609169864103,0.3533834586466165,0.6203007518796992,short,0.6203007518796992,0.03542271945578628
has_russia&pre_deal,69,-0.005996369564473464,-0.0062837204974137695,0.016863543892370495,0.2753623188405797,0.7101449275362319,short,0.7101449275362319,0.03537202520639734
has_action&lots_of_excl,170,-0.004228846636113079,-0.004532328613664205,0.022806837905658472,0.3411764705882353,0.6411764705882353,short,0.6411764705882353,0.035352812712830424
has_positive&has_russia,275,-0.003323962582858683,-0.0047059152640548385,0.017429738175880075,0.32727272727272727,0.64,short,0.64,0.035277877454473194
posts_very_high&pre_deal,75,-0.006340794611725161,-0.0057361777627039645,0.02053681534697686,0.32,0.64,short,0.64,0.03514425096917425
attack_heavy&positive_heavy,247,-0.003680495525841362,-0.004744953784695416,0.01751120678753938,0.3562753036437247,0.6072874493927125,short,0.6072874493927125,0.03512764834940072
posts_high&open_deal,63,-0.006794468822998973,-0.0056634058874267534,0.02576721797249211,0.31746031746031744,0.6507936507936508,short,0.6507936507936508,0.0350969269835199
posts_high&has_all_caps,133,-0.004646458591766608,-0.006637214587377094,0.024200746362201448,0.3157894736842105,0.6541353383458647,short,0.6541353383458647,0.035052217940745915
positive_heavy&open_deal,70,-0.0068123496929155805,-0.00528451522298512,0.024870170611435715,0.34285714285714286,0.6142857142857143,short,0.6142857142857143,0.035011955573981214
exclamation_heavy&deal_over_tariff,299,-0.0033250891131333055,-0.004518032164821384,0.02033076673949912,0.36454849498327757,0.6086956521739131,short,0.6086956521739131,0.034997666053229404
has_russia&exclamation_heavy,277,-0.003265691137168191,-0.004707444207326383,0.01735580620320546,0.3249097472924188,0.6425992779783394,short,0.6425992779783394,0.034926512738776255
has_positive&deal_over_tariff,297,-0.0033254572225065995,-0.004518032164821384,0.020433527111944554,0.36363636363636365,0.6094276094276094,short,0.6094276094276094,0.03492623049591863
has_positive&has_uppercase_phrase,285,-0.0033274227250640184,-0.004611869220686127,0.021149422060069856,0.3543859649122807,0.6210526315789474,short,0.6210526315789474,0.03488661357128538
exclamation_heavy&deal_only,255,-0.003551851781169517,-0.00412090782194352,0.020313782727855282,0.3607843137254902,0.611764705882353,short,0.611764705882353,0.03469839147375754
has_positive&deal_only,253,-0.003554076499825409,-0.00412090782194352,0.02043438374647776,0.35968379446640314,0.6126482213438735,short,0.6126482213438735,0.03463364564471398
has_russia&lots_of_excl,258,-0.0033289879868639754,-0.004972678338973302,0.01748515892199696,0.3178294573643411,0.6472868217054264,short,0.6472868217054264,0.03461137446871531
deal_heavy&volume_spike,52,-0.00670222887555312,-0.006503023181966439,0.020799570853898146,0.28846153846153844,0.7115384615384616,short,0.7115384615384616,0.034388980969845336
has_attack&pre_deal,128,-0.0047970251935458294,-0.005051659282473031,0.018188255456665664,0.3515625,0.6328125,short,0.6328125,0.03434409156927454
positive_heavy&short_posts,278,-0.0031801596112418415,-0.005100758423252638,0.02316724253553847,0.3273381294964029,0.6474820143884892,short,0.6474820143884892,0.03433199374937356
has_all_caps&short_posts,121,-0.004488003544673463,-0.00788176617859171,0.027119386330343588,0.2809917355371901,0.6942148760330579,short,0.6942148760330579,0.03427202706841554
has_night_post&has_uppercase_phrase,277,-0.003263390764414291,-0.004775567283634263,0.02206626546416259,0.34657039711191334,0.628158844765343,short,0.628158844765343,0.03411759769940153
has_action&positive_heavy,150,-0.004255985516970522,-0.004532328613664205,0.022270005619680868,0.32666666666666666,0.6533333333333333,short,0.6533333333333333,0.03405497670622665
posts_high&has_russia,171,-0.0040082420407297455,-0.005705024114668444,0.01941302832269635,0.30994152046783624,0.6491228070175439,short,0.6491228070175439,0.03402349020427955
open_deal&deal_only,60,-0.007095652297254658,-0.005006838954559445,0.027180953836136713,0.35,0.6166666666666667,short,0.6166666666666667,0.033893656585886354
open_deal&has_night_post,75,-0.006377441874464102,-0.005300306321546766,0.024174441455296864,0.3466666666666667,0.6133333333333333,short,0.6133333333333333,0.03387456360325997
has_attack&tariff_only,44,-0.006801520338716499,-0.006954909091472505,0.01693857056858555,0.20454545454545456,0.75,short,0.75,0.033837136451240396
pre_action&deal_over_tariff,40,-0.00763973103843954,-0.0065497211476616135,0.02112267174776948,0.275,0.7,short,0.7,0.03382253110957326
tariff_only,55,-0.006076123659826214,-0.005586542571791697,0.017092422133821613,0.21818181818181817,0.7454545454545455,short,0.7454545454545455,0.03359147823326877
has_tariff&tariff_only,55,-0.006076123659826214,-0.005586542571791697,0.017092422133821613,0.21818181818181817,0.7454545454545455,short,0.7454545454545455,0.03359147823326877
has_exclamation&tariff_only,55,-0.006076123659826214,-0.005586542571791697,0.017092422133821613,0.21818181818181817,0.7454545454545455,short,0.7454545454545455,0.03359147823326877
has_uppercase_phrase,295,-0.003115461814172049,-0.004775567283634263,0.022973673222731153,0.34915254237288135,0.6271186440677966,short,0.6271186440677966,0.033557001934234006
has_attack&china_streak_3d,58,-0.006225313203339811,-0.006057874403316066,0.02202243919627823,0.29310344827586204,0.7068965517241379,short,0.7068965517241379,0.03351437047676841
has_deal&has_positive,339,-0.0030202115431323105,-0.004456344879223972,0.019571807758261034,0.3746312684365782,0.6017699115044248,short,0.6017699115044248,0.03346321636068405
posts_high&lots_of_excl,396,-0.002809492760773021,-0.004107609402207391,0.02229756719524435,0.3661616161616162,0.5984848484848485,short,0.5984848484848485,0.03346021062534559
pre_deal&deal_over_tariff,150,-0.004199113318496208,-0.004827577060922572,0.020044411583055272,0.3333333333333333,0.6466666666666666,short,0.6466666666666666,0.03325704817455824
short_posts&volume_drop,107,-0.005103791187546067,-0.004816974006127461,0.012924045578365002,0.35514018691588783,0.6261682242990654,short,0.6261682242990654,0.033057941862252235
deal_heavy&has_relief,34,-0.008379156310864203,-0.006196496778565153,0.030479195779863275,0.2647058823529412,0.6764705882352942,short,0.6764705882352942,0.0330513093960261
has_deal&exclamation_heavy,340,-0.0029867185097532016,-0.004288626350583746,0.01950100022753373,0.3764705882352941,0.6,short,0.6,0.033043420898507044
posts_high&has_night_post,386,-0.0028009758333179817,-0.004107609402207391,0.022291658985842077,0.36528497409326427,0.5984455958549223,short,0.5984455958549223,0.0329327266432923
has_uppercase_phrase&has_exclamation,293,-0.003074426057894721,-0.004717014021786259,0.023045621028656132,0.3515358361774744,0.6245733788395904,short,0.6245733788395904,0.032868609518469274
has_action&exclamation_heavy,178,-0.003846596666640105,-0.004532328613664205,0.02270341337255819,0.34269662921348315,0.6404494382022472,short,0.6404494382022472,0.03286786549933174
posts_high&has_positive,395,-0.0027569689135518846,-0.004106739722951391,0.022356083545167486,0.3670886075949367,0.5974683544303797,short,0.5974683544303797,0.03273748589857157
open_deal&lots_of_excl,76,-0.0061981259116667235,-0.005006838954559445,0.02400078059216037,0.35526315789473684,0.6052631578947368,short,0.6052631578947368,0.03270479490688482
posts_high,397,-0.002747964237744313,-0.004106739722951391,0.022303115037185163,0.3677581863979849,0.5969773299748111,short,0.5969773299748111,0.03268618008318964
posts_high&exclamation_heavy,397,-0.002747964237744313,-0.004106739722951391,0.022303115037185163,0.3677581863979849,0.5969773299748111,short,0.5969773299748111,0.03268618008318964
posts_high&has_exclamation,397,-0.002747964237744313,-0.004106739722951391,0.022303115037185163,0.3677581863979849,0.5969773299748111,short,0.5969773299748111,0.03268618008318964
has_uppercase_phrase&exclamation_heavy,276,-0.003152019361511225,-0.004610090784395282,0.021261193044471556,0.35144927536231885,0.6231884057971014,short,0.6231884057971014,0.03263343442094157
pre_action&deal_only,29,-0.008780498245761782,-0.005268724124423474,0.018665140621179747,0.27586206896551724,0.6896551724137931,short,0.6896551724137931,0.032609951822194894
has_action&has_positive,179,-0.0037930361106537592,-0.004456344879223972,0.022633805948327475,0.3407821229050279,0.6424581005586593,short,0.6424581005586593,0.032603055417546246
has_positive&tariff_only,53,-0.006083367783782835,-0.005586542571791697,0.017390429735954147,0.22641509433962265,0.7358490566037735,short,0.7358490566037735,0.03258897835002017
has_china&has_russia,116,-0.004553862585258191,-0.005722927673835421,0.018589235971177377,0.3103448275862069,0.6637931034482759,short,0.6637931034482759,0.032556795532081725
has_deal&uppercase_phrase_heavy,29,-0.00832153213131964,-0.005268724124423474,0.03045583168046129,0.2413793103448276,0.7241379310344828,short,0.7241379310344828,0.03245066418880868
has_action&has_russia,78,-0.005401998976955766,-0.00528451522298512,0.021841612734897996,0.2948717948717949,0.6794871794871795,short,0.6794871794871795,0.03241776471442197
positive_heavy,604,-0.002201760581549787,-0.0037961540149010764,0.019993316993194968,0.3741721854304636,0.597682119205298,short,0.597682119205298,0.032341400671877
positive_heavy&has_exclamation,604,-0.002201760581549787,-0.0037961540149010764,0.019993316993194968,0.3741721854304636,0.597682119205298,short,0.597682119205298,0.032341400671877
has_positive&positive_heavy,604,-0.002201760581549787,-0.0037961540149010764,0.019993316993194968,0.3741721854304636,0.597682119205298,short,0.597682119205298,0.032341400671877
deal_heavy&positive_heavy,130,-0.004587818316805922,-0.006200330946256605,0.023117915405228243,0.36923076923076925,0.6153846153846154,short,0.6153846153846154,0.03219026276702649
has_action&volume_spike,62,-0.00583884770572873,-0.004938518236263956,0.023331273045464965,0.2903225806451613,0.6935483870967742,short,0.6935483870967742,0.03188597920697975
has_attack&open_deal,71,-0.00623969464857361,-0.004744953784695416,0.024590014524100215,0.352112676056338,0.6056338028169014,short,0.6056338028169014,0.03184216719512726
uppercase_phrase_heavy&deal_over_tariff,26,-0.008538068538871214,-0.00528451522298512,0.031973906657746465,0.23076923076923078,0.7307692307692307,short,0.7307692307692307,0.031814607064378546
deal_only&volume_spike,52,-0.006519610550552278,-0.004532328613664205,0.01903781658874047,0.28846153846153844,0.6730769230769231,short,0.6730769230769231,0.03164375595240495
positive_heavy&deal_only,200,-0.0037280880394618414,-0.004094193973102789,0.021488789562535818,0.37,0.6,short,0.6,0.031633876002767146
has_tariff&has_attack,111,-0.004560700462159513,-0.005705024114668444,0.016440087670713702,0.3153153153153153,0.6576576576576577,short,0.6576576576576577,0.03160042476220298
deal_heavy&pre_deal,95,-0.0050381481504025594,-0.0067502117258166905,0.019435503389149917,0.3368421052631579,0.6421052631578947,short,0.6421052631578947,0.03153108871515639
positive_heavy&lots_of_excl,581,-0.002173949326518629,-0.003849851831692397,0.020197728279554347,0.37349397590361444,0.5989672977624785,short,0.5989672977624785,0.03138633417763163
has_night_post&tariff_only,48,-0.006197044887816104,-0.005337818351664858,0.014786688903975585,0.22916666666666666,0.7291666666666666,short,0.7291666666666666,0.031306323423907184
has_russia&uppercase_phrase_heavy,26,-0.007967611392247375,-0.00528451522298512,0.021747340522807235,0.23076923076923078,0.7692307692307693,short,0.7692307692307693,0.03125154305061041
has_china&tariff_only,21,-0.008923494248618834,-0.005839410570790848,0.014361420252386715,0.19047619047619047,0.7619047619047619,short,0.7619047619047619,0.031156257415465825
pre_deal&deal_only,119,-0.004345898479347357,-0.004474233156233742,0.020166991893637794,0.3277310924369748,0.6554621848739496,short,0.6554621848739496,0.031074253113188302
positive_heavy&exclamation_heavy,599,-0.002128712258244468,-0.0037936410908295803,0.020031408310742436,0.3756260434056761,0.5959933222036727,short,0.5959933222036727,0.03105072650526177
positive_heavy&has_uppercase_phrase,232,-0.0032939014074817733,-0.00455304743830981,0.020736925654478724,0.3577586206896552,0.6163793103448276,short,0.6163793103448276,0.030924496746575655
deal_heavy&has_uppercase_phrase,66,-0.005829818076875304,-0.00528451522298512,0.024247718799599787,0.3181818181818182,0.6515151515151515,short,0.6515151515151515,0.030856842966496437
has_deal&open_deal,82,-0.005700400817903926,-0.005006838954559445,0.025198508933030637,0.36585365853658536,0.5975609756097561,short,0.5975609756097561,0.03084569411641226
open_deal&has_exclamation,82,-0.005700400817903926,-0.005006838954559445,0.025198508933030637,0.36585365853658536,0.5975609756097561,short,0.5975609756097561,0.03084569411641226
open_deal,82,-0.005700400817903926,-0.005006838954559445,0.025198508933030637,0.36585365853658536,0.5975609756097561,short,0.5975609756097561,0.03084569411641226
has_action&has_iran,35,-0.007928721728688986,-0.0067502117258166905,0.021986221994228193,0.34285714285714286,0.6571428571428571,short,0.6571428571428571,0.0308245673563757
attack_heavy&pre_deal,88,-0.005059863987607948,-0.005137732660318972,0.01715002271334886,0.32954545454545453,0.6477272727272727,short,0.6477272727272727,0.030744848864369147
has_iran&has_russia,57,-0.005660941416693303,-0.0067502117258166905,0.019485302315699875,0.2631578947368421,0.7192982456140351,short,0.7192982456140351,0.030742210319225628
posts_high&has_uppercase_phrase,194,-0.0035429689014620847,-0.004833976862387457,0.022965200760800972,0.34536082474226804,0.6185567010309279,short,0.6185567010309279,0.030524441142403547
has_positive&high_emotion,26,-0.007745819810428165,-0.007593947426754122,0.01267706134514935,0.23076923076923078,0.7692307692307693,short,0.7692307692307693,0.030381604893959063
positive_heavy&deal_over_tariff,242,-0.003276139932346768,-0.004288626350583746,0.021332439610481865,0.3760330578512397,0.5950413223140496,short,0.5950413223140496,0.030326148160735898
posts_high&open_tariff,24,-0.00872065585128258,-0.014065060224112302,0.019705730882474487,0.20833333333333334,0.7083333333333334,short,0.7083333333333334,0.030261639165583276
has_positive&volume_spike,142,-0.00404807034759735,-0.004532328613664205,0.021285534922432483,0.3380281690140845,0.6267605633802817,short,0.6267605633802817,0.030233880037717924
has_deal&pre_deal,173,-0.003646336967972004,-0.004518032164821384,0.019299386868746868,0.35260115606936415,0.630057803468208,short,0.630057803468208,0.030217619404402735
pre_deal,173,-0.003646336967972004,-0.004518032164821384,0.019299386868746868,0.35260115606936415,0.630057803468208,short,0.630057803468208,0.030217619404402735
has_action&pre_deal,57,-0.005947928484658774,-0.0057361777627039645,0.017760415147607962,0.3157894736842105,0.6666666666666666,short,0.6666666666666666,0.029937250194669716
posts_high&has_action,133,-0.004101999079338384,-0.004437900708963771,0.024454638062746448,0.3458646616541353,0.631578947368421,short,0.631578947368421,0.029877828092053825
has_china&short_posts,148,-0.0036700038870109276,-0.005886170796606416,0.024050403381706855,0.31756756756756754,0.668918918918919,short,0.668918918918919,0.029865573660350413
has_china&open_deal,44,-0.007067269812231567,-0.00528451522298512,0.02569615951728128,0.3181818181818182,0.6363636363636364,short,0.6363636363636364,0.029832068330116902
has_iran&deal_only,59,-0.0054536203858624125,-0.005323170863486215,0.017925656241734336,0.288135593220339,0.711864406779661,short,0.711864406779661,0.02982003775540641
has_uppercase_phrase&volume_drop,30,-0.0074063804289415764,-0.006484136773624194,0.019060677271841374,0.26666666666666666,0.7333333333333333,short,0.7333333333333333,0.02974870528957132
has_deal&has_all_caps,95,-0.004824640394036244,-0.005709677584966877,0.02239274523573866,0.3473684210526316,0.631578947368421,short,0.631578947368421,0.029699859605260635
has_china&deal_only,94,-0.004629733875886042,-0.0056524439774661706,0.021866854581798784,0.32978723404255317,0.6595744680851063,short,0.6595744680851063,0.029606276481500198
lots_of_excl&tariff_only,48,-0.0058530923842949265,-0.005712976571291273,0.01798430131306496,0.22916666666666666,0.7291666666666666,short,0.7291666666666666,0.02956873905706371
positive_heavy&uppercase_phrase_heavy,40,-0.00667179534889765,-0.006808971970647837,0.03203657537336597,0.25,0.7,short,0.7,0.029537297139048072
attack_heavy&deal_only,113,-0.004342043796445058,-0.0046083123481044375,0.01685965608844718,0.3274336283185841,0.6371681415929203,short,0.6371681415929203,0.029409488717410125
has_all_caps&deal_only,69,-0.005672391604484829,-0.006129570434025067,0.022992624099979573,0.36231884057971014,0.6231884057971014,short,0.6231884057971014,0.029363655200725838
posts_very_high&has_relief,49,-0.006415848586614037,-0.006993071618176638,0.03098817240618803,0.30612244897959184,0.6530612244897959,short,0.6530612244897959,0.029329593538807024
pre_action&has_uppercase_phrase,42,-0.006316903216598058,-0.007388064423802909,0.026017179633275933,0.2857142857142857,0.7142857142857143,short,0.7142857142857143,0.029241579831221824
has_action&has_uppercase_phrase,91,-0.004637916378315404,-0.0046083123481044375,0.027738226215660286,0.32967032967032966,0.6593406593406593,short,0.6593406593406593,0.02917114448023364
has_deal&pre_action,46,-0.006559987913585921,-0.005628863578825305,0.020284120132506914,0.32608695652173914,0.6521739130434783,short,0.6521739130434783,0.02901652350994772
has_attack&uppercase_phrase_heavy,43,-0.006127552907327841,-0.005268724124423474,0.030825207214077256,0.23255813953488372,0.7209302325581395,short,0.7209302325581395,0.028967734798151616
has_all_caps&has_uppercase_phrase,133,-0.0038375627090192254,-0.005734413777198966,0.02669528984730457,0.3233082706766917,0.6541353383458647,short,0.6541353383458647,0.02895002328788167
pre_deal&has_exclamation,172,-0.003512267956786563,-0.004496132660527563,0.019274769155978186,0.3546511627906977,0.627906976744186,short,0.627906976744186,0.02892325546988835
attack_heavy&has_uppercase_phrase,144,-0.003853323492841427,-0.004833976862387457,0.018715240131808815,0.3333333333333333,0.625,short,0.625,0.028899926196310703
has_uppercase_phrase&volume_spike,80,-0.00485829373094047,-0.00528451522298512,0.024128373213325054,0.2875,0.6625,short,0.6625,0.028788208848166505
deal_heavy&pre_action,27,-0.007856638820403924,-0.008005329379009773,0.02485850912421204,0.2962962962962963,0.7037037037037037,short,0.7037037037037037,0.02872820607327718
has_tariff&attack_heavy,67,-0.00532693043348139,-0.0063492305695065365,0.016986595997701512,0.29850746268656714,0.6567164179104478,short,0.6567164179104478,0.028634677772057
has_positive&open_deal,80,-0.005335288846152204,-0.005006838954559445,0.025048565599635506,0.3625,0.6,short,0.6,0.028632164495022594
deal_heavy&uppercase_phrase_heavy,22,-0.008361650407729126,-0.005080555282782062,0.034569839638645676,0.22727272727272727,0.7272727272727273,short,0.7272727272727273,0.028523357709488512
has_china&has_night_post,280,-0.002737960747159153,-0.004062985566744337,0.020632258993216624,0.35714285714285715,0.6214285714285714,short,0.6214285714285714,0.02847065444128097
has_exclamation&volume_drop,170,-0.0036216112381040107,-0.0044269852110188634,0.013413570074293906,0.38823529411764707,0.6,short,0.6,0.02833202003298793
has_china&has_exclamation,297,-0.0026642397184240187,-0.003930832522422878,0.020236551474048913,0.36363636363636365,0.6161616161616161,short,0.6161616161616161,0.028290860910326617
has_china,297,-0.0026642397184240187,-0.003930832522422878,0.020236551474048913,0.36363636363636365,0.6161616161616161,short,0.6161616161616161,0.028290860910326617
has_russia&has_all_caps,74,-0.004589399789933329,-0.00651696611161523,0.01983938636852427,0.2702702702702703,0.7162162162162162,short,0.7162162162162162,0.028275865108049875
has_russia&short_posts,141,-0.003454665949393643,-0.005268724124423474,0.019681928869583865,0.2907801418439716,0.6879432624113475,short,0.6879432624113475,0.028220729589471975
pre_deal&pre_action,32,-0.007203842125154101,-0.006353816280960267,0.019077211394828212,0.28125,0.6875,short,0.6875,0.028016370895115758
has_positive&has_china,290,-0.0026710544201546866,-0.00400829720765955,0.020432126873306616,0.36551724137931035,0.6137931034482759,short,0.6137931034482759,0.027919249500313388
has_action&has_china,88,-0.004431658909947167,-0.0059967923333063555,0.02531515903641424,0.3181818181818182,0.6704545454545454,short,0.6704545454545454,0.02787256920021156
has_russia&has_uppercase_phrase,114,-0.004019366924778548,-0.005079849642509515,0.020478633865158944,0.3157894736842105,0.6491228070175439,short,0.6491228070175439,0.027857167046333668
has_china&volume_spike,76,-0.0046539157412374705,-0.005722927673835421,0.022226441728922658,0.3026315789473684,0.6842105263157895,short,0.6842105263157895,0.027759718873841602
deal_heavy&has_action,55,-0.005697588289108553,-0.0057361777627039645,0.02524129347514288,0.34545454545454546,0.6545454545454545,short,0.6545454545454545,0.027657455334401993
has_deal&positive_heavy,277,-0.0028353125087283975,-0.0037986669389725725,0.020376044646824906,0.3898916967509025,0.5848375451263538,short,0.5848375451263538,0.027597901731138026
exclamation_heavy&tariff_only,51,-0.0053235459167421464,-0.005089094131538019,0.017207934987858636,0.23529411764705882,0.7254901960784313,short,0.7254901960784313,0.027581484697403846
pre_deal&has_night_post,166,-0.003449827798212837,-0.004297570489088631,0.019589812815051823,0.3614457831325301,0.6204819277108434,short,0.6204819277108434,0.02757913228954591
posts_high&has_china,202,-0.003134536143632008,-0.004933772720115914,0.022846630974897714,0.3564356435643564,0.6188118811881188,short,0.6188118811881188,0.02756814918159798
has_china&lots_of_excl,273,-0.0026733356018696828,-0.003930832522422878,0.020658112163148456,0.3553113553113553,0.6227106227106227,short,0.6227106227106227,0.027505597275359353
has_night_post&volume_drop,133,-0.0038868747187509015,-0.004816974006127461,0.013696204434099399,0.37593984962406013,0.6090225563909775,short,0.6090225563909775,0.027299817333253353
pre_deal&lots_of_excl,160,-0.0034677384935017696,-0.004101278022598853,0.019665394728684553,0.3625,0.61875,short,0.61875,0.027140731124033826
sig_potus&lots_of_excl,55,-0.005141114697568216,-0.0062837204974137695,0.01893356637054831,0.23636363636363636,0.7090909090909091,short,0.7090909090909091,0.0270358828116643
posts_very_high&volume_spike,90,-0.004420367954862912,-0.005064917035927874,0.022181678403959203,0.32222222222222224,0.6444444444444445,short,0.6444444444444445,0.02702496627788187
pre_deal&exclamation_heavy,169,-0.0033394825130949224,-0.00412090782194352,0.019394688611472363,0.3609467455621302,0.621301775147929,short,0.621301775147929,0.026972743374997447
has_positive&sig_potus,58,-0.005133175689967194,-0.006137081344464945,0.019018365565638743,0.25862068965517243,0.6896551724137931,short,0.6896551724137931,0.026960759563673498
has_all_caps&deal_over_tariff,84,-0.004740034423008365,-0.006206645465719418,0.0235656548134563,0.35714285714285715,0.6190476190476191,short,0.6190476190476191,0.026893368097306487
posts_high&volume_spike,122,-0.0038969387996749165,-0.004447122794093872,0.019868993349117726,0.3360655737704918,0.6229508196721312,short,0.6229508196721312,0.026813731874806
posts_very_high&open_tariff,20,-0.00852602099498399,-0.014065060224112302,0.02107993388420722,0.2,0.7,short,0.7,0.02669066753132443
has_positive&volume_drop,135,-0.003646696827011452,-0.005005024212254461,0.013681303313993157,0.362962962962963,0.6296296296296297,short,0.6296296296296297,0.02667790370606748
has_relief&deal_only,36,-0.006658352847720172,-0.0068249437063014895,0.03281846209951071,0.3055555555555556,0.6666666666666666,short,0.6666666666666666,0.026633411390880688
has_deal&has_china,159,-0.0033483694912434816,-0.004975158999091178,0.020263976242192137,0.3584905660377358,0.6289308176100629,short,0.6289308176100629,0.026554297346008986
has_relief&has_russia,37,-0.006638374028052254,-0.006024119227211244,0.024368416306583554,0.32432432432432434,0.6486486486486487,short,0.6486486486486487,0.026192207221583424
has_positive&pre_deal,165,-0.0032868195862819616,-0.00412090782194352,0.019605339026585344,0.36363636363636365,0.6181818181818182,short,0.6181818181818182,0.026099612891213195
open_deal&exclamation_heavy,80,-0.004962819493879098,-0.004600649331959694,0.024998298104827617,0.375,0.5875,short,0.5875,0.026078424108680696
positive_heavy&has_russia,216,-0.0028072651115455777,-0.004972678338973302,0.018372809893045954,0.3333333333333333,0.6296296296296297,short,0.6296296296296297,0.025977386807126097
positive_heavy&sig_potus,50,-0.005379911340045487,-0.005671631552068512,0.014158291659871695,0.26,0.68,short,0.68,0.025868368176954277
has_attack&open_tariff,28,-0.007194791183372831,-0.011705511255779621,0.018926814170143528,0.25,0.6785714285714286,short,0.6785714285714286,0.02583406685133199
attack_heavy&china_streak_3d,35,-0.005869085225370615,-0.007601364140879641,0.01811426288272562,0.2571428571428571,0.7428571428571429,short,0.7428571428571429,0.025793468217848503
open_tariff&exclamation_heavy,30,-0.00699278220923419,-0.011705511255779621,0.018515139447060954,0.26666666666666666,0.6666666666666666,short,0.6666666666666666,0.02553403037145584
open_tariff&has_exclamation,30,-0.00699278220923419,-0.011705511255779621,0.018515139447060954,0.26666666666666666,0.6666666666666666,short,0.6666666666666666,0.02553403037145584
open_tariff,30,-0.00699278220923419,-0.011705511255779621,0.018515139447060954,0.26666666666666666,0.6666666666666666,short,0.6666666666666666,0.02553403037145584
has_tariff&open_tariff,30,-0.00699278220923419,-0.011705511255779621,0.018515139447060954,0.26666666666666666,0.6666666666666666,short,0.6666666666666666,0.02553403037145584
deal_heavy&attack_heavy,77,-0.004392745681801517,-0.0063492305695065365,0.018536477755996605,0.3116883116883117,0.6623376623376623,short,0.6623376623376623,0.025530591337073
has_relief&has_attack,76,-0.004700051204069427,-0.005412635947120992,0.027386550427335708,0.35526315789473684,0.618421052631579,short,0.618421052631579,0.025339243860953924
sig_potus&has_exclamation,61,-0.004808794122828969,-0.006024119227211244,0.018637809701756117,0.2786885245901639,0.6721311475409836,short,0.6721311475409836,0.02524382282479341
sig_potus,61,-0.004808794122828969,-0.006024119227211244,0.018637809701756117,0.2786885245901639,0.6721311475409836,short,0.6721311475409836,0.02524382282479341
has_iran&short_posts,46,-0.005028712321140226,-0.006037775275108959,0.020868141240472017,0.2608695652173913,0.7391304347826086,short,0.7391304347826086,0.025209068173351036
has_china&exclamation_heavy,289,-0.0024340368467998547,-0.0037594127832941693,0.020401043984492447,0.370242214532872,0.6089965397923875,short,0.6089965397923875,0.025199440296280847
has_tariff&short_posts,41,-0.0052023408331770445,-0.010212756217794161,0.02305190909218738,0.21951219512195122,0.7560975609756098,short,0.7560975609756098,0.02518654329486289
pre_action,85,-0.004205223347133825,-0.005957420836103844,0.021322206511400172,0.3411764705882353,0.6470588235294118,short,0.6470588235294118,0.025086628212894667
has_action&pre_action,85,-0.004205223347133825,-0.005957420836103844,0.021322206511400172,0.3411764705882353,0.6470588235294118,short,0.6470588235294118,0.025086628212894667
posts_very_high&pre_action,43,-0.005645106856474246,-0.0067502117258166905,0.026530509945549192,0.3023255813953488,0.6744186046511628,short,0.6744186046511628,0.024965251024626094
posts_high&china_streak_3d,49,-0.005087088694178822,-0.007530077545644498,0.024032316077004342,0.30612244897959184,0.6938775510204082,short,0.6938775510204082,0.02470871651458285
has_tariff,141,-0.0032543060989820324,-0.005089094131538019,0.016999288068990325,0.3404255319148936,0.6382978723404256,short,0.6382978723404256,0.02466558119696587
has_tariff&has_exclamation,141,-0.0032543060989820324,-0.005089094131538019,0.016999288068990325,0.3404255319148936,0.6382978723404256,short,0.6382978723404256,0.02466558119696587
attack_heavy&has_iran,50,-0.005126028238564307,-0.0058668984060890605,0.019112766423232203,0.32,0.68,short,0.68,0.024647615430689374
exclamation_heavy&has_chips,31,-0.006779968921985445,-0.007299282493494208,0.013846050878077156,0.3548387096774194,0.6451612903225806,short,0.6451612903225806,0.024354367319306864
lots_of_excl&has_chips,31,-0.006779968921985445,-0.007299282493494208,0.013846050878077156,0.3548387096774194,0.6451612903225806,short,0.6451612903225806,0.024354367319306864
attack_heavy&volume_spike,98,-0.003821990633873425,-0.004532328613664205,0.019836797557813333,0.3163265306122449,0.6428571428571429,short,0.6428571428571429,0.024322999453590333
pre_action&has_night_post,84,-0.004112961203219462,-0.005681410508425466,0.021433193308566408,0.34523809523809523,0.6428571428571429,short,0.6428571428571429,0.024233086342504075
open_tariff&lots_of_excl,29,-0.006858829189104976,-0.012533602718577841,0.01882806653593603,0.27586206896551724,0.6551724137931034,short,0.6551724137931034,0.024199399509620172
has_positive&open_tariff,29,-0.006858829189104976,-0.012533602718577841,0.01882806653593603,0.27586206896551724,0.6551724137931034,short,0.6551724137931034,0.024199399509620172
posts_high&pre_deal,112,-0.003870133482693279,-0.003959787380458046,0.02187925045992602,0.38392857142857145,0.5892857142857143,short,0.5892857142857143,0.024135753877315255
has_tariff&has_positive,139,-0.0032164665554425547,-0.005089094131538019,0.017108501711446185,0.34532374100719426,0.6330935251798561,short,0.6330935251798561,0.024007907660107738
pre_action&has_exclamation,83,-0.004097389649273346,-0.005957420836103844,0.02156300943819641,0.3493975903614458,0.6385542168674698,short,0.6385542168674698,0.023836587965321003
attack_heavy&pre_action,43,-0.005203386800044827,-0.007228966052757024,0.025617300842025275,0.3023255813953488,0.6976744186046512,short,0.6976744186046512,0.023805271436831484
has_china&deal_over_tariff,127,-0.00334932692464391,-0.005300306321546766,0.022101514194828482,0.3543307086614173,0.6299212598425197,short,0.6299212598425197,0.023776376389963418
attack_heavy&has_all_caps,101,-0.0035636478486788807,-0.006129570434025067,0.020101456415326728,0.297029702970297,0.6633663366336634,short,0.6633663366336634,0.02375794635305695
lots_of_excl&volume_spike,134,-0.003271376716573231,-0.004532328613664205,0.02119372748088368,0.3358208955223881,0.6268656716417911,short,0.6268656716417911,0.023738728050488947
has_attack&volume_spike,123,-0.0033595670077177704,-0.0046083123481044375,0.021839678338322732,0.3252032520325203,0.6341463414634146,short,0.6341463414634146,0.0236279125406192
sig_potus&exclamation_heavy,59,-0.004508482722355743,-0.006024119227211244,0.018583543907405478,0.2711864406779661,0.6779661016949152,short,0.6779661016949152,0.02347817823197417
exclamation_heavy&volume_spike,134,-0.0032345472987182927,-0.004532328613664205,0.021160840119312584,0.3358208955223881,0.6268656716417911,short,0.6268656716417911,0.02347147557226259
has_attack&pre_action,58,-0.004645429431536301,-0.005824768445526651,0.02446472668939754,0.3448275862068966,0.6551724137931034,short,0.6551724137931034,0.023179041174750815
has_china&uppercase_phrase_heavy,36,-0.005328454852324493,-0.005518242042125365,0.032839054476817967,0.25,0.7222222222222222,short,0.7222222222222222,0.02308997102673947
has_chips,32,-0.006463719079372925,-0.006284003308958841,0.013737877469994268,0.375,0.625,short,0.625,0.022852697963547317
has_exclamation&has_chips,32,-0.006463719079372925,-0.006284003308958841,0.013737877469994268,0.375,0.625,short,0.625,0.022852697963547317
has_china&pre_deal,82,-0.003804406954681376,-0.005518242042125365,0.017240322258094985,0.32926829268292684,0.6585365853658537,short,0.6585365853658537,0.02268682915402209
has_deal&has_uppercase_phrase,139,-0.0033792885439987838,-0.003717486352707744,0.02225660916396807,0.41007194244604317,0.5683453237410072,short,0.5683453237410072,0.02264357355239151
positive_heavy&has_china,255,-0.0023388108743722905,-0.0037594127832941693,0.02119553917173259,0.37254901960784315,0.6039215686274509,short,0.6039215686274509,0.022555150799504802
pre_deal&open_deal,30,-0.006482269152490575,-0.005668235076027817,0.025631094638002824,0.3333333333333333,0.6333333333333333,short,0.6333333333333333,0.02248640524471356
positive_heavy&has_chips,30,-0.00643553249563185,-0.006284003308958841,0.01394702025693802,0.36666666666666664,0.6333333333333333,short,0.6333333333333333,0.022324280010295513
has_night_post&has_chips,30,-0.00643553249563185,-0.006284003308958841,0.01394702025693802,0.36666666666666664,0.6333333333333333,short,0.6333333333333333,0.022324280010295513
has_attack&volume_drop,76,-0.003952634689096857,-0.0044269852110188634,0.01454259561656021,0.35526315789473684,0.6447368421052632,short,0.6447368421052632,0.022216516404074186
has_tariff&has_uppercase_phrase,55,-0.004576194548304612,-0.005141424098066616,0.017897609157597544,0.2909090909090909,0.6545454545454545,short,0.6545454545454545,0.02221394209251846
pre_action&exclamation_heavy,79,-0.00393110547086063,-0.005957420836103844,0.022010312839780766,0.35443037974683544,0.6329113924050633,short,0.6329113924050633,0.022114196012646976
posts_high&has_chips,23,-0.007050479333126062,-0.005268724124423474,0.014630842402292022,0.34782608695652173,0.6521739130434783,short,0.6521739130434783,0.022051898504524436
has_uppercase_phrase&deal_over_tariff,120,-0.003540636453141723,-0.003641272628272574,0.023564376261591632,0.4083333333333333,0.5666666666666667,short,0.5666666666666667,0.021978579804189123
posts_very_high&has_tariff,56,-0.004557609343542663,-0.007507387459809223,0.019385579011889933,0.32142857142857145,0.6428571428571429,short,0.6428571428571429,0.021925301999523864
posts_low&has_positive,93,-0.0037082684381059662,-0.00393445374535728,0.015418612657732946,0.3870967741935484,0.6129032258064516,short,0.6129032258064516,0.021918182876033174
attack_heavy&open_tariff,20,-0.006981699036743355,-0.012794200032843317,0.01997851436924406,0.2,0.7,short,0.7,0.02185617510244412
has_tariff&lots_of_excl,131,-0.0030504485912028656,-0.005089094131538019,0.017136603352094465,0.3511450381679389,0.6259541984732825,short,0.6259541984732825,0.021854552331913114
has_russia&sig_potus,35,-0.0053801220063268455,-0.006024119227211244,0.015850051568576072,0.2571428571428571,0.6857142857142857,short,0.6857142857142857,0.02182575842210715
positive_heavy&open_tariff,28,-0.0063925922844102045,-0.011022684930958204,0.019002320035966247,0.2857142857142857,0.6428571428571429,short,0.6428571428571429,0.021745554965459594
has_attack&has_chips,27,-0.006645586143815513,-0.005268724124423474,0.014203437584809677,0.37037037037037035,0.6296296296296297,short,0.6296296296296297,0.02174204204464349
pre_action&lots_of_excl,74,-0.004039593545514578,-0.005628863578825305,0.02229876283427943,0.36486486486486486,0.6216216216216216,short,0.6216216216216216,0.021601287712938764
pre_deal&has_uppercase_phrase,71,-0.004187821489316664,-0.0046083123481044375,0.018025181439622232,0.36619718309859156,0.6056338028169014,short,0.6056338028169014,0.021371127844637655
posts_very_high&has_iran,51,-0.004350501349521985,-0.006024119227211244,0.022044176673641516,0.29411764705882354,0.6862745098039216,short,0.6862745098039216,0.021321721383454152
has_positive&pre_action,80,-0.0037829319074437194,-0.005628863578825305,0.021861831251961256,0.3625,0.625,short,0.625,0.021147232248242748
has_exclamation&china_streak_3d,79,-0.003684338778670524,-0.00535240137489057,0.021216734016700798,0.35443037974683544,0.6455696202531646,short,0.6455696202531646,0.021140545412253332
china_streak_3d,79,-0.003684338778670524,-0.00535240137489057,0.021216734016700798,0.35443037974683544,0.6455696202531646,short,0.6455696202531646,0.021140545412253332
deal_only&china_streak_3d,24,-0.006076150020815051,-0.00731674169491936,0.023284521938794874,0.2916666666666667,0.7083333333333334,short,0.7083333333333334,0.021084911798097534
has_attack&has_iran,88,-0.0034639983340910134,-0.005064917035927874,0.02023704032100589,0.3409090909090909,0.6477272727272727,short,0.6477272727272727,0.02104801739906109
pre_deal&volume_spike,49,-0.004599863932604104,-0.004975158999091178,0.019013037352798204,0.3469387755102041,0.6530612244897959,short,0.6530612244897959,0.02102794940619019
has_tariff&has_all_caps,41,-0.004630989015664724,-0.005709677584966877,0.01865639472985781,0.24390243902439024,0.7073170731707317,short,0.7073170731707317,0.02097393029939401
open_tariff&has_night_post,28,-0.00615607144919831,-0.010194593468159985,0.01889988558095805,0.2857142857142857,0.6428571428571429,short,0.6428571428571429,0.020940986709930505
has_positive&has_chips,31,-0.006120191897656138,-0.005268724124423474,0.013824544310291276,0.3870967741935484,0.6129032258064516,short,0.6129032258064516,0.020885159370566675
has_night_post&china_streak_3d,74,-0.0037391146107547575,-0.005326353848218668,0.02141208763164742,0.35135135135135137,0.6486486486486487,short,0.6486486486486487,0.020863835735652262
has_night_post&sig_potus,59,-0.004097166968361151,-0.00531914387692578,0.01850509787159849,0.288135593220339,0.6610169491525424,short,0.6610169491525424,0.02080282252298413
open_deal&has_all_caps,28,-0.00644205540304157,-0.004862534501823723,0.03033124931905162,0.35714285714285715,0.6071428571428571,short,0.6071428571428571,0.02069637864180824
has_tariff&has_night_post,129,-0.002903453657028607,-0.004970197678855426,0.01640124733677236,0.35658914728682173,0.6201550387596899,short,0.6201550387596899,0.020450787230442274
has_tariff&exclamation_heavy,136,-0.002803403903468466,-0.004972678338973302,0.017019177057410736,0.35294117647058826,0.625,short,0.625,0.020433141628682705
has_relief&short_posts,47,-0.0046391042067948016,-0.006656815794426341,0.03217018990413861,0.3404255319148936,0.6382978723404256,short,0.6382978723404256,0.02030048687045912
sig_potus&deal_over_tariff,24,-0.005478811237144628,-0.00651696611161523,0.016847568048080862,0.16666666666666666,0.75,short,0.75,0.02013043789204647
posts_high&pre_action,59,-0.0041665200801566556,-0.005300306321546766,0.02401537218332755,0.3559322033898305,0.6271186440677966,short,0.6271186440677966,0.020070084337167206
has_relief&has_action,29,-0.005589762219535057,-0.0057361777627039645,0.03192333707752603,0.3448275862068966,0.6551724137931034,short,0.6551724137931034,0.019721862928031537
has_china&has_all_caps,90,-0.0031679854981887523,-0.006173446086171985,0.02546135350697325,0.32222222222222224,0.6555555555555556,short,0.6555555555555556,0.019702164545030716
pre_action&volume_spike,32,-0.005043959116536257,-0.00840385379952574,0.029435289752624598,0.3125,0.6875,short,0.6875,0.019616397324317723
positive_heavy&pre_action,66,-0.0038825949709872,-0.005628863578825305,0.022977629076332804,0.36363636363636365,0.6212121212121212,short,0.6212121212121212,0.019594490557754616
uppercase_phrase_heavy&short_posts,33,-0.004684503181543443,-0.0057361777627039645,0.035944070002777904,0.24242424242424243,0.7272727272727273,short,0.7272727272727273,0.019571215995842196
has_russia&volume_drop,26,-0.005538885401384355,-0.0062917762577544,0.015054652706967668,0.3076923076923077,0.6923076923076923,short,0.6923076923076923,0.019552766362070557
has_russia&open_deal,34,-0.0051653887426074815,-0.006025259023681728,0.02195307530373806,0.3235294117647059,0.6470588235294118,short,0.6470588235294118,0.01948885094350097
positive_heavy&pre_deal,143,-0.0027296854211017003,-0.0037986669389725725,0.020349088323542385,0.38461538461538464,0.5944055944055944,short,0.5944055944055944,0.019402759797447672
has_china&pre_action,44,-0.004430893412608539,-0.007166185948475623,0.027026163436355125,0.3409090909090909,0.6590909090909091,short,0.6590909090909091,0.019371487142487164
deal_heavy&has_iran,42,-0.004472307742656125,-0.0065497211476616135,0.02157258491248631,0.3333333333333333,0.6666666666666666,short,0.6666666666666666,0.019322577869090758
has_iran&has_night_post,109,-0.0029212623113447416,-0.004474233156233742,0.019147152257644136,0.3577981651376147,0.6330275229357798,short,0.6330275229357798,0.01930662661204003
has_tariff&has_china,86,-0.0033091760929700132,-0.0050321265653145986,0.017161441793012433,0.3488372093023256,0.627906976744186,short,0.627906976744186,0.019269232296667698
positive_heavy&volume_spike,127,-0.002746923288933592,-0.004437900708963771,0.02143438836947958,0.3464566929133858,0.6220472440944882,short,0.6220472440944882,0.01925625206428535
open_deal&has_uppercase_phrase,39,-0.005181788274470262,-0.003352888585901548,0.029475672020006918,0.38461538461538464,0.5897435897435898,short,0.5897435897435898,0.019084254365394737
has_tariff&has_action,41,-0.004520284586678397,-0.0063492305695065365,0.017682076297359503,0.34146341463414637,0.6585365853658537,short,0.6585365853658537,0.019060645915133498
has_action&uppercase_phrase_heavy,26,-0.005114276258227767,-0.00528451522298512,0.04045323667802168,0.2692307692307692,0.7307692307692307,short,0.7307692307692307,0.019056849782059453
volume_spike,176,-0.002335796932273551,-0.004597731898141999,0.02613563195905458,0.35795454545454547,0.6136363636363636,short,0.6136363636363636,0.019015270390181176
has_china&has_uppercase_phrase,128,-0.0027129112947846742,-0.004674365660182311,0.02294796034132197,0.359375,0.6171875,short,0.6171875,0.018943389986335723
exclamation_heavy&volume_drop,114,-0.002930093068844891,-0.004447215187069864,0.014314758388180325,0.38596491228070173,0.6052631578947368,short,0.6052631578947368,0.018935556804768522
has_uppercase_phrase&deal_only,99,-0.0034775088517877604,-0.003322271767520979,0.02357863727479352,0.43434343434343436,0.5454545454545454,short,0.5454545454545454,0.018873150654304845
has_tariff&volume_spike,39,-0.004699996500673235,-0.0057361777627039645,0.017501014271976156,0.3333333333333333,0.6410256410256411,short,0.6410256410256411,0.01881504406357938
has_uppercase_phrase&china_streak_3d,33,-0.004672531123508429,-0.005957420836103844,0.018996172210204703,0.30303030303030304,0.696969696969697,short,0.696969696969697,0.018707815103288984
has_iran&deal_over_tariff,68,-0.0034031359834560486,-0.004465289017728857,0.019468803558502508,0.3382352941176471,0.6617647058823529,short,0.6617647058823529,0.01857108853870084
uppercase_phrase_heavy&has_exclamation,48,-0.0038425725924575737,-0.005080555282782062,0.03231578143885674,0.2708333333333333,0.6875,short,0.6875,0.01830271014524748
uppercase_phrase_heavy&lots_of_excl,48,-0.0038425725924575737,-0.005080555282782062,0.03231578143885674,0.2708333333333333,0.6875,short,0.6875,0.01830271014524748
has_uppercase_phrase&uppercase_phrase_heavy,48,-0.0038425725924575737,-0.005080555282782062,0.03231578143885674,0.2708333333333333,0.6875,short,0.6875,0.01830271014524748
uppercase_phrase_heavy,48,-0.0038425725924575737,-0.005080555282782062,0.03231578143885674,0.2708333333333333,0.6875,short,0.6875,0.01830271014524748
has_night_post&uppercase_phrase_heavy,48,-0.0038425725924575737,-0.005080555282782062,0.03231578143885674,0.2708333333333333,0.6875,short,0.6875,0.01830271014524748
uppercase_phrase_heavy&exclamation_heavy,48,-0.0038425725924575737,-0.005080555282782062,0.03231578143885674,0.2708333333333333,0.6875,short,0.6875,0.01830271014524748
has_positive&uppercase_phrase_heavy,48,-0.0038425725924575737,-0.005080555282782062,0.03231578143885674,0.2708333333333333,0.6875,short,0.6875,0.01830271014524748
has_iran&lots_of_excl,110,-0.002726113145352242,-0.0042459363358740565,0.01882433265208845,0.35454545454545455,0.6363636363636364,short,0.6363636363636364,0.01819472828700796
has_all_caps&volume_spike,48,-0.003932555850709947,-0.006229944655391784,0.025616572544852844,0.3125,0.6666666666666666,short,0.6666666666666666,0.018163697432085003
has_positive&china_streak_3d,77,-0.0032437284858190005,-0.005300306321546766,0.021312057214169778,0.36363636363636365,0.6363636363636364,short,0.6363636363636364,0.01811320123800161
has_china&open_tariff,20,-0.006229739304257987,-0.013804462909846826,0.021303620576743405,0.3,0.65,short,0.65,0.018109156736350034
short_posts&tariff_only,20,-0.00537911075464389,-0.009666582614103636,0.022874047773076698,0.2,0.75,short,0.75,0.018042085958825897
has_positive&has_iran,112,-0.0027222591380557776,-0.004465289017728857,0.01887428766467192,0.36607142857142855,0.625,short,0.625,0.01800605170892159
has_iran&exclamation_heavy,115,-0.0026817557036363225,-0.004035527792524141,0.01863269597433667,0.3652173913043478,0.6260869565217392,short,0.6260869565217392,0.018005400634800647
has_deal&has_iran,77,-0.0031344524304504334,-0.004474233156233742,0.018549303604425527,0.35064935064935066,0.6493506493506493,short,0.6493506493506493,0.017860200292972233
positive_heavy&tariff_only,41,-0.003884211423276754,-0.004970197678855426,0.018170862931803894,0.24390243902439024,0.7073170731707317,short,0.7073170731707317,0.017591745388370997
has_relief&deal_over_tariff,47,-0.00410820562014155,-0.0057361777627039645,0.03213830300615411,0.3404255319148936,0.6170212765957447,short,0.6170212765957447,0.017378057957752945
posts_high&has_iran,76,-0.003193925222292247,-0.0042459363358740565,0.01927546548006492,0.3684210526315789,0.618421052631579,short,0.618421052631579,0.017219312421797018
posts_high&uppercase_phrase_heavy,44,-0.0037671106467803365,-0.005080555282782062,0.033644986400402074,0.2727272727272727,0.6818181818181818,short,0.6818181818181818,0.017037398944259218
has_china&has_iran,45,-0.003676973437209958,-0.005705024114668444,0.023646775911660724,0.3111111111111111,0.6888888888888889,short,0.6888888888888889,0.016992055951262543
posts_high&has_tariff,91,-0.0028728792938257134,-0.005141424098066616,0.018353969218131323,0.3516483516483517,0.6153846153846154,short,0.6153846153846154,0.01686493648811926
has_action&has_all_caps,54,-0.0037180888329140546,-0.004862534501823723,0.0305446034893044,0.3888888888888889,0.6111111111111112,short,0.6111111111111112,0.016696937508129367
posts_very_high&uppercase_phrase_heavy,39,-0.003797995885332097,-0.005268724124423474,0.035434827269573685,0.2564102564102564,0.6923076923076923,short,0.6923076923076923,0.016420483870493746
positive_heavy&has_iran,91,-0.0027282064340264627,-0.004474233156233742,0.019896939271327834,0.3626373626373626,0.6263736263736264,short,0.6263736263736264,0.01630164338655157
pre_tariff&has_uppercase_phrase,25,-0.004753975720844532,-0.0057361777627039645,0.019793498287003695,0.28,0.68,short,0.68,0.01616351745087141
has_relief&has_positive,92,-0.0027513170684046293,-0.004848703239821228,0.02863488238125479,0.3695652173913043,0.6086956521739131,short,0.6086956521739131,0.016063299459301357
has_exclamation&volume_spike,151,-0.002105510950622054,-0.0046083123481044375,0.02734853481035993,0.3509933774834437,0.6158940397350994,short,0.6158940397350994,0.01593499675632244
posts_high&tariff_only,25,-0.004681408107622937,-0.009511767143338568,0.021420552035030852,0.24,0.68,short,0.68,0.015916787565917988
attack_heavy&pre_tariff,33,-0.004343333610040383,-0.004975158999091178,0.017849706827737108,0.3333333333333333,0.6363636363636364,short,0.6363636363636364,0.01587762401125801
has_tariff&has_russia,61,-0.0029483618028823895,-0.0057361777627039645,0.019618650427354407,0.3114754098360656,0.6885245901639344,short,0.6885245901639344,0.015854959938484344
pre_action&short_posts,50,-0.0033197026107066384,-0.006989588889286857,0.02467162385000219,0.32,0.66,short,0.66,0.01549273590185211
posts_high&sig_potus,42,-0.0033329663152235965,-0.006137081344464945,0.02053438393261238,0.23809523809523808,0.7142857142857143,short,0.7142857142857143,0.015428636032494319
has_relief&has_exclamation,93,-0.0026229199829201646,-0.0046083123481044375,0.02850573800011111,0.3763440860215054,0.6021505376344086,short,0.6021505376344086,0.015231111400015632
has_relief,93,-0.0026229199829201646,-0.0046083123481044375,0.02850573800011111,0.3763440860215054,0.6021505376344086,short,0.6021505376344086,0.015231111400015632
has_relief&has_uppercase_phrase,41,-0.003887697841957099,-0.0046083123481044375,0.029518748726214926,0.34146341463414637,0.6097560975609756,short,0.6097560975609756,0.015178909926616389
has_relief&exclamation_heavy,91,-0.0026065935660047937,-0.0046083123481044375,0.028759672742088255,0.37362637362637363,0.6043956043956044,short,0.6043956043956044,0.015028488809068558
has_relief&has_night_post,91,-0.0026065935660047937,-0.0046083123481044375,0.028759672742088255,0.37362637362637363,0.6043956043956044,short,0.6043956043956044,0.015028488809068558
has_all_caps&uppercase_phrase_heavy,40,-0.003393070407523557,-0.005080555282782062,0.034957948212412576,0.25,0.7,short,0.7,0.015021763048726228
has_deal&sig_potus,26,-0.004254495231228083,-0.005801432187169775,0.016750537984686505,0.23076923076923078,0.6923076923076923,short,0.6923076923076923,0.015018752910821153
posts_high&has_relief,65,-0.002999597438179552,-0.0046083123481044375,0.032319270559658594,0.35384615384615387,0.6153846153846154,short,0.6153846153846154,0.014882170884762813
has_iran,118,-0.002158151234342148,-0.0042459363358740565,0.020013395317251895,0.3644067796610169,0.6271186440677966,short,0.6271186440677966,0.014701870434617752
has_iran&has_exclamation,118,-0.002158151234342148,-0.0042459363358740565,0.020013395317251895,0.3644067796610169,0.6271186440677966,short,0.6271186440677966,0.014701870434617752
lots_of_excl&china_streak_3d,70,-0.0027825971924956123,-0.005178909127980746,0.021179722387399808,0.37142857142857144,0.6285714285714286,short,0.6285714285714286,0.014633694999987002
has_attack&tariff_rising,21,-0.00477918505195304,-0.005089094131538019,0.012241798880838036,0.3333333333333333,0.6666666666666666,short,0.6666666666666666,0.014600651507184176
deal_over_tariff&volume_drop,24,-0.0043875165060807035,-0.005679667346997541,0.014846199191939734,0.3333333333333333,0.6666666666666666,short,0.6666666666666666,0.014329568903915426
deal_heavy&has_china,83,-0.002507426604067731,-0.005268724124423474,0.02406018852464973,0.37349397590361444,0.6144578313253012,short,0.6144578313253012,0.014036517109371795
deal_heavy&has_all_caps,50,-0.0034150148915745504,-0.003722939312216733,0.02650709741993183,0.38,0.58,short,0.58,0.014005725088575359
has_relief&attack_heavy,47,-0.0034183087748211527,-0.006024119227211244,0.026315207838486662,0.3617021276595745,0.5957446808510638,short,0.5957446808510638,0.013961124250541041
lots_of_excl&volume_drop,83,-0.002404897092438465,-0.004775567283634263,0.014972303960542473,0.37349397590361444,0.6265060240963856,short,0.6265060240963856,0.013726530984549037
has_china&sig_potus,27,-0.0038736812837162882,-0.005300306321546766,0.01687759010865049,0.2222222222222222,0.6666666666666666,short,0.6666666666666666,0.013418825591450485
positive_heavy&china_streak_3d,64,-0.0026609044805784594,-0.00528451522298512,0.02274074245732785,0.375,0.625,short,0.625,0.013304522402892297
exclamation_heavy&china_streak_3d,73,-0.0024635502044442234,-0.005089094131538019,0.02160538237217124,0.3835616438356164,0.6164383561643836,short,0.6164383561643836,0.012975153394653625
has_iran&pre_deal,41,-0.0031776246801678253,-0.003930832522422878,0.018066810557557038,0.36585365853658536,0.6341463414634146,short,0.6341463414634146,0.012902801604469086
has_relief&positive_heavy,85,-0.0023171066008003927,-0.0046083123481044375,0.02956786428406913,0.3764705882352941,0.6,short,0.6,0.012817600391019613
pre_tariff&tariff_only,22,-0.00396344513201721,-0.0027170203629255374,0.017724866458112064,0.3181818181818182,0.6818181818181818,short,0.6818181818181818,0.012675140120733393
has_iran&volume_spike,39,-0.003026338218719292,-0.005709677584966877,0.02820833937879718,0.3076923076923077,0.6666666666666666,short,0.6666666666666666,0.012599650745585703
has_relief&lots_of_excl,88,-0.0022682161251152107,-0.004531325655792839,0.029147574160393385,0.38636363636363635,0.5909090909090909,short,0.5909090909090909,0.012573217870821657
has_attack&has_market_brag,130,-0.001839628696597724,-0.0038217464612609886,0.018326310679273646,0.38461538461538464,0.5846153846153846,short,0.5846153846153846,0.012262304366827624
pre_deal&has_all_caps,48,-0.0029468889302656093,-0.003555220783576507,0.01740272691733318,0.375,0.5833333333333334,short,0.5833333333333334,0.011909709820125444
has_deal&has_relief,50,-0.002880059682166365,-0.004203489643538505,0.031590800565067814,0.38,0.58,short,0.58,0.011811756442594494
attack_heavy&open_deal,47,-0.0026051364363920155,-0.004744953784695416,0.018008924993388326,0.3191489361702128,0.6595744680851063,short,0.6595744680851063,0.011779944328500476
pre_action&has_all_caps,27,-0.0033835132873603273,-0.007547162794848794,0.03124467060822284,0.3333333333333333,0.6666666666666666,short,0.6666666666666666,0.011720833843584962
attack_heavy&tariff_only,21,-0.004106691707789323,-0.009532834125577039,0.019721595148359847,0.2857142857142857,0.6190476190476191,short,0.6190476190476191,0.011649996804204598
uppercase_phrase_heavy&volume_spike,24,-0.003331843225508909,-0.00528451522298512,0.03280194837015351,0.25,0.7083333333333334,short,0.7083333333333334,0.01156186405771473
high_emotion,73,-0.0021926413540985807,-0.004717014021786259,0.024841524462685872,0.3835616438356164,0.6164383561643836,short,0.6164383561643836,0.011548316676301875
deal_only&volume_drop,23,-0.003649681468409281,-0.005323170863486215,0.014723068480574489,0.34782608695652173,0.6521739130434783,short,0.6521739130434783,0.01141516789320488
has_tariff&has_market_brag,35,-0.003542693149122944,-0.002255618988042607,0.016266441332248766,0.42857142857142855,0.5428571428571428,short,0.5428571428571428,0.011377664315079528
has_night_post&volume_spike,151,-0.001518746887711037,-0.00412090782194352,0.02631164528443983,0.36423841059602646,0.6026490066225165,short,0.6026490066225165,0.011247042070026126
has_tariff&positive_heavy,118,-0.001686581571014786,-0.004072003436993765,0.017452233316744205,0.3728813559322034,0.6016949152542372,short,0.6016949152542372,0.011023631715568161
pre_deal&sig_potus,21,-0.0033590116640321113,-0.0062837204974137695,0.017631821088825925,0.23809523809523808,0.7142857142857143,short,0.7142857142857143,0.01099494657904766
has_attack&pre_tariff,50,-0.0025770893902647305,-0.003897470287909155,0.018237500767011514,0.38,0.6,short,0.6,0.010933664301480576
has_iran&open_deal,22,-0.0038963265981251053,-0.006200330946256605,0.02668855833709647,0.4090909090909091,0.5909090909090909,short,0.5909090909090909,0.010799095084383986
has_deal&volume_drop,26,-0.0032135549215103754,-0.0056245455690044355,0.015574195380888415,0.34615384615384615,0.6538461538461539,short,0.6538461538461539,0.010713909511435386
attack_heavy&has_market_brag,76,-0.0021703459872533452,-0.004678411502690771,0.020339902138314794,0.39473684210526316,0.5526315789473685,short,0.5526315789473685,0.010456141865793859
positive_heavy&volume_drop,51,-0.0023742474463559243,-0.0027397233430072054,0.015307826292519863,0.37254901960784315,0.6078431372549019,short,0.6078431372549019,0.010306295382428339
has_market_brag&has_russia,56,-0.0022337705233038347,-0.0026895153973857666,0.016578237760320358,0.35714285714285715,0.6071428571428571,short,0.6071428571428571,0.010149004831494331
has_china&pre_tariff,39,-0.0025947295074868824,-0.004975158999091178,0.018958577888587385,0.358974358974359,0.6153846153846154,short,0.6153846153846154,0.009971741895778981
lots_of_excl&tariff_rising,27,-0.003037052510692475,-0.004970197678855426,0.012161798299536005,0.37037037037037035,0.6296296296296297,short,0.6296296296296297,0.009936177479350865
attack_heavy&sig_potus,31,-0.0028469362852115735,-0.004456344879223972,0.016075477716405495,0.3225806451612903,0.6129032258064516,short,0.6129032258064516,0.009715172175771773
has_market_brag&has_all_caps,53,-0.0021526479276075465,-0.006637214587377094,0.024168444476021275,0.3584905660377358,0.6037735849056604,short,0.6037735849056604,0.009462045866212777
has_russia&tariff_only,21,-0.002800062119350302,-0.009532834125577039,0.021117776969754816,0.2857142857142857,0.7142857142857143,short,0.7142857142857143,0.009165354723215165
sig_potus&short_posts,29,-0.002452726012008196,-0.00531914387692578,0.024128455105598922,0.27586206896551724,0.6896551724137931,short,0.6896551724137931,0.009109195725110274
has_tariff&pre_deal,54,-0.0021047106743855774,-0.005058291548578897,0.01731295896170236,0.4074074074074074,0.5740740740740741,short,0.5740740740740741,0.008878860192302548
attack_heavy&pre_relief,24,0.0038315097805671494,-0.001676444292950774,0.03153700219955497,0.4583333333333333,0.5,long,0.4583333333333333,0.0086031402479666
high_emotion&short_posts,63,-0.0017819619194264886,-0.00393445374535728,0.023671609563785237,0.4126984126984127,0.5873015873015873,short,0.5873015873015873,0.008306725672848708
has_market_brag&volume_spike,38,-0.002175969984724258,-0.0062431947442603275,0.023794238468148567,0.3684210526315789,0.6052631578947368,short,0.6052631578947368,0.008118745694976615
open_deal&volume_spike,26,-0.002515400100345827,-0.00390461673256276,0.022759150484148217,0.38461538461538464,0.6153846153846154,short,0.6153846153846154,0.00789296873609638
has_tariff&deal_over_tariff,44,-0.0020108963779234446,-0.00719065662320334,0.020614510871028426,0.38636363636363635,0.5909090909090909,short,0.5909090909090909,0.007882004919285283
has_relief&has_all_caps,26,0.0039135713529450025,-0.003477158355540244,0.03362117556866912,0.38461538461538464,0.5384615384615384,long,0.38461538461538464,0.007675144883270878
has_tariff&has_deal,86,-0.0014496553333258702,-0.004933772720115914,0.01679020556768987,0.4186046511627907,0.5697674418604651,short,0.5697674418604651,0.007659697384302491
pre_tariff&lots_of_excl,60,-0.001633796286292936,-0.003897470287909155,0.01812002079859424,0.38333333333333336,0.6,short,0.6,0.007593198969489679
posts_very_high&all_caps_heavy,23,0.005142096177313842,-0.004456344879223972,0.03590641909678423,0.30434782608695654,0.6521739130434783,long,0.30434782608695654,0.007505408200064038
pre_relief&deal_over_tariff,24,-0.002802987932049907,-0.0034589737448694757,0.027112371299958384,0.4166666666666667,0.5416666666666666,short,0.5416666666666666,0.007438047704426385
pre_tariff&volume_spike,22,-0.0026595006221545817,-0.005355668380897571,0.02024084237118456,0.4090909090909091,0.5909090909090909,short,0.5909090909090909,0.007371096691290131
short_posts&volume_spike,102,-0.001173514525206316,-0.0045217481637017665,0.028823647811033654,0.35294117647058826,0.6176470588235294,short,0.6176470588235294,0.007320300899816976
posts_high&pre_tariff,42,-0.0019409515419798792,-0.003897470287909155,0.018911845053077136,0.40476190476190477,0.5714285714285714,short,0.5714285714285714,0.007187887800997997
has_relief&has_market_brag,21,0.004004423856924037,-0.002499977747599247,0.029198937267533285,0.38095238095238093,0.5714285714285714,long,0.38095238095238093,0.006990695405349109
has_market_brag&pre_action,21,0.0031726878959460574,-0.004744953784695416,0.030520672039296513,0.47619047619047616,0.5238095238095238,long,0.47619047619047616,0.006923372590306183
has_market_brag&has_night_post,151,-0.0010005385609194283,-0.0019980476829525307,0.01752913645603266,0.423841059602649,0.5496688741721855,short,0.5496688741721855,0.0067580818874834045
has_deal&has_market_brag,78,-0.001419315753393394,-0.0017310218681433898,0.017692323987718927,0.4358974358974359,0.5256410256410257,short,0.5256410256410257,0.006588940390244598
posts_high&has_market_brag,106,-0.0011663564549656662,-0.002671451657048407,0.019683985200451934,0.41509433962264153,0.5471698113207547,short,0.5471698113207547,0.006570620104028274
has_iran&has_all_caps,26,-0.0017622935291856272,-0.005357350898610669,0.024821364025134424,0.2692307692307692,0.7307692307692307,short,0.7307692307692307,0.0065666697225353985
has_russia&pre_tariff,29,-0.0019467601258608862,-0.004975158999091178,0.019056526730375615,0.3793103448275862,0.6206896551724138,short,0.6206896551724138,0.006507077038584072
has_attack&all_caps_heavy,25,-0.0016969506831159365,-0.008881028369184807,0.03020426958223271,0.2,0.76,short,0.76,0.006448412595840559
has_deal&open_tariff,21,-0.0024566334933329953,-0.005300306321546766,0.01958046602262181,0.38095238095238093,0.5714285714285714,short,0.5714285714285714,0.006432976535978424
tariff_heavy&lots_of_excl,20,-0.002577299332882871,-0.0044639571168323955,0.010498323913076486,0.4,0.55,short,0.55,0.006339318157360055
posts_high&brag_heavy,29,-0.0021098332090530025,-0.0028790530471722864,0.0140137181921337,0.3793103448275862,0.5517241379310345,short,0.5517241379310345,0.00626857906003635
posts_very_high&pre_tariff,26,-0.002237044954605847,-0.0038328590510054994,0.021325121795493906,0.4230769230769231,0.5384615384615384,short,0.5384615384615384,0.006142088548787422
posts_low&short_posts,131,-0.0009754647400404688,-0.0025884152352226852,0.025249186938338344,0.44274809160305345,0.549618320610687,short,0.549618320610687,0.00613632600362277
pre_tariff,64,-0.0012788793603413662,-0.0032514472031127117,0.018068959018330888,0.390625,0.59375,short,0.59375,0.00607467696162149
has_tariff&pre_tariff,64,-0.0012788793603413662,-0.0032514472031127117,0.018068959018330888,0.390625,0.59375,short,0.59375,0.00607467696162149
pre_tariff&has_exclamation,64,-0.0012788793603413662,-0.0032514472031127117,0.018068959018330888,0.390625,0.59375,short,0.59375,0.00607467696162149
posts_low&high_emotion,62,-0.001287402616191675,-0.004280334092824245,0.026363845364841217,0.4032258064516129,0.5967741935483871,short,0.5967741935483871,0.006049510942998648
has_market_brag&pre_deal,39,-0.0018867577376646626,-0.0017138352727434913,0.01732829989186659,0.46153846153846156,0.5128205128205128,short,0.5128205128205128,0.006042460664194106
posts_very_high&has_market_brag,62,-0.0013157936049365405,-0.005880148494957604,0.023019091003114223,0.3870967741935484,0.5806451612903226,short,0.5806451612903226,0.006015814377587249
has_positive&pre_tariff,63,-0.0012850379381726563,-0.0037594127832941693,0.018214025840775628,0.3968253968253968,0.5873015873015873,short,0.5873015873015873,0.0059902838075456015
has_positive&tariff_rising,28,-0.0018480161975934415,-0.0040083266194881895,0.013491398006202754,0.39285714285714285,0.6071428571428571,short,0.6071428571428571,0.005937117980005329
tariff_rising,28,-0.0018480161975934415,-0.0040083266194881895,0.013491398006202754,0.39285714285714285,0.6071428571428571,short,0.6071428571428571,0.005937117980005329
has_tariff&tariff_rising,28,-0.0018480161975934415,-0.0040083266194881895,0.013491398006202754,0.39285714285714285,0.6071428571428571,short,0.6071428571428571,0.005937117980005329
has_exclamation&tariff_rising,28,-0.0018480161975934415,-0.0040083266194881895,0.013491398006202754,0.39285714285714285,0.6071428571428571,short,0.6071428571428571,0.005937117980005329
exclamation_heavy&tariff_rising,28,-0.0018480161975934415,-0.0040083266194881895,0.013491398006202754,0.39285714285714285,0.6071428571428571,short,0.6071428571428571,0.005937117980005329
sig_potus&has_uppercase_phrase,31,-0.0016419701534113981,-0.005005024212254461,0.02299533486804755,0.2903225806451613,0.6451612903225806,short,0.6451612903225806,0.005898130906448081
posts_low&exclamation_heavy,39,0.0019375463782175307,-0.0007899075041365444,0.016970467295810854,0.48717948717948717,0.5128205128205128,long,0.48717948717948717,0.005894858764658419
posts_very_high&sig_potus,31,-0.001554059253370735,-0.00531914387692578,0.023231538419604344,0.25806451612903225,0.6774193548387096,short,0.6774193548387096,0.005861462912952258
has_market_brag&deal_over_tariff,70,-0.0012908013342239804,-0.001855941477848011,0.018486176094139366,0.42857142857142855,0.5285714285714286,short,0.5285714285714286,0.005708369929436579
has_tariff&has_iran,21,0.0026134568928199826,-0.004035527792524141,0.018195240334216618,0.47619047619047616,0.5238095238095238,long,0.47619047619047616,0.005703030493738886
has_attack&brag_heavy,32,-0.0017792852559535277,-0.0024385503650624085,0.013973201097800904,0.375,0.5625,short,0.5625,0.005661651015674916
has_night_post&high_emotion,43,-0.001423950314922843,-0.0039735167374689295,0.024743618025983644,0.3953488372093023,0.6046511627906976,short,0.6046511627906976,0.005645910068510288
has_market_brag,169,-0.0007859992431122964,-0.0019980476829525307,0.017229447989187557,0.4260355029585799,0.5502958579881657,short,0.5502958579881657,0.00562291766226489
has_market_brag&has_exclamation,169,-0.0007859992431122964,-0.0019980476829525307,0.017229447989187557,0.4260355029585799,0.5502958579881657,short,0.5502958579881657,0.00562291766226489
has_relief&volume_spike,28,-0.001652045221353807,-0.006196496778565153,0.034946260854199676,0.35714285714285715,0.6428571428571429,short,0.6428571428571429,0.005619729613287635
has_deal&pre_relief,25,-0.002151694534549886,-0.003352888585901548,0.02674054773531577,0.44,0.52,short,0.52,0.0055944057898297045
brag_heavy&has_night_post,37,-0.001623030196947074,-0.0017138352727434913,0.012712147863354634,0.40540540540540543,0.5405405405405406,short,0.5405405405405406,0.005336490414882271
posts_low&has_attack,30,-0.0016738281750194688,-0.0018791846927623812,0.013381424814025995,0.43333333333333335,0.5666666666666667,short,0.5666666666666667,0.005195162876793253
has_deal&china_streak_3d,37,-0.0013660953977061455,-0.005300306321546766,0.02457103705274975,0.3783783783783784,0.6216216216216216,short,0.6216216216216216,0.005165448098744191
has_tariff&open_deal,22,-0.0018951695105837467,-0.003844866683043624,0.018781124434001057,0.4090909090909091,0.5454545454545454,short,0.5454545454545454,0.004848617967261197
positive_heavy&has_market_brag,140,-0.0007405507790298709,-0.0020019137257929476,0.018230186220636903,0.42142857142857143,0.55,short,0.55,0.00481927324139502
pre_deal&china_streak_3d,22,-0.0015720139137073152,-0.0042224786723031316,0.029765406942111536,0.36363636363636365,0.6363636363636364,short,0.6363636363636364,0.004692162895327409
has_market_brag&has_iran,27,0.002698525394206181,-0.002499977747599247,0.0205940135415271,0.3333333333333333,0.6666666666666666,long,0.3333333333333333,0.0046739830882799385
all_caps_heavy&has_uppercase_phrase,27,0.0029882910248894743,-0.004456344879223972,0.03383049135434778,0.2962962962962963,0.6666666666666666,long,0.2962962962962963,0.004600775007031681
has_market_brag&deal_only,54,-0.001078917290218107,-0.001855941477848011,0.017887776881518134,0.42592592592592593,0.5370370370370371,short,0.5370370370370371,0.004257839346406642
has_relief&has_china,37,-0.0011967964912420921,-0.005089094131538019,0.031126148697044814,0.40540540540540543,0.5675675675675675,short,0.5675675675675675,0.004131794754586901
posts_high&all_caps_heavy,26,0.0030089179650105245,-0.004674365660182311,0.034347363167196235,0.2692307692307692,0.6923076923076923,long,0.2692307692307692,0.004130681535719996
brag_heavy&lots_of_excl,39,-0.0011709510329339246,-0.0017138352727434913,0.013148757575382457,0.38461538461538464,0.5641025641025641,short,0.5641025641025641,0.004125048996197121
high_emotion&has_uppercase_phrase,20,0.002511180673938762,-0.00571417922383155,0.038314845343779116,0.35,0.65,long,0.35,0.003930619483497564
has_action&has_market_brag,40,0.0014576816994628066,-0.002860989306834927,0.024077064245388344,0.425,0.55,long,0.425,0.0039181551327703845
has_night_post&all_caps_heavy,28,0.0025643867608153926,-0.004674365660182311,0.03327378295348797,0.2857142857142857,0.6785714285714286,long,0.2857142857142857,0.0038769883625737163
has_all_caps&all_caps_heavy,28,0.0025643867608153926,-0.004674365660182311,0.03327378295348797,0.2857142857142857,0.6785714285714286,long,0.2857142857142857,0.0038769883625737163
all_caps_heavy&lots_of_excl,28,0.0025643867608153926,-0.004674365660182311,0.03327378295348797,0.2857142857142857,0.6785714285714286,long,0.2857142857142857,0.0038769883625737163
all_caps_heavy&exclamation_heavy,28,0.0025643867608153926,-0.004674365660182311,0.03327378295348797,0.2857142857142857,0.6785714285714286,long,0.2857142857142857,0.0038769883625737163
all_caps_heavy,28,0.0025643867608153926,-0.004674365660182311,0.03327378295348797,0.2857142857142857,0.6785714285714286,long,0.2857142857142857,0.0038769883625737163
all_caps_heavy&has_exclamation,28,0.0025643867608153926,-0.004674365660182311,0.03327378295348797,0.2857142857142857,0.6785714285714286,long,0.2857142857142857,0.0038769883625737163
has_positive&all_caps_heavy,28,0.0025643867608153926,-0.004674365660182311,0.03327378295348797,0.2857142857142857,0.6785714285714286,long,0.2857142857142857,0.0038769883625737163
has_tariff&deal_heavy,57,-0.0009365743837127827,-0.00489238644114065,0.018742127169333975,0.43859649122807015,0.543859649122807,short,0.543859649122807,0.003845621535680082
brag_heavy&deal_over_tariff,21,-0.0014531976608963548,-0.0019980476829525307,0.014362582669194119,0.3333333333333333,0.5714285714285714,short,0.5714285714285714,0.003805364731880179
attack_heavy&brag_heavy,24,-0.0015388771247980687,-0.0014395265235861432,0.014018762306363165,0.4166666666666667,0.5,short,0.5,0.0037694637325965375
has_china&tariff_rising,21,-0.0012795624493328844,-0.003046455560120953,0.014672667981773952,0.38095238095238093,0.6190476190476191,short,0.6190476190476191,0.0036299044355420722
posts_low&has_exclamation,133,-0.0005514781769075045,-0.002708254183317771,0.02657445637167988,0.42857142857142855,0.5639097744360902,short,0.5639097744360902,0.0035864416887861263
brag_heavy&has_exclamation,40,-0.001014127374511445,-0.0017094114500902924,0.013016931271003104,0.4,0.55,short,0.55,0.0035276475750810297
brag_heavy&exclamation_heavy,40,-0.001014127374511445,-0.0017094114500902924,0.013016931271003104,0.4,0.55,short,0.55,0.0035276475750810297
brag_heavy,40,-0.001014127374511445,-0.0017094114500902924,0.013016931271003104,0.4,0.55,short,0.55,0.0035276475750810297
has_market_brag&brag_heavy,40,-0.001014127374511445,-0.0017094114500902924,0.013016931271003104,0.4,0.55,short,0.55,0.0035276475750810297
has_deal&brag_heavy,24,-0.0012732223429270384,-0.001855941477848011,0.01360408694671507,0.375,0.5416666666666666,short,0.5416666666666666,0.003378640491722325
has_positive&brag_heavy,39,-0.000996413009051813,-0.0017138352727434913,0.013186606006421667,0.41025641025641024,0.5384615384615384,short,0.5384615384615384,0.003350629286903606
has_market_brag&short_posts,80,-0.0006239736477231556,-0.0033363470690009334,0.019810812184177778,0.4,0.5875,short,0.5875,0.003278831607322085
has_market_brag&exclamation_heavy,166,-0.0004606523286942497,-0.0017310218681433898,0.01715152120373111,0.43373493975903615,0.5421686746987951,short,0.5421686746987951,0.003217819923754995
posts_low&has_uppercase_phrase,24,0.001743211310307603,-0.006016785279429948,0.03987561584178533,0.375,0.625,long,0.375,0.0032024836680765727
posts_very_high&pre_relief,22,0.0016593344899429067,-0.0034589737448694757,0.035291366356981824,0.4090909090909091,0.5454545454545454,long,0.4090909090909091,0.0031839417173645927
posts_high&pre_relief,31,0.0012030411936544453,-0.0007627212409898609,0.03039178018467076,0.45161290322580644,0.5161290322580645,long,0.45161290322580644,0.0030250160771174176
attack_heavy&uppercase_phrase_heavy,37,-0.0006734148179390571,-0.004456344879223972,0.026621225574063805,0.2702702702702703,0.6756756756756757,short,0.6756756756756757,0.0027677178526400634
has_positive&has_market_brag,164,-0.000402660434371877,-0.0017310218681433898,0.01726588783590734,0.43902439024390244,0.5365853658536586,short,0.5365853658536586,0.002766939771180473
attack_heavy&all_caps_heavy,24,-0.0007259900583860557,-0.006886707405162729,0.030452736653665827,0.20833333333333334,0.75,short,0.75,0.0026674578020688057
has_russia&china_streak_3d,27,-0.0008089441411171824,-0.005268724124423474,0.023812650820247812,0.37037037037037035,0.6296296296296297,short,0.6296296296296297,0.002646583333255797
has_china&pre_relief,20,0.001414197149423335,-0.004327076517687711,0.03703988290159354,0.4,0.55,long,0.4,0.002529792767757604
pre_tariff&exclamation_heavy,61,-0.0005632621757051441,-0.002743481622931254,0.017993843950861073,0.4098360655737705,0.5737704918032787,short,0.5737704918032787,0.0025241416046525448
tariff_heavy,21,-0.0010138105905512836,-0.004035527792524141,0.012491537244471943,0.42857142857142855,0.5238095238095238,short,0.5238095238095238,0.002433547689859073
tariff_heavy&has_positive,21,-0.0010138105905512836,-0.004035527792524141,0.012491537244471943,0.42857142857142855,0.5238095238095238,short,0.5238095238095238,0.002433547689859073
has_tariff&tariff_heavy,21,-0.0010138105905512836,-0.004035527792524141,0.012491537244471943,0.42857142857142855,0.5238095238095238,short,0.5238095238095238,0.002433547689859073
tariff_heavy&has_exclamation,21,-0.0010138105905512836,-0.004035527792524141,0.012491537244471943,0.42857142857142855,0.5238095238095238,short,0.5238095238095238,0.002433547689859073
tariff_heavy&exclamation_heavy,21,-0.0010138105905512836,-0.004035527792524141,0.012491537244471943,0.42857142857142855,0.5238095238095238,short,0.5238095238095238,0.002433547689859073
pre_tariff&pre_deal,32,0.0009383415656184016,-0.0028266977254030046,0.019345621419760924,0.4375,0.53125,long,0.4375,0.0023222768944129073
positive_heavy&brag_heavy,35,-0.0007034224996655767,-0.0007112538110513045,0.013747970015051498,0.42857142857142855,0.5142857142857142,short,0.5142857142857142,0.0021402018664708703
deal_heavy&pre_tariff,24,0.0008514416608786657,-0.0028680888813519823,0.021927513819459937,0.4583333333333333,0.5,long,0.4583333333333333,0.0019117978136588508
has_market_brag&lots_of_excl,159,-0.0002798377236813833,-0.0017049876274370934,0.017390485602447516,0.44025157232704404,0.5345911949685535,short,0.5345911949685535,0.0018863688793288533
all_caps_heavy&short_posts,25,0.0013105001780372705,-0.008881028369184807,0.03394174961649158,0.28,0.68,long,0.28,0.0018347002492521789
tariff_heavy&positive_heavy,20,-0.0008198817980218154,-0.0020177638962620703,0.012783571975165256,0.45,0.5,short,0.5,0.0018333114338915319
has_china&china_streak_3d,44,-0.00042944655990144085,-0.00528451522298512,0.019205250051974786,0.36363636363636365,0.6363636363636364,short,0.6363636363636364,0.0018127621358024993
positive_heavy&tariff_rising,26,-0.0005364327915512787,-0.0023973320118321206,0.013093891521077391,0.4230769230769231,0.5769230769230769,short,0.5769230769230769,0.001578046887606358
has_action&china_streak_3d,25,0.0009417505915263913,-0.003144651023059497,0.021641829309317916,0.32,0.68,long,0.32,0.001506800946442226
has_iran&has_uppercase_phrase,54,-0.00036445691387427734,-0.004715751939157575,0.024193943783392617,0.42592592592592593,0.5555555555555556,short,0.5555555555555556,0.0014878891203690908
posts_low&volume_spike,42,0.0005316447130501485,-0.005030400161281368,0.03810415906885597,0.42857142857142855,0.5714285714285714,long,0.42857142857142855,0.0014766220838389138
pre_tariff&has_night_post,60,-0.0003350650958722575,-0.002497379612547812,0.018096400085591362,0.4166666666666667,0.5666666666666667,short,0.5666666666666667,0.0014707284077031307
has_china&volume_drop,31,0.0004958310580233069,0.0007604737012878449,0.016839062246560853,0.5161290322580645,0.4838709677419355,long,0.5161290322580645,0.001424862190888502
has_market_brag&has_uppercase_phrase,68,-0.0002915576602067564,-0.004538057668961204,0.022822181808189304,0.4117647058823529,0.5735294117647058,short,0.5735294117647058,0.0013789058273713409
tariff_heavy&has_night_post,20,-0.0005976095276734261,-0.0020177638962620703,0.012665777051836052,0.45,0.5,short,0.5,0.0013362955278793226
high_emotion&has_exclamation,41,-0.0003301902037214894,-0.005693944670464135,0.029069982853849784,0.3902439024390244,0.6097560975609756,short,0.6097560975609756,0.0012891761563487553
posts_low&has_night_post,103,0.0002584359449294682,-0.001586003539561176,0.026714384332074553,0.44660194174757284,0.5436893203883495,long,0.44660194174757284,0.0011713647141176758
sig_potus&has_all_caps,22,0.0007907849572386408,-0.004730684545739217,0.0255604966620124,0.2727272727272727,0.6818181818181818,long,0.2727272727272727,0.0010115755161991139
deal_over_tariff&china_streak_3d,32,-0.00029950635790266383,-0.0042066875737414855,0.026010570306876514,0.40625,0.59375,short,0.59375,0.001005969139236929
has_attack&pre_relief,35,-0.00027710389573088547,-0.003352888585901548,0.02887908837634242,0.37142857142857144,0.6,short,0.6,0.0009836212532109813
has_deal&tariff_rising,21,-0.0003394727875512353,-0.0017482084635432882,0.014691113835058769,0.47619047619047616,0.5238095238095238,short,0.5238095238095238,0.0008148693904115801
pre_relief&has_night_post,42,-0.00018855784220842394,-0.00289199261548867,0.026670749895757448,0.40476190476190477,0.5714285714285714,short,0.5714285714285714,0.0006982825611452001
pre_relief&exclamation_heavy,42,-0.00018855784220842394,-0.00289199261548867,0.026670749895757448,0.40476190476190477,0.5714285714285714,short,0.5714285714285714,0.0006982825611452001
positive_heavy&pre_relief,42,-0.00018855784220842394,-0.00289199261548867,0.026670749895757448,0.40476190476190477,0.5714285714285714,short,0.5714285714285714,0.0006982825611452001
has_positive&pre_relief,42,-0.00018855784220842394,-0.00289199261548867,0.026670749895757448,0.40476190476190477,0.5714285714285714,short,0.5714285714285714,0.0006982825611452001
pre_relief&lots_of_excl,41,-0.00015447380080957634,-0.003352888585901548,0.0270011501676363,0.4146341463414634,0.5609756097560976,short,0.5609756097560976,0.000554869355470243
positive_heavy&pre_tariff,54,0.00016977291669339415,-0.003224985943106995,0.01854096145556243,0.4074074074074074,0.5740740740740741,long,0.4074074074074074,0.0005082696887190412
deal_heavy&has_market_brag,36,-0.00012976299847301654,-0.0021240931055712675,0.018957058371515782,0.4444444444444444,0.5277777777777778,short,0.5277777777777778,0.00041091616183121905
has_market_brag&has_china,70,-8.914639740134861e-05,-0.001449166173221439,0.021970288322645633,0.42857142857142855,0.5428571428571428,short,0.5428571428571428,0.0004048912334541033
has_relief&pre_deal,34,0.00015454286583501086,-0.0029264331667503973,0.03319973060863685,0.4117647058823529,0.5294117647058824,long,0.4117647058823529,0.000371054359684021
has_deal&pre_tariff,42,0.00012732175815550434,-0.004367285891192674,0.01829934518970944,0.42857142857142855,0.5476190476190477,long,0.42857142857142855,0.00035363112851623707
high_emotion&volume_spike,24,-5.914070363958098e-05,-0.0017063355973874206,0.02537279788330268,0.5,0.5,short,0.5,0.00014486454694613338
pre_relief,43,2.9539128113878294e-05,-0.002431096645075792,0.02639010890513692,0.4186046511627907,0.5581395348837209,long,0.4186046511627907,8.10841465122856e-05
has_relief&pre_relief,43,2.9539128113878294e-05,-0.002431096645075792,0.02639010890513692,0.4186046511627907,0.5581395348837209,long,0.4186046511627907,8.10841465122856e-05
pre_relief&has_exclamation,43,2.9539128113878294e-05,-0.002431096645075792,0.02639010890513692,0.4186046511627907,0.5581395348837209,long,0.4186046511627907,8.10841465122856e-05
positive_heavy&all_caps_heavy,23,-1.741413162429904e-05,-0.008881028369184807,0.03158309279311316,0.2608695652173913,0.6956521739130435,short,0.6956521739130435,5.809755923125582e-05
has_night_post&tariff_rising,25,1.838022060147715e-05,-0.0017482084635432882,0.013052047241264369,0.44,0.56,long,0.44,4.0436485323249725e-05
