event,n,mean_ret,median_ret,std,hit_up,hit_down,direction,directional_hit,score
silence_day&volume_drop,143,0.010808080976005401,0.010822510822510845,0.04640390739943498,0.5734265734265734,0.40559440559440557,long,0.5734265734265734,0.07411300514949208
posts_low&silence_day,224,0.008504865230556732,0.008869179600886845,0.04483209179628339,0.5520361990950227,0.42081447963800905,long,0.5520361990950227,0.07026822807671301
silence_day,224,0.008504865230556732,0.008869179600886845,0.04483209179628339,0.5520361990950227,0.42081447963800905,long,0.5520361990950227,0.07026822807671301
volume_drop,309,0.007119125454092632,0.0025608129278504865,0.037214991042867934,0.5307443365695793,0.44660194174757284,long,0.5307443365695793,0.06641883512463669
posts_low&volume_drop,209,0.008228207024739248,0.004291860342165332,0.0410423458154381,0.5311004784688995,0.4449760765550239,long,0.5311004784688995,0.06317642489873203
has_action&short_posts,103,0.00872396909982016,0.010256502277110169,0.03445639695565844,0.6601941747572816,0.30097087378640774,long,0.6601941747572816,0.058452678795803105
has_attack&short_posts,295,0.006181747532630674,0.0038711371900543856,0.02872465641736058,0.5457627118644067,0.41694915254237286,long,0.5457627118644067,0.05794635626469766
posts_very_high&has_action,97,0.008589103930107162,0.012048367674769578,0.03246282481810752,0.6701030927835051,0.27835051546391754,long,0.6701030927835051,0.05668593929289461
posts_low,401,0.004928056942246057,0.0023457870309705475,0.0430474052530126,0.5125628140703518,0.457286432160804,long,0.5125628140703518,0.05058188373415193
has_russia&volume_drop,25,0.01472100528380556,0.007518893933207815,0.04218196472883714,0.68,0.28,long,0.68,0.05005141796493891
attack_heavy&pre_action,45,0.01154488253489341,0.011568032123997263,0.04112686265281303,0.6444444444444445,0.3333333333333333,long,0.6444444444444445,0.0499092748045254
has_attack&china_streak_3d,63,0.00997414584445797,0.005457008145160369,0.03343916665812154,0.6190476190476191,0.3492063492063492,long,0.6190476190476191,0.049008346111630505
has_action&attack_heavy,102,0.007657506147091915,0.008657227771102005,0.035822214254205856,0.6274509803921569,0.3137254901960784,long,0.6274509803921569,0.04852518973997977
has_tariff&pre_tariff,63,-0.01006409236699274,-0.002754744758061589,0.030814496336803106,0.3968253968253968,0.5555555555555556,short,0.5555555555555556,0.04437847595774364
pre_tariff&has_exclamation,63,-0.01006409236699274,-0.002754744758061589,0.030814496336803106,0.3968253968253968,0.5555555555555556,short,0.5555555555555556,0.04437847595774364
pre_tariff,63,-0.01006409236699274,-0.002754744758061589,0.030814496336803106,0.3968253968253968,0.5555555555555556,short,0.5555555555555556,0.04437847595774364
has_action&volume_spike,65,0.008711082901427039,0.009569361604881754,0.03554610218908024,0.6307692307692307,0.3384615384615385,long,0.6307692307692307,0.04429955108218688
has_positive&pre_tariff,62,-0.010182226802548863,-0.003103461579178235,0.031051661421455032,0.4032258064516129,0.5483870967741935,short,0.5483870967741935,0.043966899300327274
pre_tariff&has_night_post,59,-0.010401949312216753,-0.0027510497695742986,0.03158200596914163,0.4067796610169492,0.5423728813559322,short,0.5423728813559322,0.04333499049712733
posts_very_high&pre_relief,22,-0.016923320591862027,-0.00719132646063908,0.04038018365052034,0.45454545454545453,0.5454545454545454,short,0.5454545454545454,0.04329676887960765
attack_heavy&pre_relief,26,-0.015411616510618419,-0.004538319408085745,0.03817023525694626,0.46153846153846156,0.5384615384615384,short,0.5384615384615384,0.04231453332812033
has_action&has_china,87,0.006693848213896446,0.011857820136261576,0.035738683549390436,0.6666666666666666,0.2988505747126437,long,0.6666666666666666,0.041624039743235794
has_attack&has_all_caps,146,0.006162535666338854,0.003759788660270824,0.031852092360940894,0.547945205479452,0.4246575342465753,long,0.547945205479452,0.04080120644947322
posts_very_high&pre_action,44,0.009049799566406669,0.012450661071760516,0.03778104477268519,0.6590909090909091,0.3181818181818182,long,0.6590909090909091,0.03956494991368478
pre_tariff&exclamation_heavy,60,-0.009417189227401196,-0.002752897263817944,0.031199865612452905,0.4166666666666667,0.5333333333333333,short,0.5333333333333333,0.03890412484886264
attack_heavy&short_posts,150,0.005469486167746215,0.004328991197070642,0.027993530093685128,0.58,0.37333333333333335,long,0.58,0.038852605771947595
deal_heavy&pre_tariff,23,-0.014293010551481713,-0.006510492608122198,0.03596261367076627,0.34782608695652173,0.5652173913043478,short,0.5652173913043478,0.03874388336329934
pre_tariff&pre_deal,30,-0.014052422543196252,-0.0013773723790307946,0.03900671630828413,0.4666666666666667,0.5,short,0.5,0.03848414407251351
has_action&has_attack,148,0.005351204809555215,0.005461394707741984,0.03781823854648106,0.5878378378378378,0.36486486486486486,long,0.5878378378378378,0.03826837034261791
positive_heavy&pre_tariff,53,-0.009888101604685636,-0.0027510497695742986,0.0313897327591011,0.41509433962264153,0.5283018867924528,short,0.5283018867924528,0.03803058595844356
has_uppercase_phrase&china_streak_3d,34,0.011492238458648486,0.004361681267650908,0.030480118195735935,0.5588235294117647,0.4117647058823529,long,0.5588235294117647,0.037447150079792296
has_deal&pre_tariff,40,-0.01103057972418651,-0.002046663673423821,0.0359490403803571,0.425,0.525,short,0.525,0.036625843632526356
pre_tariff&lots_of_excl,60,-0.008790452205438955,-0.002752897263817944,0.030566757300786108,0.4166666666666667,0.5333333333333333,short,0.5333333333333333,0.03631495999711715
has_positive&short_posts,424,0.0034104349905024673,0.0025690899995414185,0.028283446800954116,0.5141509433962265,0.44575471698113206,long,0.5141509433962265,0.036106329469323
has_attack&has_china,229,0.004285085035356927,0.0036585835925762034,0.03186780752533642,0.5502183406113537,0.4192139737991266,long,0.5502183406113537,0.03567896508828473
attack_heavy&positive_heavy,258,0.0038985211395699726,0.0038464210633543106,0.031191473574670635,0.5697674418604651,0.3953488372093023,long,0.5697674418604651,0.03567856472405198
posts_very_high&has_market_brag,61,0.007525231943113621,0.009999967514642716,0.03920323786700589,0.6065573770491803,0.3770491803278688,long,0.6065573770491803,0.03564976709440239
has_action&positive_heavy,149,0.0049597233847168696,0.006468410176329931,0.03852366451344497,0.5838926174496645,0.37583892617449666,long,0.5838926174496645,0.03534952430923173
lots_of_excl&short_posts,363,0.0034975191783896005,0.0027510224173070696,0.02778883702316055,0.5234159779614325,0.44077134986225897,long,0.5234159779614325,0.03487870831240288
has_china&pre_action,45,0.008047882560843557,0.010256502277110169,0.03836280930053587,0.6444444444444445,0.3111111111111111,long,0.6444444444444445,0.03479151746323048
has_attack&has_exclamation,609,0.0027274301689080216,0.0012344431713751103,0.03185463253316363,0.5139573070607554,0.4482758620689655,long,0.5139573070607554,0.03459308797098527
has_attack,609,0.0027274301689080216,0.0012344431713751103,0.03185463253316363,0.5139573070607554,0.4482758620689655,long,0.5139573070607554,0.03459308797098527
has_attack&volume_drop,77,0.007197247148817277,0.0027323986360059394,0.03051165627457911,0.5454545454545454,0.42857142857142855,long,0.5454545454545454,0.034448502228071505
short_posts,525,0.0029379536137881146,0.002232244341511258,0.03218349204674159,0.5085714285714286,0.4514285714285714,long,0.5085714285714286,0.03423548969392357
posts_high&china_streak_3d,50,0.008055376941405705,0.004361681267650908,0.02862940166134434,0.6,0.36,long,0.6,0.03417606996169035
has_attack&positive_heavy,459,0.0029756255074894584,0.0027510224173070696,0.032327801528170094,0.5359477124183006,0.42483660130718953,long,0.5359477124183006,0.03416701491243847
has_deal&pre_relief,25,-0.012174874456087528,-0.006510492608122198,0.04304843059212583,0.44,0.56,short,0.56,0.034089648477045084
has_attack&has_night_post,556,0.0027774705153660413,0.001778058177405395,0.03191903678247612,0.5197841726618705,0.43884892086330934,long,0.5197841726618705,0.0340415952956847
has_action&has_uppercase_phrase,91,0.005781591496230554,0.008474548857874797,0.04011255854724442,0.6153846153846154,0.3626373626373626,long,0.6153846153846154,0.03394022630666572
positive_heavy&uppercase_phrase_heavy,38,0.007982742017293222,0.013168669537936939,0.033316561173896184,0.6842105263157895,0.2894736842105263,long,0.6842105263157895,0.033669265618704466
uppercase_phrase_heavy&deal_over_tariff,24,0.01012233457507633,0.018617376073959524,0.03796462806521936,0.6666666666666666,0.3333333333333333,long,0.6666666666666666,0.03305940628622532
has_attack&pre_action,60,0.007314343945976174,0.008657149652857576,0.03941394913946592,0.5833333333333334,0.38333333333333336,long,0.5833333333333334,0.03304972100639856
has_attack&lots_of_excl,567,0.00266270321354968,0.001292097539658199,0.031265587366846224,0.5185185185185185,0.4409171075837742,long,0.5185185185185185,0.032875969085049826
attack_heavy&exclamation_heavy,296,0.003412373172746856,0.0030422671000042145,0.030189907498351622,0.5574324324324325,0.39864864864864863,long,0.5574324324324325,0.032726126717177596
pre_action&has_uppercase_phrase,43,0.00792579069097347,0.010256502277110169,0.037619846001178917,0.627906976744186,0.3488372093023256,long,0.627906976744186,0.03263413722648087
posts_high&pre_relief,33,-0.010399659017445063,-0.006510492608122198,0.03984047392520746,0.45454545454545453,0.5454545454545454,short,0.5454545454545454,0.0325862687609167
positive_heavy&brag_heavy,36,-0.009763983411144437,-0.004893669391612621,0.03497136698786968,0.4444444444444444,0.5555555555555556,short,0.5555555555555556,0.03254661137048146
attack_heavy&has_positive,294,0.0034142285227898774,0.0027287197784316986,0.030263895343149074,0.5544217687074829,0.4013605442176871,long,0.5544217687074829,0.032456861728879176
has_action&china_streak_3d,23,0.009126471567779763,0.013333290019523769,0.03459519564487035,0.7391304347826086,0.2608695652173913,long,0.7391304347826086,0.03235101481319054
deal_only&china_streak_3d,27,0.010475680577759987,0.004728049087938668,0.026332853678320032,0.5925925925925926,0.37037037037037035,long,0.5925925925925926,0.03225673067474273
attack_heavy,297,0.00335808251608854,0.0027510224173070696,0.03015338716974409,0.5555555555555556,0.4006734006734007,long,0.5555555555555556,0.03215119230985778
attack_heavy&has_exclamation,297,0.00335808251608854,0.0027510224173070696,0.03015338716974409,0.5555555555555556,0.4006734006734007,long,0.5555555555555556,0.03215119230985778
has_attack&attack_heavy,297,0.00335808251608854,0.0027510224173070696,0.03015338716974409,0.5555555555555556,0.4006734006734007,long,0.5555555555555556,0.03215119230985778
has_action&uppercase_phrase_heavy,28,0.008431472995723202,0.015606596713341858,0.03779364246963665,0.7142857142857143,0.25,long,0.7142857142857143,0.031867972475200505
attack_heavy&lots_of_excl,294,0.003349726541927676,0.0027287197784316986,0.030283137331576934,0.5544217687074829,0.4013605442176871,long,0.5544217687074829,0.0318436831264192
exclamation_heavy&short_posts,410,0.0030192508884559527,0.002640251452057707,0.027622749265154567,0.5195121951219512,0.44390243902439025,long,0.5195121951219512,0.03176046687284016
has_action&lots_of_excl,173,0.004193233796194065,0.0038711371900543856,0.036360410917131235,0.5722543352601156,0.3815028901734104,long,0.5722543352601156,0.031561760536402826
short_posts&volume_drop,92,0.006879663682338417,0.0,0.02762241627089503,0.4782608695652174,0.4891304347826087,long,0.4782608695652174,0.03155919891591571
attack_heavy&china_streak_3d,40,0.007640516797700889,0.004726691540674177,0.015524689788984644,0.65,0.3,long,0.65,0.031409866255963995
has_all_caps&china_streak_3d,20,0.011662833179596316,0.004726983760067416,0.034540853634849586,0.6,0.4,long,0.6,0.03129466535978085
has_market_brag&has_all_caps,50,0.007621447539067068,0.0062409164805157236,0.03871135031786544,0.58,0.42,long,0.58,0.03125722797652472
has_action,186,0.003983175159122086,0.004221290558034108,0.03721300640220984,0.5752688172043011,0.3817204301075269,long,0.5752688172043011,0.0312504812954836
pre_action,84,0.005930742064834089,0.006601298972906733,0.03569018188138846,0.5714285714285714,0.39285714285714285,long,0.5714285714285714,0.03106065650212675
has_action&pre_action,84,0.005930742064834089,0.006601298972906733,0.03569018188138846,0.5714285714285714,0.39285714285714285,long,0.5714285714285714,0.03106065650212675
has_attack&pre_tariff,51,-0.00849993213136442,-0.001342277577273343,0.03183481011691148,0.43137254901960786,0.5098039215686274,short,0.5098039215686274,0.03094594276576231
pre_action&short_posts,50,0.006772716287999834,0.010912267200553716,0.03619499866902435,0.64,0.34,long,0.64,0.0306498151315025
has_attack&exclamation_heavy,593,0.0023997472671925426,0.001292097539658199,0.03107949881696022,0.5177065767284992,0.44350758853288363,long,0.5177065767284992,0.030253563359899514
has_action&has_exclamation,185,0.003865082482612817,0.0038711371900543856,0.03727902820480273,0.572972972972973,0.3837837837837838,long,0.572972972972973,0.030121650662245134
attack_heavy&has_night_post,283,0.0032111839619220566,0.0027510224173070696,0.03019488849942606,0.5547703180212014,0.3992932862190813,long,0.5547703180212014,0.02996895645757419
has_attack&has_positive,591,0.0023995547500774666,0.0012105945199614165,0.03170759949858624,0.5126903553299492,0.44839255499153974,long,0.5126903553299492,0.02990746145180336
has_all_caps&lots_of_excl,170,0.004369630769982701,0.0025690899995414185,0.032265231779072936,0.5235294117647059,0.4470588235294118,long,0.5235294117647059,0.029827048951425496
posts_very_high&china_streak_3d,30,0.008522319530099928,0.009424559069805882,0.019490873179372925,0.6333333333333333,0.36666666666666664,long,0.6333333333333333,0.029563155443049532
attack_heavy&has_china,146,0.004201955632375628,0.0037604870407560442,0.030126808597565835,0.5821917808219178,0.3835616438356164,long,0.5821917808219178,0.029559287412499632
pre_action&has_night_post,83,0.005690988110032849,0.004728049087938668,0.03583902520200479,0.5662650602409639,0.39759036144578314,long,0.5662650602409639,0.029359353629870466
pre_action&has_exclamation,83,0.005690988110032849,0.004728049087938668,0.03583902520200479,0.5662650602409639,0.39759036144578314,long,0.5662650602409639,0.029359353629870466
has_exclamation&short_posts,472,0.0026315684010924587,0.0022296499075861176,0.03241631906924265,0.5084745762711864,0.4555084745762712,long,0.5084745762711864,0.0290706609037079
has_relief&pre_deal,31,-0.011531594911826587,0.0,0.039096631339172974,0.4838709677419355,0.45161290322580644,short,0.45161290322580644,0.028995898217846486
has_tariff&has_iran,22,-0.010441257560561438,-0.006086560354065962,0.033611969416469434,0.4090909090909091,0.5909090909090909,short,0.5909090909090909,0.028939086690346724
has_action&has_all_caps,54,0.006427876429887503,0.008730294840453179,0.03690094279108417,0.6111111111111112,0.37037037037037035,long,0.6111111111111112,0.02886586520195986
pre_action&has_all_caps,29,0.008632690838307863,0.008839750447840355,0.042200813485182315,0.6206896551724138,0.3448275862068966,long,0.6206896551724138,0.028854908002755284
posts_high&has_action,133,0.004242065577661685,0.005820702618539064,0.034111121180467184,0.5864661654135338,0.37593984962406013,long,0.5864661654135338,0.028691031359371226
has_uppercase_phrase&volume_drop,31,0.008346179338661656,0.011523665902604563,0.026015952632599343,0.6129032258064516,0.3870967741935484,long,0.6129032258064516,0.028481343156909148
has_china&pre_relief,21,-0.013045253968526595,0.0012344431713751103,0.04868995873824024,0.5238095238095238,0.47619047619047616,short,0.47619047619047616,0.028467077986045804
positive_heavy&short_posts,278,0.0031995028466621526,0.0032249686604127747,0.028613507330613065,0.5323741007194245,0.4244604316546763,long,0.5323741007194245,0.02840022745848636
has_action&has_night_post,181,0.0036673067948324715,0.0038711371900543856,0.03658101884705508,0.574585635359116,0.3812154696132597,long,0.574585635359116,0.02834923180015091
pre_action&lots_of_excl,76,0.005860740711140216,0.003214599833369469,0.03625730250946091,0.5526315789473685,0.40789473684210525,long,0.5526315789473685,0.028235468756697527
pre_relief&lots_of_excl,40,-0.00843663138729952,-0.00394940711446462,0.03674460197935333,0.475,0.525,short,0.525,0.02801291951128927
has_all_caps&exclamation_heavy,176,0.004082212931605452,0.0023713687662738625,0.031861492190736564,0.5170454545454546,0.45454545454545453,long,0.5170454545454546,0.02800146234933989
posts_very_high&attack_heavy,164,0.0038537535842392565,0.0037401442646152194,0.029959119285975246,0.5670731707317073,0.38414634146341464,long,0.5670731707317073,0.027986266550868985
posts_very_high&positive_heavy,212,0.003304950804265731,0.003949050367699547,0.02974851443590204,0.5801886792452831,0.3867924528301887,long,0.5801886792452831,0.027919149237241772
has_tariff&has_deal,83,-0.006141800005221842,0.0,0.03173377065317967,0.4578313253012048,0.4939759036144578,short,0.4939759036144578,0.027640155435691923
pre_action&exclamation_heavy,80,0.005457216987056951,0.004274877012296452,0.03637868713781639,0.5625,0.4,long,0.5625,0.02745609333980835
positive_heavy&pre_action,67,0.005993353472423576,0.0038217049366542355,0.03811060385415487,0.5522388059701493,0.40298507462686567,long,0.5522388059701493,0.027091572551606068
has_market_brag&volume_spike,36,0.0070648451472936045,0.011439219544774337,0.046690819487892415,0.6388888888888888,0.3333333333333333,long,0.6388888888888888,0.027081906397958815
posts_high&attack_heavy,243,0.0031086028389574597,0.0027510224173070696,0.030581254704934897,0.5555555555555556,0.40329218106995884,long,0.5555555555555556,0.026921290288135866
deal_heavy&short_posts,65,0.0051291568413200156,0.009944897597800706,0.03143672041736549,0.6461538461538462,0.3384615384615385,long,0.6461538461538462,0.02672013151414114
has_action&has_iran,34,0.006744906158990325,0.013781225935110109,0.04000629524718822,0.6764705882352942,0.3235294117647059,long,0.6764705882352942,0.026605062853274197
posts_high&has_attack,347,0.0026126027770640666,0.0025673452811643127,0.031178393862202346,0.5417867435158501,0.41786743515850144,long,0.5417867435158501,0.026367350726305503
posts_high&pre_tariff,43,-0.007834155994990056,-0.001342277577273343,0.033287268113901106,0.46511627906976744,0.5116279069767442,short,0.5116279069767442,0.026283346957968926
has_attack&has_chips,27,0.00756890162290172,0.011568032123997263,0.02687185751075787,0.6666666666666666,0.3333333333333333,long,0.6666666666666666,0.026219444336712618
has_china&has_all_caps,87,0.005293037680877535,0.0027064171395563275,0.03480818280179847,0.5287356321839081,0.4482758620689655,long,0.5287356321839081,0.02610376740717286
deal_heavy&deal_only,88,0.004631769284371201,0.00951436203549716,0.029924859071011195,0.5909090909090909,0.3977272727272727,long,0.5909090909090909,0.025674909764968185
has_night_post&volume_drop,123,0.0044673622191658095,0.001364370370411816,0.02670889847315596,0.5121951219512195,0.4634146341463415,long,0.5121951219512195,0.02537693461851865
has_positive&has_all_caps,176,0.0037361369987195404,0.0017072668781084044,0.0319285631707359,0.5113636363636364,0.4602272727272727,long,0.5113636363636364,0.025345973025239825
has_positive&pre_action,80,0.00512902111406844,0.003214599833369469,0.03635171410308221,0.55,0.4125,long,0.55,0.025231447711995217
positive_heavy&has_all_caps,145,0.003926940762210409,0.0027064171395563275,0.031224974026364274,0.5310344827586206,0.43448275862068964,long,0.5310344827586206,0.025110830356533057
posts_very_high&has_all_caps,99,0.004538781358134933,0.00363189577665457,0.03221942724235575,0.5555555555555556,0.42424242424242425,long,0.5555555555555556,0.025089057950655448
posts_very_high&deal_over_tariff,118,0.003937696137618006,0.0049328759560194335,0.027980211021711356,0.5847457627118644,0.3813559322033898,long,0.5847457627118644,0.025012107509283055
has_action&exclamation_heavy,180,0.0032511135699121404,0.0038464210633543106,0.03687706633547794,0.5722222222222222,0.38333333333333336,long,0.5722222222222222,0.024959340910808092
open_deal&deal_only,61,0.0059046897685329745,0.004576674868352004,0.03476097429765264,0.5409836065573771,0.4426229508196721,long,0.5409836065573771,0.024948595812843644
posts_very_high&has_attack,205,0.0030585461898895486,0.0038711371900543856,0.030060330433387142,0.5658536585365853,0.3951219512195122,long,0.5658536585365853,0.024779703312341896
has_exclamation&volume_drop,154,0.003972318569160915,0.0005700974682768534,0.026536401065053353,0.5,0.4805194805194805,long,0.5,0.02464758853059816
pre_relief&has_exclamation,42,-0.007225522352015449,-0.00394940711446462,0.03665957883010828,0.47619047619047616,0.5238095238095238,short,0.5238095238095238,0.024528290691123063
has_relief&pre_relief,42,-0.007225522352015449,-0.00394940711446462,0.03665957883010828,0.47619047619047616,0.5238095238095238,short,0.5238095238095238,0.024528290691123063
pre_relief,42,-0.007225522352015449,-0.00394940711446462,0.03665957883010828,0.47619047619047616,0.5238095238095238,short,0.5238095238095238,0.024528290691123063
pre_tariff&tariff_only,23,-0.008383244789264443,-0.005662628100009726,0.01950257109176442,0.34782608695652173,0.6086956521739131,short,0.6086956521739131,0.024472383251827007
attack_heavy&has_market_brag,76,0.004532819276437819,0.005345805850188956,0.040031681861676806,0.618421052631579,0.3815789473684211,long,0.618421052631579,0.024437651428955365
attack_heavy&deal_over_tariff,142,0.0036395916579822804,0.0037604870407560442,0.028892280483434767,0.5633802816901409,0.39436619718309857,long,0.5633802816901409,0.02443421976952695
has_night_post&short_posts,441,0.002277392116324628,0.0021786432980239745,0.032640428456827617,0.5056689342403629,0.45351473922902497,long,0.5056689342403629,0.024183735330494862
has_night_post&tariff_rising,24,-0.008436039613532398,-0.003103592965039259,0.03156474887852286,0.375,0.5833333333333334,short,0.5833333333333334,0.024107991253570202
has_positive&brag_heavy,41,-0.007349469530368251,-0.0010977982950214349,0.03405836067891219,0.4634146341463415,0.5121951219512195,short,0.5121951219512195,0.02410368039330923
has_deal&uppercase_phrase_heavy,27,0.007787931228660423,0.013333290019523769,0.03644697238064606,0.5925925925925926,0.37037037037037035,long,0.5925925925925926,0.023980609020252733
positive_heavy&pre_relief,41,-0.007215804575201735,-0.0014263900369020366,0.037114940018356225,0.4878048780487805,0.5121951219512195,short,0.5121951219512195,0.02366530625680767
pre_relief&exclamation_heavy,41,-0.007215804575201735,-0.0014263900369020366,0.037114940018356225,0.4878048780487805,0.5121951219512195,short,0.5121951219512195,0.02366530625680767
has_positive&pre_relief,41,-0.007215804575201735,-0.0014263900369020366,0.037114940018356225,0.4878048780487805,0.5121951219512195,short,0.5121951219512195,0.02366530625680767
deal_heavy&has_china,80,-0.005029681640024271,-0.001964858646439138,0.03490820103667712,0.4625,0.525,short,0.525,0.023618091109781483
high_emotion&has_exclamation,38,-0.006265959930625707,-0.004695866554205341,0.04400175277695155,0.39473684210526316,0.6052631578947368,short,0.6052631578947368,0.02337887726797388
has_market_brag&volume_drop,24,0.007619573459050635,0.006880565947269379,0.028707917171168874,0.625,0.375,long,0.625,0.023330083790409337
brag_heavy&has_exclamation,42,-0.007081838277669468,-0.0005488991475107174,0.033685133905950355,0.47619047619047616,0.5,short,0.5,0.022947778772817576
brag_heavy,42,-0.007081838277669468,-0.0005488991475107174,0.033685133905950355,0.47619047619047616,0.5,short,0.5,0.022947778772817576
has_market_brag&brag_heavy,42,-0.007081838277669468,-0.0005488991475107174,0.033685133905950355,0.47619047619047616,0.5,short,0.5,0.022947778772817576
brag_heavy&exclamation_heavy,42,-0.007081838277669468,-0.0005488991475107174,0.033685133905950355,0.47619047619047616,0.5,short,0.5,0.022947778772817576
posts_high&has_all_caps,134,0.003688468762337473,0.0027287197784316986,0.03249694883787938,0.5373134328358209,0.44776119402985076,long,0.5373134328358209,0.022941732258190805
pre_deal&has_night_post,161,-0.003769383349159818,0.0,0.029242911761064975,0.4782608695652174,0.4782608695652174,short,0.4782608695652174,0.022874314867844792
has_action&has_positive,181,0.003006444461999733,0.0035929430344661117,0.03677841636500712,0.56353591160221,0.39226519337016574,long,0.56353591160221,0.022793660210140447
pre_relief&has_night_post,40,-0.007204943470100042,-9.597343276346315e-05,0.03758769487762929,0.5,0.5,short,0.5,0.022784031778273407
posts_very_high&has_china,132,0.003485609263892041,0.0036452396846153867,0.03250515549654276,0.5681818181818182,0.4015151515151515,long,0.5681818181818182,0.022753750883842197
posts_high&has_chips,24,0.006864165793208564,0.01249953321069075,0.028871556814009786,0.6666666666666666,0.3333333333333333,long,0.6666666666666666,0.022418271604303378
has_deal&tariff_rising,22,-0.007972295259572482,-0.003103592965039259,0.03322804414222052,0.4090909090909091,0.5909090909090909,short,0.5909090909090909,0.02209608778441078
brag_heavy&has_night_post,38,-0.0071341041262500664,-0.0005488991475107174,0.03394114865856259,0.47368421052631576,0.5,short,0.5,0.021988785687247332
positive_heavy&open_deal,69,0.004791691023353818,0.004576674868352004,0.03242865003230257,0.5507246376811594,0.43478260869565216,long,0.5507246376811594,0.02192036883965513
open_deal&deal_over_tariff,78,0.004451016250928701,0.004443444636128002,0.03416129618356525,0.5512820512820513,0.4358974358974359,long,0.5512820512820513,0.021671068961983078
has_tariff&has_positive,139,-0.003691573898577165,0.0,0.030579628333267987,0.4676258992805755,0.49640287769784175,short,0.49640287769784175,0.021604949585693912
has_iran&has_uppercase_phrase,56,-0.005371411461443154,-0.00252608543701216,0.03656263992100577,0.4642857142857143,0.5357142857142857,short,0.5357142857142857,0.021533551470118917
has_tariff&deal_heavy,56,-0.006158606032501841,0.0,0.032671430789541385,0.48214285714285715,0.4642857142857143,short,0.4642857142857143,0.02139743705704528
brag_heavy&lots_of_excl,41,-0.006846496969097075,0.0,0.03406862347213915,0.4878048780487805,0.4878048780487805,short,0.4878048780487805,0.021384863748456592
posts_very_high&has_night_post,223,0.002553528553751171,0.00363189577665457,0.029427857986326352,0.5605381165919282,0.3991031390134529,long,0.5605381165919282,0.021374614954085987
has_attack&uppercase_phrase_heavy,42,0.00532655274475285,0.00679847693353719,0.0323467897076258,0.6190476190476191,0.35714285714285715,long,0.6190476190476191,0.021369528238893647
has_china&pre_tariff,39,-0.007404982027161706,0.0011468892626897986,0.03567102116084654,0.5128205128205128,0.46153846153846156,short,0.46153846153846156,0.0213434298174466
has_attack&brag_heavy,33,-0.007201188331121125,-0.0010977982950214349,0.035971825068064504,0.45454545454545453,0.5151515151515151,short,0.5151515151515151,0.021310621741210515
has_relief&volume_spike,32,-0.008004048421798502,0.003000174117339105,0.042141440902618385,0.53125,0.46875,short,0.46875,0.02122393843499702
posts_very_high&uppercase_phrase_heavy,36,0.0055037631995083,0.013168669537936939,0.03571294982567089,0.6388888888888888,0.3333333333333333,long,0.6388888888888888,0.02109775893144848
has_tariff,141,-0.003566933821902383,0.0,0.03039275138465119,0.46808510638297873,0.49645390070921985,short,0.49645390070921985,0.021027301193025625
has_tariff&has_exclamation,141,-0.003566933821902383,0.0,0.03039275138465119,0.46808510638297873,0.49645390070921985,short,0.49645390070921985,0.021027301193025625
has_attack&pre_relief,35,-0.007308217994247726,0.0012344431713751103,0.03982769375011143,0.5142857142857142,0.4857142857142857,short,0.4857142857142857,0.021000343209894703
has_market_brag&has_iran,26,0.007122198167189679,0.004228672610510076,0.040073984378966226,0.5769230769230769,0.38461538461538464,long,0.5769230769230769,0.020951669673562462
has_china&tariff_rising,22,-0.008182864020723213,-0.002721415491596102,0.033253247910754624,0.4090909090909091,0.5454545454545454,short,0.5454545454545454,0.020935109652704873
pre_tariff&has_uppercase_phrase,25,-0.007470598720013717,-0.002754744758061589,0.03192258262492715,0.44,0.56,short,0.56,0.02091767641603841
attack_heavy&has_uppercase_phrase,146,0.003118136242532989,0.0027287197784316986,0.027995406512727788,0.5547945205479452,0.4178082191780822,long,0.5547945205479452,0.02090276211785658
posts_high&pre_action,61,0.0046480344038724196,0.0038217049366542355,0.034692921703452784,0.5737704918032787,0.4098360655737705,long,0.5737704918032787,0.020829193801240393
has_positive&pre_deal,160,-0.0034581814309928884,0.0,0.0294306481707028,0.48125,0.475,short,0.475,0.020777886779672065
deal_heavy&has_attack,112,0.003427530290331258,0.005296810132048746,0.02964136682884767,0.5714285714285714,0.4017857142857143,long,0.5714285714285714,0.02072775487853148
has_attack&has_russia,248,0.002469547148345929,0.0023434002348334815,0.03185906824449381,0.532258064516129,0.4274193548387097,long,0.532258064516129,0.020699764897210825
has_china&uppercase_phrase_heavy,34,0.005740961270250448,0.007661976172185336,0.03386323901123633,0.6176470588235294,0.35294117647058826,long,0.6176470588235294,0.020675901439323734
pre_deal&exclamation_heavy,164,-0.0033472411265246397,0.0,0.029042289164557016,0.47560975609756095,0.4817073170731707,short,0.4817073170731707,0.020648673927765537
has_night_post&has_all_caps,177,0.003015543890615933,0.0021786432980239745,0.034761661202941684,0.5141242937853108,0.4576271186440678,long,0.5141242937853108,0.020626256447611936
pre_deal&has_exclamation,167,-0.0033093025163921145,0.0,0.029097236322672453,0.47904191616766467,0.47904191616766467,short,0.47904191616766467,0.020486521365343197
has_action&has_russia,77,0.0035922005212134715,0.008839750447840355,0.0362001072761306,0.6493506493506493,0.3246753246753247,long,0.6493506493506493,0.02046846210780496
posts_very_high&deal_only,95,0.0036845200411708685,0.005555537508134867,0.02763267920161487,0.5684210526315789,0.4,long,0.5684210526315789,0.020413284120352142
attack_heavy&deal_only,116,0.0034882997698361664,0.003678926368717028,0.029435185768238906,0.5431034482758621,0.41379310344827586,long,0.5431034482758621,0.02040447167081376
has_russia&has_night_post,265,0.0022909574973812995,0.0027064171395563275,0.03129709946912053,0.5433962264150943,0.41509433962264153,long,0.5433962264150943,0.020265465650622646
has_deal&pre_deal,168,-0.003264130959913544,0.0,0.029015895730394595,0.48214285714285715,0.47619047619047616,short,0.47619047619047616,0.020146653673185543
pre_deal,168,-0.003264130959913544,0.0,0.029015895730394595,0.48214285714285715,0.47619047619047616,short,0.47619047619047616,0.020146653673185543
has_action&has_market_brag,39,0.005456228271171816,0.005102086796944905,0.05101234044688741,0.5897435897435898,0.38461538461538464,long,0.5897435897435898,0.0200950024754429
has_action&open_deal,28,0.005556077215601299,0.013681959971588387,0.03875420070316222,0.6785714285714286,0.32142857142857145,long,0.6785714285714286,0.01994999806953654
has_tariff&positive_heavy,118,-0.0036234713486013133,-0.0005488991475107174,0.029648374860105124,0.4576271186440678,0.5,short,0.5,0.01968048693800464
has_market_brag&has_uppercase_phrase,68,0.004228375978448484,0.0031691564581054488,0.03639567944798789,0.5588235294117647,0.4411764705882353,long,0.5588235294117647,0.019485104405610763
positive_heavy&has_chips,31,0.005406117326864948,0.011568032123997263,0.028984006245502177,0.6451612903225806,0.3548387096774194,long,0.6451612903225806,0.019419346705675196
exclamation_heavy&has_chips,31,0.005406117326864948,0.011568032123997263,0.028984006245502177,0.6451612903225806,0.3548387096774194,long,0.6451612903225806,0.019419346705675196
lots_of_excl&has_chips,31,0.005406117326864948,0.011568032123997263,0.028984006245502177,0.6451612903225806,0.3548387096774194,long,0.6451612903225806,0.019419346705675196
has_night_post&china_streak_3d,79,0.00408682852696835,0.0012819885129646824,0.03232054718806696,0.5316455696202531,0.4430379746835443,long,0.5316455696202531,0.019311773581175938
has_russia&short_posts,138,0.003170915198210059,0.0023713687662738625,0.03201908971986778,0.5144927536231884,0.4492753623188406,long,0.5144927536231884,0.019164762123805235
posts_very_high&lots_of_excl,224,0.002293302442205761,0.0036452396846153867,0.02964781411738846,0.5580357142857143,0.4017857142857143,long,0.5580357142857143,0.01915346433702211
has_china&pre_deal,82,-0.0044408389750769245,0.0,0.030023205852087675,0.4878048780487805,0.47560975609756095,short,0.47560975609756095,0.019125936377745685
has_all_caps&has_exclamation,181,0.002793742022990258,0.0012358904581928343,0.03445500256800192,0.5082872928176796,0.46408839779005523,long,0.5082872928176796,0.01910446324468305
has_all_caps,181,0.002793742022990258,0.0012358904581928343,0.03445500256800192,0.5082872928176796,0.46408839779005523,long,0.5082872928176796,0.01910446324468305
has_attack&deal_over_tariff,228,0.0023968920257414466,0.0027194078877811334,0.029586328227361337,0.5263157894736842,0.4298245614035088,long,0.5263157894736842,0.019048566266914355
pre_tariff&volume_spike,22,-0.008897186552676744,0.0005734446313448993,0.03898905301648144,0.5,0.45454545454545453,short,0.45454545454545453,0.01896886546580186
has_iran&deal_only,57,0.004312193293106628,0.008474548857874797,0.029347336610700395,0.5789473684210527,0.40350877192982454,long,0.5789473684210527,0.018848410503907367
has_attack&open_deal,70,0.004233316676767382,0.004065959670279118,0.030670134487907636,0.5285714285714286,0.45714285714285713,long,0.5285714285714286,0.018721190456445668
has_tariff&lots_of_excl,132,-0.003343918681501804,0.0,0.030569889834734604,0.4772727272727273,0.48484848484848486,short,0.48484848484848486,0.01862724882503366
posts_very_high&pre_tariff,26,-0.007905884389002736,0.0005734446313448993,0.037405852017657115,0.5,0.46153846153846156,short,0.46153846153846156,0.01860565789464624
posts_high&posts_very_high,226,0.002217643748847173,0.003232373888420237,0.029539090768066226,0.5575221238938053,0.4026548672566372,long,0.5575221238938053,0.01858694895131087
posts_very_high&has_exclamation,226,0.002217643748847173,0.003232373888420237,0.029539090768066226,0.5575221238938053,0.4026548672566372,long,0.5575221238938053,0.01858694895131087
posts_very_high&has_positive,226,0.002217643748847173,0.003232373888420237,0.029539090768066226,0.5575221238938053,0.4026548672566372,long,0.5575221238938053,0.01858694895131087
posts_very_high&exclamation_heavy,226,0.002217643748847173,0.003232373888420237,0.029539090768066226,0.5575221238938053,0.4026548672566372,long,0.5575221238938053,0.01858694895131087
posts_very_high,226,0.002217643748847173,0.003232373888420237,0.029539090768066226,0.5575221238938053,0.4026548672566372,long,0.5575221238938053,0.01858694895131087
short_posts&deal_only,145,0.0028596554856936997,0.0036585835925762034,0.028419502742051603,0.5379310344827586,0.4206896551724138,long,0.5379310344827586,0.018523554038013423
has_deal&short_posts,169,0.0025771354438640787,0.0036585835925762034,0.029505229184579245,0.5443786982248521,0.40828402366863903,long,0.5443786982248521,0.018238189295038097
has_tariff&has_china,87,-0.003953083135246314,0.0,0.030324446331665835,0.47126436781609193,0.4942528735632184,short,0.4942528735632184,0.01822404491637989
has_iran&short_posts,46,0.004413715466140703,0.0070984868741722495,0.030993708490951843,0.6086956521739131,0.391304347826087,long,0.6086956521739131,0.01822147158268945
attack_heavy&brag_heavy,26,-0.007120469588590097,-2.5060608211391333e-06,0.038598528509307534,0.5,0.5,short,0.5,0.018153706689082446
has_tariff&has_night_post,127,-0.0032886433627529197,0.0,0.0293792770386979,0.47244094488188976,0.4881889763779528,short,0.4881889763779528,0.01809283438953879
pre_action&volume_spike,34,0.005541463227523214,0.008657149652857576,0.04253711935868625,0.5588235294117647,0.4117647058823529,long,0.5588235294117647,0.018056708959649965
has_attack&has_market_brag,131,0.002943241665780844,0.0022025287490052836,0.03728752827713351,0.5343511450381679,0.45038167938931295,long,0.5343511450381679,0.018000655281885602
has_deal&attack_heavy,160,0.00255588387383485,0.003678926368717028,0.029730364077790433,0.55625,0.4,long,0.55625,0.017983372209572954
pre_deal&china_streak_3d,20,-0.006691202177533074,-0.0049765775384484345,0.029181568638977962,0.4,0.6,short,0.6,0.017954379504190283
attack_heavy&volume_spike,95,0.003228244340466929,0.0038711371900543856,0.03422360974923432,0.5684210526315789,0.4,long,0.5684210526315789,0.017885387566226617
has_tariff&pre_deal,54,-0.0056783606746998675,0.0019297214104112559,0.03287481485948147,0.5185185185185185,0.42592592592592593,short,0.42592592592592593,0.017772721291973107
posts_high&open_deal,59,0.004115795890611582,0.00754720704978884,0.031407435932294794,0.559322033898305,0.423728813559322,long,0.559322033898305,0.01768242249899637
has_uppercase_phrase&short_posts,160,0.0025611492008693858,0.003244445031507004,0.03432781295608871,0.54375,0.4375,long,0.54375,0.0176154661624315
attack_heavy&has_all_caps,101,0.003306366272821701,0.0025640942345237505,0.03182341715305209,0.5247524752475248,0.45544554455445546,long,0.5247524752475248,0.01743677425134197
has_russia&pre_tariff,28,-0.00708769563433024,0.0,0.03178857796467482,0.4642857142857143,0.4642857142857143,short,0.4642857142857143,0.017412831444316296
has_night_post&has_chips,32,0.004895649656946888,0.00886292713186998,0.028658541014388257,0.625,0.375,long,0.625,0.017308735353703697
has_chips,32,0.004895649656946888,0.00886292713186998,0.028658541014388257,0.625,0.375,long,0.625,0.017308735353703697
has_positive&has_chips,32,0.004895649656946888,0.00886292713186998,0.028658541014388257,0.625,0.375,long,0.625,0.017308735353703697
has_exclamation&has_chips,32,0.004895649656946888,0.00886292713186998,0.028658541014388257,0.625,0.375,long,0.625,0.017308735353703697
has_attack&has_uppercase_phrase,218,0.002201083345338227,0.002524182977592715,0.03201588265940415,0.5321100917431193,0.44954128440366975,long,0.5321100917431193,0.017292836291882944
has_russia&uppercase_phrase_heavy,25,0.005073725821365049,0.013004049056350109,0.03178056914109977,0.68,0.28,long,0.68,0.01725066779264117
posts_very_high&has_deal,134,0.002577476105780907,0.0039269750303451145,0.029101754658610167,0.5746268656716418,0.3880597014925373,long,0.5746268656716418,0.01714482173615386
pre_deal&volume_spike,52,-0.004910078537141677,0.0010893216490119872,0.0343039268967411,0.5,0.4807692307692308,short,0.4807692307692308,0.017022634550211087
posts_high&has_market_brag,105,0.002949308863412786,0.00363189577665457,0.03723734235207613,0.5619047619047619,0.4095238095238095,long,0.5619047619047619,0.01698156133621853
posts_high&has_china,201,0.0022286215993568468,0.0025640942345237505,0.03272006742488741,0.5373134328358209,0.43781094527363185,long,0.5373134328358209,0.0169770435247526
posts_very_high&short_posts,158,0.002480769625646902,0.0027919372087464867,0.02799461777024223,0.5443037974683544,0.41139240506329117,long,0.5443037974683544,0.01697291137598951
posts_high&short_posts,236,0.0020466103284642856,0.0027919372087464867,0.02837600984958191,0.5338983050847458,0.423728813559322,long,0.5338983050847458,0.016786096101486906
posts_low&has_attack,29,-0.004501177278830018,-0.004400425890551785,0.026233733332119372,0.27586206896551724,0.6896551724137931,short,0.6896551724137931,0.016716952739744047
tariff_heavy&has_night_post,20,-0.008263635593444563,0.0012194934011739988,0.03443985239833119,0.55,0.45,short,0.45,0.016630245835405972
has_tariff&tariff_heavy,20,-0.008263635593444563,0.0012194934011739988,0.03443985239833119,0.55,0.45,short,0.45,0.016630245835405972
tariff_heavy&has_exclamation,20,-0.008263635593444563,0.0012194934011739988,0.03443985239833119,0.55,0.45,short,0.45,0.016630245835405972
tariff_heavy&has_positive,20,-0.008263635593444563,0.0012194934011739988,0.03443985239833119,0.55,0.45,short,0.45,0.016630245835405972
tariff_heavy,20,-0.008263635593444563,0.0012194934011739988,0.03443985239833119,0.55,0.45,short,0.45,0.016630245835405972
tariff_heavy&exclamation_heavy,20,-0.008263635593444563,0.0012194934011739988,0.03443985239833119,0.55,0.45,short,0.45,0.016630245835405972
has_russia&has_exclamation,284,0.001841108464694619,0.0023434002348334815,0.03143522802918696,0.5316901408450704,0.4295774647887324,long,0.5316901408450704,0.016496702862669896
has_russia,284,0.001841108464694619,0.0023434002348334815,0.03143522802918696,0.5316901408450704,0.4295774647887324,long,0.5316901408450704,0.016496702862669896
short_posts&deal_over_tariff,162,0.002361846838629623,0.0036452396846153867,0.029543075759679613,0.5432098765432098,0.41358024691358025,long,0.5432098765432098,0.016329650731474823
has_attack&deal_only,193,0.0022693602671396734,0.0027323986360059394,0.029787337323268066,0.5129533678756477,0.44559585492227977,long,0.5129533678756477,0.01617186051766298
attack_heavy&has_russia,148,0.002258319394541851,0.003949050367699547,0.029809620041114274,0.5878378378378378,0.36486486486486486,long,0.5878378378378378,0.016150045834150663
posts_high&brag_heavy,30,-0.006269915559093331,0.0005463930866895783,0.035961738750624674,0.5,0.4666666666666667,short,0.4666666666666667,0.01602614619838415
deal_only&volume_drop,30,0.004610024648434101,0.003505958804006837,0.02168423868186976,0.6333333333333333,0.3,long,0.6333333333333333,0.01599175844048047
deal_over_tariff&volume_drop,30,0.004610024648434101,0.003505958804006837,0.02168423868186976,0.6333333333333333,0.3,long,0.6333333333333333,0.01599175844048047
has_relief&has_russia,38,0.003924344125409107,0.009951301711240923,0.038350050355178175,0.6578947368421053,0.3157894736842105,long,0.6578947368421053,0.01591531702575062
pre_deal&open_deal,29,-0.005691899300328686,-0.0010977982950214349,0.03446375371265575,0.4827586206896552,0.5172413793103449,short,0.5172413793103449,0.015854387481663904
pre_deal&lots_of_excl,155,-0.0026472150987749336,0.0,0.02839976234389707,0.4774193548387097,0.4774193548387097,short,0.4774193548387097,0.015734578079729375
positive_heavy&pre_deal,140,-0.0028394382342925113,0.0,0.029563456873802726,0.4857142857142857,0.4642857142857143,short,0.4642857142857143,0.015598461480882429
positive_heavy&tariff_rising,26,-0.005619662303327786,-0.002721415491596102,0.0319584312019173,0.4230769230769231,0.5384615384615384,short,0.5384615384615384,0.015429490323945467
deal_heavy&deal_over_tariff,132,0.002356099783197687,0.005296810132048746,0.03066163976621373,0.5681818181818182,0.4015151515151515,long,0.5681818181818182,0.015380412279629298
has_deal&volume_drop,32,0.004325386013359203,0.003505958804006837,0.021203995972712494,0.625,0.3125,long,0.625,0.015292548906478697
has_relief&has_action,30,0.0045656741859390094,0.0061481268972645164,0.0337465000516773,0.6,0.3333333333333333,long,0.6,0.01500433645114699
posts_high&uppercase_phrase_heavy,43,0.0037776353147272418,0.006747550380578504,0.03332430143700554,0.6046511627906976,0.37209302325581395,long,0.6046511627906976,0.014978183603080448
has_deal&has_relief,49,-0.004986256822341272,0.001292097539658199,0.03878225717455711,0.5102040816326531,0.42857142857142855,short,0.42857142857142855,0.014958770467023815
has_relief&has_all_caps,26,-0.0063222949571580984,0.0016694226799773837,0.03682057871572962,0.5384615384615384,0.46153846153846156,short,0.46153846153846156,0.014878848626417723
has_tariff&has_all_caps,41,0.004495723861453447,0.0025640942345237505,0.03055541424456933,0.5121951219512195,0.3902439024390244,long,0.5121951219512195,0.01474439626496666
positive_heavy&has_night_post,563,0.0011952070688067981,0.0021786432980239745,0.03155903544258346,0.5186500888099467,0.44582593250444047,long,0.5186500888099467,0.014708615902570369
open_deal&has_exclamation,82,0.0030772521429638404,0.003192899585588993,0.03439659174823483,0.524390243902439,0.4634146341463415,long,0.524390243902439,0.014612502961377317
open_deal,82,0.0030772521429638404,0.003192899585588993,0.03439659174823483,0.524390243902439,0.4634146341463415,long,0.524390243902439,0.014612502961377317
has_deal&open_deal,82,0.0030772521429638404,0.003192899585588993,0.03439659174823483,0.524390243902439,0.4634146341463415,long,0.524390243902439,0.014612502961377317
has_tariff&exclamation_heavy,136,-0.0025804738707746098,0.0,0.029229606501444533,0.47794117647058826,0.4852941176470588,short,0.4852941176470588,0.01460407138855694
open_deal&lots_of_excl,76,0.0031673450427269823,0.003192899585588993,0.030400400201181434,0.5263157894736842,0.4605263157894737,long,0.5263157894736842,0.01453277574796993
has_relief&has_market_brag,23,-0.00632062712048242,0.0,0.04037171673327624,0.4782608695652174,0.4782608695652174,short,0.4782608695652174,0.014497360465507121
has_china&short_posts,153,0.002327455576031395,0.0021786432980239745,0.03198841816119283,0.5032679738562091,0.47058823529411764,long,0.5032679738562091,0.014488599583844866
has_deal&exclamation_heavy,335,-0.0016425859798145184,0.0,0.030731109532645084,0.4835820895522388,0.47761194029850745,short,0.47761194029850745,0.014359049437183993
pre_relief&deal_over_tariff,23,-0.0057124323106608945,-0.0014263900369020366,0.03811281226493052,0.4782608695652174,0.5217391304347826,short,0.5217391304347826,0.014293493713177894
posts_high&open_tariff,24,0.004326256316878496,0.013382149547724098,0.036807981576795094,0.6666666666666666,0.2916666666666667,long,0.6666666666666666,0.014129493963793075
has_russia&volume_spike,80,0.0025815435571302724,0.00633520820536293,0.02936777918270605,0.6,0.375,long,0.6,0.013854016513487761
posts_low&has_night_post,92,-0.002760579716080359,-0.00247857639363136,0.04367468689706312,0.43478260869565216,0.5217391304347826,short,0.5217391304347826,0.013814895886952203
posts_low&has_exclamation,120,-0.00231227111154776,-0.00247857639363136,0.043942333928304426,0.44166666666666665,0.5416666666666666,short,0.5416666666666666,0.0137202330076744
has_market_brag&pre_action,21,0.005691546852036327,0.008620839233066002,0.052096662167868624,0.5238095238095238,0.42857142857142855,long,0.5238095238095238,0.013661970808537385
uppercase_phrase_heavy&exclamation_heavy,46,0.0033778701022773028,0.005304272054271975,0.032591028606898574,0.5869565217391305,0.391304347826087,long,0.5869565217391305,0.013447073938956515
has_uppercase_phrase&uppercase_phrase_heavy,46,0.0033778701022773028,0.005304272054271975,0.032591028606898574,0.5869565217391305,0.391304347826087,long,0.5869565217391305,0.013447073938956515
uppercase_phrase_heavy,46,0.0033778701022773028,0.005304272054271975,0.032591028606898574,0.5869565217391305,0.391304347826087,long,0.5869565217391305,0.013447073938956515
uppercase_phrase_heavy&lots_of_excl,46,0.0033778701022773028,0.005304272054271975,0.032591028606898574,0.5869565217391305,0.391304347826087,long,0.5869565217391305,0.013447073938956515
uppercase_phrase_heavy&has_exclamation,46,0.0033778701022773028,0.005304272054271975,0.032591028606898574,0.5869565217391305,0.391304347826087,long,0.5869565217391305,0.013447073938956515
has_night_post&uppercase_phrase_heavy,46,0.0033778701022773028,0.005304272054271975,0.032591028606898574,0.5869565217391305,0.391304347826087,long,0.5869565217391305,0.013447073938956515
has_positive&uppercase_phrase_heavy,46,0.0033778701022773028,0.005304272054271975,0.032591028606898574,0.5869565217391305,0.391304347826087,long,0.5869565217391305,0.013447073938956515
deal_over_tariff&china_streak_3d,33,0.00424159717096855,0.0027064171395563275,0.029966067423327105,0.5454545454545454,0.42424242424242425,long,0.5454545454545454,0.01329061127454944
deal_heavy&pre_action,27,0.0037892631439403633,0.013333290019523769,0.029433736744857355,0.6666666666666666,0.2962962962962963,long,0.6666666666666666,0.013126392577105777
attack_heavy&pre_tariff,32,-0.005296158060620889,0.0011435420996217527,0.034601446226546116,0.53125,0.4375,short,0.4375,0.013107322476152889
posts_low&volume_spike,41,-0.004407318358146954,0.003225843310119325,0.05853848735444337,0.5365853658536586,0.4634146341463415,short,0.4634146341463415,0.013077842268817969
uppercase_phrase_heavy&short_posts,32,0.003876676002079537,0.005304272054271975,0.03571516441343681,0.59375,0.375,long,0.59375,0.013020813475284578
deal_heavy&open_deal,49,0.0031308110171891254,0.004576674868352004,0.03558293724829639,0.5918367346938775,0.40816326530612246,long,0.5918367346938775,0.012970502785497804
high_emotion&volume_spike,24,-0.005291227648049508,-7.060009500059472e-05,0.036792546079353824,0.5,0.5,short,0.5,0.01296080785062803
posts_high&deal_only,158,0.0019113701749925896,0.0037364514436940555,0.03155427355092985,0.5379746835443038,0.4240506329113924,long,0.5379746835443038,0.012925137956508553
posts_high&positive_heavy,367,0.00126812639905718,0.0023095738210037187,0.031649925271724326,0.5313351498637602,0.4359673024523161,long,0.5313351498637602,0.012908153544060826
has_exclamation&china_streak_3d,86,0.002766419737216344,0.0005700974682768534,0.0332844475292473,0.5,0.47674418604651164,long,0.5,0.012827360620676926
china_streak_3d,86,0.002766419737216344,0.0005700974682768534,0.0332844475292473,0.5,0.47674418604651164,long,0.5,0.012827360620676926
has_tariff&has_uppercase_phrase,56,-0.0033036630263598037,-0.0011653597476199984,0.028157650861916697,0.4642857142857143,0.5178571428571429,short,0.5178571428571429,0.012802645707633654
has_deal&has_all_caps,91,0.0027311519366976077,0.0,0.03299179554647578,0.4835164835164835,0.4725274725274725,long,0.4835164835164835,0.01259731071290473
has_tariff&open_deal,21,-0.005135780959879834,-0.0010977982950214349,0.032733359593324365,0.47619047619047616,0.5238095238095238,short,0.5238095238095238,0.01232791214357073
has_all_caps&has_uppercase_phrase,133,0.0020767789253233267,0.001160202061930793,0.03618656338541584,0.5037593984962406,0.48872180451127817,long,0.5037593984962406,0.01206533126132448
has_night_post&volume_spike,149,-0.002165382688281511,0.0013478359890335412,0.04108430375457962,0.5167785234899329,0.4563758389261745,short,0.4563758389261745,0.012062864204980907
has_night_post&high_emotion,41,-0.0033543045715340534,-0.003246790252112941,0.037320843999827484,0.4146341463414634,0.5609756097560976,short,0.5609756097560976,0.012048650359502307
has_attack&tariff_rising,20,0.00538445963328768,0.0020603657306467182,0.021483252316008745,0.5,0.45,long,0.5,0.012040017762134843
open_deal&has_uppercase_phrase,36,0.004000463471590705,0.0007331479697511578,0.035446181755121826,0.5,0.5,long,0.5,0.012001390414772115
posts_high&sig_potus,41,0.002725754131538749,0.006468410176329931,0.031668370885114795,0.6829268292682927,0.3170731707317073,long,0.6829268292682927,0.01191935574776287
lots_of_excl&china_streak_3d,78,0.0026871495262561864,0.0005700974682768534,0.031488875901229264,0.5,0.47435897435897434,long,0.5,0.011866131013980402
has_positive&has_russia,276,0.001337257784992575,0.0023434002348334815,0.030570799096222605,0.532608695652174,0.427536231884058,long,0.532608695652174,0.01183253856428092
has_deal&has_night_post,318,-0.0014125558368073814,0.0,0.031225161374883362,0.48742138364779874,0.46855345911949686,short,0.46855345911949686,0.011802617492788305
has_exclamation&volume_spike,149,-0.002116164486280272,0.0013478359890335412,0.04239473328389002,0.5167785234899329,0.4563758389261745,short,0.4563758389261745,0.011788680574361115
positive_heavy&deal_only,199,0.0016000478058042773,0.0034364376856028667,0.03175258492017435,0.5175879396984925,0.45226130653266333,long,0.5175879396984925,0.011682711311489643
pre_deal&has_uppercase_phrase,67,-0.00298660491531461,0.0,0.02742818831255234,0.4925373134328358,0.47761194029850745,short,0.47761194029850745,0.01167589961650547
deal_heavy&has_market_brag,34,0.0030637943997932986,0.00947609369373048,0.02879445947956657,0.6470588235294118,0.3235294117647059,long,0.6470588235294118,0.011559600904106043
posts_high&deal_over_tariff,193,0.0015263122030102748,0.0036585835925762034,0.031538228402490286,0.5440414507772021,0.41968911917098445,long,0.5440414507772021,0.011535967425010717
short_posts&tariff_only,20,0.00463006224991167,0.0034646077350772853,0.027433085248013613,0.55,0.45,long,0.55,0.011388447323943927
has_positive&open_deal,80,0.0024238917590836476,0.003192899585588993,0.03216857263363385,0.525,0.4625,long,0.525,0.011381972161166418
has_all_caps&short_posts,125,0.001954186274817954,0.0025740857645590864,0.03476341373573055,0.52,0.456,long,0.52,0.011361202713094081
pre_deal&deal_only,114,-0.002120548463435812,-0.0005382601263406173,0.027078589161586154,0.4649122807017544,0.5,short,0.5,0.011320630940664463
has_iran&open_deal,22,0.004048679693580102,0.01143519018574668,0.037879084272300495,0.5909090909090909,0.4090909090909091,long,0.5909090909090909,0.011221358342553984
positive_heavy&has_exclamation,597,0.0009006333210573239,0.0012358904581928343,0.03176395501312186,0.509212730318258,0.4556113902847571,long,0.509212730318258,0.011205582276108928
positive_heavy,597,0.0009006333210573239,0.0012358904581928343,0.03176395501312186,0.509212730318258,0.4556113902847571,long,0.509212730318258,0.011205582276108928
has_positive&positive_heavy,597,0.0009006333210573239,0.0012358904581928343,0.03176395501312186,0.509212730318258,0.4556113902847571,long,0.509212730318258,0.011205582276108928
has_iran&has_all_caps,25,-0.003962575651009228,-0.0071747928943523,0.034546264062762774,0.44,0.56,short,0.56,0.01109521182282584
short_posts&volume_spike,102,-0.002434340198157375,0.0023763645312915305,0.043705649743548625,0.5098039215686274,0.45098039215686275,short,0.45098039215686275,0.011087637443484427
brag_heavy&has_china,20,-0.00550938374390606,0.002523552566945697,0.03059268032063913,0.55,0.45,short,0.45,0.011087420908955618
pre_action&deal_over_tariff,40,0.003017857934062973,0.006601298972906733,0.02964053781418398,0.575,0.375,long,0.575,0.010974800435416623
has_positive&tariff_rising,28,-0.004127347960350517,-0.0013458906068089527,0.03125301347047489,0.4642857142857143,0.5,short,0.5,0.010919936277317145
has_tariff&tariff_rising,28,-0.004127347960350517,-0.0013458906068089527,0.03125301347047489,0.4642857142857143,0.5,short,0.5,0.010919936277317145
tariff_rising,28,-0.004127347960350517,-0.0013458906068089527,0.03125301347047489,0.4642857142857143,0.5,short,0.5,0.010919936277317145
has_exclamation&tariff_rising,28,-0.004127347960350517,-0.0013458906068089527,0.03125301347047489,0.4642857142857143,0.5,short,0.5,0.010919936277317145
exclamation_heavy&tariff_rising,28,-0.004127347960350517,-0.0013458906068089527,0.03125301347047489,0.4642857142857143,0.5,short,0.5,0.010919936277317145
has_attack&tariff_only,47,0.0029889387146852012,0.0027510224173070696,0.02597605102287817,0.5319148936170213,0.44680851063829785,long,0.5319148936170213,0.010899538005132119
exclamation_heavy&lots_of_excl,736,0.0007981918008518661,0.0,0.030562395062296417,0.49728260869565216,0.4673913043478261,long,0.49728260869565216,0.01076835688615253
deal_heavy&china_streak_3d,20,0.004366021511004292,0.004361681267650908,0.0364423806983316,0.55,0.45,long,0.55,0.010738992978815138
has_tariff&has_action,42,0.0027703419626558404,0.0077417572385458655,0.028893576080322152,0.5952380952380952,0.35714285714285715,long,0.5952380952380952,0.010686826134458817
has_night_post&lots_of_excl,682,0.0008155124788623587,0.0005341898552641,0.030647379818641143,0.5,0.46187683284457476,long,0.5,0.010648607084601679
has_positive&volume_drop,124,0.002001862332628752,-0.0005336197467535331,0.025403618236941896,0.47580645161290325,0.5,long,0.47580645161290325,0.010606580121600427
posts_high&deal_heavy,107,0.0017909299550632443,0.004464271147151422,0.029565452729612324,0.5700934579439252,0.411214953271028,long,0.5700934579439252,0.010561279754995748
has_market_brag&deal_over_tariff,69,0.0021202582900051357,0.003699269144857853,0.03631430058730951,0.5942028985507246,0.37681159420289856,long,0.5942028985507246,0.010465213223182142
has_action&deal_over_tariff,88,0.002040544378878405,0.004649746506976249,0.03579321085757586,0.5454545454545454,0.38636363636363635,long,0.5454545454545454,0.010441092559974961
has_deal&has_positive,333,-0.0012088267622554739,0.0,0.0309652230225342,0.4864864864864865,0.47147147147147145,short,0.47147147147147145,0.010400197866719656
has_deal&china_streak_3d,36,0.003267159838555257,0.002633615033703407,0.030096801025747952,0.5277777777777778,0.4444444444444444,long,0.5277777777777778,0.01034600615542498
pre_deal&deal_over_tariff,147,-0.0018158167377322018,0.0,0.027770264321136467,0.4897959183673469,0.46938775510204084,short,0.46938775510204084,0.010333856782954474
has_relief&has_china,40,-0.004327495524662678,0.0012870430263114407,0.04055384144774842,0.55,0.375,short,0.375,0.01026355681658957
has_russia&deal_only,96,0.001790991230372449,0.0056881200633369655,0.030866068114448475,0.5833333333333334,0.3958333333333333,long,0.5833333333333334,0.01023636751249452
deal_heavy&uppercase_phrase_heavy,20,0.003788672498711304,0.010903919438699283,0.03696675581883645,0.6,0.4,long,0.6,0.010166075101922951
has_market_brag&short_posts,83,0.00214444738369692,0.002232244341511258,0.03181912018999686,0.5180722891566265,0.4457831325301205,long,0.5180722891566265,0.01012149824680776
deal_heavy&has_iran,40,0.0025558269261471618,0.00947609369373048,0.0341910562994543,0.625,0.375,long,0.625,0.010102792989764985
has_uppercase_phrase&volume_spike,79,0.001976693013726248,0.0027510224173070696,0.037104806401823294,0.569620253164557,0.4177215189873418,long,0.569620253164557,0.010007790271147803
has_china&volume_drop,30,-0.0025880904020025223,-0.006911809031610594,0.031016564328624117,0.3,0.7,short,0.7,0.009922888458275764
has_market_brag&has_russia,54,0.002349986874420484,0.0024544729442808055,0.037027912753918396,0.5740740740740741,0.3888888888888889,long,0.5740740740740741,0.009913573948978353
positive_heavy&has_market_brag,140,0.00160468662447136,0.0013199667643458701,0.03691453376580044,0.5214285714285715,0.4642857142857143,long,0.5214285714285715,0.009900316415698752
pre_action&deal_only,28,0.003691441991170691,0.002364024543969334,0.025642603523222705,0.5,0.4642857142857143,long,0.5,0.00976663748785874
has_tariff&short_posts,44,0.002579252036038096,0.0032863636769806526,0.03210493342316509,0.5681818181818182,0.38636363636363635,long,0.5681818181818182,0.00972092186738476
posts_high&has_tariff,92,-0.00215861581970213,0.0012194934011739988,0.030800423206727594,0.5108695652173914,0.4673913043478261,short,0.4673913043478261,0.009677204025619718
has_deal&has_china,154,-0.0015886575274448567,0.0,0.032749587286690474,0.4935064935064935,0.487012987012987,short,0.487012987012987,0.009601325381901348
posts_high&pre_deal,113,-0.0020405861709831244,0.0025673452811643127,0.029952659326371235,0.5309734513274337,0.4424778761061947,short,0.4424778761061947,0.009598109973894023
has_deal&open_tariff,20,-0.0053524005901096185,0.0019108524683271177,0.034709784094412104,0.5,0.4,short,0.4,0.009574665249836078
has_market_brag&has_night_post,152,0.0015197909021450542,0.0010805829419536783,0.03591022693840656,0.506578947368421,0.4605263157894737,long,0.506578947368421,0.009491891638751613
open_deal&volume_spike,22,-0.004425304874968713,0.004065959670279118,0.03355380082758893,0.5454545454545454,0.45454545454545453,short,0.45454545454545453,0.009434781694353045
has_tariff&has_russia,60,-0.002697025673066598,0.0005734446313448993,0.028237384237314943,0.5,0.45,short,0.45,0.009400981964472706
posts_very_high&has_iran,53,-0.002814200465775495,0.0013478359890335412,0.032366623827416195,0.5471698113207547,0.4528301886792453,short,0.4528301886792453,0.009277443913046048
posts_very_high&deal_heavy,74,0.001852213586989792,0.005163579899824744,0.02668790386596535,0.581081081081081,0.3918918918918919,long,0.581081081081081,0.009258564605281669
has_all_caps&deal_only,65,0.0024867437594136422,-0.003605757827029321,0.032696343192591716,0.46153846153846156,0.5230769230769231,long,0.46153846153846156,0.009253278065707247
has_attack&pre_deal,125,-0.0017814258942217647,0.0,0.027520078010040343,0.496,0.464,short,0.464,0.009241463399551062
positive_heavy&has_russia,217,0.0011267847279903137,0.003726877488156255,0.030960386649094642,0.5529953917050692,0.4147465437788018,long,0.5529953917050692,0.009178935777229613
open_tariff,30,0.0027925678526578126,0.012546491247770186,0.03392207547549866,0.6,0.3333333333333333,long,0.6,0.009177314437586683
has_tariff&open_tariff,30,0.0027925678526578126,0.012546491247770186,0.03392207547549866,0.6,0.3333333333333333,long,0.6,0.009177314437586683
open_tariff&exclamation_heavy,30,0.0027925678526578126,0.012546491247770186,0.03392207547549866,0.6,0.3333333333333333,long,0.6,0.009177314437586683
open_tariff&has_exclamation,30,0.0027925678526578126,0.012546491247770186,0.03392207547549866,0.6,0.3333333333333333,long,0.6,0.009177314437586683
posts_low&exclamation_heavy,41,-0.002321569413364377,-0.0022173954247496352,0.025036266000437058,0.36585365853658536,0.6097560975609756,short,0.6097560975609756,0.009064205719265975
deal_heavy&has_russia,60,0.0018910523324586204,0.00939232402282053,0.03234397303944679,0.6166666666666667,0.3333333333333333,long,0.6166666666666667,0.009032950834850012
attack_heavy&uppercase_phrase_heavy,35,0.002536536202705946,0.006747550380578504,0.033067624830074444,0.6,0.37142857142857144,long,0.6,0.00900381032875735
attack_heavy&open_tariff,21,0.002944998031551,0.01293086037650304,0.03665100317611976,0.6666666666666666,0.2857142857142857,long,0.6666666666666666,0.008997117600718935
has_iran&pre_deal,38,-0.003255437382398918,0.005009904327643144,0.03326961490240095,0.5526315789473685,0.4473684210526316,short,0.4473684210526316,0.008977728535774354
has_deal&has_attack,258,0.0010876391521896797,0.0012194934011739988,0.029940940990225547,0.5077519379844961,0.4496124031007752,long,0.5077519379844961,0.008870462726710023
has_positive,846,0.0006214290213023469,0.0,0.031031920142989493,0.48936170212765956,0.475177304964539,long,0.48936170212765956,0.008845180319460074
deal_heavy&has_action,54,0.0019647944444255027,0.010808864639825666,0.03145138930623832,0.6111111111111112,0.35185185185185186,long,0.6111111111111112,0.008823363703545677
positive_heavy&lots_of_excl,575,0.0007169892008100468,0.001292097539658199,0.03178928587947414,0.5130434782608696,0.45217391304347826,long,0.5130434782608696,0.008820652402437276
has_night_post&tariff_only,49,0.0024566399696936267,0.0011401949365537067,0.022936478609897042,0.5102040816326531,0.46938775510204084,long,0.5102040816326531,0.008773714177477238
has_attack&sig_potus,52,0.0019542095347612476,0.003976411304915772,0.02797824882640327,0.6153846153846154,0.34615384615384615,long,0.6153846153846154,0.008672003299178221
has_action&deal_only,70,0.002012510243005185,0.003401844133762544,0.03559123275242995,0.5142857142857142,0.4142857142857143,long,0.5142857142857142,0.008659475348465914
open_deal&has_night_post,74,0.002007322825684106,0.001116122170755629,0.032938647445345665,0.5,0.4864864864864865,long,0.5,0.008633821931246894
has_deal&has_action,99,0.001646658965308759,0.0025673452811643127,0.03411174519666649,0.5252525252525253,0.40404040404040403,long,0.5252525252525253,0.008605763550648732
has_deal&lots_of_excl,318,-0.0010137637295470317,0.0,0.03048755460280006,0.48742138364779874,0.4716981132075472,short,0.4716981132075472,0.008527357055377103
posts_very_high&open_deal,44,0.002175502334672952,0.008657149652857576,0.028459572211563214,0.5909090909090909,0.4090909090909091,long,0.5909090909090909,0.008527202242770973
has_china&lots_of_excl,274,0.0010071047900387813,0.0012582158421698963,0.03113657404728958,0.5072992700729927,0.4635036496350365,long,0.5072992700729927,0.00845695813005897
uppercase_phrase_heavy&volume_spike,22,0.002815667141779514,0.010739298957112453,0.03868669530809545,0.6363636363636364,0.3181818181818182,long,0.6363636363636364,0.00840423152304885
posts_very_high&volume_spike,93,0.001545306752329537,0.0027510224173070696,0.035645953860352755,0.5591397849462365,0.40860215053763443,long,0.5591397849462365,0.00833252396967371
has_china&has_night_post,281,0.0009933888170098686,0.0,0.03210295419476084,0.498220640569395,0.47330960854092524,long,0.498220640569395,0.008296485192098456
deal_heavy&pre_deal,93,-0.0018330453615403588,0.001292097539658199,0.027650548969764887,0.5053763440860215,0.46236559139784944,short,0.46236559139784944,0.008173351824918186
has_positive&has_exclamation,841,0.0005765113115846987,0.0,0.0310939509352359,0.4887039239001189,0.4768133174791914,long,0.4887039239001189,0.008170556864183144
has_positive&china_streak_3d,82,0.0017908444668340985,0.0005700974682768534,0.03283886539198964,0.5,0.47560975609756095,long,0.5,0.008108393184842562
positive_heavy&has_uppercase_phrase,229,0.0010075386143268861,0.0021786432980239745,0.030639507540375928,0.5283842794759825,0.45414847161572053,long,0.5283842794759825,0.008056183109989836
has_china&volume_spike,77,0.0016023576235367058,0.0038217049366542355,0.03559930374422459,0.5714285714285714,0.4155844155844156,long,0.5714285714285714,0.008034646332800495
has_russia&exclamation_heavy,279,0.0009058638493205451,0.0022025287490052836,0.02962446780367574,0.5304659498207885,0.43010752688172044,long,0.5304659498207885,0.008026432212449437
exclamation_heavy&tariff_only,54,0.0021025419791320214,0.0005700974682768534,0.02470591351020725,0.5,0.48148148148148145,long,0.5,0.007725232517482394
has_positive&open_tariff,29,0.0024429715587321148,0.012162122119037333,0.03446746895241805,0.5862068965517241,0.3448275862068966,long,0.5862068965517241,0.007712023305846551
open_tariff&lots_of_excl,29,0.0024429715587321148,0.012162122119037333,0.03446746895241805,0.5862068965517241,0.3448275862068966,long,0.5862068965517241,0.007712023305846551
has_deal&has_exclamation,345,-0.0008745702982695009,0.0,0.03138307170557536,0.48985507246376814,0.47246376811594204,short,0.47246376811594204,0.007674900976854349
sig_potus&deal_over_tariff,21,0.002496174489048095,0.006016945395745488,0.030272436912443208,0.6666666666666666,0.2857142857142857,long,0.6666666666666666,0.007625939029253741
posts_low&short_posts,116,0.0014899570187767862,0.0,0.04141773213357055,0.47413793103448276,0.4827586206896552,long,0.47413793103448276,0.007608646992953251
has_china&deal_only,91,0.0015747591346402696,0.0021786432980239745,0.031878993767068854,0.5054945054945055,0.4835164835164835,long,0.5054945054945055,0.0075936621627305315
has_deal,347,-0.0008571966395705186,0.0,0.03129349495730919,0.4899135446685879,0.4697406340057637,short,0.4697406340057637,0.0075007264451364035
positive_heavy&exclamation_heavy,592,0.0006047010383602717,0.0012351668147839723,0.03157772894220179,0.5084459459459459,0.4560810810810811,long,0.5084459459459459,0.007480770934251732
has_all_caps&deal_over_tariff,82,0.0017763836528618207,-0.0005488991475107174,0.03415098272638477,0.4634146341463415,0.5,long,0.4634146341463415,0.00745441279183777
has_exclamation&lots_of_excl,739,0.0005481314368238957,0.0,0.030836841896093876,0.4952638700947226,0.469553450608931,long,0.4952638700947226,0.007379782748843133
lots_of_excl,739,0.0005481314368238957,0.0,0.030836841896093876,0.4952638700947226,0.469553450608931,long,0.4952638700947226,0.007379782748843133
positive_heavy&china_streak_3d,70,0.001712617577699833,0.001329730784875749,0.03028292800147888,0.5142857142857142,0.45714285714285713,long,0.5142857142857142,0.007369090292576912
has_relief&has_uppercase_phrase,40,-0.0025604597782651756,0.0016694226799773837,0.03228416542689157,0.525,0.45,short,0.45,0.007287196280910883
deal_heavy&attack_heavy,79,0.001468508513217039,0.004310214403904,0.026555789628341833,0.5569620253164557,0.4177215189873418,long,0.5569620253164557,0.00726968510676036
has_market_brag&has_china,70,0.001628051696934496,0.0013626545229101783,0.03793707230532083,0.5285714285714286,0.45714285714285713,long,0.5285714285714286,0.007199807672910613
has_exclamation,913,0.0004856483142376689,0.0,0.0331151468792159,0.4895947426067908,0.47754654983570644,long,0.4895947426067908,0.007184458160055023
has_attack&open_tariff,28,0.0022105433926808376,0.012546491247770186,0.03495437547882833,0.6071428571428571,0.35714285714285715,long,0.6071428571428571,0.007101808382068457
has_positive&has_night_post,755,0.0005208218663607785,0.0,0.030736420083846576,0.49403973509933774,0.4675496688741722,long,0.49403973509933774,0.0070700838665445275
has_china&has_uppercase_phrase,127,0.0012408792248044935,0.0011468892626897986,0.03056190292222287,0.5039370078740157,0.48031496062992124,long,0.5039370078740157,0.007047054448188726
posts_high&has_relief,68,-0.0020466079291265628,0.0012870430263114407,0.03941774459998281,0.5441176470588235,0.4117647058823529,short,0.4117647058823529,0.006949254666130363
has_market_brag&deal_only,54,0.0016378445087587752,0.003678926368717028,0.03698442440330029,0.5740740740740741,0.4074074074074074,long,0.5740740740740741,0.00690935461437942
has_russia&lots_of_excl,262,0.0008101816216227246,0.001778058177405395,0.029850143202684608,0.5267175572519084,0.4351145038167939,long,0.5267175572519084,0.006907339908362444
posts_high&has_positive,400,0.0006630405147286586,0.0012870430263114407,0.03129223967112976,0.52,0.4425,long,0.52,0.00689562135317805
volume_spike,172,-0.0011669699973624003,0.002640251452057707,0.04122055066329574,0.5290697674418605,0.4476744186046512,short,0.4476744186046512,0.0068515083644241645
has_positive&has_uppercase_phrase,284,0.000800193000918328,0.0011198377180344776,0.03146007206125726,0.5070422535211268,0.4788732394366197,long,0.5070422535211268,0.006837511510835776
has_iran&exclamation_heavy,115,0.001221219555389684,0.0013478359890335412,0.03143479337639564,0.5217391304347826,0.46956521739130436,long,0.5217391304347826,0.006832758643907871
has_iran&has_russia,57,0.0016579740212914488,0.0040322451240359936,0.033958022573062324,0.543859649122807,0.43859649122807015,long,0.543859649122807,0.006807724738958693
lots_of_excl&volume_spike,131,-0.0012770080396691354,0.0011468892626897986,0.03430644919293781,0.5114503816793893,0.4580152671755725,short,0.4580152671755725,0.0066943626278861
posts_very_high&has_uppercase_phrase,124,0.0011106076341430339,0.0023713687662738625,0.030405743650331645,0.5403225806451613,0.43548387096774194,long,0.5403225806451613,0.0066822791553773
has_market_brag,170,0.0010179984561062524,0.0005341898552641,0.03507039302832649,0.5,0.47058823529411764,long,0.5,0.006636537983540464
has_market_brag&has_exclamation,170,0.0010179984561062524,0.0005341898552641,0.03507039302832649,0.5,0.47058823529411764,long,0.5,0.006636537983540464
has_night_post,827,0.00046334248068599995,0.0,0.03285216403003518,0.49334945586457074,0.46916565900846435,long,0.49334945586457074,0.006573694660684944
deal_only,264,0.0008042506306910714,0.0005463930866895783,0.03102853626213722,0.5,0.4621212121212121,long,0.5,0.006533763010686957
has_deal&deal_only,264,0.0008042506306910714,0.0005463930866895783,0.03102853626213722,0.5,0.4621212121212121,long,0.5,0.006533763010686957
deal_over_tariff&deal_only,264,0.0008042506306910714,0.0005463930866895783,0.03102853626213722,0.5,0.4621212121212121,long,0.5,0.006533763010686957
has_positive&lots_of_excl,719,0.0004881515922128903,0.0,0.03109570375559746,0.4965229485396384,0.4673157162726008,long,0.4965229485396384,0.006499178740684689
has_tariff&has_market_brag,35,0.0021228040188205643,0.001292097539658199,0.032646376962594835,0.5142857142857142,0.45714285714285713,long,0.5142857142857142,0.006458748654459577
has_exclamation&deal_only,262,0.0007940559066047142,0.0005463930866895783,0.031146408371915374,0.5,0.46564885496183206,long,0.5,0.006426458844052934
high_emotion,70,-0.001487882104588502,-0.0017409238025170581,0.038029494039936794,0.45714285714285713,0.5142857142857142,short,0.5142857142857142,0.006402093331395045
brag_heavy&deal_over_tariff,21,-0.004167573820609182,0.003699269144857853,0.04255326205974315,0.6190476190476191,0.3333333333333333,short,0.3333333333333333,0.006366074165752628
has_relief&deal_only,35,0.0019681362682634684,0.004310214403904,0.03366942528753887,0.5428571428571428,0.4,long,0.5428571428571428,0.006320839215831826
posts_very_high&sig_potus,29,-0.0033392035023956206,0.0038711371900543856,0.03127355480124591,0.6551724137931034,0.3448275862068966,short,0.3448275862068966,0.006200745236193508
posts_very_high&has_relief,49,-0.002283787176442248,0.004310214403904,0.035944546753433816,0.5714285714285714,0.3877551020408163,short,0.3877551020408163,0.0061988509074861016
posts_high&has_uppercase_phrase,198,0.0008061295116576539,0.0023713687662738625,0.029698089389395655,0.5353535353535354,0.4444444444444444,long,0.5353535353535354,0.006072647757415294
exclamation_heavy&china_streak_3d,82,0.00136330495573139,0.0,0.031756501608255425,0.4878048780487805,0.4878048780487805,long,0.4878048780487805,0.006022073870672741
posts_very_high&open_tariff,20,0.002057512157270419,0.012747706069280551,0.037196205295964506,0.65,0.3,long,0.65,0.005980958162645564
has_tariff&deal_over_tariff,44,-0.0021952392191493405,0.0019280958870909748,0.03194559735047327,0.5227272727272727,0.4090909090909091,short,0.4090909090909091,0.005957005757720018
short_posts&china_streak_3d,44,0.0019750999258947148,-0.00186600951637661,0.022423966715647933,0.45454545454545453,0.5227272727272727,long,0.45454545454545453,0.005955150343319567
has_iran&volume_spike,38,-0.0022603523349118563,0.008657149652857576,0.038538652316144895,0.5789473684210527,0.42105263157894735,short,0.42105263157894735,0.005866841088410217
positive_heavy&deal_over_tariff,241,0.0007270168751251607,0.0025608129278504865,0.031818665466872,0.5145228215767634,0.44813278008298757,long,0.5145228215767634,0.00580707794645201
posts_low&high_emotion,59,-0.0014071413916754074,-0.003246790252112941,0.04078598889470059,0.4406779661016949,0.5254237288135594,short,0.5254237288135594,0.0056790203667261285
positive_heavy&has_china,254,0.0007060285393228648,0.0011906662170324545,0.03226953219446494,0.5039370078740157,0.46062992125984253,long,0.5039370078740157,0.005670421831569231
has_russia&pre_deal,67,-0.0016991656973101806,0.0038217049366542355,0.02853543856555122,0.5522388059701493,0.40298507462686567,short,0.40298507462686567,0.005604825485961324
positive_heavy&open_tariff,28,0.0018508701467545693,0.009111440694001272,0.034949437219528603,0.5714285714285714,0.35714285714285715,long,0.5714285714285714,0.0055965052770128145
posts_high&lots_of_excl,401,0.0005329676263903102,0.0012344431713751103,0.031305370205609064,0.516209476309227,0.4463840399002494,long,0.516209476309227,0.005509332566226181
posts_very_high&all_caps_heavy,22,-0.0028532572473463635,0.0046097162968185,0.03809753795332505,0.5909090909090909,0.4090909090909091,short,0.4090909090909091,0.005474848401729737
has_uppercase_phrase,296,0.0006217472802645779,0.0011535456623102958,0.03400319063971987,0.5101351351351351,0.47635135135135137,long,0.5101351351351351,0.005456887318574235
has_china,299,0.0006294492491031114,0.0,0.031912381789078466,0.4916387959866221,0.4782608695652174,long,0.4916387959866221,0.005351092525167623
has_china&has_exclamation,299,0.0006294492491031114,0.0,0.031912381789078466,0.4916387959866221,0.4782608695652174,long,0.4916387959866221,0.005351092525167623
posts_high&has_iran,77,-0.001233504612135222,0.0,0.031707221462682796,0.4935064935064935,0.4935064935064935,short,0.4935064935064935,0.005341694073252977
lots_of_excl&tariff_rising,27,-0.0021104629849281148,0.0,0.029933899790606268,0.48148148148148145,0.48148148148148145,short,0.48148148148148145,0.0052800642806729485
has_relief&lots_of_excl,87,-0.0013579089459035455,0.001292097539658199,0.03692586695030625,0.5402298850574713,0.41379310344827586,short,0.41379310344827586,0.005240992327457646
has_deal&brag_heavy,24,-0.003189253724338222,0.0029657567431845555,0.04009159841697489,0.625,0.3333333333333333,short,0.3333333333333333,0.005208029523266349
positive_heavy&volume_drop,54,0.0013663889665600894,0.002522542324256083,0.025039928173184664,0.5185185185185185,0.46296296296296297,long,0.5185185185185185,0.005206375623930516
posts_high&exclamation_heavy,403,0.0004992748346597648,0.0012344431713751103,0.031237631457646648,0.5161290322580645,0.4466501240694789,long,0.5161290322580645,0.005173095410236331
posts_high&has_exclamation,403,0.0004992748346597648,0.0012344431713751103,0.031237631457646648,0.5161290322580645,0.4466501240694789,long,0.5161290322580645,0.005173095410236331
posts_high,403,0.0004992748346597648,0.0012344431713751103,0.031237631457646648,0.5161290322580645,0.4466501240694789,long,0.5161290322580645,0.005173095410236331
posts_very_high&pre_deal,74,-0.0014311760739164655,0.00263688121036032,0.029693327787521394,0.5405405405405406,0.4189189189189189,short,0.4189189189189189,0.005157496015802605
has_deal&has_market_brag,78,0.0010107098563322074,0.0036452396846153867,0.03639034383236679,0.5769230769230769,0.3974358974358974,long,0.5769230769230769,0.00514981601328844
has_deal&has_uppercase_phrase,135,-0.0008585000741526609,0.0,0.03056123413055113,0.48148148148148145,0.4962962962962963,short,0.4962962962962963,0.004950490773867619
open_deal&has_all_caps,28,-0.001634267566369918,-0.002474017702151332,0.033874555707339576,0.42857142857142855,0.5714285714285714,short,0.5714285714285714,0.004941560635832627
posts_very_high&has_russia,116,0.0007939987308956158,0.0037742912124052452,0.026544208750256912,0.5775862068965517,0.3793103448275862,long,0.5775862068965517,0.00493930240533468
deal_heavy&has_all_caps,48,-0.001364684312164112,-0.001220037936147389,0.030521807232810515,0.4375,0.5208333333333334,short,0.5208333333333334,0.004924380343667559
exclamation_heavy&deal_over_tariff,297,-0.000614057628222083,0.0,0.030572229437125766,0.494949494949495,0.46464646464646464,short,0.46464646464646464,0.004917110776960316
has_relief&has_attack,75,0.000982352169393188,0.0038217049366542355,0.03688535392923655,0.5733333333333334,0.38666666666666666,long,0.5733333333333334,0.004877587089168262
has_iran&deal_over_tariff,67,0.0010785620329245786,0.004566302138039546,0.03188261294696904,0.5522388059701493,0.43283582089552236,long,0.5522388059701493,0.004875390997849502
has_iran&lots_of_excl,110,0.0008744693008063848,0.00182870490501863,0.03210605622107246,0.5272727272727272,0.4636363636363636,long,0.5272727272727272,0.004835887829823303
has_china&china_streak_3d,49,0.0014027550290250323,0.0,0.03246441416070123,0.4897959183673469,0.4897959183673469,long,0.4897959183673469,0.0048094458138001105
sig_potus&lots_of_excl,57,0.0010947040468391096,0.003726877488156255,0.02950878819463457,0.5789473684210527,0.38596491228070173,long,0.5789473684210527,0.0047849040737798785
has_relief&short_posts,50,0.0011268130028394107,0.006939935308820866,0.03277386242581629,0.6,0.34,long,0.6,0.004780662692621542
has_attack&all_caps_heavy,25,0.0013871893317408946,0.006468410176329931,0.03412060609838967,0.68,0.32,long,0.68,0.004716443727919042
posts_high&all_caps_heavy,26,-0.0023792032158572087,0.0033060080726362573,0.03503794617294173,0.6153846153846154,0.38461538461538464,short,0.38461538461538464,0.004666001394022543
has_all_caps&volume_spike,49,0.0012998509896173,0.0021786432980239745,0.037336019609440704,0.5102040816326531,0.4489795918367347,long,0.5102040816326531,0.004642324962918928
has_positive&sig_potus,59,0.0010438710060748162,0.003726877488156255,0.02911925432056963,0.576271186440678,0.3898305084745763,long,0.576271186440678,0.004620614602501468
exclamation_heavy&volume_drop,115,0.0008687780627220812,0.0,0.022194715683430264,0.4956521739130435,0.48695652173913045,long,0.4956521739130435,0.00461779640845766
sig_potus&exclamation_heavy,60,0.0010112663656342354,0.003692730540366229,0.028871490568175437,0.5833333333333334,0.38333333333333336,long,0.5833333333333334,0.00456938742479461
has_russia&deal_over_tariff,115,0.0007326195832451078,0.0043477679902372834,0.031527211137287604,0.5739130434782609,0.391304347826087,long,0.5739130434782609,0.004508930474314713
open_deal&exclamation_heavy,80,0.000982676161768495,0.0023981692880175043,0.03191691555500548,0.5125,0.475,long,0.5125,0.004504527930045015
has_night_post&all_caps_heavy,28,-0.0021611385184555237,0.0033060080726362573,0.03425750445776692,0.6071428571428571,0.39285714285714285,short,0.39285714285714285,0.004492584696753912
has_all_caps&all_caps_heavy,28,-0.0021611385184555237,0.0033060080726362573,0.03425750445776692,0.6071428571428571,0.39285714285714285,short,0.39285714285714285,0.004492584696753912
has_positive&all_caps_heavy,28,-0.0021611385184555237,0.0033060080726362573,0.03425750445776692,0.6071428571428571,0.39285714285714285,short,0.39285714285714285,0.004492584696753912
all_caps_heavy,28,-0.0021611385184555237,0.0033060080726362573,0.03425750445776692,0.6071428571428571,0.39285714285714285,short,0.39285714285714285,0.004492584696753912
all_caps_heavy&has_uppercase_phrase,28,-0.0021611385184555237,0.0033060080726362573,0.03425750445776692,0.6071428571428571,0.39285714285714285,short,0.39285714285714285,0.004492584696753912
all_caps_heavy&has_exclamation,28,-0.0021611385184555237,0.0033060080726362573,0.03425750445776692,0.6071428571428571,0.39285714285714285,short,0.39285714285714285,0.004492584696753912
all_caps_heavy&lots_of_excl,28,-0.0021611385184555237,0.0033060080726362573,0.03425750445776692,0.6071428571428571,0.39285714285714285,short,0.39285714285714285,0.004492584696753912
all_caps_heavy&exclamation_heavy,28,-0.0021611385184555237,0.0033060080726362573,0.03425750445776692,0.6071428571428571,0.39285714285714285,short,0.39285714285714285,0.004492584696753912
has_night_post&has_exclamation,802,0.00031792900079597646,0.0,0.03273347902059192,0.49501246882793015,0.470074812967581,long,0.49501246882793015,0.004456905930313368
deal_heavy&has_positive,139,0.0006822988041494365,0.004310214403904,0.031374965825054835,0.5539568345323741,0.4172661870503597,long,0.5539568345323741,0.004456130851583447
deal_heavy&has_relief,33,0.0012164195160903966,0.009459362466112564,0.038102984982773064,0.6363636363636364,0.3333333333333333,long,0.6363636363636364,0.004446780618415391
has_exclamation&exclamation_heavy,813,0.0003117793700895687,0.0,0.03027108697369207,0.4920049200492005,0.4735547355473555,long,0.4920049200492005,0.004373831961196824
exclamation_heavy,813,0.0003117793700895687,0.0,0.03027108697369207,0.4920049200492005,0.4735547355473555,long,0.4920049200492005,0.004373831961196824
has_china&has_russia,117,0.0007087369636994516,0.0027064171395563275,0.02986947615392954,0.5555555555555556,0.4188034188034188,long,0.5555555555555556,0.004258979105725055
has_deal&volume_spike,86,-0.001055129879644219,0.0032640610381052815,0.03171108215548023,0.5465116279069767,0.43023255813953487,short,0.43023255813953487,0.004209770497438314
has_relief&deal_over_tariff,47,-0.001517886511441164,0.0021786432980239745,0.035456882529771576,0.5319148936170213,0.40425531914893614,short,0.40425531914893614,0.004206723558636549
attack_heavy&all_caps_heavy,24,0.0012841141485648716,0.006607980278454217,0.034850490331827924,0.6666666666666666,0.3333333333333333,long,0.6666666666666666,0.004193899247296542
has_deal&positive_heavy,273,-0.0005450549671363637,0.0010927861733791566,0.03195147766555346,0.5018315018315018,0.46153846153846156,short,0.46153846153846156,0.004156516638903089
has_china&tariff_only,24,0.0018349211546809657,-0.0006164606001092809,0.018136343295309214,0.4583333333333333,0.5,long,0.4583333333333333,0.00412006883493965
has_russia&pre_action,32,0.0011422853032114974,0.010203891285918809,0.03197306936948397,0.625,0.34375,long,0.625,0.004038588419752907
has_night_post&exclamation_heavy,742,0.0002975277489823007,0.0,0.030413260287218268,0.49595687331536387,0.46765498652291104,long,0.49595687331536387,0.004019512120190496
has_deal&pre_action,46,0.0011677212958041791,0.0012836726405821564,0.028297220013377495,0.5,0.43478260869565216,long,0.5,0.003959935578233287
pre_deal&short_posts,71,0.0008006904897410614,0.004279518972007734,0.028302426118347837,0.5774647887323944,0.38028169014084506,long,0.5774647887323944,0.0038960036271712757
has_uppercase_phrase&has_exclamation,294,0.0004409368914066313,0.0011198377180344776,0.03404763471172402,0.5068027210884354,0.47959183673469385,long,0.5068027210884354,0.003831678297965983
has_russia&tariff_only,23,0.0014827454717380908,0.0027510224173070696,0.025484163502966495,0.5217391304347826,0.4782608695652174,long,0.5217391304347826,0.0037100856388229864
has_china&has_iran,42,0.0010145970674537072,0.0026194395360070732,0.034662828444136526,0.5476190476190477,0.4523809523809524,long,0.5476190476190477,0.0036007817065058963
has_deal&sig_potus,23,-0.0021480539778394544,0.004576674868352004,0.03323731971081956,0.6086956521739131,0.34782608695652173,short,0.34782608695652173,0.0035832017324173
lots_of_excl&deal_only,238,0.0004668391374746964,0.0,0.030151516761518442,0.4957983193277311,0.46638655462184875,long,0.4957983193277311,0.0035707610330895515
posts_low&has_positive,84,-0.0007105753640058364,-0.0018108955689923878,0.029757262067705896,0.42857142857142855,0.5476190476190477,short,0.5476190476190477,0.003566385906101597
has_relief&positive_heavy,84,-0.0009601699892428386,0.002517818792191706,0.03782234433787948,0.5476190476190477,0.40476190476190477,short,0.40476190476190477,0.0035619465784482913
has_uppercase_phrase&deal_over_tariff,119,-0.0006378855588636944,-0.0010977982950214349,0.03140625219463328,0.4789915966386555,0.5042016806722689,short,0.5042016806722689,0.0035084923985180955
has_russia&china_streak_3d,28,0.0011294585390450149,0.0020419450981715714,0.026757720211006954,0.5714285714285714,0.42857142857142855,long,0.5714285714285714,0.003415161611967366
has_relief&attack_heavy,50,-0.0012020047611651674,0.0017303159054943285,0.037476740629273704,0.56,0.4,short,0.4,0.0033997828705536258
has_positive&deal_only,250,0.00042892035440936026,0.0,0.0305944857658051,0.496,0.464,long,0.496,0.0033637858317557548
positive_heavy&all_caps_heavy,22,0.001050306181194737,0.006607980278454217,0.03603381727187279,0.6818181818181818,0.3181818181818182,long,0.6818181818181818,0.0033588904533516525
has_deal&deal_over_tariff,308,0.0003757520807138697,0.0011924418565186778,0.031126004857792083,0.5032467532467533,0.45454545454545453,long,0.5032467532467533,0.0033186215886147276
deal_over_tariff,308,0.0003757520807138697,0.0011924418565186778,0.031126004857792083,0.5032467532467533,0.45454545454545453,long,0.5032467532467533,0.0033186215886147276
has_positive&has_market_brag,166,0.0005225672753320575,0.0,0.035298963323783135,0.4879518072289157,0.4819277108433735,long,0.4879518072289157,0.00328528601027381
deal_heavy&lots_of_excl,134,0.0005252759943557834,0.00263688121036032,0.030521953360961317,0.5373134328358209,0.43283582089552236,long,0.5373134328358209,0.0032671392929266613
attack_heavy&pre_deal,89,-0.0008085078406608818,0.0027064171395563275,0.0276525529519075,0.5393258426966292,0.42696629213483145,short,0.42696629213483145,0.003256663068862407
posts_high&has_deal,220,0.0004047647737216765,0.00263688121036032,0.0318887792942147,0.5363636363636364,0.42727272727272725,long,0.5363636363636364,0.0032201297863228115
attack_heavy&has_iran,52,0.0007982246298164802,0.0035158082141578673,0.029656079924303812,0.5576923076923077,0.4423076923076923,long,0.5576923076923077,0.00321012135123484
has_exclamation&deal_over_tariff,306,0.0003642226205485756,0.0011924418565186778,0.031227081012404897,0.5032679738562091,0.45751633986928103,long,0.5032679738562091,0.003206468090516849
positive_heavy&volume_spike,125,-0.0006210901761496572,0.0013478359890335412,0.03462687601607898,0.52,0.448,short,0.448,0.003110911673022613
has_action&pre_deal,53,-0.0009807206585677537,0.0,0.029425471483886818,0.4716981132075472,0.4339622641509434,short,0.4339622641509434,0.003098383882950916
open_tariff&has_night_post,28,0.0010042859512158972,0.009111440694001272,0.0343577329571631,0.5714285714285714,0.35714285714285715,long,0.5714285714285714,0.0030366752824150965
attack_heavy&open_deal,45,0.0008839426289022863,0.0025640942345237505,0.029283918553658726,0.5111111111111111,0.4888888888888889,long,0.5111111111111111,0.0030307189032009203
pre_deal&pre_action,32,-0.0012130372498124486,0.0,0.028629497407560885,0.46875,0.4375,short,0.4375,0.003002114028109919
positive_heavy&has_iran,91,0.0005706625102646091,0.0013478359890335412,0.033009306818267393,0.5274725274725275,0.4725274725274725,long,0.5274725274725275,0.002871440910701068
has_night_post&deal_only,240,0.0003701679561660889,0.0005463930866895783,0.030689309950719015,0.5,0.4583333333333333,long,0.5,0.002867308659061799
deal_heavy&has_exclamation,144,0.0004355122166983512,0.004065959670279118,0.031356405487844304,0.5486111111111112,0.4236111111111111,long,0.5486111111111112,0.0028671220932641457
deal_heavy,144,0.0004355122166983512,0.004065959670279118,0.031356405487844304,0.5486111111111112,0.4236111111111111,long,0.5486111111111112,0.0028671220932641457
has_deal&deal_heavy,144,0.0004355122166983512,0.004065959670279118,0.031356405487844304,0.5486111111111112,0.4236111111111111,long,0.5486111111111112,0.0028671220932641457
lots_of_excl&volume_drop,87,0.0006176813545745442,0.0,0.02188938944860817,0.4827586206896552,0.4942528735632184,long,0.4827586206896552,0.0027813404756548213
pre_deal&has_all_caps,45,-0.0008453872179700358,0.0,0.02883442676737484,0.4444444444444444,0.4888888888888889,short,0.4888888888888889,0.0027725034871459667
has_tariff&volume_spike,39,-0.0011462306706218005,0.0027064171395563275,0.03211659347044081,0.5641025641025641,0.38461538461538464,short,0.38461538461538464,0.002753157016821538
has_market_brag&lots_of_excl,160,0.00043927112334319685,0.0,0.03512784829746991,0.49375,0.48125,long,0.49375,0.002743467088707889
has_uppercase_phrase&deal_only,97,-0.0005397914712514493,-0.001428617343969485,0.030545834190954285,0.4639175257731959,0.5154639175257731,short,0.5154639175257731,0.002740376001534966
has_night_post&sig_potus,60,0.0006223944481165218,0.0032048030049416365,0.02878178665080135,0.5666666666666667,0.4,long,0.5666666666666667,0.0027319264433042115
has_positive&volume_spike,138,0.00043276025760598144,0.002640251452057707,0.03483491173680036,0.5362318840579711,0.43478260869565216,long,0.5362318840579711,0.002726085966995483
positive_heavy&tariff_only,44,0.0009009068238255348,-0.0012884563458468445,0.02493382451635106,0.45454545454545453,0.5227272727272727,long,0.45454545454545453,0.002716336277909194
has_china&deal_over_tariff,124,-0.000501204813535529,0.0006460487698290995,0.032841567366140065,0.5,0.4838709677419355,short,0.4838709677419355,0.002700571257369662
sig_potus&has_all_caps,20,0.0009179139120326085,0.006658906831412903,0.034078923711212177,0.65,0.35,long,0.65,0.0026682732762369774
has_uppercase_phrase&lots_of_excl,269,0.0003130744859412508,0.0010683797105282,0.031173509615972365,0.5018587360594795,0.483271375464684,long,0.5018587360594795,0.002576945920849196
posts_high&has_night_post,392,0.0002526593033168575,0.0011853982909461047,0.03124091988591259,0.5127551020408163,0.4489795918367347,long,0.5127551020408163,0.00256500560341064
exclamation_heavy&deal_only,253,-0.00033906952545212506,0.0,0.030384322031761394,0.4901185770750988,0.4743083003952569,short,0.4743083003952569,0.0025580542108901315
sig_potus&has_exclamation,62,0.0005707493064850608,0.0032048030049416365,0.028538176225692755,0.5645161290322581,0.4032258064516129,long,0.5645161290322581,0.0025369832043105685
sig_potus,62,0.0005707493064850608,0.0032048030049416365,0.028538176225692755,0.5645161290322581,0.4032258064516129,long,0.5645161290322581,0.0025369832043105685
has_positive&has_china,291,0.000296344102843834,0.0,0.03142262362923042,0.4948453608247423,0.4742268041237113,long,0.4948453608247423,0.002501567851112228
has_market_brag&exclamation_heavy,167,0.00039081257828021233,0.0,0.03495186019012065,0.49101796407185627,0.47904191616766467,long,0.49101796407185627,0.002479842791646313
has_market_brag&pre_deal,40,0.0006246654735248991,0.009419858981241536,0.035049864260838726,0.625,0.35,long,0.625,0.0024692070900078637
has_china&sig_potus,28,-0.0012763761405042231,0.004944041292899937,0.03289603530490663,0.6428571428571429,0.35714285714285715,short,0.35714285714285715,0.0024121241765361506
has_positive&exclamation_heavy,783,0.00017138686759023323,0.0,0.030569225199029035,0.4891443167305236,0.47509578544061304,long,0.4891443167305236,0.0023458240488726167
posts_low&has_uppercase_phrase,25,0.0008304010217033441,0.011286681715575675,0.05677727670264508,0.56,0.44,long,0.56,0.0023251228607693636
has_all_caps&uppercase_phrase_heavy,38,0.0006232954318811539,0.0027287197784316986,0.03439036874414761,0.5526315789473685,0.42105263157894735,long,0.5526315789473685,0.0021233492856255367
has_russia&has_uppercase_phrase,115,-0.0004513498903827853,0.0024842717206616793,0.03038309396399153,0.5391304347826087,0.43478260869565216,short,0.43478260869565216,0.002104429714903429
has_positive&high_emotion,23,0.0009650372015279871,-0.00462962962962965,0.02120800037478406,0.43478260869565216,0.5652173913043478,long,0.43478260869565216,0.002012241666198874
posts_very_high&has_tariff,58,-0.0006439119571208604,0.00263688121036032,0.030571713657093744,0.5689655172413793,0.39655172413793105,short,0.39655172413793105,0.0019446449898010447
has_night_post&has_uppercase_phrase,276,0.00022213189808414671,0.0011853982909461047,0.03307582279129128,0.5144927536231884,0.47101449275362317,long,0.5144927536231884,0.001898649201437901
posts_high&volume_spike,120,0.00032389426223290534,0.0023763645312915305,0.03436744841320891,0.5333333333333333,0.43333333333333335,long,0.5333333333333333,0.0018923113991621955
positive_heavy&sig_potus,50,0.0004513018351228126,0.003692730540366229,0.029233261471504356,0.58,0.38,long,0.58,0.0018508878102681892
has_relief,91,-0.00047061764134113384,0.0021786432980239745,0.03661823038255657,0.5494505494505495,0.4065934065934066,short,0.4065934065934066,0.0018253629480534555
has_relief&has_exclamation,91,-0.00047061764134113384,0.0021786432980239745,0.03661823038255657,0.5494505494505495,0.4065934065934066,short,0.4065934065934066,0.0018253629480534555
has_deal&has_iran,74,0.0003867060941880907,0.003299795202600153,0.03075446517440797,0.5405405405405406,0.44594594594594594,long,0.5405405405405406,0.001798146813488421
high_emotion&short_posts,62,-0.00045053434190869915,-0.0006443580655186576,0.03742923487848999,0.46774193548387094,0.5,short,0.5,0.0017737554778509133
attack_heavy&sig_potus,30,-0.0008923017067465307,0.003976411304915772,0.02923559439830292,0.6666666666666666,0.3333333333333333,short,0.3333333333333333,0.0016291125762847817
deal_heavy&volume_spike,49,0.0003715240373647797,0.008474548857874797,0.02794626390600783,0.5918367346938775,0.3877551020408163,long,0.5918367346938775,0.0015391710119398018
has_relief&exclamation_heavy,90,-0.00039113615734072746,0.002517818792191706,0.036815481741726594,0.5555555555555556,0.4,short,0.4,0.0014842573589312243
has_relief&has_positive,90,-0.00039113615734072746,0.002517818792191706,0.036815481741726594,0.5555555555555556,0.4,short,0.4,0.0014842573589312243
has_russia&sig_potus,36,-0.000630438681261481,0.0037990073391053203,0.03028310101536972,0.6111111111111112,0.3611111111111111,short,0.3611111111111111,0.0013659504760665422
lots_of_excl&deal_over_tariff,280,0.00016255114878553238,0.0005463930866895783,0.030256131285180846,0.5,0.45714285714285713,long,0.5,0.00136000048456048
sig_potus&short_posts,29,-0.0006639102299892359,0.0027510224173070696,0.03167653316284554,0.5862068965517241,0.3793103448275862,short,0.3793103448275862,0.0013561353814476097
has_china&exclamation_heavy,291,0.00015661230259032835,0.0,0.03115926851404843,0.4948453608247423,0.4742268041237113,long,0.4948453608247423,0.0013220317107342002
has_china&open_deal,42,0.00040643771750525123,0.0007331479697511578,0.036524441395896425,0.5,0.5,long,0.5,0.0013170087286021393
posts_high&tariff_only,30,0.0004785194005821447,-0.0018330609978296497,0.026853564701623093,0.4666666666666667,0.5333333333333333,long,0.4666666666666667,0.0012231140595458931
all_caps_heavy&short_posts,24,-0.000635131995742976,0.005164701952147688,0.03627302858739291,0.625,0.375,short,0.375,0.0011668119816643713
has_relief&has_night_post,89,-0.00030957309417298896,0.0028569942863594378,0.037015891265133403,0.5617977528089888,0.39325842696629215,short,0.39325842696629215,0.0011485138823563213
deal_heavy&positive_heavy,124,0.0001897111131443229,0.0032640610381052815,0.03183587858399949,0.5403225806451613,0.4274193548387097,long,0.5403225806451613,0.0011414495794330795
deal_heavy&has_night_post,136,-0.00021607358213375424,0.00263688121036032,0.031911560819440285,0.5367647058823529,0.4338235294117647,short,0.4338235294117647,0.0010931612518670698
open_deal&short_posts,45,0.00029985927299543103,0.0025640942345237505,0.03547064005251951,0.5333333333333333,0.4444444444444444,long,0.5333333333333333,0.0010728091489623213
has_uppercase_phrase&exclamation_heavy,277,0.00012016678991068637,0.0,0.03108243338100567,0.4981949458483754,0.48736462093862815,long,0.4981949458483754,0.0009963769259756627
attack_heavy&tariff_only,25,0.0003761913525198768,0.0011401949365537067,0.024438086136941903,0.52,0.48,long,0.52,0.0009780975165516797
has_night_post&deal_over_tariff,281,-0.00012776607949976433,0.0010927861733791566,0.030958396840911655,0.501779359430605,0.45195729537366547,short,0.45195729537366547,0.0009679794327392955
has_attack&has_iran,87,0.00020175229951577628,0.0011468892626897986,0.03320128307757402,0.5057471264367817,0.4827586206896552,long,0.5057471264367817,0.0009517251446701369
has_iran&has_night_post,109,0.00017625549234765326,0.0012105945199614165,0.03222901019520845,0.5137614678899083,0.47706422018348627,long,0.5137614678899083,0.0009454040035169958
has_tariff&attack_heavy,69,0.00019860043950112517,0.0027064171395563275,0.028405559185465702,0.5652173913043478,0.4057971014492754,long,0.5652173913043478,0.0009324386499695143
deal_only&volume_spike,54,-0.0002528371262020361,0.0032444288509639874,0.030779413562650956,0.5185185185185185,0.48148148148148145,short,0.48148148148148145,0.0008945761459940692
has_tariff&pre_action,21,-0.0005054054733075054,0.0025673452811643127,0.030785475065627448,0.5238095238095238,0.38095238095238093,short,0.38095238095238093,0.0008823081287910958
has_deal&has_russia,133,-0.0001803723918662922,0.0034364376856028667,0.03064375318633217,0.556390977443609,0.40601503759398494,short,0.40601503759398494,0.0008445745757565356
exclamation_heavy&volume_spike,131,-0.0001528151668878453,0.0021786432980239745,0.034296946516308324,0.5267175572519084,0.44274809160305345,short,0.44274809160305345,0.0007743883411296151
has_tariff&has_attack,112,-0.00015085277413227804,0.0011435420996217527,0.02860081419606705,0.5089285714285714,0.45535714285714285,short,0.45535714285714285,0.0007269666132803023
sig_potus&has_uppercase_phrase,30,-0.000355701947829438,0.0037990073391053203,0.030569396511673095,0.6333333333333333,0.36666666666666664,short,0.36666666666666664,0.0007143619287739328
has_russia&has_all_caps,72,-0.00015607060263941256,0.0010893216490119872,0.027358070306095883,0.5,0.4583333333333333,short,0.4583333333333333,0.0006069721980860983
lots_of_excl&tariff_only,52,-0.00015216702390969907,0.0005700974682768534,0.029516726498328028,0.5,0.4807692307692308,short,0.4807692307692308,0.000527544237635745
has_attack&volume_spike,118,8.602757225635794e-05,0.0016627662803568866,0.03406499956789663,0.5169491525423728,0.4491525423728814,long,0.5169491525423728,0.00048308827669756434
has_positive&has_iran,112,8.934910044102799e-05,0.0011787418913256076,0.03184220072541118,0.5089285714285714,0.48214285714285715,long,0.5089285714285714,0.0004812336956840936
has_iran,118,7.950987640068011e-05,0.0012792152544974789,0.03306730747213437,0.5169491525423728,0.4745762711864407,long,0.5169491525423728,0.0004464881219288639
has_iran&has_exclamation,118,7.950987640068011e-05,0.0012792152544974789,0.03306730747213437,0.5169491525423728,0.4745762711864407,long,0.5169491525423728,0.0004464881219288639
has_exclamation&tariff_only,58,0.0001177884749168433,-0.0006164606001092809,0.028224136034466225,0.4827586206896552,0.5,long,0.4827586206896552,0.0004330587652528928
tariff_only,58,0.0001177884749168433,-0.0006164606001092809,0.028224136034466225,0.4827586206896552,0.5,long,0.4827586206896552,0.0004330587652528928
has_tariff&tariff_only,58,0.0001177884749168433,-0.0006164606001092809,0.028224136034466225,0.4827586206896552,0.5,long,0.4827586206896552,0.0004330587652528928
posts_high&has_russia,169,-8.093938905538073e-05,0.0027510224173070696,0.03077605105638184,0.5562130177514792,0.40828402366863903,short,0.40828402366863903,0.00042960137267855923
has_positive&deal_over_tariff,294,3.618898965907853e-05,0.0005463930866895783,0.030758870408214706,0.5,0.4557823129251701,long,0.5,0.0003102559564005978
has_russia&open_deal,32,8.884987740470293e-05,0.006525611863113401,0.03279866942316351,0.59375,0.40625,long,0.59375,0.0002984251663971795
deal_heavy&has_uppercase_phrase,64,7.160536985657655e-05,0.001955965111778646,0.027654766104129064,0.515625,0.46875,long,0.515625,0.00029537215065837826
deal_over_tariff&volume_spike,70,6.489966345021461e-05,0.004065959670279118,0.031069709318866514,0.5428571428571428,0.44285714285714284,long,0.5428571428571428,0.0002947657510691067
has_positive&tariff_only,56,-5.998877622880435e-05,-0.0006164606001092809,0.028677579295274463,0.48214285714285715,0.5,short,0.5,0.00022445744770003482
deal_heavy&exclamation_heavy,142,1.7232962924984707e-05,0.0032640610381052815,0.03137623063294384,0.5422535211267606,0.4295774647887324,long,0.5422535211267606,0.00011135417550846166
