event,n,mean_ret,median_ret,std,hit_up,hit_down,direction,directional_hit,score
posts_low&silence_day,229,0.07334410417440682,0.07357512953367884,0.09897989725660954,0.7397260273972602,0.2557077625570776,long,0.7397260273972602,0.8210202130596955
silence_day,229,0.07334410417440682,0.07357512953367884,0.09897989725660954,0.7397260273972602,0.2557077625570776,long,0.7397260273972602,0.8210202130596955
posts_low,400,0.045935740177459515,0.03233237845265713,0.09667159344363849,0.6282051282051282,0.36153846153846153,long,0.6282051282051282,0.5771413509475682
silence_day&volume_drop,147,0.0657385744136612,0.07039337474120089,0.09609419130765778,0.7210884353741497,0.2789115646258503,long,0.7210884353741497,0.574734780741453
volume_drop,326,0.035820720971543436,0.021084633517309825,0.08058770746206553,0.6288343558282209,0.36503067484662577,long,0.6288343558282209,0.40670488026551394
posts_low&volume_drop,222,0.04292042777566226,0.02202582834104494,0.08998602340154238,0.6126126126126126,0.3783783783783784,long,0.6126126126126126,0.3917657479185621
has_attack&has_all_caps,151,0.03024972585847317,0.01832454267490924,0.07313842354386443,0.6357615894039735,0.33774834437086093,long,0.6357615894039735,0.23632202673232292
has_all_caps&lots_of_excl,177,0.02795177758728088,0.01706486067312385,0.07105961261380256,0.632768361581921,0.3446327683615819,long,0.632768361581921,0.2353102371098995
has_all_caps&exclamation_heavy,180,0.027523230556552303,0.017689895344768836,0.07089874202871702,0.6333333333333333,0.34444444444444444,long,0.6333333333333333,0.2338664950424312
has_positive&has_all_caps,180,0.027684684568208433,0.01683813076343954,0.07025184377288378,0.6277777777777778,0.35,long,0.6277777777777778,0.23317488464024475
posts_very_high&has_all_caps,106,0.0332761128438913,0.02064181723589875,0.0664626484916257,0.6792452830188679,0.29245283018867924,long,0.6792452830188679,0.2327084493082315
has_all_caps&has_uppercase_phrase,134,0.02957473379704098,0.020111130604247518,0.06778926688891894,0.6492537313432836,0.3283582089552239,long,0.6492537313432836,0.22227350488346742
has_night_post&has_all_caps,183,0.026359470236533802,0.01661140085375523,0.07137623193034763,0.6229508196721312,0.3551912568306011,long,0.6229508196721312,0.2221344844253132
has_all_caps&has_exclamation,184,0.025825782984208952,0.01604563314497809,0.0715481277657423,0.6195652173913043,0.358695652173913,long,0.6195652173913043,0.2170448258581466
has_all_caps,184,0.025825782984208952,0.01604563314497809,0.0715481277657423,0.6195652173913043,0.358695652173913,long,0.6195652173913043,0.2170448258581466
posts_high&has_all_caps,142,0.027465555903818686,0.013966081893549642,0.06899765811734077,0.6338028169014085,0.3380281690140845,long,0.6338028169014085,0.20743724258766194
has_attack&has_positive,577,0.014818750046072695,0.0074813803357456354,0.06505777011617439,0.5545927209705372,0.41767764298093585,long,0.5545927209705372,0.1974120436389339
has_attack&has_exclamation,595,0.014609739336651826,0.006896521252595322,0.06562826196711373,0.5529411764705883,0.42016806722689076,long,0.5529411764705883,0.1970515623212896
has_attack,595,0.014609739336651826,0.006896521252595322,0.06562826196711373,0.5529411764705883,0.42016806722689076,long,0.5529411764705883,0.1970515623212896
positive_heavy&has_all_caps,152,0.024982783143149917,0.01683813076343954,0.06732861980575708,0.6381578947368421,0.3355263157894737,long,0.6381578947368421,0.19655801538624673
has_attack&has_uppercase_phrase,219,0.02273835440470392,0.011320762933344053,0.06671873993364215,0.5799086757990868,0.3881278538812785,long,0.5799086757990868,0.19513748113082346
posts_high&has_uppercase_phrase,200,0.02276022120879734,0.01125743302941995,0.06595214488144281,0.595,0.37,long,0.595,0.1915174904207531
has_attack&has_night_post,549,0.014828917923113919,0.006666671329245144,0.06606527268206826,0.5500910746812386,0.4207650273224044,long,0.5500910746812386,0.19113060395475492
has_uppercase_phrase&lots_of_excl,266,0.020252710181397526,0.010339638068568191,0.0660322542545595,0.5714285714285714,0.39849624060150374,long,0.5714285714285714,0.1887495468197183
has_uppercase_phrase&exclamation_heavy,273,0.01976126889454653,0.010810839071649037,0.06587092711597732,0.5714285714285714,0.3992673992673993,long,0.5714285714285714,0.18657699864103788
posts_very_high&has_uppercase_phrase,132,0.02487210235729213,0.017694701674016544,0.0684652997269329,0.6363636363636364,0.3409090909090909,long,0.6363636363636364,0.18184644563599925
has_attack&lots_of_excl,559,0.013935957893751592,0.006896521252595322,0.06493709180530689,0.5491949910554562,0.42397137745974955,long,0.5491949910554562,0.18095446222849096
has_night_post&has_uppercase_phrase,274,0.019085758406427733,0.010339638068568191,0.06629274843347856,0.5693430656934306,0.40145985401459855,long,0.5693430656934306,0.17987000181204824
has_attack&exclamation_heavy,579,0.013650104249527123,0.006896496421852527,0.06513212428115794,0.5474956822107081,0.42487046632124353,long,0.5474956822107081,0.17982743453537206
has_positive&has_uppercase_phrase,281,0.018955877773392686,0.009836081093794746,0.06564783106763873,0.5658362989323843,0.40569395017793597,long,0.5658362989323843,0.1797992451452767
has_all_caps&short_posts,125,0.02643203402630066,0.011320762933344053,0.07111388889703152,0.6,0.376,long,0.6,0.1773114745991872
attack_heavy&has_all_caps,106,0.02743158584551158,0.009326221345822505,0.06737920582129013,0.6226415094339622,0.33962264150943394,long,0.6226415094339622,0.17584981599098123
attack_heavy&has_uppercase_phrase,145,0.024907937634854188,0.009836081093794746,0.06585782211432065,0.5862068965517241,0.3793103448275862,long,0.5862068965517241,0.17582178880954705
has_uppercase_phrase,291,0.018360707724954482,0.009615429665842834,0.06598008906006841,0.5601374570446735,0.41237113402061853,long,0.5601374570446735,0.17544077100288272
has_attack&positive_heavy,450,0.014467831686999832,0.008983696375518435,0.0655625078767541,0.5622222222222222,0.4088888888888889,long,0.5622222222222222,0.1725510919613751
posts_high&has_attack,352,0.016447578706946867,0.007363785843597537,0.06751687068763187,0.5568181818181818,0.4090909090909091,long,0.5568181818181818,0.1718251425691815
has_positive,814,0.011267394683648225,0.005256309464707565,0.06248521516975658,0.5294840294840295,0.44594594594594594,long,0.5294840294840295,0.17021137307390333
has_china&has_all_caps,95,0.028029013549191975,0.01706486067312385,0.06991779139902327,0.6210526315789474,0.3473684210526316,long,0.6210526315789474,0.1696672506774574
has_uppercase_phrase&has_exclamation,289,0.017847574198965044,0.008810480574015234,0.06587653888081206,0.5570934256055363,0.41522491349480967,long,0.5570934256055363,0.16902702623725718
has_uppercase_phrase&short_posts,158,0.022276332806017797,0.012163550352446983,0.06431322520873708,0.6012658227848101,0.379746835443038,long,0.6012658227848101,0.16835993887122727
has_positive&has_exclamation,807,0.011160885915320884,0.005249402748160215,0.0626527970001954,0.5291201982651796,0.44609665427509293,long,0.5291201982651796,0.16776052498825225
has_action&has_attack,148,0.023102386476781412,0.017715089547257423,0.0625342825773162,0.5945945945945946,0.40540540540540543,long,0.5945945945945946,0.16711239340927317
has_positive&has_night_post,734,0.011534614252319827,0.005284157593452243,0.06298018513869742,0.5326975476839237,0.44141689373297005,long,0.5326975476839237,0.16646839893930226
has_action,187,0.020546285650458625,0.015479865436200946,0.059789716536925906,0.5775401069518716,0.41711229946524064,long,0.5775401069518716,0.1622692668357291
has_action&has_positive,181,0.02049456577438121,0.01547992111273988,0.06005707163258987,0.585635359116022,0.4088397790055249,long,0.585635359116022,0.1614750021617358
has_positive&exclamation_heavy,753,0.011049188125731779,0.004807758214844249,0.06344643303913435,0.5285524568393094,0.44621513944223107,long,0.5285524568393094,0.16025661013854456
positive_heavy&has_uppercase_phrase,229,0.018470407571308717,0.010810839071649037,0.06527950981319962,0.5720524017467249,0.4017467248908297,long,0.5720524017467249,0.15989321434250592
has_all_caps&uppercase_phrase_heavy,42,0.033359002370958554,0.02395649940005873,0.055860026959593745,0.7380952380952381,0.23809523809523808,long,0.7380952380952381,0.15956958033420043
posts_high&has_positive,403,0.014595072683221376,0.006600665017606477,0.06560524466478217,0.543424317617866,0.4218362282878412,long,0.543424317617866,0.15922008589678052
has_action&has_exclamation,185,0.02019584721475185,0.015479865436200946,0.059603189646164845,0.5783783783783784,0.41621621621621624,long,0.5783783783783784,0.15887661930308128
posts_high&lots_of_excl,402,0.014543553850134882,0.006622535679255748,0.06579235128344352,0.5447761194029851,0.42039800995024873,long,0.5447761194029851,0.15885527166534552
has_relief&has_attack,78,0.028493666811481428,0.024492443345943582,0.07233190215139111,0.6282051282051282,0.34615384615384615,long,0.6282051282051282,0.15808735029112164
has_attack&has_china,227,0.018003536482997552,0.009374812743079497,0.07118939484234617,0.5814977973568282,0.3876651982378855,long,0.5814977973568282,0.15773164248607982
posts_high&positive_heavy,369,0.015045130037332963,0.006666671329245144,0.06549679679498212,0.5447154471544715,0.42005420054200543,long,0.5447154471544715,0.15742685525424804
posts_high,405,0.014277692312591826,0.006600665017606477,0.06574381659284131,0.5432098765432098,0.4222222222222222,long,0.5432098765432098,0.156082131689154
posts_high&exclamation_heavy,405,0.014277692312591826,0.006600665017606477,0.06574381659284131,0.5432098765432098,0.4222222222222222,long,0.5432098765432098,0.156082131689154
posts_high&has_exclamation,405,0.014277692312591826,0.006600665017606477,0.06574381659284131,0.5432098765432098,0.4222222222222222,long,0.5432098765432098,0.156082131689154
has_night_post&exclamation_heavy,721,0.010933751974206986,0.004807758214844249,0.06309861448886742,0.5298196948682385,0.44244105409153955,long,0.5298196948682385,0.15554818519834548
has_positive&lots_of_excl,701,0.011058810123777584,0.004807758214844249,0.06301056285139027,0.5292439372325249,0.4450784593437946,long,0.5292439372325249,0.15496131818102796
posts_high&has_night_post,394,0.014399767958180893,0.005700980175953774,0.06648815354484289,0.5406091370558376,0.42385786802030456,long,0.5406091370558376,0.15452081365799572
has_positive&positive_heavy,575,0.01177968934703657,0.006644406340905018,0.06286913967576184,0.5460869565217391,0.4260869565217391,long,0.5460869565217391,0.15425155937982252
positive_heavy&has_exclamation,575,0.01177968934703657,0.006644406340905018,0.06286913967576184,0.5460869565217391,0.4260869565217391,long,0.5460869565217391,0.15425155937982252
positive_heavy,575,0.01177968934703657,0.006644406340905018,0.06286913967576184,0.5460869565217391,0.4260869565217391,long,0.5460869565217391,0.15425155937982252
positive_heavy&exclamation_heavy,571,0.011803856990107109,0.006644406340905018,0.06307157961286262,0.5464098073555166,0.425569176882662,long,0.5464098073555166,0.15412052475718915
positive_heavy&has_night_post,544,0.01214158376844782,0.006343731500012217,0.0635135225587592,0.5441176470588235,0.4264705882352941,long,0.5441176470588235,0.15408756838817583
has_action&exclamation_heavy,179,0.019974207194516046,0.012578445741725952,0.06030554606269038,0.5754189944134078,0.41899441340782123,long,0.5754189944134078,0.15377306109291872
uppercase_phrase_heavy,51,0.032233839425708795,0.022959091796888265,0.05821375583441648,0.6666666666666666,0.3137254901960784,long,0.6666666666666666,0.1534637714905614
has_positive&uppercase_phrase_heavy,51,0.032233839425708795,0.022959091796888265,0.05821375583441648,0.6666666666666666,0.3137254901960784,long,0.6666666666666666,0.1534637714905614
uppercase_phrase_heavy&has_exclamation,51,0.032233839425708795,0.022959091796888265,0.05821375583441648,0.6666666666666666,0.3137254901960784,long,0.6666666666666666,0.1534637714905614
has_uppercase_phrase&uppercase_phrase_heavy,51,0.032233839425708795,0.022959091796888265,0.05821375583441648,0.6666666666666666,0.3137254901960784,long,0.6666666666666666,0.1534637714905614
has_night_post&uppercase_phrase_heavy,51,0.032233839425708795,0.022959091796888265,0.05821375583441648,0.6666666666666666,0.3137254901960784,long,0.6666666666666666,0.1534637714905614
uppercase_phrase_heavy&exclamation_heavy,51,0.032233839425708795,0.022959091796888265,0.05821375583441648,0.6666666666666666,0.3137254901960784,long,0.6666666666666666,0.1534637714905614
uppercase_phrase_heavy&lots_of_excl,51,0.032233839425708795,0.022959091796888265,0.05821375583441648,0.6666666666666666,0.3137254901960784,long,0.6666666666666666,0.1534637714905614
attack_heavy&has_positive,295,0.015969320507211567,0.006968707980814726,0.06455400631190995,0.559322033898305,0.4101694915254237,long,0.559322033898305,0.1534120147649841
posts_very_high&positive_heavy,220,0.017748908547721463,0.010938032512969209,0.07071190675964874,0.5818181818181818,0.39090909090909093,long,0.5818181818181818,0.15316878978235482
has_exclamation&exclamation_heavy,782,0.010438003083589543,0.003906363028312154,0.06286393126799376,0.5242966751918159,0.44884910485933505,long,0.5242966751918159,0.1530375135692877
exclamation_heavy,782,0.010438003083589543,0.003906363028312154,0.06286393126799376,0.5242966751918159,0.44884910485933505,long,0.5242966751918159,0.1530375135692877
posts_very_high&lots_of_excl,231,0.01717133255961589,0.009756053758918082,0.06976100939735257,0.5844155844155844,0.38961038961038963,long,0.5844155844155844,0.1525217493912814
has_action&has_night_post,182,0.01978465983275976,0.01224165839276914,0.060031921089674936,0.5714285714285714,0.4230769230769231,long,0.5714285714285714,0.15251980204661728
has_positive&has_china,281,0.016040207989829518,0.009156912177021637,0.0679447812420658,0.5658362989323843,0.40213523131672596,long,0.5658362989323843,0.15214369511248474
posts_very_high&has_night_post,231,0.01705559926355145,0.009756053758918082,0.06997830804031098,0.5844155844155844,0.38961038961038963,long,0.5844155844155844,0.15149376599411157
posts_very_high&has_positive,233,0.01692651573939364,0.009756053758918082,0.06969458131213818,0.5836909871244635,0.3905579399141631,long,0.5836909871244635,0.15080943651621184
posts_very_high&exclamation_heavy,233,0.01692651573939364,0.009756053758918082,0.06969458131213818,0.5836909871244635,0.3905579399141631,long,0.5836909871244635,0.15080943651621184
posts_very_high,233,0.01692651573939364,0.009756053758918082,0.06969458131213818,0.5836909871244635,0.3905579399141631,long,0.5836909871244635,0.15080943651621184
posts_very_high&has_exclamation,233,0.01692651573939364,0.009756053758918082,0.06969458131213818,0.5836909871244635,0.3905579399141631,long,0.5836909871244635,0.15080943651621184
posts_high&posts_very_high,233,0.01692651573939364,0.009756053758918082,0.06969458131213818,0.5836909871244635,0.3905579399141631,long,0.5836909871244635,0.15080943651621184
has_night_post&lots_of_excl,667,0.010952097371546735,0.004048490376127534,0.06314747301920955,0.527736131934033,0.4452773613193403,long,0.527736131934033,0.1492715501317069
has_exclamation,882,0.009676142824364634,0.003527409154579164,0.0632522790337962,0.518140589569161,0.4557823129251701,long,0.518140589569161,0.14889639316785083
has_china&has_exclamation,288,0.0155968702492026,0.008155281966864103,0.06732121778365333,0.5625,0.4027777777777778,long,0.5625,0.14888681169972132
has_china,288,0.0155968702492026,0.008155281966864103,0.06732121778365333,0.5625,0.4027777777777778,long,0.5625,0.14888681169972132
has_night_post&has_exclamation,779,0.010130401880502612,0.003623127350848465,0.06333692681689645,0.5224646983311938,0.45057766367137353,long,0.5224646983311938,0.1477244408707047
has_attack&uppercase_phrase_heavy,46,0.03223108878623493,0.023198303902290607,0.0556514483280993,0.6739130434782609,0.30434782608695654,long,0.6739130434782609,0.14731865816898404
posts_very_high&has_attack,214,0.017070447892440065,0.010938032512969209,0.07186191349620698,0.5841121495327103,0.397196261682243,long,0.5841121495327103,0.14586397434099815
has_exclamation&lots_of_excl,720,0.010352258270293464,0.0037974369874498315,0.06271866580331377,0.5222222222222223,0.4513888888888889,long,0.5222222222222223,0.14506301346819964
lots_of_excl,720,0.010352258270293464,0.0037974369874498315,0.06271866580331377,0.5222222222222223,0.4513888888888889,long,0.5222222222222223,0.14506301346819964
has_china&exclamation_heavy,281,0.015428852716621694,0.007500083359712972,0.0676873181976214,0.5587188612099644,0.4092526690391459,long,0.5587188612099644,0.14450408545778032
has_night_post,806,0.009811838824823881,0.003527409154579164,0.06394999773219198,0.5186104218362283,0.45533498759305213,long,0.5186104218362283,0.14446384392623235
has_action&lots_of_excl,173,0.018984431852759793,0.012578445741725952,0.0577501092338586,0.5780346820809249,0.4161849710982659,long,0.5780346820809249,0.1443359626095742
attack_heavy,298,0.015069993569991103,0.006781596290920233,0.06491752402357186,0.5536912751677853,0.4161073825503356,long,0.5536912751677853,0.1440419125512458
has_attack&attack_heavy,298,0.015069993569991103,0.006781596290920233,0.06491752402357186,0.5536912751677853,0.4161073825503356,long,0.5536912751677853,0.1440419125512458
attack_heavy&has_exclamation,298,0.015069993569991103,0.006781596290920233,0.06491752402357186,0.5536912751677853,0.4161073825503356,long,0.5536912751677853,0.1440419125512458
has_china&has_night_post,271,0.015671439772726448,0.007246191351449438,0.06862842382228843,0.5571955719557196,0.4059040590405904,long,0.5571955719557196,0.14374779772122032
attack_heavy&exclamation_heavy,297,0.015099885595079488,0.006896521252595322,0.06502503519391416,0.5521885521885522,0.4175084175084175,long,0.5521885521885522,0.14369421369762195
exclamation_heavy&lots_of_excl,717,0.010229462432181473,0.0037037701104729592,0.06264473809804492,0.5216178521617852,0.45188284518828453,long,0.5216178521617852,0.1428778268682368
has_action&has_all_caps,57,0.028307269197024185,0.026315808501322646,0.05668775651561311,0.6666666666666666,0.3333333333333333,long,0.6666666666666666,0.1424767971681148
attack_heavy&lots_of_excl,296,0.014921169067969545,0.006781596290920233,0.06506204772359105,0.5506756756756757,0.4189189189189189,long,0.5506756756756757,0.14136587972307507
attack_heavy&has_night_post,286,0.01508886103117093,0.006655538835075081,0.06578442779595571,0.5524475524475524,0.4160839160839161,long,0.5524475524475524,0.1409712429915901
has_china&pre_relief,20,0.04845209655783415,0.03267131393367917,0.0936893746162984,0.65,0.35,long,0.65,0.14084483602241096
short_posts,523,0.011656739050781854,0.003267781892779764,0.06938848623441042,0.5277246653919694,0.45315487571701724,long,0.5277246653919694,0.1406809563658829
posts_high&uppercase_phrase_heavy,48,0.03044704557525373,0.02064181723589875,0.05525819740674289,0.6666666666666666,0.3125,long,0.6666666666666666,0.14062887967121235
has_china&short_posts,151,0.019175461120672498,0.011152359331932038,0.0682261201828512,0.5960264900662252,0.37748344370860926,long,0.5960264900662252,0.14044292056456528
positive_heavy&uppercase_phrase_heavy,43,0.03286784968499173,0.022959091796888265,0.05832051786998917,0.6511627906976745,0.32558139534883723,long,0.6511627906976745,0.1403444024323093
deal_heavy&uppercase_phrase_heavy,23,0.03721903105355544,0.024475482792424508,0.05732136744615941,0.782608695652174,0.21739130434782608,long,0.782608695652174,0.13969268013427527
has_russia&has_uppercase_phrase,114,0.022176411165675834,0.011949604337535003,0.06217784972026683,0.5877192982456141,0.35964912280701755,long,0.5877192982456141,0.13915975073214476
positive_heavy&lots_of_excl,559,0.010828965632995301,0.005952493545198889,0.06291690019027821,0.5384615384615384,0.4329159212880143,long,0.5384615384615384,0.13786294992491918
has_attack&pre_relief,36,0.03749127587596123,0.022389073971941897,0.08936329277519335,0.6111111111111112,0.3611111111111111,long,0.6111111111111112,0.1374680115451912
has_relief&positive_heavy,85,0.025176525003672446,0.014598456017081318,0.07304527531724722,0.5882352941176471,0.38823529411764707,long,0.5882352941176471,0.1365388773832377
posts_low&volume_spike,41,0.037913232430236414,0.056147941425284786,0.13211439329975624,0.5609756097560976,0.4146341463414634,long,0.5609756097560976,0.13618419908170376
posts_high&attack_heavy,248,0.015709412446615625,0.006298449943051954,0.06610482331931235,0.5483870967741935,0.41935483870967744,long,0.5483870967741935,0.13566662155566192
posts_high&has_china,205,0.016404499925161665,0.007500083359712972,0.06793593285136619,0.5658536585365853,0.4,long,0.5658536585365853,0.13290583692231914
has_relief&has_night_post,90,0.023756820861154177,0.01589023941016776,0.07201550062404652,0.5888888888888889,0.3888888888888889,long,0.5888888888888889,0.13272200619833496
has_positive&short_posts,418,0.012040364339113412,0.005028580481502232,0.06279865206528752,0.5358851674641149,0.4449760765550239,long,0.5358851674641149,0.1319166172831683
has_all_caps&deal_over_tariff,85,0.02294420428521645,0.011152359331932038,0.0693038243963919,0.6235294117647059,0.36470588235294116,long,0.6235294117647059,0.1318983636067346
positive_heavy&has_china,248,0.014727047296456883,0.009265862460050567,0.06689269937259248,0.5685483870967742,0.3951612903225806,long,0.5685483870967742,0.13185874982764248
pre_action&has_all_caps,29,0.03376442444805818,0.028645889721415685,0.053522938872700376,0.7241379310344828,0.27586206896551724,long,0.7241379310344828,0.1316678205409493
has_china&uppercase_phrase_heavy,38,0.031101755603869064,0.02064181723589875,0.05272574594724869,0.6842105263157895,0.2894736842105263,long,0.6842105263157895,0.13117964583675373
has_relief&has_positive,91,0.023458756183396535,0.014598456017081318,0.07167072065151464,0.5824175824175825,0.3956043956043956,long,0.5824175824175825,0.13033472949567898
has_relief&exclamation_heavy,91,0.023458756183396535,0.014598456017081318,0.07167072065151464,0.5824175824175825,0.3956043956043956,long,0.5824175824175825,0.13033472949567898
has_attack&short_posts,296,0.013920844958027605,0.005700980175953774,0.06742064953689451,0.543918918918919,0.43243243243243246,long,0.543918918918919,0.13027036113300566
has_action&short_posts,107,0.022261270531044413,0.011152359331932038,0.06076634526109499,0.5607476635514018,0.42990654205607476,long,0.5607476635514018,0.12912469508926544
has_action&attack_heavy,107,0.02152273988377864,0.011320762933344053,0.05928283784103482,0.5794392523364486,0.4205607476635514,long,0.5794392523364486,0.12900227153730084
posts_very_high&has_action,101,0.02112759457472856,0.017182022803254204,0.05989557495521246,0.6039603960396039,0.38613861386138615,long,0.6039603960396039,0.12823872828335567
has_action&has_russia,76,0.023757590014531593,0.018777647943869713,0.06149219475616199,0.618421052631579,0.3815789473684211,long,0.618421052631579,0.12808357628222286
posts_very_high&uppercase_phrase_heavy,42,0.02954279815496407,0.014822652804126646,0.05322550920992194,0.6666666666666666,0.30952380952380953,long,0.6666666666666666,0.1276394762318162
has_china&has_uppercase_phrase,129,0.01932169425818735,0.011320762933344053,0.06636207608575317,0.5813953488372093,0.3953488372093023,long,0.5813953488372093,0.1275885241602574
posts_high&has_action,140,0.018826819169698618,0.01161281698857819,0.05962231192724133,0.5714285714285714,0.42142857142857143,long,0.5714285714285714,0.12729253059420145
has_relief&lots_of_excl,89,0.022977719512653906,0.014598456017081318,0.07148336393074224,0.5842696629213483,0.39325842696629215,long,0.5842696629213483,0.12665293664812832
attack_heavy&positive_heavy,262,0.014065696194667887,0.006781596290920233,0.06558765592279772,0.5534351145038168,0.41603053435114506,long,0.5534351145038168,0.1260023338795513
posts_very_high&short_posts,159,0.01676093241434784,0.011152359331932038,0.06825092583426326,0.5911949685534591,0.37735849056603776,long,0.5911949685534591,0.12494746987554403
has_relief,92,0.022597498709794404,0.012875407674506678,0.07175296063428709,0.5760869565217391,0.40217391304347827,long,0.5760869565217391,0.1248654613696495
has_relief&has_exclamation,92,0.022597498709794404,0.012875407674506678,0.07175296063428709,0.5760869565217391,0.40217391304347827,long,0.5760869565217391,0.1248654613696495
has_action&has_uppercase_phrase,95,0.021105855069045824,0.015479865436200946,0.06304059843114364,0.6,0.4,long,0.6,0.12342865729760005
positive_heavy&short_posts,274,0.012922188817273113,0.006932602201333626,0.06174982766067531,0.5766423357664233,0.3978102189781022,long,0.5766423357664233,0.1233439601874416
volume_spike,173,0.017750401415063427,0.003921622192197605,0.0843345170989997,0.5260115606936416,0.4393063583815029,long,0.5260115606936416,0.1228079606641031
posts_very_high&deal_over_tariff,121,0.018223213983344852,0.016483512897527808,0.06701727266209982,0.6115702479338843,0.371900826446281,long,0.6115702479338843,0.12259253043341081
pre_relief&deal_over_tariff,25,0.040656491132858824,0.03157890732965929,0.0985986225402798,0.6,0.36,long,0.6,0.12196947339857647
short_posts&china_streak_3d,38,0.031234198628959042,0.02647262835563413,0.06574790432665083,0.631578947368421,0.3157894736842105,long,0.631578947368421,0.121604546147286
has_positive&sig_potus,59,0.023278831883679896,0.018656729806984407,0.0545592103677789,0.6779661016949152,0.288135593220339,long,0.6779661016949152,0.12122583087367865
has_deal&has_all_caps,96,0.020471772273067634,0.007107449666132082,0.06595196061866268,0.6041666666666666,0.375,long,0.6041666666666666,0.12118470748205788
has_china&volume_drop,32,0.029761869256936125,0.026923049688316048,0.04866228503939305,0.71875,0.28125,long,0.71875,0.12100771254111008
pre_relief&has_uppercase_phrase,22,0.04043770886037684,0.030683006256407297,0.09462590103583773,0.6363636363636364,0.36363636363636365,long,0.6363636363636364,0.12069887895536742
has_action&has_china,87,0.021846661899910927,0.01832454267490924,0.06230579624906679,0.5862068965517241,0.41379310344827586,long,0.5862068965517241,0.11945260834301467
has_action&uppercase_phrase_heavy,27,0.03442789308431458,0.029787105183155305,0.050300017700137756,0.6666666666666666,0.3333333333333333,long,0.6666666666666666,0.11926172003916405
deal_heavy&deal_only,89,0.020719934105665732,0.011320762933344053,0.06224451746850783,0.6067415730337079,0.3595505617977528,long,0.6067415730337079,0.11860066561973662
has_action&positive_heavy,152,0.0170028104486729,0.011949604337535003,0.05756109091132709,0.5592105263157895,0.4342105263157895,long,0.5592105263157895,0.11722435315352958
deal_heavy&has_attack,115,0.018463367148257203,0.011320762933344053,0.06016590960732512,0.591304347826087,0.3739130434782609,long,0.591304347826087,0.11707681476598143
posts_very_high&attack_heavy,170,0.01601504702375644,0.006046936573806838,0.07084940881266978,0.5588235294117647,0.4176470588235294,long,0.5588235294117647,0.11668831343867198
has_china&lots_of_excl,265,0.013147838653756886,0.005449466806708658,0.06642981711419861,0.5433962264150943,0.4226415094339623,long,0.5433962264150943,0.11630380437969876
pre_relief&has_night_post,41,0.030997966099191004,0.01923079815204609,0.08890901282236824,0.5853658536585366,0.3902439024390244,long,0.5853658536585366,0.11618565543854732
has_all_caps&deal_only,68,0.022686001152442552,0.007234395670263849,0.07281446370833677,0.6176470588235294,0.38235294117647056,long,0.6176470588235294,0.11554543285073511
uppercase_phrase_heavy&short_posts,35,0.028397049593325164,0.022959091796888265,0.053893127818127703,0.6857142857142857,0.2857142857142857,long,0.6857142857142857,0.11519945897057018
pre_action&has_uppercase_phrase,42,0.028603527880187607,0.019096031529234336,0.06281365886074791,0.6190476190476191,0.38095238095238093,long,0.6190476190476191,0.11475412448882308
posts_very_high&pre_relief,23,0.0392358564172363,0.029787105183155305,0.08552542089228159,0.6086956521739131,0.34782608695652173,long,0.6086956521739131,0.11453738255214561
posts_high&short_posts,237,0.013206433217991254,0.007168275266583146,0.06550926873270078,0.5611814345991561,0.41350210970464135,long,0.5611814345991561,0.11409405288122289
exclamation_heavy&short_posts,402,0.010723027445387738,0.0038557451165783796,0.06381075233242778,0.5298507462686567,0.44776119402985076,long,0.5298507462686567,0.11391580787339972
has_relief&has_uppercase_phrase,45,0.029141860241208503,0.02343753690004946,0.08036935616286613,0.5777777777777777,0.4,long,0.5777777777777777,0.11294951284957709
has_relief&volume_spike,28,0.033167289238570305,0.03356721500693116,0.07611287804787317,0.6428571428571429,0.32142857142857145,long,0.6428571428571429,0.11282451298380756
posts_high&deal_over_tariff,194,0.0146619599238084,0.006817689655029935,0.06589947031160577,0.5515463917525774,0.422680412371134,long,0.5515463917525774,0.1126354091102827
deal_heavy&deal_over_tariff,131,0.017181803290194475,0.011320762933344053,0.05822249745476757,0.5725190839694656,0.3969465648854962,long,0.5725190839694656,0.11258858426546162
has_russia&pre_action,31,0.031248807269559226,0.019867520383559434,0.0703922044053969,0.6451612903225806,0.3548387096774194,long,0.6451612903225806,0.11224902935251327
positive_heavy&pre_relief,42,0.030179751077429533,0.015191578741989065,0.0879780099752099,0.5714285714285714,0.40476190476190477,long,0.5714285714285714,0.11176408061446631
pre_relief&lots_of_excl,42,0.030179751077429533,0.015191578741989065,0.0879780099752099,0.5714285714285714,0.40476190476190477,long,0.5714285714285714,0.11176408061446631
has_positive&pre_relief,42,0.030179751077429533,0.015191578741989065,0.0879780099752099,0.5714285714285714,0.40476190476190477,long,0.5714285714285714,0.11176408061446631
pre_relief&exclamation_heavy,42,0.030179751077429533,0.015191578741989065,0.0879780099752099,0.5714285714285714,0.40476190476190477,long,0.5714285714285714,0.11176408061446631
posts_very_high&deal_only,95,0.018693021671216715,0.007915655174081104,0.07053154834799591,0.6105263157894737,0.3684210526315789,long,0.6105263157894737,0.11123608630441657
posts_high&has_relief,70,0.023807534466951528,0.008009609541992257,0.07449809459310759,0.5571428571428572,0.4142857142857143,long,0.5571428571428572,0.11097624061919897
posts_high&pre_relief,35,0.03250193829774093,0.011152359331932038,0.08832216443441533,0.5714285714285714,0.4,long,0.5714285714285714,0.10987660575703787
has_market_brag&has_all_caps,53,0.024924266640689027,0.011152359331932038,0.0618174167146602,0.6037735849056604,0.3584905660377358,long,0.6037735849056604,0.10955556229672132
sig_potus&has_exclamation,62,0.020948129414664163,0.01789001540372448,0.055498525906948655,0.6612903225806451,0.2903225806451613,long,0.6612903225806451,0.10907701893922978
sig_potus,62,0.020948129414664163,0.01789001540372448,0.055498525906948655,0.6612903225806451,0.2903225806451613,long,0.6612903225806451,0.10907701893922978
uppercase_phrase_heavy&deal_over_tariff,27,0.029302401447937634,0.022959091796888265,0.05685805530989864,0.7037037037037037,0.2962962962962963,long,0.7037037037037037,0.10714574597117206
has_deal&pre_relief,26,0.036409410405198024,0.030683006256407297,0.09900404483936963,0.5769230769230769,0.38461538461538464,long,0.5769230769230769,0.10710709276991127
attack_heavy&has_russia,150,0.014841868354739027,0.00956543325099879,0.06400900342900848,0.5866666666666667,0.38,long,0.5866666666666667,0.10664134594276971
has_attack&sig_potus,51,0.021111864144256257,0.01879707180421497,0.05309310247297344,0.7058823529411765,0.27450980392156865,long,0.7058823529411765,0.1064250824324655
posts_high&deal_only,159,0.015176525299413726,0.006644406340905018,0.06928774252577509,0.5534591194968553,0.42138364779874216,long,0.5534591194968553,0.10591475359864597
has_exclamation&short_posts,467,0.00944740556828793,0.0030864752361752235,0.06453186943376649,0.5182012847965739,0.4625267665952891,long,0.5182012847965739,0.10579605782489437
china_streak_3d&volume_drop,23,0.029694852597220944,0.028469773918843755,0.06635206551924501,0.7391304347826086,0.2608695652173913,long,0.7391304347826086,0.1052606814269524
has_deal&uppercase_phrase_heavy,30,0.027363348397753263,0.01713992736511616,0.05462812500020492,0.7,0.3,long,0.7,0.10491266216425614
deal_heavy&has_relief,34,0.029081955159557506,0.01589023941016776,0.07738982813300219,0.6176470588235294,0.35294117647058826,long,0.6176470588235294,0.10473779742388195
attack_heavy&deal_over_tariff,145,0.015139629886297232,0.0074813803357456354,0.06362681367798255,0.5724137931034483,0.4,long,0.5724137931034483,0.10435405978339285
sig_potus&lots_of_excl,56,0.021065441917559897,0.01789001540372448,0.05710563316154419,0.6607142857142857,0.30357142857142855,long,0.6607142857142857,0.10415455911394036
has_night_post&short_posts,439,0.009482252457359125,0.0030960310593703966,0.06545410842855645,0.5216400911161732,0.4601366742596811,long,0.5216400911161732,0.1036369769020092
has_relief&pre_relief,43,0.028180758461954433,0.011152359331932038,0.08790715669089896,0.5581395348837209,0.4186046511627907,long,0.5581395348837209,0.10314060903207604
pre_relief,43,0.028180758461954433,0.011152359331932038,0.08790715669089896,0.5581395348837209,0.4186046511627907,long,0.5581395348837209,0.10314060903207604
pre_relief&has_exclamation,43,0.028180758461954433,0.011152359331932038,0.08790715669089896,0.5581395348837209,0.4186046511627907,long,0.5581395348837209,0.10314060903207604
posts_very_high&has_china,142,0.015064220647845891,0.009326221345822505,0.07400833395111919,0.5704225352112676,0.4084507042253521,long,0.5704225352112676,0.10239706647401679
has_uppercase_phrase&deal_only,99,0.017554952119166578,0.007500083359712972,0.07238534083723262,0.5858585858585859,0.3939393939393939,long,0.5858585858585859,0.10233166620399806
posts_very_high&open_deal,47,0.023379216841440256,0.017123301000464553,0.06031912053558069,0.6382978723404256,0.3404255319148936,long,0.6382978723404256,0.10230627797412349
positive_heavy&volume_drop,53,0.020636256582938987,0.018314930016413822,0.04799509748032804,0.6792452830188679,0.32075471698113206,long,0.6792452830188679,0.10204588231280443
sig_potus&deal_over_tariff,21,0.0274836904183924,0.01879707180421497,0.049374543913111586,0.8095238095238095,0.14285714285714285,long,0.8095238095238095,0.10195635996301271
posts_high&tariff_only,29,0.02607751873028495,0.025407995025195973,0.061342115114637226,0.7241379310344828,0.27586206896551724,long,0.7241379310344828,0.10169194684821202
posts_very_high&tariff_only,20,0.02839122158818478,0.03223489954838399,0.06671737112907285,0.8,0.2,long,0.8,0.10157552229670515
has_night_post&sig_potus,61,0.0198119887889828,0.017123301000464553,0.05522731883570747,0.6557377049180327,0.29508196721311475,long,0.6557377049180327,0.10146660919227485
has_uppercase_phrase&deal_over_tariff,120,0.0163423406709255,0.007490731847729304,0.06940765187348713,0.5666666666666667,0.4083333333333333,long,0.5666666666666667,0.1014454444495334
posts_very_high&has_relief,51,0.024930143349193374,0.006644406340905018,0.07243050160370497,0.5686274509803921,0.39215686274509803,long,0.5686274509803921,0.1012366313491326
has_relief&attack_heavy,52,0.024229397279342004,0.008009609541992257,0.07062687719340041,0.5769230769230769,0.38461538461538464,long,0.5769230769230769,0.1008003856895253
attack_heavy&has_china,148,0.014387527492331393,0.007373137355581205,0.06945806641317369,0.5743243243243243,0.39864864864864863,long,0.5743243243243243,0.10052503535660888
has_china&deal_only,93,0.017598001084133594,0.009868437065487345,0.07215575759302036,0.5913978494623656,0.3870967741935484,long,0.5913978494623656,0.10036552376433107
posts_very_high&pre_action,44,0.024602898614177828,0.017404027786218523,0.05966395496834942,0.6136363636363636,0.36363636363636365,long,0.6136363636363636,0.10014371606256058
sig_potus&exclamation_heavy,60,0.019881773197387893,0.01789001540372448,0.055690668214712594,0.65,0.3,long,0.65,0.1001023094325232
attack_heavy&pre_relief,26,0.034023928954971354,0.010626718017207493,0.08158486952303419,0.5769230769230769,0.38461538461538464,long,0.5769230769230769,0.10008962173297702
has_russia&has_all_caps,74,0.01853091375529251,0.007207233309016292,0.06627221862736629,0.6216216216216216,0.33783783783783783,long,0.6216216216216216,0.0990920485196333
has_china&open_deal,44,0.024327672285355983,0.01677418678532583,0.06499723472507238,0.6136363636363636,0.36363636363636365,long,0.6136363636363636,0.09902343394626585
has_russia&has_chips,20,0.02949755436983758,0.021718251559768587,0.07888784071495117,0.75,0.25,long,0.75,0.09893780511142919
posts_high&open_deal,63,0.02060577965804076,0.011320762933344053,0.0676793409546858,0.6031746031746031,0.36507936507936506,long,0.6031746031746031,0.09865120022567798
has_uppercase_phrase&china_streak_3d,27,0.02843653797790294,0.024475482792424508,0.05338195857122468,0.6666666666666666,0.3333333333333333,long,0.6666666666666666,0.09850705713817967
has_uppercase_phrase&volume_spike,81,0.02011627540197876,0.007500083359712972,0.06733722118244309,0.5432098765432098,0.41975308641975306,long,0.5432098765432098,0.0983462352985628
open_deal&has_all_caps,29,0.025882210288264124,0.024475482792424508,0.06600240246938771,0.6896551724137931,0.3103448275862069,long,0.6896551724137931,0.09612411584497556
has_attack&deal_over_tariff,231,0.011687535325944576,0.006600665017606477,0.06604029469013102,0.5411255411255411,0.4329004329004329,long,0.5411255411255411,0.09612292097009262
positive_heavy&sig_potus,51,0.020068918537738824,0.017123301000464553,0.049372278303887025,0.6666666666666666,0.29411764705882354,long,0.6666666666666666,0.0955471635836791
lots_of_excl&short_posts,360,0.00964124248164797,0.003400673745868499,0.06255845144948949,0.5222222222222223,0.4527777777777778,long,0.5222222222222223,0.09552996191007605
deal_heavy&has_all_caps,52,0.020222928103700296,0.013966081893549642,0.05998321466004014,0.6538461538461539,0.3269230769230769,long,0.6538461538461539,0.09535012859265567
short_posts&volume_spike,100,0.017879906139095226,0.005700980175953774,0.09160766827570245,0.53,0.43,long,0.53,0.0947635025372047
sig_potus&has_all_caps,22,0.02956752660408706,0.02077017173277418,0.06424676343480698,0.6818181818181818,0.2727272727272727,long,0.6818181818181818,0.09455726779282395
has_china&deal_over_tariff,124,0.014823978756277603,0.010510398198709692,0.06714325870822989,0.5725806451612904,0.4032258064516129,long,0.5725806451612904,0.09451751395247056
deal_heavy&open_deal,48,0.022429705099676917,0.012356803254248594,0.06246859434145905,0.6041666666666666,0.3541666666666667,long,0.6041666666666666,0.09388602300928232
has_relief&deal_only,37,0.027188265758626262,0.009374812743079497,0.08630855834803779,0.5675675675675675,0.40540540540540543,long,0.5675675675675675,0.09386419050344864
attack_heavy&has_chips,21,0.028107968130580977,0.01832454267490924,0.07082947880530446,0.7142857142857143,0.2857142857142857,long,0.7142857142857143,0.09200492256413838
deal_heavy&has_uppercase_phrase,67,0.019779075307353625,0.007500083359712972,0.058181580358474254,0.5671641791044776,0.3880597014925373,long,0.5671641791044776,0.09182314832687456
attack_heavy&uppercase_phrase_heavy,38,0.02356754289103298,0.00914473545707939,0.05149437977488878,0.631578947368421,0.34210526315789475,long,0.631578947368421,0.09175584720824567
attack_heavy&pre_action,47,0.022426082331161053,0.009756053758918082,0.05490302764541482,0.5957446808510638,0.40425531914893614,long,0.5957446808510638,0.09159304863984492
attack_heavy&deal_only,118,0.01468692560175153,0.006781596290920233,0.0659979305668934,0.5677966101694916,0.4067796610169492,long,0.5677966101694916,0.09058675319035459
uppercase_phrase_heavy&volume_spike,23,0.030896297319063782,0.011320762933344053,0.06158721328814748,0.6086956521739131,0.34782608695652173,long,0.6086956521739131,0.09019252664824856
has_positive&has_russia,268,0.010239276864100434,0.005356341493981787,0.06016436980411023,0.5373134328358209,0.4291044776119403,long,0.5373134328358209,0.09006672708702154
has_attack&volume_drop,79,0.016282278379156988,0.014492600703849279,0.05393210669065336,0.620253164556962,0.379746835443038,long,0.620253164556962,0.08976307257910468
attack_heavy&short_posts,152,0.013425359053319985,0.006072277831969952,0.06557899591636293,0.5394736842105263,0.4342105263157895,long,0.5394736842105263,0.08929311381763298
deal_heavy&lots_of_excl,135,0.014017305370747983,0.006896521252595322,0.05901887889329248,0.5481481481481482,0.4148148148148148,long,0.5481481481481482,0.08927489953802652
has_action&volume_spike,58,0.019417984015565413,0.01161281698857819,0.06308352862083987,0.603448275862069,0.39655172413793105,long,0.603448275862069,0.08923971750438521
has_china&has_russia,115,0.01405792292647933,0.007246191351449438,0.07037666611451968,0.591304347826087,0.3652173913043478,long,0.591304347826087,0.08914174891513328
open_deal&has_uppercase_phrase,38,0.023744134415426416,0.01846619052834164,0.06042781666622923,0.6052631578947368,0.3684210526315789,long,0.6052631578947368,0.08859156625297737
has_russia&uppercase_phrase_heavy,27,0.02542828055122653,0.011320762933344053,0.04523076139283997,0.6666666666666666,0.2962962962962963,long,0.6666666666666666,0.08808614772767977
deal_heavy&positive_heavy,128,0.014133477256905258,0.007198302306154147,0.06019310250549235,0.546875,0.421875,long,0.546875,0.08744642908840608
has_attack&has_chips,28,0.024256747395383426,0.019096031529234336,0.07469847028761911,0.6785714285714286,0.32142857142857145,long,0.6785714285714286,0.08709779308903341
has_market_brag&has_china,73,0.019957863871531003,0.004048490376127534,0.053117893027024646,0.5068493150684932,0.4383561643835616,long,0.5068493150684932,0.08642797747500326
posts_high&has_market_brag,112,0.014967920651456464,0.007541965220332125,0.054543447052073084,0.5446428571428571,0.41964285714285715,long,0.5446428571428571,0.08627446917634299
deal_heavy&has_positive,138,0.013510980501758373,0.00677046379675017,0.05932762829829887,0.5434782608695652,0.42028985507246375,long,0.5434782608695652,0.08625982791806945
pre_action,85,0.01756473594765719,0.004048490376127534,0.061450079046218305,0.5294117647058824,0.4588235294117647,long,0.5294117647058824,0.08573233973825435
has_action&pre_action,85,0.01756473594765719,0.004048490376127534,0.061450079046218305,0.5294117647058824,0.4588235294117647,long,0.5294117647058824,0.08573233973825435
attack_heavy&volume_spike,96,0.01613279739292114,0.003985056284162569,0.05898643416898394,0.5416666666666666,0.4166666666666667,long,0.5416666666666666,0.08562043042877898
has_russia&has_night_post,261,0.009809283169620646,0.005263216181254915,0.0611528004378273,0.5402298850574713,0.42528735632183906,long,0.5402298850574713,0.08561229330648694
posts_very_high&volume_spike,95,0.016024835703540408,0.004048490376127534,0.06239494749971405,0.5473684210526316,0.4105263157894737,long,0.5473684210526316,0.08549389954327938
sig_potus&short_posts,30,0.023394912414632076,0.022372943982715054,0.06495358029831051,0.6666666666666666,0.3,long,0.6666666666666666,0.0854261417356776
has_attack&pre_action,59,0.020448664640050428,0.004048490376127534,0.06543913241959338,0.5423728813559322,0.4576271186440678,long,0.5423728813559322,0.08519006017600786
has_positive&volume_drop,133,0.01285521747776782,0.010989082777293158,0.0518677283092896,0.5714285714285714,0.42105263157894735,long,0.5714285714285714,0.08471634298883625
has_night_post&deal_over_tariff,277,0.009970894654352675,0.003378440242058689,0.06292860534172917,0.5090252707581228,0.4584837545126354,long,0.5090252707581228,0.08447211263227816
deal_over_tariff&volume_spike,67,0.017139004459113528,0.008438781295057485,0.05573674530719318,0.5970149253731343,0.373134328358209,long,0.5970149253731343,0.08375450606360549
positive_heavy&has_russia,214,0.010176820454971012,0.00677046379675017,0.06134135977758883,0.5607476635514018,0.40654205607476634,long,0.5607476635514018,0.08348077493849897
has_attack&has_russia,239,0.009919939430548523,0.005449466806708658,0.06290659594486148,0.5439330543933054,0.42677824267782427,long,0.5439330543933054,0.083416780150887
posts_high&has_russia,179,0.011127845167756714,0.006644406340905018,0.06318529810427813,0.5586592178770949,0.4022346368715084,long,0.5586592178770949,0.0831734198509142
pre_action&volume_spike,31,0.02421144822567054,0.011152359331932038,0.06302989702287327,0.6129032258064516,0.3870967741935484,long,0.6129032258064516,0.08262158495046643
has_russia&exclamation_heavy,271,0.009376810885836572,0.005263216181254915,0.0606482547836493,0.5350553505535055,0.4317343173431734,long,0.5350553505535055,0.08259210099386347
has_relief&has_china,39,0.023282023765510636,0.010101076702482947,0.07732721378388152,0.5641025641025641,0.4358974358974359,long,0.5641025641025641,0.08201836461318239
posts_very_high&china_streak_3d,27,0.028363841439920108,0.003921622192197605,0.05652536026009162,0.5555555555555556,0.37037037037037035,long,0.5555555555555556,0.08187935745294869
deal_heavy&has_action,54,0.020743179611012304,0.014251392868299129,0.05184540659679096,0.5370370370370371,0.46296296296296297,long,0.5370370370370371,0.08186088694481279
has_all_caps&volume_spike,48,0.01951886095622965,0.006474775083210815,0.06467935615865616,0.6041666666666666,0.3541666666666667,long,0.6041666666666666,0.08170184229831695
has_positive&pre_action,80,0.01698783269492049,0.0050004919606632114,0.061801441264605766,0.5375,0.45,long,0.5375,0.08166978969690668
has_exclamation&volume_drop,167,0.01144163693210933,0.006188035511258461,0.05427128410100276,0.5508982035928144,0.437125748502994,long,0.5508982035928144,0.08145500118183861
attack_heavy&tariff_only,24,0.023262003217378858,0.02586190176325931,0.06869965709299465,0.7083333333333334,0.2916666666666667,long,0.7083333333333334,0.0807217208932083
pre_action&has_exclamation,83,0.016711793658363738,0.004048490376127534,0.061038181795439926,0.5301204819277109,0.4578313253012048,long,0.5301204819277109,0.08071173721647062
pre_deal&has_all_caps,51,0.01800658810819178,0.006968707980814726,0.06458110927252206,0.6274509803921569,0.3333333333333333,long,0.6274509803921569,0.08068565346942895
deal_heavy,143,0.012681242204849638,0.003921622192197605,0.058495466808943075,0.5314685314685315,0.42657342657342656,long,0.5314685314685315,0.0805948647778536
has_deal&deal_heavy,143,0.012681242204849638,0.003921622192197605,0.058495466808943075,0.5314685314685315,0.42657342657342656,long,0.5314685314685315,0.0805948647778536
deal_heavy&has_exclamation,143,0.012681242204849638,0.003921622192197605,0.058495466808943075,0.5314685314685315,0.42657342657342656,long,0.5314685314685315,0.0805948647778536
has_night_post&deal_only,238,0.010161484676246384,0.003541105176265824,0.06512816443009621,0.5126050420168067,0.453781512605042,long,0.5126050420168067,0.0803578888883262
positive_heavy&has_market_brag,140,0.012828495320850892,0.00550859917847113,0.05169159482300867,0.5285714285714286,0.4357142857142857,long,0.5285714285714286,0.08023122477614679
has_night_post&has_chips,30,0.023116604815538146,0.014738451003420638,0.07129446071377199,0.6333333333333333,0.36666666666666664,long,0.6333333333333333,0.08018941076588434
positive_heavy&has_chips,30,0.023116604815538146,0.014738451003420638,0.07129446071377199,0.6333333333333333,0.36666666666666664,long,0.6333333333333333,0.08018941076588434
has_attack&deal_only,195,0.010758021607752596,0.005305099005649572,0.06891580300240999,0.5333333333333333,0.441025641025641,long,0.5333333333333333,0.08012138460091217
has_russia&has_exclamation,275,0.008991928814910172,0.003952480076033771,0.060362919994348445,0.5345454545454545,0.43272727272727274,long,0.5345454545454545,0.07970835529153442
positive_heavy&tariff_only,40,0.01938380646914916,0.020008169134317133,0.06607211024447686,0.65,0.35,long,0.65,0.07968607161634303
has_china&pre_action,44,0.022009163916046234,0.011528615187872182,0.0661352867933422,0.5454545454545454,0.45454545454545453,long,0.5454545454545454,0.07963215126431397
posts_high&sig_potus,43,0.018648556843508836,0.01706486067312385,0.05307452960577765,0.6511627906976745,0.32558139534883723,long,0.6511627906976745,0.07962859120723943
exclamation_heavy&volume_drop,117,0.012473444524407577,0.010989082777293158,0.05111836307996016,0.5897435897435898,0.4017094017094017,long,0.5897435897435898,0.07956875444087402
has_russia&deal_over_tariff,118,0.013077809410652291,0.006932614616705024,0.05866397437902514,0.559322033898305,0.4152542372881356,long,0.559322033898305,0.07945805604764497
posts_very_high&deal_heavy,80,0.014482138609798637,0.013966081893549642,0.05832854335124251,0.6125,0.3625,long,0.6125,0.07933846365815596
short_posts&volume_drop,103,0.014116356322142856,0.0035973139267735377,0.055054429551510874,0.5533980582524272,0.4368932038834951,long,0.5533980582524272,0.07928277735567975
has_russia&lots_of_excl,256,0.00918118961535339,0.005356341493981787,0.058999854537898806,0.5390625,0.42578125,long,0.5390625,0.079187760432423
has_relief&deal_over_tariff,47,0.021626591684467726,0.006644406340905018,0.08201053681561618,0.5319148936170213,0.44680851063829785,long,0.5319148936170213,0.07886406530458305
has_russia,276,0.00890653344412452,0.003937051134115688,0.060269768964689066,0.532608695652174,0.43478260869565216,long,0.532608695652174,0.07880821606302804
has_attack&has_market_brag,133,0.012789541792636293,0.007915655174081104,0.05452236001985432,0.5338345864661654,0.42857142857142855,long,0.5338345864661654,0.07873856827768626
pre_action&has_night_post,84,0.0163393057157412,0.003572254080761894,0.06076534326283336,0.5238095238095238,0.4642857142857143,long,0.5238095238095238,0.07844163406661861
has_night_post&volume_drop,131,0.012066610731591342,0.0074813803357456354,0.04997911032040291,0.5648854961832062,0.4351145038167939,long,0.5648854961832062,0.07801558592292318
deal_heavy&pre_action,27,0.027011961264083357,0.019867520383559434,0.057225615911963804,0.5555555555555556,0.4444444444444444,long,0.5555555555555556,0.07797681553579136
deal_heavy&exclamation_heavy,141,0.01221327151379049,0.003921622192197605,0.0585237617545594,0.5319148936170213,0.4326241134751773,long,0.5319148936170213,0.0771407255088424
posts_high&has_chips,26,0.02177703944285659,0.019096031529234336,0.06683871097079115,0.6923076923076923,0.3076923076923077,long,0.6923076923076923,0.07687491858512688
sig_potus&has_uppercase_phrase,31,0.0225190668766473,0.01454565730984525,0.06245659833925812,0.6129032258064516,0.3548387096774194,long,0.6129032258064516,0.07684633234708624
has_positive&deal_over_tariff,287,0.008819410103884179,0.0037037701104729592,0.06323214107492392,0.5121951219512195,0.4634146341463415,long,0.5121951219512195,0.07652721774222236
has_action&has_iran,37,0.021140127921819178,0.012578445741725952,0.0656118626120258,0.5945945945945946,0.40540540540540543,long,0.5945945945945946,0.07645914368076116
deal_heavy&has_night_post,137,0.012420342044690665,0.0037037701104729592,0.05882392177041881,0.5255474452554745,0.4306569343065693,long,0.5255474452554745,0.07640218322886905
has_china&sig_potus,27,0.020820786732448623,0.018656729806984407,0.04700703519901665,0.7037037037037037,0.25925925925925924,long,0.7037037037037037,0.07613228322322035
has_market_brag&has_night_post,151,0.011836272732238137,0.004048490376127534,0.053065251206455756,0.5231788079470199,0.4304635761589404,long,0.5231788079470199,0.07609455494046909
posts_high&deal_heavy,110,0.013254545372657607,0.005283014266551311,0.05954358490021148,0.5454545454545454,0.41818181818181815,long,0.5454545454545454,0.07582627890172385
posts_high&pre_action,62,0.017511656116393357,0.007854273652058485,0.05787402901430781,0.5483870967741935,0.43548387096774194,long,0.5483870967741935,0.07561540672603105
attack_heavy&sig_potus,33,0.019726302114941217,0.017123301000464553,0.052384980263255713,0.6666666666666666,0.30303030303030304,long,0.6666666666666666,0.07554598552254362
has_positive&has_chips,31,0.022081163111571815,0.011152359331932038,0.07033282625756637,0.6129032258064516,0.3870967741935484,long,0.6129032258064516,0.07535198542537039
deal_only&volume_spike,52,0.016917544531718225,0.007969432327385229,0.05801854785551996,0.6153846153846154,0.34615384615384615,long,0.6153846153846154,0.07507332217114521
positive_heavy&deal_over_tariff,242,0.009119017770308114,0.004676794690888553,0.06471880182137574,0.5247933884297521,0.45041322314049587,long,0.5247933884297521,0.0744464683181344
posts_very_high&has_deal,141,0.011332621240187933,0.006600665017606477,0.06694426189347372,0.5531914893617021,0.41843971631205673,long,0.5531914893617021,0.07444155223551933
open_deal&deal_only,61,0.016063737541391027,0.011152359331932038,0.06865245588119635,0.5901639344262295,0.36065573770491804,long,0.5901639344262295,0.07404303005498292
has_russia&deal_only,95,0.013608757306900386,0.006644406340905018,0.060186723845258576,0.5578947368421052,0.4105263157894737,long,0.5578947368421052,0.07400013909700041
has_relief&has_all_caps,27,0.024026872506756582,0.005449466806708658,0.07780470300308694,0.5925925925925926,0.37037037037037035,long,0.5925925925925926,0.07398358031765723
posts_very_high&open_tariff,24,0.022524391044545938,0.01954913679819481,0.05645045626612421,0.6666666666666666,0.3333333333333333,long,0.6666666666666666,0.07356435310140338
has_relief&has_russia,41,0.02041274918751158,0.005449466806708658,0.06931387487895828,0.5609756097560976,0.4146341463414634,long,0.5609756097560976,0.07332252411535223
has_china&volume_spike,73,0.015264317531383721,0.004048490376127534,0.06121547335273691,0.5616438356164384,0.3972602739726027,long,0.5616438356164384,0.0732486826366055
all_caps_heavy&has_uppercase_phrase,27,0.022360664552052854,0.01832454267490924,0.05304692494136819,0.6296296296296297,0.3333333333333333,long,0.6296296296296297,0.07315630229085762
pre_action&exclamation_heavy,79,0.01584825243438999,0.0030960177853962545,0.061936116006239716,0.5189873417721519,0.46835443037974683,long,0.5189873417721519,0.07310577596548969
posts_very_high&has_russia,123,0.011247819051372112,0.007168275266583146,0.06654288248173615,0.5853658536585366,0.3821138211382114,long,0.5853658536585366,0.07302108164296375
china_streak_3d,74,0.01526370213655163,0.003937051134115688,0.06247274637664779,0.5540540540540541,0.40540540540540543,long,0.5540540540540541,0.07274914260638776
has_attack&tariff_only,40,0.017670010219803613,0.0235032598180136,0.06310248061275142,0.65,0.35,long,0.65,0.0726407221449415
has_positive&volume_spike,140,0.012069380826534295,0.0031057023702814046,0.061995357734059245,0.5071428571428571,0.45714285714285713,long,0.5071428571428571,0.0724234687581381
has_deal&has_uppercase_phrase,140,0.011551200095753722,0.003985056284162569,0.06758757679456659,0.5285714285714286,0.44285714285714284,long,0.5285714285714286,0.07224283972028563
posts_high&has_deal,226,0.009511024910338313,0.0028712908528089054,0.06517578229875956,0.504424778761062,0.46017699115044247,long,0.504424778761062,0.07212369213570441
has_market_brag&has_uppercase_phrase,68,0.015581619018333477,0.008502178180188946,0.05017016906674269,0.5588235294117647,0.38235294117647056,long,0.5588235294117647,0.07180285644610095
deal_over_tariff,301,0.008236479418537583,0.002617652201230225,0.062445433062037696,0.5016611295681063,0.46511627906976744,long,0.5016611295681063,0.0716861599681945
has_deal&deal_over_tariff,301,0.008236479418537583,0.002617652201230225,0.062445433062037696,0.5016611295681063,0.46511627906976744,long,0.5016611295681063,0.0716861599681945
deal_heavy&volume_spike,51,0.0170410390101488,0.011152359331932038,0.05842739421308003,0.5882352941176471,0.37254901960784315,long,0.5882352941176471,0.07158668261116727
has_market_brag&has_russia,56,0.016218426449237194,0.011865402536828995,0.050919034111162546,0.5892857142857143,0.3392857142857143,long,0.5892857142857143,0.07152018711235932
open_deal&deal_over_tariff,76,0.014457122854457152,0.010263586037505767,0.06541983007350735,0.5657894736842105,0.39473684210526316,long,0.5657894736842105,0.07130886616021141
deal_heavy&attack_heavy,81,0.013084429718309094,0.011152359331932038,0.0545356481891665,0.6049382716049383,0.37037037037037035,long,0.6049382716049383,0.07123745068857174
has_positive&has_market_brag,166,0.01071473946379194,0.0032372356507145428,0.05210482488572964,0.5120481927710844,0.4457831325301205,long,0.5120481927710844,0.07068813067484231
has_deal&has_attack,264,0.008411911034971957,0.003449846476129892,0.06547164333893508,0.5151515151515151,0.45454545454545453,long,0.5151515151515151,0.07040955764705362
has_exclamation&china_streak_3d,73,0.015021191224541873,0.003921622192197605,0.06287000642376085,0.547945205479452,0.410958904109589,long,0.547945205479452,0.07032389812691318
has_uppercase_phrase&volume_drop,32,0.018863394295820318,0.021167627832264335,0.04844908751770765,0.65625,0.34375,long,0.65625,0.07002677861954348
deal_heavy&has_russia,62,0.014128270831010691,0.01528743318920367,0.055586312877416964,0.6290322580645161,0.3387096774193548,long,0.6290322580645161,0.06997739540342635
has_positive&deal_only,245,0.00867113716001442,0.0037037701104729592,0.06551238214813693,0.5142857142857142,0.46122448979591835,long,0.5142857142857142,0.06980130767526017
exclamation_heavy&tariff_only,46,0.016145025174814108,0.019942446216352994,0.06526319698614776,0.6304347826086957,0.3695652173913043,long,0.6304347826086957,0.06903316872439491
has_action&open_deal,30,0.021003009031020963,0.01390213791543593,0.05643793718500935,0.6,0.4,long,0.6,0.06902293093064941
has_exclamation&deal_over_tariff,300,0.007964980669605125,0.0013088261006151125,0.06237156645357536,0.5,0.4666666666666667,long,0.5,0.06897875600530028
attack_heavy&has_market_brag,77,0.01436302984102719,0.006968707980814726,0.052572491510344266,0.5454545454545454,0.4155844155844156,long,0.5454545454545454,0.0687464047363985
deal_heavy&short_posts,64,0.014453616753632123,0.011542730360272535,0.050617917828595836,0.59375,0.375,long,0.59375,0.06865467957975259
has_relief&has_action,31,0.021230680524202825,0.017182022803254204,0.06713178421468992,0.5806451612903226,0.41935483870967744,long,0.5806451612903226,0.06863657018010148
exclamation_heavy&has_chips,31,0.020088988865981063,0.011152359331932038,0.07209459295026022,0.6129032258064516,0.3870967741935484,long,0.6129032258064516,0.0685536893410539
lots_of_excl&has_chips,31,0.020088988865981063,0.011152359331932038,0.07209459295026022,0.6129032258064516,0.3870967741935484,long,0.6129032258064516,0.0685536893410539
exclamation_heavy&volume_spike,132,0.011487703902774846,0.0032516848732231374,0.061983966431562454,0.5151515151515151,0.44696969696969696,long,0.5151515151515151,0.06799158730207767
has_attack&open_deal,72,0.014051133147290444,0.011236561132638045,0.06855486777642879,0.5694444444444444,0.3888888888888889,long,0.5694444444444444,0.06789361880066168
pre_deal&has_uppercase_phrase,70,0.014554148836417527,0.006806557160859872,0.0683458975832837,0.5571428571428572,0.42857142857142855,long,0.5571428571428572,0.06784258678780872
pre_action&short_posts,51,0.017198254734863,0.005952493545198889,0.06643208659216512,0.5490196078431373,0.43137254901960786,long,0.5490196078431373,0.06743064603875343
has_deal&has_china,153,0.010295582260196978,0.003921622192197605,0.06531850329315683,0.5294117647058824,0.43137254901960786,long,0.5294117647058824,0.0674202279219261
has_attack&all_caps_heavy,25,0.021041952212349866,0.01832454267490924,0.05598793704995463,0.64,0.32,long,0.64,0.06733424707951957
has_market_brag&lots_of_excl,163,0.010349291419419272,0.0030960310593703966,0.05294809342136594,0.50920245398773,0.4539877300613497,long,0.50920245398773,0.067281382430116
has_night_post&china_streak_3d,69,0.015041767441579156,0.003921622192197605,0.061767985489709874,0.5362318840579711,0.42028985507246375,long,0.5362318840579711,0.06700019219877343
lots_of_excl&tariff_only,46,0.015625029578814335,0.019942446216352994,0.06115979942780803,0.6304347826086957,0.3695652173913043,long,0.6304347826086957,0.06680976285627692
has_market_brag&exclamation_heavy,167,0.010140816396166421,0.0030960310593703966,0.05236266779896608,0.5089820359281437,0.4491017964071856,long,0.5089820359281437,0.06670119425584174
lots_of_excl&volume_spike,132,0.011245005667960963,0.0032516848732231374,0.06055319935186245,0.5151515151515151,0.44696969696969696,long,0.5151515151515151,0.06655514374816414
open_deal&has_night_post,76,0.01348489554250559,0.010263586037505767,0.06695602084969765,0.5657894736842105,0.39473684210526316,long,0.5657894736842105,0.06651341495161342
posts_very_high&sig_potus,33,0.01903087556008816,0.01706486067312385,0.055895131286058275,0.6060606060606061,0.36363636363636365,long,0.6060606060606061,0.06625700416569451
lots_of_excl&deal_over_tariff,278,0.00789015083765865,0.0029427170470049946,0.0638422421553624,0.5035971223021583,0.4676258992805755,long,0.5035971223021583,0.06625077202546525
all_caps_heavy&short_posts,24,0.021535732030745144,0.02064181723589875,0.05820763216133017,0.625,0.3333333333333333,long,0.625,0.06593944339079671
lots_of_excl&volume_drop,85,0.01213511686768972,0.011764697787201017,0.046989074740871425,0.5882352941176471,0.4,long,0.5882352941176471,0.0658119114447707
has_positive&tariff_only,49,0.015335836922320293,0.016447355532656527,0.0652870738528648,0.6122448979591837,0.3877551020408163,long,0.6122448979591837,0.06572501538137268
has_russia&open_deal,35,0.0175875830355815,0.019867520383559434,0.05715942270380895,0.6285714285714286,0.3142857142857143,long,0.6285714285714286,0.06540257078481625
has_deal&sig_potus,25,0.018128081046827255,0.017123301000464553,0.05221064466833989,0.72,0.24,long,0.72,0.06526109176857811
posts_high&open_tariff,27,0.019936735428873135,0.017123301000464553,0.05368367614670707,0.6296296296296297,0.37037037037037035,long,0.6296296296296297,0.06522605087752611
has_deal&attack_heavy,168,0.009483796200406973,0.003812696151335282,0.06293714789896092,0.5297619047619048,0.44047619047619047,long,0.5297619047619048,0.06512047782158469
positive_heavy&deal_only,201,0.008650191134900533,0.004048490376127534,0.06775264745987007,0.527363184079602,0.44776119402985076,long,0.527363184079602,0.06467456856941464
deal_only,259,0.008001691928064044,0.002617652201230225,0.06450365322722872,0.5019305019305019,0.46332046332046334,long,0.5019305019305019,0.064636122732413
deal_over_tariff&deal_only,259,0.008001691928064044,0.002617652201230225,0.06450365322722872,0.5019305019305019,0.46332046332046334,long,0.5019305019305019,0.064636122732413
has_deal&deal_only,259,0.008001691928064044,0.002617652201230225,0.06450365322722872,0.5019305019305019,0.46332046332046334,long,0.5019305019305019,0.064636122732413
has_attack&volume_spike,119,0.011340398416201542,0.003378440242058689,0.06071328263844618,0.5210084033613446,0.44537815126050423,long,0.5210084033613446,0.06445350233976498
has_chips,32,0.019180517713687336,0.010263586037505767,0.07110819272606535,0.59375,0.40625,long,0.59375,0.0644227021745808
has_exclamation&has_chips,32,0.019180517713687336,0.010263586037505767,0.07110819272606535,0.59375,0.40625,long,0.59375,0.0644227021745808
has_attack&china_streak_3d,57,0.015660289097774317,0.003952480076033771,0.06694203140584142,0.543859649122807,0.42105263157894735,long,0.543859649122807,0.06430193485608458
has_relief&short_posts,47,0.016876208549530584,0.005449466806708658,0.05657900548119577,0.5531914893617021,0.40425531914893614,long,0.5531914893617021,0.06400284843144333
high_emotion&volume_spike,24,0.024103860676505714,0.04835475337026618,0.14033790829777557,0.5416666666666666,0.4166666666666667,long,0.5416666666666666,0.06396233944595683
has_deal&has_relief,51,0.017561587126826858,0.002617652201230225,0.08208265401022952,0.5098039215686274,0.47058823529411764,long,0.5098039215686274,0.06393696581380764
attack_heavy&all_caps_heavy,24,0.02081931486244662,0.014822652804126646,0.05718081080104364,0.625,0.3333333333333333,long,0.625,0.06374587275917046
open_deal&volume_spike,27,0.020602108087039453,0.011320762933344053,0.061393073801289395,0.5925925925925926,0.37037037037037035,long,0.5925925925925926,0.0634380407996053
posts_high&volume_spike,123,0.011069925215816729,0.0031249295043875858,0.058387371110356856,0.5121951219512195,0.44715447154471544,long,0.5121951219512195,0.06288291717838998
has_iran&has_russia,58,0.014912267652097914,0.008362380869866404,0.06329970434303964,0.5517241379310345,0.3793103448275862,long,0.5517241379310345,0.06265845347988504
has_market_brag&has_exclamation,170,0.009573124878781586,0.0013054532991084722,0.05214120831040625,0.5,0.4588235294117647,long,0.5,0.06240913873505824
has_market_brag,170,0.009573124878781586,0.0013054532991084722,0.05214120831040625,0.5,0.4588235294117647,long,0.5,0.06240913873505824
has_exclamation&deal_only,258,0.007685085679342293,0.0013088261006151125,0.06442707351881237,0.5,0.46511627906976744,long,0.5,0.06172037712518179
has_china&china_streak_3d,40,0.01771457651208574,0.003636586612407733,0.0481913961265253,0.55,0.4,long,0.55,0.06162025051986346
posts_high&brag_heavy,31,0.018975561570438622,0.019867520383559434,0.05085137115587135,0.5806451612903226,0.3870967741935484,long,0.5806451612903226,0.06134600640575325
exclamation_heavy&deal_over_tariff,293,0.007231349441543123,0.0,0.06274535360574075,0.4948805460750853,0.47440273037542663,long,0.4948805460750853,0.06125669205006321
positive_heavy&pre_action,69,0.014088090122212389,0.0030960177853962545,0.05679193110965498,0.5217391304347826,0.463768115942029,long,0.5217391304347826,0.06105624291762252
has_attack&open_tariff,28,0.018815766331625874,0.0170940808367942,0.0530130425665082,0.6071428571428571,0.39285714285714285,long,0.6071428571428571,0.060449375249280735
posts_low&has_night_post,87,-0.010225587112651615,-0.011538549103194962,0.06412243132760727,0.367816091954023,0.632183908045977,short,0.632183908045977,0.06029639065752286
has_action&deal_over_tariff,91,0.012499388389033968,0.004048490376127534,0.055722151853829636,0.5054945054945055,0.4835164835164835,long,0.5054945054945055,0.06027342885600265
positive_heavy&volume_spike,127,0.010346877284660754,0.0031249295043875858,0.06083723723064669,0.5118110236220472,0.44881889763779526,long,0.5118110236220472,0.05967889791937738
pre_deal&deal_over_tariff,145,0.009830064707876385,0.002617652201230225,0.058729205367504055,0.503448275862069,0.46206896551724136,long,0.503448275862069,0.05959299816810033
has_positive&all_caps_heavy,28,0.018371102126128993,0.014822652804126646,0.056173124687079065,0.6071428571428571,0.35714285714285715,long,0.6071428571428571,0.059020803436458824
all_caps_heavy&has_exclamation,28,0.018371102126128993,0.014822652804126646,0.056173124687079065,0.6071428571428571,0.35714285714285715,long,0.6071428571428571,0.059020803436458824
all_caps_heavy&lots_of_excl,28,0.018371102126128993,0.014822652804126646,0.056173124687079065,0.6071428571428571,0.35714285714285715,long,0.6071428571428571,0.059020803436458824
has_night_post&all_caps_heavy,28,0.018371102126128993,0.014822652804126646,0.056173124687079065,0.6071428571428571,0.35714285714285715,long,0.6071428571428571,0.059020803436458824
has_all_caps&all_caps_heavy,28,0.018371102126128993,0.014822652804126646,0.056173124687079065,0.6071428571428571,0.35714285714285715,long,0.6071428571428571,0.059020803436458824
all_caps_heavy&exclamation_heavy,28,0.018371102126128993,0.014822652804126646,0.056173124687079065,0.6071428571428571,0.35714285714285715,long,0.6071428571428571,0.059020803436458824
all_caps_heavy,28,0.018371102126128993,0.014822652804126646,0.056173124687079065,0.6071428571428571,0.35714285714285715,long,0.6071428571428571,0.059020803436458824
has_relief&pre_deal,31,0.02047407680505896,0.002617652201230225,0.08377904399165531,0.5161290322580645,0.4838709677419355,long,0.5161290322580645,0.05883604397267202
has_action&china_streak_3d,20,0.029209690275449868,-0.0037878280362097505,0.06465200408378789,0.45,0.5,long,0.45,0.058783367751858426
pre_action&lots_of_excl,75,0.012895848685221202,0.0030960177853962545,0.05539230960501577,0.52,0.4666666666666667,long,0.52,0.05807428933676092
has_tariff&tariff_only,50,0.013625178321094089,0.013274216117569737,0.06573988027520372,0.6,0.4,long,0.6,0.057806735914329416
tariff_only,50,0.013625178321094089,0.013274216117569737,0.06573988027520372,0.6,0.4,long,0.6,0.057806735914329416
has_exclamation&tariff_only,50,0.013625178321094089,0.013274216117569737,0.06573988027520372,0.6,0.4,long,0.6,0.057806735914329416
has_deal&has_night_post,318,0.0066935459047280455,0.0,0.06262131082159814,0.48427672955974843,0.4779874213836478,long,0.48427672955974843,0.05780473399482824
positive_heavy&open_deal,72,0.011910535659679573,0.011236561132638045,0.06858599844842654,0.5694444444444444,0.4027777777777778,long,0.5694444444444444,0.05755047363891136
attack_heavy&brag_heavy,26,0.01951219286937058,0.01846619052834164,0.05535139400104329,0.5769230769230769,0.4230769230769231,long,0.5769230769230769,0.05739983780417686
has_deal&has_russia,138,0.00910926477905506,0.0062335614017636765,0.05950821305690565,0.5362318840579711,0.427536231884058,long,0.5362318840579711,0.0573819763885014
has_exclamation&volume_spike,149,0.00931180173931664,0.0030864752361752235,0.06654467863395283,0.5033557046979866,0.46308724832214765,long,0.5033557046979866,0.05721393916794685
open_deal&lots_of_excl,78,0.011714267016325327,0.010263586037505767,0.06784432168093858,0.5512820512820513,0.41025641025641024,long,0.5512820512820513,0.05703432071201763
open_tariff&exclamation_heavy,29,0.018051617746914803,0.01706486067312385,0.05222016507832282,0.5862068965517241,0.41379310344827586,long,0.5862068965517241,0.056985721456655654
open_tariff&has_exclamation,29,0.018051617746914803,0.01706486067312385,0.05222016507832282,0.5862068965517241,0.41379310344827586,long,0.5862068965517241,0.056985721456655654
has_tariff&open_tariff,29,0.018051617746914803,0.01706486067312385,0.05222016507832282,0.5862068965517241,0.41379310344827586,long,0.5862068965517241,0.056985721456655654
has_positive&open_tariff,29,0.018051617746914803,0.01706486067312385,0.05222016507832282,0.5862068965517241,0.41379310344827586,long,0.5862068965517241,0.056985721456655654
open_tariff,29,0.018051617746914803,0.01706486067312385,0.05222016507832282,0.5862068965517241,0.41379310344827586,long,0.5862068965517241,0.056985721456655654
positive_heavy&open_tariff,29,0.018051617746914803,0.01706486067312385,0.05222016507832282,0.5862068965517241,0.41379310344827586,long,0.5862068965517241,0.056985721456655654
open_tariff&lots_of_excl,29,0.018051617746914803,0.01706486067312385,0.05222016507832282,0.5862068965517241,0.41379310344827586,long,0.5862068965517241,0.056985721456655654
posts_high&all_caps_heavy,26,0.018048676900683378,0.014822652804126646,0.05436532124029883,0.6153846153846154,0.34615384615384615,long,0.6153846153846154,0.056634188129917475
positive_heavy&brag_heavy,36,0.017848807657447133,0.009837883635670397,0.049048930053072176,0.5277777777777778,0.3888888888888889,long,0.5277777777777778,0.05652122424858259
brag_heavy&has_night_post,37,0.01630136578635701,0.01706486067312385,0.05077457124482284,0.5675675675675675,0.35135135135135137,long,0.5675675675675675,0.05627848856639712
lots_of_excl&deal_only,237,0.007279949580462229,0.002617652201230225,0.06629792728164054,0.5021097046413502,0.46835443037974683,long,0.5021097046413502,0.05627314138984664
has_iran&open_deal,22,0.021943815314526983,0.015594141658451743,0.06912576711843953,0.5454545454545454,0.45454545454545453,long,0.5454545454545454,0.05614124573558841
has_deal&has_positive,329,0.006318792994814096,0.0,0.0634942657674875,0.48936170212765956,0.48024316109422494,long,0.48936170212765956,0.05608697986857957
open_tariff&has_night_post,28,0.018342702493107748,0.0170940808367942,0.053154448932325175,0.5714285714285714,0.42857142857142855,long,0.5714285714285714,0.055463119050980066
attack_heavy&open_tariff,23,0.01873905191020367,0.01706486067312385,0.05740231916513637,0.6086956521739131,0.391304347826087,long,0.6086956521739131,0.05470307400657716
has_tariff&has_all_caps,43,0.014298168276147716,0.01706486067312385,0.061528206509583204,0.5813953488372093,0.37209302325581395,long,0.5813953488372093,0.05451125551218823
open_deal&exclamation_heavy,80,0.011036771788343025,0.00802074203616232,0.06720356935981092,0.55,0.4125,long,0.55,0.05429373833595125
has_tariff&short_posts,44,0.014890874284210749,0.013219836708101673,0.06371660732004779,0.5454545454545454,0.4318181818181818,long,0.5454545454545454,0.05387721032844991
has_positive&open_deal,79,0.011097161542924918,0.009374812743079497,0.0676308049303658,0.5443037974683544,0.4177215189873418,long,0.5443037974683544,0.053686713402235485
has_china&has_iran,44,0.016940717085744333,0.0,0.07536308881638312,0.4772727272727273,0.45454545454545453,long,0.4772727272727273,0.053632093059659804
exclamation_heavy&deal_only,251,0.006820889604625134,0.0,0.06490120970738894,0.4940239043824701,0.47410358565737054,long,0.4940239043824701,0.05338581104808342
open_deal,81,0.010884010056580047,0.006666671329245144,0.06679637689199294,0.5432098765432098,0.41975308641975306,long,0.5432098765432098,0.05321071583216912
has_deal&open_deal,81,0.010884010056580047,0.006666671329245144,0.06679637689199294,0.5432098765432098,0.41975308641975306,long,0.5432098765432098,0.05321071583216912
open_deal&has_exclamation,81,0.010884010056580047,0.006666671329245144,0.06679637689199294,0.5432098765432098,0.41975308641975306,long,0.5432098765432098,0.05321071583216912
attack_heavy&open_deal,49,0.012839986013727786,0.011320762933344053,0.0625798053329633,0.5918367346938775,0.3877551020408163,long,0.5918367346938775,0.053194227771157974
has_positive&china_streak_3d,71,0.011753209804089029,0.0036629998570292255,0.057864843598771476,0.5352112676056338,0.4225352112676056,long,0.5352112676056338,0.05300427651750871
has_deal,343,0.005909307581512806,0.0,0.06277940389084889,0.48104956268221577,0.48104956268221577,long,0.48104956268221577,0.05264698196754666
high_emotion&short_posts,61,0.012446491658880083,0.01242222966108164,0.09926175892457925,0.5409836065573771,0.4426229508196721,long,0.5409836065573771,0.052589128617756074
has_russia&sig_potus,37,0.013247786871635785,0.01454565730984525,0.04295970959668349,0.6486486486486487,0.2972972972972973,long,0.6486486486486487,0.05227014589761913
posts_very_high&has_market_brag,62,0.012022006281564817,0.00550859917847113,0.05928338674104525,0.5483870967741935,0.41935483870967744,long,0.5483870967741935,0.05191107503489787
has_russia&pre_tariff,30,-0.01671155382845134,-0.024918258453802855,0.058714158723062515,0.4,0.5666666666666667,short,0.5666666666666667,0.0518686716825595
has_attack&pre_deal,129,0.008878131197541442,0.0031249295043875858,0.05988974810626517,0.5116279069767442,0.4573643410852713,long,0.5116279069767442,0.051590607151730854
deal_heavy&pre_deal,92,0.010028557613095512,0.003812696151335282,0.05429980072171624,0.532608695652174,0.43478260869565216,long,0.532608695652174,0.05123192095603956
deal_heavy&has_china,80,0.010356480591231367,0.0054090717223964635,0.05781508730374108,0.55,0.4,long,0.55,0.05094714814123122
has_tariff&has_action,42,0.013671912671836086,0.018206388008042196,0.0511109199862645,0.5714285714285714,0.42857142857142855,long,0.5714285714285714,0.05063092621568358
has_night_post&tariff_only,44,0.012887063035952594,0.016769306801266204,0.06770903660023418,0.5909090909090909,0.4090909090909091,long,0.5909090909090909,0.05051274414717002
has_russia&volume_spike,86,0.01035696284212832,0.0034143498074302725,0.05681768281855711,0.5232558139534884,0.43023255813953487,long,0.5232558139534884,0.050256901135424796
has_deal&has_exclamation,342,0.005664346188188936,0.0,0.06270700946692237,0.47953216374269003,0.4824561403508772,long,0.47953216374269003,0.050232013100546265
has_night_post&volume_spike,149,0.008266756401025574,0.0,0.06739772977401608,0.4966442953020134,0.4697986577181208,long,0.4966442953020134,0.05011569134927686
posts_high&china_streak_3d,47,0.014239715713405746,0.0025705480831819116,0.05769126530946272,0.5106382978723404,0.425531914893617,long,0.5106382978723404,0.04984982427524074
attack_heavy&china_streak_3d,32,0.016482210406600608,0.003246085137689758,0.05268774987623228,0.53125,0.40625,long,0.53125,0.04953240167666578
has_attack&brag_heavy,34,0.015179879811035794,0.01320529339759735,0.051666016940032096,0.5588235294117647,0.4117647058823529,long,0.5588235294117647,0.04946323029429349
has_china&tariff_only,25,0.01544127801644307,0.026315808501322646,0.07197466009481254,0.64,0.36,long,0.64,0.04941208965261782
positive_heavy&pre_deal,144,0.008223723391834359,0.0013088261006151125,0.05875533202318014,0.5,0.4652777777777778,long,0.5,0.04934234035100615
exclamation_heavy&china_streak_3d,68,0.011234273761680336,0.003636586612407733,0.05892057515319328,0.5294117647058824,0.4264705882352941,long,0.5294117647058824,0.04904480895513149
attack_heavy&has_iran,54,0.01235439167262428,0.005300145681534141,0.05411125485636028,0.5370370370370371,0.4074074074074074,long,0.5370370370370371,0.0487553730406752
has_positive&brag_heavy,41,0.014181883706295507,0.006188035511258461,0.04872521199108911,0.5365853658536586,0.3902439024390244,long,0.5365853658536586,0.04872643883973573
has_positive&pre_deal,160,0.007565941787023221,0.0,0.05808451951573021,0.49375,0.475,long,0.49375,0.04725307716519497
pre_deal&lots_of_excl,156,0.007481582096686221,0.0013088261006151125,0.05870333981360184,0.5,0.46794871794871795,long,0.5,0.04672246521865874
lots_of_excl&china_streak_3d,65,0.011064092416856963,0.0036629998570292255,0.059669279008870965,0.5230769230769231,0.4307692307692308,long,0.5230769230769231,0.04665928005744113
pre_deal&deal_only,116,0.00869491546692058,0.0,0.06215192351540045,0.49137931034482757,0.47413793103448276,long,0.49137931034482757,0.046016250139444825
has_deal&positive_heavy,278,0.005566321139852183,0.0,0.06444218120899349,0.49280575539568344,0.4748201438848921,long,0.49280575539568344,0.045736868679599745
has_market_brag&brag_heavy,42,0.01344694177128616,0.0043994710547377025,0.04836244557370062,0.5238095238095238,0.40476190476190477,long,0.5238095238095238,0.04564797956520209
brag_heavy,42,0.01344694177128616,0.0043994710547377025,0.04836244557370062,0.5238095238095238,0.40476190476190477,long,0.5238095238095238,0.04564797956520209
brag_heavy&exclamation_heavy,42,0.01344694177128616,0.0043994710547377025,0.04836244557370062,0.5238095238095238,0.40476190476190477,long,0.5238095238095238,0.04564797956520209
brag_heavy&has_exclamation,42,0.01344694177128616,0.0043994710547377025,0.04836244557370062,0.5238095238095238,0.40476190476190477,long,0.5238095238095238,0.04564797956520209
has_market_brag&deal_over_tariff,71,0.010381663145520132,0.004048490376127534,0.05557965417797456,0.5211267605633803,0.4647887323943662,long,0.5211267605633803,0.04558683938980647
pre_deal&sig_potus,20,0.014545119429828201,0.0170940808367942,0.054147255179933594,0.7,0.25,long,0.7,0.04553342610032837
short_posts&deal_over_tariff,159,0.00711611877686809,0.002617652201230225,0.057452408652759274,0.5031446540880503,0.46540880503144655,long,0.5031446540880503,0.045147594241231194
has_deal&lots_of_excl,319,0.005262810572029907,0.0,0.06401718772597745,0.47962382445141066,0.48589341692789967,long,0.47962382445141066,0.04508310585564025
posts_low&high_emotion,60,0.010896696274966079,0.0076948803599509175,0.1007801548109727,0.5333333333333333,0.45,long,0.5333333333333333,0.04501623808173229
has_deal&has_market_brag,79,0.010239842291867335,0.0,0.0548712561431829,0.4936708860759494,0.4810126582278481,long,0.4936708860759494,0.044930818412885126
brag_heavy&lots_of_excl,41,0.013623988265433177,0.0026109065982169444,0.0489494624415424,0.5121951219512195,0.4146341463414634,long,0.5121951219512195,0.04468189948611741
posts_low&short_posts,119,0.008531217609395118,-0.0013369284844580998,0.08488993359369482,0.4789915966386555,0.5042016806722689,long,0.4789915966386555,0.044577159854012754
posts_very_high&pre_deal,77,0.009267167810350065,0.0037037701104729592,0.06739764771304346,0.5454545454545454,0.42857142857142855,long,0.5454545454545454,0.044355855004259155
has_action&deal_only,74,0.01030532812116566,0.002024245188063767,0.057966098704207124,0.5,0.4864864864864865,long,0.5,0.04432489224093414
brag_heavy&deal_over_tariff,20,0.01776737495169705,0.01846619052834164,0.06103970869102719,0.55,0.45,long,0.55,0.043701963991093815
pre_deal&open_deal,29,0.014576912381624809,0.011320762933344053,0.05763155354513659,0.5517241379310345,0.4482758620689655,long,0.5517241379310345,0.04330983478852917
high_emotion,71,0.0095653862058041,0.01242222966108164,0.09474893947951588,0.5352112676056338,0.4507042253521127,long,0.5352112676056338,0.04313769462983744
pre_deal,168,0.006899583707389599,0.0,0.057866704517536026,0.48214285714285715,0.47619047619047616,long,0.48214285714285715,0.04311746961546044
has_deal&pre_deal,168,0.006899583707389599,0.0,0.057866704517536026,0.48214285714285715,0.47619047619047616,long,0.48214285714285715,0.04311746961546044
has_russia&pre_deal,68,0.008627836675521167,0.006932614616705024,0.05779570974655188,0.6029411764705882,0.38235294117647056,long,0.6029411764705882,0.04289743409658293
pre_action&deal_over_tariff,43,0.013879423382466283,-0.0033002748036206064,0.05291815307790827,0.46511627906976744,0.5116279069767442,long,0.46511627906976744,0.042331844457340645
has_tariff&has_attack,109,0.007612208334981514,0.009374812743079497,0.058019648456061106,0.5321100917431193,0.44036697247706424,long,0.5321100917431193,0.04228880474458402
has_action&has_market_brag,39,0.012562795976449808,0.004048490376127534,0.047038845607045014,0.5384615384615384,0.46153846153846156,long,0.5384615384615384,0.042244803853116575
has_market_brag&short_posts,84,0.008916586615802122,0.0028534688287936705,0.058333215303668425,0.5119047619047619,0.4642857142857143,long,0.5119047619047619,0.04183381246724676
has_deal&exclamation_heavy,334,0.0048028743292831445,0.0,0.06303071389737891,0.47305389221556887,0.49101796407185627,long,0.47305389221556887,0.04152265134321884
open_deal&short_posts,44,0.010852186865290757,0.00802074203616232,0.0581665681963153,0.5681818181818182,0.36363636363636365,long,0.5681818181818182,0.040900718167037026
attack_heavy&pre_deal,92,0.008309309236351432,0.0028712908528089054,0.06305858320368571,0.5108695652173914,0.45652173913043476,long,0.5108695652173914,0.040716352545966165
pre_deal&has_night_post,162,0.00671994039584634,0.0,0.057806488123228084,0.47530864197530864,0.48148148148148145,long,0.47530864197530864,0.04065356528628574
posts_very_high&all_caps_heavy,22,0.01465899908018395,0.007684626654735793,0.04859445194586874,0.5909090909090909,0.36363636363636365,long,0.5909090909090909,0.040629018364368885
has_attack&has_iran,88,0.00880269200428621,0.0,0.0647891432337434,0.48863636363636365,0.4772727272727273,long,0.48863636363636365,0.04034991518518992
pre_tariff&has_night_post,56,-0.009432286425991114,-0.01337862192986733,0.061507348007264304,0.4107142857142857,0.5714285714285714,short,0.5714285714285714,0.040334153348545405
pre_deal&has_exclamation,167,0.006403856040378304,0.0,0.05768182982107128,0.47904191616766467,0.47904191616766467,long,0.47904191616766467,0.03964362065479038
has_deal&volume_spike,84,0.00838255079178971,0.0032516848732231374,0.05712846316941542,0.5119047619047619,0.44047619047619047,long,0.5119047619047619,0.03932828479447855
has_iran&has_night_post,111,0.007928639405755313,0.0,0.062124273686204975,0.46846846846846846,0.4864864864864865,long,0.46846846846846846,0.03913276373453718
has_deal&has_action,104,0.007956699516487895,-0.002318601644039353,0.056624632369553646,0.4807692307692308,0.5096153846153846,long,0.4807692307692308,0.039010928940736586
pre_deal&volume_spike,45,0.010768547029378746,0.003378440242058689,0.05821634862031291,0.5333333333333333,0.4444444444444444,long,0.5333333333333333,0.03852672508255088
has_deal&short_posts,168,0.00606592938580779,0.0,0.0570800208629338,0.4880952380952381,0.47619047619047616,long,0.4880952380952381,0.0383757222194091
positive_heavy&all_caps_heavy,22,0.013728629636693595,0.014822652804126646,0.05126421396078705,0.5909090909090909,0.36363636363636365,long,0.5909090909090909,0.0380503977506112
has_tariff&has_market_brag,36,0.012533262013242515,0.004950622426756146,0.03998211343830373,0.5,0.4444444444444444,long,0.5,0.037599786039727544
pre_deal&exclamation_heavy,165,0.006103675168924446,0.0,0.05786494281417589,0.47878787878787876,0.48484848484848486,long,0.47878787878787876,0.037538466928649435
has_positive&has_iran,112,0.007473077260967022,0.0,0.06208435709890011,0.4732142857142857,0.49107142857142855,long,0.4732142857142857,0.037425389640256976
pre_deal&pre_action,32,0.01488724801671544,-0.004972546116118193,0.04899557687443232,0.4375,0.53125,long,0.4375,0.03684405909038914
posts_low&exclamation_heavy,29,-0.01027446070457438,-0.00873353394286902,0.05087503690963611,0.3103448275862069,0.6551724137931034,short,0.6551724137931034,0.036250469647332625
pre_deal&short_posts,72,0.008492720348068368,0.0013088261006151125,0.053455239407110416,0.5,0.4722222222222222,long,0.5,0.036031560893040715
tariff_heavy&has_night_post,20,-0.014325239291805897,-0.013356620376739015,0.05185582221945559,0.4,0.55,short,0.55,0.035235429735471835
has_deal&pre_action,49,0.010903534105670186,-0.0033445426249951726,0.051537984099691216,0.4489795918367347,0.5306122448979592,long,0.4489795918367347,0.03426825004639201
tariff_heavy&positive_heavy,20,-0.0138765877411746,-0.013356620376739015,0.052056782477728325,0.4,0.55,short,0.55,0.03413189283350734
positive_heavy&china_streak_3d,60,0.008690723235155259,0.0012852740415909558,0.05877333320140616,0.5,0.45,long,0.5,0.03365902635625417
has_china&pre_deal,82,0.007037540158440383,0.0034143498074302725,0.056838878237482356,0.524390243902439,0.4268292682926829,long,0.524390243902439,0.033418150878912325
posts_low&has_attack,23,0.013355424389806254,0.003952480076033771,0.061362421385296455,0.5217391304347826,0.4782608695652174,long,0.5217391304347826,0.03341758189348819
has_deal&brag_heavy,23,0.014288446012194044,0.0,0.05751119162403463,0.4782608695652174,0.4782608695652174,long,0.4782608695652174,0.03277281642820666
short_posts&deal_only,143,0.005561950924113649,0.0,0.05751959618348334,0.48951048951048953,0.4755244755244755,long,0.48951048951048953,0.03255795914239116
has_iran,118,0.006471281704884428,-0.0014535157205486926,0.06068562182560321,0.4491525423728814,0.5,long,0.4491525423728814,0.03157367771876788
has_iran&has_exclamation,118,0.006471281704884428,-0.0014535157205486926,0.06068562182560321,0.4491525423728814,0.5,long,0.4491525423728814,0.03157367771876788
has_tariff&deal_over_tariff,42,0.009684335609791098,0.006247141861413508,0.048454459747091345,0.5,0.47619047619047616,long,0.5,0.031380833961706836
tariff_heavy&has_exclamation,21,-0.01304811914825195,-0.013245158107149102,0.0508805143078909,0.42857142857142855,0.5238095238095238,short,0.5238095238095238,0.03132066335287334
tariff_heavy&has_positive,21,-0.01304811914825195,-0.013245158107149102,0.0508805143078909,0.42857142857142855,0.5238095238095238,short,0.5238095238095238,0.03132066335287334
tariff_heavy&exclamation_heavy,21,-0.01304811914825195,-0.013245158107149102,0.0508805143078909,0.42857142857142855,0.5238095238095238,short,0.5238095238095238,0.03132066335287334
tariff_heavy&lots_of_excl,21,-0.01304811914825195,-0.013245158107149102,0.0508805143078909,0.42857142857142855,0.5238095238095238,short,0.5238095238095238,0.03132066335287334
has_tariff&tariff_heavy,21,-0.01304811914825195,-0.013245158107149102,0.0508805143078909,0.42857142857142855,0.5238095238095238,short,0.5238095238095238,0.03132066335287334
tariff_heavy,21,-0.01304811914825195,-0.013245158107149102,0.0508805143078909,0.42857142857142855,0.5238095238095238,short,0.5238095238095238,0.03132066335287334
has_iran&volume_spike,42,0.010098372709961783,0.0,0.06181379320593651,0.47619047619047616,0.4523809523809524,long,0.47619047619047616,0.031164254766257428
has_russia&short_posts,138,0.0052227918508730735,0.002590727340699428,0.05810116294073863,0.5072463768115942,0.45652173913043476,long,0.5072463768115942,0.031121549702944933
positive_heavy&has_iran,92,0.006842767242504916,0.0,0.05953567123449079,0.4673913043478261,0.4891304347826087,long,0.4673913043478261,0.03067653544514694
posts_high&pre_deal,113,0.005984430590759924,0.0,0.0613369970379837,0.4778761061946903,0.48672566371681414,long,0.4778761061946903,0.03040026520745362
pre_action&deal_only,33,0.01151341418236609,-0.0033002748036206064,0.05371412865953629,0.45454545454545453,0.5151515151515151,long,0.45454545454545453,0.030063422293700647
has_china&pre_tariff,37,-0.00870774769240165,-0.013468082646328927,0.062214016761821374,0.40540540540540543,0.5675675675675675,short,0.5675675675675675,0.03006244294916925
has_tariff&has_positive,133,0.005307596242736836,0.0,0.06044092787326159,0.48872180451127817,0.48120300751879697,long,0.48872180451127817,0.029914752505858167
has_iran&exclamation_heavy,115,0.006114504416860972,-0.002907031441097385,0.06084817949635336,0.45217391304347826,0.5043478260869565,long,0.45217391304347826,0.029649384797393357
high_emotion&has_exclamation,39,-0.008302742385799311,-0.009433923562974456,0.07341399420381933,0.4358974358974359,0.5641025641025641,short,0.5641025641025641,0.02924906181466034
has_tariff&lots_of_excl,128,0.00525187408229259,0.0,0.058740595964898716,0.4921875,0.4765625,long,0.4921875,0.029244881748024865
has_market_brag&volume_spike,36,0.00965339363322741,0.0016892201210293445,0.045516332242755614,0.5,0.4722222222222222,long,0.5,0.028960180899682227
has_market_brag&deal_only,54,0.008078622946183263,-0.005399238579655408,0.06080440646872645,0.48148148148148145,0.5185185185185185,long,0.48148148148148145,0.028583394728039262
has_iran&has_uppercase_phrase,55,0.007626991137852424,0.0,0.060150195970817,0.4909090909090909,0.43636363636363634,long,0.4909090909090909,0.02776742843120174
has_tariff&exclamation_heavy,129,0.004920836381869076,0.0,0.06036903115001078,0.4883720930232558,0.4806201550387597,long,0.4883720930232558,0.027295095569469408
has_iran&lots_of_excl,111,0.005603730112794346,0.0,0.056444097616019644,0.4594594594594595,0.4954954954954955,long,0.4594594594594595,0.027126008737248814
has_tariff&has_exclamation,134,0.004744128411529921,0.0,0.060565528686991436,0.48507462686567165,0.48507462686567165,long,0.48507462686567165,0.026638967820556983
has_tariff,134,0.004744128411529921,0.0,0.060565528686991436,0.48507462686567165,0.48507462686567165,long,0.48507462686567165,0.026638967820556983
has_tariff&positive_heavy,117,0.0049923172438450115,0.0,0.05931957007276395,0.48717948717948717,0.47863247863247865,long,0.48717948717948717,0.02630777387040452
posts_very_high&has_tariff,66,0.005907378300978882,0.007509634970086498,0.06115511765684007,0.5454545454545454,0.42424242424242425,long,0.5454545454545454,0.026177328102472124
posts_high&pre_tariff,41,-0.006963395275250169,-0.00471696025192081,0.056687901915287595,0.3902439024390244,0.5853658536585366,short,0.5853658536585366,0.02609999125567594
has_tariff&attack_heavy,74,0.005655521863226805,0.0053837220308252665,0.05976093073629821,0.527027027027027,0.44594594594594594,long,0.527027027027027,0.02564020143610229
posts_low&has_exclamation,110,-0.004048120326712709,-0.0082578006145399,0.06261303695110274,0.4,0.5818181818181818,short,0.5818181818181818,0.024702280245025358
posts_high&has_tariff,96,0.00513200156570771,0.0,0.05653346225366676,0.4895833333333333,0.46875,long,0.4895833333333333,0.02461778767383198
positive_heavy&pre_tariff,51,-0.0062428738839680935,-0.00471696025192081,0.06264732914726538,0.43137254901960786,0.5490196078431373,short,0.5490196078431373,0.02447696150709351
has_deal&volume_drop,33,0.008090425067485252,0.003267781892779764,0.055021648915165616,0.5151515151515151,0.45454545454545453,long,0.5151515151515151,0.023942157934361868
attack_heavy&pre_tariff,34,-0.006849003830034388,-0.01337862192986733,0.060417273284317854,0.38235294117647056,0.5882352941176471,short,0.5882352941176471,0.023491889329730432
has_russia&volume_drop,26,0.007113904969661185,0.016202665871672628,0.04260107384025626,0.6153846153846154,0.38461538461538464,long,0.6153846153846154,0.02232242477424435
has_iran&has_all_caps,28,0.008230446394938005,0.0016892201210293445,0.055414249226137524,0.5,0.42857142857142855,long,0.5,0.02177571434005406
has_market_brag&has_iran,29,-0.007118934906154657,-0.007168525942829351,0.04127702557452997,0.3793103448275862,0.5517241379310345,short,0.5517241379310345,0.021151248397740928
deal_heavy&has_iran,44,0.0066307010059216236,-0.0016393741474073353,0.05676806897944395,0.45454545454545453,0.5,long,0.45454545454545453,0.019992315757885584
has_russia&china_streak_3d,28,0.007510508976297102,0.0012852740415909558,0.062156292585730424,0.5,0.4642857142857143,long,0.5,0.019870938970800434
brag_heavy&has_uppercase_phrase,21,0.006836265720946411,0.01706486067312385,0.03556693673414149,0.5714285714285714,0.38095238095238093,long,0.5714285714285714,0.017901545792610732
has_night_post&tariff_rising,20,-0.00789560846012265,-0.0016393741474073353,0.05425912412728035,0.4,0.5,short,0.5,0.017655117240556684
pre_tariff&exclamation_heavy,58,-0.004156510435176676,-0.004077006962009744,0.06544502224152955,0.43103448275862066,0.5517241379310345,short,0.5517241379310345,0.0174648498683924
has_tariff&has_china,85,0.0038193168870210574,0.0,0.05834844077534742,0.49411764705882355,0.4588235294117647,long,0.49411764705882355,0.017399049377976056
posts_high&has_iran,77,0.0043497987644346234,-0.002907031441097385,0.059702614793733115,0.44155844155844154,0.5064935064935064,long,0.44155844155844154,0.01685398953906528
has_tariff&has_uppercase_phrase,58,0.0045436090639139354,-0.0016128671696041263,0.05625013725621048,0.46551724137931033,0.5,long,0.46551724137931033,0.016108337659274337
has_market_brag&volume_drop,23,0.006971617515060784,-0.003610047688330953,0.04444371101918761,0.43478260869565216,0.5652173913043478,long,0.43478260869565216,0.014536827411829389
has_action&pre_deal,55,0.00428415416042058,-0.00716858705145651,0.054844806645154814,0.41818181818181815,0.5636363636363636,long,0.41818181818181815,0.013286530270343653
has_tariff&open_deal,20,-0.004914158772093441,-0.01236978025372798,0.059613954745680195,0.4,0.6,short,0.6,0.013186071679953398
pre_tariff&pre_deal,29,0.005021564474860325,0.0,0.05268174329083822,0.4827586206896552,0.4827586206896552,long,0.4827586206896552,0.013054735586718809
posts_very_high&has_iran,56,0.0035759356732072084,0.0,0.05817679693793358,0.48214285714285715,0.4642857142857143,long,0.48214285714285715,0.012902071621774048
deal_over_tariff&china_streak_3d,25,0.0055728292053222675,-0.0032787482948146707,0.04606624377749706,0.44,0.52,long,0.44,0.012260224251708989
posts_very_high&pre_tariff,31,-0.004198679571812657,-0.013289161213405731,0.06367454492380994,0.45161290322580644,0.5161290322580645,short,0.5161290322580645,0.012065681801744995
has_attack&pre_tariff,50,-0.0031563929757735787,-0.003402059243444777,0.06291390149086318,0.44,0.54,short,0.54,0.012052297137199052
has_tariff&has_night_post,124,0.00223504047047414,-0.0014535157205486926,0.05921642078146114,0.46774193548387094,0.5,long,0.46774193548387094,0.011641328443505614
deal_heavy&has_market_brag,37,0.0037588485422595354,0.0,0.04789359555085023,0.4864864864864865,0.4594594594594595,long,0.4864864864864865,0.01112311608807035
has_tariff&pre_tariff,61,-0.002601384179137158,-0.0034370536720986777,0.06604068187479598,0.4426229508196721,0.5409836065573771,short,0.5409836065573771,0.010991412755516142
pre_tariff,61,-0.002601384179137158,-0.0034370536720986777,0.06604068187479598,0.4426229508196721,0.5409836065573771,short,0.5409836065573771,0.010991412755516142
pre_tariff&has_exclamation,61,-0.002601384179137158,-0.0034370536720986777,0.06604068187479598,0.4426229508196721,0.5409836065573771,short,0.5409836065573771,0.010991412755516142
has_deal&pre_tariff,41,-0.002979602913968742,-0.00471696025192081,0.06682469591621032,0.4146341463414634,0.5609756097560976,short,0.5609756097560976,0.010702723308201274
has_tariff&pre_deal,52,0.0028946128592051037,0.0,0.04723153675421285,0.46153846153846156,0.4807692307692308,long,0.46153846153846156,0.009633853925982854
posts_low&has_positive,73,0.0026059827572970226,-0.007194101707293066,0.05384109479073138,0.4246575342465753,0.5616438356164384,long,0.4246575342465753,0.009455223556108748
has_market_brag&pre_action,21,0.004251692333658418,-0.0033445426249951726,0.05142679091172327,0.42857142857142855,0.5714285714285714,long,0.42857142857142855,0.008350157978851346
has_iran&short_posts,47,0.0031687176397436406,-0.007168525942829351,0.06526579760954658,0.3829787234042553,0.5531914893617021,long,0.3829787234042553,0.008319689488447824
has_iran&pre_deal,39,-0.0023607187202035573,-0.006600549607241213,0.04675097898069315,0.41025641025641024,0.5641025641025641,short,0.5641025641025641,0.008316385667024681
has_relief&has_market_brag,21,0.004669817595961951,-0.0033670648147908766,0.04963701078258299,0.38095238095238093,0.5714285714285714,long,0.38095238095238093,0.008152301948621847
has_iran&deal_only,60,0.0018479126805233022,0.0,0.05439164465295055,0.4666666666666667,0.48333333333333334,long,0.4666666666666667,0.006679806034451439
has_positive&pre_tariff,60,-0.0014747890298062783,-0.003402059243444777,0.06600423289991479,0.45,0.5333333333333333,short,0.5333333333333333,0.0060926222417163845
has_positive&high_emotion,24,0.002484826959409034,0.004691270095527611,0.06025458231687828,0.5,0.5,long,0.5,0.00608655814966354
has_exclamation&tariff_rising,22,-0.0026804392246054494,0.0,0.05565716802949991,0.45454545454545453,0.45454545454545453,short,0.45454545454545453,0.005714715628335588
has_tariff&tariff_rising,22,-0.0026804392246054494,0.0,0.05565716802949991,0.45454545454545453,0.45454545454545453,short,0.45454545454545453,0.005714715628335588
has_positive&tariff_rising,22,-0.0026804392246054494,0.0,0.05565716802949991,0.45454545454545453,0.45454545454545453,short,0.45454545454545453,0.005714715628335588
tariff_rising,22,-0.0026804392246054494,0.0,0.05565716802949991,0.45454545454545453,0.45454545454545453,short,0.45454545454545453,0.005714715628335588
exclamation_heavy&tariff_rising,22,-0.0026804392246054494,0.0,0.05565716802949991,0.45454545454545453,0.45454545454545453,short,0.45454545454545453,0.005714715628335588
lots_of_excl&tariff_rising,22,-0.0026804392246054494,0.0,0.05565716802949991,0.45454545454545453,0.45454545454545453,short,0.45454545454545453,0.005714715628335588
positive_heavy&tariff_rising,22,-0.0026804392246054494,0.0,0.05565716802949991,0.45454545454545453,0.45454545454545453,short,0.45454545454545453,0.005714715628335588
deal_only&volume_drop,28,0.0021484541313268124,0.001633890946389882,0.04591836243433965,0.5,0.4642857142857143,long,0.5,0.00568427533472005
has_tariff&has_russia,62,-0.0015785797676163443,0.00419407284282125,0.056693841368540616,0.5161290322580645,0.45161290322580644,short,0.45161290322580644,0.005613435267081794
has_deal&china_streak_3d,28,0.002430536678210245,-0.0016393741474073353,0.05209577137315225,0.42857142857142855,0.5,long,0.42857142857142855,0.0055119390882559976
has_tariff&volume_spike,42,0.0017080455822347676,-0.0035842629714146756,0.05913454774436349,0.4523809523809524,0.5,long,0.4523809523809524,0.0050075859493087516
has_iran&deal_over_tariff,69,0.0013396585053958158,-0.0033002748036206064,0.0522887401756886,0.43478260869565216,0.5217391304347826,long,0.43478260869565216,0.004838277960470454
has_night_post&high_emotion,41,-0.0012122043351690984,-0.009433923562974456,0.08181372029499193,0.4634146341463415,0.5365853658536586,short,0.5365853658536586,0.0041649192464227654
pre_tariff&tariff_only,20,-0.0018260357727324095,0.0009480756832320192,0.06611107561028536,0.5,0.5,short,0.5,0.004083140117176025
deal_heavy&pre_tariff,22,-0.0015497359146364137,-0.008363107442752205,0.059874097719169836,0.45454545454545453,0.5454545454545454,short,0.5454545454545454,0.0039648576859500064
has_tariff&has_relief,20,0.0019412184970783175,-0.0033558037198930246,0.06028970672853529,0.45,0.55,long,0.45,0.003906626866782385
has_tariff&has_iran,20,0.0020372986499098745,-0.003357900983456674,0.05509040645887114,0.35,0.6,long,0.35,0.0031888767901669174
pre_tariff&lots_of_excl,58,-0.0007627922484500925,-0.003402059243444777,0.06514327315241679,0.4482758620689655,0.5344827586206896,short,0.5344827586206896,0.0031049454038678953
posts_low&has_uppercase_phrase,22,-0.0012094573525135383,-0.005385426023716278,0.06333875078427294,0.45454545454545453,0.5454545454545454,short,0.5454545454545454,0.003094286087489357
has_tariff&has_deal,84,-0.0005422108203535133,-0.003390798148546925,0.05701536980361296,0.4166666666666667,0.5357142857142857,short,0.5357142857142857,0.002662202278815083
has_tariff&deal_heavy,54,-0.000567712965013933,-0.003390798148546925,0.04947052525157856,0.4074074074074074,0.5370370370370371,short,0.5370370370370371,0.0022404225252640538
pre_tariff&volume_spike,24,-0.00063726866878,-0.02062291164530461,0.06382852374398208,0.4166666666666667,0.5416666666666666,short,0.5416666666666666,0.0016910649898715085
pre_tariff&has_uppercase_phrase,27,0.000685249521831951,-0.00471696025192081,0.05656349233305888,0.4074074074074074,0.5925925925925926,long,0.4074074074074074,0.001450639651603044
has_deal&has_iran,76,0.00028900889727912377,-0.003368664237859642,0.054717238375583704,0.42105263157894735,0.5263157894736842,long,0.42105263157894735,0.0010608510122305918
has_market_brag&pre_deal,42,-0.0002421723507428509,0.0016892201210293445,0.03831691645231424,0.5,0.47619047619047616,short,0.47619047619047616,0.0007473600997563319
deal_over_tariff&volume_drop,30,-0.00015198712120582843,-0.0016722713124975863,0.04580153036972211,0.4666666666666667,0.5,short,0.5,0.0004162338736735201
