event,n,mean_ret,median_ret,std,hit_up,hit_down,direction,directional_hit,score
silence_day,233,-0.02581238637242106,-0.025629042894903864,0.041900306701582964,0.2645739910313901,0.7219730941704036,short,0.7219730941704036,0.2844638808686593
posts_low&silence_day,233,-0.02581238637242106,-0.025629042894903864,0.041900306701582964,0.2645739910313901,0.7219730941704036,short,0.7219730941704036,0.2844638808686593
posts_low,428,-0.01688908425774684,-0.019238598083639757,0.042205564343977625,0.3038277511961722,0.6866028708133971,short,0.6866028708133971,0.2399018526387824
volume_drop,329,-0.01635090398174773,-0.018099529937821268,0.03602163811196704,0.2887537993920973,0.6990881458966566,short,0.6990881458966566,0.20733453891544854
silence_day&volume_drop,147,-0.02326896128391105,-0.023793363736375417,0.042657723639259695,0.2653061224489796,0.7142857142857143,short,0.7142857142857143,0.20151511591543536
has_night_post&has_exclamation,825,-0.009669272354027373,-0.01303999960205282,0.03562544751692604,0.3006060606060606,0.6884848484848485,short,0.6884848484848485,0.19121200463876567
has_attack,618,-0.010849069107661011,-0.01435965680962853,0.0368440728062492,0.284789644012945,0.7038834951456311,short,0.7038834951456311,0.1898398993865594
has_attack&has_exclamation,618,-0.010849069107661011,-0.01435965680962853,0.0368440728062492,0.284789644012945,0.7038834951456311,short,0.7038834951456311,0.1898398993865594
has_attack&has_night_post,562,-0.011271627682540074,-0.014302053402931503,0.03661774756948482,0.2846975088967972,0.7046263345195729,short,0.7046263345195729,0.1882841070967517
has_positive&short_posts,434,-0.01220472938536592,-0.01511462321568463,0.03957790504448976,0.2534562211981567,0.7327188940092166,short,0.7327188940092166,0.18629895100004554
has_exclamation,944,-0.008838840408851004,-0.012998661301666381,0.03667801276213248,0.3050847457627119,0.684322033898305,short,0.684322033898305,0.18584111965660033
has_attack&exclamation_heavy,598,-0.01074213490118637,-0.014302053402931503,0.03725166448305369,0.2842809364548495,0.705685618729097,short,0.705685618729097,0.18537555358624258
has_attack&has_positive,596,-0.010765111003335118,-0.01435965680962853,0.037351306660812544,0.28523489932885904,0.7046979865771812,short,0.7046979865771812,0.18520157379912053
has_positive,871,-0.0091413313447901,-0.013149231345399914,0.03573895886702205,0.30539609644087257,0.6842709529276694,short,0.6842709529276694,0.18460634901718181
has_positive&has_night_post,778,-0.009614690087040812,-0.013050605817847227,0.03552322487753542,0.30205655526992287,0.6863753213367609,short,0.6863753213367609,0.1840715835813794
has_positive&has_exclamation,865,-0.009134411544838465,-0.013138638978646866,0.0358284325522964,0.30520231213872834,0.684393063583815,short,0.684393063583815,0.1838629515457958
has_attack&short_posts,298,-0.01415283542007594,-0.017163870983672114,0.041315848477788415,0.23154362416107382,0.7516778523489933,short,0.7516778523489933,0.18364679044974785
has_night_post,854,-0.00917260891849103,-0.01281540779600332,0.03590451727875057,0.30679156908665106,0.6826697892271663,short,0.6826697892271663,0.18299216561787646
short_posts,545,-0.010880128083795628,-0.014935990887594564,0.04161402404379659,0.26788990825688075,0.7192660550458716,short,0.7192660550458716,0.18269296487751532
has_night_post&exclamation_heavy,756,-0.009649343525142181,-0.012998661301666381,0.036229229699876915,0.30158730158730157,0.6865079365079365,short,0.6865079365079365,0.18213953690793142
exclamation_heavy&short_posts,413,-0.01212834335752469,-0.015306148101401407,0.040902066101076814,0.25181598062953997,0.7336561743341404,short,0.7336561743341404,0.18082941868181032
has_exclamation&short_posts,489,-0.01117303168467632,-0.014598494877876567,0.04072915971558641,0.25971370143149286,0.7259713701431493,short,0.7259713701431493,0.1793679951144303
posts_low&volume_drop,226,-0.01750794186777602,-0.020100039880424858,0.03902901661692596,0.3008849557522124,0.6814159292035398,short,0.6814159292035398,0.17935008928024115
has_exclamation&exclamation_heavy,826,-0.009075132804875638,-0.013050605817847227,0.03663318916112948,0.3026634382566586,0.6864406779661016,short,0.6864406779661016,0.1790383325354759
exclamation_heavy,826,-0.009075132804875638,-0.013050605817847227,0.03663318916112948,0.3026634382566586,0.6864406779661016,short,0.6864406779661016,0.1790383325354759
has_attack&lots_of_excl,570,-0.010556045456448133,-0.014302053402931503,0.03782740270863814,0.28596491228070176,0.7035087719298245,short,0.7035087719298245,0.17729977991107762
has_positive&exclamation_heavy,797,-0.00892767651445144,-0.012957323001279941,0.03676892890454532,0.3074027603513174,0.6813048933500627,short,0.6813048933500627,0.17171534807628525
has_night_post&short_posts,456,-0.01106795717793776,-0.013792233763290584,0.039366144555914986,0.2675438596491228,0.7192982456140351,short,0.7192982456140351,0.17000390315922448
has_night_post&lots_of_excl,692,-0.009142578720306901,-0.012856039943800412,0.03710581469799238,0.3063583815028902,0.680635838150289,short,0.680635838150289,0.16369543499526693
has_attack&has_all_caps,145,-0.018105025192840473,-0.018392989524353975,0.03753787469089563,0.22758620689655173,0.7448275862068966,short,0.7448275862068966,0.16238237452957674
lots_of_excl&short_posts,366,-0.011598538675608365,-0.01640542494141861,0.04247864682464041,0.2568306010928962,0.726775956284153,short,0.726775956284153,0.16126657740707284
exclamation_heavy&lots_of_excl,745,-0.008660848182591857,-0.013108646003961666,0.037708742330678696,0.30604026845637583,0.6818791946308724,short,0.6818791946308724,0.16119293454235836
has_exclamation&lots_of_excl,749,-0.008642371926589185,-0.013061212033641634,0.03763520781563559,0.30707610146862485,0.6809078771695594,short,0.6809078771695594,0.16105055270246338
lots_of_excl,749,-0.008642371926589185,-0.013061212033641634,0.03763520781563559,0.30707610146862485,0.6809078771695594,short,0.6809078771695594,0.16105055270246338
has_positive&lots_of_excl,731,-0.008609520054599053,-0.013061212033641634,0.03760517376287563,0.3091655266757866,0.6785225718194254,short,0.6785225718194254,0.15794356267364884
has_all_caps&short_posts,121,-0.018838306170701986,-0.022031860892886668,0.03448571575722048,0.21487603305785125,0.7603305785123967,short,0.7603305785123967,0.15755674251859844
has_attack&deal_over_tariff,231,-0.014192911777052612,-0.016451273743520067,0.03463210088044855,0.2597402597402597,0.7229437229437229,short,0.7229437229437229,0.15594878101410808
has_all_caps&exclamation_heavy,178,-0.0158337965999318,-0.01791286648485857,0.03687639804530919,0.24157303370786518,0.7303370786516854,short,0.7303370786516854,0.15428312001392955
has_attack&has_uppercase_phrase,214,-0.015243977676645787,-0.01639418941638532,0.03399770699285784,0.29906542056074764,0.6869158878504673,short,0.6869158878504673,0.1531823585910078
has_attack&positive_heavy,459,-0.010180448922812438,-0.015097697410155986,0.040426069943774526,0.289760348583878,0.6971677559912854,short,0.6971677559912854,0.15205845197950574
has_all_caps&lots_of_excl,171,-0.01595930686775578,-0.017992474101105493,0.03754413414731816,0.24561403508771928,0.7251461988304093,short,0.7251461988304093,0.15133439868144313
has_night_post&has_uppercase_phrase,277,-0.013243726899684685,-0.014053293463352712,0.036017429689518855,0.30324909747292417,0.6823104693140795,short,0.6823104693140795,0.1503945630240329
has_uppercase_phrase&exclamation_heavy,276,-0.013259177830283584,-0.013685279135034867,0.036283440826648486,0.30434782608695654,0.6811594202898551,short,0.6811594202898551,0.1500444388255731
has_night_post&has_all_caps,180,-0.015336602489495197,-0.017856340248663338,0.03719883869362724,0.24444444444444444,0.7277777777777777,short,0.7277777777777777,0.14974909426876312
has_all_caps&has_exclamation,183,-0.01520369037027597,-0.017840336825243885,0.036922041072752106,0.2459016393442623,0.726775956284153,short,0.726775956284153,0.14947725453891222
has_all_caps,183,-0.01520369037027597,-0.017840336825243885,0.036922041072752106,0.2459016393442623,0.726775956284153,short,0.726775956284153,0.14947725453891222
positive_heavy&has_night_post,570,-0.009162992722591157,-0.01342109429870858,0.03874711188413109,0.30701754385964913,0.6807017543859649,short,0.6807017543859649,0.14891266616402
has_uppercase_phrase&short_posts,154,-0.01663960355918585,-0.020929084422261157,0.040289896578398744,0.2727272727272727,0.7207792207792207,short,0.7207792207792207,0.14883517872900154
has_positive&has_all_caps,178,-0.01538421588120489,-0.01767438464840987,0.03710234559489341,0.24719101123595505,0.7247191011235955,short,0.7247191011235955,0.1487493493417823
has_action&has_attack,146,-0.017040487205086316,-0.016864523921519214,0.03598577367327349,0.2602739726027397,0.7191780821917808,short,0.7191780821917808,0.14807947933361879
has_uppercase_phrase,295,-0.012687802890353558,-0.013317264806717022,0.036295008026197416,0.30847457627118646,0.6779661016949152,short,0.6779661016949152,0.1477424888380554
has_action,186,-0.015497225641734927,-0.015414338988062048,0.03459145884678694,0.2849462365591398,0.6989247311827957,short,0.6989247311827957,0.1477205230276989
posts_high&has_attack,340,-0.011313863592288061,-0.0170469644226679,0.04466537183121662,0.27647058823529413,0.7058823529411765,short,0.7058823529411765,0.1472592965263725
has_attack&deal_only,196,-0.014406930391779585,-0.016359221165136273,0.03571318907803731,0.25510204081632654,0.7295918367346939,short,0.7295918367346939,0.1471565032874629
positive_heavy&exclamation_heavy,599,-0.00876562321314003,-0.013524923790700139,0.03963545814222898,0.3038397328881469,0.6844741235392321,short,0.6844741235392321,0.14684299855135097
has_action&has_night_post,182,-0.015441943784912607,-0.015414338988062048,0.03470173023951866,0.2802197802197802,0.7032967032967034,short,0.7032967032967034,0.1465130275646158
posts_very_high&deal_over_tariff,115,-0.017966123341088425,-0.017953389297634348,0.039063609999656884,0.21739130434782608,0.7565217391304347,short,0.7565217391304347,0.14575541868873032
positive_heavy,604,-0.00868027581923037,-0.013470895173976427,0.03950676900561016,0.30629139072847683,0.6821192052980133,short,0.6821192052980133,0.14551651058118498
has_positive&positive_heavy,604,-0.00868027581923037,-0.013470895173976427,0.03950676900561016,0.30629139072847683,0.6821192052980133,short,0.6821192052980133,0.14551651058118498
positive_heavy&has_exclamation,604,-0.00868027581923037,-0.013470895173976427,0.03950676900561016,0.30629139072847683,0.6821192052980133,short,0.6821192052980133,0.14551651058118498
posts_very_high&has_action,96,-0.020320352565724297,-0.018905142068566583,0.03620894728187334,0.23958333333333334,0.7291666666666666,short,0.7291666666666666,0.14517561094014853
has_action&has_exclamation,184,-0.01528779868367258,-0.015414338988062048,0.03464521106677854,0.28804347826086957,0.6956521739130435,short,0.6956521739130435,0.14426002836626858
has_uppercase_phrase&has_exclamation,293,-0.012457304822668743,-0.013108646003961666,0.03630109403625876,0.310580204778157,0.6757679180887372,short,0.6757679180887372,0.144097176643989
has_positive&has_uppercase_phrase,285,-0.012591408179984569,-0.013108646003961666,0.03595058498064683,0.3087719298245614,0.6771929824561403,short,0.6771929824561403,0.14394917554303596
has_night_post&deal_over_tariff,284,-0.011996912805782719,-0.013050605817847227,0.035725484630130734,0.2676056338028169,0.7112676056338029,short,0.7112676056338029,0.1438009323358243
has_night_post&deal_only,244,-0.012686206382292979,-0.013327004986264379,0.03666057322712019,0.2540983606557377,0.7254098360655737,short,0.7254098360655737,0.14375075207856225
has_uppercase_phrase&lots_of_excl,266,-0.01300665540616119,-0.013212955405339344,0.036481014882348665,0.3082706766917293,0.6766917293233082,short,0.6766917293233082,0.14354805788356015
posts_high&deal_over_tariff,192,-0.014176676970689734,-0.01737196189798995,0.04060224675571439,0.2552083333333333,0.7239583333333334,short,0.7239583333333334,0.14221278110858127
posts_very_high&has_night_post,220,-0.013324270979759667,-0.017361182009351328,0.04464263488519728,0.2636363636363636,0.7181818181818181,short,0.7181818181818181,0.14193490225923555
posts_high&has_night_post,386,-0.010433960618649424,-0.015228724491548828,0.04331857566206872,0.2927461139896373,0.6917098445595855,short,0.6917098445595855,0.14179692153183773
posts_high&has_exclamation,397,-0.010219904837481078,-0.016451273743520067,0.04443388837405999,0.28967254408060455,0.6952141057934509,short,0.6952141057934509,0.14156656049929123
posts_high,397,-0.010219904837481078,-0.016451273743520067,0.04443388837405999,0.28967254408060455,0.6952141057934509,short,0.6952141057934509,0.14156656049929123
posts_high&exclamation_heavy,397,-0.010219904837481078,-0.016451273743520067,0.04443388837405999,0.28967254408060455,0.6952141057934509,short,0.6952141057934509,0.14156656049929123
attack_heavy&pre_action,43,-0.024937474841032446,-0.02672603378088767,0.025451019882288393,0.13953488372093023,0.8604651162790697,short,0.8604651162790697,0.14070838265562158
has_deal&has_attack,263,-0.012379647503039111,-0.014554800672274881,0.03388706770076364,0.2813688212927757,0.6996197718631179,short,0.6996197718631179,0.1404585651440553
posts_high&has_positive,395,-0.010173036857457343,-0.01633710508925057,0.044541483073328676,0.2911392405063291,0.6936708860759494,short,0.6936708860759494,0.140249923480523
positive_heavy&lots_of_excl,581,-0.008524370348157501,-0.013524923790700139,0.03997921525316467,0.306368330464716,0.6815834767641996,short,0.6815834767641996,0.14004558738960293
posts_high&lots_of_excl,396,-0.010132490893237936,-0.01639418941638532,0.04445590632134317,0.2904040404040404,0.6944444444444444,short,0.6944444444444444,0.1400236270190136
has_action&has_positive,179,-0.0150608144571068,-0.01553553454578116,0.03479571273593554,0.2905027932960894,0.6927374301675978,short,0.6927374301675978,0.13958656750827475
has_action&exclamation_heavy,178,-0.0151256641677051,-0.015210286990246902,0.035114908422649624,0.29213483146067415,0.6910112359550562,short,0.6910112359550562,0.13944712471289147
pre_action,85,-0.01946724769813849,-0.01738129434709834,0.029148739207107675,0.2235294117647059,0.7764705882352941,short,0.7764705882352941,0.13936028553567
has_action&pre_action,85,-0.01946724769813849,-0.01738129434709834,0.029148739207107675,0.2235294117647059,0.7764705882352941,short,0.7764705882352941,0.13936028553567
deal_heavy&short_posts,62,-0.023332235064918928,-0.02136076030060341,0.03590673533320633,0.20967741935483872,0.7580645161290323,short,0.7580645161290323,0.1392702503728211
posts_high&has_uppercase_phrase,194,-0.014490063440757978,-0.016649243144526704,0.03825571209828498,0.29896907216494845,0.6855670103092784,short,0.6855670103092784,0.1383633482402047
has_all_caps&has_uppercase_phrase,133,-0.016921361837601876,-0.018392989524353975,0.034325607458879644,0.2706766917293233,0.706766917293233,short,0.706766917293233,0.13792320654470996
has_action&lots_of_excl,170,-0.015231317514479774,-0.015414338988062048,0.03513898429261992,0.28823529411764703,0.6941176470588235,short,0.6941176470588235,0.1378462697579601
positive_heavy&short_posts,278,-0.011489871042782209,-0.016564529594149724,0.04579638033350138,0.26618705035971224,0.7194244604316546,short,0.7194244604316546,0.13782333420116463
deal_heavy&deal_only,91,-0.019918353089840815,-0.020428989790034824,0.035244066406656914,0.26373626373626374,0.7252747252747253,short,0.7252747252747253,0.13780870960925176
posts_high&has_action,133,-0.016804539863226966,-0.016881835297505088,0.037387778414293485,0.2706766917293233,0.706766917293233,short,0.706766917293233,0.13697101005749418
posts_high&deal_only,157,-0.014841034716781167,-0.01763666724638402,0.042826159327460096,0.2484076433121019,0.732484076433121,short,0.732484076433121,0.13621100433300454
posts_very_high&has_all_caps,101,-0.018909026492106257,-0.02196904027074109,0.032372162526686545,0.24752475247524752,0.7128712871287128,short,0.7128712871287128,0.13546932905024392
posts_high&has_all_caps,133,-0.016430042437779055,-0.020428989790034824,0.03903599984616248,0.2556390977443609,0.7142857142857143,short,0.7142857142857143,0.13534320917627465
deal_heavy&deal_over_tariff,135,-0.016536588517003927,-0.0172285010740445,0.03351094025815288,0.2814814814814815,0.7037037037037037,short,0.7037037037037037,0.1352080785177088
posts_high&positive_heavy,365,-0.010238429608621891,-0.01684721254553334,0.045629712079225865,0.29315068493150687,0.6904109589041096,short,0.6904109589041096,0.13504778247009813
pre_action&has_night_post,84,-0.019024106149192782,-0.01711425344631584,0.02903433827679511,0.2261904761904762,0.7738095238095238,short,0.7738095238095238,0.1349205099938286
has_exclamation&deal_over_tariff,310,-0.010867440028092607,-0.013050605817847227,0.03627004722137965,0.27741935483870966,0.7032258064516129,short,0.7032258064516129,0.1345559475479748
positive_heavy&has_uppercase_phrase,232,-0.012970079035409377,-0.015438179960668097,0.03748264265221466,0.3017241379310345,0.6810344827586207,short,0.6810344827586207,0.13454133015181385
pre_action&has_exclamation,83,-0.01909863906957626,-0.01738129434709834,0.029202754585670055,0.2289156626506024,0.7710843373493976,short,0.7710843373493976,0.1341662709940625
posts_high&short_posts,227,-0.012400160481510488,-0.017993095661850922,0.04877531338121061,0.2643171806167401,0.7180616740088106,short,0.7180616740088106,0.1341534919402957
has_action&attack_heavy,100,-0.018272910600233748,-0.018768123169815354,0.0313445107608066,0.24,0.73,short,0.73,0.13339224738170638
posts_high&posts_very_high,223,-0.01244638247179065,-0.01738129434709834,0.0470643009338237,0.2645739910313901,0.7174887892376681,short,0.7174887892376681,0.13335542679528606
posts_very_high&exclamation_heavy,223,-0.01244638247179065,-0.01738129434709834,0.0470643009338237,0.2645739910313901,0.7174887892376681,short,0.7174887892376681,0.13335542679528606
posts_very_high&has_exclamation,223,-0.01244638247179065,-0.01738129434709834,0.0470643009338237,0.2645739910313901,0.7174887892376681,short,0.7174887892376681,0.13335542679528606
posts_very_high,223,-0.01244638247179065,-0.01738129434709834,0.0470643009338237,0.2645739910313901,0.7174887892376681,short,0.7174887892376681,0.13335542679528606
posts_very_high&positive_heavy,209,-0.012844535913740898,-0.01787234367208279,0.04827206828055188,0.2631578947368421,0.7177033492822966,short,0.7177033492822966,0.13327126909772738
deal_over_tariff,311,-0.010780019014687387,-0.01303999960205282,0.03624430329356836,0.2797427652733119,0.7009646302250804,short,0.7009646302250804,0.13325877786882043
has_deal&deal_over_tariff,311,-0.010780019014687387,-0.01303999960205282,0.03624430329356836,0.2797427652733119,0.7009646302250804,short,0.7009646302250804,0.13325877786882043
has_china&has_all_caps,90,-0.018864105075323285,-0.0194109896571944,0.032904246873892935,0.2222222222222222,0.7444444444444445,short,0.7444444444444445,0.13322623499790576
posts_very_high&deal_only,93,-0.01780775816469676,-0.017840336825243885,0.04182035822561985,0.20430107526881722,0.7741935483870968,short,0.7741935483870968,0.13295365205926948
pre_action&has_uppercase_phrase,42,-0.026090366157755368,-0.026271803193776366,0.03113624116253228,0.21428571428571427,0.7857142857142857,short,0.7857142857142857,0.1328524196960151
attack_heavy&has_night_post,270,-0.011465619550422992,-0.016224191689028167,0.03828817274983548,0.2814814814814815,0.7037037037037037,short,0.7037037037037037,0.13257732311915485
posts_very_high&has_positive,222,-0.012421576134737303,-0.017361182009351328,0.047169199918853114,0.26576576576576577,0.7162162162162162,short,0.7162162162162162,0.1325553750062822
positive_heavy&has_all_caps,149,-0.015061401677788378,-0.018392989524353975,0.03814929127327641,0.2550335570469799,0.7181208053691275,short,0.7181208053691275,0.132024956937575
has_deal&has_night_post,325,-0.010529757771356972,-0.01237112246584382,0.03469218562251904,0.28615384615384615,0.6923076923076923,short,0.6923076923076923,0.13141932079445648
attack_heavy&has_exclamation,284,-0.011009269755576848,-0.016649243144526704,0.04006911186137929,0.27816901408450706,0.7077464788732394,short,0.7077464788732394,0.13130927413107066
has_attack&attack_heavy,284,-0.011009269755576848,-0.016649243144526704,0.04006911186137929,0.27816901408450706,0.7077464788732394,short,0.7077464788732394,0.13130927413107066
attack_heavy,284,-0.011009269755576848,-0.016649243144526704,0.04006911186137929,0.27816901408450706,0.7077464788732394,short,0.7077464788732394,0.13130927413107066
posts_very_high&lots_of_excl,222,-0.012300484074106081,-0.017361182009351328,0.047120090540925835,0.26576576576576577,0.7162162162162162,short,0.7162162162162162,0.13126315545755948
has_deal&short_posts,165,-0.013692772842171548,-0.014554800672274881,0.03817913865228424,0.23030303030303031,0.7454545454545455,short,0.7454545454545455,0.13111565316337176
attack_heavy&exclamation_heavy,283,-0.011023003803080413,-0.01684721254553334,0.040139423864443455,0.2791519434628975,0.7067137809187279,short,0.7067137809187279,0.13104991245224884
posts_very_high&has_deal,133,-0.015577620721324414,-0.016986672295739913,0.03823665698390932,0.24060150375939848,0.7293233082706767,short,0.7293233082706767,0.13102284922058136
posts_very_high&deal_heavy,75,-0.020973123422897016,-0.022031860892886668,0.03646586631599491,0.24,0.72,short,0.72,0.13077545530273385
has_action&short_posts,103,-0.018180157387484613,-0.01684721254553334,0.03736809404755268,0.2815533980582524,0.7087378640776699,short,0.7087378640776699,0.13076812189532122
posts_very_high&has_attack,201,-0.01291035037736757,-0.016986672295739913,0.04677885263685061,0.26865671641791045,0.7114427860696517,short,0.7114427860696517,0.130219504241607
attack_heavy&has_positive,280,-0.01099662102831608,-0.016395563873599583,0.040314985402935065,0.2785714285714286,0.7071428571428572,short,0.7071428571428572,0.13012041298461063
has_attack&has_china,228,-0.012155552457813391,-0.014659200210426382,0.04092850197044811,0.27631578947368424,0.706140350877193,short,0.706140350877193,0.12960840151442163
has_exclamation&deal_only,266,-0.011086605601837187,-0.013178250518181833,0.03741207770581713,0.2706766917293233,0.7105263157894737,short,0.7105263157894737,0.12847528327739063
posts_very_high&pre_action,43,-0.024019014284279064,-0.01738129434709834,0.030126968113427022,0.18604651162790697,0.813953488372093,short,0.813953488372093,0.12820028687028384
exclamation_heavy&deal_over_tariff,299,-0.010603927346304531,-0.01303999960205282,0.03677277207332087,0.2809364548494983,0.6989966555183946,short,0.6989966555183946,0.12816735900672893
lots_of_excl&deal_over_tariff,283,-0.01085895402782497,-0.013358720969806726,0.03740558202515529,0.2791519434628975,0.6996466431095406,short,0.6996466431095406,0.1278085674368596
attack_heavy&lots_of_excl,281,-0.010817826371155102,-0.016451273743520067,0.04016907724608585,0.28113879003558717,0.7046263345195729,short,0.7046263345195729,0.12777680862944524
pre_action&exclamation_heavy,79,-0.018888385174391103,-0.01684721254553334,0.02988211953187243,0.24050632911392406,0.759493670886076,short,0.759493670886076,0.1275065617664275
posts_high&has_deal,223,-0.01217041529739846,-0.015293143430342937,0.03916676903317306,0.27802690582959644,0.6995515695067265,short,0.6995515695067265,0.1271386410220349
deal_heavy&has_attack,117,-0.016972598285974746,-0.01825728328186771,0.035093994732118695,0.28205128205128205,0.6923076923076923,short,0.6923076923076923,0.12709849859570943
deal_over_tariff&deal_only,267,-0.010983957284448545,-0.013061212033641634,0.03737933865072597,0.27340823970037453,0.7078651685393258,short,0.7078651685393258,0.12704717388840878
has_deal&deal_only,267,-0.010983957284448545,-0.013061212033641634,0.03737933865072597,0.27340823970037453,0.7078651685393258,short,0.7078651685393258,0.12704717388840878
deal_only,267,-0.010983957284448545,-0.013061212033641634,0.03737933865072597,0.27340823970037453,0.7078651685393258,short,0.7078651685393258,0.12704717388840878
has_positive&pre_action,80,-0.018621348084409874,-0.01779661854847764,0.029200865663210094,0.2375,0.7625,short,0.7625,0.1269977304557492
posts_very_high&has_uppercase_phrase,126,-0.016377399521820105,-0.017867029597979145,0.03831536629882243,0.2857142857142857,0.6904761904761905,short,0.6904761904761905,0.12693427992943002
posts_very_high&open_deal,44,-0.02546343194973796,-0.021256898019564596,0.038648037677905214,0.20454545454545456,0.75,short,0.75,0.126678974478043
short_posts&deal_over_tariff,159,-0.013519193277376187,-0.013295289002722033,0.038782031768438426,0.23270440251572327,0.7421383647798742,short,0.7421383647798742,0.12651272846178843
positive_heavy&deal_over_tariff,242,-0.011570294624008921,-0.015195420420249461,0.03919129362026106,0.2768595041322314,0.7024793388429752,short,0.7024793388429752,0.12644034037488214
has_action&has_all_caps,54,-0.023148423609625168,-0.02262458205934298,0.035738899111757726,0.2037037037037037,0.7407407407407407,short,0.7407407407407407,0.126004058207504
short_posts&deal_only,144,-0.013793305895696635,-0.013178250518181833,0.04001001480734107,0.2222222222222222,0.7569444444444444,short,0.7569444444444444,0.12528919521924445
has_positive&deal_over_tariff,297,-0.010467383732617786,-0.0128012108217046,0.03693028265977509,0.28619528619528617,0.6936026936026936,short,0.6936026936026936,0.12512011685918628
posts_very_high&short_posts,155,-0.013652617768848579,-0.017953389297634348,0.05021601860061495,0.25161290322580643,0.7354838709677419,short,0.7354838709677419,0.12501292989544852
has_deal&has_exclamation,352,-0.009689264456797677,-0.012523105705383508,0.03519113357407564,0.29261363636363635,0.6875,short,0.6875,0.12497836645046728
pre_action&volume_spike,32,-0.026037531419392957,-0.02712678292953996,0.030831450460978314,0.15625,0.84375,short,0.84375,0.12427637646607122
has_deal,353,-0.009615582418277202,-0.01237112246584382,0.03516836799453271,0.29461756373937675,0.6855524079320113,short,0.6855524079320113,0.12385216651271591
positive_heavy&deal_only,200,-0.012247763171626909,-0.016564529594149724,0.04105909930456286,0.265,0.715,short,0.715,0.12384481242024668
pre_deal&short_posts,69,-0.018708949930571848,-0.01787234367208279,0.028256160383364547,0.2028985507246377,0.782608695652174,short,0.782608695652174,0.12162381647746506
exclamation_heavy&deal_only,255,-0.010787078266372702,-0.013061212033641634,0.03803307444833073,0.27450980392156865,0.7058823529411765,short,0.7058823529411765,0.12159234792430683
has_action&positive_heavy,150,-0.014585768673010252,-0.015210286990246902,0.03629861113110686,0.3,0.68,short,0.68,0.12147414856749919
pre_deal&deal_only,119,-0.014872115011403541,-0.017107256549595884,0.03244438119327983,0.24369747899159663,0.7478991596638656,short,0.7478991596638656,0.12133588475940049
pre_deal&deal_over_tariff,150,-0.013748029719390929,-0.016359221165136273,0.0314003125527428,0.26666666666666666,0.72,short,0.72,0.12123236801205493
has_attack&pre_action,58,-0.020451431008762854,-0.01711425344631584,0.030781591094528583,0.22413793103448276,0.7758620689655172,short,0.7758620689655172,0.12084320036868154
lots_of_excl&deal_only,241,-0.011032295076698746,-0.013416866557252716,0.038811214199665905,0.27385892116182575,0.7053941908713693,short,0.7053941908713693,0.12081094162710093
has_russia&deal_only,96,-0.016655560723778662,-0.01967628262214738,0.026463078813780485,0.23958333333333334,0.7395833333333334,short,0.7395833333333334,0.12069297441154467
pre_action&lots_of_excl,74,-0.01848596179531812,-0.01711425344631584,0.03003982955734419,0.24324324324324326,0.7567567567567568,short,0.7567567567567568,0.1203411668823944
has_russia&deal_over_tariff,117,-0.015206632404188826,-0.016986672295739913,0.025961275085812252,0.24786324786324787,0.7264957264957265,short,0.7264957264957265,0.11949756136248665
has_action&has_uppercase_phrase,91,-0.017985991254697548,-0.021295538158310312,0.041096750651525606,0.2857142857142857,0.6923076923076923,short,0.6923076923076923,0.11878298400598855
has_russia&has_night_post,263,-0.010543257290822361,-0.014563162080280523,0.03265346518168752,0.29277566539923955,0.6920152091254753,short,0.6920152091254753,0.11832276739876134
has_positive&deal_only,253,-0.010628235770622397,-0.01303999960205282,0.03822243183544451,0.28063241106719367,0.6996047430830039,short,0.6996047430830039,0.11826988805880886
deal_heavy,148,-0.014370488407559822,-0.015195420420249461,0.03368931293180342,0.30405405405405406,0.6756756756756757,short,0.6756756756756757,0.11812468706431055
has_deal&deal_heavy,148,-0.014370488407559822,-0.015195420420249461,0.03368931293180342,0.30405405405405406,0.6756756756756757,short,0.6756756756756757,0.11812468706431055
deal_heavy&has_exclamation,148,-0.014370488407559822,-0.015195420420249461,0.03368931293180342,0.30405405405405406,0.6756756756756757,short,0.6756756756756757,0.11812468706431055
has_deal&exclamation_heavy,340,-0.00934334838494412,-0.012265971236171902,0.035626145251224726,0.29705882352941176,0.6823529411764706,short,0.6823529411764706,0.11755769687689752
deal_heavy&lots_of_excl,138,-0.014817942691260499,-0.015872208586931502,0.034218835283457164,0.30434782608695654,0.6739130434782609,short,0.6739130434782609,0.1173089955416026
posts_high&pre_action,59,-0.019947387783726803,-0.01738129434709834,0.030789248447253382,0.23728813559322035,0.7627118644067796,short,0.7627118644067796,0.1168617911614012
has_deal&lots_of_excl,324,-0.00950385235867411,-0.01258616664377421,0.03614703566888752,0.2962962962962963,0.6820987654320988,short,0.6820987654320988,0.1166861872926099
has_china,297,-0.009902428740033218,-0.013257607742390376,0.03979185480210983,0.2996632996632997,0.6835016835016835,short,0.6835016835016835,0.11664323047222111
has_china&has_exclamation,297,-0.009902428740033218,-0.013257607742390376,0.03979185480210983,0.2996632996632997,0.6835016835016835,short,0.6835016835016835,0.11664323047222111
posts_high&deal_heavy,109,-0.016439387016108496,-0.017107256549595884,0.03656534199752131,0.29357798165137616,0.6788990825688074,short,0.6788990825688074,0.11652096977744503
pre_action&has_all_caps,27,-0.02625070745663874,-0.02672603378088767,0.027638023427680486,0.14814814814814814,0.8518518518518519,short,0.8518518518518519,0.11619487312656511
has_deal&has_positive,339,-0.009293591883986893,-0.012102862646013346,0.035733407273416645,0.3008849557522124,0.6784660766961652,short,0.6784660766961652,0.1160944835763211
has_china&has_night_post,280,-0.010143102891196085,-0.013441822380253432,0.04065183041366417,0.3,0.6821428571428572,short,0.6821428571428572,0.11577777058645866
pre_deal&has_exclamation,172,-0.012299560228383065,-0.015131001481455353,0.031107721542809327,0.27325581395348836,0.7093023255813954,short,0.7093023255813954,0.1144155863834391
has_action&volume_spike,62,-0.020467587582901327,-0.01737473067618811,0.030461398902924798,0.25806451612903225,0.7096774193548387,short,0.7096774193548387,0.1143729937863036
deal_heavy&exclamation_heavy,145,-0.01418566613386513,-0.015097697410155986,0.0339901540146476,0.3103448275862069,0.6689655172413793,short,0.6689655172413793,0.11427137875978247
deal_heavy&has_positive,143,-0.014367806695270704,-0.016451273743520067,0.03426123810872668,0.3146853146853147,0.6643356643356644,short,0.6643356643356644,0.11414215372734185
short_posts&volume_drop,107,-0.01490363785951926,-0.014454682205584213,0.028083527242978502,0.2523364485981308,0.7383177570093458,short,0.7383177570093458,0.11382233525272546
positive_heavy&pre_action,66,-0.018440456456317304,-0.01711425344631584,0.0305132242503971,0.24242424242424243,0.7575757575757576,short,0.7575757575757576,0.11349316397737798
has_deal&positive_heavy,277,-0.009954204512711397,-0.01303999960205282,0.03785649103799857,0.296028880866426,0.6823104693140795,short,0.6823104693140795,0.11303904477045128
deal_heavy&has_night_post,140,-0.01422464266161711,-0.014228209189981356,0.034152066293124735,0.30714285714285716,0.6714285714285714,short,0.6714285714285714,0.1130069623141096
attack_heavy&has_uppercase_phrase,144,-0.014101458367357909,-0.01416024809160843,0.031072719938216194,0.3125,0.6666666666666666,short,0.6666666666666666,0.11281166693886327
posts_high&attack_heavy,231,-0.010443360884928388,-0.01684721254553334,0.042770244784098486,0.2727272727272727,0.70995670995671,short,0.70995670995671,0.11268812272316905
pre_deal,173,-0.012134126382317669,-0.015097697410155986,0.031093390918229227,0.2774566473988439,0.7052023121387283,short,0.7052023121387283,0.11254994655567782
has_deal&pre_deal,173,-0.012134126382317669,-0.015097697410155986,0.031093390918229227,0.2774566473988439,0.7052023121387283,short,0.7052023121387283,0.11254994655567782
has_china&exclamation_heavy,289,-0.009707885492180934,-0.012910869065896224,0.04012040296006778,0.30103806228373703,0.6816608996539792,short,0.6816608996539792,0.11249726129174377
deal_heavy&positive_heavy,130,-0.014742243111879414,-0.016779265146557976,0.03511923748130033,0.3076923076923077,0.6692307692307692,short,0.6692307692307692,0.11248928213147458
has_positive&has_china,290,-0.00970217335778717,-0.013092685286613226,0.0400741865054412,0.30344827586206896,0.6793103448275862,short,0.6793103448275862,0.11223705366791095
positive_heavy&uppercase_phrase_heavy,40,-0.024467784687824214,-0.02499999113026119,0.034506120161145966,0.25,0.725,short,0.725,0.11219219692256886
deal_heavy&open_deal,50,-0.022558282543402905,-0.021254042900763326,0.03924579414540067,0.28,0.7,short,0.7,0.11165780190853619
has_action&has_iran,35,-0.024287769632380853,-0.024279259566698852,0.03341508683231338,0.17142857142857143,0.7714285714285715,short,0.7714285714285715,0.11084532395043278
has_deal&has_russia,136,-0.013405328054876294,-0.015803170635699304,0.026143835624370306,0.2647058823529412,0.7058823529411765,short,0.7058823529411765,0.1103517501495583
has_action&open_deal,30,-0.026206957603145016,-0.023123281198349943,0.03742347762104488,0.16666666666666666,0.7666666666666667,short,0.7666666666666667,0.11004842079498438
has_russia,283,-0.009454530722169154,-0.013317264806717022,0.03471301832821445,0.2968197879858657,0.6890459363957597,short,0.6890459363957597,0.10959263549327089
pre_deal&exclamation_heavy,169,-0.01196750345953716,-0.013358720969806726,0.03127782817197123,0.2781065088757396,0.7041420118343196,short,0.7041420118343196,0.10954868551422478
posts_high&has_china,202,-0.011106954713742614,-0.016666554520512578,0.044792064687353424,0.2871287128712871,0.693069306930693,short,0.693069306930693,0.1094075649242778
pre_deal&has_night_post,166,-0.012032299530880402,-0.013199360285929773,0.031117507018205516,0.27710843373493976,0.7048192771084337,short,0.7048192771084337,0.10926484459428197
attack_heavy&has_all_caps,101,-0.01567236162724061,-0.01787234367208279,0.029070041925375552,0.26732673267326734,0.693069306930693,short,0.693069306930693,0.10916207874267042
has_china&short_posts,148,-0.012407620995333171,-0.0171114524845547,0.04573149108814538,0.2635135135135135,0.722972972972973,short,0.722972972972973,0.10912931746782825
has_russia&has_exclamation,282,-0.009442533051831584,-0.013532712887400045,0.03477414260492069,0.2978723404255319,0.6879432624113475,short,0.6879432624113475,0.10908516413759423
attack_heavy&positive_heavy,247,-0.010011179731772103,-0.01631319784105567,0.04184916260457877,0.291497975708502,0.6923076923076923,short,0.6923076923076923,0.10892633519882876
has_positive&has_russia,275,-0.009536454030308311,-0.013748160968083067,0.0351238589609162,0.29818181818181816,0.6872727272727273,short,0.6872727272727273,0.10868819511749064
posts_high&open_deal,63,-0.018748197521909708,-0.017799297691375116,0.04704823757724174,0.23809523809523808,0.7301587301587301,short,0.7301587301587301,0.10865433980903637
has_action&uppercase_phrase_heavy,26,-0.027588684613859986,-0.027581013516651265,0.03868279250459705,0.23076923076923078,0.7692307692307693,short,0.7692307692307693,0.10821172400033008
pre_action&deal_only,29,-0.024275228611747003,-0.012160820006499984,0.028761854166783993,0.1724137931034483,0.8275862068965517,short,0.8275862068965517,0.1081871228732065
has_attack&pre_deal,128,-0.01326748542401336,-0.0157157370697536,0.03113027021453209,0.265625,0.71875,short,0.71875,0.10788758249505553
pre_deal&lots_of_excl,160,-0.01215719468416349,-0.015131001481455353,0.03160199825681634,0.28125,0.7,short,0.7,0.10764439044813434
has_russia&exclamation_heavy,277,-0.00941571161416652,-0.013748160968083067,0.03496921953898004,0.2996389891696751,0.6859205776173285,short,0.6859205776173285,0.10748970347400581
has_deal&pre_action,46,-0.0201809402508033,-0.012265971236171902,0.02997899885083419,0.21739130434782608,0.782608695652174,short,0.782608695652174,0.1071186230744474
has_positive&pre_deal,165,-0.011945616477969614,-0.013358720969806726,0.03167880745791923,0.28484848484848485,0.696969696969697,short,0.696969696969697,0.10694597287776511
attack_heavy&deal_over_tariff,138,-0.0126875511560214,-0.017717982468879567,0.03343352157068435,0.2608695652173913,0.717391304347826,short,0.717391304347826,0.10692357173089936
deal_only&volume_spike,52,-0.01926047710986686,-0.020493001665570165,0.028569179785963666,0.21153846153846154,0.7692307692307693,short,0.7692307692307693,0.10683790432234681
deal_over_tariff&volume_spike,68,-0.01759594545975621,-0.01967628262214738,0.02682687894100075,0.23529411764705882,0.7352941176470589,short,0.7352941176470589,0.10669109075467996
positive_heavy&has_china,255,-0.009757041130605095,-0.013257607742390376,0.04096480853478865,0.30196078431372547,0.6784313725490196,short,0.6784313725490196,0.10570466365626152
has_china&lots_of_excl,273,-0.00942676599801389,-0.012910869065896224,0.0406572104827425,0.304029304029304,0.6776556776556777,short,0.6776556776556777,0.10554875903144599
has_all_caps&deal_only,69,-0.01751782029366011,-0.015097697410155986,0.032013969323819495,0.2318840579710145,0.7246376811594203,short,0.7246376811594203,0.1054448870127736
positive_heavy&pre_deal,143,-0.012473207958887206,-0.016451273743520067,0.03269070012772042,0.27972027972027974,0.6993006993006993,short,0.6993006993006993,0.10430620494776278
has_action&deal_only,70,-0.017098473399349567,-0.01489117274725954,0.0354990441646706,0.2571428571428571,0.7285714285714285,short,0.7285714285714285,0.10422658137251309
has_all_caps&deal_over_tariff,84,-0.01618330007482199,-0.015774485576838027,0.031468996317302954,0.25,0.7023809523809523,short,0.7023809523809523,0.10417882518181715
has_deal&has_all_caps,95,-0.015093346750375087,-0.01631319784105567,0.03062405952680398,0.24210526315789474,0.7052631578947368,short,0.7052631578947368,0.10375249507687763
has_action&deal_over_tariff,87,-0.01585940752039742,-0.01237112246584382,0.035121178075830914,0.27586206896551724,0.7011494252873564,short,0.7011494252873564,0.10371872454608506
has_china&has_uppercase_phrase,128,-0.013444446861545159,-0.014415182400072335,0.03768423952873461,0.2890625,0.6796875,short,0.6796875,0.10338492255297098
deal_heavy&pre_action,27,-0.025569224220027786,-0.025817572606665062,0.035173924606364496,0.2222222222222222,0.7777777777777778,short,0.7777777777777778,0.10333678940482058
has_china&deal_only,94,-0.014714596412104944,-0.015774485576838027,0.04010828249273819,0.23404255319148937,0.723404255319149,short,0.723404255319149,0.10320324211306547
pre_action&deal_over_tariff,40,-0.021051124403545254,-0.012265971236171902,0.03149430051773602,0.225,0.775,short,0.775,0.10318272565527266
has_russia&pre_action,32,-0.022303511455643146,-0.02103632962851376,0.03039150230135667,0.1875,0.8125,short,0.8125,0.10251126726462124
has_deal&has_action,101,-0.014693457386038089,-0.012160820006499984,0.03358566758335761,0.27722772277227725,0.693069306930693,short,0.693069306930693,0.10234375586311485
has_relief&deal_only,36,-0.023613867628570102,-0.019684379850800238,0.047225599424877106,0.2777777777777778,0.7222222222222222,short,0.7222222222222222,0.10232675972380378
pre_action&short_posts,50,-0.018857177127874904,-0.013077569282040513,0.029292898754023713,0.24,0.76,short,0.76,0.10133868744078718
has_uppercase_phrase&deal_over_tariff,120,-0.013514374650973049,-0.01258616664377421,0.03991336293549636,0.2916666666666667,0.6833333333333333,short,0.6833333333333333,0.1011624139078239
open_deal&lots_of_excl,76,-0.016293820273679538,-0.017660750053069163,0.04481645708264222,0.2631578947368421,0.7105263157894737,short,0.7105263157894737,0.1009275858623132
open_deal&deal_over_tariff,77,-0.016398079576095338,-0.01763666724638402,0.044397031948979454,0.2727272727272727,0.7012987012987013,short,0.7012987012987013,0.10091166847143337
exclamation_heavy&volume_spike,134,-0.013254247827216195,-0.012965959426840257,0.02980169703830251,0.3208955223880597,0.6567164179104478,short,0.6567164179104478,0.10075935058430928
pre_deal&pre_action,32,-0.021908443302725414,-0.016691287697588875,0.02812960181678924,0.1875,0.8125,short,0.8125,0.10069545735988793
open_deal&deal_only,60,-0.01766308408616041,-0.017660750053069163,0.04907661661862697,0.25,0.7333333333333333,short,0.7333333333333333,0.10033295141226209
has_attack&has_russia,246,-0.009256468759390398,-0.013306276904719527,0.03610324725322212,0.2967479674796748,0.6910569105691057,short,0.6910569105691057,0.10032905174515531
has_russia&lots_of_excl,258,-0.00910128645885316,-0.014151480820178974,0.03550057314157508,0.29844961240310075,0.686046511627907,short,0.686046511627907,0.10029197810424385
has_china&open_deal,44,-0.021382651765654723,-0.020865344336700342,0.0359231174868267,0.2727272727272727,0.7045454545454546,short,0.7045454545454546,0.09993023730976003
has_uppercase_phrase&deal_only,99,-0.014193969629946939,-0.014563162080280523,0.04169936804763004,0.26262626262626265,0.7070707070707071,short,0.7070707070707071,0.09985833358716234
deal_heavy&has_action,55,-0.0194796666772391,-0.015293143430342937,0.036686253153275915,0.2727272727272727,0.6909090909090909,short,0.6909090909090909,0.09981223331914546
has_deal&attack_heavy,159,-0.011127413542238286,-0.016451273743520067,0.03293871653515613,0.27044025157232704,0.7044025157232704,short,0.7044025157232704,0.09883566509167259
has_relief&has_attack,76,-0.01686478889759126,-0.01320196750334185,0.040032448786991526,0.32894736842105265,0.6710526315789473,short,0.6710526315789473,0.09866072199858154
attack_heavy&volume_spike,98,-0.014274968475768427,-0.013789108627026425,0.02777125341337342,0.2755102040816326,0.6938775510204082,short,0.6938775510204082,0.09805529095856047
has_china&has_russia,116,-0.013184513475535838,-0.01570544762560583,0.03141513393833987,0.29310344827586204,0.6896551724137931,short,0.6896551724137931,0.09793210754158099
has_attack&open_deal,71,-0.01680504701429302,-0.01763666724638402,0.04501753031146049,0.28169014084507044,0.6901408450704225,short,0.6901408450704225,0.09772521565207684
positive_heavy&open_deal,70,-0.01663359600224118,-0.01903282851820942,0.04653471559939356,0.2714285714285714,0.7,short,0.7,0.09741665410814539
deal_heavy&has_uppercase_phrase,66,-0.017982802943574808,-0.01742213163393702,0.03557118804997102,0.30303030303030304,0.6666666666666666,short,0.6666666666666666,0.09739532115773489
has_exclamation&volume_drop,170,-0.010757332897461341,-0.012831259541259077,0.028283277958584777,0.3,0.6941176470588235,short,0.6941176470588235,0.0973558729276009
has_uppercase_phrase&volume_spike,80,-0.016299988147451934,-0.01671897301962999,0.03275658489766722,0.3125,0.6625,short,0.6625,0.09658688605487997
volume_spike,176,-0.011142301016998361,-0.01638223579228787,0.04265514269940387,0.32954545454545453,0.6534090909090909,short,0.6534090909090909,0.09658649213810408
deal_heavy&has_relief,34,-0.023460382285394193,-0.013832132948093379,0.045776590207897795,0.29411764705882354,0.7058823529411765,short,0.7058823529411765,0.09656213685233958
has_attack&uppercase_phrase_heavy,43,-0.021106001116880622,-0.024725315932445535,0.03363128137264646,0.27906976744186046,0.6976744186046512,short,0.6976744186046512,0.09655904987287955
has_action&has_china,88,-0.015595593994199413,-0.012265971236171902,0.03736172725224419,0.3181818181818182,0.6590909090909091,short,0.6590909090909091,0.09642476253508256
uppercase_phrase_heavy,48,-0.02011167284466062,-0.01902129036958128,0.03409430174873909,0.2916666666666667,0.6875,short,0.6875,0.09579470777842758
uppercase_phrase_heavy&lots_of_excl,48,-0.02011167284466062,-0.01902129036958128,0.03409430174873909,0.2916666666666667,0.6875,short,0.6875,0.09579470777842758
has_uppercase_phrase&uppercase_phrase_heavy,48,-0.02011167284466062,-0.01902129036958128,0.03409430174873909,0.2916666666666667,0.6875,short,0.6875,0.09579470777842758
has_positive&uppercase_phrase_heavy,48,-0.02011167284466062,-0.01902129036958128,0.03409430174873909,0.2916666666666667,0.6875,short,0.6875,0.09579470777842758
uppercase_phrase_heavy&exclamation_heavy,48,-0.02011167284466062,-0.01902129036958128,0.03409430174873909,0.2916666666666667,0.6875,short,0.6875,0.09579470777842758
has_night_post&uppercase_phrase_heavy,48,-0.02011167284466062,-0.01902129036958128,0.03409430174873909,0.2916666666666667,0.6875,short,0.6875,0.09579470777842758
uppercase_phrase_heavy&has_exclamation,48,-0.02011167284466062,-0.01902129036958128,0.03409430174873909,0.2916666666666667,0.6875,short,0.6875,0.09579470777842758
posts_high&volume_spike,122,-0.013026423356943255,-0.012965959426840257,0.02933838554585627,0.3114754098360656,0.6639344262295082,short,0.6639344262295082,0.09552791350781024
attack_heavy&has_russia,146,-0.011284671326625454,-0.016326525922367385,0.03441668077565009,0.2808219178082192,0.6986301369863014,short,0.6986301369863014,0.0952604564967467
attack_heavy&short_posts,141,-0.010999072158184514,-0.01787234367208279,0.048990021616425475,0.2624113475177305,0.723404255319149,short,0.723404255319149,0.09448147542923639
has_deal&has_uppercase_phrase,139,-0.011973519155740686,-0.011128803193308112,0.03820572185229367,0.302158273381295,0.6690647482014388,short,0.6690647482014388,0.09444899949405598
has_all_caps&volume_spike,48,-0.018689636145954768,-0.023980536914091743,0.031581756656953765,0.20833333333333334,0.7291666666666666,short,0.7291666666666666,0.09441658152432751
pre_relief&deal_over_tariff,24,-0.025661671866729182,-0.013832132948093379,0.04004070605548137,0.25,0.75,short,0.75,0.09428700303033116
posts_very_high&volume_spike,90,-0.01490523470128076,-0.01671897301962999,0.03190910501135841,0.3,0.6666666666666666,short,0.6666666666666666,0.0942689814308533
attack_heavy&deal_only,113,-0.012184535629011955,-0.01763666724638402,0.03503330219718318,0.25663716814159293,0.7256637168141593,short,0.7256637168141593,0.09399042488975506
uppercase_phrase_heavy&short_posts,33,-0.022493908777787314,-0.024725315932445535,0.036612190703592576,0.24242424242424243,0.7272727272727273,short,0.7272727272727273,0.09397648591964428
has_deal&volume_spike,85,-0.014439090577461592,-0.016451273743520067,0.027528623716403095,0.25882352941176473,0.7058823529411765,short,0.7058823529411765,0.09396835588361363
has_night_post&volume_drop,133,-0.011587373613682903,-0.01275165001662193,0.027943208090542997,0.3007518796992481,0.6992481203007519,short,0.6992481203007519,0.09344200278353412
has_china&deal_over_tariff,127,-0.01210378105512623,-0.012160820006499984,0.03810999921362997,0.28346456692913385,0.6850393700787402,short,0.6850393700787402,0.09344120949797917
open_deal&has_night_post,75,-0.015455784518520688,-0.013295289002722033,0.04512369102975201,0.28,0.6933333333333334,short,0.6933333333333334,0.09280337406396962
has_attack&volume_spike,123,-0.012812761562942625,-0.01237112246584382,0.029228571462860158,0.3252032520325203,0.6504065040650406,short,0.6504065040650406,0.09242302430031518
exclamation_heavy&volume_drop,114,-0.012173981571389726,-0.013092685286613226,0.02841369789622753,0.2894736842105263,0.7105263157894737,short,0.7105263157894737,0.09235602512278714
has_attack&sig_potus,50,-0.01718107990309545,-0.022626188640902767,0.025269275061197093,0.2,0.76,short,0.76,0.09233132161765896
has_positive&volume_spike,142,-0.01196455260320269,-0.012389058764412098,0.0299410643122541,0.3380281690140845,0.6408450704225352,short,0.6408450704225352,0.09136790849520716
has_china&pre_action,44,-0.018359697105968662,-0.012844193636280421,0.033761425021745554,0.25,0.75,short,0.75,0.09133833984760793
posts_high&pre_deal,112,-0.0126690307492378,-0.015807789648137394,0.03575290810132017,0.30357142857142855,0.6785714285714286,short,0.6785714285714286,0.09098042708279386
open_deal,82,-0.014711444234455785,-0.013356077779987374,0.04397782722864494,0.2926829268292683,0.6829268292682927,short,0.6829268292682927,0.09097800530425348
open_deal&has_exclamation,82,-0.014711444234455785,-0.013356077779987374,0.04397782722864494,0.2926829268292683,0.6829268292682927,short,0.6829268292682927,0.09097800530425348
has_deal&open_deal,82,-0.014711444234455785,-0.013356077779987374,0.04397782722864494,0.2926829268292683,0.6829268292682927,short,0.6829268292682927,0.09097800530425348
uppercase_phrase_heavy&volume_spike,24,-0.0247580479637752,-0.02712678292953996,0.029574578377942674,0.20833333333333334,0.75,short,0.75,0.09096687680790194
lots_of_excl&volume_spike,134,-0.012213586327984204,-0.012265971236171902,0.029440014016868625,0.3358208955223881,0.6417910447761194,short,0.6417910447761194,0.09073801168997656
posts_very_high&pre_deal,75,-0.014800576993547447,-0.016986672295739913,0.03647083366487435,0.26666666666666666,0.7066666666666667,short,0.7066666666666667,0.09057824138069584
open_deal&exclamation_heavy,80,-0.014695531666914886,-0.013356077779987374,0.04441678309996158,0.2875,0.6875,short,0.6875,0.09036557137498684
open_deal&has_uppercase_phrase,39,-0.020879286338596422,-0.01237112246584382,0.036169205152140345,0.28205128205128205,0.6923076923076923,short,0.6923076923076923,0.09027076250251502
has_russia&pre_deal,69,-0.014954405557328314,-0.016986672295739913,0.026422641720355182,0.2463768115942029,0.7246376811594203,short,0.7246376811594203,0.09001494352047686
has_russia&has_uppercase_phrase,114,-0.0127692792403004,-0.01275782053347102,0.03297354669211131,0.32456140350877194,0.6578947368421053,short,0.6578947368421053,0.08969644320442521
posts_very_high&uppercase_phrase_heavy,39,-0.02073728823828435,-0.024725315932445535,0.036161205219894035,0.28205128205128205,0.6923076923076923,short,0.6923076923076923,0.08965683937405136
sig_potus&exclamation_heavy,59,-0.015912703262613074,-0.022542831069453317,0.02624764842509677,0.23728813559322035,0.7288135593220338,short,0.7288135593220338,0.08908127286638574
posts_high&has_russia,171,-0.00978147777058298,-0.015293143430342937,0.041032232009130754,0.28654970760233917,0.695906432748538,short,0.695906432748538,0.08901298774271627
posts_high&uppercase_phrase_heavy,44,-0.01956379050014226,-0.01902129036958128,0.03449146931457643,0.29545454545454547,0.6818181818181818,short,0.6818181818181818,0.08848057168103356
open_deal&has_all_caps,28,-0.0246073436816433,-0.01686213939637843,0.037835975754698506,0.25,0.6785714285714286,short,0.6785714285714286,0.08835666602449788
has_uppercase_phrase&volume_drop,30,-0.021026488979488077,-0.020339772260746514,0.03294843959829644,0.23333333333333334,0.7666666666666667,short,0.7666666666666667,0.0882945644471954
sig_potus&has_exclamation,61,-0.015594624168877292,-0.022079096011491828,0.025917672337284505,0.2459016393442623,0.7213114754098361,short,0.7213114754098361,0.0878542289816039
sig_potus,61,-0.015594624168877292,-0.022079096011491828,0.025917672337284505,0.2459016393442623,0.7213114754098361,short,0.7213114754098361,0.0878542289816039
short_posts&china_streak_3d,44,-0.017123109514294493,-0.017992396074788364,0.045048080038987436,0.22727272727272727,0.7727272727272727,short,0.7727272727272727,0.0877678001411229
attack_heavy&has_china,144,-0.01040261888103821,-0.015131001481455353,0.04188154899036549,0.2777777777777778,0.7013888888888888,short,0.7013888888888888,0.08755537558207159
has_night_post&sig_potus,59,-0.015628039855323437,-0.022079096011491828,0.026160717059892473,0.23728813559322035,0.7288135593220338,short,0.7288135593220338,0.08748769204976722
has_positive&open_deal,80,-0.014476704456103833,-0.013356077779987374,0.044469185028110376,0.3,0.675,short,0.675,0.0874014171858602
has_iran&open_deal,22,-0.024113351197954856,-0.023123281198349943,0.03295017142285106,0.18181818181818182,0.7727272727272727,short,0.7727272727272727,0.08739672373535268
has_deal&has_china,159,-0.01029594199775065,-0.011314196434336954,0.03592388224936415,0.29559748427672955,0.6729559748427673,short,0.6729559748427673,0.08736778046722662
has_all_caps&uppercase_phrase_heavy,40,-0.019728059456773535,-0.01902129036958128,0.03560190432123064,0.275,0.7,short,0.7,0.08733984237807987
positive_heavy&volume_spike,127,-0.012087814926128895,-0.011314196434336954,0.02993875858803956,0.33858267716535434,0.6377952755905512,short,0.6377952755905512,0.08688223020047364
has_china&has_iran,45,-0.018211719966001808,-0.014267202719864147,0.031379582586926795,0.24444444444444444,0.7111111111111111,short,0.7111111111111111,0.08687497350649644
has_positive&volume_drop,135,-0.010869890009210032,-0.013257607742390376,0.027286344117258502,0.31851851851851853,0.6814814814814815,short,0.6814814814814815,0.08606886831625488
positive_heavy&has_russia,216,-0.008594982891631256,-0.014765203757287848,0.03779491269281085,0.3055555555555556,0.6805555555555556,short,0.6805555555555556,0.08596773326582795
posts_very_high&has_china,130,-0.010730687790351454,-0.0171114524845547,0.05160812938552327,0.27692307692307694,0.7,short,0.7,0.08564406559079069
deal_heavy&volume_spike,52,-0.0171081862626836,-0.014411198104681944,0.030493746833575724,0.25,0.6923076923076923,short,0.6923076923076923,0.08540922849271526
has_action&has_russia,78,-0.014153712233811264,-0.01619137354565725,0.036043844649614146,0.2948717948717949,0.6794871794871795,short,0.6794871794871795,0.08493739354425028
has_iran&has_russia,57,-0.016364786018748852,-0.015293143430342937,0.02886126766687637,0.2807017543859649,0.6842105263157895,short,0.6842105263157895,0.08453518553328612
posts_very_high&attack_heavy,158,-0.009748313414420229,-0.013930913938349498,0.0456555744564355,0.2848101265822785,0.689873417721519,short,0.689873417721519,0.08453322502344296
posts_very_high&has_relief,49,-0.01791293196648153,-0.01237112246584382,0.043266449010597584,0.32653061224489793,0.673469387755102,short,0.673469387755102,0.08444667927055578
has_china&uppercase_phrase_heavy,36,-0.020991419578880403,-0.01902129036958128,0.03578897234286566,0.3055555555555556,0.6666666666666666,short,0.6666666666666666,0.08396567831552161
has_relief&positive_heavy,85,-0.013709039546721681,-0.012406995062980375,0.04335305903909624,0.3411764705882353,0.6588235294117647,short,0.6588235294117647,0.08326943030348312
posts_very_high&has_russia,118,-0.011163314839844698,-0.013306276904719527,0.03775747590227389,0.288135593220339,0.6864406779661016,short,0.6864406779661016,0.08324098077466659
has_deal&pre_relief,25,-0.023118777650514358,-0.01237112246584382,0.0412081726570556,0.28,0.72,short,0.72,0.08322759954185169
has_exclamation&volume_spike,151,-0.010572966289272078,-0.01237112246584382,0.03781051228919237,0.3443708609271523,0.6357615894039735,short,0.6357615894039735,0.08259991623538704
uppercase_phrase_heavy&deal_over_tariff,26,-0.023372286045950305,-0.010650526437897379,0.03912192672854787,0.2692307692307692,0.6923076923076923,short,0.6923076923076923,0.08250628335616589
deal_heavy&attack_heavy,77,-0.01391274998450937,-0.016451273743520067,0.027588196106637975,0.2857142857142857,0.6753246753246753,short,0.6753246753246753,0.08244626043542236
has_attack&pre_relief,35,-0.020283295279783408,-0.015293143430342937,0.03681235789366764,0.3142857142857143,0.6857142857142857,short,0.6857142857142857,0.08228406386699416
has_relief&deal_over_tariff,47,-0.018068262514972705,-0.01237112246584382,0.04509379742232326,0.3404255319148936,0.6595744680851063,short,0.6595744680851063,0.08170133570197483
posts_high&has_relief,65,-0.015663281159928485,-0.01237112246584382,0.04368022524300619,0.35384615384615387,0.6461538461538462,short,0.6461538461538462,0.08159721870165092
has_russia&volume_spike,84,-0.01357956772904321,-0.017163870983672114,0.029888658898161682,0.30952380952380953,0.6547619047619048,short,0.6547619047619048,0.08149087705408584
has_positive&sig_potus,58,-0.015129828677083942,-0.020976283300208176,0.026469744350166784,0.25862068965517243,0.7068965517241379,short,0.7068965517241379,0.08145239716803174
has_deal&uppercase_phrase_heavy,29,-0.021914285019822257,-0.010700355985851284,0.03813146812193984,0.27586206896551724,0.6896551724137931,short,0.6896551724137931,0.08138761135328391
has_night_post&volume_spike,151,-0.010491206360751727,-0.012160820006499984,0.034245814385413006,0.3509933774834437,0.6291390728476821,short,0.6291390728476821,0.08110741522218015
has_relief&exclamation_heavy,91,-0.012982588277019765,-0.012406995062980375,0.042359041257630764,0.3516483516483517,0.6483516483516484,short,0.6483516483516484,0.08029575755000097
has_relief&has_night_post,91,-0.012982588277019765,-0.012406995062980375,0.042359041257630764,0.3516483516483517,0.6483516483516484,short,0.6483516483516484,0.08029575755000097
has_relief&short_posts,47,-0.018286307741829617,-0.01237112246584382,0.04237983916593856,0.3617021276595745,0.6382978723404256,short,0.6382978723404256,0.08001996369869581
open_deal&short_posts,42,-0.017135911398292552,-0.013062446886512036,0.05338035713555709,0.2619047619047619,0.7142857142857143,short,0.7142857142857143,0.07932385600230406
has_russia&short_posts,141,-0.009670772163776542,-0.013295289002722033,0.037238580265335934,0.2907801418439716,0.6879432624113475,short,0.6879432624113475,0.078999315752434
has_relief&has_positive,92,-0.012833232236068231,-0.012389058764412098,0.04215000814308995,0.358695652173913,0.6413043478260869,short,0.6413043478260869,0.07893946005478285
has_attack&volume_drop,76,-0.012728703467163597,-0.0130842384041433,0.025330418377331288,0.27631578947368424,0.7105263157894737,short,0.7105263157894737,0.07884445087278272
positive_heavy&has_iran,91,-0.012056839893693962,-0.013536366458805627,0.029992409506438014,0.2857142857142857,0.6813186813186813,short,0.6813186813186813,0.07836181512392837
has_attack&has_market_brag,130,-0.009997713441667527,-0.01138775163161837,0.022681319628409878,0.2846153846153846,0.6846153846153846,short,0.6846153846153846,0.07804031526385884
deal_heavy&uppercase_phrase_heavy,22,-0.026082635507369164,-0.027536442842253928,0.04246651026237827,0.3181818181818182,0.6363636363636364,short,0.6363636363636364,0.0778517120445874
has_russia&sig_potus,35,-0.01637870856170115,-0.022542831069453317,0.02512042593976699,0.2,0.8,short,0.8,0.07751819727612862
has_iran&deal_only,59,-0.012845916517895076,-0.012102862646013346,0.029218188074700693,0.2033898305084746,0.7796610169491526,short,0.7796610169491526,0.0769302105727055
positive_heavy&pre_relief,42,-0.017180695465271113,-0.014431976631617383,0.038461005997572545,0.30952380952380953,0.6904761904761905,short,0.6904761904761905,0.07688012708412577
has_positive&pre_relief,42,-0.017180695465271113,-0.014431976631617383,0.038461005997572545,0.30952380952380953,0.6904761904761905,short,0.6904761904761905,0.07688012708412577
pre_relief&has_night_post,42,-0.017180695465271113,-0.014431976631617383,0.038461005997572545,0.30952380952380953,0.6904761904761905,short,0.6904761904761905,0.07688012708412577
pre_relief&exclamation_heavy,42,-0.017180695465271113,-0.014431976631617383,0.038461005997572545,0.30952380952380953,0.6904761904761905,short,0.6904761904761905,0.07688012708412577
has_positive&has_iran,112,-0.010987486862937282,-0.01130257342651253,0.030008377800661894,0.3125,0.6607142857142857,short,0.6607142857142857,0.0768282741141491
has_positive&high_emotion,26,-0.017024131336607958,-0.013885973506150617,0.028194274027200716,0.11538461538461539,0.8846153846153846,short,0.8846153846153846,0.07679025736186919
has_iran&has_night_post,109,-0.010960494899755818,-0.011904790867173776,0.03229627707150991,0.30275229357798167,0.6697247706422018,short,0.6697247706422018,0.07663722583233498
sig_potus&lots_of_excl,55,-0.014455948095966346,-0.019873470588924524,0.026190933965181094,0.2545454545454545,0.7090909090909091,short,0.7090909090909091,0.07602034610099496
pre_relief&lots_of_excl,41,-0.01717421445034456,-0.013570809832891828,0.03893877757006405,0.3170731707317073,0.6829268292682927,short,0.6829268292682927,0.07510052698937512
positive_heavy&sig_potus,50,-0.014748992341293716,-0.022310963540472573,0.02584586046343506,0.24,0.72,short,0.72,0.07508961000142014
attack_heavy&pre_deal,88,-0.011732381085264849,-0.015131001481455353,0.03180614217569284,0.29545454545454547,0.6818181818181818,short,0.6818181818181818,0.0750405615580644
has_attack&has_iran,88,-0.012048567527730081,-0.012017122942421077,0.030411843820307812,0.3068181818181818,0.6590909090909091,short,0.6590909090909091,0.07449413361115899
deal_heavy&pre_deal,95,-0.011886751976345573,-0.01237112246584382,0.0310233074709334,0.3368421052631579,0.6421052631578947,short,0.6421052631578947,0.07439285624644947
has_iran&deal_over_tariff,68,-0.012025524200307277,-0.012017122942421077,0.028189225925211402,0.22058823529411764,0.75,short,0.75,0.07437375972193237
has_relief&has_action,29,-0.020967753838085686,-0.012406995062980375,0.04050961928960378,0.3448275862068966,0.6551724137931034,short,0.6551724137931034,0.07397866865575348
sig_potus&short_posts,29,-0.01810498080997119,-0.02309920277786337,0.028950812315590258,0.20689655172413793,0.7586206896551724,short,0.7586206896551724,0.07396423175232596
has_china&pre_relief,20,-0.02357095511765398,-0.012265971236171902,0.040896080656387744,0.3,0.7,short,0.7,0.0737887611127392
sig_potus&deal_over_tariff,24,-0.018968903631960413,-0.024245623468055644,0.020972436875512823,0.16666666666666666,0.7916666666666666,short,0.7916666666666666,0.0735682135573552
has_deal&has_iran,77,-0.011497565880699966,-0.012102862646013346,0.027550853643141766,0.23376623376623376,0.7272727272727273,short,0.7272727272727273,0.07337507719624506
pre_deal&has_uppercase_phrase,71,-0.013353353881622154,-0.0128012108217046,0.03358341923795599,0.323943661971831,0.647887323943662,short,0.647887323943662,0.07289857112557199
has_iran&exclamation_heavy,115,-0.010071742070934336,-0.010700355985851284,0.03213579131029494,0.30434782608695654,0.6695652173913044,short,0.6695652173913044,0.07231799889546944
has_china&volume_spike,76,-0.012846592773940802,-0.011737508220418469,0.03032906322143786,0.32894736842105265,0.6447368421052632,short,0.6447368421052632,0.0722066574697622
has_relief&attack_heavy,47,-0.016427371874569666,-0.01237112246584382,0.034888494246238036,0.3617021276595745,0.6382978723404256,short,0.6382978723404256,0.0718853537645057
posts_high&has_iran,76,-0.01203953982788659,-0.012236992555928583,0.030864563307607628,0.27631578947368424,0.6842105263157895,short,0.6842105263157895,0.07181355649203994
short_posts&volume_spike,102,-0.010593005293223252,-0.017932719666966856,0.04962470859756544,0.3137254901960784,0.6666666666666666,short,0.6666666666666666,0.07132273951400257
has_relief&lots_of_excl,88,-0.01192615206952945,-0.012265971236171902,0.04230222293891553,0.36363636363636365,0.6363636363636364,short,0.6363636363636364,0.07119459660850949
has_relief,93,-0.011608293723999689,-0.01237112246584382,0.04355291241922856,0.3655913978494624,0.6344086021505376,short,0.6344086021505376,0.07101971511517721
has_relief&has_exclamation,93,-0.011608293723999689,-0.01237112246584382,0.04355291241922856,0.3655913978494624,0.6344086021505376,short,0.6344086021505376,0.07101971511517721
lots_of_excl&has_chips,31,-0.016462794171708928,-0.022009525974575284,0.027239979001260385,0.16129032258064516,0.7741935483870968,short,0.7741935483870968,0.07096332286594587
exclamation_heavy&has_chips,31,-0.016462794171708928,-0.022009525974575284,0.027239979001260385,0.16129032258064516,0.7741935483870968,short,0.7741935483870968,0.07096332286594587
deal_heavy&has_iran,42,-0.01530839684227346,-0.01786106661018888,0.031717082602602795,0.23809523809523808,0.7142857142857143,short,0.7142857142857143,0.07086410745935713
has_china&sig_potus,27,-0.018367330377302312,-0.024725315932445535,0.02496345593205056,0.2222222222222222,0.7407407407407407,short,0.7407407407407407,0.07069588758420187
posts_very_high&has_iran,51,-0.014422246241459798,-0.01237112246584382,0.03146979228682477,0.27450980392156865,0.6862745098039216,short,0.6862745098039216,0.07068314462602392
deal_heavy&has_russia,64,-0.0134599773362811,-0.02138437785990599,0.029682252377270738,0.296875,0.65625,short,0.65625,0.07066488101547577
has_market_brag&has_night_post,151,-0.008566035192427658,-0.010556588855263005,0.023007550030158874,0.304635761589404,0.6688741721854304,short,0.6688741721854304,0.07040649982795469
has_deal&has_relief,50,-0.015452269782926473,-0.010544703320169102,0.04523520725144821,0.36,0.64,short,0.64,0.06992899038868026
attack_heavy&has_market_brag,76,-0.011561832098410711,-0.013789108627026425,0.022544001734741942,0.27631578947368424,0.6842105263157895,short,0.6842105263157895,0.06896412108937289
lots_of_excl&volume_drop,83,-0.010777432863835932,-0.012560397067585383,0.027960477222295922,0.30120481927710846,0.6987951807228916,short,0.6987951807228916,0.06861266268747618
has_action&pre_deal,57,-0.012916974817020869,-0.012675088944923196,0.033298308890513,0.2631578947368421,0.7017543859649122,short,0.7017543859649122,0.06843580440215385
has_positive&has_market_brag,164,-0.008003151985997452,-0.010628472420557145,0.024129584246739506,0.31097560975609756,0.6646341463414634,short,0.6646341463414634,0.06811858821776225
positive_heavy&has_market_brag,140,-0.008751298864635385,-0.011459851642602659,0.02476137720838046,0.3142857142857143,0.6571428571428571,short,0.6571428571428571,0.06804501672259637
has_deal&sig_potus,26,-0.0173473996555197,-0.024245623468055644,0.023237909046350484,0.19230769230769232,0.7692307692307693,short,0.7692307692307693,0.06804209950275977
has_night_post&has_chips,30,-0.016193101760147984,-0.019428369260054312,0.027663527003918553,0.16666666666666666,0.7666666666666667,short,0.7666666666666667,0.06799817451007407
positive_heavy&has_chips,30,-0.016193101760147984,-0.019428369260054312,0.027663527003918553,0.16666666666666666,0.7666666666666667,short,0.7666666666666667,0.06799817451007407
has_iran&short_posts,46,-0.013932212074007341,-0.012236992555928583,0.03882873630352735,0.2391304347826087,0.717391304347826,short,0.717391304347826,0.06778835585796512
has_market_brag&exclamation_heavy,166,-0.007902623485427696,-0.010401625788230229,0.02403860946303999,0.3132530120481928,0.6626506024096386,short,0.6626506024096386,0.06746987909941311
has_relief&has_uppercase_phrase,41,-0.017978460554079166,-0.01145839645630553,0.04071662657025917,0.4146341463414634,0.5853658536585366,short,0.5853658536585366,0.06738633162471495
has_iran&has_exclamation,118,-0.009359846173190856,-0.010460245277196356,0.032501554374153606,0.3135593220338983,0.6610169491525424,short,0.6610169491525424,0.0672082071528836
has_iran,118,-0.009359846173190856,-0.010460245277196356,0.032501554374153606,0.3135593220338983,0.6610169491525424,short,0.6610169491525424,0.0672082071528836
deal_heavy&has_all_caps,50,-0.01482226424158457,-0.013629258708327985,0.03517749054542791,0.3,0.64,short,0.64,0.0670779107696853
has_exclamation&has_chips,32,-0.015760455787162782,-0.019428369260054312,0.02708994972097219,0.1875,0.75,short,0.75,0.06686595097016143
has_chips,32,-0.015760455787162782,-0.019428369260054312,0.02708994972097219,0.1875,0.75,short,0.75,0.06686595097016143
has_market_brag,169,-0.007758554632225605,-0.010518432675360345,0.024053890272578517,0.3136094674556213,0.6627218934911243,short,0.6627218934911243,0.06684293221609752
has_market_brag&has_exclamation,169,-0.007758554632225605,-0.010518432675360345,0.024053890272578517,0.3136094674556213,0.6627218934911243,short,0.6627218934911243,0.06684293221609752
has_iran&volume_spike,39,-0.01664270681996414,-0.019062729802177936,0.03565096088544828,0.3076923076923077,0.6410256410256411,short,0.6410256410256411,0.06662414793500476
has_iran&lots_of_excl,110,-0.00953065204481788,-0.01010622839702463,0.032059375770195055,0.3090909090909091,0.6636363636363637,short,0.6636363636363637,0.06633597728371124
has_russia&uppercase_phrase_heavy,26,-0.01876337471942385,-0.01902129036958128,0.0267846360490094,0.2692307692307692,0.6923076923076923,short,0.6923076923076923,0.06623640957821243
posts_high&has_market_brag,106,-0.009854506528946075,-0.011015717888002263,0.023780249149008476,0.3113207547169811,0.6509433962264151,short,0.6509433962264151,0.06604364581730149
has_attack&china_streak_3d,58,-0.012238286084305756,-0.016574501942128783,0.04621520441037541,0.29310344827586204,0.7068965517241379,short,0.7068965517241379,0.0658855932919258
posts_high&pre_relief,31,-0.01808221474055712,-0.01145839645630553,0.03891542093116731,0.3548387096774194,0.6451612903225806,short,0.6451612903225806,0.06495323279581525
has_positive&has_chips,31,-0.015476807053892639,-0.01684721254553334,0.027489400200425233,0.1935483870967742,0.7419354838709677,short,0.7419354838709677,0.06393348192246368
has_relief&pre_relief,43,-0.014430306050118153,-0.013570809832891828,0.042063147429600656,0.32558139534883723,0.6744186046511628,short,0.6744186046511628,0.06381743022104365
pre_relief,43,-0.014430306050118153,-0.013570809832891828,0.042063147429600656,0.32558139534883723,0.6744186046511628,short,0.6744186046511628,0.06381743022104365
pre_relief&has_exclamation,43,-0.014430306050118153,-0.013570809832891828,0.042063147429600656,0.32558139534883723,0.6744186046511628,short,0.6744186046511628,0.06381743022104365
posts_high&sig_potus,42,-0.013780918523991574,-0.018913429943279436,0.026649954704068637,0.23809523809523808,0.7142857142857143,short,0.7142857142857143,0.06379325681419641
open_deal&volume_spike,26,-0.01785602243310437,-0.011737508220418469,0.03353692272119874,0.2692307692307692,0.6923076923076923,short,0.6923076923076923,0.06303337395338056
posts_very_high&pre_relief,22,-0.019659020074869794,-0.011809608231402757,0.04138345388955744,0.3181818181818182,0.6818181818181818,short,0.6818181818181818,0.06286975744217349
posts_very_high&has_market_brag,62,-0.011633635008942792,-0.012190436250937686,0.02467475198496981,0.27419354838709675,0.6774193548387096,short,0.6774193548387096,0.06205387119160307
has_attack&has_chips,27,-0.016114690388718673,-0.022542831069453317,0.02902747344921663,0.18518518518518517,0.7407407407407407,short,0.7407407407407407,0.06202547222556133
deal_heavy&has_china,83,-0.01074093509899905,-0.010600696889943473,0.035124422669684414,0.3493975903614458,0.6265060240963856,short,0.6265060240963856,0.06130648122242396
posts_high&has_chips,23,-0.016992292926940065,-0.022009525974575284,0.029928461233446647,0.17391304347826086,0.7391304347826086,short,0.7391304347826086,0.06023334605350041
has_market_brag&lots_of_excl,159,-0.007260849213074114,-0.009990047870448104,0.02413528727395291,0.32075471698113206,0.6540880503144654,short,0.6540880503144654,0.05988557101372315
attack_heavy&sig_potus,31,-0.01512554579752306,-0.022079096011491828,0.02777409739001817,0.25806451612903225,0.7096774193548387,short,0.7096774193548387,0.05976582086824679
has_russia&has_all_caps,74,-0.010923935876936637,-0.01570544762560583,0.04080281478597977,0.3108108108108108,0.6351351351351351,short,0.6351351351351351,0.05968444231969051
all_caps_heavy&short_posts,25,-0.016431461203825982,-0.015097697410155986,0.03129460532166886,0.24,0.72,short,0.72,0.05915326033377353
has_market_brag&has_all_caps,53,-0.012235869985376126,-0.013061212033641634,0.026977629430165524,0.2830188679245283,0.660377358490566,short,0.660377358490566,0.058825410055793566
posts_very_high&sig_potus,31,-0.014847044991365913,-0.017953389297634348,0.029586823084747492,0.25806451612903225,0.7096774193548387,short,0.7096774193548387,0.05866537599734659
has_market_brag&short_posts,80,-0.009817538614926995,-0.010280715400185436,0.023679378745559927,0.3125,0.65,short,0.65,0.05707697765823533
has_china&pre_deal,82,-0.009196749685027875,-0.01041041572924245,0.030762369125901325,0.2926829268292683,0.6829268292682927,short,0.6829268292682927,0.05687422174817559
has_night_post&tariff_only,48,-0.010877703051920568,-0.014849903417728072,0.026441325594514908,0.25,0.75,short,0.75,0.05652220306672037
has_russia&open_deal,34,-0.014755503247853081,-0.017298493943043947,0.027377472376515603,0.3235294117647059,0.6470588235294118,short,0.6470588235294118,0.05567205446159495
has_russia&volume_drop,26,-0.014182341321416932,-0.018489938785052507,0.028719499108017594,0.23076923076923078,0.7692307692307693,short,0.7692307692307693,0.055627719343337094
pre_deal&volume_spike,49,-0.012091419790459029,-0.01237112246584382,0.02870072468267304,0.30612244897959184,0.6530612244897959,short,0.6530612244897959,0.05527506189924127
has_market_brag&has_china,70,-0.009822003079860702,-0.010371677055430906,0.023464249285255256,0.2857142857142857,0.6714285714285714,short,0.6714285714285714,0.055175833685494176
has_uppercase_phrase&china_streak_3d,33,-0.013126676072419692,-0.017341069671604314,0.04372257221980855,0.2727272727272727,0.7272727272727273,short,0.7272727272727273,0.05484146402823759
has_attack&all_caps_heavy,25,-0.016071556435248536,-0.020428989790034824,0.032085510433478355,0.28,0.68,short,0.68,0.05464329187984503
pre_deal&has_all_caps,48,-0.011773207142203689,-0.01716180870780143,0.02623516496453348,0.2916666666666667,0.6666666666666666,short,0.6666666666666666,0.054378114502212194
attack_heavy&has_iran,50,-0.01160665310038021,-0.014682450065010066,0.030429931916670813,0.3,0.66,short,0.66,0.05416714455344751
has_iran&has_uppercase_phrase,54,-0.011683836492068009,-0.009847924776526795,0.03255471851033709,0.35185185185185186,0.6296296296296297,short,0.6296296296296297,0.05405893777138872
has_relief&has_russia,37,-0.014295617152090583,-0.013108646003961666,0.03734540519030891,0.3783783783783784,0.6216216216216216,short,0.6216216216216216,0.054054254602302114
china_streak_3d,79,-0.008891745740444624,-0.013570809832891828,0.04701826121498139,0.31645569620253167,0.6835443037974683,short,0.6835443037974683,0.05402157597369768
has_exclamation&china_streak_3d,79,-0.008891745740444624,-0.013570809832891828,0.04701826121498139,0.31645569620253167,0.6835443037974683,short,0.6835443037974683,0.05402157597369768
pre_deal&china_streak_3d,22,-0.016887935840730662,-0.009231180967394503,0.038270130209810856,0.3181818181818182,0.6818181818181818,short,0.6818181818181818,0.05400780028517048
pre_deal&sig_potus,21,-0.015408161932253191,-0.023765931003665752,0.023694033530862052,0.23809523809523808,0.7619047619047619,short,0.7619047619047619,0.053797385428333164
lots_of_excl&tariff_only,48,-0.009767505079234797,-0.01682077590468639,0.040902302482852176,0.20833333333333334,0.7916666666666666,short,0.7916666666666666,0.05357308102466884
has_relief&volume_spike,28,-0.016578558229896036,-0.012265971236171902,0.043276261975718475,0.39285714285714285,0.6071428571428571,short,0.6071428571428571,0.053261901209231265
attack_heavy&pre_relief,24,-0.017377568290857306,-0.012265971236171902,0.03711173039587586,0.375,0.625,short,0.625,0.05320771910371147
has_tariff&has_action,41,-0.01261310575054772,-0.01237112246584382,0.027147398497470263,0.2926829268292683,0.6585365853658537,short,0.6585365853658537,0.05318557670236988
has_tariff&lots_of_excl,131,-0.006788590034574687,-0.01237112246584382,0.03253700780844172,0.3053435114503817,0.6793893129770993,short,0.6793893129770993,0.052787846004727745
positive_heavy&volume_drop,51,-0.010187681614718629,-0.013257607742390376,0.02738563929644833,0.27450980392156865,0.7254901960784313,short,0.7254901960784313,0.05278274836978261
has_night_post&china_streak_3d,74,-0.008890471448840984,-0.013976609683075014,0.04842006738222232,0.3108108108108108,0.6891891891891891,short,0.6891891891891891,0.05270831197560242
posts_very_high&china_streak_3d,28,-0.013945132402644948,-0.017361182009351328,0.05324903995661907,0.2857142857142857,0.7142857142857143,short,0.7142857142857143,0.05270764619609597
attack_heavy&open_deal,47,-0.010728833672400327,-0.01237112246584382,0.04097404463657337,0.2553191489361702,0.7021276595744681,short,0.7021276595744681,0.05164372066943095
attack_heavy&all_caps_heavy,24,-0.015699537716857514,-0.017763343600095405,0.032720476741599926,0.2916666666666667,0.6666666666666666,short,0.6666666666666666,0.05127447547184014
attack_heavy&uppercase_phrase_heavy,37,-0.012783099956331642,-0.010600696889943473,0.022751239086179365,0.32432432432432434,0.6486486486486487,short,0.6486486486486487,0.05043668849865789
pre_deal&open_deal,30,-0.015967167720086536,-0.011485909677893646,0.03782125352521703,0.4,0.5666666666666667,short,0.5666666666666667,0.0495582749919718
has_tariff&has_positive,139,-0.006343152910772367,-0.011314196434336954,0.032561161973900535,0.3237410071942446,0.6618705035971223,short,0.6618705035971223,0.04949776711929653
has_tariff&has_attack,111,-0.00699835292584115,-0.013570809832891828,0.03397178651306475,0.3153153153153153,0.6666666666666666,short,0.6666666666666666,0.04915481551128416
all_caps_heavy,28,-0.013673858824331812,-0.014207481108436504,0.03175596778651539,0.2857142857142857,0.6785714285714286,short,0.6785714285714286,0.04909821202314088
has_positive&all_caps_heavy,28,-0.013673858824331812,-0.014207481108436504,0.03175596778651539,0.2857142857142857,0.6785714285714286,short,0.6785714285714286,0.04909821202314088
all_caps_heavy&exclamation_heavy,28,-0.013673858824331812,-0.014207481108436504,0.03175596778651539,0.2857142857142857,0.6785714285714286,short,0.6785714285714286,0.04909821202314088
has_night_post&all_caps_heavy,28,-0.013673858824331812,-0.014207481108436504,0.03175596778651539,0.2857142857142857,0.6785714285714286,short,0.6785714285714286,0.04909821202314088
all_caps_heavy&lots_of_excl,28,-0.013673858824331812,-0.014207481108436504,0.03175596778651539,0.2857142857142857,0.6785714285714286,short,0.6785714285714286,0.04909821202314088
has_all_caps&all_caps_heavy,28,-0.013673858824331812,-0.014207481108436504,0.03175596778651539,0.2857142857142857,0.6785714285714286,short,0.6785714285714286,0.04909821202314088
all_caps_heavy&has_exclamation,28,-0.013673858824331812,-0.014207481108436504,0.03175596778651539,0.2857142857142857,0.6785714285714286,short,0.6785714285714286,0.04909821202314088
posts_high&open_tariff,24,-0.014113223472060463,-0.02270647540599202,0.02623712234675562,0.25,0.7083333333333334,short,0.7083333333333334,0.048974444520926766
has_tariff&exclamation_heavy,136,-0.006272866469626446,-0.011842659450090387,0.032691849377734915,0.3161764705882353,0.6691176470588235,short,0.6691176470588235,0.048948341456961295
has_positive&china_streak_3d,77,-0.008234008259730195,-0.013570809832891828,0.04716632735766325,0.3246753246753247,0.6753246753246753,short,0.6753246753246753,0.04879432104831821
has_market_brag&volume_spike,38,-0.012016859924922092,-0.013789108627026425,0.02535222404587022,0.2894736842105263,0.6578947368421053,short,0.6578947368421053,0.04873480236375426
has_tariff&has_night_post,129,-0.0065803617434396595,-0.010655747251912984,0.0269659560903081,0.3333333333333333,0.6511627906976745,short,0.6511627906976745,0.048666957872080044
positive_heavy&all_caps_heavy,23,-0.014527056190315328,-0.015097697410155986,0.02924653115276836,0.2608695652173913,0.6956521739130435,short,0.6956521739130435,0.04846560975196481
has_tariff&has_market_brag,35,-0.010593883178685586,-0.011314196434336954,0.020509478357894653,0.2,0.7714285714285715,short,0.7714285714285715,0.04834871338984011
attack_heavy&china_streak_3d,35,-0.012367449837184255,-0.01626716858675248,0.027552767065083413,0.34285714285714286,0.6571428571428571,short,0.6571428571428571,0.04808105311017376
has_tariff,141,-0.006099418443034468,-0.011314196434336954,0.03258585430947419,0.3262411347517731,0.6595744680851063,short,0.6595744680851063,0.0477707237204673
has_tariff&has_exclamation,141,-0.006099418443034468,-0.011314196434336954,0.03258585430947419,0.3262411347517731,0.6595744680851063,short,0.6595744680851063,0.0477707237204673
all_caps_heavy&has_uppercase_phrase,27,-0.013621124061893879,-0.013317264806717022,0.0323596483231006,0.2962962962962963,0.6666666666666666,short,0.6666666666666666,0.04718495786279832
has_china&tariff_only,21,-0.012510005907905911,-0.016881835297505088,0.02753850511433675,0.19047619047619047,0.8095238095238095,short,0.8095238095238095,0.04640842063307148
exclamation_heavy&tariff_only,51,-0.008374046017906575,-0.016759716511867695,0.040791271718514405,0.23529411764705882,0.7647058823529411,short,0.7647058823529411,0.0457314384602737
has_china&volume_drop,31,-0.012123780198027307,-0.013358720969806726,0.027628471300735025,0.3225806451612903,0.6774193548387096,short,0.6774193548387096,0.04572739928763146
has_tariff&has_all_caps,41,-0.010409208370759756,-0.01787234367208279,0.027571252438330855,0.2682926829268293,0.6829268292682927,short,0.6829268292682927,0.04551806642722974
positive_heavy&tariff_only,41,-0.00909963754249378,-0.016881835297505088,0.04402841182719242,0.21951219512195122,0.7804878048780488,short,0.7804878048780488,0.04547598805868941
posts_low&has_positive,93,-0.0072023092971489735,-0.011904790867173776,0.02371415152271317,0.3548387096774194,0.6451612903225806,short,0.6451612903225806,0.04481068098990795
has_relief&has_china,37,-0.012310390843970835,-0.005303007260279324,0.03984691025403023,0.40540540540540543,0.5945945945945946,short,0.5945945945945946,0.044523947337802856
posts_high&china_streak_3d,49,-0.009096242225694712,-0.017341069671604314,0.056887759319803645,0.30612244897959184,0.6938775510204082,short,0.6938775510204082,0.04418174795337431
posts_very_high&open_tariff,20,-0.01381911411384687,-0.02270647540599202,0.026461361812758297,0.25,0.7,short,0.7,0.043260669966343715
exclamation_heavy&china_streak_3d,73,-0.007524791291204384,-0.012560397067585383,0.048237051438946944,0.3287671232876712,0.6712328767123288,short,0.6712328767123288,0.04315480005156667
has_market_brag&has_russia,56,-0.00886880400872429,-0.010273318362855555,0.023798591552114525,0.32142857142857145,0.6428571428571429,short,0.6428571428571429,0.042665176325691744
attack_heavy&pre_tariff,33,-0.010642351554910244,-0.01787234367208279,0.02804916313144469,0.30303030303030304,0.696969696969697,short,0.696969696969697,0.04260969908831078
has_tariff&short_posts,41,-0.009075700501819462,-0.02068965970832015,0.0446427665432734,0.24390243902439024,0.7317073170731707,short,0.7317073170731707,0.042521588674303654
has_positive&tariff_only,53,-0.007926684073457889,-0.016128997002564316,0.04029925145168658,0.2641509433962264,0.7358490566037735,short,0.7358490566037735,0.04246373798835742
high_emotion&has_uppercase_phrase,20,-0.011737124358554719,-0.009198994210912526,0.037585150611320874,0.2,0.8,short,0.8,0.04199201268175515
posts_very_high&has_tariff,56,-0.008234020898943746,-0.01737708948479394,0.04164611290591855,0.2857142857142857,0.6785714285714286,short,0.6785714285714286,0.04181205837630669
has_tariff&attack_heavy,67,-0.007435178346886507,-0.01787234367208279,0.03890304112903299,0.2835820895522388,0.6865671641791045,short,0.6865671641791045,0.041784173937141206
has_tariff&deal_over_tariff,44,-0.009542484514091272,-0.011749962829575966,0.028730375459469125,0.3181818181818182,0.6590909090909091,short,0.6590909090909091,0.04171892637861413
posts_low&short_posts,131,-0.005536667842740514,-0.011910033385752361,0.043423762883964066,0.33587786259541985,0.6564885496183206,short,0.6564885496183206,0.0416017187294491
lots_of_excl&china_streak_3d,70,-0.0073944200822158275,-0.013065603450238605,0.04862090119678609,0.32857142857142857,0.6714285714285714,short,0.6714285714285714,0.041538705428995334
has_tariff&positive_heavy,118,-0.005769891143541697,-0.011221499813822533,0.03390626389461133,0.3220338983050847,0.6610169491525424,short,0.6610169491525424,0.04143059961129038
attack_heavy&open_tariff,20,-0.01311848474622646,-0.019570822270184807,0.026066901305662322,0.25,0.7,short,0.7,0.04106735311609902
has_market_brag&has_uppercase_phrase,68,-0.007943223884228679,-0.011007276210094119,0.026173465414068654,0.35294117647058826,0.6176470588235294,short,0.6176470588235294,0.04045681016086356
has_market_brag&pre_action,21,-0.013187982631339986,-0.013524923790700139,0.026891908094889675,0.3333333333333333,0.6666666666666666,short,0.6666666666666666,0.04028995244791892
posts_high&has_tariff,91,-0.006119535584977545,-0.012922476045569842,0.036352491445961914,0.2967032967032967,0.6813186813186813,short,0.6813186813186813,0.03977310144137536
tariff_only,55,-0.0072442545775230766,-0.016128997002564316,0.04011368755344926,0.2727272727272727,0.7272727272727273,short,0.7272727272727273,0.03907260351851816
has_exclamation&tariff_only,55,-0.0072442545775230766,-0.016128997002564316,0.04011368755344926,0.2727272727272727,0.7272727272727273,short,0.7272727272727273,0.03907260351851816
has_tariff&tariff_only,55,-0.0072442545775230766,-0.016128997002564316,0.04011368755344926,0.2727272727272727,0.7272727272727273,short,0.7272727272727273,0.03907260351851816
has_attack&tariff_only,44,-0.007834732687679093,-0.01682077590468639,0.04256485118644786,0.25,0.75,short,0.75,0.03897730298664641
posts_high&all_caps_heavy,26,-0.011556055076263795,-0.014207481108436504,0.030176785477787633,0.3076923076923077,0.6538461538461539,short,0.6538461538461539,0.03852759060301442
has_attack&open_tariff,28,-0.011167211194495557,-0.018593807220026848,0.02593148736687751,0.32142857142857145,0.6428571428571429,short,0.6428571428571429,0.03798728184699231
deal_only&china_streak_3d,24,-0.011387483032268206,-0.017189808532123207,0.05703712672077552,0.3333333333333333,0.6666666666666666,short,0.6666666666666666,0.03719136384487793
brag_heavy&has_night_post,37,-0.009024747853749453,-0.011314196434336954,0.020156905568588644,0.2972972972972973,0.6756756756756757,short,0.6756756756756757,0.037091485196065165
pre_tariff&lots_of_excl,60,-0.007123195342281687,-0.007541575394861277,0.026976874599257548,0.3333333333333333,0.6666666666666666,short,0.6666666666666666,0.03678402257658562
has_tariff&has_china,86,-0.006006893476401314,-0.010658968115805523,0.02789671336771131,0.3372093023255814,0.6511627906976745,short,0.6511627906976745,0.03627343898628781
pre_tariff&has_uppercase_phrase,25,-0.011921975199948505,-0.007564325223134216,0.025771969396880395,0.4,0.6,short,0.6,0.03576592559984551
brag_heavy,40,-0.00836766991969593,-0.010900504715818438,0.019718072386497202,0.3,0.675,short,0.675,0.03572220913386846
has_market_brag&brag_heavy,40,-0.00836766991969593,-0.010900504715818438,0.019718072386497202,0.3,0.675,short,0.675,0.03572220913386846
brag_heavy&exclamation_heavy,40,-0.00836766991969593,-0.010900504715818438,0.019718072386497202,0.3,0.675,short,0.675,0.03572220913386846
brag_heavy&has_exclamation,40,-0.00836766991969593,-0.010900504715818438,0.019718072386497202,0.3,0.675,short,0.675,0.03572220913386846
open_tariff&exclamation_heavy,30,-0.010267519135203022,-0.018593807220026848,0.026776912544680224,0.3333333333333333,0.6333333333333333,short,0.6333333333333333,0.03561709498645533
open_tariff&has_exclamation,30,-0.010267519135203022,-0.018593807220026848,0.026776912544680224,0.3333333333333333,0.6333333333333333,short,0.6333333333333333,0.03561709498645533
has_tariff&open_tariff,30,-0.010267519135203022,-0.018593807220026848,0.026776912544680224,0.3333333333333333,0.6333333333333333,short,0.6333333333333333,0.03561709498645533
open_tariff,30,-0.010267519135203022,-0.018593807220026848,0.026776912544680224,0.3333333333333333,0.6333333333333333,short,0.6333333333333333,0.03561709498645533
has_market_brag&pre_deal,39,-0.008856058140097049,-0.0128012108217046,0.025251861072515057,0.3333333333333333,0.6410256410256411,short,0.6410256410256411,0.03545260599910636
posts_very_high&pre_tariff,26,-0.010567960396473721,-0.01737708948479394,0.02916214204723364,0.34615384615384615,0.6538461538461539,short,0.6538461538461539,0.03523330833724689
positive_heavy&china_streak_3d,64,-0.006520982064034397,-0.013065603450238605,0.05076240084154897,0.328125,0.671875,short,0.671875,0.035050278594184886
has_positive&brag_heavy,39,-0.008407350863429896,-0.01124442057637387,0.019974217873064998,0.3076923076923077,0.6666666666666666,short,0.6666666666666666,0.0350025928759685
brag_heavy&lots_of_excl,39,-0.008276974510786243,-0.010556588855263005,0.019967381783996204,0.3076923076923077,0.6666666666666666,short,0.6666666666666666,0.034459792835103094
has_deal&has_market_brag,78,-0.006309538893998037,-0.009459317252143162,0.026621157317613508,0.3333333333333333,0.6153846153846154,short,0.6153846153846154,0.03429190073143714
sig_potus&has_uppercase_phrase,31,-0.009906723789481743,-0.008363165565269615,0.02811037541670675,0.3548387096774194,0.6129032258064516,short,0.6129032258064516,0.033806702247808386
open_tariff&lots_of_excl,29,-0.009971424662130034,-0.018333355585734012,0.027200849338211156,0.3448275862068966,0.6206896551724138,short,0.6206896551724138,0.033329647345342175
has_positive&open_tariff,29,-0.009971424662130034,-0.018333355585734012,0.027200849338211156,0.3448275862068966,0.6206896551724138,short,0.6206896551724138,0.033329647345342175
has_tariff&has_uppercase_phrase,55,-0.00748661347597148,-0.007564325223134216,0.02699552108578302,0.38181818181818183,0.6,short,0.6,0.03331332692038181
has_relief&pre_deal,34,-0.009707754579873136,-0.0046050822781472656,0.04689705450627973,0.4117647058823529,0.5882352941176471,short,0.5882352941176471,0.033297323507179066
has_action&has_market_brag,40,-0.008745581585198173,-0.009742587744550613,0.02583045683342349,0.35,0.6,short,0.6,0.03318714872646258
has_iran&pre_deal,41,-0.007729823024957286,-0.011931383238828808,0.027969382287298023,0.2926829268292683,0.6585365853658537,short,0.6585365853658537,0.03259427959460008
has_positive&pre_tariff,63,-0.006118798003496255,-0.0075188255665883386,0.02781928001819056,0.3492063492063492,0.6507936507936508,short,0.6507936507936508,0.03160673959216544
posts_low&has_exclamation,133,-0.004347563987450359,-0.011275535739500575,0.035978600550068296,0.3684210526315789,0.6240601503759399,short,0.6240601503759399,0.031289473436296615
has_tariff&has_deal,86,-0.005367255798884777,-0.009764641761890847,0.02693069337832789,0.36046511627906974,0.6162790697674418,short,0.6162790697674418,0.03067460209615704
high_emotion,73,-0.004918071830254284,-0.014454682205584213,0.05410568862902736,0.273972602739726,0.726027397260274,short,0.726027397260274,0.03050768875731455
positive_heavy&brag_heavy,35,-0.008203097688997435,-0.011314196434336954,0.02110211919367789,0.34285714285714286,0.6285714285714286,short,0.6285714285714286,0.030504684820763312
posts_very_high&all_caps_heavy,23,-0.010354321399022067,-0.013317264806717022,0.03185259154002093,0.34782608695652173,0.6086956521739131,short,0.6086956521739131,0.030226353632660036
has_attack&pre_tariff,50,-0.006568751718200379,-0.00737387679802104,0.028210614061725613,0.36,0.64,short,0.64,0.029726776856769752
pre_tariff&exclamation_heavy,61,-0.005782797823475663,-0.0075188255665883386,0.02799690648521095,0.3442622950819672,0.6557377049180327,short,0.6557377049180327,0.02961645562402262
open_tariff&has_night_post,28,-0.009202057031180131,-0.017868047075912386,0.027367484075106342,0.35714285714285715,0.6071428571428571,short,0.6071428571428571,0.029563430409322244
positive_heavy&open_tariff,28,-0.009183453343016358,-0.01760759544161955,0.027360855998879392,0.35714285714285715,0.6071428571428571,short,0.6071428571428571,0.02950366237718303
has_china&pre_tariff,39,-0.007018185642475958,-0.007228928029453741,0.028691698253603425,0.3333333333333333,0.6666666666666666,short,0.6666666666666666,0.029219036859767157
deal_heavy&has_market_brag,36,-0.007953826007363586,-0.01093539264479998,0.02707311771874332,0.3333333333333333,0.6111111111111112,short,0.6111111111111112,0.029164028693666483
posts_high&tariff_only,25,-0.006916703097909744,-0.018333355585734012,0.053329699280590406,0.16,0.84,short,0.84,0.029050153011220926
has_deal&volume_drop,26,-0.008644693580854094,-0.012326936597343296,0.024912650209361124,0.34615384615384615,0.6538461538461539,short,0.6538461538461539,0.02882118620702655
high_emotion&has_exclamation,41,-0.005906342283701062,-0.009104695203379976,0.05185424836260225,0.24390243902439024,0.7560975609756098,short,0.7560975609756098,0.028594886496867398
has_iran&has_all_caps,26,-0.009619633451877262,-0.008353154335119739,0.034458401155552175,0.34615384615384615,0.5769230769230769,short,0.5769230769230769,0.028298480010422348
has_attack&tariff_rising,21,-0.008080774303822888,-0.01516430555275472,0.02592399535462882,0.23809523809523808,0.7619047619047619,short,0.7619047619047619,0.028213912320855204
has_market_brag&deal_over_tariff,70,-0.005726079345365327,-0.008646789889855844,0.027615165685488132,0.35714285714285715,0.5857142857142857,short,0.5857142857142857,0.028060292796887522
has_relief&has_all_caps,26,-0.010083598049874208,-0.008380701858292428,0.03799065541635735,0.46153846153846156,0.5384615384615384,short,0.5384615384615384,0.027685787889595626
pre_tariff&has_exclamation,64,-0.005389840019319461,-0.00737387679802104,0.02820702609979018,0.359375,0.640625,short,0.640625,0.027622930099012236
pre_tariff,64,-0.005389840019319461,-0.00737387679802104,0.02820702609979018,0.359375,0.640625,short,0.640625,0.027622930099012236
has_tariff&pre_tariff,64,-0.005389840019319461,-0.00737387679802104,0.02820702609979018,0.359375,0.640625,short,0.640625,0.027622930099012236
has_tariff&pre_deal,54,-0.006100410699702511,-0.007541575394861277,0.02720299295404721,0.35185185185185186,0.6111111111111112,short,0.6111111111111112,0.027395304632091097
sig_potus&has_all_caps,22,-0.00956951410888956,-0.017417612297569718,0.031124416518045157,0.36363636363636365,0.5909090909090909,short,0.5909090909090909,0.02652295442147488
has_attack&brag_heavy,32,-0.007481673604970759,-0.010537510765311675,0.021522513000277806,0.34375,0.625,short,0.625,0.026451710703496133
positive_heavy&pre_tariff,54,-0.005705139388506779,-0.00737387679802104,0.02856510187417464,0.37037037037037035,0.6296296296296297,short,0.6296296296296297,0.026396618558447337
posts_high&brag_heavy,29,-0.007549865998897062,-0.010556588855263005,0.022104916335618816,0.3448275862068966,0.6206896551724138,short,0.6206896551724138,0.025235548557419076
has_tariff&deal_heavy,57,-0.005513371107777892,-0.010600696889943473,0.029208347899966364,0.3684210526315789,0.5964912280701754,short,0.5964912280701754,0.024828970657781835
deal_over_tariff&volume_drop,24,-0.008066990534791508,-0.012326936597343296,0.025678549554270465,0.375,0.625,short,0.625,0.024700013212625976
has_deal&china_streak_3d,37,-0.0064213554536194555,-0.007861665044845534,0.04831558551589549,0.3783783783783784,0.6216216216216216,short,0.6216216216216216,0.024280279675163746
has_tariff&volume_spike,39,-0.006472659282641211,-0.010600696889943473,0.02685600618744956,0.358974358974359,0.5897435897435898,short,0.5897435897435898,0.02383846456619003
has_deal&brag_heavy,24,-0.008030155818418988,-0.009177520508160786,0.023078567991503134,0.375,0.5833333333333334,short,0.5833333333333334,0.022948081695195962
lots_of_excl&tariff_rising,27,-0.005897054781078439,-0.012922476045569842,0.02436378285835423,0.25925925925925924,0.7407407407407407,short,0.7407407407407407,0.022697774435210708
posts_high&pre_tariff,42,-0.005537046911895224,-0.00737387679802104,0.028533090388886042,0.38095238095238093,0.6190476190476191,short,0.6190476190476191,0.022214007072469916
has_russia&pre_tariff,29,-0.0058534605596403414,-0.007564325223134216,0.025342491554407716,0.3103448275862069,0.6896551724137931,short,0.6896551724137931,0.02173920676256897
has_night_post&high_emotion,43,-0.004726738832170973,-0.009712994130671504,0.043180031327517215,0.3023255813953488,0.6976744186046512,short,0.6976744186046512,0.021624627427250364
has_tariff&has_iran,21,-0.008057994059608201,-0.01237112246584382,0.02216764003222909,0.3333333333333333,0.5714285714285714,short,0.5714285714285714,0.02110078155866233
has_action&china_streak_3d,25,-0.007512922021087132,-0.005067602942858462,0.03054022477119883,0.44,0.56,short,0.56,0.02103618165904397
deal_over_tariff&china_streak_3d,32,-0.006260903474852385,-0.006494912305350209,0.05118302465664505,0.40625,0.59375,short,0.59375,0.02102885469125707
pre_tariff&tariff_only,22,-0.006571678062730856,-0.00775056422339071,0.028177893333716925,0.3181818181818182,0.6818181818181818,short,0.6818181818181818,0.02101629705949003
pre_tariff&has_night_post,60,-0.004268050074906425,-0.007163365845239911,0.028532496963848828,0.36666666666666664,0.6333333333333333,short,0.6333333333333333,0.02093811002379641
has_market_brag&deal_only,54,-0.004951001986144804,-0.007206711248099962,0.028281982773959442,0.37037037037037035,0.5740740740740741,short,0.5740740740740741,0.020886127001577
deal_only&volume_drop,23,-0.006792684369437846,-0.011295152224879867,0.02546794173944929,0.391304347826087,0.6086956521739131,short,0.6086956521739131,0.019829216416351762
attack_heavy&brag_heavy,24,-0.0068764796789548,-0.00830250910279473,0.02361455804875198,0.375,0.5833333333333334,short,0.5833333333333334,0.019651177513399537
has_deal&pre_tariff,42,-0.004770781996580159,-0.00737387679802104,0.028543675150912644,0.38095238095238093,0.6190476190476191,short,0.6190476190476191,0.019139838744290052
has_tariff&has_russia,61,-0.0036180272008226972,-0.010600696889943473,0.038294175212375645,0.29508196721311475,0.6721311475409836,short,0.6721311475409836,0.01899287748653318
has_market_brag&has_iran,27,-0.005629334998880914,-0.010700355985851284,0.022213149778063084,0.2962962962962963,0.6296296296296297,short,0.6296296296296297,0.018417222436120706
posts_low&volume_spike,42,-0.004404185003446222,-0.020552797249228538,0.06945403143858876,0.35714285714285715,0.6428571428571429,short,0.6428571428571429,0.018348673496883107
posts_low&has_uppercase_phrase,24,-0.005498965826984212,-0.009198994210912526,0.03431291263709442,0.3333333333333333,0.6666666666666666,short,0.6666666666666666,0.017959547185484055
short_posts&tariff_only,20,-0.004951612529830396,-0.024531133013607098,0.060230657629714364,0.2,0.8,short,0.8,0.017715427543904757
pre_tariff&pre_deal,32,-0.005265324198885361,-0.005858273530656211,0.02900717380705998,0.40625,0.59375,short,0.59375,0.01768494561934296
attack_heavy&tariff_only,21,-0.005035748671612341,-0.02028738568604993,0.05752631865850795,0.23809523809523808,0.7619047619047619,short,0.7619047619047619,0.01758224721404714
exclamation_heavy&tariff_rising,28,-0.004550460320754989,-0.012770380119051183,0.024947581471638218,0.2857142857142857,0.7142857142857143,short,0.7142857142857143,0.017199123370835585
tariff_rising,28,-0.004550460320754989,-0.012770380119051183,0.024947581471638218,0.2857142857142857,0.7142857142857143,short,0.7142857142857143,0.017199123370835585
has_exclamation&tariff_rising,28,-0.004550460320754989,-0.012770380119051183,0.024947581471638218,0.2857142857142857,0.7142857142857143,short,0.7142857142857143,0.017199123370835585
has_positive&tariff_rising,28,-0.004550460320754989,-0.012770380119051183,0.024947581471638218,0.2857142857142857,0.7142857142857143,short,0.7142857142857143,0.017199123370835585
has_tariff&tariff_rising,28,-0.004550460320754989,-0.012770380119051183,0.024947581471638218,0.2857142857142857,0.7142857142857143,short,0.7142857142857143,0.017199123370835585
has_tariff&open_deal,22,-0.006661517366170443,-0.010957446662140213,0.02450198137476077,0.4090909090909091,0.5454545454545454,short,0.5454545454545454,0.017042883293794532
has_china&china_streak_3d,44,-0.00418592331936066,-0.007864428227899178,0.03994021819648354,0.38636363636363635,0.6136363636363636,short,0.6136363636363636,0.01703839547231795
posts_low&has_night_post,103,-0.002702564110081327,-0.009712994130671504,0.03301374199501006,0.3883495145631068,0.6116504854368932,short,0.6116504854368932,0.0167763679258087
high_emotion&short_posts,63,-0.0027096813617901692,-0.013317264806717022,0.0564685634874214,0.30158730158730157,0.6984126984126984,short,0.6984126984126984,0.015021061556335214
brag_heavy&deal_over_tariff,21,-0.006047418568702019,-0.006048429350326456,0.023893066179200815,0.42857142857142855,0.5238095238095238,short,0.5238095238095238,0.014516204135797314
has_china&open_tariff,20,-0.004816914250453058,-0.011485909677893646,0.02690095725932025,0.4,0.55,short,0.55,0.011848042476380535
posts_low&exclamation_heavy,39,-0.003184204539642544,-0.010087398768304223,0.024419597903163677,0.41025641025641024,0.5897435897435898,short,0.5897435897435898,0.011727258268226974
tariff_heavy&lots_of_excl,20,-0.004443208385866193,-0.010121391534087587,0.025200037680696546,0.45,0.55,short,0.55,0.010928847587893316
has_russia&china_streak_3d,27,-0.003023735271856291,-0.010600696889943473,0.05500750949284736,0.3333333333333333,0.6666666666666666,short,0.6666666666666666,0.010474526238986374
posts_low&high_emotion,62,-0.0018878120787858446,-0.014717125792315489,0.05653539547850395,0.3064516129032258,0.6935483870967742,short,0.6935483870967742,0.010309352071606725
tariff_heavy&positive_heavy,20,-0.0041737657544144045,-0.010121391534087587,0.025573428629308163,0.45,0.55,short,0.55,0.010266106343934434
deal_heavy&pre_tariff,24,-0.0035352812224305197,-0.004018965450215017,0.03329079631686117,0.4583333333333333,0.5416666666666666,short,0.5416666666666666,0.00938127134988066
positive_heavy&tariff_rising,26,-0.002579319718016662,-0.011609490541237999,0.02480573405694854,0.3076923076923077,0.6923076923076923,short,0.6923076923076923,0.00910523185889649
high_emotion&volume_spike,24,0.005525981027663394,-0.02300506208782105,0.08347662138991968,0.3333333333333333,0.6666666666666666,long,0.3333333333333333,0.009023889230717286
has_deal&tariff_rising,21,-0.002857112142378059,-0.010600696889943473,0.02633398482986461,0.3333333333333333,0.6666666666666666,short,0.6666666666666666,0.008728621774283268
posts_low&has_attack,30,-0.002572908594554224,0.0014084493799404463,0.020731132138376792,0.5,0.4666666666666667,short,0.4666666666666667,0.006576453686302557
tariff_heavy&has_exclamation,21,-0.0027169798861593182,-0.00892858663383822,0.025804398184230238,0.47619047619047616,0.5238095238095238,short,0.5238095238095238,0.006521829804284445
tariff_heavy,21,-0.0027169798861593182,-0.00892858663383822,0.025804398184230238,0.47619047619047616,0.5238095238095238,short,0.5238095238095238,0.006521829804284445
tariff_heavy&exclamation_heavy,21,-0.0027169798861593182,-0.00892858663383822,0.025804398184230238,0.47619047619047616,0.5238095238095238,short,0.5238095238095238,0.006521829804284445
tariff_heavy&has_positive,21,-0.0027169798861593182,-0.00892858663383822,0.025804398184230238,0.47619047619047616,0.5238095238095238,short,0.5238095238095238,0.006521829804284445
has_tariff&tariff_heavy,21,-0.0027169798861593182,-0.00892858663383822,0.025804398184230238,0.47619047619047616,0.5238095238095238,short,0.5238095238095238,0.006521829804284445
has_china&tariff_rising,21,-0.0019008382445060794,-0.010600696889943473,0.02517744996158633,0.3333333333333333,0.6666666666666666,short,0.6666666666666666,0.005807156759544057
has_night_post&tariff_rising,25,-0.0016356155966591414,-0.010600696889943473,0.02470470362638895,0.32,0.68,short,0.68,0.005561093028641081
has_deal&open_tariff,21,-0.00209621780898852,0.0,0.027464114201991477,0.47619047619047616,0.47619047619047616,short,0.47619047619047616,0.0045743222775258925
pre_tariff&volume_spike,22,-0.0015513589178170221,-0.0020385327761927585,0.026699385732776196,0.5,0.5,short,0.5,0.0036382591586357907
tariff_heavy&has_night_post,20,-0.001409704261218525,-0.0013490315273805287,0.025751414982062095,0.5,0.5,short,0.5,0.0031521945562557425
has_relief&has_market_brag,21,0.00010906166450851988,0.0015231914634454835,0.026935915204033534,0.5238095238095238,0.47619047619047616,long,0.5238095238095238,0.000261791269681423
has_russia&tariff_only,21,0.0001662441300114334,-0.012922476045569842,0.057110229605116324,0.23809523809523808,0.7619047619047619,long,0.23809523809523808,0.0001813872165760651
