event,n,mean_ret,median_ret,std,hit_up,hit_down,direction,directional_hit,score
has_attack&short_posts,290,0.009969807256321848,0.008477797056633873,0.02668621941149152,0.6620689655172414,0.296551724137931,long,0.6620689655172414,0.11240587018707071
has_attack&lots_of_excl,567,0.006680735048930211,0.006696520114919613,0.028489165651000136,0.5873015873015873,0.37742504409171074,long,0.5873015873015873,0.0934279785770777
silence_day,214,0.01104236103746327,0.008982080719264651,0.035232330757666984,0.5781990521327014,0.3744075829383886,long,0.5781990521327014,0.09339985556692101
posts_low&silence_day,214,0.01104236103746327,0.008982080719264651,0.035232330757666984,0.5781990521327014,0.3744075829383886,long,0.5781990521327014,0.09339985556692101
has_attack&has_exclamation,609,0.006390534547498099,0.0063827559417202195,0.028054035126919404,0.5845648604269293,0.3760262725779967,long,0.5845648604269293,0.09218887997508073
has_attack,609,0.006390534547498099,0.0063827559417202195,0.028054035126919404,0.5845648604269293,0.3760262725779967,long,0.5845648604269293,0.09218887997508073
silence_day&volume_drop,140,0.012825351887067288,0.00999756154417264,0.03682695156224667,0.6071428571428571,0.35714285714285715,long,0.6071428571428571,0.09213490608383527
has_positive&short_posts,424,0.0072822112343936705,0.005919364461270504,0.027229327336401182,0.6132075471698113,0.3466981132075472,long,0.6132075471698113,0.09195041464265558
has_attack&has_night_post,561,0.006593509960368001,0.0063827559417202195,0.028036560824216447,0.5846702317290553,0.3778966131907308,long,0.5846702317290553,0.09130805246004932
posts_very_high&has_attack,211,0.009832150621076634,0.008908665869076238,0.03017677154156518,0.6255924170616114,0.3459715639810427,long,0.6255924170616114,0.08934725752104951
short_posts,518,0.006567453862103933,0.005194962147604842,0.028629134303472744,0.5945945945945946,0.36486486486486486,long,0.5945945945945946,0.08887566577305406
has_attack&exclamation_heavy,594,0.006255676840672921,0.006153639104464093,0.02820924548580192,0.5824915824915825,0.38047138047138046,long,0.5824915824915825,0.08880904131118193
has_attack&has_positive,593,0.006217969277315351,0.006147476005996522,0.028255421617761758,0.5801011804384486,0.3794266441821248,long,0.5801011804384486,0.08783743957251874
lots_of_excl&short_posts,356,0.0074359391037198495,0.006237724089892205,0.027376805734190247,0.6235955056179775,0.3455056179775281,long,0.6235955056179775,0.0874910845123737
has_attack&has_all_caps,146,0.010784766804072319,0.012474479722981657,0.029688898806999278,0.6712328767123288,0.3013698630136986,long,0.6712328767123288,0.08747025783968519
has_exclamation&short_posts,466,0.0065052213229431595,0.005541632167889277,0.02879957887667441,0.6115879828326181,0.3497854077253219,long,0.6115879828326181,0.08588433920456752
posts_low,386,0.007753285982364055,0.006134924637868133,0.03287734266258844,0.5587467362924282,0.3838120104438642,long,0.5587467362924282,0.08511271712163039
volume_drop,306,0.008363656121341,0.005992906606548498,0.030926992620001523,0.5751633986928104,0.37254901960784315,long,0.5751633986928104,0.08414883789713659
has_positive&has_exclamation,847,0.005092987785533416,0.004444567974221103,0.027803857627648403,0.564344746162928,0.39669421487603307,long,0.564344746162928,0.08364862876581362
has_positive&has_night_post,765,0.00530816394672673,0.004494198471628907,0.027841215115085974,0.5673202614379085,0.396078431372549,long,0.5673202614379085,0.08329200947512047
has_positive,854,0.005036589607003697,0.004242099065544402,0.027717382346917677,0.5620608899297423,0.3992974238875878,long,0.5620608899297423,0.08272730317588511
posts_high&has_attack,353,0.007349560301637391,0.007751831822113475,0.028763329488836618,0.5977337110481586,0.37393767705382436,long,0.5977337110481586,0.08253847873692521
pre_deal&short_posts,66,0.013949326218676675,0.015606817645843263,0.029216935048759125,0.7272727272727273,0.25757575757575757,long,0.7272727272727273,0.08241808139587246
has_night_post&short_posts,439,0.006491058025360165,0.0056337618077826335,0.029164385251634586,0.6059225512528473,0.3621867881548975,long,0.6059225512528473,0.08240714494151294
has_night_post&lots_of_excl,685,0.005522381397759351,0.0048075142261807535,0.02800297041769092,0.5678832116788322,0.39854014598540144,long,0.5678832116788322,0.08207874607011577
posts_very_high&positive_heavy,219,0.009085016440738669,0.008225819926790612,0.03022859319986068,0.5981735159817352,0.3744292237442922,long,0.5981735159817352,0.0804220160201908
has_exclamation,913,0.004711613678155256,0.0044744963759433265,0.02851780082794717,0.5640744797371303,0.39868565169769987,long,0.5640744797371303,0.08030480172964252
exclamation_heavy&short_posts,404,0.006505782412217729,0.005158476157692493,0.02700070270237311,0.6089108910891089,0.3564356435643564,long,0.6089108910891089,0.07962399405431954
posts_low&volume_drop,206,0.009545164053927729,0.006989654747473484,0.03310666670424116,0.5776699029126213,0.3737864077669903,long,0.5776699029126213,0.07914012798609264
has_night_post&has_exclamation,807,0.004882433002506122,0.004535208510710209,0.028531923898733068,0.5675340768277571,0.39776951672862454,long,0.5675340768277571,0.07871635998829513
has_exclamation&lots_of_excl,738,0.005104782791912622,0.004514703491169558,0.028081701952692485,0.5650406504065041,0.4024390243902439,long,0.5650406504065041,0.0783583246048222
lots_of_excl,738,0.005104782791912622,0.004514703491169558,0.028081701952692485,0.5650406504065041,0.4024390243902439,long,0.5650406504065041,0.0783583246048222
has_night_post,832,0.004820585374228064,0.004378198792733712,0.0284701667315427,0.5625,0.40384615384615385,long,0.5625,0.0782139048503897
exclamation_heavy&lots_of_excl,735,0.005059699307717542,0.0044744963759433265,0.028125767888860106,0.563265306122449,0.40408163265306124,long,0.563265306122449,0.07726474569925139
posts_very_high&has_night_post,231,0.008454724543528146,0.007722066018108986,0.030389682018497788,0.5974025974025974,0.37662337662337664,long,0.5974025974025974,0.07676664474488577
posts_very_high&deal_over_tariff,127,0.010764302367460333,0.009661864733706338,0.02991171935294682,0.6299212598425197,0.33858267716535434,long,0.6299212598425197,0.07641419020071367
posts_very_high&lots_of_excl,231,0.008405562652259793,0.007722066018108986,0.030400626928099188,0.5974025974025974,0.37662337662337664,long,0.5974025974025974,0.0763202678791991
has_attack&positive_heavy,468,0.006161791208017644,0.005818792177938681,0.02881812571483473,0.5683760683760684,0.39316239316239315,long,0.5683760683760684,0.07576448722679585
posts_high&short_posts,236,0.007854077602151099,0.007802516455841291,0.03028185459732583,0.6271186440677966,0.3389830508474576,long,0.6271186440677966,0.07566602192393697
posts_very_high,233,0.00825691341330505,0.007722066018108986,0.030408742212362515,0.5965665236051502,0.3776824034334764,long,0.5965665236051502,0.07518904523433277
posts_high&posts_very_high,233,0.00825691341330505,0.007722066018108986,0.030408742212362515,0.5965665236051502,0.3776824034334764,long,0.5965665236051502,0.07518904523433277
posts_very_high&has_positive,233,0.00825691341330505,0.007722066018108986,0.030408742212362515,0.5965665236051502,0.3776824034334764,long,0.5965665236051502,0.07518904523433277
posts_very_high&has_exclamation,233,0.00825691341330505,0.007722066018108986,0.030408742212362515,0.5965665236051502,0.3776824034334764,long,0.5965665236051502,0.07518904523433277
posts_very_high&exclamation_heavy,233,0.00825691341330505,0.007722066018108986,0.030408742212362515,0.5965665236051502,0.3776824034334764,long,0.5965665236051502,0.07518904523433277
has_positive&lots_of_excl,723,0.004963517270955234,0.0044744963759433265,0.02826497743788022,0.5629322268326418,0.40387275242047027,long,0.5629322268326418,0.07513024376838036
has_deal&short_posts,160,0.009092366783983197,0.008297007587232286,0.028007371148585945,0.65,0.31875,long,0.65,0.0747567297335224
has_attack&has_uppercase_phrase,223,0.008159994534966793,0.008908665869076238,0.02873128615213975,0.6053811659192825,0.35874439461883406,long,0.6053811659192825,0.07376854283952752
posts_very_high&has_deal,142,0.009815049732953494,0.009235109525963181,0.02892923990387499,0.6267605633802817,0.34507042253521125,long,0.6267605633802817,0.07330580022318027
positive_heavy&short_posts,280,0.007133301449752123,0.006945788802788955,0.028433872987024652,0.6071428571428571,0.35714285714285715,long,0.6071428571428571,0.07247037075987707
posts_very_high&has_china,135,0.009762271749894144,0.010570815453603055,0.03144976095491136,0.6370370370370371,0.34814814814814815,long,0.6370370370370371,0.07225742151400533
has_all_caps&lots_of_excl,169,0.008769083378225576,0.009784637281540887,0.02999153096627959,0.6331360946745562,0.3431952662721893,long,0.6331360946745562,0.07217630165154898
has_night_post&exclamation_heavy,743,0.00472514686286293,0.004081830674629305,0.027751825534014996,0.5572005383580081,0.40915208613728127,long,0.5572005383580081,0.07176641392746709
posts_very_high&deal_heavy,79,0.012142460279659407,0.009539031727498815,0.030539672443540538,0.6582278481012658,0.31645569620253167,long,0.6582278481012658,0.07103894277022205
has_all_caps&exclamation_heavy,176,0.008387086808729781,0.009431542087060873,0.02957988082842736,0.6306818181818182,0.3465909090909091,long,0.6306818181818182,0.07017425052693751
has_attack&has_china,230,0.007508331601541921,0.008666713364275935,0.028520680456896746,0.6130434782608696,0.36086956521739133,long,0.6130434782608696,0.06980694616630537
posts_high&has_all_caps,136,0.009009554702145366,0.010057263453133847,0.03090711596431344,0.6544117647058824,0.3235294117647059,long,0.6544117647058824,0.06875810184609757
has_all_caps&china_streak_3d,20,0.019128228471192433,0.024240988777949335,0.025087602410207514,0.8,0.15,long,0.8,0.06843523064117306
has_exclamation&exclamation_heavy,811,0.004346201388002708,0.0037736213386150297,0.027756334516514707,0.5524044389642416,0.4118372379778052,long,0.5524044389642416,0.06837186604070185
exclamation_heavy,811,0.004346201388002708,0.0037736213386150297,0.027756334516514707,0.5524044389642416,0.4118372379778052,long,0.5524044389642416,0.06837186604070185
has_positive&has_uppercase_phrase,287,0.006761272832776091,0.007042537895212586,0.028505171237751762,0.5923344947735192,0.3797909407665505,long,0.5923344947735192,0.06784790374506075
has_positive&has_all_caps,176,0.008163594614970642,0.009320456310800695,0.029563229022675105,0.625,0.3522727272727273,long,0.625,0.0676889506960587
has_uppercase_phrase&lots_of_excl,272,0.006887393105466817,0.007678326324675133,0.028806407086849267,0.5955882352941176,0.3786764705882353,long,0.5955882352941176,0.06765274676406566
posts_very_high&short_posts,161,0.008578200767233531,0.007604820827236791,0.03175178955166405,0.6149068322981367,0.35403726708074534,long,0.6149068322981367,0.06692963598550333
has_positive&exclamation_heavy,786,0.0043217762376079666,0.0037592076272563446,0.028003547367148177,0.5521628498727735,0.410941475826972,long,0.5521628498727735,0.06690225153162849
short_posts&deal_only,138,0.00885641512295678,0.008638430558375099,0.027528431063936418,0.6376811594202898,0.3333333333333333,long,0.6376811594202898,0.06634391467024203
posts_high&lots_of_excl,406,0.005734536644946679,0.005818792177938681,0.029323526477503168,0.5714285714285714,0.4014778325123153,long,0.5714285714285714,0.0660272638211079
posts_very_high&deal_only,101,0.010690663909941054,0.009661864733706338,0.031071344314494324,0.6138613861386139,0.3465346534653465,long,0.6138613861386139,0.06595317070624791
posts_high&has_deal,225,0.007283391565381541,0.008305495310190425,0.027937597245646123,0.6,0.3688888888888889,long,0.6,0.06555052408843387
posts_very_high&has_russia,120,0.009697748087401212,0.008054072290379688,0.028183835658072646,0.6166666666666667,0.35,long,0.6166666666666667,0.06551066307515745
short_posts&deal_over_tariff,154,0.008291343173857183,0.007915320377013702,0.027383137408130497,0.6363636363636364,0.33116883116883117,long,0.6363636363636364,0.06547727637467016
posts_high&attack_heavy,246,0.007058139389597793,0.007973942972449799,0.02672433885122984,0.5894308943089431,0.3780487804878049,long,0.5894308943089431,0.06525152702925825
posts_high&has_uppercase_phrase,204,0.007558442723814236,0.008364571840156598,0.02893463977426641,0.6029411764705882,0.37254901960784315,long,0.6029411764705882,0.06509121139640452
has_attack&has_russia,244,0.007011125668741598,0.006945788802788955,0.02764768140935194,0.5942622950819673,0.36885245901639346,long,0.5942622950819673,0.0650819925196257
positive_heavy&has_night_post,572,0.00492985666264658,0.004378198792733712,0.028182357866823455,0.548951048951049,0.4125874125874126,long,0.548951048951049,0.06472408594050925
posts_high&exclamation_heavy,409,0.0055993334174027605,0.005649744008565216,0.02931878057979969,0.5696821515892421,0.4034229828850856,long,0.5696821515892421,0.06451052789069345
posts_high&has_exclamation,409,0.0055993334174027605,0.005649744008565216,0.02931878057979969,0.5696821515892421,0.4034229828850856,long,0.5696821515892421,0.06451052789069345
posts_high,409,0.0055993334174027605,0.005649744008565216,0.02931878057979969,0.5696821515892421,0.4034229828850856,long,0.5696821515892421,0.06451052789069345
posts_high&deal_over_tariff,199,0.00762000638636077,0.00836819524767396,0.029104084086735524,0.5979899497487438,0.36683417085427134,long,0.5979899497487438,0.0642799837810822
posts_high&positive_heavy,372,0.005847848604391436,0.006244463386201549,0.02903234860005125,0.5698924731182796,0.40053763440860213,long,0.5698924731182796,0.06427772712101691
posts_high&has_night_post,398,0.0056830452233573945,0.005529520517252751,0.029244656507700185,0.5653266331658291,0.40703517587939697,long,0.5653266331658291,0.06409469630176115
posts_high&has_russia,176,0.007925102717110244,0.008336845278932192,0.027568997635178578,0.6079545454545454,0.3693181818181818,long,0.6079545454545454,0.06391934906208732
has_attack&deal_over_tariff,239,0.007205913046179911,0.006557556289105815,0.02898156360903581,0.5732217573221757,0.37656903765690375,long,0.5732217573221757,0.06385731205922168
has_uppercase_phrase,298,0.006256608760587999,0.007323679361224689,0.02970662295117513,0.5906040268456376,0.3825503355704698,long,0.5906040268456376,0.06378866809902743
has_uppercase_phrase&exclamation_heavy,281,0.006465556210662749,0.006849039710365323,0.028593064096944613,0.5871886120996441,0.38434163701067614,long,0.5871886120996441,0.06364095323373183
posts_high&has_positive,407,0.005556165671835326,0.005649744008565216,0.029372270632931213,0.5675675675675675,0.40540540540540543,long,0.5675675675675675,0.06361945760821479
has_china&volume_spike,72,0.010980214668079545,0.012972691023867222,0.03342150763981498,0.6805555555555556,0.2916666666666667,long,0.6805555555555556,0.06340750471391152
has_russia&volume_spike,78,0.011139787445256559,0.012972691023867222,0.029914954483701274,0.6410256410256411,0.32051282051282054,long,0.6410256410256411,0.06306662744758151
has_all_caps&has_exclamation,181,0.007507111596927882,0.009324052446622932,0.031157793955289434,0.6243093922651933,0.35359116022099446,long,0.6243093922651933,0.06305391078899403
has_all_caps,181,0.007507111596927882,0.009324052446622932,0.031157793955289434,0.6243093922651933,0.35359116022099446,long,0.6243093922651933,0.06305391078899403
has_russia&has_night_post,263,0.006585830976981195,0.005167773368532025,0.027131069059174704,0.5893536121673004,0.38022813688212925,long,0.5893536121673004,0.06294545894939965
posts_high&deal_only,161,0.008224166142998953,0.008908665869076238,0.02953196861082408,0.6024844720496895,0.36024844720496896,long,0.6024844720496895,0.06287104392338659
has_deal&attack_heavy,167,0.008105723840229787,0.008908665869076238,0.026524358011677896,0.5988023952095808,0.3592814371257485,long,0.5988023952095808,0.0627239742407563
has_night_post&has_all_caps,178,0.007504033018797495,0.009431542087060873,0.03139490634534846,0.6235955056179775,0.3539325842696629,long,0.6235955056179775,0.06243206702574599
has_russia&lots_of_excl,258,0.006616785653159668,0.005321111257415412,0.02756735291924117,0.5852713178294574,0.38372093023255816,long,0.5852713178294574,0.06220340527933865
has_action&has_attack,150,0.008559697372637579,0.009803334237996286,0.028719004474478615,0.5933333333333334,0.36,long,0.5933333333333334,0.062201776382958145
positive_heavy&has_all_caps,146,0.00816512557357245,0.009431542087060873,0.029747118700749423,0.6301369863013698,0.3493150684931507,long,0.6301369863013698,0.062169055253970394
has_night_post&has_uppercase_phrase,280,0.006340303328953942,0.006896685486285192,0.02954283014871954,0.5857142857142857,0.38571428571428573,long,0.5857142857142857,0.062140517831115544
has_uppercase_phrase&has_exclamation,296,0.006124731820533466,0.006993434578708824,0.029763317650595814,0.5878378378378378,0.38513513513513514,long,0.5878378378378378,0.06194274825062496
pre_action&deal_only,31,0.015609672532142042,0.018912404428538254,0.024918677647784937,0.7096774193548387,0.25806451612903225,long,0.7096774193548387,0.06167875889283732
attack_heavy&deal_over_tariff,149,0.008505478286062618,0.008908665869076238,0.02736071660406183,0.5906040268456376,0.3624161073825503,long,0.5906040268456376,0.06131804193877186
positive_heavy&lots_of_excl,586,0.004648918468721044,0.004137710481723289,0.028624686395220564,0.5443686006825939,0.4180887372013652,long,0.5443686006825939,0.06126237152871963
deal_heavy&has_attack,120,0.008934077447345158,0.009600448230602576,0.030821426785736405,0.625,0.35,long,0.625,0.061167446855113945
posts_high&volume_spike,120,0.008927763638278484,0.009346195302223359,0.03101199526684699,0.625,0.35,long,0.625,0.06112421915949398
has_attack&attack_heavy,297,0.006189032457003584,0.0061598022029316635,0.02589256836835606,0.5723905723905723,0.3872053872053872,long,0.5723905723905723,0.0610510948891053
attack_heavy,297,0.006189032457003584,0.0061598022029316635,0.02589256836835606,0.5723905723905723,0.3872053872053872,long,0.5723905723905723,0.0610510948891053
attack_heavy&has_exclamation,297,0.006189032457003584,0.0061598022029316635,0.02589256836835606,0.5723905723905723,0.3872053872053872,long,0.5723905723905723,0.0610510948891053
posts_very_high&attack_heavy,166,0.007785043528471128,0.008705994811299411,0.02789669453666301,0.608433734939759,0.35542168674698793,long,0.608433734939759,0.06102789283542247
attack_heavy&exclamation_heavy,296,0.006201838890287972,0.0063372051614879465,0.02593547473315261,0.5709459459459459,0.3885135135135135,long,0.5709459459459459,0.06092020122014027
positive_heavy&has_exclamation,605,0.004550339514501459,0.003936894349539699,0.02843310989305568,0.543801652892562,0.41818181818181815,long,0.543801652892562,0.06086421324213322
has_positive&positive_heavy,605,0.004550339514501459,0.003936894349539699,0.02843310989305568,0.543801652892562,0.41818181818181815,long,0.543801652892562,0.06086421324213322
positive_heavy,605,0.004550339514501459,0.003936894349539699,0.02843310989305568,0.543801652892562,0.41818181818181815,long,0.543801652892562,0.06086421324213322
has_chips,32,0.016355181979613616,0.013852024918994954,0.0269282411198192,0.65625,0.3125,long,0.65625,0.06071551544795526
has_exclamation&has_chips,32,0.016355181979613616,0.013852024918994954,0.0269282411198192,0.65625,0.3125,long,0.65625,0.06071551544795526
exclamation_heavy&has_chips,32,0.016355181979613616,0.013852024918994954,0.0269282411198192,0.65625,0.3125,long,0.65625,0.06071551544795526
has_positive&has_chips,32,0.016355181979613616,0.013852024918994954,0.0269282411198192,0.65625,0.3125,long,0.65625,0.06071551544795526
has_night_post&has_chips,32,0.016355181979613616,0.013852024918994954,0.0269282411198192,0.65625,0.3125,long,0.65625,0.06071551544795526
attack_heavy&has_night_post,286,0.006292192103917389,0.0060738212751219045,0.025695930619655638,0.5699300699300699,0.3881118881118881,long,0.5699300699300699,0.06064661438055294
has_attack&pre_deal,129,0.008817582010698174,0.011441707387886746,0.029419634206925605,0.6046511627906976,0.3798449612403101,long,0.6046511627906976,0.060554894968773844
attack_heavy&has_positive,294,0.006155456506989823,0.0063372051614879465,0.025992657858106248,0.5714285714285714,0.3877551020408163,long,0.5714285714285714,0.06031091030407816
has_action&deal_only,73,0.011688960710261272,0.014084957543005983,0.030519579416879054,0.6027397260273972,0.3287671232876712,long,0.6027397260273972,0.06019593232661695
lots_of_excl&has_chips,31,0.016716066128358183,0.01515172891561023,0.02729459030293744,0.6451612903225806,0.3225806451612903,long,0.6451612903225806,0.060045882113666266
positive_heavy&has_chips,31,0.016716066128358183,0.01515172891561023,0.02729459030293744,0.6451612903225806,0.3225806451612903,long,0.6451612903225806,0.060045882113666266
pre_action&deal_over_tariff,41,0.014228889705060494,0.018912404428538254,0.028500654265475312,0.6585365853658537,0.3170731707317073,long,0.6585365853658537,0.05999883928390861
has_night_post&deal_only,243,0.006725844494568106,0.006315645976852746,0.02952863407114987,0.5720164609053497,0.3786008230452675,long,0.5720164609053497,0.05997337444398197
positive_heavy&exclamation_heavy,601,0.004491869421050487,0.003936894349539699,0.02848322853569987,0.5440931780366056,0.4176372712146423,long,0.5440931780366056,0.05991528637796131
has_deal&has_attack,269,0.006372705822063802,0.005649744008565216,0.028342365759362827,0.5724907063197026,0.3828996282527881,long,0.5724907063197026,0.059836812657803495
attack_heavy&lots_of_excl,294,0.0061304664527047515,0.0063372051614879465,0.025990299503655452,0.5680272108843537,0.391156462585034,long,0.5680272108843537,0.059708522713354834
has_china&short_posts,151,0.007712480651244541,0.008908665869076238,0.03232309226731785,0.6291390728476821,0.3509933774834437,long,0.6291390728476821,0.059625113553547486
has_positive&has_russia,271,0.006227833186538386,0.004494198471628907,0.027386087229396214,0.5793357933579336,0.3874538745387454,long,0.5793357933579336,0.059395286067495875
has_russia&has_exclamation,279,0.0060768986724741075,0.004535208510710209,0.027460964501539033,0.5806451612903226,0.3870967741935484,long,0.5806451612903226,0.05893793395861427
attack_heavy&has_russia,150,0.007911272969502215,0.00858072528989251,0.024378150936443757,0.6066666666666667,0.36,long,0.6066666666666667,0.05878169870649892
has_attack&has_chips,28,0.016365264419725054,0.013852024918994954,0.02542308870577931,0.6785714285714286,0.2857142857142857,long,0.6785714285714286,0.058762141149551354
has_action&has_uppercase_phrase,94,0.009812917713916871,0.00986472051191356,0.032477591093386514,0.6170212765957447,0.35106382978723405,long,0.6170212765957447,0.05870326054395415
posts_high&has_chips,24,0.017961792915837178,0.01752142493125297,0.026692749491840927,0.6666666666666666,0.2916666666666667,long,0.6666666666666666,0.05866297001245162
has_russia&exclamation_heavy,274,0.00609808676946003,0.004514703491169558,0.027276657107623697,0.5802919708029197,0.38686131386861317,long,0.5802919708029197,0.058575424217156474
has_deal&has_all_caps,94,0.009101034156457934,0.009427945951238637,0.029176306634654946,0.6595744680851063,0.3191489361702128,long,0.6595744680851063,0.058199399949765675
posts_very_high&has_action,96,0.009639634152093615,0.01135282133411275,0.030762327972348742,0.6145833333333334,0.34375,long,0.6145833333333334,0.05804662140851699
has_russia,280,0.005994954477343506,0.004514703491169558,0.02744598050532826,0.5785714285714286,0.3892857142857143,long,0.5785714285714286,0.058039262934124036
has_night_post&deal_over_tariff,285,0.006058738555745415,0.005649744008565216,0.029354235168965532,0.5649122807017544,0.3894736842105263,long,0.5649122807017544,0.05778108044451781
positive_heavy&has_uppercase_phrase,235,0.006338714213064651,0.006849039710365323,0.028469147944041266,0.5914893617021276,0.3829787234042553,long,0.5914893617021276,0.05747540507260452
has_positive&volume_spike,139,0.007948856071523269,0.008225819926790612,0.03163407478253199,0.6115107913669064,0.3669064748201439,long,0.6115107913669064,0.057308119649626406
posts_very_high&has_uppercase_phrase,133,0.008234050571491285,0.008225819926790612,0.030952294782570985,0.6015037593984962,0.3684210526315789,long,0.6015037593984962,0.05711861872084696
has_attack&deal_only,202,0.007114926792208239,0.005644356727458777,0.02938492761457811,0.5643564356435643,0.3811881188118812,long,0.5643564356435643,0.05706891325004176
posts_high&has_china,203,0.006763802697017524,0.008503323753522585,0.030469073948643302,0.5911330049261084,0.3891625615763547,long,0.5911330049261084,0.056967106043544324
positive_heavy&has_russia,222,0.006528575089814544,0.005529520517252751,0.027737940403571457,0.5855855855855856,0.38288288288288286,long,0.5855855855855856,0.05696200514483016
has_china&has_uppercase_phrase,132,0.008071404313235813,0.008869384422052762,0.028629666960278147,0.6136363636363636,0.36363636363636365,long,0.6136363636363636,0.05690457129631138
has_deal&has_night_post,323,0.005607866428952096,0.005638969446352338,0.029073962396236636,0.5634674922600619,0.39628482972136225,long,0.5634674922600619,0.05678946635128206
has_attack&volume_spike,121,0.00832081624066785,0.010570815453603055,0.03258434758402027,0.6198347107438017,0.35537190082644626,long,0.6198347107438017,0.05673283800455353
deal_heavy&has_uppercase_phrase,66,0.010414731520737536,0.009723251007623612,0.03042887651156611,0.6666666666666666,0.3181818181818182,long,0.6666666666666666,0.05640645256562962
attack_heavy&has_china,147,0.007365241563520032,0.009153218880040948,0.027325525734703954,0.6258503401360545,0.3469387755102041,long,0.6258503401360545,0.055887689477104534
has_action&deal_over_tariff,89,0.01013449798589743,0.014084723116886355,0.03149970151633505,0.5842696629213483,0.3595505617977528,long,0.5842696629213483,0.055861241175896005
has_russia&has_all_caps,72,0.009873479610768147,0.012170127804495223,0.026513970431216862,0.6666666666666666,0.3055555555555556,long,0.6666666666666666,0.05585283509345016
has_deal&has_action,101,0.009340838038631324,0.01002013388761136,0.030115979143934005,0.594059405940594,0.3564356435643564,long,0.594059405940594,0.05576688741699779
posts_high&deal_heavy,111,0.008586230295090749,0.009153358876947904,0.029522768799805407,0.6126126126126126,0.36036036036036034,long,0.6126126126126126,0.055417886138112514
pre_deal&pre_action,34,0.014048559322341647,0.017959584173057985,0.026634494746159216,0.6764705882352942,0.3235294117647059,long,0.6764705882352942,0.05541408508266049
uppercase_phrase_heavy&deal_over_tariff,23,0.015614423214991908,0.011363458538296012,0.03758481037071229,0.7391304347826086,0.17391304347826086,long,0.7391304347826086,0.055349149227724784
pre_action&has_uppercase_phrase,45,0.01275267745425271,0.01578952206445594,0.03294726964267571,0.6444444444444445,0.3333333333333333,long,0.6444444444444445,0.055130650453486856
deal_heavy&deal_only,91,0.008907816515882497,0.010169723163981459,0.03319649660007627,0.6483516483516484,0.32967032967032966,long,0.6483516483516484,0.055093780993214075
has_deal&uppercase_phrase_heavy,26,0.014756516889475695,0.010451245132897413,0.03561223002750846,0.7307692307692307,0.19230769230769232,long,0.7307692307692307,0.05498583014884089
attack_heavy&short_posts,150,0.00730729221180326,0.006958129142773828,0.026299984339793726,0.6133333333333333,0.34,long,0.6133333333333333,0.054890687782349894
has_deal&has_uppercase_phrase,139,0.007683413817766673,0.008908665869076238,0.030892858287940854,0.60431654676259,0.3597122302158273,long,0.60431654676259,0.05474268695599044
has_uppercase_phrase&short_posts,158,0.007058699598840027,0.008364571840156598,0.031213437894059802,0.6139240506329114,0.35443037974683544,long,0.6139240506329114,0.05447131886185523
attack_heavy&volume_spike,99,0.008881890805800775,0.010570815453603055,0.029358787597163236,0.6161616161616161,0.35353535353535354,long,0.6161616161616161,0.05445248039808064
posts_very_high&has_all_caps,104,0.008390662748835643,0.009235109525963181,0.03250561774881322,0.6346153846153846,0.34615384615384615,long,0.6346153846153846,0.05430296353513605
has_market_brag&volume_spike,36,0.012524853318737324,0.013577749781670145,0.03228113029436251,0.7222222222222222,0.2777777777777778,long,0.7222222222222222,0.05427436438119507
has_all_caps&deal_only,67,0.010305118153328116,0.010169723163981459,0.030519620837898633,0.6417910447761194,0.3283582089552239,long,0.6417910447761194,0.054135734029181315
deal_over_tariff,310,0.005382466002059258,0.004012821418453161,0.029189043399835315,0.5612903225806452,0.3935483870967742,long,0.5612903225806452,0.05319241358145553
has_deal&deal_over_tariff,310,0.005382466002059258,0.004012821418453161,0.029189043399835315,0.5612903225806452,0.3935483870967742,long,0.5612903225806452,0.05319241358145553
has_action&lots_of_excl,173,0.007042149107525933,0.009153218880040948,0.029262266660374986,0.5722543352601156,0.3930635838150289,long,0.5722543352601156,0.053005063537146485
has_action,187,0.006768416216482872,0.009539031727498815,0.02968452668167874,0.5721925133689839,0.39037433155080214,long,0.5721925133689839,0.05296025063517828
has_action&has_exclamation,185,0.006786499398015628,0.009539031727498815,0.029756932759258673,0.572972972972973,0.3891891891891892,long,0.572972972972973,0.05288905605667029
pre_deal&has_uppercase_phrase,68,0.009668620911964182,0.01009492852579641,0.02933336463259974,0.6617647058823529,0.3382352941176471,long,0.6617647058823529,0.05276216286275833
deal_heavy&deal_over_tariff,136,0.007319432958254953,0.009600448230602576,0.0316856379789087,0.6176470588235294,0.3602941176470588,long,0.6176470588235294,0.052721440648219244
pre_deal&deal_over_tariff,149,0.007125787626457694,0.009153358876947904,0.03017088619561716,0.6040268456375839,0.37583892617449666,long,0.6040268456375839,0.05253905414190376
has_deal&pre_deal,170,0.006711855554681942,0.008729427093569164,0.03041282665451414,0.6,0.38235294117647056,long,0.6,0.05250713385054633
pre_deal,170,0.006711855554681942,0.008729427093569164,0.03041282665451414,0.6,0.38235294117647056,long,0.6,0.05250713385054633
deal_heavy&short_posts,64,0.009974927809187309,0.008689589401869258,0.030049869876246773,0.65625,0.296875,long,0.65625,0.05236837099823337
has_russia&pre_deal,67,0.009712310945039476,0.013483084029792813,0.027542522608303817,0.6567164179104478,0.3283582089552239,long,0.6567164179104478,0.05220809578912992
lots_of_excl&deal_over_tariff,287,0.0054584842817909365,0.0038240046019983875,0.028927243275452548,0.5644599303135889,0.3902439024390244,long,0.5644599303135889,0.0521970705980542
has_positive&high_emotion,25,0.014494286610653573,0.014457868399783802,0.02444543515416531,0.72,0.2,long,0.72,0.05217943179835286
posts_very_high&volume_spike,93,0.008963138112774844,0.009153358876947904,0.03368606159094391,0.6021505376344086,0.3655913978494624,long,0.6021505376344086,0.05204831103441055
has_uppercase_phrase&deal_over_tariff,123,0.007902264451939709,0.008225819926790612,0.03199294170695214,0.5934959349593496,0.36585365853658536,long,0.5934959349593496,0.052014192880409184
attack_heavy&positive_heavy,262,0.005723486081644765,0.0060738212751219045,0.02620536699943413,0.5610687022900763,0.3969465648854962,long,0.5610687022900763,0.051978928197348465
has_china&has_russia,119,0.007647579807473134,0.008908665869076238,0.0273087308815134,0.6218487394957983,0.35294117647058826,long,0.6218487394957983,0.051877884374063
has_exclamation&deal_over_tariff,309,0.005264745524172249,0.0038240046019983875,0.029162587791695515,0.5598705501618123,0.3948220064724919,long,0.5598705501618123,0.05181365719747764
has_china&lots_of_excl,276,0.005437587553986504,0.006627038202012714,0.02841040080495042,0.572463768115942,0.40217391304347827,long,0.572463768115942,0.05171408069680288
has_all_caps&has_uppercase_phrase,133,0.007256881050302254,0.009316860174978459,0.033357567677920946,0.6165413533834586,0.3533834586466165,long,0.6165413533834586,0.051598614032215565
attack_heavy&has_uppercase_phrase,148,0.0070460060133765955,0.007915320377013702,0.027468763881576565,0.6013513513513513,0.3581081081081081,long,0.6013513513513513,0.05154685326502236
posts_very_high&pre_deal,76,0.00934597709151402,0.0110062614207449,0.029219455207765546,0.631578947368421,0.3684210526315789,long,0.631578947368421,0.051458740636491536
has_tariff&volume_spike,40,0.011601441776134726,0.013498285063404114,0.024360175756972594,0.7,0.3,long,0.7,0.05136177221618101
has_deal,350,0.00491882030885517,0.0035788194400954154,0.028916838103306294,0.5571428571428572,0.40285714285714286,long,0.5571428571428572,0.05126979095505882
deal_over_tariff&deal_only,265,0.005598992004758505,0.0038240046019983875,0.029356725289270656,0.5622641509433962,0.3886792452830189,long,0.5622641509433962,0.05124755837096071
deal_only,265,0.005598992004758505,0.0038240046019983875,0.029356725289270656,0.5622641509433962,0.3886792452830189,long,0.5622641509433962,0.05124755837096071
has_deal&deal_only,265,0.005598992004758505,0.0038240046019983875,0.029356725289270656,0.5622641509433962,0.3886792452830189,long,0.5622641509433962,0.05124755837096071
exclamation_heavy&volume_spike,131,0.00741668527510889,0.008225819926790612,0.03226879161066364,0.6030534351145038,0.37404580152671757,long,0.6030534351145038,0.051191905293542506
has_china&has_night_post,280,0.005315675620187888,0.006358679246018739,0.028874616107622823,0.5714285714285714,0.4,long,0.5714285714285714,0.050827580633519276
lots_of_excl&volume_spike,131,0.007258570312067791,0.008225819926790612,0.03169148533420145,0.6106870229007634,0.366412213740458,long,0.6106870229007634,0.05073473861770405
pre_deal&has_exclamation,169,0.006504481364655536,0.008305495310190425,0.030382419508660937,0.5976331360946746,0.38461538461538464,long,0.5976331360946746,0.05053481675616994
has_deal&pre_action,48,0.011607041090455511,0.015676968641052724,0.02772906203461281,0.625,0.3541666666666667,long,0.625,0.050259962235521524
has_attack&sig_potus,53,0.010759476778962444,0.012068900637321356,0.029996570841617803,0.6415094339622641,0.33962264150943394,long,0.6415094339622641,0.05024954513713757
has_china&open_deal,42,0.011612554342243937,0.01435105685450866,0.032725681248098715,0.6666666666666666,0.2619047619047619,long,0.6666666666666666,0.05017196902550214
has_all_caps&volume_spike,50,0.009842246082236328,0.013644528992453053,0.03189206387858844,0.72,0.24,long,0.72,0.050108536417363465
has_uppercase_phrase&deal_only,101,0.008384678992641175,0.008908665869076238,0.03277034304775653,0.594059405940594,0.3564356435643564,long,0.594059405940594,0.05005840455390238
has_deal&has_exclamation,349,0.004813263651662363,0.003384017541575801,0.028890748919263062,0.5558739255014327,0.4040114613180516,long,0.5558739255014327,0.04998373066870078
has_all_caps&deal_over_tariff,85,0.00852551405813816,0.009153358876947904,0.030469177468351538,0.6352941176470588,0.3411764705882353,long,0.6352941176470588,0.049934979029825105
has_exclamation&deal_only,264,0.005462025710575223,0.0037988129703067086,0.029327528898638825,0.5606060606060606,0.39015151515151514,long,0.5606060606060606,0.049752337747679364
has_russia&pre_action,32,0.012766287143959502,0.016106563030467536,0.029284319336733974,0.6875,0.28125,long,0.6875,0.049649205155376235
has_action&has_night_post,182,0.006438997615639593,0.009346125303769881,0.029584985680167944,0.5714285714285714,0.3956043956043956,long,0.5714285714285714,0.049638186858783205
pre_deal&lots_of_excl,159,0.006577491547095806,0.008225819926790612,0.02881926084543969,0.5974842767295597,0.3836477987421384,long,0.5974842767295597,0.04955475596398417
deal_over_tariff&volume_spike,74,0.009061397289517825,0.009600448230602576,0.030908972045521864,0.6351351351351351,0.33783783783783783,long,0.6351351351351351,0.04950820381542629
has_deal&volume_spike,88,0.008292337948280297,0.009600448230602576,0.029178721049213274,0.6363636363636364,0.3409090909090909,long,0.6363636363636364,0.049502106943412824
posts_very_high&has_market_brag,63,0.009546421994341936,0.009153358876947904,0.030471061859569496,0.6507936507936508,0.3492063492063492,long,0.6507936507936508,0.049312180895607
deal_heavy&attack_heavy,85,0.008733739603556877,0.009153358876947904,0.028169009193192058,0.611764705882353,0.35294117647058826,long,0.611764705882353,0.04925996739738158
lots_of_excl&deal_only,244,0.00557100182521686,0.0037988129703067086,0.02926119530763214,0.5655737704918032,0.38524590163934425,long,0.5655737704918032,0.04921726473428523
deal_heavy&lots_of_excl,139,0.00698399755940252,0.008225819926790612,0.030326640888661577,0.5971223021582733,0.381294964028777,long,0.5971223021582733,0.04916712014281636
deal_heavy&volume_spike,51,0.010306846786439986,0.009661864733706338,0.028902566459768037,0.6666666666666666,0.3137254901960784,long,0.6666666666666666,0.04907040576621202
has_uppercase_phrase&volume_spike,83,0.008273420912049622,0.009661864733706338,0.03125868310639717,0.6506024096385542,0.3132530120481928,long,0.6506024096385542,0.049038799895695206
pre_deal&has_night_post,164,0.0064396480656226185,0.008265657618490518,0.030667144664347314,0.5914634146341463,0.3902439024390244,long,0.5914634146341463,0.04877664708687802
attack_heavy&deal_only,121,0.007723949832369748,0.008225819926790612,0.027874330722458523,0.5702479338842975,0.38016528925619836,long,0.5702479338842975,0.048450230766682964
pre_deal&deal_only,118,0.007298105131250904,0.007506580037369481,0.030461281811548852,0.6101694915254238,0.3644067796610169,long,0.6101694915254238,0.04837284246659828
has_action&exclamation_heavy,179,0.0063345838688725785,0.009153218880040948,0.02991949901962735,0.5698324022346368,0.39664804469273746,long,0.5698324022346368,0.04829384087207206
has_action&has_positive,181,0.006325960998646574,0.008503323753522585,0.029835776509843145,0.56353591160221,0.39779005524861877,long,0.56353591160221,0.04796090775275514
attack_heavy&pre_deal,93,0.008224352565051041,0.010570815453603055,0.02799942931082859,0.6021505376344086,0.3978494623655914,long,0.6021505376344086,0.04775823545018511
has_positive&pre_deal,164,0.006294147103417998,0.007506580037369481,0.030592017229079525,0.5914634146341463,0.3902439024390244,long,0.5914634146341463,0.0476745606045215
has_china&has_all_caps,88,0.00794861096807137,0.009427945951238637,0.031637695916276354,0.6363636363636364,0.32954545454545453,long,0.6363636363636364,0.047450187467896594
has_action&short_posts,102,0.0077139753865354405,0.009803334237996286,0.03230926768565283,0.6078431372549019,0.3431372549019608,long,0.6078431372549019,0.04735543740847577
has_action&pre_deal,55,0.010303167223812694,0.01578952206445594,0.029950961427062012,0.6181818181818182,0.36363636363636365,long,0.6181818181818182,0.04723547869156606
positive_heavy&volume_spike,126,0.006975294021893492,0.007973942972449799,0.03218814266294771,0.6031746031746031,0.373015873015873,long,0.6031746031746031,0.04722705215588763
has_exclamation&volume_spike,147,0.006360630327324205,0.008225819926790612,0.03468335478294184,0.6122448979591837,0.3673469387755102,long,0.6122448979591837,0.047215435264667066
volume_spike,169,0.0061987484498418136,0.007042537895212586,0.03355652279269087,0.5857988165680473,0.378698224852071,long,0.5857988165680473,0.047205853579564576
posts_high&pre_deal,114,0.00728056116940563,0.009977180222761173,0.028325940497572068,0.6052631578947368,0.39473684210526316,long,0.6052631578947368,0.047050205012163775
has_russia&has_uppercase_phrase,115,0.007305131718232378,0.006849039710365323,0.028285299015919935,0.6,0.3565217391304348,long,0.6,0.04700328611935557
has_deal&lots_of_excl,326,0.0046445980767713035,0.0033315405053224723,0.028162318362660782,0.558282208588957,0.401840490797546,long,0.558282208588957,0.04681777023696029
deal_heavy&has_night_post,140,0.006581860329868092,0.008689589401869258,0.031082522163479415,0.6,0.37857142857142856,long,0.6,0.046726572999261584
has_russia&short_posts,137,0.00672194122737769,0.004311829611246321,0.027637911234185783,0.5912408759124088,0.3722627737226277,long,0.5912408759124088,0.046517829894890284
has_action&has_iran,35,0.011963587248459872,0.013605713801446484,0.024510843293379395,0.6571428571428571,0.3142857142857143,long,0.6571428571428571,0.04651095265831776
has_positive&deal_over_tariff,299,0.004864200148786532,0.0032790634690691434,0.029282905308925147,0.5518394648829431,0.4013377926421405,long,0.5518394648829431,0.04641515303890836
has_positive&has_china,291,0.004854057939524029,0.0059878403473121455,0.028840633095935368,0.5601374570446735,0.40893470790378006,long,0.5601374570446735,0.04638163627240415
deal_heavy,148,0.006377694711191718,0.008689589401869258,0.03086633357473817,0.5945945945945946,0.38513513513513514,long,0.5945945945945946,0.046133408281956674
deal_heavy&has_exclamation,148,0.006377694711191718,0.008689589401869258,0.03086633357473817,0.5945945945945946,0.38513513513513514,long,0.5945945945945946,0.046133408281956674
has_deal&deal_heavy,148,0.006377694711191718,0.008689589401869258,0.03086633357473817,0.5945945945945946,0.38513513513513514,long,0.5945945945945946,0.046133408281956674
has_tariff&short_posts,42,0.010300283780697549,0.007336019701209562,0.028890413173945844,0.6904761904761905,0.2619047619047619,long,0.6904761904761905,0.04609168049473316
has_tariff&has_uppercase_phrase,57,0.009122821086101,0.009539031727498815,0.025050250000594472,0.6666666666666666,0.3333333333333333,long,0.6666666666666666,0.045917192521772954
has_china,298,0.0047440712047018595,0.00605519081138195,0.028822058210523277,0.5604026845637584,0.40939597315436244,long,0.5604026845637584,0.04589438324412253
has_china&has_exclamation,298,0.0047440712047018595,0.00605519081138195,0.028822058210523277,0.5604026845637584,0.40939597315436244,long,0.5604026845637584,0.04589438324412253
has_russia&tariff_only,24,0.011794630959893207,0.01345327361118509,0.02305285663913967,0.7916666666666666,0.20833333333333334,long,0.7916666666666666,0.04574381029727125
has_action&attack_heavy,102,0.007953103516215723,0.009803334237996286,0.028222202170722844,0.5686274509803921,0.39215686274509803,long,0.5686274509803921,0.045673526252596845
has_attack&uppercase_phrase_heavy,40,0.011528906623165183,0.010451245132897413,0.03768025000875138,0.625,0.325,long,0.625,0.04557200482575316
short_posts&volume_spike,93,0.007826566171114161,0.007042537895212586,0.03684954086281281,0.6021505376344086,0.34408602150537637,long,0.6021505376344086,0.045448317908317215
attack_heavy&pre_action,44,0.01114650165449586,0.017800954443787598,0.03446245469825507,0.6136363636363636,0.36363636363636365,long,0.6136363636363636,0.045370755466001736
open_deal&has_all_caps,27,0.012323708277940361,0.01215764318582413,0.03298438688461179,0.7037037037037037,0.2222222222222222,long,0.7037037037037037,0.04506227651399415
has_deal&has_positive,339,0.004446662218136026,0.003215171850751375,0.028984296684716616,0.5486725663716814,0.41002949852507375,long,0.5486725663716814,0.0449207744972113
lots_of_excl&tariff_only,51,0.009133484837863665,0.013393061125354766,0.027080289002938372,0.6862745098039216,0.3137254901960784,long,0.6862745098039216,0.04476302920681301
deal_heavy&has_positive,144,0.006314939886945123,0.007915320377013702,0.031198692687345268,0.5902777777777778,0.3888888888888889,long,0.5902777777777778,0.044730824199194615
exclamation_heavy&deal_over_tariff,299,0.004670326829339692,0.0032790634690691434,0.029237682665180356,0.5518394648829431,0.40468227424749165,long,0.5518394648829431,0.044565175752399884
has_market_brag&has_all_caps,53,0.009215482488812099,0.01239659677024152,0.03170787071171553,0.660377358490566,0.33962264150943394,long,0.660377358490566,0.044304535510287436
deal_heavy&has_russia,63,0.009010704555548,0.010570815453603055,0.029940539275350852,0.6190476190476191,0.36507936507936506,long,0.6190476190476191,0.04427444058413406
posts_high&has_market_brag,107,0.007148606870590929,0.00800021208444579,0.028758174734064418,0.5981308411214953,0.3925233644859813,long,0.5981308411214953,0.04422924228891382
positive_heavy&uppercase_phrase_heavy,36,0.011503259316615269,0.01241765640184822,0.03870526528117771,0.6388888888888888,0.3055555555555556,long,0.6388888888888888,0.04409582738035853
attack_heavy&has_all_caps,102,0.006745991069222405,0.009235109525963181,0.028413388914533252,0.6470588235294118,0.3235294117647059,long,0.6470588235294118,0.04408487478207881
short_posts&has_chips,20,0.015148465444582825,0.00871554144404163,0.027117254238813154,0.65,0.3,long,0.65,0.04403489803556191
deal_heavy&pre_deal,96,0.0071716505828206415,0.010370269308792257,0.0313952141369245,0.625,0.375,long,0.625,0.0439172113536104
has_positive&deal_only,254,0.004998284508306325,0.0032539808769640466,0.029477567392824446,0.5511811023622047,0.39763779527559057,long,0.5511811023622047,0.04390683682656503
deal_heavy&exclamation_heavy,146,0.006156988460368716,0.007915320377013702,0.030990485835834823,0.589041095890411,0.3904109589041096,long,0.589041095890411,0.0438218151903786
has_action&has_russia,77,0.008334825088386403,0.011261249680154517,0.02804744037048658,0.5974025974025974,0.35064935064935066,long,0.5974025974025974,0.0436927077010873
pre_deal&exclamation_heavy,166,0.0057429735356495605,0.007506580037369481,0.02960762990873018,0.5903614457831325,0.39156626506024095,long,0.5903614457831325,0.04368263690235725
has_relief&has_russia,39,0.010475342622222076,0.008908665869076238,0.030145424502412914,0.6666666666666666,0.28205128205128205,long,0.6666666666666666,0.043612329138876194
has_tariff&has_russia,65,0.007775493698720857,0.01181089836190008,0.025566809481164958,0.6923076923076923,0.3076923076923077,long,0.6923076923076923,0.04339940837494069
has_russia&sig_potus,35,0.011637091435973404,0.012068900637321356,0.032243592616191676,0.6285714285714286,0.34285714285714286,long,0.6285714285714286,0.043274604295021904
deal_heavy&positive_heavy,131,0.00651678905708825,0.007604820827236791,0.031267589526385454,0.5801526717557252,0.3969465648854962,long,0.5801526717557252,0.04327246227042521
pre_action&has_exclamation,83,0.008018854040518154,0.011787934686610768,0.02952720218428916,0.5903614457831325,0.39759036144578314,long,0.5903614457831325,0.04312899540641786
pre_action,85,0.007950074461322502,0.011787934686610768,0.029373136469027047,0.5882352941176471,0.4,long,0.5882352941176471,0.04311533231467742
has_action&pre_action,85,0.007950074461322502,0.011787934686610768,0.029373136469027047,0.5882352941176471,0.4,long,0.5882352941176471,0.04311533231467742
attack_heavy&has_market_brag,77,0.008212342344912506,0.009153358876947904,0.02932519064895415,0.5974025974025974,0.38961038961038963,long,0.5974025974025974,0.0430506303146657
posts_very_high&open_deal,46,0.010810927591246348,0.01365447064453329,0.0324826961276693,0.5869565217391305,0.3695652173913043,long,0.5869565217391305,0.043037576421362425
has_all_caps&short_posts,123,0.006255569782907104,0.008503323753522585,0.03238628363585626,0.6178861788617886,0.35772357723577236,long,0.6178861788617886,0.04286747563800763
has_attack&pre_action,62,0.008806686616625356,0.013856107400590512,0.03158991907046225,0.6129032258064516,0.3709677419354839,long,0.6129032258064516,0.04250111211296733
has_china&exclamation_heavy,291,0.004455144728044361,0.00522215092667766,0.028538805148924325,0.5532646048109966,0.41580756013745707,long,0.5532646048109966,0.04204759867838866
exclamation_heavy&deal_only,254,0.004770063553524416,0.0032539808769640466,0.029425556647640513,0.5511811023622047,0.4015748031496063,long,0.5511811023622047,0.041902056945515874
deal_heavy&pre_action,27,0.01354259162999085,0.019169180908289674,0.03223601005322257,0.5925925925925926,0.37037037037037035,long,0.5925925925925926,0.04170036758986875
pre_tariff&has_uppercase_phrase,25,0.011577572231013704,0.016393431267217817,0.029548550948029346,0.72,0.28,long,0.72,0.04167926003164933
has_action&has_china,86,0.007134251140167531,0.01313716251147734,0.03287286478533848,0.627906976744186,0.3488372093023256,long,0.627906976744186,0.04154252859939909
has_china&uppercase_phrase_heavy,33,0.010806959801783199,0.011363458538296012,0.037789773918421,0.6666666666666666,0.30303030303030304,long,0.6666666666666666,0.041387505066641184
short_posts&volume_drop,90,0.007405015366124809,0.004459286701723686,0.022607842541791445,0.5888888888888889,0.32222222222222224,long,0.5888888888888889,0.041369529242383435
has_action&volume_spike,59,0.00881748175488835,0.013513486097015415,0.029003249251426118,0.6101694915254238,0.3389830508474576,long,0.6101694915254238,0.04132578050143913
pre_action&has_night_post,84,0.007722588207129907,0.010904034287111064,0.029474130232528196,0.5833333333333334,0.40476190476190477,long,0.5833333333333334,0.04128756919017046
has_all_caps&uppercase_phrase_heavy,37,0.010006390335948277,0.011363458538296012,0.042527297413389245,0.6756756756756757,0.2972972972972973,long,0.6756756756756757,0.041126010945300266
posts_high&has_action,134,0.006431178414923962,0.007300435766239399,0.029897697291766685,0.5522388059701493,0.41044776119402987,long,0.5522388059701493,0.0411121205923056
has_night_post&tariff_only,49,0.008987062707265125,0.011261249680154517,0.025048580417326084,0.6530612244897959,0.30612244897959184,long,0.6530612244897959,0.041083715233212
has_uppercase_phrase&china_streak_3d,32,0.012165676123532022,0.008705994811299411,0.021416485227681494,0.59375,0.375,long,0.59375,0.04086155240217663
has_china&deal_only,94,0.006566971469234511,0.009238577744057674,0.03053150708869772,0.6382978723404256,0.3191489361702128,long,0.6382978723404256,0.04063988338166279
posts_high&open_deal,60,0.008967556307882275,0.00988123200653046,0.031130094896869808,0.5833333333333334,0.35,long,0.5833333333333334,0.04051972894270622
attack_heavy&has_iran,56,0.009178842326466022,0.00925214766652016,0.026564842461125067,0.5892857142857143,0.375,long,0.5892857142857143,0.04047695519157899
has_action&positive_heavy,150,0.005911671003772798,0.007300435766239399,0.028846660862453855,0.5533333333333333,0.4066666666666667,long,0.5533333333333333,0.040062931045845566
has_deal&exclamation_heavy,338,0.003976277237059212,0.0031180700507805748,0.028453939622772803,0.5473372781065089,0.41420118343195267,long,0.5473372781065089,0.04001197928210934
has_iran&deal_only,58,0.008414954458578617,0.005982694992708981,0.02752086998935559,0.6206896551724138,0.3275862068965517,long,0.6206896551724138,0.03977775549478715
has_deal&has_russia,139,0.005846458045754076,0.005420071588153164,0.02744434199330381,0.5755395683453237,0.38848920863309355,long,0.5755395683453237,0.03967120793797603
has_positive&tariff_only,55,0.00816114403399355,0.01181089836190008,0.026425948238268646,0.6545454545454545,0.3090909090909091,long,0.6545454545454545,0.03961614373388035
has_russia&deal_over_tariff,120,0.006378522256831135,0.0046220380950757756,0.02809818850648919,0.5666666666666667,0.39166666666666666,long,0.5666666666666667,0.03959481926763863
posts_very_high&has_tariff,61,0.007723959117751536,0.009316860174978459,0.024109918328347312,0.6557377049180327,0.3442622950819672,long,0.6557377049180327,0.03955806504664602
has_night_post&volume_spike,147,0.005501637849619934,0.006944331262205061,0.03400638535708813,0.5918367346938775,0.3877551020408163,long,0.5918367346938775,0.03947776744731221
has_attack&has_market_brag,133,0.005950452116199505,0.00651460812004423,0.02787590031212843,0.5714285714285714,0.41353383458646614,long,0.5714285714285714,0.03921369228380691
has_tariff&has_attack,113,0.00586935858076314,0.008658126826262436,0.025583178123520393,0.6283185840707964,0.35398230088495575,long,0.6283185840707964,0.03920213951674655
pre_action&exclamation_heavy,79,0.0075524066256503035,0.01002013388761136,0.029994732098981944,0.5822784810126582,0.4050632911392405,long,0.5822784810126582,0.039086758060006395
has_positive&pre_action,80,0.007596856895665152,0.009902385584576123,0.02998201365345314,0.575,0.4125,long,0.575,0.0390703033983042
short_posts&china_streak_3d,42,0.010127039396800541,0.008182551236712077,0.028077225329273845,0.5952380952380952,0.38095238095238093,long,0.5952380952380952,0.03906590260311015
posts_very_high&pre_action,43,0.00983857902488352,0.014198728704165609,0.03338604026344026,0.6046511627906976,0.37209302325581395,long,0.6046511627906976,0.0390096001203763
open_deal&deal_over_tariff,78,0.007477395494984514,0.0056892210829259104,0.032129545821790916,0.5897435897435898,0.34615384615384615,long,0.5897435897435898,0.03894582269326125
positive_heavy&has_china,254,0.004367517683960041,0.005818792177938681,0.028703437892130472,0.5590551181102362,0.4094488188976378,long,0.5590551181102362,0.03891402541278897
has_positive&sig_potus,59,0.008256760101539702,0.011787934686610768,0.03175941101013807,0.6101694915254238,0.3559322033898305,long,0.6101694915254238,0.038697789810577345
has_exclamation&tariff_only,57,0.00787572763141671,0.011261249680154517,0.026008418640560034,0.6491228070175439,0.3157894736842105,long,0.6491228070175439,0.03859712750799788
has_tariff&tariff_only,57,0.00787572763141671,0.011261249680154517,0.026008418640560034,0.6491228070175439,0.3157894736842105,long,0.6491228070175439,0.03859712750799788
tariff_only,57,0.00787572763141671,0.011261249680154517,0.026008418640560034,0.6491228070175439,0.3157894736842105,long,0.6491228070175439,0.03859712750799788
has_russia&uppercase_phrase_heavy,24,0.012569234325218259,0.0139539645307446,0.029127699448826264,0.625,0.2916666666666667,long,0.625,0.038485263192825456
has_action&uppercase_phrase_heavy,26,0.012249187201001962,0.01821779573504445,0.045018679939872144,0.6153846153846154,0.3076923076923077,long,0.6153846153846154,0.038436212039113835
posts_very_high&open_tariff,22,0.01287636324834312,0.020558824839889023,0.029435481064479865,0.6363636363636364,0.36363636363636365,long,0.6363636363636364,0.038433498160425315
has_attack&tariff_only,46,0.00839554055472035,0.011893531370264832,0.026471033154349666,0.6739130434782609,0.30434782608695654,long,0.6739130434782609,0.03837350259333789
positive_heavy&deal_over_tariff,250,0.004512189769153091,0.0031180700507805748,0.029890258936909796,0.536,0.412,long,0.536,0.0382403757065608
has_market_brag&pre_deal,39,0.009153902157834867,0.009784637281540887,0.026200875465698173,0.6666666666666666,0.3076923076923077,long,0.6666666666666666,0.03811073376880901
pre_action&lots_of_excl,76,0.007547529188714608,0.009902385584576123,0.030077340242057743,0.5789473684210527,0.40789473684210525,long,0.5789473684210527,0.03809348285024585
positive_heavy&open_deal,71,0.007827153786998806,0.0037736213386150297,0.03167924313164998,0.5774647887323944,0.352112676056338,long,0.5774647887323944,0.038085402456118245
posts_high&has_tariff,95,0.006291462000559462,0.008658126826262436,0.02468575090415126,0.6210526315789474,0.3684210526315789,long,0.6210526315789474,0.038083932511688144
has_iran&short_posts,44,0.008368781917420305,0.006582342843609035,0.02327048376489894,0.6818181818181818,0.29545454545454547,long,0.6818181818181818,0.037849240325992066
positive_heavy&deal_only,207,0.004897313620801177,0.0030209682508097746,0.030262858374378657,0.5362318840579711,0.4057971014492754,long,0.5362318840579711,0.037782937763518286
has_action&open_deal,28,0.013182121379163433,0.01785682571574143,0.03751610128878893,0.5357142857142857,0.39285714285714285,long,0.5357142857142857,0.03736780170164381
exclamation_heavy&tariff_only,53,0.007755764289227261,0.011261249680154517,0.026775353339448776,0.660377358490566,0.32075471698113206,long,0.660377358490566,0.03728676548174759
sig_potus&lots_of_excl,57,0.008042516747161107,0.011787934686610768,0.032185992855218656,0.6140350877192983,0.3684210526315789,long,0.6140350877192983,0.037284007823483366
open_deal&lots_of_excl,77,0.0072579904841101285,0.0037736213386150297,0.030877667718948138,0.5844155844155844,0.35064935064935066,long,0.5844155844155844,0.037220615077849066
has_relief&has_uppercase_phrase,43,0.00902538228213237,0.011976164378629583,0.03810201787247457,0.627906976744186,0.3488372093023256,long,0.627906976744186,0.037161663157720994
deal_heavy&has_all_caps,49,0.007876486535251333,0.009316860174978459,0.031718058845687465,0.673469387755102,0.30612244897959184,long,0.673469387755102,0.037132007951899144
uppercase_phrase_heavy&lots_of_excl,45,0.008887926545508306,0.009316860174978459,0.03899794355320445,0.6222222222222222,0.3333333333333333,long,0.6222222222222222,0.037098148144925375
uppercase_phrase_heavy&exclamation_heavy,45,0.008887926545508306,0.009316860174978459,0.03899794355320445,0.6222222222222222,0.3333333333333333,long,0.6222222222222222,0.037098148144925375
uppercase_phrase_heavy&has_exclamation,45,0.008887926545508306,0.009316860174978459,0.03899794355320445,0.6222222222222222,0.3333333333333333,long,0.6222222222222222,0.037098148144925375
has_night_post&uppercase_phrase_heavy,45,0.008887926545508306,0.009316860174978459,0.03899794355320445,0.6222222222222222,0.3333333333333333,long,0.6222222222222222,0.037098148144925375
has_positive&uppercase_phrase_heavy,45,0.008887926545508306,0.009316860174978459,0.03899794355320445,0.6222222222222222,0.3333333333333333,long,0.6222222222222222,0.037098148144925375
uppercase_phrase_heavy,45,0.008887926545508306,0.009316860174978459,0.03899794355320445,0.6222222222222222,0.3333333333333333,long,0.6222222222222222,0.037098148144925375
has_uppercase_phrase&uppercase_phrase_heavy,45,0.008887926545508306,0.009316860174978459,0.03899794355320445,0.6222222222222222,0.3333333333333333,long,0.6222222222222222,0.037098148144925375
has_tariff&attack_heavy,71,0.0067607095784427244,0.008658126826262436,0.023788382466548734,0.647887323943662,0.3380281690140845,long,0.647887323943662,0.03690803617072809
pre_deal&volume_spike,46,0.00829308754624502,0.0110062614207449,0.028005597210547902,0.6521739130434783,0.34782608695652173,long,0.6521739130434783,0.036682471511465455
has_deal&has_china,157,0.004803288527961105,0.008225819926790612,0.028453147832441333,0.6050955414012739,0.36942675159235666,long,0.6050955414012739,0.03641769497655571
has_night_post&volume_drop,121,0.005780815186193436,0.004115262275806941,0.0251897067338706,0.5702479338842975,0.371900826446281,long,0.5702479338842975,0.03626147707703155
has_market_brag&short_posts,83,0.006206673065193735,0.007832875026029917,0.02611524383202017,0.6385542168674698,0.3493975903614458,long,0.6385542168674698,0.03610735642794347
posts_very_high&has_relief,50,0.008233193714551714,0.007987942222129285,0.039049948510761344,0.62,0.36,long,0.62,0.03609483205956826
positive_heavy&sig_potus,52,0.008393551542785545,0.007960893834609517,0.030369495762315863,0.5961538461538461,0.38461538461538464,long,0.5961538461538461,0.0360832613305253
has_attack&volume_drop,75,0.007072715297717297,0.006410422197687726,0.025301341660977687,0.5866666666666667,0.32,long,0.5866666666666667,0.03593421991314026
has_china&tariff_only,24,0.011707405806789093,0.01407400065550568,0.025323812690256145,0.625,0.3333333333333333,long,0.625,0.03584646304791262
pre_action&has_all_caps,30,0.010265693016437016,0.015478557797450221,0.039131477937538,0.6333333333333333,0.3333333333333333,long,0.6333333333333333,0.035610760345663434
has_deal&positive_heavy,283,0.003957416627249943,0.002958608315143163,0.028856286081148177,0.5335689045936396,0.4204946996466431,long,0.5335689045936396,0.03552184408272663
deal_heavy&open_deal,49,0.009164696025291273,0.007604820827236791,0.0328670008624896,0.5510204081632653,0.40816326530612246,long,0.5510204081632653,0.03534954181183776
deal_only&volume_spike,57,0.007503512179025467,0.009153358876947904,0.0317234017042378,0.6140350877192983,0.3508771929824561,long,0.6140350877192983,0.03478525635462803
open_deal&has_night_post,75,0.006967720726075079,0.007604820827236791,0.03210484954758197,0.5733333333333334,0.36,long,0.5733333333333334,0.034596212756803205
has_deal&open_deal,82,0.006652439188414878,0.0035012598117369897,0.03191899442511009,0.573170731707317,0.36585365853658536,long,0.573170731707317,0.03452803354974812
open_deal,82,0.006652439188414878,0.0035012598117369897,0.03191899442511009,0.573170731707317,0.36585365853658536,long,0.573170731707317,0.03452803354974812
open_deal&has_exclamation,82,0.006652439188414878,0.0035012598117369897,0.03191899442511009,0.573170731707317,0.36585365853658536,long,0.573170731707317,0.03452803354974812
has_iran&has_russia,56,0.007595059587641524,0.0062440045783588305,0.026341896812917355,0.6071428571428571,0.375,long,0.6071428571428571,0.03450770598246297
has_market_brag&has_night_post,151,0.0051608601504877045,0.0038240046019983875,0.026528083899189512,0.543046357615894,0.4370860927152318,long,0.543046357615894,0.034438757107950836
posts_high&tariff_only,31,0.009129565705326888,0.011976164378629583,0.02715417394757122,0.6774193548387096,0.3225806451612903,long,0.6774193548387096,0.034434086523448953
lots_of_excl&volume_drop,84,0.006415579559211669,0.003987629786761482,0.025232759361591632,0.5833333333333334,0.35714285714285715,long,0.5833333333333334,0.034299858783282046
has_china&deal_over_tariff,127,0.005009878568848759,0.008225819926790612,0.030489718461384072,0.6062992125984252,0.36220472440944884,long,0.6062992125984252,0.03423072236778217
open_deal&has_uppercase_phrase,36,0.0093271988432806,0.009484139682766402,0.035189156747287495,0.6111111111111112,0.3333333333333333,long,0.6111111111111112,0.03419972909202887
sig_potus,61,0.007407780260939608,0.009539031727498815,0.03161805586387087,0.5901639344262295,0.3770491803278688,long,0.5901639344262295,0.034144886586211246
sig_potus&has_exclamation,61,0.007407780260939608,0.009539031727498815,0.03161805586387087,0.5901639344262295,0.3770491803278688,long,0.5901639344262295,0.034144886586211246
has_attack&all_caps_heavy,24,0.00982736993455327,0.015920375799695408,0.03437992787042735,0.7083333333333334,0.25,long,0.7083333333333334,0.03410205929206737
has_tariff&has_positive,140,0.004905122490771079,0.007678326324675133,0.027151812799869186,0.5857142857142857,0.39285714285714285,long,0.5857142857142857,0.03399379817292567
has_tariff&has_exclamation,142,0.004836413393162382,0.007336019701209562,0.02697038080403828,0.5845070422535211,0.39436619718309857,long,0.5845070422535211,0.033686612072633945
has_tariff,142,0.004836413393162382,0.007336019701209562,0.02697038080403828,0.5845070422535211,0.39436619718309857,long,0.5845070422535211,0.033686612072633945
positive_heavy&pre_deal,143,0.00500320774767008,0.005649744008565216,0.028704384163796805,0.5594405594405595,0.4195804195804196,long,0.5594405594405595,0.033471140027157426
has_market_brag&has_uppercase_phrase,70,0.006645413446654363,0.009468998079244395,0.028824730423885236,0.6,0.38571428571428573,long,0.6,0.03335971074364645
posts_high&pre_action,60,0.007557141679135012,0.008828271316781766,0.031369131005473526,0.5666666666666667,0.4166666666666667,long,0.5666666666666667,0.03317117505064917
sig_potus&exclamation_heavy,59,0.007238885477319019,0.009539031727498815,0.032062364582425736,0.5932203389830508,0.3898305084745763,long,0.5932203389830508,0.032984791595247254
open_deal&deal_only,62,0.007212543916560775,0.007568539938455521,0.033459014987864126,0.5806451612903226,0.3387096774193548,long,0.5806451612903226,0.032975783762316115
has_china&sig_potus,29,0.009861614613283292,0.011787934686610768,0.03430834768660474,0.6206896551724138,0.3448275862068966,long,0.6206896551724138,0.03296260549053715
has_russia&deal_only,98,0.006023691030412223,0.003150015859939459,0.027794032832713193,0.5510204081632653,0.3979591836734694,long,0.5510204081632653,0.03285817283862307
has_positive&open_deal,80,0.006338730897006861,0.0035012598117369897,0.031814162507753284,0.575,0.3625,long,0.575,0.032599816306606785
pre_deal&has_all_caps,46,0.007564739620948261,0.009977180222761173,0.0295784345952684,0.6304347826086957,0.3695652173913043,long,0.6304347826086957,0.032345440217936935
has_market_brag&deal_over_tariff,70,0.006577698005586795,0.00596185212650846,0.02734874787773374,0.5857142857142857,0.38571428571428573,long,0.5857142857142857,0.03223359664334039
attack_heavy&china_streak_3d,36,0.008751451679650323,0.010136062203686125,0.02063335647431187,0.6111111111111112,0.3611111111111111,long,0.6111111111111112,0.03208865615871785
has_tariff&lots_of_excl,133,0.004666332739891562,0.008305495310190425,0.025700368569701766,0.5939849624060151,0.39849624060150374,long,0.5939849624060151,0.03196516675502653
open_deal&short_posts,44,0.007827326075438134,0.0054168595560478705,0.03322707147604766,0.6136363636363636,0.3409090909090909,long,0.6136363636363636,0.031860372727628206
attack_heavy&pre_tariff,33,0.007956094934893687,0.010570815453603055,0.024413101410847165,0.696969696969697,0.30303030303030304,long,0.696969696969697,0.03185450220702775
has_iran&has_all_caps,28,0.007981213650041436,0.013094268528651476,0.02155856783040593,0.75,0.25,long,0.75,0.0316744597177256
has_relief&deal_only,34,0.00922935150622366,0.004736874305281802,0.0407648462897976,0.5882352941176471,0.38235294117647056,long,0.5882352941176471,0.031656414502004813
posts_high&open_tariff,25,0.010539536238809023,0.019891120946895713,0.03114241981648195,0.6,0.4,long,0.6,0.03161860871642707
pre_action&volume_spike,30,0.009617400860282751,0.01639814299101683,0.036118050017894185,0.6,0.36666666666666664,long,0.6,0.03160600437447872
has_tariff&has_night_post,129,0.004785478426569523,0.007067218575182332,0.026730836892133257,0.5813953488372093,0.3953488372093023,long,0.5813953488372093,0.031600341134061426
has_attack&china_streak_3d,60,0.007198728672207827,0.008168099389776251,0.026898955355748662,0.5666666666666667,0.4166666666666667,long,0.5666666666666667,0.03159796376283698
open_tariff&has_night_post,28,0.00983088070983547,0.008788857386988647,0.02742735220653567,0.6071428571428571,0.39285714285714285,long,0.6071428571428571,0.0315836509970311
has_relief&attack_heavy,50,0.007689279210740851,0.007987942222129285,0.03732338244820554,0.58,0.38,long,0.58,0.03153542053963928
posts_high&uppercase_phrase_heavy,41,0.008349012255458579,0.009316860174978459,0.04058492428734212,0.5853658536585366,0.36585365853658536,long,0.5853658536585366,0.03129351964773701
has_attack&open_deal,72,0.006458650661981821,0.0035012598117369897,0.03160851329103105,0.5694444444444444,0.375,long,0.5694444444444444,0.031207530482749248
has_night_post&china_streak_3d,73,0.0065523746328807865,0.004906691043248257,0.029460052002968817,0.547945205479452,0.4383561643835616,long,0.547945205479452,0.030675897755647677
has_exclamation&volume_drop,156,0.004415008511271981,0.0037592076272563446,0.024432699484695602,0.5512820512820513,0.38461538461538464,long,0.5512820512820513,0.030399587963580332
has_relief&short_posts,48,0.007121231479579844,0.006958129142773828,0.03697725398842073,0.6041666666666666,0.3541666666666667,long,0.6041666666666666,0.029807975609803684
has_deal&has_market_brag,79,0.005995818206507547,0.0038240046019983875,0.026258628675823896,0.5569620253164557,0.4177215189873418,long,0.5569620253164557,0.029681619089291896
has_russia&pre_tariff,29,0.00758461169366925,0.013483084029792813,0.02885810223448058,0.7241379310344828,0.27586206896551724,long,0.7241379310344828,0.029576967701348204
uppercase_phrase_heavy&short_posts,30,0.008510651629038994,0.012102473472636932,0.04074118586418605,0.6333333333333333,0.3,long,0.6333333333333333,0.029522680549854054
posts_high&has_relief,69,0.0059669480077498725,0.006849039710365323,0.037142359770408105,0.5942028985507246,0.37681159420289856,long,0.5942028985507246,0.029451781175487374
has_action&has_all_caps,53,0.006909018656429365,0.008503323753522585,0.03796139048533965,0.5849056603773585,0.37735849056603776,long,0.5849056603773585,0.029419827668353687
positive_heavy&has_iran,95,0.005505571389491472,0.0038240046019983875,0.026206935919500643,0.5473684210526316,0.42105263157894735,long,0.5473684210526316,0.02937270471968369
has_night_post&sig_potus,59,0.006604958255492046,0.0063827559417202195,0.03182457808260911,0.576271186440678,0.3898305084745763,long,0.576271186440678,0.029236338960114596
short_posts&tariff_only,20,0.01000092601600106,0.010290352336098874,0.026529324725072512,0.65,0.3,long,0.65,0.02907157553264188
posts_high&has_iran,81,0.006000747507499533,0.0030209682508097746,0.024954248603606243,0.5308641975308642,0.4444444444444444,long,0.5308641975308642,0.028670238091386656
posts_high&pre_tariff,43,0.006705505447950566,0.011976164378629583,0.025241663050003676,0.6511627906976745,0.3488372093023256,long,0.6511627906976745,0.02863223983675869
open_deal&exclamation_heavy,80,0.005684210374253022,0.0032220350678051624,0.031691344787046986,0.5625,0.375,long,0.5625,0.028598131789288377
posts_very_high&china_streak_3d,28,0.010076544134545087,0.008705994811299411,0.02771369824407624,0.5357142857142857,0.42857142857142855,long,0.5357142857142857,0.02856431770175665
deal_heavy&has_action,54,0.006988115071382047,0.00776343603740548,0.03478152019017847,0.5555555555555556,0.4074074074074074,long,0.5555555555555556,0.02852886031456477
open_tariff,30,0.008660695262273359,0.008788857386988647,0.029336578691785672,0.6,0.4,long,0.6,0.028461948952951437
has_tariff&open_tariff,30,0.008660695262273359,0.008788857386988647,0.029336578691785672,0.6,0.4,long,0.6,0.028461948952951437
open_tariff&exclamation_heavy,30,0.008660695262273359,0.008788857386988647,0.029336578691785672,0.6,0.4,long,0.6,0.028461948952951437
open_tariff&has_exclamation,30,0.008660695262273359,0.008788857386988647,0.029336578691785672,0.6,0.4,long,0.6,0.028461948952951437
has_tariff&has_action,41,0.006721749109865303,0.011261249680154517,0.026307747227843174,0.6585365853658537,0.34146341463414637,long,0.6585365853658537,0.028343542813894444
posts_high&sig_potus,44,0.006959002249560495,0.010663483207054791,0.033654515001042884,0.6136363636363636,0.36363636363636365,long,0.6136363636363636,0.028325944689993002
has_market_brag&deal_only,55,0.006517693218613701,0.0038240046019983875,0.026116753689336043,0.5818181818181818,0.38181818181818183,long,0.5818181818181818,0.02812305837802856
has_exclamation&china_streak_3d,80,0.005836724673985304,0.004700444757438582,0.02887346856168758,0.5375,0.45,long,0.5375,0.02806032324451009
china_streak_3d,80,0.005836724673985304,0.004700444757438582,0.02887346856168758,0.5375,0.45,long,0.5375,0.02806032324451009
posts_very_high&has_iran,55,0.006932063350875199,0.0030209682508097746,0.025904850445495647,0.5454545454545454,0.41818181818181815,long,0.5454545454545454,0.028041576946479237
pre_action&short_posts,51,0.006456876798014498,0.011787934686610768,0.031316043748531065,0.6078431372549019,0.37254901960784315,long,0.6078431372549019,0.028028451554374965
has_relief&has_attack,78,0.005718521072714741,0.00624939185946527,0.03692844012421085,0.5512820512820513,0.4230769230769231,long,0.5512820512820513,0.027842285343599327
open_tariff&lots_of_excl,29,0.008798588787614383,0.01215764318582413,0.02984595444449041,0.5862068965517241,0.41379310344827586,long,0.5862068965517241,0.02777556764674678
has_positive&open_tariff,29,0.008798588787614383,0.01215764318582413,0.02984595444449041,0.5862068965517241,0.41379310344827586,long,0.5862068965517241,0.02777556764674678
has_attack&has_iran,90,0.00525390895074677,0.005644356727458777,0.027352190037216183,0.5555555555555556,0.4222222222222222,long,0.5555555555555556,0.027690531505842005
has_tariff&has_all_caps,40,0.006710678357873506,0.007955158068713608,0.025138833759035185,0.65,0.35,long,0.65,0.02758733673238246
has_iran&has_night_post,108,0.004766223223032288,0.0046220380950757756,0.025827374016687984,0.5555555555555556,0.4166666666666667,long,0.5555555555555556,0.027517802608355374
deal_only&china_streak_3d,21,0.010496743952548203,0.011363458538296012,0.025663193637574144,0.5714285714285714,0.38095238095238093,long,0.5714285714285714,0.027486927836069767
attack_heavy&all_caps_heavy,23,0.008193832413893815,0.015296281076197626,0.034187016130336194,0.6956521739130435,0.2608695652173913,long,0.6956521739130435,0.027336514634638966
high_emotion,69,0.006135724192061904,0.0049019761724633515,0.033496989329524746,0.5362318840579711,0.4057971014492754,long,0.5362318840579711,0.02733021247293348
deal_only&volume_drop,27,0.0074526898317618055,0.004201638234907934,0.029427814241553968,0.7037037037037037,0.2222222222222222,long,0.7037037037037037,0.027251145710178278
pre_tariff&volume_spike,22,0.008508836928291614,0.013498285063404114,0.026868607674448215,0.6818181818181818,0.3181818181818182,long,0.6818181818181818,0.02721135192697266
posts_very_high&uppercase_phrase_heavy,35,0.007653626075731126,0.009316860174978459,0.04212708969266279,0.6,0.34285714285714286,long,0.6,0.027167677496422182
has_market_brag&exclamation_heavy,169,0.003833033148478165,0.0038240046019983875,0.026623387023558747,0.5443786982248521,0.4378698224852071,long,0.5443786982248521,0.027126080743076247
has_tariff&exclamation_heavy,137,0.003966723144962458,0.007067218575182332,0.02596060279414651,0.583941605839416,0.40145985401459855,long,0.583941605839416,0.02711200235952791
has_iran&deal_over_tariff,69,0.005753107096927263,0.004201638234907934,0.02788117197057506,0.5652173913043478,0.391304347826087,long,0.5652173913043478,0.02701111552453788
has_china&pre_action,44,0.00661970960597895,0.012650710391813091,0.03320084913850426,0.6136363636363636,0.36363636363636365,long,0.6136363636363636,0.02694488684417619
sig_potus&short_posts,28,0.008202592914329414,0.011972788936217449,0.03845061496453673,0.6071428571428571,0.32142857142857145,long,0.6071428571428571,0.026352454019476775
has_market_brag,171,0.003741181241688342,0.0032790634690691434,0.02647995104347419,0.5380116959064327,0.4444444444444444,long,0.5380116959064327,0.026320765763211122
has_market_brag&has_exclamation,171,0.003741181241688342,0.0032790634690691434,0.02647995104347419,0.5380116959064327,0.4444444444444444,long,0.5380116959064327,0.026320765763211122
has_market_brag&lots_of_excl,161,0.003819772606632807,0.0032790634690691434,0.027161931357944938,0.5403726708074534,0.4409937888198758,long,0.5403726708074534,0.02619050210456302
has_market_brag&has_china,70,0.005606336495440873,0.0060738212751219045,0.030962013621873185,0.5571428571428572,0.42857142857142855,long,0.5571428571428572,0.026133329714335168
has_positive&china_streak_3d,79,0.00550600612121526,0.004494198471628907,0.028905072145043547,0.5316455696202531,0.45569620253164556,long,0.5316455696202531,0.02601791165149644
has_deal&has_iran,76,0.005396640158876386,0.003422486426404081,0.02671806820282243,0.5526315789473685,0.40789473684210525,long,0.5526315789473685,0.0259995574121634
posts_high&china_streak_3d,48,0.007159229793069361,0.008705994811299411,0.027567404253439516,0.5208333333333334,0.4583333333333333,long,0.5208333333333334,0.02583364530136865
has_iran&lots_of_excl,110,0.004515616648012115,0.003422486426404081,0.025683425622563778,0.5454545454545454,0.42727272727272725,long,0.5454545454545454,0.0258328292475248
positive_heavy&has_market_brag,141,0.00403588693643376,0.0038240046019983875,0.027663213046556986,0.5390070921985816,0.4397163120567376,long,0.5390070921985816,0.025831107519109685
has_tariff&has_china,87,0.004802284139595259,0.007604820827236791,0.025335896231831304,0.5747126436781609,0.41379310344827586,long,0.5747126436781609,0.025742945109564062
has_attack&open_tariff,29,0.008152290923082324,0.005420071588153164,0.029721046778519517,0.5862068965517241,0.41379310344827586,long,0.5862068965517241,0.025735321137951198
pre_relief&has_uppercase_phrase,21,0.008420074455558056,0.01781702577884947,0.04676240108413062,0.6666666666666666,0.3333333333333333,long,0.6666666666666666,0.025723752366505915
has_china&pre_deal,83,0.004421709514195683,0.010169723163981459,0.027743839114552606,0.6385542168674698,0.3493975903614458,long,0.6385542168674698,0.0257233206538983
has_relief&has_positive,92,0.004794700553536291,0.004815198404307441,0.036185562717976426,0.5543478260869565,0.41304347826086957,long,0.5543478260869565,0.025493986500743672
pre_deal&open_deal,29,0.008471837592733924,0.011363458538296012,0.03445668422302054,0.5517241379310345,0.4482758620689655,long,0.5517241379310345,0.025170891948220593
positive_heavy&pre_action,67,0.005721674582738549,0.008503323753522585,0.03038976463039826,0.5373134328358209,0.44776119402985076,long,0.5373134328358209,0.02516449696418747
has_china&tariff_rising,21,-0.008215621077378589,-0.013972099201521204,0.029523612934964402,0.3333333333333333,0.6666666666666666,short,0.6666666666666666,0.025099136978774687
has_china&pre_tariff,39,0.006224318793534413,0.010570815453603055,0.026488236963128273,0.6410256410256411,0.358974358974359,long,0.6410256410256411,0.024917216927574325
posts_low&has_positive,83,0.0048079690396002775,0.004444567974221103,0.020647495693409613,0.5662650602409639,0.3493975903614458,long,0.5662650602409639,0.024803928693198137
has_positive&has_market_brag,168,0.0035583252426899387,0.003118835892106153,0.026570098955553963,0.5357142857142857,0.44642857142857145,long,0.5357142857142857,0.024707767734077905
attack_heavy&uppercase_phrase_heavy,33,0.007092159489077585,0.009316860174978459,0.037011713283999055,0.6060606060606061,0.3333333333333333,long,0.6060606060606061,0.024691729990451713
has_positive&has_iran,113,0.0042199295348765795,0.0038240046019983875,0.025713428479719025,0.5486725663716814,0.4247787610619469,long,0.5486725663716814,0.024612609814713454
has_relief&exclamation_heavy,91,0.004663087611983386,0.004210325220461719,0.036363889425903836,0.5494505494505495,0.4175824175824176,long,0.5494505494505495,0.024441220179740018
china_streak_3d&volume_drop,22,0.0076077658493603935,0.007847326872965743,0.02407460253833673,0.6818181818181818,0.3181818181818182,long,0.6818181818181818,0.024329716934240773
deal_heavy&has_iran,42,0.006840784139024902,0.0046220380950757756,0.030379235235430554,0.5476190476190477,0.42857142857142855,long,0.5476190476190477,0.024277785907439006
has_market_brag&has_russia,56,0.005830531399331655,0.003118835892106153,0.024389855935170807,0.5535714285714286,0.44642857142857145,long,0.5535714285714286,0.02415326347331884
has_relief&lots_of_excl,89,0.004628108619120182,0.004210325220461719,0.03660023915462752,0.550561797752809,0.4157303370786517,long,0.550561797752809,0.024038348091062117
has_iran&exclamation_heavy,113,0.004148634780730029,0.0030209682508097746,0.025719668558985626,0.5398230088495575,0.4336283185840708,long,0.5398230088495575,0.02380651461256196
has_iran&pre_deal,40,0.0065377956070429314,0.004736874305281802,0.02950270238894053,0.575,0.4,long,0.575,0.023775473744133652
has_relief&has_night_post,90,0.004581831203465094,0.004017164911230053,0.036559301610802133,0.5444444444444444,0.4222222222222222,long,0.5444444444444444,0.02366540334705411
has_iran&volume_spike,40,0.005963654036265703,0.0057531867847948615,0.0293945893947946,0.625,0.375,long,0.625,0.023573412414820027
positive_heavy&open_tariff,28,0.007777048884036635,0.008788857386988647,0.029872885242179927,0.5714285714285714,0.42857142857142855,long,0.5714285714285714,0.023515585464175242
has_relief,93,0.004438823582367294,0.004210325220461719,0.03615163479500416,0.5483870967741935,0.41935483870967744,long,0.5483870967741935,0.023474512745360228
has_relief&has_exclamation,93,0.004438823582367294,0.004210325220461719,0.03615163479500416,0.5483870967741935,0.41935483870967744,long,0.5483870967741935,0.023474512745360228
pre_tariff&tariff_only,23,0.007021645182018484,0.013393061125354766,0.027634107070040704,0.6956521739130435,0.30434782608695654,long,0.6956521739130435,0.023425827693524255
positive_heavy&tariff_only,46,0.005443375176292895,0.010292651063388725,0.02691568135075887,0.6304347826086957,0.3695652173913043,long,0.6304347826086957,0.02327487463825134
positive_heavy&all_caps_heavy,21,0.0075919322920567755,0.01654447052319319,0.03563882800260582,0.6666666666666666,0.3333333333333333,long,0.6666666666666666,0.023193736266219837
posts_low&short_posts,112,0.004118463400059941,0.0023541272011031733,0.03178626534192901,0.5267857142857143,0.4107142857142857,long,0.5267857142857143,0.022960334517018826
posts_very_high&tariff_only,20,0.0078590749503747,0.01345327361118509,0.02683747945731147,0.65,0.35,long,0.65,0.022845453578094702
has_positive&volume_drop,129,0.0037132694265929007,0.002336480646286443,0.02489065008493507,0.5348837209302325,0.3953488372093023,long,0.5348837209302325,0.022558524881317144
attack_heavy&open_deal,47,0.005943489877363186,0.003215171850751375,0.02583975378305184,0.5531914893617021,0.3829787234042553,long,0.5531914893617021,0.02254062461116449
deal_heavy&has_relief,32,0.006667406128129924,0.0046220380950757756,0.03777547216432617,0.59375,0.40625,long,0.59375,0.022394198409095713
has_tariff&pre_deal,52,0.005381519977083147,0.010295474670607208,0.030556660994450206,0.5769230769230769,0.4230769230769231,long,0.5769230769230769,0.02238847640458509
exclamation_heavy&volume_drop,114,0.0038240793342619863,0.0034868461003783047,0.02530846604956056,0.543859649122807,0.38596491228070173,long,0.543859649122807,0.02220578637036179
uppercase_phrase_heavy&volume_spike,22,0.007410553480039586,0.013041751125346002,0.0418069283094473,0.6363636363636364,0.2727272727272727,long,0.6363636363636364,0.022119094347504024
deal_over_tariff&volume_drop,28,0.006072615839785689,0.003987629786761482,0.029786762732211803,0.6785714285714286,0.25,long,0.6785714285714286,0.0218047139338848
deal_heavy&has_market_brag,35,0.0060927215316115306,0.0059878403473121455,0.026403395976802777,0.6,0.4,long,0.6,0.02162701600633362
attack_heavy&brag_heavy,26,0.007335237423132852,0.004473224331227654,0.026681397574350885,0.5769230769230769,0.4230769230769231,long,0.5769230769230769,0.021578376206186804
has_relief&has_action,30,0.006935091110669533,0.01153653769247287,0.03769334341352836,0.5666666666666667,0.4,long,0.5666666666666667,0.02152486642478114
has_relief&deal_over_tariff,45,0.005703757222364702,0.0038240046019983875,0.03866727305900339,0.5555555555555556,0.4222222222222222,long,0.5555555555555556,0.021256648127271432
has_iran,116,0.0036256806381432774,0.003422486426404081,0.026194977453025698,0.5431034482758621,0.43103448275862066,long,0.5431034482758621,0.02120806775499316
has_iran&has_exclamation,116,0.0036256806381432774,0.003422486426404081,0.026194977453025698,0.5431034482758621,0.43103448275862066,long,0.5431034482758621,0.02120806775499316
posts_high&brag_heavy,30,0.007093292148975934,0.0022154845777069276,0.026444468919243066,0.5333333333333333,0.4666666666666667,long,0.5333333333333333,0.020720832623831544
has_uppercase_phrase&volume_drop,30,0.00696815224591858,0.003842051403104896,0.0251554128368156,0.5333333333333333,0.4,long,0.5333333333333333,0.020355275569172757
has_relief&positive_heavy,86,0.003989202269190128,0.004017164911230053,0.03664970220468386,0.5465116279069767,0.4186046511627907,long,0.5465116279069767,0.02021783694714239
lots_of_excl&china_streak_3d,72,0.00445668273315321,0.0041194961937632835,0.026405952230037427,0.5277777777777778,0.4583333333333333,long,0.5277777777777778,0.019958553687327664
high_emotion&short_posts,59,0.005275187471785359,0.0,0.034024451154265375,0.4915254237288136,0.4406779661016949,long,0.4915254237288136,0.019916356452971223
has_positive&tariff_streak_3d,20,-0.008871067679326411,-0.006944522730812197,0.03365324896842047,0.4,0.5,short,0.5,0.019836310363975162
lots_of_excl&tariff_streak_3d,20,-0.008871067679326411,-0.006944522730812197,0.03365324896842047,0.4,0.5,short,0.5,0.019836310363975162
tariff_streak_3d,20,-0.008871067679326411,-0.006944522730812197,0.03365324896842047,0.4,0.5,short,0.5,0.019836310363975162
exclamation_heavy&tariff_streak_3d,20,-0.008871067679326411,-0.006944522730812197,0.03365324896842047,0.4,0.5,short,0.5,0.019836310363975162
has_exclamation&tariff_streak_3d,20,-0.008871067679326411,-0.006944522730812197,0.03365324896842047,0.4,0.5,short,0.5,0.019836310363975162
positive_heavy&volume_drop,54,0.00497026500520687,0.0035012598117369897,0.024828455740529342,0.5370370370370371,0.3888888888888889,long,0.5370370370370371,0.01961465451810466
has_positive&pre_tariff,63,0.004044968109826217,0.01002013388761136,0.03142102170399882,0.6031746031746031,0.3968253968253968,long,0.6031746031746031,0.019365487039614885
sig_potus&has_uppercase_phrase,31,0.005287911706346026,0.011787934686610768,0.028168797959784764,0.6451612903225806,0.3225806451612903,long,0.6451612903225806,0.01899473958218393
has_attack&pre_tariff,51,0.004229629082974735,0.010570815453603055,0.028448413157081888,0.6274509803921569,0.37254901960784315,long,0.6274509803921569,0.018952529176688562
posts_high&all_caps_heavy,25,0.0055206838684356005,0.015296281076197626,0.039078282801515464,0.68,0.32,long,0.68,0.018770325152681042
posts_very_high&pre_tariff,27,0.0057220017325132115,0.010570815453603055,0.02719876863130537,0.6296296296296297,0.37037037037037035,long,0.6296296296296297,0.018720395696563377
has_tariff&pre_tariff,64,0.003909761890824613,0.009339130356936898,0.031189412472762742,0.59375,0.40625,long,0.59375,0.01857136898141691
pre_tariff,64,0.003909761890824613,0.009339130356936898,0.031189412472762742,0.59375,0.40625,long,0.59375,0.01857136898141691
pre_tariff&has_exclamation,64,0.003909761890824613,0.009339130356936898,0.031189412472762742,0.59375,0.40625,long,0.59375,0.01857136898141691
has_iran&open_deal,22,0.007188386691434976,0.008856982604679375,0.03237669470704684,0.5454545454545454,0.4090909090909091,long,0.5454545454545454,0.018390830304660877
has_tariff&positive_heavy,122,0.0029229528206177317,0.006527529461247239,0.025477693091761112,0.5655737704918032,0.4262295081967213,long,0.5655737704918032,0.018259588284058003
has_russia&volume_drop,24,0.0073675151557225415,0.004615269289168444,0.027201832958861874,0.5,0.375,long,0.5,0.018046652803741972
has_night_post&all_caps_heavy,27,0.0051550589406316885,0.009316860174978459,0.037568651966954955,0.6666666666666666,0.2962962962962963,long,0.6666666666666666,0.017857648002372554
has_positive&all_caps_heavy,27,0.0051550589406316885,0.009316860174978459,0.037568651966954955,0.6666666666666666,0.2962962962962963,long,0.6666666666666666,0.017857648002372554
all_caps_heavy&lots_of_excl,27,0.0051550589406316885,0.009316860174978459,0.037568651966954955,0.6666666666666666,0.2962962962962963,long,0.6666666666666666,0.017857648002372554
all_caps_heavy&exclamation_heavy,27,0.0051550589406316885,0.009316860174978459,0.037568651966954955,0.6666666666666666,0.2962962962962963,long,0.6666666666666666,0.017857648002372554
has_all_caps&all_caps_heavy,27,0.0051550589406316885,0.009316860174978459,0.037568651966954955,0.6666666666666666,0.2962962962962963,long,0.6666666666666666,0.017857648002372554
all_caps_heavy,27,0.0051550589406316885,0.009316860174978459,0.037568651966954955,0.6666666666666666,0.2962962962962963,long,0.6666666666666666,0.017857648002372554
all_caps_heavy&has_exclamation,27,0.0051550589406316885,0.009316860174978459,0.037568651966954955,0.6666666666666666,0.2962962962962963,long,0.6666666666666666,0.017857648002372554
has_deal&tariff_rising,21,-0.006292996476902434,-0.013972099201521204,0.02902887913047292,0.3333333333333333,0.6190476190476191,short,0.6190476190476191,0.01785217738787837
posts_low&high_emotion,56,0.004554319343668918,0.0052678689901229925,0.03427805456464604,0.5178571428571429,0.42857142857142855,long,0.5178571428571429,0.017649299135893626
positive_heavy&tariff_rising,28,-0.0057104975443904625,-0.008994969273640185,0.0280473523880735,0.39285714285714285,0.5714285714285714,short,0.5714285714285714,0.01726692155988822
exclamation_heavy&china_streak_3d,75,0.0037613170383201475,0.0037447939158976595,0.026995965939922175,0.52,0.4666666666666667,long,0.52,0.016938459755736972
has_market_brag&has_iran,28,0.005573512973086998,0.0029602743579276725,0.025392672027277775,0.5714285714285714,0.39285714285714285,long,0.5714285714285714,0.016852719149463347
has_iran&has_uppercase_phrase,57,0.003951437667683762,0.0030209682508097746,0.02787793333051384,0.5614035087719298,0.42105263157894735,long,0.5614035087719298,0.01674818255287287
has_night_post&tariff_rising,26,-0.0056720634335074745,-0.008994969273640185,0.025991848512052402,0.38461538461538464,0.5769230769230769,short,0.5769230769230769,0.01668574738257156
posts_low&has_exclamation,115,0.0026455724582551843,0.0049019761724633515,0.030699220997376125,0.5826086956521739,0.34782608695652173,long,0.5826086956521739,0.01652896055373641
attack_heavy&open_tariff,23,0.006072171238461053,0.005420071588153164,0.029756019330085537,0.5652173913043478,0.43478260869565216,long,0.5652173913043478,0.016459757961945067
has_deal&china_streak_3d,31,0.006097520669930079,0.0,0.03313277766963336,0.4838709677419355,0.4838709677419355,long,0.4838709677419355,0.01642720562305942
has_russia&open_deal,34,0.004731328323726427,0.009484139682766402,0.03265588020736101,0.5882352941176471,0.38235294117647056,long,0.5882352941176471,0.016228322267275205
posts_very_high&sig_potus,30,0.0052285454934590985,0.003171312928359482,0.03772714932022099,0.5666666666666667,0.4,long,0.5666666666666667,0.016228156421687328
pre_tariff&lots_of_excl,61,0.0033593383977446336,0.01002013388761136,0.028090260019653625,0.6065573770491803,0.39344262295081966,long,0.6065573770491803,0.015914410662181883
all_caps_heavy&has_uppercase_phrase,26,0.00469398412632994,0.009112763022027348,0.038234673115867895,0.6538461538461539,0.3076923076923077,long,0.6538461538461539,0.015649622429348822
has_tariff&deal_over_tariff,45,0.0041073684306081396,0.005420071588153164,0.028469568208637303,0.5555555555555556,0.4222222222222222,long,0.5555555555555556,0.015307258365794047
sig_potus&deal_over_tariff,25,0.0047211334516417125,0.003384017541575801,0.02509793974916268,0.64,0.36,long,0.64,0.01510762704525348
has_tariff&pre_action,20,0.006127572876864623,0.005585471870322212,0.02947233074434697,0.55,0.45,long,0.55,0.015071836438728572
has_attack&brag_heavy,33,0.0050344426073691455,0.0014723608402706923,0.0265847091466576,0.5151515151515151,0.48484848484848486,long,0.5151515151515151,0.01489852745828331
has_deal&has_relief,47,0.004046696792000778,0.0032790634690691434,0.038662460854771874,0.5319148936170213,0.44680851063829785,long,0.5319148936170213,0.014756784828993766
pre_tariff&has_night_post,59,0.003186636630525238,0.008305495310190425,0.03167214170171961,0.576271186440678,0.423728813559322,long,0.576271186440678,0.014105401589069212
has_tariff&has_deal,85,0.0027982850216271274,0.0022173250101082953,0.027560207534368546,0.5411764705882353,0.4470588235294118,long,0.5411764705882353,0.0139617647695192
high_emotion&has_exclamation,38,0.0039042246833369543,0.0052678689901229925,0.0362125461156618,0.5789473684210527,0.3684210526315789,long,0.5789473684210527,0.013933675283983885
has_china&has_iran,46,0.003741703565477715,0.002522496819890474,0.025446757766190268,0.5434782608695652,0.43478260869565216,long,0.5434782608695652,0.013792102326144688
has_deal&open_tariff,20,0.005482508338426767,0.0038186982991307294,0.027425409166684175,0.55,0.45,long,0.55,0.013485187465124842
brag_heavy&has_night_post,37,0.004553846079622756,0.0,0.024988719136524583,0.4864864864864865,0.4864864864864865,long,0.4864864864864865,0.013475658309020144
pre_tariff&pre_deal,30,0.004252115062438126,0.009162814598900892,0.035660998774986304,0.5666666666666667,0.43333333333333335,long,0.5666666666666667,0.01319754957522748
exclamation_heavy&tariff_rising,29,-0.004223869832935916,-0.004073279248352657,0.028681893029327568,0.41379310344827586,0.5517241379310345,short,0.5517241379310345,0.01254964699268612
tariff_rising,29,-0.004223869832935916,-0.004073279248352657,0.028681893029327568,0.41379310344827586,0.5517241379310345,short,0.5517241379310345,0.01254964699268612
has_exclamation&tariff_rising,29,-0.004223869832935916,-0.004073279248352657,0.028681893029327568,0.41379310344827586,0.5517241379310345,short,0.5517241379310345,0.01254964699268612
has_tariff&tariff_rising,29,-0.004223869832935916,-0.004073279248352657,0.028681893029327568,0.41379310344827586,0.5517241379310345,short,0.5517241379310345,0.01254964699268612
has_positive&tariff_rising,29,-0.004223869832935916,-0.004073279248352657,0.028681893029327568,0.41379310344827586,0.5517241379310345,short,0.5517241379310345,0.01254964699268612
has_tariff&open_deal,20,0.004916114531162597,0.002193017928074803,0.02729469290344277,0.55,0.45,long,0.55,0.012092042904539484
has_positive&brag_heavy,40,0.003815466444854787,0.0007361804201353461,0.024730886632122417,0.5,0.475,long,0.5,0.012065564301686362
has_action&has_market_brag,40,0.003618820202440512,0.0049059224746552665,0.03251654642638157,0.525,0.45,long,0.525,0.012015899996460827
brag_heavy,41,0.003671801518701655,0.0,0.02443711437182977,0.4878048780487805,0.4878048780487805,long,0.4878048780487805,0.011468781121678689
has_market_brag&brag_heavy,41,0.003671801518701655,0.0,0.02443711437182977,0.4878048780487805,0.4878048780487805,long,0.4878048780487805,0.011468781121678689
brag_heavy&exclamation_heavy,41,0.003671801518701655,0.0,0.02443711437182977,0.4878048780487805,0.4878048780487805,long,0.4878048780487805,0.011468781121678689
brag_heavy&has_exclamation,41,0.003671801518701655,0.0,0.02443711437182977,0.4878048780487805,0.4878048780487805,long,0.4878048780487805,0.011468781121678689
all_caps_heavy&short_posts,24,0.00349993730488111,0.012102473472636932,0.038503344008273495,0.6666666666666666,0.2916666666666667,long,0.6666666666666666,0.011430747371587304
tariff_heavy&lots_of_excl,20,0.004204218314170343,0.007652350261145302,0.023860850720640255,0.6,0.4,long,0.6,0.011281101531281347
has_deal&volume_drop,31,0.0032040333408736702,0.00322889828485895,0.030045559583325842,0.6129032258064516,0.3225806451612903,long,0.6129032258064516,0.01093376614193797
brag_heavy&lots_of_excl,40,0.003617324342288475,-0.0010373977637118115,0.02474590627732794,0.475,0.5,long,0.475,0.010867034759342014
has_tariff&has_market_brag,34,0.003536272649392096,0.001175473953996753,0.028762959763557992,0.5,0.5,long,0.5,0.010309917852831228
has_market_brag&pre_action,22,0.0043646878864292415,0.004347137263474021,0.0401481997289902,0.5,0.5,long,0.5,0.010236100424609065
positive_heavy&brag_heavy,37,0.003563147633005755,-0.0021322552437262887,0.025711324532107147,0.4594594594594595,0.5135135135135135,long,0.4594594594594595,0.009958223662255659
brag_heavy&has_uppercase_phrase,20,0.0038869456226223787,0.0022154845777069276,0.023981653237472502,0.55,0.45,long,0.55,0.009560622100731773
brag_heavy&deal_over_tariff,21,0.004344475767019669,0.0,0.028294446281872127,0.47619047619047616,0.47619047619047616,long,0.47619047619047616,0.009480423360604267
positive_heavy&pre_tariff,56,0.0021410011586370592,0.009339130356936898,0.027738392050590883,0.5892857142857143,0.4107142857142857,long,0.5892857142857143,0.00944140937178912
high_emotion&volume_spike,22,0.004016109850967716,0.0028168809038913167,0.029813784389841655,0.5,0.45454545454545453,long,0.5,0.00941861246908055
pre_tariff&exclamation_heavy,61,0.002042360243542029,0.008658126826262436,0.028939603385629044,0.5901639344262295,0.4098360655737705,long,0.5901639344262295,0.009413907598155994
has_tariff&deal_heavy,57,0.002338377444053807,0.001170864005398231,0.026510837085200835,0.5087719298245614,0.47368421052631576,long,0.5087719298245614,0.008982044104272934
positive_heavy&china_streak_3d,64,0.0023922336625392046,-0.0033203221596760923,0.02701678592459922,0.46875,0.515625,long,0.46875,0.008970876234522017
has_night_post&high_emotion,43,0.0027124401186771866,0.0,0.033886826119261894,0.4883720930232558,0.46511627906976744,long,0.4883720930232558,0.0086865080444325
deal_over_tariff&china_streak_3d,28,0.0034330691113679374,-0.0018975641460268755,0.02825809709356244,0.4642857142857143,0.5,long,0.4642857142857143,0.00843425802363585
has_tariff&has_iran,22,-0.0027841282712669805,-0.004629077691710559,0.020850681087122992,0.36363636363636365,0.6363636363636364,short,0.6363636363636364,0.008310093986040386
pre_relief&lots_of_excl,41,0.002549917149843041,0.0,0.03767966324245213,0.4878048780487805,0.4878048780487805,long,0.4878048780487805,0.007964603075905201
has_deal&brag_heavy,24,0.0034815235546673956,-0.0021096572208398334,0.026579140110214162,0.4583333333333333,0.5,long,0.4583333333333333,0.007817293216714495
has_deal&sig_potus,27,0.0024249796631849885,0.002958608315143163,0.02549467756366204,0.5925925925925926,0.4074074074074074,long,0.5925925925925926,0.007467000860369179
has_deal&pre_tariff,41,0.00216407126405732,0.007604820827236791,0.03321794224704312,0.5365853658536586,0.4634146341463415,long,0.5365853658536586,0.007435365306662977
attack_heavy&tariff_only,25,0.0024380971387119297,0.007067218575182332,0.02533494518719928,0.6,0.4,long,0.6,0.007314291416135789
deal_heavy&has_china,82,0.001432087220894294,0.005818792177938681,0.03142664934671615,0.5609756097560976,0.4268292682926829,long,0.5609756097560976,0.007274788554679568
sig_potus&has_all_caps,20,0.002670583261252563,0.011972788936217449,0.03213784419688053,0.6,0.35,long,0.6,0.007165926854080573
has_china&volume_drop,36,-0.002124055182926931,-0.003708765731467112,0.02656210919900076,0.4166666666666667,0.5555555555555556,short,0.5555555555555556,0.007080183943089771
posts_low&exclamation_heavy,35,-0.0027791545564592704,0.0,0.01990939378263187,0.45714285714285713,0.42857142857142855,short,0.42857142857142855,0.007046442893819087
lots_of_excl&tariff_rising,28,-0.0023906039465813084,-0.003934203770203204,0.027423432966543752,0.42857142857142855,0.5357142857142857,short,0.5357142857142857,0.0067767252063253725
pre_relief&deal_over_tariff,23,0.002905968653419469,-0.00459791452874847,0.040719499638224646,0.4782608695652174,0.5217391304347826,long,0.4782608695652174,0.006665299861395858
posts_low&volume_spike,38,0.002000071499578996,0.00580763674945961,0.037827774541494545,0.5263157894736842,0.39473684210526316,long,0.5263157894736842,0.006489088820496801
has_relief&has_china,37,0.0017699148318608415,0.006849039710365323,0.03785271256888325,0.5945945945945946,0.3783783783783784,long,0.5945945945945946,0.006401388531442389
pre_relief&exclamation_heavy,42,0.0020733161929914795,-0.0016949345246775605,0.03734526794442984,0.47619047619047616,0.5,long,0.47619047619047616,0.006398392682184727
positive_heavy&pre_relief,42,0.0020733161929914795,-0.0016949345246775605,0.03734526794442984,0.47619047619047616,0.5,long,0.47619047619047616,0.006398392682184727
has_positive&pre_relief,42,0.0020733161929914795,-0.0016949345246775605,0.03734526794442984,0.47619047619047616,0.5,long,0.47619047619047616,0.006398392682184727
deal_heavy&pre_tariff,23,0.0023608261111309034,0.007604820827236791,0.032335255282931935,0.5217391304347826,0.4782608695652174,long,0.5217391304347826,0.005907195279037233
pre_relief&has_night_post,41,0.0018317833104149405,-0.003389869049355121,0.03777597526399412,0.4634146341463415,0.5121951219512195,long,0.4634146341463415,0.005435453320493045
has_relief&volume_spike,30,0.0017336058512866755,0.00264818272113454,0.04179700554980925,0.5333333333333333,0.43333333333333335,long,0.5333333333333333,0.005064186829720846
open_deal&volume_spike,24,-0.0017524839381392366,-0.004196521410401111,0.0333458267076172,0.4166666666666667,0.5416666666666666,short,0.5416666666666666,0.004650415716769689
has_relief&has_all_caps,26,-0.0019588288700469214,0.0046220380950757756,0.041965349154883175,0.5384615384615384,0.46153846153846156,short,0.46153846153846156,0.0046098953686883794
pre_deal&sig_potus,20,0.0018529840269742581,0.0022154845777069276,0.02868091909236322,0.55,0.45,long,0.55,0.00455773807008932
posts_low&has_uppercase_phrase,21,0.0015425145080124128,0.011111169537356691,0.041291660808530126,0.6190476190476191,0.38095238095238093,long,0.6190476190476191,0.00437585540075942
attack_heavy&pre_relief,25,0.0017839620760980734,-0.003389869049355121,0.04573841357315627,0.48,0.52,long,0.48,0.004281508982635376
pre_relief&has_exclamation,43,0.001366916798615388,-0.003389869049355121,0.03718762746756631,0.46511627906976744,0.5116279069767442,long,0.46511627906976744,0.00416905715104935
pre_relief,43,0.001366916798615388,-0.003389869049355121,0.03718762746756631,0.46511627906976744,0.5116279069767442,long,0.46511627906976744,0.00416905715104935
has_relief&pre_relief,43,0.001366916798615388,-0.003389869049355121,0.03718762746756631,0.46511627906976744,0.5116279069767442,long,0.46511627906976744,0.00416905715104935
has_relief&has_market_brag,22,0.001412308896467414,0.0035515340355337655,0.035252714710505006,0.5909090909090909,0.4090909090909091,long,0.5909090909090909,0.003914368489749307
posts_low&has_attack,24,0.0013658940096537332,0.003363696318188336,0.021811941349290185,0.5833333333333334,0.2916666666666667,long,0.5833333333333334,0.0039033672607717744
attack_heavy&sig_potus,29,0.0014235150218563748,0.0,0.02355784050850319,0.4827586206896552,0.4827586206896552,long,0.4827586206896552,0.0037007614473722607
has_deal&pre_relief,24,0.0016455601037518401,-0.005046272349803704,0.04030030311591035,0.4583333333333333,0.5416666666666666,long,0.4583333333333333,0.003694884045667241
tariff_heavy&exclamation_heavy,21,0.0013585262682162826,0.0059878403473121455,0.026663278397180926,0.5714285714285714,0.42857142857142855,long,0.5714285714285714,0.003557456832963997
tariff_heavy,21,0.0013585262682162826,0.0059878403473121455,0.026663278397180926,0.5714285714285714,0.42857142857142855,long,0.5714285714285714,0.003557456832963997
tariff_heavy&has_positive,21,0.0013585262682162826,0.0059878403473121455,0.026663278397180926,0.5714285714285714,0.42857142857142855,long,0.5714285714285714,0.003557456832963997
tariff_heavy&has_exclamation,21,0.0013585262682162826,0.0059878403473121455,0.026663278397180926,0.5714285714285714,0.42857142857142855,long,0.5714285714285714,0.003557456832963997
has_tariff&tariff_heavy,21,0.0013585262682162826,0.0059878403473121455,0.026663278397180926,0.5714285714285714,0.42857142857142855,long,0.5714285714285714,0.003557456832963997
has_attack&pre_relief,35,0.0010905598407613848,-0.003389869049355121,0.039923938304989234,0.4857142857142857,0.5142857142857142,long,0.4857142857142857,0.003133750384148829
posts_high&pre_relief,33,0.0010264205673036074,0.0,0.040242097042440035,0.48484848484848486,0.48484848484848486,long,0.48484848484848486,0.002858830182094873
posts_low&has_night_post,90,0.0004809802107988364,0.0023730399943939773,0.031064190892727085,0.5444444444444444,0.4111111111111111,long,0.5444444444444444,0.0024842885268006555
posts_very_high&all_caps_heavy,21,0.000838906237251104,0.009316860174978459,0.04001570624629289,0.6190476190476191,0.38095238095238093,long,0.6190476190476191,0.0023798365395837602
tariff_heavy&positive_heavy,20,0.0009606095728781738,0.0040059328681416595,0.027291898224479312,0.55,0.45,long,0.55,0.002362787135271899
has_china&china_streak_3d,43,0.0006844943072537953,-0.0033726045884875377,0.024578820891989914,0.4418604651162791,0.5348837209302325,long,0.4418604651162791,0.001983303661883198
has_russia&china_streak_3d,30,0.0007018383180144028,-0.0018975641460268755,0.024622307909891446,0.4666666666666667,0.5,long,0.4666666666666667,0.0017939258329905396
tariff_heavy&has_night_post,20,0.000694234033680291,0.0040059328681416595,0.027177069422108773,0.55,0.45,long,0.55,0.0017075899407633104
posts_very_high&pre_relief,22,0.0004836699818835893,0.000525914739908373,0.04779869743070381,0.5,0.5,long,0.5,0.00113430665279015
has_attack&tariff_rising,22,-0.00044562635236912576,-0.0018975641460268755,0.029102891612917906,0.45454545454545453,0.5,short,0.5,0.0010450864330723883
has_market_brag&volume_drop,21,0.0003631952553481461,0.004201638234907934,0.020566387680701324,0.5714285714285714,0.42857142857142855,long,0.5714285714285714,0.0009510684283895396
has_relief&pre_deal,30,4.173828802857364e-05,-0.002011134665294123,0.0398846857860997,0.5,0.5,long,0.5,0.00011430500932448806
