event,n,mean_ret,median_ret,std,hit_up,hit_down,direction,directional_hit,score
posts_low&silence_day,229,0.035740126478506565,0.03442517826912228,0.07014863790836923,0.6785714285714286,0.3080357142857143,long,0.6785714285714286,0.36700281537386836
silence_day,229,0.035740126478506565,0.03442517826912228,0.07014863790836923,0.6785714285714286,0.3080357142857143,long,0.6785714285714286,0.36700281537386836
silence_day&volume_drop,147,0.03353390770910807,0.03076928713140492,0.06946424426057468,0.6870748299319728,0.30612244897959184,long,0.6870748299319728,0.2793488392751707
posts_low,400,0.0219775097072006,0.01287006318584849,0.06535438866199726,0.5848101265822785,0.3924050632911392,long,0.5848101265822785,0.25705340467662474
posts_low&volume_drop,222,0.0205899383002214,0.011736240611580184,0.06213410570134951,0.581081081081081,0.3963963963963964,long,0.581081081081081,0.17826589679013
volume_drop,326,0.017067539079401693,0.007207267613924095,0.05650572280981405,0.5736196319018405,0.3987730061349693,long,0.5736196319018405,0.1767680261314437
posts_very_high&china_streak_3d,27,0.031464846513443674,0.021897697964586627,0.039881065181127405,0.7777777777777778,0.14814814814814814,long,0.7777777777777778,0.12716366323182876
has_attack&has_all_caps,151,0.01645620768354595,0.012461116286548446,0.04733046988571975,0.609271523178808,0.33774834437086093,long,0.609271523178808,0.12320522136970093
posts_very_high&has_all_caps,106,0.018484668742647082,0.013355938011808344,0.04406250264348918,0.6415094339622641,0.29245283018867924,long,0.6415094339622641,0.1220865024566143
has_positive&has_all_caps,180,0.01348806052889448,0.009689623722364815,0.046427383035064565,0.5888888888888889,0.3611111111111111,long,0.5888888888888889,0.10656611146958073
has_all_caps&exclamation_heavy,180,0.013365913708714768,0.010136218863266544,0.04677303864169442,0.5888888888888889,0.3611111111111111,long,0.5888888888888889,0.10560105710709167
has_all_caps&lots_of_excl,177,0.013476696942852966,0.010033521322658778,0.04702644043619864,0.5875706214689266,0.3615819209039548,long,0.5875706214689266,0.10534893956801031
has_attack&has_uppercase_phrase,219,0.012405156177823833,0.006756762344444001,0.04572219692366175,0.5707762557077626,0.3972602739726027,long,0.5707762557077626,0.1047828464279858
posts_low&volume_spike,41,0.023632393828035305,0.02822580645161299,0.08553646860488257,0.6829268292682927,0.3170731707317073,long,0.6829268292682927,0.1033412757036058
posts_very_high&has_attack,214,0.011839291961181721,0.007834541846072685,0.04569035393383232,0.5887850467289719,0.3411214953271028,long,0.5887850467289719,0.10197398446956062
has_attack&has_night_post,549,0.008023130417083742,0.004032303036071383,0.045867651469334095,0.5409836065573771,0.4116575591985428,long,0.5409836065573771,0.10169840200391356
posts_very_high&positive_heavy,220,0.011600728407764842,0.007523629324304615,0.04510769498318283,0.5909090909090909,0.33636363636363636,long,0.5909090909090909,0.10167572346085026
has_attack&has_positive,577,0.007839125958067704,0.004032303036071383,0.04548566543320075,0.5389948006932409,0.41594454072790293,long,0.5389948006932409,0.101493943031247
has_attack&lots_of_excl,559,0.007926554368431416,0.004184082093818597,0.04603928219110681,0.5402504472271914,0.4150268336314848,long,0.5402504472271914,0.10124777355317376
has_all_caps&has_uppercase_phrase,134,0.014138214544209106,0.013171908145925393,0.048730855206760265,0.6119402985074627,0.34328358208955223,long,0.6119402985074627,0.10015116853846674
posts_high&has_all_caps,142,0.01384897397418837,0.009792321262972581,0.044849551927052714,0.6056338028169014,0.33098591549295775,long,0.6056338028169014,0.09994748679980407
posts_high&has_attack,352,0.00954501353755161,0.006314155228695939,0.045601316284242834,0.5568181818181818,0.38636363636363635,long,0.5568181818181818,0.09971518246767012
has_attack&has_exclamation,595,0.007621460045673187,0.0039061621558518222,0.04536700553060769,0.5361344537815126,0.41680672268907565,long,0.5361344537815126,0.09967135845361462
has_attack,595,0.007621460045673187,0.0039061621558518222,0.04536700553060769,0.5361344537815126,0.41680672268907565,long,0.5361344537815126,0.09967135845361462
has_night_post&has_all_caps,183,0.012439686858924956,0.009345726122070852,0.048203349060974926,0.5901639344262295,0.36065573770491804,long,0.5901639344262295,0.09931335620541916
posts_very_high&has_night_post,231,0.011111274231449435,0.007500083359712972,0.045272955247370184,0.5844155844155844,0.3463203463203463,long,0.5844155844155844,0.09869420313555696
posts_very_high&lots_of_excl,231,0.011016631061308329,0.007500083359712972,0.045330950254899846,0.5844155844155844,0.3463203463203463,long,0.5844155844155844,0.09785354957371242
has_all_caps,184,0.012200290551449652,0.009331311858900238,0.04818102266261783,0.5869565217391305,0.3641304347826087,long,0.5869565217391305,0.09713707404644767
has_all_caps&has_exclamation,184,0.012200290551449652,0.009331311858900238,0.04818102266261783,0.5869565217391305,0.3641304347826087,long,0.5869565217391305,0.09713707404644767
deal_heavy&deal_only,89,0.016595464174923236,0.007547175288896257,0.045466199672803784,0.6179775280898876,0.3258426966292135,long,0.6179775280898876,0.09675136263727069
has_attack&exclamation_heavy,579,0.007474923085582411,0.0039061621558518222,0.045604823527623954,0.5354058721934369,0.41796200345423146,long,0.5354058721934369,0.09630063265053607
has_action&has_exclamation,185,0.011999622016495059,0.007547175288896257,0.0413523389280227,0.5837837837837838,0.372972972972973,long,0.5837837837837838,0.09528081371416026
posts_high&posts_very_high,233,0.010740093172611242,0.0072202847413120885,0.04526041189761901,0.5793991416309013,0.351931330472103,long,0.5793991416309013,0.09498693121583594
posts_very_high,233,0.010740093172611242,0.0072202847413120885,0.04526041189761901,0.5793991416309013,0.351931330472103,long,0.5793991416309013,0.09498693121583594
posts_very_high&has_positive,233,0.010740093172611242,0.0072202847413120885,0.04526041189761901,0.5793991416309013,0.351931330472103,long,0.5793991416309013,0.09498693121583594
posts_very_high&has_exclamation,233,0.010740093172611242,0.0072202847413120885,0.04526041189761901,0.5793991416309013,0.351931330472103,long,0.5793991416309013,0.09498693121583594
posts_very_high&exclamation_heavy,233,0.010740093172611242,0.0072202847413120885,0.04526041189761901,0.5793991416309013,0.351931330472103,long,0.5793991416309013,0.09498693121583594
has_action,187,0.011915080054715034,0.007547175288896257,0.04125757403912351,0.5828877005347594,0.37433155080213903,long,0.5828877005347594,0.09497354728055513
has_action&has_attack,148,0.013389663566008648,0.007834541846072685,0.041618908100298495,0.581081081081081,0.3716216216216216,long,0.581081081081081,0.0946536266162842
has_action&has_positive,181,0.012028942275816724,0.007547175288896257,0.04175947822837584,0.580110497237569,0.3756906077348066,long,0.580110497237569,0.09388094498117619
has_attack&positive_heavy,450,0.007896892436607957,0.006332289861489038,0.045857056281540284,0.5555555555555556,0.39555555555555555,long,0.5555555555555556,0.09306576987043742
attack_heavy&has_positive,295,0.009453730809588062,0.007547175288896257,0.04416810737636715,0.5728813559322034,0.376271186440678,long,0.5728813559322034,0.09302055544429702
posts_high&has_uppercase_phrase,200,0.011383832616435274,0.006689583854625036,0.042941574990984895,0.575,0.38,long,0.575,0.09257023024820077
has_attack&has_china,227,0.01044072042169679,0.006042174358172003,0.0431437213613777,0.5859030837004405,0.3656387665198238,long,0.5859030837004405,0.09216566879924805
short_posts&china_streak_3d,38,0.022715861188578206,0.014638473416107134,0.039638919960396375,0.6578947368421053,0.23684210526315788,long,0.6578947368421053,0.09212498210550722
posts_very_high&deal_only,95,0.01441645248986454,0.013422947164608123,0.04048813055552453,0.6526315789473685,0.30526315789473685,long,0.6526315789473685,0.09170400264448383
has_positive,814,0.006266431310092008,0.0029850964862370155,0.04438592282019569,0.5098280098280098,0.44103194103194104,long,0.5098280098280098,0.09114989605871181
positive_heavy&has_all_caps,152,0.012460866989345802,0.009689623722364815,0.044117261551952086,0.5921052631578947,0.34868421052631576,long,0.5921052631578947,0.09096387981898871
has_action&has_night_post,182,0.011529795286123884,0.006792134637634728,0.0415716306014869,0.5769230769230769,0.3791208791208791,long,0.5769230769230769,0.08973775520935799
attack_heavy&has_uppercase_phrase,145,0.01270013527264846,0.00760456829884415,0.04309944599439636,0.5862068965517241,0.3793103448275862,long,0.5862068965517241,0.0896485503735825
posts_very_high&has_uppercase_phrase,132,0.012692302041580762,0.007575871793870204,0.04430787102721634,0.6136363636363636,0.3333333333333333,long,0.6136363636363636,0.08948257061724395
posts_high&has_night_post,394,0.008293324802570145,0.00410819256494499,0.045096594997054595,0.5431472081218274,0.39847715736040606,long,0.5431472081218274,0.08941169685687382
posts_high&lots_of_excl,402,0.008204884084802149,0.00410819256494499,0.0450656888383672,0.5422885572139303,0.40049751243781095,long,0.5422885572139303,0.08921048839135472
has_positive&has_china,281,0.009369248769520397,0.004255321998406947,0.04239724424705719,0.5658362989323843,0.3807829181494662,long,0.5658362989323843,0.08886868107488205
has_china&has_all_caps,95,0.014922778267080149,0.007500083359712972,0.04241330724347842,0.6105263157894737,0.3473684210526316,long,0.6105263157894737,0.08880059523894804
posts_very_high&attack_heavy,170,0.01133344571906941,0.008918226322887524,0.04536220738161071,0.6,0.32941176470588235,long,0.6,0.08866203190918914
posts_very_high&deal_over_tariff,121,0.012661785358062633,0.009771937252473828,0.03967278530364754,0.6363636363636364,0.3140495867768595,long,0.6363636363636364,0.08863249750643844
has_positive&has_exclamation,807,0.00612130983128936,0.0027248258769128064,0.0444298460746495,0.5080545229244114,0.4423791821561338,long,0.5080545229244114,0.08834692769474811
posts_high&has_positive,403,0.00816226783146501,0.0039061621558518222,0.044954574779508094,0.5384615384615384,0.4044665012406948,long,0.5384615384615384,0.08823036017492095
has_relief&positive_heavy,85,0.014128929192069997,0.01570671278889768,0.04819439602097411,0.6705882352941176,0.3058823529411765,long,0.6705882352941176,0.08735235972650891
attack_heavy&has_exclamation,298,0.008916520372488718,0.007399707446072434,0.0443169243980399,0.5671140939597316,0.3825503355704698,long,0.5671140939597316,0.08729190649017415
has_attack&attack_heavy,298,0.008916520372488718,0.007399707446072434,0.0443169243980399,0.5671140939597316,0.3825503355704698,long,0.5671140939597316,0.08729190649017415
attack_heavy,298,0.008916520372488718,0.007399707446072434,0.0443169243980399,0.5671140939597316,0.3825503355704698,long,0.5671140939597316,0.08729190649017415
attack_heavy&exclamation_heavy,297,0.008936117979603595,0.007500083359712972,0.04439042746298842,0.5656565656565656,0.3838383838383838,long,0.5656565656565656,0.08711239438904578
posts_high&has_exclamation,405,0.008013895007909754,0.0039061621558518222,0.04497042448860701,0.5382716049382716,0.4049382716049383,long,0.5382716049382716,0.08681057449970377
posts_high&exclamation_heavy,405,0.008013895007909754,0.0039061621558518222,0.04497042448860701,0.5382716049382716,0.4049382716049383,long,0.5382716049382716,0.08681057449970377
posts_high,405,0.008013895007909754,0.0039061621558518222,0.04497042448860701,0.5382716049382716,0.4049382716049383,long,0.5382716049382716,0.08681057449970377
has_action&lots_of_excl,173,0.011414524107059546,0.007547175288896257,0.04129188485746247,0.5780346820809249,0.37572254335260113,long,0.5780346820809249,0.0867830197659103
posts_high&attack_heavy,248,0.009708125331174853,0.007523629324304615,0.04591682071187743,0.5645161290322581,0.3790322580645161,long,0.5645161290322581,0.08630532049950809
attack_heavy&has_all_caps,106,0.01451463264626389,0.008460732947286886,0.0419052882906102,0.5754716981132075,0.3490566037735849,long,0.5754716981132075,0.08599693066841446
has_positive&has_night_post,734,0.0061945559092554375,0.003021115110753203,0.043962842692798085,0.5122615803814714,0.43869209809264303,long,0.5122615803814714,0.08597060678335842
positive_heavy&has_china,248,0.009440866691841904,0.004564389044664274,0.043197637223596604,0.5766129032258065,0.3709677419354839,long,0.5766129032258065,0.08572787572318902
has_all_caps&short_posts,125,0.012778861654809405,0.00760456829884415,0.046386151192842354,0.6,0.336,long,0.6,0.08572321000565784
attack_heavy&lots_of_excl,296,0.008804145291796291,0.007399707446072434,0.0444072001350609,0.5641891891891891,0.38513513513513514,long,0.5641891891891891,0.08545900196095751
attack_heavy&has_night_post,286,0.008860020789134409,0.007523629324304615,0.04460045406644266,0.5699300699300699,0.3776223776223776,long,0.5699300699300699,0.08539635397777924
has_market_brag&has_all_caps,53,0.019371124945889998,0.013054887432842222,0.047167548911299616,0.6037735849056604,0.3584905660377358,long,0.6037735849056604,0.08514651670041497
has_action&exclamation_heavy,179,0.011050585785891957,0.006872737019570696,0.04101941493536944,0.5754189944134078,0.37988826815642457,long,0.5754189944134078,0.0850738348019662
posts_high&positive_heavy,369,0.008204589510793728,0.003745321049970496,0.045216588047721405,0.5392953929539296,0.3983739837398374,long,0.5392953929539296,0.08499566004061283
has_positive&has_uppercase_phrase,281,0.009422107746765999,0.004032303036071383,0.044803212198119745,0.5373665480427047,0.42704626334519574,long,0.5373665480427047,0.08487344952948195
posts_very_high&has_action,101,0.01372341555318361,0.009771937252473828,0.04439720219627844,0.6138613861386139,0.32673267326732675,long,0.6138613861386139,0.08466291488316806
has_china&exclamation_heavy,281,0.009027834860375214,0.0039061621558518222,0.04243498034853793,0.5587188612099644,0.38434163701067614,long,0.5587188612099644,0.08455320976374157
posts_very_high&short_posts,159,0.01117346113246332,0.007547175288896257,0.047035636182985646,0.5911949685534591,0.34591194968553457,long,0.5911949685534591,0.08329463204916482
has_night_post&has_uppercase_phrase,274,0.009066225903460127,0.004508645913645415,0.044727996131227125,0.5547445255474452,0.40875912408759124,long,0.5547445255474452,0.08325203204531961
has_china,288,0.00871254756072223,0.003969232595961603,0.042427376631076125,0.5625,0.3819444444444444,long,0.5625,0.08316946973155952
has_china&has_exclamation,288,0.00871254756072223,0.003969232595961603,0.042427376631076125,0.5625,0.3819444444444444,long,0.5625,0.08316946973155952
attack_heavy&has_china,148,0.01144312307852225,0.007523629324304615,0.0448346137586239,0.5945945945945946,0.3581081081081081,long,0.5945945945945946,0.0827744652116633
has_uppercase_phrase&lots_of_excl,266,0.009354560267988352,0.00410819256494499,0.045117604143648606,0.5413533834586466,0.42105263157894735,long,0.5413533834586466,0.08259334421596823
deal_heavy&deal_over_tariff,131,0.012082624259754371,0.006622427117357388,0.042049646970440724,0.5954198473282443,0.3511450381679389,long,0.5954198473282443,0.08234177508069603
has_attack&short_posts,296,0.00885212048547954,0.003984616324691714,0.04514758217726396,0.5405405405405406,0.40878378378378377,long,0.5405405405405406,0.08232304834502302
has_relief&exclamation_heavy,91,0.013015750914420272,0.015189871242569986,0.0469670873244151,0.6483516483516484,0.31868131868131866,long,0.6483516483516484,0.08050086450060366
has_relief&has_positive,91,0.013015750914420272,0.015189871242569986,0.0469670873244151,0.6483516483516484,0.31868131868131866,long,0.6483516483516484,0.08050086450060366
has_relief&has_attack,78,0.013619012185423465,0.015407397763623543,0.046473424648964944,0.6666666666666666,0.3076923076923077,long,0.6666666666666666,0.08018657257151003
has_uppercase_phrase&exclamation_heavy,273,0.009007096664238209,0.004032303036071383,0.044631981883276196,0.5384615384615384,0.4249084249084249,long,0.5384615384615384,0.08013474049191248
has_positive&short_posts,418,0.007570642728820858,0.002868347890052747,0.04340244213299525,0.5143540669856459,0.42822966507177035,long,0.5143540669856459,0.07961283156644416
has_china&has_night_post,271,0.008722767429442663,0.0036629998570292255,0.04252538702863794,0.5535055350553506,0.39114391143911437,long,0.5535055350553506,0.07948055789636632
has_relief&has_night_post,90,0.012898492783069633,0.014239400050789275,0.0472168138142403,0.6444444444444445,0.32222222222222224,long,0.6444444444444445,0.07885799011697206
has_uppercase_phrase,291,0.00856715457341318,0.003745321049970496,0.045638451404232575,0.5395189003436426,0.4261168384879725,long,0.5395189003436426,0.07884783276339015
has_positive&lots_of_excl,701,0.00586093009771342,0.00271723693228898,0.045047366669823424,0.5078459343794579,0.4450784593437946,long,0.5078459343794579,0.07880568178029491
has_uppercase_phrase&short_posts,158,0.01064665248721735,0.006937165135107115,0.04643663306873643,0.5886075949367089,0.37341772151898733,long,0.5886075949367089,0.07877120402612878
has_relief&lots_of_excl,89,0.012791102454091634,0.015189871242569986,0.04734641800576494,0.651685393258427,0.3258426966292135,long,0.651685393258427,0.07863954060883144
has_relief,92,0.012701055188834822,0.014239400050789275,0.046805743504853475,0.6413043478260869,0.32608695652173914,long,0.6413043478260869,0.07812641587789061
has_relief&has_exclamation,92,0.012701055188834822,0.014239400050789275,0.046805743504853475,0.6413043478260869,0.32608695652173914,long,0.6413043478260869,0.07812641587789061
has_action&short_posts,107,0.012625092116055496,0.00806451539330122,0.04530539407450718,0.5981308411214953,0.35514018691588783,long,0.5981308411214953,0.0781128782473829
has_uppercase_phrase&has_exclamation,289,0.008511445788936162,0.003745321049970496,0.045767633613974824,0.5397923875432526,0.42560553633217996,long,0.5397923875432526,0.07810503194553185
has_attack&uppercase_phrase_heavy,46,0.016328324376912087,0.014202464182891839,0.037649757264296715,0.6956521739130435,0.2391304347826087,long,0.6956521739130435,0.07703936277963551
posts_high&has_action,140,0.011391956825414913,0.006439321056078251,0.04227584496637119,0.5714285714285714,0.37857142857142856,long,0.5714285714285714,0.07702368624546384
positive_heavy&has_night_post,544,0.006298915870234268,0.003361356600375287,0.044636275702641566,0.5238970588235294,0.4227941176470588,long,0.5238970588235294,0.07696818012697712
has_positive&exclamation_heavy,753,0.005557135520641923,0.0025063788605097503,0.04491894989771632,0.50199203187251,0.448871181938911,long,0.50199203187251,0.07655001844787812
has_china&has_uppercase_phrase,129,0.011434155095939777,0.006005905092585806,0.04109760597685606,0.5891472868217055,0.37209302325581395,long,0.5891472868217055,0.07651081285138824
has_action&attack_heavy,107,0.012936141537010972,0.008403247922315504,0.042752289582152374,0.5700934579439252,0.38317757009345793,long,0.5700934579439252,0.07628562431285535
has_night_post&lots_of_excl,667,0.005787903701780215,0.0027248258769128064,0.04456552660375951,0.5097451274362819,0.44227886056971516,long,0.5097451274362819,0.07619689895373946
has_exclamation&lots_of_excl,720,0.005552580548163011,0.0027099389536856533,0.044856908901449305,0.5069444444444444,0.44583333333333336,long,0.5069444444444444,0.07553034763376619
lots_of_excl,720,0.005552580548163011,0.0027099389536856533,0.044856908901449305,0.5069444444444444,0.44583333333333336,long,0.5069444444444444,0.07553034763376619
has_action&has_china,87,0.013240843822144254,0.006872737019570696,0.03887560103179544,0.6091954022988506,0.3448275862068966,long,0.6091954022988506,0.07523707555781729
posts_very_high&has_china,142,0.010662070283868444,0.006747571192188384,0.04507177706944222,0.5915492957746479,0.34507042253521125,long,0.5915492957746479,0.07515824923380049
has_china&lots_of_excl,265,0.00830759374031286,0.0036629998570292255,0.042068436472242676,0.5547169811320755,0.3886792452830189,long,0.5547169811320755,0.075018719729523
has_action&positive_heavy,152,0.010616204125679813,0.006358718674142283,0.03951227574572918,0.5723684210526315,0.375,long,0.5723684210526315,0.07491464383226888
positive_heavy&has_uppercase_phrase,229,0.008826069479957585,0.006005905092585806,0.04286638798285291,0.5589519650655022,0.39737991266375544,long,0.5589519650655022,0.07465511528019139
posts_very_high&pre_action,44,0.017651476189864165,0.013612404924628563,0.04282524656417237,0.6363636363636364,0.29545454545454547,long,0.6363636363636364,0.07450968447703654
exclamation_heavy&short_posts,402,0.007315185716638467,0.002560711804522331,0.044574330324331474,0.5049751243781094,0.44029850746268656,long,0.5049751243781094,0.07406420538423697
exclamation_heavy&lots_of_excl,717,0.005446471916752401,0.0027026409750823266,0.04487730226019493,0.5062761506276151,0.44630404463040446,long,0.5062761506276151,0.07383500622913315
has_russia&has_uppercase_phrase,114,0.010923038185680559,0.007423253410664077,0.04217282174569583,0.631578947368421,0.3157894736842105,long,0.631578947368421,0.07365861060532891
exclamation_heavy,782,0.0052778967672453825,0.0,0.04451958685097271,0.49872122762148335,0.4514066496163683,long,0.49872122762148335,0.07360750919777362
has_exclamation&exclamation_heavy,782,0.0052778967672453825,0.0,0.04451958685097271,0.49872122762148335,0.4514066496163683,long,0.49872122762148335,0.07360750919777362
attack_heavy&short_posts,152,0.010293014845080509,0.007834541846072685,0.04709665114720215,0.5789473684210527,0.35526315789473684,long,0.5789473684210527,0.07346888981911581
has_china&short_posts,151,0.010116928199526561,0.0071175679257702296,0.044872638788967405,0.5894039735099338,0.3576158940397351,long,0.5894039735099338,0.07327405072222169
pre_action&has_all_caps,29,0.020740110943215664,0.014169922416414904,0.04248803596045879,0.6551724137931034,0.27586206896551724,long,0.6551724137931034,0.07317549639317013
pre_action&has_uppercase_phrase,42,0.01745772756205934,0.013447852601728205,0.041239705763614964,0.6428571428571429,0.30952380952380953,long,0.6428571428571429,0.0727322178298851
has_night_post&exclamation_heavy,721,0.005402296295762591,0.002024176488074403,0.04406935242350811,0.5006934812760055,0.44937586685159503,long,0.5006934812760055,0.07263032198473474
attack_heavy&positive_heavy,262,0.007944583251837053,0.007523629324304615,0.04443961722381254,0.5610687022900763,0.3816793893129771,long,0.5610687022900763,0.07215024488823867
has_positive&positive_heavy,575,0.00573145471063032,0.003366947072901194,0.044929678468234285,0.5234782608695652,0.42434782608695654,long,0.5234782608695652,0.07194447342504086
positive_heavy&has_exclamation,575,0.00573145471063032,0.003366947072901194,0.044929678468234285,0.5234782608695652,0.42434782608695654,long,0.5234782608695652,0.07194447342504086
positive_heavy,575,0.00573145471063032,0.003366947072901194,0.044929678468234285,0.5234782608695652,0.42434782608695654,long,0.5234782608695652,0.07194447342504086
posts_high&short_posts,237,0.008517449533929166,0.006005905092585806,0.04617675483385786,0.5485232067510548,0.3881856540084388,long,0.5485232067510548,0.07192481414600663
short_posts,523,0.00620723387277803,0.0025705480831819116,0.04718378207557074,0.5047801147227533,0.44550669216061184,long,0.5047801147227533,0.07165577396421247
positive_heavy&exclamation_heavy,571,0.005695097419944402,0.00335576612784938,0.04502290671732304,0.521891418563923,0.425569176882662,long,0.521891418563923,0.07102305798385021
has_night_post&has_exclamation,779,0.005034796714302601,0.0025705480831819116,0.04449780597556462,0.5044929396662388,0.4467265725288832,long,0.5044929396662388,0.07089339286982475
has_exclamation,882,0.00478749563597447,0.0,0.04469174906791149,0.4977324263038549,0.4512471655328798,long,0.4977324263038549,0.07076827648448876
positive_heavy&short_posts,274,0.007958405574059042,0.0033983599718919733,0.045216832661902844,0.5291970802919708,0.4051094890510949,long,0.5291970802919708,0.0697138052070809
posts_high&has_china,205,0.008797852253973393,0.003366947072901194,0.04416159159911271,0.551219512195122,0.4,long,0.551219512195122,0.06943495803624046
positive_heavy&uppercase_phrase_heavy,43,0.015451492186419101,0.00806451539330122,0.03926574061821041,0.6744186046511628,0.2558139534883721,long,0.6744186046511628,0.0683335835700954
has_china&deal_only,93,0.011975666229503076,0.004366808260444666,0.044082429668659606,0.5913978494623656,0.3225806451612903,long,0.5913978494623656,0.06830003065715026
posts_high&has_relief,70,0.012302758794966503,0.012062470378604973,0.04910259611233736,0.6571428571428571,0.3142857142857143,long,0.6571428571428571,0.06764120271322775
has_china&china_streak_3d,40,0.016414516056167075,0.009438859671391908,0.0366005734765475,0.65,0.3,long,0.65,0.06747943465496001
has_night_post,806,0.0047106730549611705,0.002560711804522331,0.044577658042928195,0.5037220843672456,0.4491315136476427,long,0.5037220843672456,0.06736611086490209
posts_high&uppercase_phrase_heavy,48,0.013912694078263135,0.014202464182891839,0.040561607184710004,0.6875,0.25,long,0.6875,0.0662681057877146
has_attack&pre_relief,36,0.01649687029660367,0.015255636141876971,0.05268686180985365,0.6666666666666666,0.3333333333333333,long,0.6666666666666666,0.06598748118641468
lots_of_excl&short_posts,360,0.006876637895550682,0.002560711804522331,0.044732821836109056,0.5055555555555555,0.4388888888888889,long,0.5055555555555555,0.06596237646230724
positive_heavy&lots_of_excl,559,0.005352403390500472,0.0031200882214819092,0.045103402712193735,0.516994633273703,0.4293381037567084,long,0.516994633273703,0.0654245547857905
attack_heavy&tariff_only,24,0.017769459102917037,0.020681295717627446,0.037487248610348606,0.75,0.20833333333333334,long,0.75,0.06528916171110068
has_action&has_all_caps,57,0.014071542898682144,0.013054887432842222,0.04428748218151723,0.6140350877192983,0.2982456140350877,long,0.6140350877192983,0.06523374859096669
posts_very_high&uppercase_phrase_heavy,42,0.014557677052576662,0.011117218904858062,0.04269094266002239,0.6904761904761905,0.2619047619047619,long,0.6904761904761905,0.06514265176948669
has_market_brag&has_uppercase_phrase,68,0.01374205921665222,0.0070280469384379485,0.04339156269689434,0.5735294117647058,0.39705882352941174,long,0.5735294117647058,0.0649923089672424
posts_high&deal_only,159,0.009082053965707477,0.006622405364806072,0.04604353967208002,0.5660377358490566,0.39622641509433965,long,0.5660377358490566,0.06482283569173866
has_china&deal_over_tariff,124,0.009878531241113882,0.005186356676515236,0.04166165863362015,0.5887096774193549,0.33064516129032256,long,0.5887096774193549,0.06475963543065344
has_russia&uppercase_phrase_heavy,27,0.016763381056677625,0.01792097017723493,0.03525206539897614,0.7407407407407407,0.18518518518518517,long,0.7407407407407407,0.064522283770674
has_market_brag&has_china,73,0.01344997983451771,0.0030864752361752235,0.04342268273776538,0.547945205479452,0.3972602739726027,long,0.547945205479452,0.06296804278387098
has_relief&deal_only,37,0.016558217883564045,0.0156249242846771,0.053588694135859365,0.6216216216216216,0.32432432432432434,long,0.6216216216216216,0.06260954778770586
deal_heavy&has_attack,115,0.010298846473976074,0.006005905092585806,0.041310186338864636,0.5652173913043478,0.3739130434782609,long,0.5652173913043478,0.06242420506602468
deal_heavy&has_positive,138,0.009648762360806633,0.005001222607752598,0.042446391149067036,0.5507246376811594,0.38405797101449274,long,0.5507246376811594,0.062423146997656435
attack_heavy&pre_action,47,0.015817967402806,0.013054887432842222,0.03963254800797967,0.574468085106383,0.3829787234042553,long,0.574468085106383,0.0622967673795553
has_action&has_russia,76,0.011545422403722102,0.007834541846072685,0.04002709844742343,0.618421052631579,0.3026315789473684,long,0.618421052631579,0.062244486509494996
deal_heavy&has_relief,34,0.016443186965522525,0.010243178277500764,0.04889141963410728,0.6470588235294118,0.29411764705882354,long,0.6470588235294118,0.06203963259605884
posts_high&deal_over_tariff,194,0.007872942661939164,0.005001222607752598,0.044078017818285894,0.5618556701030928,0.39690721649484534,long,0.5618556701030928,0.061611633239510744
has_all_caps&uppercase_phrase_heavy,42,0.013298228224250938,0.01607798806330185,0.039409612935293305,0.7142857142857143,0.23809523809523808,long,0.7142857142857143,0.06155883490687082
attack_heavy&deal_over_tariff,145,0.009032251002327032,0.0072202847413120885,0.04299135239377697,0.5655172413793104,0.38620689655172413,long,0.5655172413793104,0.06150718472910913
uppercase_phrase_heavy&has_exclamation,51,0.012861359314083406,0.014169922416414904,0.03994848446944862,0.6666666666666666,0.27450980392156865,long,0.6666666666666666,0.06123231802353307
uppercase_phrase_heavy&lots_of_excl,51,0.012861359314083406,0.014169922416414904,0.03994848446944862,0.6666666666666666,0.27450980392156865,long,0.6666666666666666,0.06123231802353307
has_uppercase_phrase&uppercase_phrase_heavy,51,0.012861359314083406,0.014169922416414904,0.03994848446944862,0.6666666666666666,0.27450980392156865,long,0.6666666666666666,0.06123231802353307
uppercase_phrase_heavy&exclamation_heavy,51,0.012861359314083406,0.014169922416414904,0.03994848446944862,0.6666666666666666,0.27450980392156865,long,0.6666666666666666,0.06123231802353307
has_night_post&uppercase_phrase_heavy,51,0.012861359314083406,0.014169922416414904,0.03994848446944862,0.6666666666666666,0.27450980392156865,long,0.6666666666666666,0.06123231802353307
has_positive&uppercase_phrase_heavy,51,0.012861359314083406,0.014169922416414904,0.03994848446944862,0.6666666666666666,0.27450980392156865,long,0.6666666666666666,0.06123231802353307
uppercase_phrase_heavy,51,0.012861359314083406,0.014169922416414904,0.03994848446944862,0.6666666666666666,0.27450980392156865,long,0.6666666666666666,0.06123231802353307
has_night_post&short_posts,439,0.005657289146404795,0.0027248258769128064,0.04492720655482021,0.5125284738041003,0.43735763097949887,long,0.5125284738041003,0.060751727847514043
sig_potus&deal_over_tariff,21,0.018421858449029903,0.01023891640387431,0.033537554271043456,0.7142857142857143,0.23809523809523808,long,0.7142857142857143,0.060299686274600944
attack_heavy&has_russia,150,0.008195162833683144,0.007834541846072685,0.040210373650711645,0.6,0.3466666666666667,long,0.6,0.06022190190463435
deal_heavy,143,0.009195477363290043,0.004255321998406947,0.04179995171946938,0.5454545454545454,0.38461538461538464,long,0.5454545454545454,0.05997922689136847
deal_heavy&has_exclamation,143,0.009195477363290043,0.004255321998406947,0.04179995171946938,0.5454545454545454,0.38461538461538464,long,0.5454545454545454,0.05997922689136847
has_deal&deal_heavy,143,0.009195477363290043,0.004255321998406947,0.04179995171946938,0.5454545454545454,0.38461538461538464,long,0.5454545454545454,0.05997922689136847
posts_very_high&has_russia,123,0.008752312259042083,0.007547175288896257,0.04135956226151157,0.6178861788617886,0.2926829268292683,long,0.6178861788617886,0.05997687589800381
has_action&has_uppercase_phrase,95,0.010614839214307618,0.00760456829884415,0.043752848305231906,0.5789473684210527,0.3684210526315789,long,0.5789473684210527,0.0598982738460931
pre_relief&has_uppercase_phrase,22,0.01748412546155687,0.015255636141876971,0.04011473178807825,0.7272727272727273,0.2727272727272727,long,0.7272727272727273,0.05964204917208468
deal_heavy&lots_of_excl,135,0.0093252684392338,0.004255321998406947,0.0417760997940751,0.5481481481481482,0.3851851851851852,long,0.5481481481481482,0.05939175762090876
has_action&deal_only,74,0.012128797784887528,0.005051692945908459,0.038340936410782275,0.5675675675675675,0.3918918918918919,long,0.5675675675675675,0.05921765233836651
pre_action&has_exclamation,83,0.011186966460111943,0.00623038948086263,0.038421958122844276,0.5783132530120482,0.3855421686746988,long,0.5783132530120482,0.058940596561136316
posts_very_high&has_deal,141,0.008428312647758687,0.006872737019570696,0.04182619028830795,0.5886524822695035,0.3546099290780142,long,0.5886524822695035,0.0589127334075715
deal_heavy&has_night_post,137,0.009186174452275788,0.004255321998406947,0.041294358527486516,0.5474452554744526,0.3795620437956204,long,0.5474452554744526,0.05886208866317919
posts_high&has_market_brag,112,0.010925661092075831,0.002818675381018987,0.04153391969966659,0.5089285714285714,0.4375,long,0.5089285714285714,0.05884554225144999
pre_action,85,0.011020095451404904,0.00623038948086263,0.03826454993500882,0.5764705882352941,0.38823529411764707,long,0.5764705882352941,0.05856956161122462
has_action&pre_action,85,0.011020095451404904,0.00623038948086263,0.03826454993500882,0.5764705882352941,0.38823529411764707,long,0.5764705882352941,0.05856956161122462
has_china&uppercase_phrase_heavy,38,0.013880979256388891,0.007834541846072685,0.03881091864987505,0.6842105263157895,0.2894736842105263,long,0.6842105263157895,0.05854659672310907
has_action&uppercase_phrase_heavy,27,0.01509703735960393,0.014169922416414904,0.03873548735419055,0.7407407407407407,0.2222222222222222,long,0.7407407407407407,0.05810852389022111
has_night_post&deal_only,238,0.007118651729881042,0.0031665869631392063,0.0448905709453707,0.5252100840336135,0.4117647058823529,long,0.5252100840336135,0.05767920697474935
has_china&has_russia,115,0.00856967453608547,0.004761969828883883,0.04029240250112865,0.6260869565217392,0.3130434782608696,long,0.6260869565217392,0.05753709151167083
has_exclamation&short_posts,467,0.005333553190050651,0.0,0.04478480124556469,0.4989293361884368,0.44539614561027835,long,0.4989293361884368,0.05750612596140885
deal_heavy&has_russia,62,0.011911739801751054,0.007209956154233477,0.041373040542933864,0.6129032258064516,0.3225806451612903,long,0.6129032258064516,0.057486113769393096
has_attack&sig_potus,51,0.01367880160555111,0.007547175288896257,0.03937348927194223,0.5882352941176471,0.3137254901960784,long,0.5882352941176471,0.05746246038487075
volume_spike,173,0.008115656052122895,0.004255321998406947,0.05779751391599704,0.5375722543352601,0.4046242774566474,long,0.5375722543352601,0.057383037056155745
posts_high&pre_action,62,0.01255071890773635,0.007759530234786038,0.038488017643028574,0.5806451612903226,0.3709677419354839,long,0.5806451612903226,0.057381944228143515
posts_very_high&has_relief,51,0.01199943759973701,0.011070053324367723,0.04301297755473522,0.6666666666666666,0.29411764705882354,long,0.6666666666666666,0.05712874986752524
has_relief&has_china,39,0.01270546346536293,0.010362634167502716,0.044645244036131404,0.717948717948718,0.28205128205128205,long,0.717948717948718,0.05696606742250342
attack_heavy&deal_only,118,0.009358067606221213,0.0073601840505125304,0.04456068031363536,0.559322033898305,0.3983050847457627,long,0.559322033898305,0.05685767677170089
has_action&deal_over_tariff,91,0.010414660316389455,0.005747123217098249,0.03691306663555137,0.5714285714285714,0.38461538461538464,long,0.5714285714285714,0.05677115854425892
deal_heavy&positive_heavy,128,0.009172488961954594,0.005001222607752598,0.04240288177600903,0.546875,0.390625,long,0.546875,0.05675188002187243
china_streak_3d,74,0.01135269915337377,0.007653314177145876,0.04408830926140624,0.581081081081081,0.36486486486486486,long,0.581081081081081,0.056748152207792245
has_night_post&deal_over_tariff,277,0.006446060870144404,0.003246698690103189,0.043364899839571515,0.5270758122743683,0.41155234657039713,long,0.5270758122743683,0.05654671411572497
pre_action&has_night_post,84,0.010741419314029827,0.006039226687136301,0.038407496520373216,0.5714285714285714,0.39285714285714285,long,0.5714285714285714,0.05625527666034549
posts_high&brag_heavy,31,0.01637613572949577,0.008403247922315504,0.0376637549678238,0.6129032258064516,0.2903225806451613,long,0.6129032258064516,0.0558835752708234
has_action&has_market_brag,39,0.01585323552033262,0.008403247922315504,0.04204867891555415,0.5641025641025641,0.41025641025641024,long,0.5641025641025641,0.055848085385578033
has_deal&has_china,153,0.008042767041208522,0.003745321049970496,0.04087375017796817,0.5555555555555556,0.3660130718954248,long,0.5555555555555556,0.055268630055231936
has_positive&pre_action,80,0.010972566128156119,0.00598875634898044,0.039083561650603685,0.5625,0.4,long,0.5625,0.05520465843787969
has_relief&has_action,31,0.013340256913606654,0.01908391546603072,0.043556910335281224,0.7419354838709677,0.22580645161290322,long,0.7419354838709677,0.05510756005791118
has_all_caps&deal_over_tariff,85,0.010159144796793888,0.006622427117357388,0.04117375139552402,0.5882352941176471,0.35294117647058826,long,0.5882352941176471,0.05509569829536292
has_china&pre_action,44,0.01460798611659055,0.005483427127052853,0.04211097074216358,0.5681818181818182,0.36363636363636365,long,0.5681818181818182,0.055055919194831514
has_russia&deal_over_tariff,118,0.00865763899109889,0.006689583854625036,0.03826303282702594,0.5847457627118644,0.3559322033898305,long,0.5847457627118644,0.054993018672314146
deal_heavy&exclamation_heavy,141,0.008544802330742157,0.003745321049970496,0.04129147146966928,0.5390070921985816,0.3900709219858156,long,0.5390070921985816,0.05468976490455814
deal_heavy&short_posts,64,0.010929083255500682,0.007523629324304615,0.03825760608071624,0.625,0.328125,long,0.625,0.05464541627750341
china_streak_3d&volume_drop,23,0.017470889475438806,0.015624998619067298,0.04093884998426113,0.6521739130434783,0.30434782608695654,long,0.6521739130434783,0.05464398423040555
has_attack&deal_over_tariff,231,0.006693285040609742,0.00335576612784938,0.04442410362777682,0.5367965367965368,0.4199134199134199,long,0.5367965367965368,0.05460784214274377
has_russia&pre_tariff,30,-0.015701082579733263,-0.015528784196549184,0.04129032287518524,0.3333333333333333,0.6333333333333333,short,0.6333333333333333,0.054465635005751654
has_exclamation&china_streak_3d,73,0.011006435726686279,0.0072202847413120885,0.044291988403245594,0.5753424657534246,0.3698630136986301,long,0.5753424657534246,0.05410464628765723
positive_heavy&volume_drop,53,0.012279493771389552,0.009868437065487345,0.0383495475656541,0.6037735849056604,0.37735849056603776,long,0.6037735849056604,0.053974982062159456
has_market_brag&has_night_post,151,0.00880141602539468,0.0,0.039694073674931024,0.4966887417218543,0.45695364238410596,long,0.4966887417218543,0.053718680867322906
uppercase_phrase_heavy&deal_over_tariff,27,0.013933370575387193,0.014169922416414904,0.03773635703329922,0.7407407407407407,0.2222222222222222,long,0.7407407407407407,0.053629568349457375
has_action&china_streak_3d,20,0.019885586450303118,0.0032379271746656446,0.04519624189230782,0.6,0.35,long,0.6,0.05335862769039182
deal_heavy&has_action,54,0.012241729014475565,0.005926984492997889,0.03760962466807331,0.5925925925925926,0.37037037037037035,long,0.5925925925925926,0.05330842605313621
has_attack&china_streak_3d,57,0.011837325092692115,0.008086343612979663,0.04579250650301571,0.5964912280701754,0.3333333333333333,long,0.5964912280701754,0.0533083283616535
has_deal&has_all_caps,96,0.009481128487213202,0.006314166104971597,0.03945354929446822,0.5729166666666666,0.375,long,0.5729166666666666,0.053221499327879035
posts_high&has_russia,179,0.0068422519722961305,0.006756762344444001,0.04116611530321666,0.5810055865921788,0.35195530726256985,long,0.5810055865921788,0.05318704807047086
posts_high&tariff_only,29,0.014257219717851715,0.017793608699277152,0.03849215075463506,0.6896551724137931,0.2413793103448276,long,0.6896551724137931,0.05294998473942012
has_russia&deal_only,95,0.009213942421324804,0.006756762344444001,0.03834903485813474,0.5894736842105263,0.3473684210526316,long,0.5894736842105263,0.05293851058517457
brag_heavy&deal_over_tariff,20,0.01809223014476959,0.0075800051333797525,0.04432606391941461,0.65,0.25,long,0.65,0.05259209340875836
has_russia&pre_action,31,0.015400210308911928,0.009771937252473828,0.03972179855451187,0.6129032258064516,0.3225806451612903,long,0.6129032258064516,0.0525532290523516
posts_very_high&has_market_brag,62,0.012476670552686817,0.0049345427797998775,0.043234902514669306,0.532258064516129,0.3870967741935484,long,0.532258064516129,0.052289778576115165
has_all_caps&deal_only,68,0.010649143611403598,0.00587770267905996,0.04165017039460683,0.5882352941176471,0.35294117647058826,long,0.5882352941176471,0.051655934037868875
has_china&pre_relief,20,0.0177497084822408,0.004508645913645415,0.05149253666986883,0.65,0.35,long,0.65,0.051596421171223567
has_relief&has_uppercase_phrase,45,0.01151374676636611,0.013288928859008564,0.045589354873304296,0.6666666666666666,0.3111111111111111,long,0.6666666666666666,0.05149104089062602
attack_heavy&volume_spike,96,0.009172315453301045,0.0061847642909521605,0.03969998083600734,0.5729166666666666,0.3541666666666667,long,0.5729166666666666,0.05148800392182458
posts_high&china_streak_3d,47,0.012598537612426672,0.00349644514016334,0.04535964734975282,0.5957446808510638,0.3191489361702128,long,0.5957446808510638,0.05145519628823059
has_positive&open_tariff,29,0.014557071396858533,0.013288928859008564,0.030221095311535138,0.6551724137931034,0.20689655172413793,long,0.6551724137931034,0.05136042562223554
positive_heavy&open_tariff,29,0.014557071396858533,0.013288928859008564,0.030221095311535138,0.6551724137931034,0.20689655172413793,long,0.6551724137931034,0.05136042562223554
has_tariff&open_tariff,29,0.014557071396858533,0.013288928859008564,0.030221095311535138,0.6551724137931034,0.20689655172413793,long,0.6551724137931034,0.05136042562223554
open_tariff&has_exclamation,29,0.014557071396858533,0.013288928859008564,0.030221095311535138,0.6551724137931034,0.20689655172413793,long,0.6551724137931034,0.05136042562223554
open_tariff&exclamation_heavy,29,0.014557071396858533,0.013288928859008564,0.030221095311535138,0.6551724137931034,0.20689655172413793,long,0.6551724137931034,0.05136042562223554
open_tariff&lots_of_excl,29,0.014557071396858533,0.013288928859008564,0.030221095311535138,0.6551724137931034,0.20689655172413793,long,0.6551724137931034,0.05136042562223554
open_tariff,29,0.014557071396858533,0.013288928859008564,0.030221095311535138,0.6551724137931034,0.20689655172413793,long,0.6551724137931034,0.05136042562223554
attack_heavy&has_market_brag,77,0.011206132743996426,0.003246680194793683,0.04375567348768582,0.5194805194805194,0.42857142857142855,long,0.5194805194805194,0.051082293895562285
attack_heavy&brag_heavy,26,0.016201724662063956,0.0075800051333797525,0.040361770446138596,0.6153846153846154,0.3076923076923077,long,0.6153846153846154,0.05083871397275174
has_relief&deal_over_tariff,47,0.011992828401912417,0.0107144193025277,0.050401081438660046,0.6170212765957447,0.3404255319148936,long,0.6170212765957447,0.05073068057353922
has_relief&attack_heavy,52,0.009838587352596349,0.01566581853678739,0.04496620648028578,0.7115384615384616,0.25,long,0.7115384615384616,0.05048156359934434
positive_heavy&tariff_only,40,0.012709424769497001,0.011164776676017896,0.04015974303852381,0.625,0.325,long,0.625,0.05023841252771378
has_uppercase_phrase&volume_spike,81,0.009618546108508586,0.006622405364806072,0.043457858150552045,0.5802469135802469,0.345679012345679,long,0.5802469135802469,0.050230185233322615
has_deal&uppercase_phrase_heavy,30,0.013090929236822878,0.01085854885265558,0.03654385690709808,0.7,0.26666666666666666,long,0.7,0.05019138069198246
posts_very_high&volume_spike,95,0.008869342805999684,0.004761969828883883,0.04145127732403282,0.5789473684210527,0.3368421052631579,long,0.5789473684210527,0.050048645438978294
has_attack&pre_action,59,0.011978681170058106,0.004255321998406947,0.039683876068921424,0.5423728813559322,0.4067796610169492,long,0.5423728813559322,0.049903726608523706
positive_heavy&has_market_brag,140,0.008503291342449017,0.0,0.040687501590676266,0.4928571428571429,0.45714285714285713,long,0.4928571428571429,0.04958749071514194
has_night_post&china_streak_3d,69,0.010468722457683276,0.00349644514016334,0.0434295090038048,0.5652173913043478,0.37681159420289856,long,0.5652173913043478,0.04915115726766771
has_attack&deal_only,195,0.006727266694834253,0.0030864752361752235,0.04647337708589984,0.5230769230769231,0.4358974358974359,long,0.5230769230769231,0.04913845656636921
attack_heavy&uppercase_phrase_heavy,38,0.012080181050939989,0.011117218904858062,0.0369533952940049,0.6578947368421053,0.2894736842105263,long,0.6578947368421053,0.048991603440009836
has_attack&has_market_brag,133,0.00840857975033311,0.002024176488074403,0.04089327431939633,0.5037593984962406,0.45864661654135336,long,0.5037593984962406,0.04885079431805159
has_attack&open_tariff,28,0.014240839501520228,0.011763922631441437,0.03072675678644844,0.6428571428571429,0.21428571428571427,long,0.6428571428571429,0.048442782576609715
has_positive&sig_potus,59,0.011237775528015805,0.006622405364806072,0.03883568921054921,0.559322033898305,0.3389830508474576,long,0.559322033898305,0.0482801140086979
uppercase_phrase_heavy&short_posts,35,0.010578124346109379,0.01792097017723493,0.03604313420747129,0.7714285714285715,0.2,long,0.7714285714285715,0.0482767927100729
has_china&sig_potus,27,0.013847843084583587,0.007547175288896257,0.03705502566678012,0.6666666666666666,0.25925925925925924,long,0.6666666666666666,0.04797033559548018
has_attack&tariff_only,40,0.012091990591144899,0.011164776676017896,0.03617395736435536,0.625,0.325,long,0.625,0.04779778964167969
has_iran&has_russia,58,0.010693000986105223,0.007307158950512149,0.035526303421755834,0.5862068965517241,0.3275862068965517,long,0.5862068965517241,0.047738033745733065
deal_heavy&pre_action,27,0.013774305946167305,0.009771937252473828,0.03251215639111991,0.6666666666666666,0.2962962962962963,long,0.6666666666666666,0.047715595475519734
posts_high&deal_heavy,110,0.008460286240713587,0.003620883095066918,0.03963598590161265,0.5363636363636364,0.39090909090909093,long,0.5363636363636364,0.047592741906494845
pre_relief&exclamation_heavy,42,0.011843878203809605,0.010243178277500764,0.05216389476536125,0.6190476190476191,0.38095238095238093,long,0.6190476190476191,0.04751630216816148
pre_relief&lots_of_excl,42,0.011843878203809605,0.010243178277500764,0.05216389476536125,0.6190476190476191,0.38095238095238093,long,0.6190476190476191,0.04751630216816148
has_positive&pre_relief,42,0.011843878203809605,0.010243178277500764,0.05216389476536125,0.6190476190476191,0.38095238095238093,long,0.6190476190476191,0.04751630216816148
positive_heavy&pre_relief,42,0.011843878203809605,0.010243178277500764,0.05216389476536125,0.6190476190476191,0.38095238095238093,long,0.6190476190476191,0.04751630216816148
posts_low&has_night_post,87,-0.00922337264085907,-0.0036496312582520174,0.04468021174798616,0.42528735632183906,0.5517241379310345,short,0.5517241379310345,0.04746476842437592
posts_very_high&deal_heavy,80,0.00918663739453919,0.0058765141548420274,0.03863183367719497,0.575,0.35,long,0.575,0.047246475107311725
posts_very_high&tariff_only,20,0.01623240459960575,0.017793608699277152,0.043888839310481764,0.65,0.25,long,0.65,0.04718578815989833
has_positive&china_streak_3d,71,0.009893771862682492,0.00349644514016334,0.043996945994257845,0.5633802816901409,0.38028169014084506,long,0.5633802816901409,0.046966987907944076
posts_high&open_tariff,27,0.014202829586127693,0.01023891640387431,0.0313114101203188,0.6296296296296297,0.2222222222222222,long,0.6296296296296297,0.04646670908056283
has_deal&has_market_brag,79,0.009570618859195393,0.006622405364806072,0.04291951951201023,0.5443037974683544,0.3924050632911392,long,0.5443037974683544,0.046301486176277204
open_tariff&has_night_post,28,0.01354467099795171,0.011763922631441437,0.030270720324622642,0.6428571428571429,0.21428571428571427,long,0.6428571428571429,0.04607463992241764
has_positive&tariff_only,49,0.011514921944952643,0.00947863082870315,0.04026361638041359,0.5714285714285714,0.3877551020408163,long,0.5714285714285714,0.04605968777981057
has_uppercase_phrase&china_streak_3d,27,0.014030107403013152,0.01321576251380896,0.042617158160069675,0.6296296296296297,0.2962962962962963,long,0.6296296296296297,0.045901622286704365
has_action&has_iran,37,0.012626071355754994,0.005747123217098249,0.0353764032798451,0.5945945945945946,0.3783783783783784,long,0.5945945945945946,0.04566569357968861
exclamation_heavy&tariff_only,46,0.011449196210830155,0.009673533947095247,0.04045306750982094,0.5869565217391305,0.3695652173913043,long,0.5869565217391305,0.045578480914602926
lots_of_excl&tariff_only,46,0.011384294807118937,0.009673533947095247,0.03697288668620618,0.5869565217391305,0.3695652173913043,long,0.5869565217391305,0.045320112786752645
pre_relief&has_night_post,41,0.011557900044488431,0.009771937252473828,0.05277857458302961,0.6097560975609756,0.3902439024390244,long,0.6097560975609756,0.04512601823700615
positive_heavy&sig_potus,51,0.01147345697104321,0.004032303036071383,0.0372429816534501,0.5490196078431373,0.35294117647058826,long,0.5490196078431373,0.0449849492162116
has_market_brag&deal_over_tariff,71,0.009463071452522868,0.006622427117357388,0.04329127089638284,0.5633802816901409,0.38028169014084506,long,0.5633802816901409,0.044922398520128026
positive_heavy&pre_action,69,0.009789646921211814,0.004255321998406947,0.03820413971803485,0.5507246376811594,0.4057971014492754,long,0.5507246376811594,0.044784329848705215
has_deal&has_action,104,0.007872580637271245,0.005001222607752598,0.03844035732612006,0.5576923076923077,0.40384615384615385,long,0.5576923076923077,0.04477426255621481
sig_potus&lots_of_excl,56,0.010414101502128294,0.006689583854625036,0.040762541143688096,0.5714285714285714,0.3392857142857143,long,0.5714285714285714,0.04453257121377363
has_china&volume_drop,32,0.013235672846477205,0.007168926333541159,0.04349666406312072,0.59375,0.40625,long,0.59375,0.044455411610725755
has_relief&pre_relief,43,0.011197828574896795,0.009771937252473828,0.05171297550696587,0.6046511627906976,0.3953488372093023,long,0.6046511627906976,0.044398974061035074
pre_relief,43,0.011197828574896795,0.009771937252473828,0.05171297550696587,0.6046511627906976,0.3953488372093023,long,0.6046511627906976,0.044398974061035074
pre_relief&has_exclamation,43,0.011197828574896795,0.009771937252473828,0.05171297550696587,0.6046511627906976,0.3953488372093023,long,0.6046511627906976,0.044398974061035074
has_deal&sig_potus,25,0.013796941664665803,0.007547175288896257,0.03426701985201813,0.64,0.28,long,0.64,0.044150213326930574
pre_action&exclamation_heavy,79,0.008890511488147406,0.005747123217098249,0.036847145958437626,0.5569620253164557,0.4050632911392405,long,0.5569620253164557,0.044011470396777254
has_market_brag&has_russia,56,0.009977197808334864,0.003649817776319453,0.034191784864290774,0.5892857142857143,0.35714285714285715,long,0.5892857142857143,0.04399755157151466
exclamation_heavy&china_streak_3d,68,0.00953374305332318,0.003431696106532267,0.044735977327257724,0.5588235294117647,0.38235294117647056,long,0.5588235294117647,0.04393317427709716
has_russia&china_streak_3d,28,0.013591465865994166,0.01572277845621206,0.05323524421920798,0.6071428571428571,0.32142857142857145,long,0.6071428571428571,0.04366527548443877
deal_heavy&open_deal,48,0.010423623469942607,0.006647149252997253,0.04203965701198056,0.6041666666666666,0.3541666666666667,long,0.6041666666666666,0.043631093168194315
has_relief&short_posts,47,0.010633510170221301,0.0107144193025277,0.044050529309230015,0.5957446808510638,0.3404255319148936,long,0.5957446808510638,0.04342959237601895
has_relief&volume_spike,28,0.012590988558148867,0.0056921875968449775,0.03908559988648897,0.6428571428571429,0.2857142857142857,long,0.6428571428571429,0.04283051719541352
attack_heavy&has_iran,54,0.010449141731315646,0.007084790326851165,0.03664614856795372,0.5555555555555556,0.3888888888888889,long,0.5555555555555556,0.042658442486242225
has_tariff&tariff_only,50,0.010767381203424051,0.00854159956377365,0.04019968642277886,0.56,0.4,long,0.56,0.042636654281545616
tariff_only,50,0.010767381203424051,0.00854159956377365,0.04019968642277886,0.56,0.4,long,0.56,0.042636654281545616
has_exclamation&tariff_only,50,0.010767381203424051,0.00854159956377365,0.04019968642277886,0.56,0.4,long,0.56,0.042636654281545616
has_action&volume_spike,58,0.009548525133984888,0.007575871793870204,0.04224365976764115,0.5862068965517241,0.3620689655172414,long,0.5862068965517241,0.04262861433010864
has_attack&brag_heavy,34,0.012394884883533682,0.0075800051333797525,0.03824184732485748,0.5882352941176471,0.35294117647058826,long,0.5882352941176471,0.042514104410605935
positive_heavy&china_streak_3d,60,0.009636465408838415,0.003431696106532267,0.04616289682175918,0.5666666666666667,0.36666666666666664,long,0.5666666666666667,0.04229811938403303
positive_heavy&brag_heavy,36,0.012674280724697753,0.005142702610917649,0.035509616584482255,0.5555555555555556,0.3333333333333333,long,0.5555555555555556,0.042247602415659176
has_china&volume_spike,73,0.008555862185109111,0.004255321998406947,0.04098874192663355,0.5753424657534246,0.3835616438356164,long,0.5753424657534246,0.04205829286668083
pre_action&volume_spike,31,0.012297098881750224,0.009771937252473828,0.04428543982258265,0.6129032258064516,0.3548387096774194,long,0.6129032258064516,0.04196385901548743
has_market_brag&lots_of_excl,163,0.0067076268426461624,0.0,0.040262353776044986,0.48466257668711654,0.4723926380368098,long,0.48466257668711654,0.04150516867106644
pre_relief&deal_over_tariff,25,0.01377067156884252,0.009771937252473828,0.05814085231762757,0.6,0.4,long,0.6,0.04131201470652755
has_relief&has_market_brag,21,0.014521244829778214,0.006872737019570696,0.038244055300810875,0.6190476190476191,0.3333333333333333,long,0.6190476190476191,0.041194340334608684
lots_of_excl&china_streak_3d,65,0.009171931159967802,0.003366947072901194,0.04547215198054485,0.5538461538461539,0.38461538461538464,long,0.5538461538461539,0.0409549696954955
deal_heavy&pre_deal,92,0.007814644367866462,0.006235234629108022,0.039818319713381393,0.5434782608695652,0.3695652173913043,long,0.5434782608695652,0.040736649785752366
has_positive&has_russia,268,0.004555192810097114,0.003649817776319453,0.03900470144741428,0.5447761194029851,0.3917910447761194,long,0.5447761194029851,0.04062489234181428
has_deal&has_attack,264,0.0048520461422756275,0.0030491725696839556,0.04516890700580763,0.5151515151515151,0.4393939393939394,long,0.5151515151515151,0.04061270038881941
pre_action&lots_of_excl,75,0.008544094929374252,0.004255321998406947,0.03749510242378952,0.5466666666666666,0.41333333333333333,long,0.5466666666666666,0.04045007116113872
has_positive&has_market_brag,166,0.006568134272821738,0.0,0.039864938026817204,0.4759036144578313,0.4819277108433735,long,0.4759036144578313,0.040273100863206956
has_market_brag&exclamation_heavy,167,0.0064971610570724305,0.0,0.03986489213448976,0.47904191616766467,0.47904191616766467,long,0.47904191616766467,0.04022123337182958
high_emotion&has_exclamation,39,-0.010914473202506773,-0.010335857943207905,0.05425993362386886,0.41025641025641024,0.5897435897435898,short,0.5897435897435898,0.04019743220446765
has_deal&has_relief,51,0.0092507992126412,0.0107144193025277,0.05431591901968044,0.6078431372549019,0.35294117647058826,long,0.6078431372549019,0.040156500686290744
posts_high&sig_potus,43,0.010957225235521319,0.006622405364806072,0.04157925544424235,0.5581395348837209,0.32558139534883723,long,0.5581395348837209,0.040103068397504125
has_deal&has_night_post,318,0.00446010609169895,0.002560711804522331,0.04385331188454187,0.5031446540880503,0.4339622641509434,long,0.5031446540880503,0.0400176528083371
has_russia&has_all_caps,74,0.008172418193129135,0.005901248643651602,0.04424948126286309,0.5675675675675675,0.35135135135135137,long,0.5675675675675675,0.03990102134668826
has_deal&brag_heavy,23,0.014714899157253441,0.006622405364806072,0.04219957735980672,0.5652173913043478,0.30434782608695654,long,0.5652173913043478,0.03988749148388737
has_tariff&has_market_brag,36,0.01196385891721151,0.006747582068464042,0.03311367555528764,0.5555555555555556,0.3333333333333333,long,0.5555555555555556,0.039879529724038375
deal_over_tariff,301,0.004551781831319584,0.0025705480831819116,0.044240824210646935,0.5049833887043189,0.43853820598006643,long,0.5049833887043189,0.0398787721520032
has_deal&deal_over_tariff,301,0.004551781831319584,0.0025705480831819116,0.044240824210646935,0.5049833887043189,0.43853820598006643,long,0.5049833887043189,0.0398787721520032
has_deal&attack_heavy,168,0.005671490406397336,0.0061847642909521605,0.04358468377317528,0.5357142857142857,0.4166666666666667,long,0.5357142857142857,0.03938084860432388
attack_heavy&pre_relief,26,0.01112545235232363,0.015255636141876971,0.04618994267466649,0.6923076923076923,0.3076923076923077,long,0.6923076923076923,0.0392738529060311
has_positive&deal_over_tariff,287,0.004575268910428893,0.0025705480831819116,0.0448558584013929,0.5052264808362369,0.43902439024390244,long,0.5052264808362369,0.039160089759302366
deal_over_tariff&deal_only,259,0.004881308358175833,0.0,0.045947222475365875,0.4980694980694981,0.444015444015444,long,0.4980694980694981,0.03912695687666251
has_deal&deal_only,259,0.004881308358175833,0.0,0.045947222475365875,0.4980694980694981,0.444015444015444,long,0.4980694980694981,0.03912695687666251
deal_only,259,0.004881308358175833,0.0,0.045947222475365875,0.4980694980694981,0.444015444015444,long,0.4980694980694981,0.03912695687666251
has_market_brag&has_exclamation,170,0.006205803931299764,0.0,0.03970288521509937,0.4823529411764706,0.4764705882352941,long,0.4823529411764706,0.03902900161225799
has_market_brag,170,0.006205803931299764,0.0,0.03970288521509937,0.4823529411764706,0.4764705882352941,long,0.4823529411764706,0.03902900161225799
brag_heavy&lots_of_excl,41,0.010843052551532265,0.006622405364806072,0.03545265596584878,0.5609756097560976,0.34146341463414637,long,0.5609756097560976,0.038948207068558775
short_posts&volume_spike,100,0.007139508951964434,0.004143811092503724,0.058903230918947766,0.54,0.41,long,0.54,0.038553348340607946
deal_only&volume_spike,52,0.00926480785783488,0.007061244362259522,0.038426430535854234,0.5769230769230769,0.36538461538461536,long,0.5769230769230769,0.03854393052547538
has_positive&volume_spike,140,0.0063330454305763305,0.0029857530358532447,0.047036650430969384,0.5142857142857142,0.4142857142857143,long,0.5142857142857142,0.03853728209549214
has_positive&deal_only,245,0.004927651880952807,0.0,0.0467352255979801,0.49795918367346936,0.4448979591836735,long,0.49795918367346936,0.0384075679480672
has_china&open_deal,44,0.010606231545396888,0.003620883095066918,0.04488953155810789,0.5454545454545454,0.4090909090909091,long,0.5454545454545454,0.03837478960986849
posts_very_high&pre_relief,23,0.012266653029158303,0.009771937252473828,0.03670445773280661,0.6521739130434783,0.34782608695652173,long,0.6521739130434783,0.03836660953224577
sig_potus&has_exclamation,62,0.009139737775462673,0.0038476514465503042,0.03980034813729766,0.532258064516129,0.3709677419354839,long,0.532258064516129,0.03830467932166254
sig_potus,62,0.009139737775462673,0.0038476514465503042,0.03980034813729766,0.532258064516129,0.3709677419354839,long,0.532258064516129,0.03830467932166254
positive_heavy&has_russia,214,0.004678711828934124,0.004143812517239165,0.04083280887112559,0.5560747663551402,0.37383177570093457,long,0.5560747663551402,0.03805978859807197
lots_of_excl&deal_over_tariff,278,0.004490273119582093,0.002643892507735446,0.04433596556182914,0.5071942446043165,0.43884892086330934,long,0.5071942446043165,0.0379725246184046
has_attack&has_russia,239,0.00443912979229137,0.0039061621558518222,0.03994280788044857,0.5523012552301255,0.3891213389121339,long,0.5523012552301255,0.03790293353714536
deal_heavy&attack_heavy,81,0.0073927051671492305,0.006872737019570696,0.035856125006784895,0.5679012345679012,0.37037037037037035,long,0.5679012345679012,0.037784937520984954
has_uppercase_phrase&deal_over_tariff,120,0.006263585694837067,0.0033983599718919733,0.04125436409903013,0.55,0.4166666666666667,long,0.55,0.03773777893521825
has_exclamation&deal_over_tariff,300,0.004327791762920925,0.002560711804522331,0.0441434521905789,0.5033333333333333,0.44,long,0.5033333333333333,0.03772964126371752
posts_high&has_deal,226,0.0047953935831036455,0.003166577715484453,0.04404018072091864,0.5221238938053098,0.42920353982300885,long,0.5221238938053098,0.037640210673972906
attack_heavy&sig_potus,33,0.011351036819238536,0.006622405364806072,0.03725531646734761,0.5757575757575758,0.30303030303030304,long,0.5757575757575758,0.03754327576103743
has_attack&all_caps_heavy,25,0.012479992618873163,0.00760456829884415,0.02833306650980504,0.6,0.24,long,0.6,0.03743997785661949
posts_very_high&open_tariff,24,0.013076766871575987,0.010005426828174069,0.032705312947640376,0.5833333333333334,0.25,long,0.5833333333333334,0.03736997404080763
posts_very_high&sig_potus,33,0.011149783109378066,0.006622405364806072,0.04279263854067155,0.5757575757575758,0.2727272727272727,long,0.5757575757575758,0.03687763405380435
has_exclamation&deal_only,258,0.004622132024870632,0.0,0.0458464447319145,0.49612403100775193,0.44573643410852715,long,0.49612403100775193,0.036833455438231265
high_emotion&volume_spike,24,0.01202815093868811,0.019533028129049335,0.09113024812435115,0.625,0.375,long,0.625,0.03682854043620547
has_russia&lots_of_excl,256,0.0041915929035380795,0.0037041604534998607,0.03988720440249755,0.546875,0.390625,long,0.546875,0.0366764379059582
posts_very_high&open_deal,47,0.008965557988453892,0.007547175288896257,0.04060392408855736,0.5957446808510638,0.3617021276595745,long,0.5957446808510638,0.03661730911327181
has_china&tariff_only,25,0.01219975037570526,0.00760456829884415,0.04603032756491208,0.6,0.36,long,0.6,0.03659925112711578
has_uppercase_phrase&deal_only,99,0.006734649811193175,0.0033002748036206064,0.042287126142808565,0.5454545454545454,0.42424242424242425,long,0.5454545454545454,0.03655031975699824
lots_of_excl&deal_only,237,0.004759612560860161,0.0,0.04613783849394061,0.4978902953586498,0.4472573839662447,long,0.4978902953586498,0.036482066973231614
short_posts&volume_drop,103,0.007116581182228171,0.0028817864154211392,0.036880625311861155,0.5048543689320388,0.44660194174757284,long,0.5048543689320388,0.036463314156268876
has_russia&exclamation_heavy,271,0.004074599959185997,0.00363663569560968,0.039334196110423984,0.5424354243542435,0.39114391143911437,long,0.5424354243542435,0.036384605111692246
has_tariff&has_all_caps,43,0.009891454105898524,0.00760456829884415,0.03803763229535426,0.5581395348837209,0.3953488372093023,long,0.5581395348837209,0.03620238263184233
brag_heavy,42,0.01013564767248376,0.005142702610917649,0.035316464309685866,0.5476190476190477,0.35714285714285715,long,0.5476190476190477,0.03597118096769365
brag_heavy&has_exclamation,42,0.01013564767248376,0.005142702610917649,0.035316464309685866,0.5476190476190477,0.35714285714285715,long,0.5476190476190477,0.03597118096769365
brag_heavy&exclamation_heavy,42,0.01013564767248376,0.005142702610917649,0.035316464309685866,0.5476190476190477,0.35714285714285715,long,0.5476190476190477,0.03597118096769365
has_market_brag&brag_heavy,42,0.01013564767248376,0.005142702610917649,0.035316464309685866,0.5476190476190477,0.35714285714285715,long,0.5476190476190477,0.03597118096769365
attack_heavy&open_tariff,23,0.012321338298045149,0.009771937252473828,0.030789603990763595,0.6086956521739131,0.21739130434782608,long,0.6086956521739131,0.0359684728986223
brag_heavy&has_night_post,37,0.010935337723862648,0.0036629998570292255,0.03723896696955075,0.5405405405405406,0.35135135135135137,long,0.5405405405405406,0.03595516895290181
posts_high&pre_relief,35,0.010046100342526757,0.004761969828883883,0.05151422135669017,0.6,0.4,long,0.6,0.035660118681247605
deal_heavy&uppercase_phrase_heavy,23,0.0113906508764909,0.006005905092585806,0.040506918168580576,0.6521739130434783,0.30434782608695654,long,0.6521739130434783,0.03562672339860307
attack_heavy&china_streak_3d,32,0.01105159914527655,0.005358364940737714,0.03969092144533127,0.5625,0.375,long,0.5625,0.03516597314361226
has_deal&has_russia,138,0.005305677205774962,0.004000321524188721,0.04153795826392163,0.5579710144927537,0.38405797101449274,long,0.5579710144927537,0.03477699126065599
has_positive&brag_heavy,41,0.01007509383336137,0.0036629998570292255,0.035752987473535426,0.5365853658536586,0.36585365853658536,long,0.5365853658536586,0.03461623671740832
sig_potus&exclamation_heavy,60,0.0083613632103367,0.0038476514465503042,0.03978541828801399,0.5333333333333333,0.38333333333333336,long,0.5333333333333333,0.034542315162907115
has_market_brag&pre_action,21,0.014281952415671614,0.013054887432842222,0.04690086052540585,0.5238095238095238,0.42857142857142855,long,0.5238095238095238,0.03428235277058564
attack_heavy&all_caps_heavy,24,0.011900606952575055,0.007575871793870204,0.028790767797265845,0.5833333333333334,0.25,long,0.5833333333333334,0.0340088171070979
has_market_brag&deal_only,54,0.00857462553362293,0.004854440300490648,0.04683943283632333,0.5370370370370371,0.42592592592592593,long,0.5370370370370371,0.03383890341620373
pre_action&short_posts,51,0.00832222404465834,0.005747123217098249,0.03990052536756127,0.5686274509803921,0.39215686274509803,long,0.5686274509803921,0.033794989295206905
has_night_post&sig_potus,61,0.008224291682298393,0.0036629998570292255,0.03946700252166052,0.5245901639344263,0.3770491803278688,long,0.5245901639344263,0.03369640469310574
open_deal&has_uppercase_phrase,38,0.008935714300970433,0.004000321524188721,0.039566644390979316,0.6052631578947368,0.3684210526315789,long,0.6052631578947368,0.033339978272603744
has_russia&has_exclamation,275,0.003712287658836211,0.003622978886442807,0.03956826036048148,0.5381818181818182,0.39636363636363636,long,0.5381818181818182,0.03313118656686427
has_deal&pre_relief,26,0.011196563163265318,0.007013629625440387,0.058458714030216366,0.5769230769230769,0.4230769230769231,long,0.5769230769230769,0.03293740041615231
has_night_post&high_emotion,41,-0.010040675947642417,-0.003002825782593588,0.056885748929730404,0.4878048780487805,0.5121951219512195,short,0.5121951219512195,0.032929892827602975
has_russia&has_night_post,261,0.0037320365776090277,0.0036629998570292255,0.03929371587531654,0.5440613026819924,0.39080459770114945,long,0.5440613026819924,0.03280303160009648
pre_action&deal_over_tariff,43,0.008602327261613623,0.004255321998406947,0.02966949952463321,0.5813953488372093,0.3953488372093023,long,0.5813953488372093,0.03279606522323169
has_russia&open_deal,35,0.00871367042042225,0.009771937252473828,0.04620043444738542,0.6285714285714286,0.34285714285714286,long,0.6285714285714286,0.0324033407725363
deal_over_tariff&volume_spike,67,0.007135060741788494,0.004255321998406947,0.03802225876476675,0.5522388059701493,0.3880597014925373,long,0.5522388059701493,0.032252397032093136
has_russia,276,0.0036037685230767094,0.0034893725071460935,0.03953737791619108,0.5362318840579711,0.39855072463768115,long,0.5362318840579711,0.03210436335009318
has_russia&volume_drop,26,0.0101924811123685,0.006816098592049347,0.03867396261400063,0.6153846153846154,0.2692307692307692,long,0.6153846153846154,0.031982560051626384
short_posts&deal_over_tariff,159,0.004616232570337403,0.0033002748036206064,0.04157044654248882,0.5408805031446541,0.4088050314465409,long,0.5408805031446541,0.031483830815568464
has_positive&volume_drop,133,0.005334247346656718,0.0030212049786328965,0.04011867991229395,0.5112781954887218,0.45112781954887216,long,0.5112781954887218,0.03145257756851665
pre_deal&pre_action,32,0.009358477879998568,0.008241734754086294,0.02531933391671203,0.59375,0.375,long,0.59375,0.03143285506002364
deal_heavy&has_all_caps,52,0.007777313729934416,0.005130613545496376,0.0389313044285289,0.5576923076923077,0.38461538461538464,long,0.5576923076923077,0.03127706152772347
has_all_caps&volume_spike,48,0.008308225971574977,0.0030125503402667064,0.04414192881567097,0.5416666666666666,0.3541666666666667,long,0.5416666666666666,0.031178917257650842
posts_very_high&has_iran,56,0.0077740432775020175,0.004000321524188721,0.03770143359475425,0.5357142857142857,0.375,long,0.5357142857142857,0.031165506915391848
posts_high&has_iran,77,0.007188614213786882,0.0,0.040365257162748164,0.4935064935064935,0.44155844155844154,long,0.4935064935064935,0.031130307550465804
exclamation_heavy&deal_over_tariff,293,0.0036128741793245095,0.0,0.04392781928295978,0.49829351535836175,0.44368600682593856,long,0.49829351535836175,0.030815689028390776
pre_deal&deal_over_tariff,145,0.00492046004270531,0.003246698690103189,0.0396674523791683,0.5172413793103449,0.4,long,0.5172413793103449,0.03064664740107123
has_deal&pre_action,49,0.007659826694450019,0.004255321998406947,0.028984155463621698,0.5714285714285714,0.40816326530612246,long,0.5714285714285714,0.030639306777800072
deal_heavy&has_uppercase_phrase,67,0.0065886962056661905,0.003745321049970496,0.03566832459650222,0.5671641791044776,0.40298507462686567,long,0.5671641791044776,0.030587619470191934
has_tariff&short_posts,44,0.007795414931794473,0.009529956669264483,0.04381684257710353,0.5909090909090909,0.36363636363636365,long,0.5909090909090909,0.030555278489150055
open_deal&has_all_caps,29,0.009627410090817192,0.004255321998406947,0.038751856723165175,0.5862068965517241,0.3793103448275862,long,0.5862068965517241,0.030392007933918812
positive_heavy&deal_over_tariff,242,0.003778874643677542,0.0028377800007851617,0.04461473310509048,0.512396694214876,0.4297520661157025,long,0.512396694214876,0.030121492530817067
has_china&pre_deal,82,0.005922220069502852,0.006666979686528074,0.033020863343042973,0.5609756097560976,0.34146341463414637,long,0.5609756097560976,0.030083990801209055
has_deal,343,0.0033254706832235013,0.0,0.04504794949831327,0.4868804664723032,0.45481049562682213,long,0.4868804664723032,0.029986276043828333
exclamation_heavy&deal_only,251,0.0037957954903682337,0.0,0.04565534212846413,0.4900398406374502,0.450199203187251,long,0.4900398406374502,0.029469383886539018
posts_low&exclamation_heavy,29,-0.007918572835149242,-0.010791492675430447,0.03744804289438707,0.2413793103448276,0.6896551724137931,short,0.6896551724137931,0.029408841210053098
has_night_post&volume_drop,131,0.005075068410734034,0.0025063788605097503,0.03627391340811625,0.5038167938931297,0.4580152671755725,long,0.5038167938931297,0.029265111864718037
posts_very_high&pre_deal,77,0.005806443736280093,0.006872737019570696,0.0403600266486789,0.5714285714285714,0.36363636363636365,long,0.5714285714285714,0.02911504971614507
has_deal&has_positive,329,0.0032937759586977467,0.0,0.045608773690832764,0.48632218844984804,0.45592705167173253,long,0.48632218844984804,0.029054679490225884
pre_deal&deal_only,116,0.005293234169434468,0.0029086233866425504,0.04167952752318669,0.5086206896551724,0.4051724137931034,long,0.5086206896551724,0.02899640281973206
has_market_brag&pre_deal,42,0.007169720757954089,0.008045197546949434,0.03128850377420359,0.6190476190476191,0.2857142857142857,long,0.6190476190476191,0.028764110212371685
has_market_brag&volume_spike,36,0.010065535658134915,0.0,0.043076997581759154,0.4722222222222222,0.4166666666666667,long,0.4722222222222222,0.028519017698048925
positive_heavy&deal_only,201,0.003951342852985083,0.0025508755258627502,0.04677959438961386,0.5024875621890548,0.43781094527363185,long,0.5024875621890548,0.028149329816883065
has_deal&lots_of_excl,319,0.0032183017111751815,0.0,0.04525057887944558,0.4890282131661442,0.45454545454545453,long,0.4890282131661442,0.028109687206900956
has_deal&has_exclamation,342,0.003125402461972935,0.0,0.04496108549457835,0.4853801169590643,0.45614035087719296,long,0.4853801169590643,0.028054400003938117
has_china&has_iran,44,0.00808680424090949,0.003522797926795551,0.040520804256508086,0.5227272727272727,0.38636363636363635,long,0.5227272727272727,0.028040027030158485
posts_high&volume_spike,123,0.005004712939883862,0.00271723693228898,0.03878512632593391,0.5040650406504065,0.4146341463414634,long,0.5040650406504065,0.02797810566634681
has_relief&pre_deal,31,0.007775916206382695,0.0107144193025277,0.05586125259237716,0.6451612903225806,0.3225806451612903,long,0.6451612903225806,0.02793191557564515
pre_deal&sig_potus,20,0.010398940081786944,0.006689583854625036,0.03387185226460573,0.6,0.3,long,0.6,0.0279032843001874
short_posts&deal_only,143,0.004413740572349766,0.0030118699031926877,0.04203482237355063,0.5244755244755245,0.4195804195804196,long,0.5244755244755245,0.02768216465903712
uppercase_phrase_heavy&volume_spike,23,0.009448003178892841,0.007547175288896257,0.03488999381738771,0.6086956521739131,0.30434782608695654,long,0.6086956521739131,0.027580627855987087
has_russia&short_posts,138,0.004428252138915621,0.0030491725696839556,0.038589330205976644,0.5289855072463768,0.38405797101449274,long,0.5289855072463768,0.027517923437617733
has_russia&sig_potus,37,0.007593673627511666,0.006756762344444001,0.03707108798332644,0.5945945945945946,0.32432432432432434,long,0.5945945945945946,0.02746462959438697
has_night_post&tariff_only,44,0.007772669373859739,0.00386687766667293,0.040755237319577406,0.5227272727272727,0.4318181818181818,long,0.5227272727272727,0.02695080192951482
deal_heavy&volume_spike,51,0.006873438562373457,0.005747123217098249,0.03717884937420246,0.5490196078431373,0.37254901960784315,long,0.5490196078431373,0.026949269557508673
positive_heavy&pre_deal,144,0.0043530404942693475,0.0029086141389877973,0.04032080194280269,0.5069444444444444,0.4027777777777778,long,0.5069444444444444,0.02648099634013853
deal_heavy&has_market_brag,37,0.007650302952468632,0.006622405364806072,0.034931530148343735,0.5675675675675675,0.32432432432432434,long,0.5675675675675675,0.02641174321726559
posts_high&open_deal,63,0.0061250987278332275,0.003745321049970496,0.04897524245600552,0.5396825396825397,0.42857142857142855,long,0.5396825396825397,0.026237456745009706
deal_heavy&has_iran,44,0.007872414433795575,0.001872660524985248,0.04236233194802665,0.5,0.38636363636363635,long,0.5,0.026109844871078074
has_market_brag&short_posts,84,0.006269272260767404,-0.0032881604027382716,0.04282452555081131,0.4523809523809524,0.5119047619047619,long,0.4523809523809524,0.02599327995513417
all_caps_heavy&short_posts,24,0.009085883385139692,0.007575871793870204,0.03563521847252057,0.5833333333333334,0.25,long,0.5833333333333334,0.02596507451536107
has_exclamation&volume_drop,167,0.004175341227903908,0.0,0.03821090256599372,0.47904191616766467,0.47305389221556887,long,0.47904191616766467,0.025847808367277236
has_deal&short_posts,168,0.0037049147086777538,0.0032734867468618978,0.0420380612090794,0.5357142857142857,0.4166666666666667,long,0.5357142857142857,0.025725633789276236
has_russia&has_chips,20,0.008094267507823123,0.013808964581108363,0.03839528130667744,0.7,0.2,long,0.7,0.02533906532578444
pre_deal&volume_spike,45,0.006792257914700003,0.007500083359712972,0.03747388984304078,0.5555555555555556,0.37777777777777777,long,0.5555555555555556,0.025313250696633625
has_relief&has_russia,41,0.005926687840876845,0.009771937252473828,0.04229460968831305,0.6585365853658537,0.2926829268292683,long,0.6585365853658537,0.024991014662528323
pre_deal&has_all_caps,51,0.006372386873570058,0.007500083359712972,0.038373347422622286,0.5490196078431373,0.39215686274509803,long,0.5490196078431373,0.024984753994988673
pre_deal&lots_of_excl,156,0.003937147077753746,0.0029086141389877973,0.04082415642738815,0.5064102564102564,0.40384615384615385,long,0.5064102564102564,0.024902699666382148
tariff_heavy&has_night_post,20,-0.009249786247322134,-0.009491802434940688,0.026151326682078962,0.2,0.6,short,0.6,0.02481978099162597
pre_action&deal_only,33,0.007876651760438294,0.0033002748036206064,0.030248231136472292,0.5454545454545454,0.45454545454545453,long,0.5454545454545454,0.024680683354255543
has_deal&has_uppercase_phrase,140,0.004052614426618701,0.0028377800007851617,0.04229964282159612,0.5142857142857142,0.45,long,0.5142857142857142,0.02466060714310293
has_night_post&has_chips,30,0.007468329343675169,0.008446272192449644,0.035565571600402766,0.6,0.3333333333333333,long,0.6,0.02454343469045185
positive_heavy&has_chips,30,0.007468329343675169,0.008446272192449644,0.035565571600402766,0.6,0.3333333333333333,long,0.6,0.02454343469045185
has_tariff&has_china,85,0.004962354792397051,0.003366947072901194,0.038452012725816345,0.5294117647058824,0.4117647058823529,long,0.5294117647058824,0.02422093268189913
brag_heavy&has_uppercase_phrase,21,0.008459717951195881,0.006756762344444001,0.02327475813117365,0.6190476190476191,0.3333333333333333,long,0.6190476190476191,0.02399880344291972
has_iran&deal_only,60,0.006406457007394761,0.0,0.0401813825802531,0.48333333333333334,0.45,long,0.48333333333333334,0.023985031254572593
deal_over_tariff&china_streak_3d,25,0.008554926571302097,0.00335576612784938,0.039754469821108196,0.56,0.44,long,0.56,0.023953794399645872
has_tariff&has_action,42,0.00635939214235226,0.006358718674142283,0.03919664738509079,0.5714285714285714,0.38095238095238093,long,0.5714285714285714,0.023550612270901397
has_tariff&has_attack,109,0.004154154125815438,0.005747123217098249,0.0396717728434896,0.5412844036697247,0.4036697247706422,long,0.5412844036697247,0.02347585228593893
sig_potus&short_posts,30,0.007387428733261007,0.005394532690257692,0.04486274760828125,0.5666666666666667,0.3333333333333333,long,0.5666666666666667,0.02292881436862359
has_iran&open_deal,22,0.008828262745772445,0.004000321524188721,0.047689784569998,0.5454545454545454,0.45454545454545453,long,0.5454545454545454,0.022586303298890806
has_action&pre_deal,55,0.005569817305980893,0.00671153225569876,0.03803555758592905,0.5454545454545454,0.4,long,0.5454545454545454,0.022531020369826217
open_deal&has_night_post,76,0.004752687528168888,0.003620883095066918,0.04913010511578629,0.5394736842105263,0.4342105263157895,long,0.5394736842105263,0.022351996591212803
posts_low&has_positive,73,0.005782498924463237,0.0,0.0387108058117411,0.4520547945205479,0.4931506849315068,long,0.4520547945205479,0.022334080156725757
pre_deal&short_posts,72,0.0046848143233227234,0.006302413118926986,0.042431985078581896,0.5555555555555556,0.3888888888888889,long,0.5555555555555556,0.022084426510809097
has_deal&exclamation_heavy,334,0.00250573189569803,0.0,0.044839847969734566,0.4820359281437126,0.45808383233532934,long,0.4820359281437126,0.02207431541629532
has_relief&has_all_caps,27,0.0076277392779273085,0.004255321998406947,0.04594120484815395,0.5555555555555556,0.37037037037037035,long,0.5555555555555556,0.022019386627098066
has_tariff&tariff_heavy,21,-0.008370384136767358,-0.009049765237647667,0.025805766843560108,0.23809523809523808,0.5714285714285714,short,0.5714285714285714,0.02191881080148229
tariff_heavy&exclamation_heavy,21,-0.008370384136767358,-0.009049765237647667,0.025805766843560108,0.23809523809523808,0.5714285714285714,short,0.5714285714285714,0.02191881080148229
tariff_heavy&lots_of_excl,21,-0.008370384136767358,-0.009049765237647667,0.025805766843560108,0.23809523809523808,0.5714285714285714,short,0.5714285714285714,0.02191881080148229
tariff_heavy&has_positive,21,-0.008370384136767358,-0.009049765237647667,0.025805766843560108,0.23809523809523808,0.5714285714285714,short,0.5714285714285714,0.02191881080148229
tariff_heavy&has_exclamation,21,-0.008370384136767358,-0.009049765237647667,0.025805766843560108,0.23809523809523808,0.5714285714285714,short,0.5714285714285714,0.02191881080148229
tariff_heavy,21,-0.008370384136767358,-0.009049765237647667,0.025805766843560108,0.23809523809523808,0.5714285714285714,short,0.5714285714285714,0.02191881080148229
has_iran&has_night_post,111,0.004315450609762919,0.0,0.043069069190382676,0.4774774774774775,0.45045045045045046,long,0.4774774774774775,0.0217090355931168
has_attack&pre_deal,129,0.0037047947471193733,0.003246698690103189,0.04088518277294711,0.5116279069767442,0.4186046511627907,long,0.5116279069767442,0.02152847329282097
has_attack&volume_spike,119,0.0037636894236949543,0.003246680194793683,0.04540055416998596,0.5210084033613446,0.4117647058823529,long,0.5210084033613446,0.021391044315489265
pre_tariff&tariff_only,20,0.008619711416036924,0.005985688279644408,0.048491612399087385,0.55,0.45,long,0.55,0.021201686739958488
has_positive&has_chips,31,0.006551348747031732,0.00760456829884415,0.03533854377788037,0.5806451612903226,0.3548387096774194,long,0.5806451612903226,0.021179825467080617
sig_potus&has_all_caps,22,0.0075325735542691626,0.00578973916248382,0.04253279098478648,0.5909090909090909,0.3181818181818182,long,0.5909090909090909,0.02087735101102966
tariff_heavy&positive_heavy,20,-0.008436796542308745,-0.009491802434940688,0.02647431684172776,0.25,0.55,short,0.55,0.02075177563903129
positive_heavy&all_caps_heavy,22,0.008050365616764326,0.005049025407379504,0.027072168590932866,0.5454545454545454,0.2727272727272727,long,0.5454545454545454,0.020596124597024756
has_night_post&tariff_rising,20,-0.009937791292018338,0.0,0.026422663099565105,0.4,0.45,short,0.45,0.01999941918764262
lots_of_excl&volume_drop,85,0.004387544624215113,0.0,0.03841525581142531,0.49411764705882355,0.4823529411764706,long,0.49411764705882355,0.019987633344646132
posts_low&has_exclamation,110,-0.003491876770640548,-0.0036169623919901084,0.043862073527067266,0.4,0.5454545454545454,short,0.5454545454545454,0.01997624320236884
pre_deal,168,0.0030718764418019586,0.0012852740415909558,0.04065374017823402,0.5,0.4166666666666667,long,0.5,0.01990803467686628
has_deal&pre_deal,168,0.0030718764418019586,0.0012852740415909558,0.04065374017823402,0.5,0.4166666666666667,long,0.5,0.01990803467686628
has_attack&open_deal,72,0.004312285663986841,0.0038758835692851434,0.05100411732852981,0.5416666666666666,0.4305555555555556,long,0.5416666666666666,0.019820101830221086
posts_high&has_chips,26,0.0067090051866920365,0.008446272192449644,0.03790508296324671,0.5769230769230769,0.34615384615384615,long,0.5769230769230769,0.01973616251754109
pre_tariff&has_night_post,56,-0.004468633462432231,-0.009179110447988637,0.04326396923782093,0.375,0.5892857142857143,short,0.5892857142857143,0.019705826725547406
posts_high&pre_deal,113,0.0035489815469889113,0.00349644514016334,0.039754186916300345,0.5221238938053098,0.415929203539823,long,0.5221238938053098,0.01969774591628855
all_caps_heavy&has_uppercase_phrase,27,0.006785430297454388,0.007547175288896257,0.035379554885280516,0.5555555555555556,0.3333333333333333,long,0.5555555555555556,0.019587850044013665
has_deal&positive_heavy,278,0.002348660241709982,0.0,0.04507439145497726,0.49640287769784175,0.44244604316546765,long,0.49640287769784175,0.01943913270278641
pre_deal&has_night_post,162,0.0030146910178753105,0.0012852740415909558,0.03996018526096876,0.5,0.41358024691358025,long,0.5,0.019185376157296267
has_tariff&has_positive,133,0.003312847781058649,0.0,0.041726529152534046,0.49624060150375937,0.45112781954887216,long,0.49624060150375937,0.01895918203391397
has_tariff&lots_of_excl,128,0.0032991221099101208,0.0033012231613215315,0.04093269134162873,0.5078125,0.4375,long,0.5078125,0.018954256879024325
deal_heavy&has_china,80,0.004094379710301832,0.0028987778603282166,0.040220972388796,0.5125,0.4125,long,0.5125,0.01876838828375812
exclamation_heavy&volume_drop,117,0.003748835622954741,0.0,0.0409884298290397,0.46153846153846156,0.49572649572649574,long,0.46153846153846156,0.018715318701022117
sig_potus&has_uppercase_phrase,31,0.006119349783189302,0.004032303036071383,0.04246337001829878,0.5483870967741935,0.3870967741935484,long,0.5483870967741935,0.018684150322292297
exclamation_heavy&volume_spike,132,0.003296063258089493,0.0,0.04531297923711426,0.49242424242424243,0.4318181818181818,long,0.49242424242424243,0.018647556390122375
all_caps_heavy&exclamation_heavy,28,0.006543093501116731,0.005049025407379504,0.034741869928659165,0.5357142857142857,0.32142857142857145,long,0.5357142857142857,0.018547926652497635
all_caps_heavy&has_exclamation,28,0.006543093501116731,0.005049025407379504,0.034741869928659165,0.5357142857142857,0.32142857142857145,long,0.5357142857142857,0.018547926652497635
all_caps_heavy&lots_of_excl,28,0.006543093501116731,0.005049025407379504,0.034741869928659165,0.5357142857142857,0.32142857142857145,long,0.5357142857142857,0.018547926652497635
has_all_caps&all_caps_heavy,28,0.006543093501116731,0.005049025407379504,0.034741869928659165,0.5357142857142857,0.32142857142857145,long,0.5357142857142857,0.018547926652497635
has_night_post&all_caps_heavy,28,0.006543093501116731,0.005049025407379504,0.034741869928659165,0.5357142857142857,0.32142857142857145,long,0.5357142857142857,0.018547926652497635
has_positive&all_caps_heavy,28,0.006543093501116731,0.005049025407379504,0.034741869928659165,0.5357142857142857,0.32142857142857145,long,0.5357142857142857,0.018547926652497635
all_caps_heavy,28,0.006543093501116731,0.005049025407379504,0.034741869928659165,0.5357142857142857,0.32142857142857145,long,0.5357142857142857,0.018547926652497635
has_tariff&exclamation_heavy,129,0.0031847504711542823,0.003246680194793683,0.04195176045661152,0.5038759689922481,0.4418604651162791,long,0.5038759689922481,0.018226106851866847
has_tariff&attack_heavy,74,0.0037165598541980868,0.007238652659207423,0.040351819385906346,0.5675675675675675,0.3783783783783784,long,0.5675675675675675,0.018145734906625233
has_positive&pre_deal,160,0.002902059942213477,0.0,0.040948651163511145,0.49375,0.425,long,0.49375,0.018124810664369155
has_attack&has_iran,88,0.003941297566278783,0.0,0.04620323878986368,0.48863636363636365,0.45454545454545453,long,0.48863636363636365,0.018066180486777106
has_tariff&positive_heavy,117,0.003137475423292765,0.004366808260444666,0.04065404347100338,0.5299145299145299,0.41025641025641024,long,0.5299145299145299,0.017983701740507414
open_deal&deal_over_tariff,76,0.003891941925061942,0.003254157521678014,0.046942691268927146,0.5263157894736842,0.4473684210526316,long,0.5263157894736842,0.017857454258393846
has_tariff,134,0.003095124177233756,0.0,0.041645699795011835,0.4925373134328358,0.4552238805970149,long,0.4925373134328358,0.0176469483297738
has_tariff&has_exclamation,134,0.003095124177233756,0.0,0.041645699795011835,0.4925373134328358,0.4552238805970149,long,0.4925373134328358,0.0176469483297738
has_iran&lots_of_excl,111,0.0035480871716651813,0.0,0.04312946910008111,0.46846846846846846,0.46846846846846846,long,0.46846846846846846,0.017512015604786955
exclamation_heavy&has_chips,31,0.005360390841132615,0.00760456829884415,0.03688484468089125,0.5806451612903226,0.3548387096774194,long,0.5806451612903226,0.017329583088057265
lots_of_excl&has_chips,31,0.005360390841132615,0.00760456829884415,0.03688484468089125,0.5806451612903226,0.3548387096774194,long,0.5806451612903226,0.017329583088057265
pre_deal&exclamation_heavy,165,0.0027136474976603726,0.0,0.04066129738436695,0.49696969696969695,0.41818181818181815,long,0.49696969696969695,0.017323088036392303
pre_deal&has_uppercase_phrase,70,0.0038082631599723263,0.0051226921256244395,0.03944045145654688,0.5428571428571428,0.42857142857142855,long,0.5428571428571428,0.01729663130655788
open_deal&deal_only,61,0.004201860900484805,0.0030118699031926877,0.0496594935914114,0.5245901639344263,0.47540983606557374,long,0.5245901639344263,0.0172157811075233
pre_deal&has_exclamation,167,0.002660637364501866,0.0,0.04042400111812409,0.49700598802395207,0.41916167664670656,long,0.49700598802395207,0.017088562949799505
has_iran&short_posts,47,0.005021490342050215,0.0,0.03675049675098474,0.48936170212765956,0.44680851063829785,long,0.48936170212765956,0.016846571859148028
has_deal&volume_drop,33,0.005681106634734675,0.003246698690103189,0.055642000832855115,0.5151515151515151,0.45454545454545453,long,0.5151515151515151,0.01681221334555258
has_iran&exclamation_heavy,115,0.0033698429099067316,0.0,0.04270811627652681,0.4608695652173913,0.46956521739130436,long,0.4608695652173913,0.016654691997463555
pre_tariff&has_uppercase_phrase,27,0.006477017564912537,0.0,0.038679802732195394,0.48148148148148145,0.48148148148148145,long,0.48148148148148145,0.016204533950142146
has_positive&has_iran,112,0.003196918908949383,0.0,0.042940684898513944,0.4642857142857143,0.4732142857142857,long,0.4642857142857143,0.015708183018765736
has_attack&has_chips,28,0.0050668375756168825,0.008446272192449644,0.038365517673474674,0.5714285714285714,0.35714285714285715,long,0.5714285714285714,0.015320676752731084
lots_of_excl&volume_spike,132,0.0026863298194692003,0.0,0.04384173878124096,0.49242424242424243,0.4318181818181818,long,0.49242424242424243,0.015197974938155468
has_iran,118,0.0029808506089745337,0.0,0.042915081419400036,0.4661016949152542,0.4661016949152542,long,0.4661016949152542,0.015092524757027938
has_iran&has_exclamation,118,0.0029808506089745337,0.0,0.042915081419400036,0.4661016949152542,0.4661016949152542,long,0.4661016949152542,0.015092524757027938
has_exclamation&volume_spike,149,0.0024697908002149624,0.0,0.04972517367963421,0.4966442953020134,0.436241610738255,long,0.4966442953020134,0.014972652807998673
has_deal&china_streak_3d,28,0.005244940445582662,0.002963157105515646,0.04061893039514103,0.5357142857142857,0.4642857142857143,long,0.5357142857142857,0.014868008636095742
has_uppercase_phrase&volume_drop,32,0.004905740424816989,0.003543364357809442,0.03331898772018436,0.53125,0.46875,long,0.53125,0.014742749864798538
has_iran&has_all_caps,28,0.005551798908931709,0.0016501374018103032,0.03383241369640082,0.5,0.42857142857142855,long,0.5,0.014688679242073033
has_russia&pre_deal,68,0.0033599913230102133,0.0051226921256244395,0.04292676939732428,0.5294117647058824,0.39705882352941174,long,0.5294117647058824,0.014668516721572874
has_positive&high_emotion,24,0.006493442017992614,-0.0016251207943016044,0.036840773942817,0.4583333333333333,0.5416666666666666,long,0.4583333333333333,0.014580151316894354
has_exclamation&has_chips,32,0.00453793896633874,0.00736106811230719,0.03658210768529994,0.5625,0.375,long,0.5625,0.014439633370689578
has_chips,32,0.00453793896633874,0.00736106811230719,0.03658210768529994,0.5625,0.375,long,0.5625,0.014439633370689578
has_deal&pre_tariff,41,-0.0038110206142490267,-0.009434005630626019,0.045306603694392475,0.36585365853658536,0.5853658536585366,short,0.5853658536585366,0.01428435422309512
posts_high&pre_tariff,41,-0.003938436074145114,-0.009434005630626019,0.04238862708132768,0.3902439024390244,0.5609756097560976,short,0.5609756097560976,0.014146848686111817
has_deal&volume_spike,84,0.003082508044149496,0.00135861846614449,0.0389728429695582,0.5,0.42857142857142855,long,0.5,0.014125826442625344
has_iran&deal_over_tariff,69,0.003660148956080607,0.0,0.03895605175045643,0.463768115942029,0.4782608695652174,long,0.463768115942029,0.014100164943960046
posts_high&all_caps_heavy,26,0.005086289934979222,0.005049025407379504,0.03378692933912305,0.5384615384615384,0.3076923076923077,long,0.5384615384615384,0.013965049339365185
has_action&open_deal,30,0.004760682397506774,0.004000321524188721,0.033056587404333405,0.5333333333333333,0.43333333333333335,long,0.5333333333333333,0.013906843403905257
open_deal&lots_of_excl,78,0.002966741101607028,0.003254157521678014,0.050003849604518286,0.5256410256410257,0.44871794871794873,long,0.5256410256410257,0.013772608543970156
has_tariff&has_russia,62,-0.003839917185150233,0.0,0.04367732981567033,0.4838709677419355,0.45161290322580644,short,0.45161290322580644,0.013654759165160221
positive_heavy&open_deal,72,0.002815918739888438,0.003620883095066918,0.0511591685438963,0.5277777777777778,0.4444444444444444,long,0.5277777777777778,0.012610649829554151
high_emotion&short_posts,61,0.0031257177229508117,0.003378440242058689,0.06720269640429773,0.5081967213114754,0.4918032786885246,long,0.5081967213114754,0.01240642148872492
has_deal&has_iran,76,0.0031463499584804457,0.0,0.0381277325920711,0.4473684210526316,0.47368421052631576,long,0.4473684210526316,0.012270977140552853
positive_heavy&volume_spike,127,0.002203234302601596,0.0,0.04415215642864863,0.4881889763779528,0.4330708661417323,long,0.4881889763779528,0.012121336661130865
positive_heavy&has_iran,92,0.0026952430480887885,0.0,0.04514830029417478,0.4673913043478261,0.4673913043478261,long,0.4673913043478261,0.012082936035643215
posts_low&high_emotion,60,0.0030348078464478827,0.0010918485559158198,0.06962771047831899,0.5,0.5,long,0.5,0.011753760248232246
open_deal&short_posts,44,0.0032235740196849346,0.0038758835692851434,0.04440215164460973,0.5454545454545454,0.45454545454545453,long,0.5454545454545454,0.01166332964425381
attack_heavy&pre_deal,92,0.002288485450047913,0.0041292074845236115,0.039739617868562206,0.5217391304347826,0.41304347826086957,long,0.5217391304347826,0.011452372864677157
attack_heavy&open_deal,49,0.0030393145616322546,0.005747123217098249,0.04516620556653201,0.5306122448979592,0.42857142857142855,long,0.5306122448979592,0.011288882657491232
has_exclamation&tariff_rising,22,-0.00568315970447154,0.0,0.028718992873060865,0.45454545454545453,0.4090909090909091,short,0.4090909090909091,0.010904883481410046
lots_of_excl&tariff_rising,22,-0.00568315970447154,0.0,0.028718992873060865,0.45454545454545453,0.4090909090909091,short,0.4090909090909091,0.010904883481410046
exclamation_heavy&tariff_rising,22,-0.00568315970447154,0.0,0.028718992873060865,0.45454545454545453,0.4090909090909091,short,0.4090909090909091,0.010904883481410046
has_tariff&tariff_rising,22,-0.00568315970447154,0.0,0.028718992873060865,0.45454545454545453,0.4090909090909091,short,0.4090909090909091,0.010904883481410046
has_positive&tariff_rising,22,-0.00568315970447154,0.0,0.028718992873060865,0.45454545454545453,0.4090909090909091,short,0.4090909090909091,0.010904883481410046
positive_heavy&tariff_rising,22,-0.00568315970447154,0.0,0.028718992873060865,0.45454545454545453,0.4090909090909091,short,0.4090909090909091,0.010904883481410046
tariff_rising,22,-0.00568315970447154,0.0,0.028718992873060865,0.45454545454545453,0.4090909090909091,short,0.4090909090909091,0.010904883481410046
has_attack&volume_drop,79,0.0024424702979087354,0.0,0.036533926328977104,0.4936708860759494,0.46835443037974683,long,0.4936708860759494,0.010717175744138368
has_tariff&deal_heavy,54,-0.0030007971966239284,0.0,0.03170917508971317,0.42592592592592593,0.48148148148148145,short,0.48148148148148145,0.010617276154770752
has_positive&open_deal,79,0.0022472621623267227,0.0030118699031926877,0.05009214612312958,0.5189873417721519,0.45569620253164556,long,0.5189873417721519,0.010366306623074865
has_market_brag&volume_drop,23,-0.0036379210071443434,-0.0035842935257281994,0.020306978864521697,0.43478260869565216,0.5652173913043478,short,0.5652173913043478,0.009861266573478137
open_deal&exclamation_heavy,80,0.002143162479325064,0.0029850964862370155,0.04978280551534595,0.5125,0.4625,long,0.5125,0.009824126830725553
has_tariff&open_deal,20,-0.0046440960695805274,0.0,0.0496023239658212,0.45,0.45,short,0.45,0.009346063055059488
has_deal&open_deal,81,0.002017673994295834,0.0029583230692813434,0.04948357469470444,0.5061728395061729,0.4691358024691358,long,0.5061728395061729,0.009191625974014355
open_deal&has_exclamation,81,0.002017673994295834,0.0029583230692813434,0.04948357469470444,0.5061728395061729,0.4691358024691358,long,0.5061728395061729,0.009191625974014355
open_deal,81,0.002017673994295834,0.0029583230692813434,0.04948357469470444,0.5061728395061729,0.4691358024691358,long,0.5061728395061729,0.009191625974014355
has_tariff&has_uppercase_phrase,58,0.0024918632810509546,0.0,0.040495730722764314,0.4827586206896552,0.4827586206896552,long,0.4827586206896552,0.009161535001049903
posts_very_high&has_tariff,66,0.002173896799832705,0.0038067442276191743,0.04343966228364536,0.5151515151515151,0.3939393939393939,long,0.5151515151515151,0.009097998743104662
high_emotion,71,0.0022289816096228046,-0.0020554984583761593,0.06517450004697646,0.4788732394366197,0.5211267605633803,long,0.4788732394366197,0.008994069268555971
has_tariff&deal_over_tariff,42,0.002519701582372725,0.0045514446724738145,0.032119293570067,0.5476190476190477,0.40476190476190477,long,0.5476190476190477,0.008942363086492594
has_tariff&has_relief,20,0.0027799290193328773,0.008322337136022262,0.05226082460282146,0.65,0.35,long,0.65,0.008080943337808432
has_russia&volume_spike,86,0.0015418895599894544,0.002721031404600893,0.03587326888795724,0.5116279069767442,0.4186046511627907,long,0.5116279069767442,0.00731571399799206
deal_heavy&pre_tariff,22,-0.003041358433107781,-0.004983456229967764,0.034429688426172944,0.4090909090909091,0.5,short,0.5,0.007132617762960315
attack_heavy&pre_tariff,34,-0.002270205621431366,-0.0032257343392082527,0.042626825252888564,0.4411764705882353,0.5,short,0.5,0.006618729884986838
has_tariff&has_deal,84,-0.0014716954812128476,0.0,0.042054276701558584,0.4523809523809524,0.4880952380952381,short,0.4880952380952381,0.006583580801092279
has_tariff&has_iran,20,-0.0028909625289606387,-0.0062695651652455164,0.029990934511069812,0.4,0.5,short,0.5,0.0064643887351606925
has_tariff&volume_spike,42,0.0019394197371339443,0.0016233400973968415,0.040956954134726435,0.5,0.42857142857142855,long,0.5,0.006284438210869714
pre_tariff&lots_of_excl,58,0.0018314293690412011,-0.005399645416580445,0.04678398864025555,0.4482758620689655,0.5172413793103449,long,0.4482758620689655,0.006252439894566646
has_tariff&pre_deal,52,-0.0018834600275321018,0.0,0.03818941988350291,0.4807692307692308,0.4423076923076923,short,0.4423076923076923,0.006007344969412985
has_iran&has_uppercase_phrase,55,0.0015028804179035263,-0.004347822154744385,0.03659426680812398,0.41818181818181815,0.5272727272727272,long,0.41818181818181815,0.004660912146826583
attack_heavy&has_chips,21,0.0016232559787602032,0.009287976086055139,0.04061986823151232,0.6190476190476191,0.3333333333333333,long,0.6190476190476191,0.004604905434974161
posts_very_high&all_caps_heavy,22,0.0019302765079221523,0.0012754377629313751,0.03541089586135477,0.5,0.36363636363636365,long,0.5,0.004526899676787499
posts_low&has_uppercase_phrase,22,0.001660434965425662,0.0010918485559158198,0.055054974737121835,0.5,0.5,long,0.5,0.0038940651649971986
positive_heavy&pre_tariff,51,-0.0010520237570612427,-0.007246437383540361,0.04365760363907386,0.45098039215686275,0.5098039215686274,short,0.5098039215686274,0.0038301325788366665
has_iran&pre_deal,39,0.0013892927385730765,0.0,0.032010209499169884,0.4358974358974359,0.46153846153846156,long,0.4358974358974359,0.003781902982482845
has_night_post&volume_spike,149,-0.0006612487273932733,0.0,0.048323824154640246,0.4899328859060403,0.4429530201342282,short,0.4429530201342282,0.0035753260282288747
pre_tariff&volume_spike,24,-0.0012821173227045846,-0.004524882618823833,0.04412762917979861,0.4166666666666667,0.5,short,0.5,0.0031405332310095093
posts_very_high&pre_tariff,31,-0.0010928814887229679,0.0,0.04739621691340573,0.45161290322580644,0.4838709677419355,short,0.4838709677419355,0.0029443096479234003
has_tariff&has_night_post,124,0.0005328393378903761,0.0,0.04035853490888627,0.46774193548387094,0.47580645161290325,long,0.46774193548387094,0.0027753223361928845
posts_high&has_tariff,96,0.0005538723026211947,0.0016233400973968415,0.03850745663754983,0.5,0.4270833333333333,long,0.5,0.0027134090481646333
has_positive&pre_tariff,60,0.0007000749711334223,-0.006848953030978433,0.04660836447898943,0.43333333333333335,0.5333333333333333,long,0.43333333333333335,0.002349861543723532
deal_over_tariff&volume_drop,30,0.0008390471762322771,0.0016233493450515946,0.04938406463317115,0.5,0.4666666666666667,long,0.5,0.0022978253261671535
has_iran&volume_spike,42,-0.0007976805231445241,0.0016501374018103032,0.05096083371329597,0.5,0.40476190476190477,short,0.40476190476190477,0.002092441207652139
open_deal&volume_spike,27,-0.0009789401266104918,0.005747123217098249,0.04340510864737039,0.5555555555555556,0.4074074074074074,short,0.4074074074074074,0.0020723682672700106
posts_low&has_attack,23,-0.0006283167322518373,-0.006134963631189372,0.032140488078080426,0.391304347826087,0.5652173913043478,short,0.5652173913043478,0.0017031702384807208
pre_tariff&pre_deal,29,-0.0005918514445825408,-0.007792205502594518,0.038088339996818085,0.41379310344827586,0.5172413793103449,short,0.5172413793103449,0.001648560812284974
deal_only&volume_drop,28,0.0005785762386052241,0.0016233493450515946,0.05091020169696973,0.5,0.4642857142857143,long,0.5,0.0015307688418405912
has_attack&pre_tariff,50,-0.00038323214815111584,-0.005399645416580445,0.04429741682382598,0.44,0.52,short,0.52,0.0014091274637769765
has_market_brag&has_iran,29,0.0005147722510640264,-0.0065788376351567646,0.032329029924062405,0.41379310344827586,0.5172413793103449,long,0.41379310344827586,0.0011470896869459593
pre_deal&open_deal,29,0.000432745595525262,0.0,0.03575251974832079,0.4827586206896552,0.4482758620689655,long,0.4827586206896552,0.0011250237558797051
pre_tariff&exclamation_heavy,58,-0.000261814580825585,-0.006848953030978433,0.04662468608278339,0.43103448275862066,0.5344827586206896,short,0.5344827586206896,0.0010657160990450035
pre_tariff&has_exclamation,61,0.00026462923174636695,-0.007246437383540361,0.04634328830864856,0.4262295081967213,0.5409836065573771,long,0.4262295081967213,0.0008809398304679462
pre_tariff,61,0.00026462923174636695,-0.007246437383540361,0.04634328830864856,0.4262295081967213,0.5409836065573771,long,0.4262295081967213,0.0008809398304679462
has_tariff&pre_tariff,61,0.00026462923174636695,-0.007246437383540361,0.04634328830864856,0.4262295081967213,0.5409836065573771,long,0.4262295081967213,0.0008809398304679462
posts_low&short_posts,119,-4.270381777159522e-05,-0.0011947431302270495,0.054165487271770056,0.46218487394957986,0.5042016806722689,short,0.5042016806722689,0.00023487915341152774
has_china&pre_tariff,37,-5.2807062877346035e-05,-0.004347822154744385,0.04199793569452,0.4594594594594595,0.5135135135135135,short,0.5135135135135135,0.00016494712553251427
