event,n,mean_ret,median_ret,std,hit_up,hit_down,direction,directional_hit,score
silence_day,224,0.10945152743451873,0.09163482739095385,0.14594763117386192,0.8137254901960784,0.18137254901960784,long,0.8137254901960784,1.3329803779561487
posts_low&silence_day,224,0.10945152743451873,0.09163482739095385,0.14594763117386192,0.8137254901960784,0.18137254901960784,long,0.8137254901960784,1.3329803779561487
posts_low,403,0.07178106675639125,0.053968306313320724,0.1361059619723076,0.7101827676240209,0.2819843342036554,long,0.7101827676240209,1.0233697168117002
silence_day&volume_drop,146,0.09748164696474362,0.08035287499391297,0.15524807945321795,0.773972602739726,0.2191780821917808,long,0.773972602739726,0.9116431511630724
posts_low&volume_drop,215,0.07422185610554366,0.05633800303879344,0.13894926511077665,0.7302325581395349,0.2651162790697674,long,0.7302325581395349,0.7947165059448728
volume_drop,312,0.055530185237488906,0.04576454098912219,0.1314725161744793,0.6826923076923077,0.3076923076923077,long,0.6826923076923077,0.6696246442020721
positive_heavy&uppercase_phrase_heavy,39,0.08091046791211692,0.08951390854450736,0.11128045395505043,0.8205128205128205,0.1794871794871795,long,0.8205128205128205,0.41459340320873683
positive_heavy&all_caps_heavy,24,0.08520452562719227,0.08923724104229136,0.07504895809799869,0.9166666666666666,0.08333333333333333,long,0.9166666666666666,0.3826306211979421
has_action&uppercase_phrase_heavy,27,0.07895868862241066,0.08793968153712872,0.08075094784281824,0.8888888888888888,0.07407407407407407,long,0.8888888888888888,0.3646945610480691
has_action&has_all_caps,54,0.06485697136174824,0.07664863271093914,0.09627823783243825,0.7592592592592593,0.2222222222222222,long,0.7592592592592593,0.3618625516689984
all_caps_heavy&short_posts,25,0.08111379697593754,0.08793968153712872,0.07742633861146778,0.88,0.12,long,0.88,0.3569007066941252
has_attack&has_all_caps,147,0.0408212125091584,0.05538909865925956,0.10210598560222851,0.6870748299319728,0.2925170068027211,long,0.6870748299319728,0.3400545630159659
uppercase_phrase_heavy&short_posts,32,0.07269610704580454,0.08710991000914525,0.09331123874229431,0.8125,0.1875,long,0.8125,0.33412541667668505
has_uppercase_phrase&uppercase_phrase_heavy,48,0.06215829984032031,0.07664863271093914,0.12021733482308007,0.7708333333333334,0.20833333333333334,long,0.7708333333333334,0.3319557780929002
uppercase_phrase_heavy&lots_of_excl,48,0.06215829984032031,0.07664863271093914,0.12021733482308007,0.7708333333333334,0.20833333333333334,long,0.7708333333333334,0.3319557780929002
uppercase_phrase_heavy&has_exclamation,48,0.06215829984032031,0.07664863271093914,0.12021733482308007,0.7708333333333334,0.20833333333333334,long,0.7708333333333334,0.3319557780929002
has_night_post&uppercase_phrase_heavy,48,0.06215829984032031,0.07664863271093914,0.12021733482308007,0.7708333333333334,0.20833333333333334,long,0.7708333333333334,0.3319557780929002
uppercase_phrase_heavy,48,0.06215829984032031,0.07664863271093914,0.12021733482308007,0.7708333333333334,0.20833333333333334,long,0.7708333333333334,0.3319557780929002
has_positive&uppercase_phrase_heavy,48,0.06215829984032031,0.07664863271093914,0.12021733482308007,0.7708333333333334,0.20833333333333334,long,0.7708333333333334,0.3319557780929002
uppercase_phrase_heavy&exclamation_heavy,48,0.06215829984032031,0.07664863271093914,0.12021733482308007,0.7708333333333334,0.20833333333333334,long,0.7708333333333334,0.3319557780929002
has_action&short_posts,104,0.045221507899619255,0.04436995183390435,0.10306773854802666,0.7115384615384616,0.28846153846153844,long,0.7115384615384616,0.3281406921125849
has_all_caps&exclamation_heavy,178,0.03573566352549726,0.04852310297184492,0.10392311201774877,0.6685393258426966,0.3146067415730337,long,0.6685393258426966,0.31874164565187973
has_positive&has_all_caps,178,0.03568501113176638,0.04773986276858233,0.10373486747411849,0.6685393258426966,0.3146067415730337,long,0.6685393258426966,0.31828985531860476
has_action,189,0.03457600888131094,0.04347585614182403,0.10105109107880621,0.6613756613756614,0.328042328042328,long,0.6613756613756614,0.3143793212858587
has_all_caps&lots_of_excl,173,0.03594155286452132,0.05128191394407544,0.10524809054976982,0.6647398843930635,0.3179190751445087,long,0.6647398843930635,0.3142473512618637
has_action&has_exclamation,187,0.03440842770982421,0.04347585614182403,0.10134873810503564,0.6631016042780749,0.32620320855614976,long,0.6631016042780749,0.31200798583790196
posts_high&uppercase_phrase_heavy,44,0.058960820737708246,0.07908491936696793,0.10390531188131477,0.7954545454545454,0.18181818181818182,long,0.7954545454545454,0.3111037359156108
has_all_caps&has_exclamation,183,0.03436769198045563,0.046874998572057125,0.10303680440547763,0.6612021857923497,0.3224043715846995,long,0.6612021857923497,0.30740448024136907
has_all_caps,183,0.03436769198045563,0.046874998572057125,0.10303680440547763,0.6612021857923497,0.3224043715846995,long,0.6612021857923497,0.30740448024136907
posts_very_high&uppercase_phrase_heavy,38,0.06110584129849266,0.08264382610753607,0.10960373316467191,0.8157894736842105,0.18421052631578946,long,0.8157894736842105,0.3072929688598019
positive_heavy&has_all_caps,149,0.03658984573356028,0.05177114735167154,0.09973066154778513,0.6711409395973155,0.31543624161073824,long,0.6711409395973155,0.29975569591800005
has_night_post&has_all_caps,180,0.034064533142007775,0.046514380937894506,0.10384137090447015,0.6555555555555556,0.3277777777777778,long,0.6555555555555556,0.29960440612747397
has_action&has_china,90,0.04509606529432603,0.06307767339629078,0.10575785737302017,0.7,0.3,long,0.7,0.29947318766765774
has_action&has_positive,182,0.03369596773415655,0.044477435850834524,0.1021289359103803,0.6538461538461539,0.33516483516483514,long,0.6538461538461539,0.29722764538041885
has_attack&all_caps_heavy,26,0.06856863073768828,0.08923724104229136,0.11169983778183062,0.8461538461538461,0.11538461538461539,long,0.8461538461538461,0.29584312674383967
has_action&has_night_post,185,0.03296376666869176,0.041899485886560894,0.09847009819617329,0.6594594594594595,0.32972972972972975,long,0.6594594594594595,0.2956724077001502
posts_high&has_all_caps,138,0.036631497912548966,0.05449395183295702,0.10277529204801884,0.6811594202898551,0.30434782608695654,long,0.6811594202898551,0.29311833719760805
has_china&has_all_caps,90,0.04382647837628019,0.06684896402133444,0.11417278890784388,0.7,0.3,long,0.7,0.2910421363356431
has_action&pre_action,85,0.044629627748000264,0.050000070186249745,0.10250286248622673,0.7058823529411765,0.2823529411764706,long,0.7058823529411765,0.29044576738949696
pre_action,85,0.044629627748000264,0.050000070186249745,0.10250286248622673,0.7058823529411765,0.2823529411764706,long,0.7058823529411765,0.29044576738949696
pre_action&has_exclamation,83,0.0444943212258962,0.050000070186249745,0.1032277066198529,0.7108433734939759,0.27710843373493976,long,0.7108433734939759,0.28814928834314
all_caps_heavy,29,0.06427589906801176,0.08628013848116178,0.10752495619648254,0.8275862068965517,0.13793103448275862,long,0.8275862068965517,0.28645763553764386
all_caps_heavy&has_exclamation,29,0.06427589906801176,0.08628013848116178,0.10752495619648254,0.8275862068965517,0.13793103448275862,long,0.8275862068965517,0.28645763553764386
all_caps_heavy&lots_of_excl,29,0.06427589906801176,0.08628013848116178,0.10752495619648254,0.8275862068965517,0.13793103448275862,long,0.8275862068965517,0.28645763553764386
has_positive&all_caps_heavy,29,0.06427589906801176,0.08628013848116178,0.10752495619648254,0.8275862068965517,0.13793103448275862,long,0.8275862068965517,0.28645763553764386
has_night_post&all_caps_heavy,29,0.06427589906801176,0.08628013848116178,0.10752495619648254,0.8275862068965517,0.13793103448275862,long,0.8275862068965517,0.28645763553764386
has_all_caps&all_caps_heavy,29,0.06427589906801176,0.08628013848116178,0.10752495619648254,0.8275862068965517,0.13793103448275862,long,0.8275862068965517,0.28645763553764386
all_caps_heavy&exclamation_heavy,29,0.06427589906801176,0.08628013848116178,0.10752495619648254,0.8275862068965517,0.13793103448275862,long,0.8275862068965517,0.28645763553764386
posts_high&all_caps_heavy,27,0.06465231768185278,0.08628013848116178,0.10833510916316114,0.8518518518518519,0.1111111111111111,long,0.8518518518518519,0.2861739197996903
pre_action&has_night_post,84,0.04377665806421031,0.04773954287304738,0.10281457948929038,0.7023809523809523,0.2857142857142857,long,0.7023809523809523,0.2818090739484552
has_attack&uppercase_phrase_heavy,43,0.05595970091614183,0.08082186805599245,0.10702869200806098,0.7674418604651163,0.20930232558139536,long,0.7674418604651163,0.2816145547364086
has_exclamation,912,0.01606013106964143,0.013133755052723628,0.09667753881790216,0.5756578947368421,0.4144736842105263,long,0.5756578947368421,0.27919714279334995
attack_heavy&all_caps_heavy,25,0.06622046669856554,0.08793968153712872,0.11334632137863895,0.84,0.12,long,0.84,0.2781259601339752
all_caps_heavy&has_uppercase_phrase,28,0.06389289665858938,0.08710991000914525,0.10947790928444366,0.8214285714285714,0.14285714285714285,long,0.8214285714285714,0.27771631766786264
has_action&has_uppercase_phrase,91,0.04123815850296638,0.050000070186249745,0.1060427123340371,0.7032967032967034,0.2857142857142857,long,0.7032967032967034,0.2766677520191661
has_positive&has_exclamation,835,0.016562363123944036,0.014268742004065915,0.09688314953744524,0.5760479041916168,0.41317365269461076,long,0.5760479041916168,0.2756919852826497
has_action&exclamation_heavy,181,0.03132136566868836,0.04347585614182403,0.09895512038045669,0.6519337016574586,0.3370165745856354,long,0.6519337016574586,0.2747156554972356
has_positive,842,0.01642660591804006,0.014030974694185683,0.0966731403520316,0.5760095011876485,0.41330166270783847,long,0.5760095011876485,0.2745576387655378
posts_very_high&all_caps_heavy,24,0.06383582113387944,0.08475528519853381,0.11355211248501086,0.875,0.125,long,0.875,0.2736390809067638
has_positive&pre_action,80,0.043701977781692714,0.05454217094238112,0.10408032182719919,0.7,0.2875,long,0.7,0.27361766059894105
has_action&has_attack,149,0.035442680110427824,0.045479015559845015,0.10044617896435011,0.6308724832214765,0.35570469798657717,long,0.6308724832214765,0.2729362840149531
posts_very_high&has_all_caps,107,0.03915409160245067,0.05772010145258877,0.10954774327153464,0.6728971962616822,0.3177570093457944,long,0.6728971962616822,0.2725321611421833
has_all_caps&uppercase_phrase_heavy,39,0.05831983923905082,0.08082186805599245,0.11149438321994462,0.7435897435897436,0.23076923076923078,long,0.7435897435897436,0.2708207974392019
has_night_post&has_exclamation,801,0.016637170939071893,0.013071918043485065,0.0959853227052616,0.5742821473158551,0.41448189762796506,long,0.5742821473158551,0.27040894417903427
has_action&lots_of_excl,175,0.030615842036636604,0.045479015559845015,0.09548636343469835,0.6514285714285715,0.33714285714285713,long,0.6514285714285715,0.2638347737053331
posts_high&has_china,209,0.028400468394170927,0.0316922505052355,0.10115676968099051,0.6411483253588517,0.3492822966507177,long,0.6411483253588517,0.2632431979021792
exclamation_heavy&short_posts,412,0.021752458957138836,0.018655016794705714,0.09655805074071665,0.5946601941747572,0.3932038834951456,long,0.5946601941747572,0.26255834986106624
pre_action&short_posts,51,0.05171506729120734,0.03970579184078926,0.10890181736818763,0.7058823529411765,0.29411764705882354,long,0.7058823529411765,0.2606960835793656
pre_action&has_uppercase_phrase,42,0.054476097283052236,0.07555927384566719,0.10756745699012421,0.7380952380952381,0.23809523809523808,long,0.7380952380952381,0.260581173412709
pre_action&exclamation_heavy,79,0.04172521954697139,0.050000070186249745,0.10326973923581717,0.6962025316455697,0.2911392405063291,long,0.6962025316455697,0.2581949682167875
has_night_post,827,0.01552724274847078,0.012113024979688358,0.09552042191285802,0.5719467956469165,0.4159613059250302,long,0.5719467956469165,0.2553893181737519
has_action&attack_heavy,103,0.03799623068724941,0.03970579184078926,0.09147470503391616,0.6601941747572816,0.32038834951456313,long,0.6601941747572816,0.2545838301810137
uppercase_phrase_heavy&volume_spike,23,0.06774157546763415,0.07734797067794341,0.12496423373399311,0.782608695652174,0.21739130434782608,long,0.782608695652174,0.2542517084868632
attack_heavy&has_all_caps,107,0.03648371544175581,0.05538909865925956,0.10490997916410799,0.6728971962616822,0.308411214953271,long,0.6728971962616822,0.25394500060922937
short_posts,533,0.018766518706605083,0.013071918043485065,0.09688902006357299,0.5853658536585366,0.40150093808630394,long,0.5853658536585366,0.2536148653048653
has_china&pre_action,45,0.05315912377987095,0.06881390915062724,0.10749863267854688,0.7111111111111111,0.28888888888888886,long,0.7111111111111111,0.253583817378383
has_positive&short_posts,423,0.020831604063365598,0.014876708694656404,0.0946737415568821,0.5910165484633569,0.3971631205673759,long,0.5910165484633569,0.2532168124658607
has_china&uppercase_phrase_heavy,36,0.05416130927731668,0.08264382610753607,0.1149464058345954,0.7777777777777778,0.2222222222222222,long,0.7777777777777778,0.25275277662747786
has_all_caps&has_uppercase_phrase,135,0.03327507959042665,0.04615376330373189,0.10846276792168065,0.6518518518518519,0.34074074074074073,long,0.6518518518518519,0.2520199324572331
has_positive&has_night_post,751,0.015932334488782555,0.01296599877401583,0.09576574233001718,0.5712383488681758,0.4167776298268975,long,0.5712383488681758,0.2494116521593187
posts_very_high&has_action,95,0.038535211574315206,0.05538909865925956,0.10014527848740856,0.6631578947368421,0.3368421052631579,long,0.6631578947368421,0.2490786450700926
posts_high&has_action,135,0.03281186128362509,0.041899485886560894,0.10118817759717214,0.6518518518518519,0.34074074074074073,long,0.6518518518518519,0.24851159384978258
pre_action&has_all_caps,28,0.06555489829575427,0.09635119081931409,0.09523290905563546,0.7142857142857143,0.25,long,0.7142857142857143,0.2477742258752825
has_night_post&lots_of_excl,680,0.016190113325228662,0.015484079982308274,0.0971855369824423,0.5720588235294117,0.4147058823529412,long,0.5720588235294117,0.2415155141711764
has_attack&pre_action,59,0.0472691916982578,0.06144939641838665,0.10224296640219448,0.6610169491525424,0.3220338983050847,long,0.6610169491525424,0.24000305901545935
has_uppercase_phrase&volume_spike,80,0.04127145978573167,0.026463238947045276,0.1089562402245745,0.65,0.3375,long,0.65,0.2399430529900168
has_night_post&exclamation_heavy,736,0.015363553989018217,0.015345664830493821,0.09583181369386778,0.5720108695652174,0.4157608695652174,long,0.5720108695652174,0.23841571574479103
attack_heavy&has_china,152,0.030028347400617047,0.030832979754717327,0.09997870506193197,0.6381578947368421,0.35526315789473684,long,0.6381578947368421,0.23625519769251233
posts_very_high&pre_action,43,0.05162376610669136,0.08361206935750842,0.09336181235901626,0.6976744186046512,0.3023255813953488,long,0.6976744186046512,0.23617651579365617
attack_heavy&pre_action,43,0.051503513981961374,0.07734797067794341,0.08797242138162276,0.6976744186046512,0.27906976744186046,long,0.6976744186046512,0.23562636748063276
has_uppercase_phrase,295,0.0226179109202761,0.01818178049147323,0.10654203700055404,0.6,0.3898305084745763,long,0.6,0.23308522644092922
exclamation_heavy,807,0.014321874649966284,0.01441670641470183,0.09565796380087108,0.5700123915737298,0.4188351920693928,long,0.5700123915737298,0.2319107778867915
has_exclamation&exclamation_heavy,807,0.014321874649966284,0.01441670641470183,0.09565796380087108,0.5700123915737298,0.4188351920693928,long,0.5700123915737298,0.2319107778867915
has_all_caps&short_posts,125,0.03280039605438251,0.04755632077836647,0.10857157618126989,0.632,0.352,long,0.632,0.23176677224218797
has_positive&has_uppercase_phrase,283,0.022568030428456603,0.019639891895623762,0.10624033832954903,0.607773851590106,0.38162544169611307,long,0.607773851590106,0.2307431875780077
lots_of_excl&short_posts,362,0.020491638944372993,0.01797969429792856,0.09580057089304607,0.5911602209944752,0.39502762430939226,long,0.5911602209944752,0.23048155918149418
lots_of_excl,735,0.014871492961363458,0.014530974000505736,0.09644065726203566,0.5714285714285714,0.4163265306122449,long,0.5714285714285714,0.23038817829040592
has_exclamation&lots_of_excl,735,0.014871492961363458,0.014530974000505736,0.09644065726203566,0.5714285714285714,0.4163265306122449,long,0.5714285714285714,0.23038817829040592
pre_action&lots_of_excl,76,0.03820246831018185,0.05454217094238112,0.09822751690775777,0.6842105263157895,0.3026315789473684,long,0.6842105263157895,0.22787042987922848
has_exclamation&short_posts,478,0.017787353299330236,0.012987546603901001,0.0936362963513917,0.5857740585774058,0.40376569037656906,long,0.5857740585774058,0.22780088885228172
has_attack&has_exclamation,615,0.01631324608707775,0.011188991198544107,0.09540750642033692,0.5626016260162602,0.42601626016260163,long,0.5626016260162602,0.22760349598063767
has_attack,615,0.01631324608707775,0.011188991198544107,0.09540750642033692,0.5626016260162602,0.42601626016260163,long,0.5626016260162602,0.22760349598063767
has_night_post&short_posts,446,0.01832800604555958,0.012674989517799329,0.09264105173271849,0.5874439461883408,0.3991031390134529,long,0.5874439461883408,0.22737833468748356
has_uppercase_phrase&has_exclamation,293,0.022193686697697168,0.01794880942098942,0.10674978295325775,0.5972696245733788,0.3924914675767918,long,0.5972696245733788,0.2268995786644024
has_positive&lots_of_excl,717,0.01482614439890965,0.01441670641470183,0.09675343361630752,0.5704323570432357,0.41701534170153415,long,0.5704323570432357,0.22646023611121882
has_night_post&has_uppercase_phrase,276,0.02253433768683562,0.018065294956231326,0.10596631286211257,0.5942028985507246,0.39492753623188404,long,0.5942028985507246,0.2224508682245054
has_positive&exclamation_heavy,777,0.014066880406898765,0.013071843704870245,0.09636351095673934,0.5662805662805663,0.42213642213642216,long,0.5662805662805663,0.22204447036925298
has_china&has_uppercase_phrase,131,0.02988413433116129,0.026610660179581025,0.10356068062344168,0.648854961832061,0.33587786259541985,long,0.648854961832061,0.2219340598569816
has_all_caps&volume_spike,49,0.04530491036135909,0.061120316011581854,0.0926803187467681,0.6938775510204082,0.2857142857142857,long,0.6938775510204082,0.22005242175517273
has_attack&has_positive,595,0.016066552810914035,0.010694949977201551,0.09594512128684667,0.5596638655462185,0.42857142857142855,long,0.5596638655462185,0.21933526138185086
positive_heavy&pre_action,69,0.03792527833525298,0.06144939641838665,0.10058270458475582,0.6956521739130435,0.30434782608695654,long,0.6956521739130435,0.21915201532342418
has_attack&has_night_post,562,0.01642902507684001,0.010841929176558573,0.09498930247104068,0.5604982206405694,0.42704626334519574,long,0.5604982206405694,0.21830022760460036
posts_low&has_positive,83,0.03729941940894604,0.019762695077178094,0.09130277731631434,0.6385542168674698,0.3614457831325301,long,0.6385542168674698,0.21698958798180693
exclamation_heavy&lots_of_excl,732,0.014053097987997297,0.013946979355229705,0.0953559902297445,0.569672131147541,0.4180327868852459,long,0.569672131147541,0.2165970757229363
has_night_post&china_streak_3d,78,0.03593474077187668,0.05200005307758848,0.10202137711735582,0.6794871794871795,0.3076923076923077,long,0.6794871794871795,0.2156468330308577
attack_heavy&has_night_post,284,0.021623115592396092,0.021753127102801417,0.0945361205095051,0.5915492957746479,0.3908450704225352,long,0.5915492957746479,0.2155601026157141
has_attack&short_posts,299,0.02149163461323103,0.014876708694656404,0.09621943469468576,0.5785953177257525,0.411371237458194,long,0.5785953177257525,0.21502054451905614
attack_heavy,296,0.020864035046811967,0.0206213122485136,0.09404918810977994,0.5945945945945946,0.3885135135135135,long,0.5945945945945946,0.21343474317969605
attack_heavy&has_exclamation,296,0.020864035046811967,0.0206213122485136,0.09404918810977994,0.5945945945945946,0.3885135135135135,long,0.5945945945945946,0.21343474317969605
has_attack&attack_heavy,296,0.020864035046811967,0.0206213122485136,0.09404918810977994,0.5945945945945946,0.3885135135135135,long,0.5945945945945946,0.21343474317969605
posts_very_high&has_china,146,0.02775401062291238,0.033178352492817975,0.10680854016174131,0.6301369863013698,0.3561643835616438,long,0.6301369863013698,0.2113183201394656
attack_heavy&exclamation_heavy,295,0.020709067340791615,0.019531315797556736,0.0941711370450515,0.5932203389830508,0.3898305084745763,long,0.5932203389830508,0.21100249032662982
has_uppercase_phrase&lots_of_excl,269,0.021624302306114666,0.017711228380989708,0.10843873354599122,0.5947955390334573,0.3940520446096654,long,0.5947955390334573,0.21095311699047892
attack_heavy&lots_of_excl,293,0.02068731395043245,0.019531315797556736,0.09429139758096647,0.5938566552901023,0.3890784982935154,long,0.5938566552901023,0.21029044665846444
posts_high&attack_heavy,245,0.02204867039979069,0.021794945506132368,0.09694575710272656,0.6081632653061224,0.37551020408163266,long,0.6081632653061224,0.2098870442367285
attack_heavy&has_positive,292,0.02069857648702003,0.019296594586050375,0.09448407382830823,0.5924657534246576,0.3904109589041096,long,0.5924657534246576,0.2095536143823042
has_uppercase_phrase&exclamation_heavy,276,0.020984334799479715,0.019296594586050375,0.106075813294393,0.5978260869565217,0.391304347826087,long,0.5978260869565217,0.20841290631750262
has_china&has_night_post,280,0.02084966209582904,0.02179661184074555,0.10068504975842356,0.5964285714285714,0.39285714285714285,long,0.5964285714285714,0.20808294047627954
has_action&positive_heavy,153,0.026524640255945916,0.041899485886560894,0.10016800566000213,0.6339869281045751,0.3660130718954248,long,0.6339869281045751,0.20800583657465097
posts_very_high&has_uppercase_phrase,132,0.028442481400377497,0.033178352492817975,0.10753867799903552,0.6363636363636364,0.3560606060606061,long,0.6363636363636364,0.20795042065313243
has_china&short_posts,149,0.028518667923120477,0.019061873374544014,0.1060062417237757,0.5973154362416108,0.38926174496644295,long,0.5973154362416108,0.2079342875303944
has_attack&has_uppercase_phrase,218,0.02341458867477157,0.022394937361602918,0.1021819032984003,0.6009174311926605,0.38990825688073394,long,0.6009174311926605,0.20774452249660671
has_uppercase_phrase&short_posts,160,0.02680217598755834,0.019350882635083888,0.10517470293271858,0.60625,0.3875,long,0.60625,0.20553311174569103
has_attack&lots_of_excl,572,0.015189974414800843,0.011088949787229851,0.09428675644660474,0.5611888111888111,0.42657342657342656,long,0.5611888111888111,0.2038750405222589
volume_spike,173,0.02727649051960282,0.019061873374544014,0.11531013444522985,0.5664739884393064,0.42196531791907516,long,0.5664739884393064,0.20323173089226607
has_china&exclamation_heavy,291,0.020029377668735072,0.022512802855279457,0.10057781819228719,0.5945017182130584,0.3951890034364261,long,0.5945017182130584,0.20312672394234646
uppercase_phrase_heavy&deal_over_tariff,25,0.055898718510827596,0.07734797067794341,0.1050869984382047,0.72,0.28,long,0.72,0.20123538663897933
has_attack&has_china,236,0.022235029621982576,0.021022059326418097,0.10500205226015533,0.5889830508474576,0.4067796610169492,long,0.5889830508474576,0.20118542330180283
has_china&lots_of_excl,277,0.020038239698068176,0.023999951861771285,0.09937048106035447,0.6028880866425993,0.3862815884476534,long,0.6028880866425993,0.2010648498843788
posts_high&pre_action,61,0.03801190261524374,0.06315780158670337,0.10430496220293396,0.6721311475409836,0.3114754098360656,long,0.6721311475409836,0.19954394185792476
posts_very_high&has_night_post,234,0.02156109019281286,0.02941823068898397,0.10406645341537024,0.6025641025641025,0.38461538461538464,long,0.6025641025641025,0.19873845086507227
has_attack&exclamation_heavy,598,0.014521218259856746,0.010487130636516961,0.09368781925452901,0.5568561872909699,0.431438127090301,long,0.5568561872909699,0.1977409856586822
posts_high&china_streak_3d,54,0.040202312172906644,0.059778817575772636,0.10663162904895003,0.6666666666666666,0.3148148148148148,long,0.6666666666666666,0.19695030260740423
posts_high&positive_heavy,370,0.017375236905119426,0.021753127102801417,0.09983739188050306,0.5891891891891892,0.3972972972972973,long,0.5891891891891892,0.19691843080293123
has_china&has_exclamation,297,0.019192196235680005,0.019531315797556736,0.10010548053050096,0.5925925925925926,0.39730639730639733,long,0.5925925925925926,0.19600137528980466
has_china,297,0.019192196235680005,0.019531315797556736,0.10010548053050096,0.5925925925925926,0.39730639730639733,long,0.5925925925925926,0.19600137528980466
has_positive&has_china,290,0.019387736736842184,0.02030586831188419,0.10064864704163459,0.5896551724137931,0.4,long,0.5896551724137931,0.1946812944847799
positive_heavy&has_uppercase_phrase,230,0.021386035784348677,0.01958560384659025,0.10679054324010845,0.6,0.391304347826087,long,0.6,0.1946011747136944
posts_high&has_uppercase_phrase,201,0.022274443553276513,0.024926922133661655,0.1058389103899659,0.6119402985074627,0.3781094527363184,long,0.6119402985074627,0.19324752760371888
has_russia&uppercase_phrase_heavy,26,0.051845469358126214,0.07664863271093914,0.0889105106320499,0.7307692307692307,0.2692307692307692,long,0.7307692307692307,0.1931869284238763
has_attack&tariff_rising,21,0.052075938913194494,0.07500006141296844,0.0641557041138592,0.8095238095238095,0.19047619047619047,long,0.8095238095238095,0.19318632586882725
has_exclamation&volume_spike,150,0.027458573696738806,0.018621826933008623,0.11278874948541005,0.5733333333333334,0.41333333333333333,long,0.5733333333333334,0.19281055124863736
attack_heavy&short_posts,149,0.02541617203435023,0.030223530530742115,0.09954967239263163,0.6174496644295302,0.37583892617449666,long,0.6174496644295302,0.19156000273707618
posts_very_high&positive_heavy,224,0.02151323878686667,0.02634881474394135,0.10310961808888398,0.59375,0.39285714285714285,long,0.59375,0.19117602594823943
posts_very_high,236,0.02082591539381638,0.02775166568942511,0.1039707036794405,0.597457627118644,0.3898305084745763,long,0.597457627118644,0.19114687879363093
posts_high&posts_very_high,236,0.02082591539381638,0.02775166568942511,0.1039707036794405,0.597457627118644,0.3898305084745763,long,0.597457627118644,0.19114687879363093
posts_very_high&has_positive,236,0.02082591539381638,0.02775166568942511,0.1039707036794405,0.597457627118644,0.3898305084745763,long,0.597457627118644,0.19114687879363093
posts_very_high&exclamation_heavy,236,0.02082591539381638,0.02775166568942511,0.1039707036794405,0.597457627118644,0.3898305084745763,long,0.597457627118644,0.19114687879363093
posts_very_high&has_exclamation,236,0.02082591539381638,0.02775166568942511,0.1039707036794405,0.597457627118644,0.3898305084745763,long,0.597457627118644,0.19114687879363093
attack_heavy&positive_heavy,260,0.020355968257806594,0.01607762656805256,0.09355241908652183,0.5807692307692308,0.4076923076923077,long,0.5807692307692308,0.19062595757233616
has_tariff&has_action,41,0.0393491505207229,0.061120316011581854,0.07842552810400408,0.7560975609756098,0.24390243902439024,long,0.7560975609756098,0.19050445078221123
attack_heavy&china_streak_3d,38,0.04484290098716156,0.0706561377800825,0.09400474021710671,0.6842105263157895,0.2894736842105263,long,0.6842105263157895,0.18913645726984898
attack_heavy&uppercase_phrase_heavy,37,0.04233655809361508,0.07151830263903958,0.10754463287666938,0.7297297297297297,0.24324324324324326,long,0.7297297297297297,0.18792235646778815
posts_high&has_night_post,394,0.01618450799120873,0.021753127102801417,0.10032292061339021,0.583756345177665,0.4010152284263959,long,0.583756345177665,0.18753365865564195
positive_heavy&has_night_post,558,0.014059595734143114,0.0151504446942895,0.09566394450652237,0.5645161290322581,0.4229390681003584,long,0.5645161290322581,0.1874848965997888
posts_very_high&lots_of_excl,234,0.020468007353922336,0.02775166568942511,0.10397129186502978,0.5982905982905983,0.3888888888888889,long,0.5982905982905983,0.1873249698241216
has_china&has_iran,47,0.042740228807764936,0.031948923699284704,0.10157959093892062,0.6382978723404256,0.3404255319148936,long,0.6382978723404256,0.18702909334988102
posts_high&short_posts,230,0.021089345090269086,0.021794945506132368,0.10150350079168101,0.5826086956521739,0.4043478260869565,long,0.5826086956521739,0.18633909147966518
attack_heavy&has_uppercase_phrase,149,0.025482179071038728,0.021794945506132368,0.10393967590040896,0.5973154362416108,0.38926174496644295,long,0.5973154362416108,0.1857947490444567
posts_high,404,0.015773755299763704,0.020675600297547114,0.1000836606251279,0.5841584158415841,0.400990099009901,long,0.5841584158415841,0.18520658319993422
posts_high&exclamation_heavy,404,0.015773755299763704,0.020675600297547114,0.1000836606251279,0.5841584158415841,0.400990099009901,long,0.5841584158415841,0.18520658319993422
posts_high&has_exclamation,404,0.015773755299763704,0.020675600297547114,0.1000836606251279,0.5841584158415841,0.400990099009901,long,0.5841584158415841,0.18520658319993422
posts_high&lots_of_excl,401,0.01571668263275853,0.021711308699470466,0.10011555046462335,0.5860349127182045,0.39900249376558605,long,0.5860349127182045,0.1844406140817035
posts_high&has_positive,403,0.015650404374916785,0.019639891895623762,0.10017731306245081,0.5831265508684863,0.40198511166253104,long,0.5831265508684863,0.18320651035410526
positive_heavy&has_china,259,0.019159383050539578,0.022512802855279457,0.09588886825760949,0.5868725868725869,0.4015444015444015,long,0.5868725868725869,0.1809569327151853
has_attack&china_streak_3d,65,0.034724617830474945,0.05607670139637877,0.10446533406427361,0.6461538461538462,0.3384615384615385,long,0.6461538461538462,0.1808964677652155
posts_very_high&china_streak_3d,36,0.04084498461653505,0.057417098665294763,0.10612934396056371,0.7222222222222222,0.2777777777777778,long,0.7222222222222222,0.17699493333831856
positive_heavy&lots_of_excl,572,0.01311121560379111,0.013274548000313913,0.09569780466089023,0.5611888111888111,0.42657342657342656,long,0.5611888111888111,0.17597459610691726
posts_high&has_attack,353,0.016278454973466267,0.01680665577895235,0.09886707548599712,0.5750708215297451,0.41076487252124644,long,0.5750708215297451,0.17588219129968238
has_exclamation&china_streak_3d,84,0.029112592340889476,0.033951403760908216,0.10264322125781497,0.6547619047619048,0.3333333333333333,long,0.6547619047619048,0.17470443319805884
china_streak_3d,84,0.029112592340889476,0.033951403760908216,0.10264322125781497,0.6547619047619048,0.3333333333333333,long,0.6547619047619048,0.17470443319805884
has_uppercase_phrase&china_streak_3d,34,0.04229524282711817,0.033951403760908216,0.09767959571043802,0.7058823529411765,0.2647058823529412,long,0.7058823529411765,0.1740857832746307
posts_low&has_exclamation,119,0.02712276590582507,0.012113024979688358,0.09895631882946548,0.5882352941176471,0.4117647058823529,long,0.5882352941176471,0.17404379118782498
lots_of_excl&china_streak_3d,76,0.030300499486707145,0.04381459829979373,0.1030424916714114,0.6578947368421053,0.32894736842105265,long,0.6578947368421053,0.1737852831596875
positive_heavy&exclamation_heavy,586,0.012717521282343363,0.013274548000313913,0.09514033738156465,0.5597269624573379,0.4283276450511945,long,0.5597269624573379,0.17231675548103176
has_positive&positive_heavy,589,0.012474176725133136,0.01347725229575758,0.09514353740359328,0.5602716468590832,0.42784380305602715,long,0.5602716468590832,0.16961653422111708
positive_heavy,589,0.012474176725133136,0.01347725229575758,0.09514353740359328,0.5602716468590832,0.42784380305602715,long,0.5602716468590832,0.16961653422111708
positive_heavy&has_exclamation,589,0.012474176725133136,0.01347725229575758,0.09514353740359328,0.5602716468590832,0.42784380305602715,long,0.5602716468590832,0.16961653422111708
has_positive&volume_spike,139,0.024955140874542064,0.01960769298792875,0.1081903218752051,0.5755395683453237,0.41007194244604317,long,0.5755395683453237,0.16933339382712578
exclamation_heavy&china_streak_3d,78,0.028919413276356904,0.04381459829979373,0.103931064905805,0.6538461538461539,0.3333333333333333,long,0.6538461538461539,0.16699841621815176
has_positive&high_emotion,25,0.052147599190687455,0.01379320738430545,0.08158953617071715,0.64,0.32,long,0.64,0.16687231741019987
has_russia&has_all_caps,71,0.03028725983440894,0.03970579184078926,0.10694835771168931,0.647887323943662,0.352112676056338,long,0.647887323943662,0.16534407646276852
posts_very_high&attack_heavy,171,0.020963638262496545,0.024926922133661655,0.10407317725291335,0.6023391812865497,0.38596491228070173,long,0.6023391812865497,0.16512233700950876
pre_tariff&has_uppercase_phrase,25,0.04583296690100386,0.07734797067794341,0.10768757832027281,0.72,0.28,long,0.72,0.16499868084361388
has_deal&uppercase_phrase_heavy,28,0.04352230130970186,0.05852688125936634,0.12548692531998004,0.7142857142857143,0.2857142857142857,long,0.7142857142857143,0.16449883678670266
deal_heavy&uppercase_phrase_heavy,21,0.047089046209545654,0.07734797067794341,0.13146404882628077,0.7619047619047619,0.23809523809523808,long,0.7619047619047619,0.16441075707315528
posts_very_high&short_posts,159,0.022130570083906592,0.022994929217073468,0.1056194783288771,0.5849056603773585,0.4025157232704403,long,0.5849056603773585,0.1632213583903644
posts_low&volume_spike,40,0.04893210901570115,0.06367850389213758,0.14975787260048534,0.525,0.475,long,0.525,0.16247376096553928
positive_heavy&short_posts,275,0.01722360130011996,0.017711228380989708,0.09835600331997134,0.5636363636363636,0.41818181818181815,long,0.5636363636363636,0.16098644678058513
has_russia&pre_action,32,0.04289969540428838,0.044852931013519504,0.10555109753599577,0.65625,0.34375,long,0.65625,0.15925699403885085
deal_heavy&pre_action,27,0.04072298035242654,0.03970579184078926,0.07549512305123927,0.7407407407407407,0.25925925925925924,long,0.7407407407407407,0.15674282445784868
posts_high&deal_over_tariff,193,0.01939916230882374,0.019061873374544014,0.09952394908356149,0.5699481865284974,0.41450777202072536,long,0.5699481865284974,0.1536020483934391
has_positive&china_streak_3d,80,0.026286764353852597,0.033951403760908216,0.10174389217875965,0.65,0.3375,long,0.65,0.15282537920970515
has_action&open_deal,29,0.04308435239550858,0.024926922133661655,0.09079484457456413,0.6551724137931034,0.3448275862068966,long,0.6551724137931034,0.15201070437624153
attack_heavy&has_russia,151,0.021675513861236666,0.01680665577895235,0.09433093950848556,0.5695364238410596,0.41721854304635764,long,0.5695364238410596,0.15169783395659472
deal_heavy&deal_over_tariff,136,0.021450765229247812,0.021169154531315182,0.08982766957522619,0.6029411764705882,0.38235294117647056,long,0.6029411764705882,0.1508298113686451
positive_heavy&china_streak_3d,68,0.028149995337678906,0.05200005307758848,0.1047623659751523,0.6470588235294118,0.35294117647058826,long,0.6470588235294118,0.1502022877078639
has_attack&positive_heavy,465,0.012628711485847228,0.00980393972596616,0.09317943488782729,0.5505376344086022,0.43870967741935485,long,0.5505376344086022,0.149924472814606
posts_very_high&has_attack,217,0.017594802945251307,0.021794945506132368,0.10570626212578901,0.576036866359447,0.4147465437788018,long,0.576036866359447,0.1493016314433899
pre_action&volume_spike,31,0.03727966731518074,0.03970579184078926,0.08943961733271755,0.7096774193548387,0.2903225806451613,long,0.7096774193548387,0.14730376996721595
has_deal&pre_action,47,0.032508892425171396,0.022636546290432547,0.07831643132120676,0.6595744680851063,0.3404255319148936,long,0.6595744680851063,0.14699918883331142
has_market_brag&has_china,73,0.025872337611933353,0.029943790178698748,0.08127343460686023,0.6575342465753424,0.3424657534246575,long,0.6575342465753424,0.14535014758782125
has_iran&open_deal,23,0.046104499054774754,0.050000070186249745,0.09961986550997945,0.6521739130434783,0.30434782608695654,long,0.6521739130434783,0.14420178908701972
has_tariff&deal_over_tariff,44,0.029771573374114034,0.05064099206516259,0.08346737347171578,0.7272727272727273,0.2727272727272727,long,0.7272727272727273,0.14362347389159472
short_posts&china_streak_3d,48,0.03199396649654864,0.03367275090099997,0.11347822276369189,0.6458333333333334,0.3541666666666667,long,0.6458333333333334,0.14315587006150324
has_action&china_streak_3d,22,0.041822914548729856,0.06512638611297139,0.10097029904925402,0.7272727272727273,0.22727272727272727,long,0.7272727272727273,0.14266680546989902
has_china&has_russia,120,0.022183974294071727,0.017934264576748182,0.10571375935433987,0.5833333333333334,0.4,long,0.5833333333333334,0.141757736586408
has_night_post&volume_drop,120,0.02065261034613486,0.016607979194027234,0.09358556616121011,0.625,0.35833333333333334,long,0.625,0.141398756974283
lots_of_excl&volume_spike,132,0.021350409064757877,0.01838655087776686,0.10042905291270579,0.5757575757575758,0.4090909090909091,long,0.5757575757575758,0.14123190822015672
posts_very_high&open_tariff,22,0.038701480138917714,0.03453097178039688,0.08506048212260076,0.7727272727272727,0.22727272727272727,long,0.7727272727272727,0.14027011592387467
has_attack&deal_over_tariff,234,0.016166818554085978,0.016573511242082284,0.0959435623384865,0.5641025641025641,0.4230769230769231,long,0.5641025641025641,0.13950525478153558
has_night_post&volume_spike,150,0.02006649561033832,0.01794650443623147,0.10455879326542247,0.5666666666666667,0.42,long,0.5666666666666667,0.13926591298486093
has_russia&has_night_post,265,0.015161761672661804,0.011764728293697901,0.09491057833031356,0.5622641509433962,0.42641509433962266,long,0.5622641509433962,0.13877556275593295
posts_low&has_uppercase_phrase,21,0.04868345566112022,0.01794880942098942,0.10961774088643404,0.6190476190476191,0.38095238095238093,long,0.6190476190476191,0.13810681278897274
sig_potus&has_all_caps,20,0.04744001021089332,0.06455955901480748,0.13873669203656602,0.65,0.35,long,0.65,0.13790281399029408
open_deal&deal_only,59,0.03109241609909924,0.01818178049147323,0.08923448201470562,0.576271186440678,0.3898305084745763,long,0.576271186440678,0.13762818491794845
exclamation_heavy&volume_spike,132,0.020783081202816422,0.01838655087776686,0.10293068237421404,0.5757575757575758,0.4090909090909091,long,0.5757575757575758,0.13747906225428191
lots_of_excl&tariff_rising,25,0.03801309691584093,0.06628529421756157,0.07406169738095628,0.72,0.28,long,0.72,0.13684714889702734
high_emotion,70,0.030027856452047644,0.008437008667484758,0.12198331006043188,0.5428571428571428,0.4142857142857143,long,0.5428571428571428,0.13638258181220006
has_action&volume_spike,61,0.02728417113623414,0.024926922133661655,0.09140034591818501,0.639344262295082,0.36065573770491804,long,0.639344262295082,0.13624182560970527
pre_tariff&lots_of_excl,61,0.027157141429798554,0.0716722513237622,0.10458851334300863,0.639344262295082,0.36065573770491804,long,0.639344262295082,0.1356075106061439
has_relief&has_all_caps,26,0.04315543483909441,0.06353816339137508,0.10690607191941841,0.6153846153846154,0.3076923076923077,long,0.6153846153846154,0.13541563345361496
has_relief&has_uppercase_phrase,41,0.032067075674105355,0.0343053647153746,0.10630061671218743,0.6585365853658537,0.3170731707317073,long,0.6585365853658537,0.13521696770137434
open_deal&deal_over_tariff,77,0.02565124145474608,0.019061873374544014,0.0856553476303559,0.5974025974025974,0.37662337662337664,long,0.5974025974025974,0.13446859210205836
pre_deal&has_all_caps,50,0.028521231264169014,0.0378067844165334,0.09430592534001547,0.66,0.32,long,0.66,0.1331058698289123
posts_very_high&has_chips,20,0.045484930630248735,0.07496774199963063,0.09936778782818403,0.65,0.3,long,0.65,0.1322196158934281
posts_high&open_deal,62,0.027997568850537755,0.02038659103700724,0.0919280614043963,0.5967741935483871,0.3709677419354839,long,0.5967741935483871,0.1315607075894503
has_iran&volume_spike,41,0.03507632035518613,0.017711228380989708,0.12740978624771374,0.5853658536585366,0.3902439024390244,long,0.5853658536585366,0.13147202167390332
has_russia&exclamation_heavy,278,0.014040201673601354,0.013232121518110374,0.09441091719532592,0.5611510791366906,0.42805755395683454,long,0.5611510791366906,0.13136375266873984
has_positive&has_russia,273,0.014091334755112855,0.012986990740463167,0.09477362323294494,0.5641025641025641,0.4249084249084249,long,0.5641025641025641,0.13133834199404526
attack_heavy&pre_tariff,33,0.03423340097818069,0.07734797067794341,0.09480978431008712,0.6666666666666666,0.3333333333333333,long,0.6666666666666666,0.13110394434881015
pre_relief&deal_over_tariff,24,0.04013409893761963,0.050295329466468086,0.11608619248412642,0.6666666666666666,0.3333333333333333,long,0.6666666666666666,0.13107741824472602
pre_deal&pre_action,32,0.035151741996924786,0.0316322364442847,0.08112339701285794,0.65625,0.34375,long,0.65625,0.1304941844668637
posts_high&deal_heavy,112,0.020209916249085438,0.017934264576748182,0.10145101197854156,0.6071428571428571,0.375,long,0.6071428571428571,0.1298567158589853
has_exclamation&deal_over_tariff,303,0.013271113599015515,0.01379320738430545,0.09218033508927707,0.5610561056105611,0.42574257425742573,long,0.5610561056105611,0.12960894448931834
has_market_brag&has_all_caps,53,0.028557988676970795,0.061120316011581854,0.09071164617360666,0.6226415094339622,0.33962264150943394,long,0.6226415094339622,0.12945046718699646
deal_over_tariff,305,0.013206256025667856,0.01379320738430545,0.09189869492603381,0.5606557377049181,0.4262295081967213,long,0.5606557377049181,0.12930815146822028
has_deal&deal_over_tariff,305,0.013206256025667856,0.01379320738430545,0.09189869492603381,0.5606557377049181,0.4262295081967213,long,0.5606557377049181,0.12930815146822028
posts_high&has_deal,225,0.014957102445103843,0.01680665577895235,0.10072256710947149,0.5733333333333334,0.41333333333333333,long,0.5733333333333334,0.12863108102789306
has_russia&has_uppercase_phrase,115,0.020877629456081077,0.01680665577895235,0.09823911935318722,0.5739130434782609,0.40869565217391307,long,0.5739130434782609,0.12849203302620438
deal_heavy&has_all_caps,50,0.027531477620855272,0.03299880761030505,0.10792195410150328,0.66,0.32,long,0.66,0.1284867838438301
short_posts&volume_spike,101,0.02262364808251757,0.01818178049147323,0.11103910525295559,0.5643564356435643,0.42574257425742573,long,0.5643564356435643,0.12831481595586897
has_night_post&deal_over_tariff,279,0.013677712921219403,0.014268742004065915,0.09087937416237135,0.5591397849462365,0.4265232974910394,long,0.5591397849462365,0.12774266753305888
has_russia&has_exclamation,282,0.013393630838408914,0.012375859517080534,0.09426439714047423,0.5602836879432624,0.42907801418439717,long,0.5602836879432624,0.12601749933919
has_deal&tariff_rising,22,0.034672389798621035,0.07064267781526501,0.08312495100090185,0.7727272727272727,0.22727272727272727,long,0.7727272727272727,0.12566703182805838
has_russia&lots_of_excl,261,0.013810504858558198,0.012986990740463167,0.09301697150183805,0.5632183908045977,0.42528735632183906,long,0.5632183908045977,0.12566277213518331
has_russia,283,0.013290510643376661,0.011764728293697901,0.09411310259729389,0.558303886925795,0.43109540636042404,long,0.558303886925795,0.12482613877544306
has_relief&short_posts,48,0.028817312980423438,0.021210972934646133,0.09827628527824361,0.625,0.3333333333333333,long,0.625,0.12478262554926875
has_deal&has_action,100,0.021028645231282984,0.01942524506064469,0.09690358771510717,0.59,0.41,long,0.59,0.12406900686456959
posts_high&open_tariff,25,0.03249738842750273,0.02576534901506089,0.08514889676054259,0.76,0.24,long,0.76,0.12349007602451037
open_deal,82,0.02276806128831501,0.016225261247769573,0.08567052650700922,0.5975609756097561,0.3780487804878049,long,0.5975609756097561,0.1232012759378789
open_deal&has_exclamation,82,0.02276806128831501,0.016225261247769573,0.08567052650700922,0.5975609756097561,0.3780487804878049,long,0.5975609756097561,0.1232012759378789
has_deal&open_deal,82,0.02276806128831501,0.016225261247769573,0.08567052650700922,0.5975609756097561,0.3780487804878049,long,0.5975609756097561,0.1232012759378789
has_market_brag&has_night_post,151,0.01680259142307463,0.01680665577895235,0.08321666243327662,0.5960264900662252,0.3841059602649007,long,0.5960264900662252,0.12306379479790866
has_relief&deal_over_tariff,44,0.03012677567781318,0.019844436868851956,0.10996794637770112,0.6136363636363636,0.3409090909090909,long,0.6136363636363636,0.12262812267253659
deal_heavy&positive_heavy,133,0.017871265176903385,0.016731072442182526,0.0938803627268078,0.5939849624060151,0.39097744360902253,long,0.5939849624060151,0.12242118240292708
has_market_brag&pre_action,22,0.03816572954333718,0.05940172299690294,0.07973715559752159,0.6818181818181818,0.3181818181818182,long,0.6818181818181818,0.12205441318310957
open_deal&lots_of_excl,77,0.023706317249449133,0.012986990740463167,0.08728671818794326,0.5844155844155844,0.38961038961038963,long,0.5844155844155844,0.12157135107670268
posts_high&has_chips,26,0.038708437290235834,0.05972225303751766,0.09158836564930499,0.6153846153846154,0.34615384615384615,long,0.6153846153846154,0.121461585897597
deal_heavy&has_attack,123,0.018390379164885763,0.016731072442182526,0.09724291689689568,0.5934959349593496,0.3902439024390244,long,0.5934959349593496,0.12104893917988617
has_action&has_iran,35,0.031061307553158717,0.045479015559845015,0.13166218999247642,0.6571428571428571,0.34285714285714286,long,0.6571428571428571,0.12075734268552225
open_deal&exclamation_heavy,80,0.022931631289328645,0.01602443205750359,0.08674122399410032,0.5875,0.3875,long,0.5875,0.120500213035065
has_china&deal_over_tariff,128,0.019193053679214186,0.019296594586050375,0.09539587816186704,0.5546875,0.4296875,long,0.5546875,0.12044740337321669
has_deal&has_all_caps,97,0.02041545097126117,0.0316922505052355,0.10527652396696612,0.5979381443298969,0.3917525773195876,long,0.5979381443298969,0.12022674914823198
has_positive&deal_over_tariff,292,0.012586353481246374,0.012550007860075763,0.09359624349353085,0.5547945205479452,0.4315068493150685,long,0.5547945205479452,0.11932282128734806
deal_heavy&pre_relief,20,0.04090611532367705,0.050295329466468086,0.09613439661860794,0.65,0.35,long,0.65,0.11890951092694402
posts_low&high_emotion,58,0.029189002458523152,0.014671649595384695,0.12961637487196578,0.5344827586206896,0.43103448275862066,long,0.5344827586206896,0.11881381753843276
has_positive&open_deal,80,0.02254692874220074,0.013627866372264541,0.08671015026423541,0.5875,0.3875,long,0.5875,0.11847869357580101
lots_of_excl&deal_over_tariff,281,0.012741652291234837,0.012986990740463167,0.09218553974055761,0.5516014234875445,0.43416370106761565,long,0.5516014234875445,0.11781600374096945
has_deal&has_attack,267,0.012825651323101912,0.012986990740463167,0.09666483881129595,0.5617977528089888,0.42696629213483145,long,0.5617977528089888,0.11773756710351146
has_tariff&short_posts,44,0.025901711645129978,0.05064100162177276,0.09440049068634239,0.6818181818181818,0.3181818181818182,long,0.6818181818181818,0.11714489857482986
posts_low&has_attack,25,0.04170183192613801,0.018372724388012962,0.12351432353982382,0.56,0.44,long,0.56,0.11676512939318644
has_attack&has_russia,248,0.013417942967601062,0.010396424050940878,0.09490848700724239,0.5524193548387096,0.43951612903225806,long,0.5524193548387096,0.11672951157621538
posts_high&has_russia,177,0.015213096315379072,0.019061873374544014,0.10017868699678627,0.576271186440678,0.4180790960451977,long,0.576271186440678,0.11663560687460735
posts_very_high&open_deal,47,0.02837129973278338,0.021711308699470466,0.09391470376468498,0.5957446808510638,0.3829787234042553,long,0.5957446808510638,0.11587462304058664
has_china&pre_deal,89,0.019462675175214446,0.026086969308301677,0.0896265687472844,0.6292134831460674,0.3595505617977528,long,0.6292134831460674,0.11553020877988643
has_exclamation&volume_drop,151,0.015947561288467787,0.012903175164316938,0.09059276850605998,0.5894039735099338,0.3973509933774834,long,0.5894039735099338,0.11550367776669718
deal_heavy&lots_of_excl,141,0.01627714470240114,0.01680665577895235,0.09591571693545853,0.5957446808510638,0.3900709219858156,long,0.5957446808510638,0.11514576091708059
exclamation_heavy&deal_over_tariff,294,0.01206149928694384,0.013232121518110374,0.09144529183764127,0.5544217687074829,0.43197278911564624,long,0.5544217687074829,0.11466087052644655
has_positive&has_iran,115,0.01890470814587727,0.01347725229575758,0.11757505474408717,0.5652173913043478,0.4260869565217391,long,0.5652173913043478,0.11458675308866748
has_relief&deal_only,33,0.03280265335429735,0.017711228380989708,0.11550649028196766,0.6060606060606061,0.3333333333333333,long,0.6060606060606061,0.11420418010086783
pre_action&deal_over_tariff,41,0.02801953312097371,0.01978861674674537,0.07994728836670717,0.6341463414634146,0.36585365853658536,long,0.6341463414634146,0.11377381324048634
open_deal&has_night_post,76,0.022496923573804478,0.012087990969503637,0.08769658450624516,0.5789473684210527,0.39473684210526316,long,0.5789473684210527,0.11354526109331452
has_tariff&has_all_caps,43,0.0231890315000279,0.03259594935702492,0.10563962485350473,0.7441860465116279,0.2558139534883721,long,0.7441860465116279,0.11316141283686366
has_china&china_streak_3d,48,0.02518013687487562,0.03587856605552531,0.10335004869932385,0.6458333333333334,0.3541666666666667,long,0.6458333333333334,0.1126676307227932
posts_very_high&pre_tariff,27,0.03246574910940036,0.07734797067794341,0.09529710918735906,0.6666666666666666,0.3333333333333333,long,0.6666666666666666,0.11246465392653089
has_deal&has_china,161,0.015308271853740082,0.019061873374544014,0.09629816925356742,0.577639751552795,0.40993788819875776,long,0.577639751552795,0.11220085765006808
deal_heavy&has_night_post,143,0.015592349497093235,0.019061873374544014,0.0947143249240462,0.6013986013986014,0.38461538461538464,long,0.6013986013986014,0.11213520808396776
deal_heavy&open_deal,52,0.025881759796956397,0.01602443205750359,0.09239705097375338,0.5961538461538461,0.38461538461538464,long,0.5961538461538461,0.11126378359470118
has_action&has_russia,79,0.02245830604879763,0.01347725229575758,0.10602465112145947,0.5569620253164557,0.43037974683544306,long,0.5569620253164557,0.11117730100750219
deal_heavy&has_action,53,0.02437239062140096,0.024926922133661655,0.10002318518486825,0.6226415094339622,0.37735849056603776,long,0.6226415094339622,0.11047757557760136
has_attack&sig_potus,52,0.026554471451792332,0.014205585717192881,0.09395696258266341,0.5769230769230769,0.4230769230769231,long,0.5769230769230769,0.11047327893724838
has_deal&has_relief,48,0.026388682747979453,0.019844436868851956,0.10920072539626423,0.6041666666666666,0.3541666666666667,long,0.6041666666666666,0.11045746988876538
has_market_brag&has_exclamation,169,0.014322487495049642,0.015424180693922596,0.0842407851257558,0.591715976331361,0.3905325443786982,long,0.591715976331361,0.11017298073115109
has_market_brag,169,0.014322487495049642,0.015424180693922596,0.0842407851257558,0.591715976331361,0.3905325443786982,long,0.591715976331361,0.11017298073115109
has_positive&has_market_brag,166,0.01432834610250688,0.016115418236437473,0.08429114013077749,0.5963855421686747,0.3855421686746988,long,0.5963855421686747,0.1100974382636337
has_deal&attack_heavy,165,0.014558394785881628,0.01680665577895235,0.0967046229721926,0.5878787878787879,0.4,long,0.5878787878787879,0.10993684120410604
has_market_brag&exclamation_heavy,166,0.014405933357152362,0.013467395024490902,0.0849397786555525,0.5903614457831325,0.39156626506024095,long,0.5903614457831325,0.10957549293475319
has_positive&tariff_rising,26,0.030954481388184026,0.06612065249436494,0.08100095678780386,0.6923076923076923,0.3076923076923077,long,0.6923076923076923,0.109272118591035
exclamation_heavy&tariff_rising,26,0.030954481388184026,0.06612065249436494,0.08100095678780386,0.6923076923076923,0.3076923076923077,long,0.6923076923076923,0.109272118591035
tariff_rising,26,0.030954481388184026,0.06612065249436494,0.08100095678780386,0.6923076923076923,0.3076923076923077,long,0.6923076923076923,0.109272118591035
has_exclamation&tariff_rising,26,0.030954481388184026,0.06612065249436494,0.08100095678780386,0.6923076923076923,0.3076923076923077,long,0.6923076923076923,0.109272118591035
has_tariff&tariff_rising,26,0.030954481388184026,0.06612065249436494,0.08100095678780386,0.6923076923076923,0.3076923076923077,long,0.6923076923076923,0.109272118591035
deal_heavy&has_exclamation,150,0.014827760900277175,0.017934264576748182,0.09443866621204786,0.6,0.38666666666666666,long,0.6,0.1089613447010112
has_deal&deal_heavy,150,0.014827760900277175,0.017934264576748182,0.09443866621204786,0.6,0.38666666666666666,long,0.6,0.1089613447010112
deal_heavy,150,0.014827760900277175,0.017934264576748182,0.09443866621204786,0.6,0.38666666666666666,long,0.6,0.1089613447010112
deal_heavy&exclamation_heavy,148,0.01489257833984588,0.017934264576748182,0.09506589799352991,0.6013513513513513,0.38513513513513514,long,0.6013513513513513,0.1089504534859181
has_positive&volume_drop,120,0.01678950104704866,0.016607979194027234,0.0943999597173874,0.5916666666666667,0.39166666666666666,long,0.5916666666666667,0.108819196690581
positive_heavy&has_iran,93,0.01905385625523873,0.02576534901506089,0.11701191275402076,0.5913978494623656,0.3978494623655914,long,0.5913978494623656,0.10866860694260845
sig_potus&has_exclamation,61,0.024212560974021684,0.015424180693922596,0.10534421266344238,0.5737704918032787,0.4262295081967213,long,0.5737704918032787,0.10850352668045579
sig_potus,61,0.024212560974021684,0.015424180693922596,0.10534421266344238,0.5737704918032787,0.4262295081967213,long,0.5737704918032787,0.10850352668045579
deal_heavy&has_positive,146,0.01483408116720258,0.017934264576748182,0.09567511189387849,0.6027397260273972,0.3835616438356164,long,0.6027397260273972,0.10803560174864461
has_deal&has_exclamation,345,0.010327691151374965,0.012986990740463167,0.0931839683599367,0.5623188405797102,0.4260869565217391,long,0.5623188405797102,0.10786869491536284
open_deal&has_uppercase_phrase,37,0.02852293824354402,0.019061873374544014,0.08643081197407591,0.6216216216216216,0.35135135135135137,long,0.6216216216216216,0.10785026973087329
has_deal&pre_relief,25,0.03370315136060425,0.0343053647153746,0.11810347617107671,0.64,0.36,long,0.64,0.1078500843539336
positive_heavy&volume_spike,124,0.01715524561558985,0.01838655087776686,0.09578026146437549,0.5645161290322581,0.41935483870967744,long,0.5645161290322581,0.10784105745460322
has_deal,347,0.01028764874510478,0.012986990740463167,0.09293191794206378,0.5619596541786743,0.4265129682997118,long,0.5619596541786743,0.1076926345568974
has_tariff&attack_heavy,73,0.019150879829493192,0.028099150543406948,0.10081475031726593,0.6575342465753424,0.3424657534246575,long,0.6575342465753424,0.10758916536283776
positive_heavy&deal_over_tariff,242,0.012670046111088908,0.012087990969503637,0.0959261728975929,0.5454545454545454,0.4380165289256198,long,0.5454545454545454,0.10750890627716653
has_tariff&volume_spike,42,0.025680681101743125,0.02331911541656606,0.09138831172431558,0.6428571428571429,0.35714285714285715,long,0.6428571428571429,0.10699060832929305
has_positive&pre_tariff,63,0.021538130548272093,0.06881390915062724,0.10754076517363152,0.6190476190476191,0.38095238095238093,long,0.6190476190476191,0.1058284261096608
short_posts&volume_drop,99,0.017257959158149247,0.01151060935505921,0.08667188876788476,0.6161616161616161,0.37373737373737376,long,0.6161616161616161,0.10580389956564808
positive_heavy&open_deal,71,0.021639698470045845,0.011188991198544107,0.08807826713550494,0.5774647887323944,0.39436619718309857,long,0.5774647887323944,0.1052945486556936
posts_high&deal_only,157,0.015884434661664202,0.008077639473648146,0.10283240232919078,0.5286624203821656,0.45222929936305734,long,0.5286624203821656,0.10522041945645384
has_attack&has_chips,28,0.03271277188239496,0.044852931013519504,0.0911803610565812,0.6071428571428571,0.39285714285714285,long,0.6071428571428571,0.10509625747420405
posts_very_high&deal_over_tariff,121,0.017249525178208207,0.019531315797556736,0.1041057889023655,0.5537190082644629,0.4297520661157025,long,0.5537190082644629,0.10506528972181363
has_deal&has_night_post,320,0.010322252198338213,0.012550007860075763,0.09226208204935016,0.559375,0.428125,long,0.559375,0.10328862774380446
has_china&deal_only,96,0.020218158190869005,0.005949820697837005,0.09730697058215766,0.5208333333333334,0.4583333333333333,long,0.5208333333333334,0.10317535647187775
positive_heavy&tariff_rising,25,0.030293385647207786,0.06628529421756157,0.0825996353117738,0.68,0.32,long,0.68,0.10299751120050649
attack_heavy&sig_potus,31,0.030176179245374607,0.019531315797556736,0.0920541789740275,0.6129032258064516,0.3870967741935484,long,0.6129032258064516,0.10297623396021245
has_china&pre_tariff,41,0.024391771426613383,0.07500859566644924,0.09518426758267787,0.6585365853658537,0.34146341463414637,long,0.6585365853658537,0.10285257697617303
has_attack&open_deal,71,0.021049299979848897,0.011188991198544107,0.08850524832189892,0.5774647887323944,0.39436619718309857,long,0.5774647887323944,0.10242178484901017
has_action&deal_over_tariff,88,0.019177586626500782,0.018621826933008623,0.10028710048027756,0.5681818181818182,0.4318181818181818,long,0.5681818181818182,0.10221688016854354
positive_heavy&has_russia,219,0.012488132747682953,0.010988908375915596,0.0945606188877127,0.5525114155251142,0.4383561643835616,long,0.5525114155251142,0.10210824681669098
has_iran&has_night_post,111,0.017349593223177192,0.01347725229575758,0.1198413455795094,0.5585585585585585,0.43243243243243246,long,0.5585585585585585,0.1020985318111584
has_market_brag&lots_of_excl,160,0.01364525908451213,0.013467395024490902,0.08519293678830302,0.5875,0.39375,long,0.5875,0.10140273022988151
has_russia&sig_potus,35,0.028522026202020385,0.015424180693922596,0.09136943402926728,0.6,0.4,long,0.6,0.10124314955208619
posts_very_high&has_deal,140,0.01508143296586331,0.0206213122485136,0.10589645305582257,0.5642857142857143,0.42142857142857143,long,0.5642857142857143,0.10069448418416807
has_iran,120,0.016701534387967547,0.009110657433389346,0.11730531323545831,0.55,0.44166666666666665,long,0.55,0.10062587842161871
has_iran&has_exclamation,120,0.016701534387967547,0.009110657433389346,0.11730531323545831,0.55,0.44166666666666665,long,0.55,0.10062587842161871
china_streak_3d&volume_drop,21,0.03280963522176731,0.022636546290432547,0.1055865576970086,0.6666666666666666,0.3333333333333333,long,0.6666666666666666,0.10023509128509195
attack_heavy&volume_spike,93,0.018939922391293385,0.011764728293697901,0.08859061725179011,0.5483870967741935,0.43010752688172044,long,0.5483870967741935,0.10016290157074345
has_attack&pre_tariff,51,0.023838880711846415,0.07500006141296844,0.10821183647532504,0.5882352941176471,0.4117647058823529,long,0.5882352941176471,0.10014332965895402
attack_heavy&deal_over_tariff,144,0.014522258070551665,0.012087990969503637,0.09468772899445964,0.5694444444444444,0.4166666666666667,long,0.5694444444444444,0.0992354301487697
attack_heavy&open_tariff,21,0.030104995634177407,0.019061873374544014,0.08468997753417272,0.7142857142857143,0.2857142857142857,long,0.7142857142857143,0.09854172949280932
has_china&open_deal,45,0.02439278135879069,0.019061873374544014,0.08947162152782721,0.6,0.37777777777777777,long,0.6,0.09817905110138221
has_deal&has_positive,334,0.009632099530678454,0.010762471530640694,0.09442122822916264,0.5568862275449101,0.4311377245508982,long,0.5568862275449101,0.09803037690635583
has_russia&pre_tariff,31,0.025983013283693505,0.07734797067794341,0.09389764071241395,0.6774193548387096,0.3225806451612903,long,0.6774193548387096,0.098000425916053
deal_heavy&has_relief,33,0.02952889283357975,0.020627000363159897,0.10389458304246625,0.5757575757575758,0.3939393939393939,long,0.5757575757575758,0.09766608850129478
posts_high&volume_spike,115,0.01569709878497635,0.017711228380989708,0.08707836340871933,0.5739130434782609,0.40869565217391307,long,0.5739130434782609,0.09660829260992998
has_attack&volume_spike,117,0.016537475909736987,0.008875619527924039,0.09118499690999797,0.5384615384615384,0.4444444444444444,long,0.5384615384615384,0.09632008188811161
has_deal&lots_of_excl,323,0.009666595419689325,0.01033595186273728,0.09323782131520335,0.5541795665634675,0.43343653250773995,long,0.5541795665634675,0.09627761250019055
deal_heavy&pre_tariff,25,0.026652407148863966,0.07734797067794341,0.10880838558121567,0.72,0.28,long,0.72,0.09594866573591028
posts_high&has_relief,66,0.020991859060150633,0.01838655087776686,0.10703065822987312,0.5606060606060606,0.3939393939393939,long,0.5606060606060606,0.09560501151525236
positive_heavy&has_market_brag,138,0.013482988293089216,0.02216657331829086,0.08696406411341456,0.6014492753623188,0.38405797101449274,long,0.6014492753623188,0.09526309926067836
deal_heavy&short_posts,63,0.021505669289378266,0.016731072442182526,0.10420757260190187,0.5555555555555556,0.42857142857142855,long,0.5555555555555556,0.09483108786282343
has_attack&deal_only,196,0.012762824726874036,0.0067576748009134935,0.09830279597267717,0.5306122448979592,0.45408163265306123,long,0.5306122448979592,0.0948095551139214
has_tariff&pre_tariff,64,0.01944597867181458,0.06276993387402907,0.10798879041443628,0.609375,0.390625,long,0.609375,0.09479914602509606
pre_tariff,64,0.01944597867181458,0.06276993387402907,0.10798879041443628,0.609375,0.390625,long,0.609375,0.09479914602509606
pre_tariff&has_exclamation,64,0.01944597867181458,0.06276993387402907,0.10798879041443628,0.609375,0.390625,long,0.609375,0.09479914602509606
posts_high&pre_relief,32,0.02659833483344933,0.03602062392203764,0.11559227115922893,0.625,0.375,long,0.625,0.09403931464501192
deal_heavy&has_uppercase_phrase,64,0.01923362165787042,0.021994397754102835,0.10563697712901046,0.609375,0.375,long,0.609375,0.0937639055821183
has_deal&exclamation_heavy,336,0.009190436955607593,0.010762471530640694,0.09254028306533363,0.5565476190476191,0.43154761904761907,long,0.5565476190476191,0.09375795541088064
has_all_caps&deal_over_tariff,84,0.01857676545820523,0.028309586319448576,0.10355753680113307,0.5476190476190477,0.44047619047619047,long,0.5476190476190477,0.09323699901106329
has_deal&positive_heavy,280,0.01012517853007189,0.00941130789466238,0.09482703081917968,0.55,0.4357142857142857,long,0.55,0.0931846535139542
has_attack&volume_drop,72,0.018372120331167387,0.010662430119326438,0.09749731543344808,0.5972222222222222,0.3888888888888889,long,0.5972222222222222,0.09310253124176317
has_deal&volume_spike,87,0.017718067071033686,0.017711228380989708,0.0857710495792711,0.5632183908045977,0.41379310344827586,long,0.5632183908045977,0.09307923281976475
has_positive&open_tariff,29,0.02502835396008877,0.019061873374544014,0.08325463551597552,0.6896551724137931,0.3103448275862069,long,0.6896551724137931,0.09295297305267279
open_tariff&lots_of_excl,29,0.02502835396008877,0.019061873374544014,0.08325463551597552,0.6896551724137931,0.3103448275862069,long,0.6896551724137931,0.09295297305267279
has_night_post&tariff_rising,24,0.02843060749030109,0.06612065249436494,0.08383805004427429,0.6666666666666666,0.3333333333333333,long,0.6666666666666666,0.09285397523811614
has_russia&china_streak_3d,29,0.026085261650157156,0.03970579184078926,0.10073026606487843,0.6551724137931034,0.3448275862068966,long,0.6551724137931034,0.09203431818769348
has_night_post&deal_only,239,0.011181874839402979,0.008077639473648146,0.09201053698869432,0.5313807531380753,0.45188284518828453,long,0.5313807531380753,0.0918585101434573
pre_deal&lots_of_excl,160,0.01222486187717725,0.0169670981050003,0.09038450504264671,0.59375,0.39375,long,0.59375,0.09181371808049903
has_iran&exclamation_heavy,117,0.015255302888516183,0.009345695338854654,0.11522737176875081,0.5555555555555556,0.4358974358974359,long,0.5555555555555556,0.09167296131213168
attack_heavy&has_iran,53,0.021465148142210237,0.008875619527924039,0.10422646061736209,0.5849056603773585,0.39622641509433965,long,0.5849056603773585,0.09140241047574073
posts_very_high&has_relief,50,0.022221030717572532,0.02042840944033819,0.10852001441561096,0.58,0.4,long,0.58,0.09113332073103064
has_china&sig_potus,27,0.02958858513025402,0.019531315797556736,0.1002685098665697,0.5925925925925926,0.4074074074074074,long,0.5925925925925926,0.09110921381275902
deal_heavy&deal_only,92,0.017471248290398745,0.011661471301600224,0.09289250166795827,0.5434782608695652,0.43478260869565216,long,0.5434782608695652,0.09107517750295407
has_positive&sig_potus,58,0.021541468270789205,0.009970593885141765,0.10735194198317113,0.5517241379310345,0.4482758620689655,long,0.5517241379310345,0.09051306743034325
has_tariff&lots_of_excl,132,0.012817278116039452,0.02331911541656606,0.0983548246359164,0.6136363636363636,0.38636363636363635,long,0.6136363636363636,0.09036367007198264
has_exclamation&deal_only,259,0.010467946687415762,0.007936517069455862,0.09343926753985785,0.5328185328185329,0.4517374517374517,long,0.5328185328185329,0.08976162505468147
deal_over_tariff&deal_only,261,0.010413635476504517,0.007936517069455862,0.09310272485597806,0.5325670498084292,0.4521072796934866,long,0.5325670498084292,0.08959771168107503
deal_only,261,0.010413635476504517,0.007936517069455862,0.09310272485597806,0.5325670498084292,0.4521072796934866,long,0.5325670498084292,0.08959771168107503
has_deal&deal_only,261,0.010413635476504517,0.007936517069455862,0.09310272485597806,0.5325670498084292,0.4521072796934866,long,0.5325670498084292,0.08959771168107503
pre_deal&deal_over_tariff,147,0.012454679134052992,0.016731072442182526,0.08853677203694343,0.5850340136054422,0.4013605442176871,long,0.5850340136054422,0.0883430374516526
has_relief&has_china,39,0.022866194372457137,0.03205134027026135,0.11045537472411697,0.6153846153846154,0.38461538461538464,long,0.6153846153846154,0.08787651574583602
sig_potus&lots_of_excl,57,0.02139541085145946,0.006954197029820364,0.10816242124052668,0.543859649122807,0.45614035087719296,long,0.543859649122807,0.0878506332929217
posts_very_high&has_tariff,65,0.016837958983162926,0.026610660179581025,0.0996394167626697,0.6461538461538462,0.35384615384615387,long,0.6461538461538462,0.08771665448702486
deal_over_tariff&volume_spike,72,0.018986776059425264,0.01794650443623147,0.08683936176762427,0.5416666666666666,0.4305555555555556,long,0.5416666666666666,0.08726690767918499
positive_heavy&open_tariff,28,0.02422644249749944,0.01512543228654406,0.08466824036992208,0.6785714285714286,0.32142857142857145,long,0.6785714285714286,0.08698897842882936
open_deal&volume_spike,29,0.025979044737371778,0.019061873374544014,0.08373779005539392,0.6206896551724138,0.3448275862068966,long,0.6206896551724138,0.08683537496441421
pre_deal&china_streak_3d,21,0.03047001175143284,0.06628529421756157,0.10827269744518757,0.6190476190476191,0.38095238095238093,long,0.6190476190476191,0.08643832183822642
posts_low&has_night_post,91,0.01639354812942537,0.003978794801688945,0.09308934356654722,0.5494505494505495,0.43956043956043955,long,0.5494505494505495,0.08592553962073793
has_iran&lots_of_excl,112,0.014580018014675842,0.009110657433389346,0.11521581280288543,0.5535714285714286,0.4375,long,0.5535714285714286,0.08541629679342091
has_night_post&has_chips,31,0.027812710331270574,0.022512802855279457,0.08819453050315472,0.5483870967741935,0.3870967741935484,long,0.5483870967741935,0.0849202740669279
positive_heavy&has_chips,31,0.027812710331270574,0.022512802855279457,0.08819453050315472,0.5483870967741935,0.3870967741935484,long,0.5483870967741935,0.0849202740669279
lots_of_excl&has_chips,31,0.027812710331270574,0.022512802855279457,0.08819453050315472,0.5483870967741935,0.3870967741935484,long,0.5483870967741935,0.0849202740669279
exclamation_heavy&has_chips,31,0.027812710331270574,0.022512802855279457,0.08819453050315472,0.5483870967741935,0.3870967741935484,long,0.5483870967741935,0.0849202740669279
sig_potus&exclamation_heavy,60,0.019296435526126535,0.014205585717192881,0.09892543410215386,0.5666666666666667,0.43333333333333335,long,0.5666666666666667,0.08469940989170033
has_relief&positive_heavy,86,0.01634771881753708,0.01782797586447482,0.11006596862771513,0.5581395348837209,0.4186046511627907,long,0.5581395348837209,0.08461535307096281
deal_heavy&has_iran,44,0.021570224007099615,0.024160984439525746,0.09949499601889877,0.5909090909090909,0.38636363636363635,long,0.5909090909090909,0.0845476741619141
sig_potus&has_uppercase_phrase,31,0.026938353990726156,0.006954197029820364,0.12842048748292392,0.5483870967741935,0.45161290322580644,long,0.5483870967741935,0.0822506104783453
open_tariff&exclamation_heavy,30,0.02250756538433528,0.01512543228654406,0.08296357066458644,0.6666666666666666,0.3333333333333333,long,0.6666666666666666,0.08218600850348577
open_tariff,30,0.02250756538433528,0.01512543228654406,0.08296357066458644,0.6666666666666666,0.3333333333333333,long,0.6666666666666666,0.08218600850348577
open_tariff&has_exclamation,30,0.02250756538433528,0.01512543228654406,0.08296357066458644,0.6666666666666666,0.3333333333333333,long,0.6666666666666666,0.08218600850348577
has_tariff&open_tariff,30,0.02250756538433528,0.01512543228654406,0.08296357066458644,0.6666666666666666,0.3333333333333333,long,0.6666666666666666,0.08218600850348577
has_iran&has_russia,61,0.018838570739592796,0.019061873374544014,0.10882042749427648,0.5573770491803278,0.4262295081967213,long,0.5573770491803278,0.08200908187634873
has_tariff&has_attack,113,0.012976480873373275,0.01680665577895235,0.10017315384537911,0.5929203539823009,0.40707964601769914,long,0.5929203539823009,0.08178855058361109
brag_heavy&has_china,20,0.028074977534842664,0.028277225179139887,0.07987099420882636,0.65,0.35,long,0.65,0.08161082570509397
exclamation_heavy&volume_drop,103,0.013975035561097868,0.010988908375915596,0.0989352514740465,0.5728155339805825,0.4077669902912621,long,0.5728155339805825,0.08124306904024764
posts_very_high&volume_spike,88,0.015850053444034583,0.01032017391081097,0.09384009474573736,0.5454545454545454,0.4318181818181818,long,0.5454545454545454,0.0811018259650292
has_night_post&sig_potus,59,0.018818716214491566,0.012986990740463167,0.09970476811338681,0.559322033898305,0.4406779661016949,long,0.559322033898305,0.08084960961072035
pre_tariff&exclamation_heavy,62,0.016737453817635667,0.06276993387402907,0.10138478765449328,0.6129032258064516,0.3870967741935484,long,0.6129032258064516,0.08077503289898301
posts_high&pre_tariff,44,0.019135554329962202,0.07429773522152983,0.103141060651827,0.6363636363636364,0.36363636363636365,long,0.6363636363636364,0.0807742140137485
pre_tariff&volume_spike,22,0.029008416947124627,0.042917317302265445,0.11326653819555413,0.5909090909090909,0.4090909090909091,long,0.5909090909090909,0.08039999855509962
pre_tariff&tariff_only,23,0.029615455507803992,0.0567259585974309,0.11962392722684241,0.5652173913043478,0.43478260869565216,long,0.5652173913043478,0.0802782415791605
has_tariff&has_positive,137,0.011175499579926196,0.024926922133661655,0.09864878510327986,0.6131386861313869,0.38686131386861317,long,0.6131386861313869,0.08020213861733129
pre_deal&exclamation_heavy,167,0.010468359160944254,0.01680665577895235,0.09028126735688227,0.592814371257485,0.39520958083832336,long,0.592814371257485,0.08019652929997725
pre_deal&has_exclamation,169,0.010400917155688357,0.016731072442182526,0.08974797519346499,0.591715976331361,0.39644970414201186,long,0.591715976331361,0.08000705504375659
positive_heavy&pre_deal,146,0.011225158079678896,0.01676886411056744,0.09406216094787452,0.589041095890411,0.3972602739726027,long,0.589041095890411,0.07989405957421845
pre_deal&has_night_post,162,0.010700986800588204,0.016611302910467196,0.08985768586351056,0.5864197530864198,0.4012345679012346,long,0.5864197530864198,0.07987114794977193
posts_high&pre_deal,116,0.012365318613991861,0.01676886411056744,0.09988035247664338,0.5948275862068966,0.3879310344827586,long,0.5948275862068966,0.07921827974838135
posts_very_high&deal_only,96,0.015492105969482866,0.012894433927318927,0.10948531836269855,0.5208333333333334,0.4583333333333333,long,0.5208333333333334,0.07905782222157985
has_tariff&pre_deal,54,0.01569494373973816,0.027511061701763984,0.08841732607811686,0.6851851851851852,0.3148148148148148,long,0.6851851851851852,0.07902501872498689
high_emotion&short_posts,61,0.01990931549176523,0.0035210973110859634,0.12221360129456374,0.5081967213114754,0.4426229508196721,long,0.5081967213114754,0.07902292575212401
has_market_brag&volume_spike,40,0.01998871093818385,0.027271787415337534,0.06870389794274441,0.625,0.35,long,0.625,0.07901231756922766
has_china&pre_relief,22,0.028462790234394873,0.050295329466468086,0.11911951503584359,0.5909090909090909,0.4090909090909091,long,0.5909090909090909,0.07888773447688198
has_russia&volume_spike,84,0.015060724006173198,0.015594240338373644,0.08938698688818009,0.5714285714285714,0.4166666666666667,long,0.5714285714285714,0.07887646603328828
has_positive&deal_only,248,0.009537362855092435,0.006628874663170525,0.09511046488946537,0.5241935483870968,0.4596774193548387,long,0.5241935483870968,0.07873100909983652
has_positive&has_chips,32,0.026191030637389683,0.01869475577496793,0.08724401496978051,0.53125,0.40625,long,0.53125,0.0787093853223422
has_chips,32,0.026191030637389683,0.01869475577496793,0.08724401496978051,0.53125,0.40625,long,0.53125,0.0787093853223422
has_exclamation&has_chips,32,0.026191030637389683,0.01869475577496793,0.08724401496978051,0.53125,0.40625,long,0.53125,0.0787093853223422
pre_deal,170,0.010225515783456469,0.016573511242082284,0.08951127453695112,0.5882352941176471,0.4,long,0.5882352941176471,0.07842612598817301
has_deal&pre_deal,170,0.010225515783456469,0.016573511242082284,0.08951127453695112,0.5882352941176471,0.4,long,0.5882352941176471,0.07842612598817301
posts_very_high&deal_heavy,78,0.015802582175935085,0.01512543228654406,0.10721822891671208,0.5512820512820513,0.4230769230769231,long,0.5512820512820513,0.07693947377537434
has_attack&open_tariff,29,0.021784520875456355,0.011188991198544107,0.08433581628574745,0.6551724137931034,0.3448275862068966,long,0.6551724137931034,0.07686039544886536
open_tariff&has_night_post,29,0.021646382297154078,0.011188991198544107,0.08429549303231802,0.6551724137931034,0.3448275862068966,long,0.6551724137931034,0.07637301333861572
has_tariff&has_russia,65,0.014817744301361568,0.021711308699470466,0.08880900343233591,0.6307692307692307,0.36923076923076925,long,0.6307692307692307,0.07535451424683566
has_china&volume_spike,78,0.015081464628824839,0.008681141727255759,0.09077127496924137,0.5641025641025641,0.4230769230769231,long,0.5641025641025641,0.07513614257812264
posts_very_high&has_russia,124,0.01192838901317622,0.01838655087776686,0.10767672137460362,0.5645161290322581,0.4274193548387097,long,0.5645161290322581,0.07498406689915325
exclamation_heavy&deal_only,250,0.008944526247601885,0.006628874663170525,0.09258307653731414,0.524,0.46,long,0.524,0.07410689789798258
posts_very_high&sig_potus,29,0.02489088195835239,0.019531315797556736,0.09792633274012885,0.5517241379310345,0.4482758620689655,long,0.5517241379310345,0.07395393188450121
has_action&has_market_brag,41,0.018134193689690808,0.04347585614182403,0.09291743586921092,0.6341463414634146,0.34146341463414637,long,0.6341463414634146,0.07363421643072651
lots_of_excl&deal_only,239,0.0091263357896464,0.005361935766245773,0.09373143165768924,0.5188284518828452,0.46443514644351463,long,0.5188284518828452,0.07320136485112609
short_posts&has_chips,20,0.029167190196300957,0.01869475577496793,0.09141743922871724,0.55,0.35,long,0.55,0.07174180199075382
has_relief&has_action,29,0.021347476120842125,0.019061873374544014,0.08966306713882286,0.6206896551724138,0.3448275862068966,long,0.6206896551724138,0.07135428235475372
has_relief&has_attack,77,0.015267715331411507,0.00980393972596616,0.11039526635581658,0.5324675324675324,0.42857142857142855,long,0.5324675324675324,0.07133662325596161
deal_heavy&volume_spike,53,0.017059363574650484,0.019061873374544014,0.08966851175212773,0.5660377358490566,0.39622641509433965,long,0.5660377358490566,0.07029851403659142
has_tariff&has_exclamation,139,0.009842363666132116,0.021711308699470466,0.09862550944066428,0.60431654676259,0.39568345323741005,long,0.60431654676259,0.07012474478938012
has_tariff,139,0.009842363666132116,0.021711308699470466,0.09862550944066428,0.60431654676259,0.39568345323741005,long,0.60431654676259,0.07012474478938012
has_positive&pre_deal,163,0.009412883170712951,0.015543979270693953,0.09109622686768912,0.5828220858895705,0.4049079754601227,long,0.5828220858895705,0.07004102152577861
has_attack&has_iran,92,0.013325848491818981,0.007604282338782631,0.10621968865142878,0.5434782608695652,0.44565217391304346,long,0.5434782608695652,0.06946578725212468
has_relief&has_night_post,91,0.013154940910654323,0.017711228380989708,0.10972095062191775,0.5494505494505495,0.4175824175824176,long,0.5494505494505495,0.06895062542305874
high_emotion&has_exclamation,38,0.022320615286132862,0.003262648773335264,0.1001252108813045,0.5,0.47368421052631576,long,0.5,0.0687967567123604
posts_high&has_tariff,96,0.01081967873937672,0.026188004597320957,0.09943699062924656,0.6458333333333334,0.3541666666666667,long,0.6458333333333334,0.06846528790514064
has_russia&deal_over_tariff,119,0.011665596614814276,0.006954197029820364,0.09406211272915052,0.5378151260504201,0.44537815126050423,long,0.5378151260504201,0.06844054325592086
posts_high&sig_potus,42,0.019258608297302103,0.009970593885141765,0.0900544540124464,0.5476190476190477,0.4523809523809524,long,0.5476190476190477,0.06834835884527343
positive_heavy&pre_relief,42,0.01843195294427566,0.022368807986950068,0.11017519085109338,0.5714285714285714,0.42857142857142855,long,0.5714285714285714,0.06825869005548905
has_all_caps&deal_only,68,0.01604563645055476,0.016510203230381326,0.10745724056574685,0.5147058823529411,0.47058823529411764,long,0.5147058823529411,0.06810367314871865
positive_heavy&deal_only,200,0.009299669502439219,0.002170743887482174,0.09786770732502661,0.51,0.47,long,0.51,0.06707376555327868
positive_heavy&pre_tariff,56,0.014758100101685637,0.06276993387402907,0.0996114153129029,0.6071428571428571,0.39285714285714285,long,0.6071428571428571,0.06705255874455446
open_deal&short_posts,44,0.02018650038479951,0.009090890245736616,0.09465523380010295,0.5,0.4772727272727273,long,0.5,0.06695104760674488
has_market_brag&has_uppercase_phrase,70,0.012976501828067845,0.02156123674673094,0.0919736948775141,0.6142857142857143,0.38571428571428573,long,0.6142857142857143,0.06669251080614301
has_action&deal_only,72,0.015245539300020193,0.006664648713106236,0.10435918923054881,0.5138888888888888,0.4861111111111111,long,0.5138888888888888,0.06647804936832344
has_russia&short_posts,141,0.009926565340209031,0.011764728293697901,0.1037214775438953,0.5602836879432624,0.4326241134751773,long,0.5602836879432624,0.06604144095970993
pre_relief&has_night_post,42,0.017799858034957265,0.022368807986950068,0.11122181695373769,0.5714285714285714,0.42857142857142855,long,0.5714285714285714,0.06591786536744554
has_iran&deal_over_tariff,71,0.014466249386975017,0.01347725229575758,0.09960498001004638,0.5352112676056338,0.4507042253521127,long,0.5352112676056338,0.06523946185421609
deal_heavy&attack_heavy,82,0.012298897773516488,0.012087990969503637,0.09613687458408408,0.5853658536585366,0.3902439024390244,long,0.5853658536585366,0.065192930408062
has_russia&open_deal,34,0.01779209212538773,0.009970593885141765,0.07591236547363493,0.6176470588235294,0.35294117647058826,long,0.6176470588235294,0.06407769115081255
posts_very_high&tariff_only,21,0.02239566151214678,0.0567259585974309,0.10356164582164695,0.6190476190476191,0.38095238095238093,long,0.6190476190476191,0.0635327420730611
has_deal&has_russia,139,0.00980047836343045,0.005361935766245773,0.09258628477846714,0.5467625899280576,0.43884892086330934,long,0.5467625899280576,0.06317619512606638
has_attack&has_market_brag,131,0.010014446188622983,0.0066488349246474066,0.08375151257188448,0.549618320610687,0.42748091603053434,long,0.549618320610687,0.06299756827353771
pre_tariff&has_night_post,59,0.013668661491195605,0.0567259585974309,0.10144834188998837,0.5932203389830508,0.4067796610169492,long,0.5932203389830508,0.06228278539364979
deal_heavy&has_china,88,0.011436809974644585,0.02153091261815765,0.10112335612287944,0.5795454545454546,0.4090909090909091,long,0.5795454545454546,0.062177570025139024
lots_of_excl&volume_drop,79,0.012538806634119461,0.01033595186273728,0.10350946229732348,0.5569620253164557,0.4177215189873418,long,0.5569620253164557,0.062071942398834574
has_attack&pre_deal,133,0.009235368391524362,0.012986990740463167,0.09024566396143857,0.5789473684210527,0.40601503759398494,long,0.5789473684210527,0.06166221603479408
pre_action&deal_only,31,0.02014320004509476,0.006793448850849204,0.08246885458635686,0.5483870967741935,0.45161290322580644,long,0.5483870967741935,0.06150303397404483
has_relief&has_positive,93,0.01156128617092895,0.017711228380989708,0.10980341904668958,0.5483870967741935,0.41935483870967744,long,0.5483870967741935,0.06114132596986183
has_relief,93,0.01156128617092895,0.017711228380989708,0.10980341904668958,0.5483870967741935,0.41935483870967744,long,0.5483870967741935,0.06114132596986183
has_relief&has_exclamation,93,0.01156128617092895,0.017711228380989708,0.10980341904668958,0.5483870967741935,0.41935483870967744,long,0.5483870967741935,0.06114132596986183
has_tariff&positive_heavy,120,0.009162850145632144,0.02331911541656606,0.09127200131193072,0.6083333333333333,0.39166666666666666,long,0.6083333333333333,0.06106084654226036
pre_relief&lots_of_excl,42,0.016481961854406296,0.022368807986950068,0.11287258408874995,0.5714285714285714,0.42857142857142855,long,0.5714285714285714,0.0610373262739753
tariff_heavy,20,-0.02478525007930052,-0.011846782884169182,0.10979634252102358,0.45,0.55,short,0.55,0.06096365441831283
tariff_heavy&has_exclamation,20,-0.02478525007930052,-0.011846782884169182,0.10979634252102358,0.45,0.55,short,0.55,0.06096365441831283
tariff_heavy&has_positive,20,-0.02478525007930052,-0.011846782884169182,0.10979634252102358,0.45,0.55,short,0.55,0.06096365441831283
tariff_heavy&exclamation_heavy,20,-0.02478525007930052,-0.011846782884169182,0.10979634252102358,0.45,0.55,short,0.55,0.06096365441831283
has_tariff&tariff_heavy,20,-0.02478525007930052,-0.011846782884169182,0.10979634252102358,0.45,0.55,short,0.55,0.06096365441831283
has_tariff&has_deal,86,0.009905293664926507,0.026766816519851022,0.09295456712006336,0.6511627906976745,0.3488372093023256,long,0.6511627906976745,0.05981445597587463
has_relief&exclamation_heavy,92,0.011408244808732902,0.01662760382584183,0.11039511262120695,0.5434782608695652,0.42391304347826086,long,0.5434782608695652,0.05946958704281514
attack_heavy&deal_only,115,0.010423662891108234,0.006721900750977783,0.09786023962792971,0.5304347826086957,0.45217391304347826,long,0.5304347826086957,0.059292706169150805
has_tariff&exclamation_heavy,136,0.008429398304256479,0.02331911541656606,0.09550663473302719,0.6029411764705882,0.39705882352941174,long,0.6029411764705882,0.059270825194088626
posts_high&has_market_brag,109,0.010071821409243025,0.008486663926587479,0.09018860685798591,0.5596330275229358,0.43119266055045874,long,0.5596330275229358,0.05884703724353926
lots_of_excl&tariff_only,48,0.015640930093396774,0.012092250218938894,0.1090233585878572,0.5416666666666666,0.4583333333333333,long,0.5416666666666666,0.05869691879869184
has_relief&has_russia,37,0.01785196447584029,0.017711228380989708,0.10495272770996676,0.5405405405405406,0.4594594594594595,long,0.5405405405405406,0.058696897624787144
has_relief&lots_of_excl,89,0.011439106076296857,0.015543979270693953,0.11128435773301758,0.5393258426966292,0.42696629213483145,long,0.5393258426966292,0.05820205531220419
has_uppercase_phrase&deal_over_tariff,118,0.01023924418527474,0.007677596990472324,0.10443721631153052,0.5169491525423728,0.4661016949152542,long,0.5169491525423728,0.057498528650904226
brag_heavy&has_night_post,39,0.01629008582454885,0.008486663926587479,0.08354274779888161,0.5641025641025641,0.41025641025641024,long,0.5641025641025641,0.05738703010505141
attack_heavy&has_market_brag,78,0.011780538068676249,0.007597222900986744,0.08657872663950601,0.5512820512820513,0.4230769230769231,long,0.5512820512820513,0.05735698063162147
has_deal&short_posts,165,0.008753700660341177,0.005361935766245773,0.09357363511146145,0.509090909090909,0.4727272727272727,long,0.509090909090909,0.05724387246128571
posts_very_high&has_iran,55,0.013564710627618179,0.019061873374544014,0.10706205794365924,0.5636363636363636,0.41818181818181815,long,0.5636363636363636,0.056701021444861895
deal_only&volume_spike,53,0.015803095092982746,0.0,0.08887933439034607,0.49056603773584906,0.4716981132075472,long,0.49056603773584906,0.05643877340677862
has_tariff&deal_heavy,58,0.010634642971118817,0.027354905361493986,0.09751089788281661,0.6896551724137931,0.3103448275862069,long,0.6896551724137931,0.05585588133097334
has_deal&pre_tariff,41,0.013741150202844908,0.06881390915062724,0.10199865843481908,0.6341463414634146,0.36585365853658536,long,0.6341463414634146,0.05579618511622146
sig_potus&short_posts,30,0.020254016757231364,0.006396480579193731,0.11927947693251403,0.5,0.5,long,0.5,0.05546790929011627
pre_deal&short_posts,67,0.011882849920444862,0.016731072442182526,0.09988825635428955,0.5671641791044776,0.417910447761194,long,0.5671641791044776,0.05516540454170435
has_deal&china_streak_3d,36,0.015507323842815997,0.014795371660126455,0.11000382565349948,0.5833333333333334,0.4166666666666667,long,0.5833333333333334,0.05427563344985599
attack_heavy&open_deal,49,0.013025705728703162,0.012986990740463167,0.07957250296462513,0.5918367346938775,0.3877551020408163,long,0.5918367346938775,0.0539636380189131
posts_very_high&pre_relief,23,0.01989145531977254,0.0343053647153746,0.11903366837889254,0.5652173913043478,0.43478260869565216,long,0.5652173913043478,0.0539195169596831
has_deal&has_uppercase_phrase,136,0.00835396589645078,0.008443830438855882,0.10517156273194357,0.5441176470588235,0.4411764705882353,long,0.5441176470588235,0.05300965326809293
pre_deal&sig_potus,20,-0.02141595141145299,-0.02037612836339514,0.07192253987970391,0.45,0.55,short,0.55,0.05267627547472561
has_uppercase_phrase&volume_drop,27,0.01609618540140778,0.01794880942098942,0.10000981698040544,0.6296296296296297,0.3333333333333333,long,0.6296296296296297,0.05266110952176381
brag_heavy&has_exclamation,43,0.01435650945028458,0.006793448850849204,0.08516282378952494,0.5581395348837209,0.4186046511627907,long,0.5581395348837209,0.052544331987238235
brag_heavy,43,0.01435650945028458,0.006793448850849204,0.08516282378952494,0.5581395348837209,0.4186046511627907,long,0.5581395348837209,0.052544331987238235
has_market_brag&brag_heavy,43,0.01435650945028458,0.006793448850849204,0.08516282378952494,0.5581395348837209,0.4186046511627907,long,0.5581395348837209,0.052544331987238235
brag_heavy&exclamation_heavy,43,0.01435650945028458,0.006793448850849204,0.08516282378952494,0.5581395348837209,0.4186046511627907,long,0.5581395348837209,0.052544331987238235
has_positive&tariff_only,51,0.013317415436592333,0.013195592061962191,0.10850581985637925,0.5490196078431373,0.45098039215686275,long,0.5490196078431373,0.0522147124984448
deal_over_tariff&china_streak_3d,31,0.01614068910306147,0.006954197029820364,0.11294101556940661,0.5806451612903226,0.41935483870967744,long,0.5806451612903226,0.052181160142961334
has_tariff&has_market_brag,36,0.013559290812453276,0.013997823488748229,0.08743966129384936,0.6388888888888888,0.3611111111111111,long,0.6388888888888888,0.05197728144773756
has_deal&has_iran,78,0.011144386590327402,0.008916179632721066,0.09723598429495066,0.5256410256410257,0.46153846153846156,long,0.5256410256410257,0.05173598528301254
has_iran&has_uppercase_phrase,56,0.012898377648281372,0.006850817916629448,0.12275821759193009,0.5357142857142857,0.44642857142857145,long,0.5357142857142857,0.05170854643402703
has_relief&pre_relief,43,0.013954719465164854,0.019061873374544014,0.11274537989557276,0.5581395348837209,0.4418604651162791,long,0.5581395348837209,0.051073794427925034
pre_relief,43,0.013954719465164854,0.019061873374544014,0.11274537989557276,0.5581395348837209,0.4418604651162791,long,0.5581395348837209,0.051073794427925034
pre_relief&has_exclamation,43,0.013954719465164854,0.019061873374544014,0.11274537989557276,0.5581395348837209,0.4418604651162791,long,0.5581395348837209,0.051073794427925034
has_positive&pre_relief,43,0.013954719465164854,0.019061873374544014,0.11274537989557276,0.5581395348837209,0.4418604651162791,long,0.5581395348837209,0.051073794427925034
pre_relief&exclamation_heavy,43,0.013954719465164854,0.019061873374544014,0.11274537989557276,0.5581395348837209,0.4418604651162791,long,0.5581395348837209,0.051073794427925034
has_iran&deal_only,60,0.013170606254852897,0.0033609503754888914,0.10272113233914683,0.5,0.48333333333333334,long,0.5,0.05100953868450051
has_tariff&has_uppercase_phrase,56,0.010217154134227153,0.017934264576748182,0.10749339066449869,0.6607142857142857,0.3392857142857143,long,0.6607142857142857,0.050517012100397884
posts_low&short_posts,124,0.008348014984725528,0.003484726880617961,0.09517096702217187,0.532258064516129,0.45161290322580644,long,0.532258064516129,0.049478475837637134
has_tariff&has_night_post,127,0.007225394199028451,0.019061873374544014,0.09626281694394839,0.5905511811023622,0.4094488188976378,long,0.5905511811023622,0.048086254317039924
has_attack&pre_relief,35,0.014885163430814303,0.015543979270693953,0.11235064924411843,0.5428571428571428,0.45714285714285713,long,0.5428571428571428,0.04780498498235171
posts_very_high&pre_deal,79,0.009625958577137564,0.011188991198544107,0.10556603904790669,0.5569620253164557,0.4177215189873418,long,0.5569620253164557,0.04765221793179125
posts_very_high&has_market_brag,63,0.010970654711756761,0.011188991198544107,0.09785855322658137,0.5396825396825397,0.4444444444444444,long,0.5396825396825397,0.04699386756921385
has_tariff&has_china,86,0.007785742773142982,0.02576879115662134,0.09703009121619802,0.6395348837209303,0.36046511627906974,long,0.6395348837209303,0.04617570290721503
positive_heavy&sig_potus,50,0.011909003273425492,0.006682129383356883,0.09408859471507645,0.54,0.46,long,0.54,0.04547305964778458
deal_heavy&pre_deal,98,0.007822830295041827,0.012087990969503637,0.08800557847059265,0.5816326530612245,0.3979591836734694,long,0.5816326530612245,0.04504283599037875
pre_deal&deal_only,116,0.007679402769325337,0.01122448842121282,0.0902832213415708,0.5431034482758621,0.4396551724137931,long,0.5431034482758621,0.0449199227688012
attack_heavy&pre_deal,92,0.007808407384310427,0.00941130789466238,0.09488041318092862,0.5760869565217391,0.40217391304347827,long,0.5760869565217391,0.04314638549714825
has_relief&attack_heavy,48,0.011674403702383325,0.007435544162248675,0.1003444258171925,0.5208333333333334,0.4375,long,0.5208333333333334,0.04212637575124611
has_attack&tariff_only,42,0.012938263854530488,-0.003936379360414632,0.11291344991029004,0.5,0.5,long,0.5,0.041924766564397545
open_deal&has_all_caps,28,0.01582037344171461,-0.0032019057378017135,0.09780023457122165,0.5,0.5,long,0.5,0.04185677377494786
short_posts&deal_over_tariff,157,0.006717277369244298,0.0,0.09385762447419256,0.4968152866242038,0.4840764331210191,long,0.4968152866242038,0.041815573548255366
brag_heavy&lots_of_excl,42,0.011688807175623957,0.005342269611791406,0.08435711425809252,0.5476190476190477,0.42857142857142855,long,0.5476190476190477,0.04148330839797344
has_positive&brag_heavy,42,0.011674899445846872,0.005342269611791406,0.08433768812396783,0.5476190476190477,0.42857142857142855,long,0.5476190476190477,0.04143395018418909
short_posts&tariff_only,21,0.013516061354621557,0.02576534901506089,0.10071369022644855,0.6666666666666666,0.3333333333333333,long,0.6666666666666666,0.041292249503480434
deal_heavy&has_market_brag,37,0.011339813488789726,0.011188991198544107,0.09609836130511777,0.5945945945945946,0.3783783783783784,long,0.5945945945945946,0.04101358478335056
has_market_brag&short_posts,83,0.008471734833749965,0.006793448850849204,0.09306333554848062,0.5301204819277109,0.4457831325301205,long,0.5301204819277109,0.04091532301363968
has_market_brag&deal_only,53,-0.010167714906025327,-0.012547029320427727,0.09215843690722547,0.4339622641509434,0.5471698113207547,short,0.5471698113207547,0.040502648553272784
has_relief&has_market_brag,24,0.014062495601025562,0.030710289744891983,0.09664864534094093,0.5833333333333334,0.375,long,0.5833333333333334,0.04018692852141996
posts_low&exclamation_heavy,32,0.013231345096658301,0.012259045367946753,0.06980013580162595,0.53125,0.46875,long,0.53125,0.039762888828782456
has_iran&short_posts,46,0.010130380729261283,0.009110657433389346,0.11227196142251135,0.5652173913043478,0.43478260869565216,long,0.5652173913043478,0.03883472193422008
deal_heavy&has_russia,64,0.008620121699887495,0.009970593885141765,0.09292648953714969,0.5625,0.421875,long,0.5625,0.038790547649493724
has_market_brag&has_iran,27,-0.01338816155587368,-0.004870138831277071,0.09892746323139856,0.4444444444444444,0.5555555555555556,short,0.5555555555555556,0.03864829339118934
high_emotion&volume_spike,22,0.01780011512022339,-0.00500101030511213,0.13759041905675037,0.45454545454545453,0.5454545454545454,long,0.45454545454545453,0.03794997294843959
has_exclamation&tariff_only,53,0.009740250837899698,0.010988908375915596,0.10812003645221697,0.5283018867924528,0.4716981132075472,long,0.5283018867924528,0.03746193774667661
tariff_only,53,0.009740250837899698,0.010988908375915596,0.10812003645221697,0.5283018867924528,0.4716981132075472,long,0.5283018867924528,0.03746193774667661
has_tariff&tariff_only,53,0.009740250837899698,0.010988908375915596,0.10812003645221697,0.5283018867924528,0.4716981132075472,long,0.5283018867924528,0.03746193774667661
has_night_post&high_emotion,42,0.012078801698303327,-0.0012952445438042526,0.09331375507254332,0.4523809523809524,0.5,long,0.4523809523809524,0.035412191745944156
posts_high&has_iran,79,0.007003683219589176,0.01347725229575758,0.11219609388039176,0.5569620253164557,0.43037974683544306,long,0.5569620253164557,0.034670940710024974
has_uppercase_phrase&deal_only,98,0.007063533256241231,-0.0018725390308106382,0.10798484213822337,0.47959183673469385,0.5,long,0.47959183673469385,0.03353565663390983
has_relief&pre_deal,31,0.010807812370567898,0.015543979270693953,0.11520097190600931,0.5483870967741935,0.41935483870967744,long,0.5483870967741935,0.03299938688609754
positive_heavy&brag_heavy,37,0.009166307792129662,0.006793448850849204,0.08524669088907248,0.5675675675675675,0.40540540540540543,long,0.5675675675675675,0.03164556608546176
pre_deal&has_uppercase_phrase,67,0.0068876576763052194,0.008486663926587479,0.10070516542893726,0.5522388059701493,0.43283582089552236,long,0.5522388059701493,0.03113406851553402
has_russia&deal_only,97,0.005785741918447202,0.0,0.09696845996584796,0.4948453608247423,0.4845360824742268,long,0.4948453608247423,0.028197748172871333
pre_deal&volume_spike,47,0.007601595256877061,0.003533540843092764,0.08976258453167908,0.5319148936170213,0.425531914893617,long,0.5319148936170213,0.027720165687870203
has_iran&has_all_caps,26,0.010812696766164472,0.002002740348323484,0.10145442492884736,0.5,0.5,long,0.5,0.02756707590261712
has_relief&volume_spike,27,-0.009605523924838323,-0.006802617420163193,0.09079393982364559,0.4444444444444444,0.5185185185185185,short,0.5185185185185185,0.025880175177326385
has_deal&sig_potus,24,-0.010352290388654942,-0.0042919524971047895,0.07464655933162134,0.5,0.5,short,0.5,0.025357829121323158
has_china&volume_drop,25,-0.010552145016876758,0.0,0.08570357884886537,0.48,0.48,short,0.48,0.025325148040504217
pre_tariff&pre_deal,31,0.006997074070925868,0.02692297286012102,0.10413247703083901,0.6129032258064516,0.3870967741935484,long,0.6129032258064516,0.023877520434434765
short_posts&deal_only,142,0.004144525246603015,-0.0006518439487349093,0.09378494298426683,0.4788732394366197,0.5,long,0.4788732394366197,0.02365045661638682
deal_only&china_streak_3d,24,0.009584488277289313,-0.010732006467602029,0.12008697364076026,0.5,0.5,long,0.5,0.023477105725045785
has_action&pre_deal,53,0.005845091189505709,0.006954197029820364,0.09676929076475659,0.5471698113207547,0.4528301886792453,long,0.5471698113207547,0.023283665641538512
has_russia&pre_deal,71,0.005256361006601822,0.002824773065733366,0.09416049954617942,0.5211267605633803,0.4647887323943662,long,0.5211267605633803,0.023081165476477563
exclamation_heavy&tariff_only,50,0.005890858283904026,0.010396424050940878,0.10065585039004468,0.52,0.48,long,0.52,0.02166042236569892
has_deal&has_market_brag,80,0.00434402443746435,0.007766924152968424,0.08797125712703414,0.55,0.4375,long,0.55,0.021369774663799256
attack_heavy&tariff_only,23,0.008460883493912245,0.00980393972596616,0.11530070833878765,0.5217391304347826,0.4782608695652174,long,0.5217391304347826,0.021170593969659444
has_night_post&tariff_only,46,0.006238531444036883,-0.0006924799232815859,0.10194580572030922,0.5,0.5,long,0.5,0.021155889431780563
sig_potus&deal_over_tariff,20,-0.009412447180910454,-0.0042919524971047895,0.06758331615510142,0.5,0.5,short,0.5,0.021046871731142038
has_deal&brag_heavy,26,0.007576119870590899,0.004760975419169089,0.08953737844587677,0.5384615384615384,0.4230769230769231,long,0.5384615384615384,0.020801190877094405
has_russia&tariff_only,23,0.007047993615697736,0.010988908375915596,0.10169166067333518,0.5652173913043478,0.43478260869565216,long,0.5652173913043478,0.01910490736771782
has_deal&open_tariff,20,0.006858361210699826,0.009071594114182235,0.0826985446867907,0.6,0.4,long,0.6,0.018402914257647084
has_china&tariff_only,21,0.006946918874360376,0.010988908375915596,0.10529991371117722,0.5714285714285714,0.42857142857142855,long,0.5714285714285714,0.018191303764842192
posts_high&tariff_only,28,0.005971333954038601,0.018377128695488243,0.10818108503296252,0.5714285714285714,0.42857142857142855,long,0.5714285714285714,0.01805561672880244
has_tariff&has_iran,23,0.006174404138943671,0.021711308699470466,0.07867542521558075,0.6086956521739131,0.391304347826087,long,0.6086956521739131,0.018024331656567836
has_tariff&has_relief,20,0.006038454474333666,0.03126886475818402,0.0943876405203379,0.6,0.4,long,0.6,0.016202873620377402
positive_heavy&volume_drop,45,0.004302879128491675,0.003963124326218148,0.09844633319107476,0.5333333333333333,0.4444444444444444,long,0.5333333333333333,0.0153944483684359
has_russia&volume_drop,27,-0.005084533066662739,0.0,0.08670818472413445,0.48148148148148145,0.4444444444444444,short,0.4444444444444444,0.011742226138965143
has_iran&pre_deal,41,-0.003538385209694647,0.0,0.09751773717274206,0.4878048780487805,0.4878048780487805,short,0.4878048780487805,0.011052058584180343
positive_heavy&tariff_only,40,0.003110648238589303,0.010396424050940878,0.09959448209165263,0.525,0.475,long,0.525,0.010328570105209727
has_market_brag&has_russia,56,0.0022672023207450176,0.0013531745751910185,0.09900806422213854,0.5,0.48214285714285715,long,0.5,0.008483094310726618
posts_high&brag_heavy,32,0.002756696731466262,0.0013642509937444869,0.09100603270549364,0.5,0.46875,long,0.5,0.00779711580997834
attack_heavy&brag_heavy,26,-0.0024131479975281925,0.0013642509937444869,0.09131473830668405,0.5,0.46153846153846156,short,0.46153846153846156,0.005679087105500126
attack_heavy&pre_relief,23,-0.0018288943089869072,-0.0037450780616212764,0.11747202330020598,0.4782608695652174,0.5217391304347826,short,0.5217391304347826,0.004576209902528682
pre_deal&open_deal,31,0.0015621261528842095,0.001328155955527155,0.08868845029066091,0.5161290322580645,0.45161290322580644,long,0.5161290322580645,0.0044890582318830785
has_tariff&open_deal,23,0.0014142815563032937,0.011188991198544107,0.07326060543907902,0.6521739130434783,0.34782608695652173,long,0.6521739130434783,0.004423471350364636
has_deal&volume_drop,31,-0.0015532319200684415,0.003963124326218148,0.06490714755253685,0.5161290322580645,0.45161290322580644,short,0.45161290322580644,0.0039055616337012786
has_market_brag&deal_over_tariff,69,-0.0007961533946148681,0.0,0.09087055620740589,0.4927536231884058,0.4927536231884058,short,0.4927536231884058,0.003258750590326626
has_attack&brag_heavy,34,0.0008291071391503764,0.0013642509937444869,0.08740578149433496,0.5,0.47058823529411764,long,0.5,0.0024172419220293267
deal_over_tariff&volume_drop,29,-0.0004884261737989883,0.003963124326218148,0.06424026482135273,0.5172413793103449,0.4482758620689655,short,0.4482758620689655,0.0011790800257356461
deal_only&volume_drop,29,-0.0004884261737989883,0.003963124326218148,0.06424026482135273,0.5172413793103449,0.4482758620689655,short,0.4482758620689655,0.0011790800257356461
has_market_brag&pre_deal,41,-0.00016119360719344715,0.008400996951124284,0.09580422617751023,0.5121951219512195,0.4634146341463415,short,0.4634146341463415,0.0004783100285281033
brag_heavy&deal_over_tariff,22,6.179055272614864e-05,-0.0006587801692268247,0.09339834100869185,0.45454545454545453,0.5,long,0.45454545454545453,0.00013173790105224008
