event,n,mean_ret,median_ret,std,hit_up,hit_down,direction,directional_hit,score
posts_very_high&pre_relief,22,-0.015051340672751918,-0.004726028376720426,0.03393123615490242,0.36363636363636365,0.6363636363636364,short,0.6363636363636364,0.044925392589602625
tariff_heavy&pre_tariff,39,-0.009833131822774167,-0.006557356096516642,0.02585891107908674,0.3333333333333333,0.6666666666666666,short,0.6666666666666666,0.04093859236747484
has_market_brag&pre_tariff,31,-0.010549273613638912,-0.006557356096516642,0.02796240494936751,0.3225806451612903,0.6774193548387096,short,0.6774193548387096,0.039788814944354774
has_deal&pre_relief,25,-0.01241801636992974,-0.004310503956959422,0.031511568680119964,0.4,0.6,short,0.6,0.037254049109789224
attack_heavy&pre_relief,26,-0.01159226350179432,-0.004726028376720426,0.03129086607319068,0.38461538461538464,0.6153846153846154,short,0.6153846153846154,0.03637487864760534
has_tariff&pre_relief,24,-0.01165393543779356,-0.005436137681774145,0.03218879583025022,0.375,0.625,short,0.625,0.03568274414741589
posts_high&pre_relief,33,-0.010219427534894701,-0.004310503956959422,0.029301956463977173,0.3939393939393939,0.6060606060606061,short,0.6060606060606061,0.0355794798096717
pre_tariff&pre_deal,49,-0.008283697330673299,-0.005594370607681753,0.02526883758200889,0.3877551020408163,0.6122448979591837,short,0.6122448979591837,0.03550155998859985
tariff_heavy&has_china,33,-0.010194911443372156,-0.006765840180648075,0.028350551060736657,0.3939393939393939,0.6060606060606061,short,0.6060606060606061,0.035494125734762905
silence_day&volume_drop,143,0.004993953998306341,0.006507592190889477,0.027038447251673193,0.5874125874125874,0.4125874125874126,long,0.5874125874125874,0.0350796946871838
has_deal&pre_tariff,78,-0.006586698056054439,-0.004037274782831446,0.021975237016412078,0.3974358974358974,0.6025641025641025,short,0.6025641025641025,0.03505244461666188
positive_heavy&pre_tariff,118,-0.005124625587655069,-0.004279060074711238,0.0197528558963541,0.3983050847457627,0.6016949152542372,short,0.6016949152542372,0.0334949617198155
deal_heavy&pre_tariff,41,-0.00793187845963146,-0.006009501072938628,0.022187002360173215,0.36585365853658536,0.6341463414634146,short,0.6341463414634146,0.03220753374498002
has_relief&volume_spike,32,-0.01068703685822554,-0.0013550313809677639,0.03267819293812222,0.46875,0.53125,short,0.53125,0.032116723991277886
has_china&pre_relief,21,-0.01324422888606293,-0.002493874531921736,0.03617808822827424,0.47619047619047616,0.5238095238095238,short,0.5238095238095238,0.03179140453851164
tariff_heavy&positive_heavy,52,-0.007392609727677214,-0.004575847667927235,0.024011088508732584,0.40384615384615385,0.5961538461538461,short,0.5961538461538461,0.03178028601583293
pre_tariff&exclamation_heavy,133,-0.004684244393937542,-0.003783352666620221,0.01897358174505273,0.41353383458646614,0.5864661654135338,short,0.5864661654135338,0.03168168910663156
has_tariff&tariff_heavy,58,-0.00681891539334711,-0.003505098608908297,0.022918004719127954,0.39655172413793105,0.603448275862069,short,0.603448275862069,0.031337860969543135
tariff_heavy&has_positive,58,-0.00681891539334711,-0.003505098608908297,0.022918004719127954,0.39655172413793105,0.603448275862069,short,0.603448275862069,0.031337860969543135
tariff_heavy,58,-0.00681891539334711,-0.003505098608908297,0.022918004719127954,0.39655172413793105,0.603448275862069,short,0.603448275862069,0.031337860969543135
tariff_heavy&has_exclamation,58,-0.00681891539334711,-0.003505098608908297,0.022918004719127954,0.39655172413793105,0.603448275862069,short,0.603448275862069,0.031337860969543135
tariff_heavy&exclamation_heavy,58,-0.00681891539334711,-0.003505098608908297,0.022918004719127954,0.39655172413793105,0.603448275862069,short,0.603448275862069,0.031337860969543135
pre_tariff&lots_of_excl,129,-0.004618938130949764,-0.003783352666620221,0.019121300059788904,0.4108527131782946,0.5891472868217055,short,0.5891472868217055,0.03090728680379094
tariff_heavy&has_night_post,56,-0.006790747200879031,-0.0023980627568669366,0.023329613218466414,0.4107142857142857,0.5892857142857143,short,0.5892857142857143,0.02994590825193412
tariff_heavy&has_deal,39,-0.008125842646669042,-0.004836776068822823,0.026672060528359395,0.41025641025641024,0.5897435897435898,short,0.5897435897435898,0.029927052165800404
pre_tariff&has_night_post,132,-0.004522854937862961,-0.0029485115863883693,0.019012248760763434,0.42424242424242425,0.5757575757575758,short,0.5757575757575758,0.02991846346081183
has_positive&pre_tariff,138,-0.0044041971056574735,-0.0029485115863883693,0.018700656055872046,0.427536231884058,0.572463768115942,short,0.572463768115942,0.02961790223662365
tariff_heavy&pre_deal,24,-0.01033055279382331,-0.005800673438310866,0.03228583812444514,0.4166666666666667,0.5833333333333334,short,0.5833333333333334,0.02952201362337535
tariff_heavy&lots_of_excl,57,-0.006508311803698205,-0.0026952779507849467,0.022998232309098143,0.40350877192982454,0.5964912280701754,short,0.5964912280701754,0.029309596551146542
pre_tariff&has_exclamation,139,-0.004333091888503943,-0.002801210522605957,0.018651625959256363,0.4316546762589928,0.5683453237410072,short,0.5683453237410072,0.029034716511809475
pre_tariff,139,-0.004333091888503943,-0.002801210522605957,0.018651625959256363,0.4316546762589928,0.5683453237410072,short,0.5683453237410072,0.029034716511809475
has_tariff&pre_tariff,139,-0.004333091888503943,-0.002801210522605957,0.018651625959256363,0.4316546762589928,0.5683453237410072,short,0.5683453237410072,0.029034716511809475
posts_high&tariff_heavy,46,-0.00712196995371874,-0.0023980627568669366,0.02507709913028405,0.41304347826086957,0.5869565217391305,short,0.5869565217391305,0.02835208390462272
pre_tariff&volume_spike,46,-0.0069711928004054305,-0.002748244236695452,0.02541262690036101,0.41304347826086957,0.5869565217391305,short,0.5869565217391305,0.027751850187067228
has_attack&pre_relief,35,-0.008157502087116714,-0.002493874531921736,0.029536095990148253,0.42857142857142855,0.5714285714285714,short,0.5714285714285714,0.027577390387533776
silence_day,224,0.0033794882852396604,0.004282655246252709,0.02544037046245394,0.5426008968609866,0.45739910313901344,long,0.5426008968609866,0.027444508771729867
posts_low&silence_day,224,0.0033794882852396604,0.004282655246252709,0.02544037046245394,0.5426008968609866,0.45739910313901344,long,0.5426008968609866,0.027444508771729867
has_russia&volume_drop,25,0.00849058089039494,0.008196845842853406,0.014382361974177851,0.64,0.36,long,0.64,0.027169858849263803
pre_relief&lots_of_excl,40,-0.007774670768068434,-0.0019601322844118862,0.027280725992137655,0.45,0.55,short,0.55,0.027044234453529645
tariff_heavy&attack_heavy,32,-0.008123894443003318,-0.0017647324534592057,0.02755152505041463,0.4375,0.5625,short,0.5625,0.025850073826311104
volume_drop,309,0.0027427600513316693,0.0023612674812552026,0.021116028877497812,0.5275080906148867,0.47249190938511326,long,0.5275080906148867,0.025432917352581234
posts_low&volume_drop,209,0.0031734484467347652,0.0031055900621117516,0.023795413975858125,0.5406698564593302,0.45933014354066987,long,0.5406698564593302,0.024804858157619354
tariff_heavy&has_market_brag,25,-0.008830483338709918,-0.001428617343969485,0.03199459187941194,0.44,0.56,short,0.56,0.024725353348387775
tariff_heavy&has_attack,44,-0.006464424125164166,-0.003207883414990287,0.025189492229976115,0.4318181818181818,0.5681818181818182,short,0.5681818181818182,0.024363715123739766
has_relief&pre_deal,31,-0.007402243403298848,-0.00254464489135231,0.03223388641480459,0.41935483870967744,0.5806451612903226,short,0.5806451612903226,0.02393067891825345
pre_deal&volume_spike,52,-0.005692830380879728,-0.0023499298447841044,0.02505301707881877,0.4230769230769231,0.5769230769230769,short,0.5769230769230769,0.023683605970131978
has_positive&pre_relief,41,-0.006889004286327771,-0.0014263900369020366,0.02752803425934509,0.4634146341463415,0.5365853658536586,short,0.5365853658536586,0.02366939773137588
pre_relief&exclamation_heavy,41,-0.006889004286327771,-0.0014263900369020366,0.02752803425934509,0.4634146341463415,0.5365853658536586,short,0.5365853658536586,0.02366939773137588
positive_heavy&pre_relief,41,-0.006889004286327771,-0.0014263900369020366,0.02752803425934509,0.4634146341463415,0.5365853658536586,short,0.5365853658536586,0.02366939773137588
has_china&has_all_caps,86,0.003918446542882505,0.004893561617231756,0.022804830904395387,0.6511627906976745,0.3488372093023256,long,0.6511627906976745,0.023662069612633008
tariff_heavy&volume_spike,25,-0.008381059036481248,-0.0021008475629489265,0.03076740350875166,0.44,0.56,short,0.56,0.023466965302147494
pre_tariff&deal_over_tariff,24,-0.008211043670460563,-0.003717945554920332,0.02565324895879169,0.4166666666666667,0.5833333333333334,short,0.5833333333333334,0.023465011789727534
open_deal&volume_spike,22,-0.008440291846899105,-0.0019580864684903276,0.026895661342689413,0.4090909090909091,0.5909090909090909,short,0.5909090909090909,0.023393191484121
pre_relief&has_night_post,40,-0.00689729549107305,-0.0014124823847022627,0.027878672147250906,0.475,0.525,short,0.525,0.022901721619350418
has_attack&has_all_caps,146,0.00307537249805871,0.004191684054975164,0.0204003206165076,0.6027397260273972,0.3972602739726027,long,0.6027397260273972,0.02239772822354463
pre_relief,42,-0.006573713155549678,-0.0014124823847022627,0.027266922800539932,0.47619047619047616,0.5238095238095238,short,0.5238095238095238,0.022315611155006174
has_relief&pre_relief,42,-0.006573713155549678,-0.0014124823847022627,0.027266922800539932,0.47619047619047616,0.5238095238095238,short,0.5238095238095238,0.022315611155006174
pre_relief&has_exclamation,42,-0.006573713155549678,-0.0014124823847022627,0.027266922800539932,0.47619047619047616,0.5238095238095238,short,0.5238095238095238,0.022315611155006174
posts_high&has_all_caps,134,0.0032604710858964146,0.004593514751354388,0.0211135719196463,0.582089552238806,0.417910447761194,long,0.582089552238806,0.02196962058428969
has_relief&pre_tariff,21,-0.008291118891741157,-0.0014263900369020366,0.03492189526955163,0.42857142857142855,0.5714285714285714,short,0.5714285714285714,0.021711245667018413
has_china&pre_deal,81,-0.004467198715703827,-0.001428617343969485,0.02267066193825254,0.4691358024691358,0.5308641975308642,short,0.5308641975308642,0.021343282752807176
has_tariff&pre_deal,90,-0.004293093261733558,-0.0014275036904357608,0.022355048533317753,0.4777777777777778,0.5222222222222223,short,0.5222222222222223,0.02126899289953911
has_attack&pre_tariff,103,-0.0037499497695611356,-0.0022700600364494727,0.02026943249011486,0.44660194174757284,0.5533980582524272,short,0.5533980582524272,0.021061131207685976
has_market_brag&has_all_caps,50,0.004939886462114807,0.004616740001058828,0.02601637564925451,0.6,0.4,long,0.6,0.020958163293918017
has_iran&open_deal,22,-0.008137379293999375,-0.0012698624227982513,0.02642679227912568,0.45454545454545453,0.5454545454545454,short,0.5454545454545454,0.02081874113685574
positive_heavy&has_all_caps,145,0.002976740984603245,0.004016262914696922,0.020598972439676486,0.5793103448275863,0.4206896551724138,long,0.5793103448275863,0.02076521021120036
tariff_only&tariff_streak_3d,21,-0.0062860729378069295,-0.004504595146995971,0.016076173409532397,0.2857142857142857,0.7142857142857143,short,0.7142857142857143,0.02057600361536692
has_market_brag&volume_drop,24,0.005924368052524447,0.007886632832009743,0.015364975472320502,0.7083333333333334,0.2916666666666667,long,0.7083333333333334,0.02055821160093556
posts_very_high&tariff_heavy,29,-0.007325425090729811,-0.0013386838067594997,0.028464111583398524,0.4827586206896552,0.5172413793103449,short,0.5172413793103449,0.020404459342705995
positive_heavy&pre_deal,140,-0.00311241752708002,-0.001393454130513505,0.020723371909958443,0.45714285714285713,0.5428571428571428,short,0.5428571428571428,0.01999159415782498
pre_deal&tariff_rising,35,-0.006205093311432029,-0.0030958126501707817,0.019272227781820347,0.45714285714285713,0.5428571428571428,short,0.5428571428571428,0.01992819184994811
tariff_heavy&has_uppercase_phrase,27,-0.0060808036260264434,-0.001428617343969485,0.02186476850983901,0.37037037037037035,0.6296296296296297,short,0.6296296296296297,0.019894270458795178
positive_heavy&sig_potus,50,-0.004989705819299983,-0.0037808694320058955,0.01919460000506993,0.44,0.56,short,0.56,0.019758226997336783
has_tariff&sig_potus,29,-0.006637171328150858,-0.0037267564247157603,0.02254631487196682,0.4482758620689655,0.5517241379310345,short,0.5517241379310345,0.019719868389120095
tariff_heavy&deal_heavy,28,-0.006431322567411528,-0.004050398628317187,0.02420216957596017,0.42857142857142855,0.5714285714285714,short,0.5714285714285714,0.019446491559552387
has_deal&sig_potus,23,-0.007159585264479042,-0.0044592942724621665,0.024882160821406357,0.43478260869565216,0.5652173913043478,short,0.5652173913043478,0.01940739744208868
posts_high&pre_tariff,85,-0.003791474040895846,-0.0021008475629489265,0.02194573249501335,0.4470588235294118,0.5529411764705883,short,0.5529411764705883,0.01932842568822853
posts_very_high&has_all_caps,99,0.00319740167751992,0.004796264230747971,0.021772555218605754,0.5959595959595959,0.40404040404040403,long,0.5959595959595959,0.01895970661923648
has_attack&lots_of_excl,567,0.0014609032144657567,0.0014085683311195751,0.01789552599324894,0.5432098765432098,0.4567901234567901,long,0.5432098765432098,0.01889646779783278
has_all_caps&has_exclamation,181,0.0024146573909446527,0.003957816465754105,0.01961318803970977,0.574585635359116,0.425414364640884,long,0.574585635359116,0.018665927320368803
has_all_caps,181,0.0024146573909446527,0.003957816465754105,0.01961318803970977,0.574585635359116,0.425414364640884,long,0.574585635359116,0.018665927320368803
has_attack&exclamation_heavy,593,0.0014090134866654482,0.0014085683311195751,0.017836028740732375,0.5430016863406408,0.45699831365935917,long,0.5430016863406408,0.01863132214539809
has_attack&has_night_post,556,0.0014436060010907525,0.0014034942776944836,0.018139769577973135,0.5449640287769785,0.4550359712230216,long,0.5449640287769785,0.01855042702851294
pre_deal&open_tariff,27,-0.006421133152649718,-0.00254464489135231,0.02509836841186014,0.4444444444444444,0.5555555555555556,short,0.5555555555555556,0.018536214770923726
tariff_heavy&open_tariff,24,-0.006911704760088446,-0.003132696706396154,0.02447996922961242,0.4583333333333333,0.5416666666666666,short,0.5416666666666666,0.01834099574123084
tariff_heavy&tariff_rising,27,-0.005279816574345369,-0.004314919267031647,0.01592155526450983,0.3333333333333333,0.6666666666666666,short,0.6666666666666666,0.018289821122820876
has_russia&has_night_post,265,0.00201842643361345,0.002344575522265302,0.018419206820731632,0.5547169811320755,0.44528301886792454,long,0.5547169811320755,0.01822666967730245
has_all_caps&lots_of_excl,170,0.002447736688047237,0.003662201625904138,0.019853402205613095,0.5705882352941176,0.4294117647058823,long,0.5705882352941176,0.018210084913999655
has_all_caps&exclamation_heavy,176,0.0023853965462418696,0.0039169176781432835,0.019655373370447735,0.5738636363636364,0.42613636363636365,long,0.5738636363636364,0.018160409030215624
has_night_post&has_all_caps,177,0.002336922327286101,0.003876018890532462,0.019714745592591097,0.5706214689265536,0.4293785310734463,long,0.5706214689265536,0.017741037689062815
brag_heavy&has_china,20,-0.007886961327009662,2.7098001300907004e-05,0.024401346045247845,0.5,0.5,short,0.5,0.017635781663105553
has_action&attack_heavy,102,0.002867626167875835,0.0038635841950200867,0.021920152348337114,0.6078431372549019,0.39215686274509803,long,0.6078431372549019,0.017604112626646816
posts_high&has_relief,68,-0.0040001443980852095,-0.0013749937416560054,0.027377565916731145,0.47058823529411764,0.5294117647058824,short,0.5294117647058824,0.017463195392853282
has_positive&has_all_caps,176,0.002280752790713707,0.0039169176781432835,0.01977140884476094,0.5738636363636364,0.42613636363636365,long,0.5738636363636364,0.017363739224583806
pre_tariff&tariff_rising,50,-0.00470553733736564,-0.0017451993086972095,0.01503164045260592,0.48,0.52,short,0.52,0.017302050273964222
has_positive&pre_deal,160,-0.0026361447744785646,-0.0011890420159496595,0.019873954150893037,0.48125,0.51875,short,0.51875,0.017297660088304093
has_night_post&high_emotion,41,-0.004808804364913778,-0.004629660224667598,0.01733811479742058,0.43902439024390244,0.5609756097560976,short,0.5609756097560976,0.01727320856066348
attack_heavy&short_posts,150,0.0023090204906860957,0.004275893453826285,0.019506381206365758,0.6066666666666667,0.3933333333333333,long,0.6066666666666667,0.01715629675702904
has_russia&has_exclamation,284,0.0018517837934416113,0.0022517440809676215,0.017998317201262052,0.5492957746478874,0.4507042253521127,long,0.5492957746478874,0.01714177171977769
has_russia,284,0.0018517837934416113,0.0022517440809676215,0.017998317201262052,0.5492957746478874,0.4507042253521127,long,0.5492957746478874,0.01714177171977769
has_attack&has_russia,248,0.0019338664647196907,0.00231908072749476,0.018782360334056815,0.5564516129032258,0.4435483870967742,long,0.5564516129032258,0.016946488776835897
has_russia&exclamation_heavy,279,0.0018277964449214827,0.002293585932724218,0.018075767730354905,0.5519713261648745,0.44802867383512546,long,0.5519713261648745,0.016851805870057537
posts_very_high&has_relief,49,-0.0045364008847288825,-0.001351412750809522,0.029938453812786467,0.46938775510204084,0.5306122448979592,short,0.5306122448979592,0.016849489000421564
has_market_brag&tariff_only,36,-0.004594990429869852,-0.005220508480169805,0.018313052964178834,0.3888888888888889,0.6111111111111112,short,0.6111111111111112,0.016848298242856125
positive_heavy&has_russia,217,0.0020755860234775237,0.002684555154546464,0.019577371116228145,0.5483870967741935,0.45161290322580644,long,0.5483870967741935,0.01676709527284659
attack_heavy&has_all_caps,101,0.002804137062682348,0.004796264230747971,0.021802425760648732,0.594059405940594,0.40594059405940597,long,0.594059405940594,0.016741323982890813
has_positive&has_russia,276,0.0018408170620156997,0.002200172465762207,0.018219437306799962,0.5471014492753623,0.4528985507246377,long,0.5471014492753623,0.016731429095112747
has_attack&has_exclamation,609,0.0012533858904726094,0.0013832412601997301,0.017820363676224887,0.5385878489326765,0.4614121510673235,long,0.5385878489326765,0.016659041070213463
has_attack,609,0.0012533858904726094,0.0013832412601997301,0.017820363676224887,0.5385878489326765,0.4614121510673235,long,0.5385878489326765,0.016659041070213463
has_action&has_attack,148,0.0024719242991236277,0.001317615025822283,0.021631992454313468,0.5472972972972973,0.4527027027027027,long,0.5472972972972973,0.016458464984592892
has_all_caps&short_posts,125,0.0025426907812480435,0.003957816465754105,0.021112457787004647,0.576,0.424,long,0.576,0.016374612765982097
has_russia&lots_of_excl,262,0.0018321369599559577,0.002200172465762207,0.018283083920690595,0.549618320610687,0.45038167938931295,long,0.549618320610687,0.016299331112932466
pre_deal&has_uppercase_phrase,67,-0.0036049197952436668,-0.0013605182241249736,0.017979395753399338,0.44776119402985076,0.5522388059701493,short,0.5522388059701493,0.016295208788356684
has_attack&positive_heavy,459,0.0013935628305280267,0.002304058526975572,0.019037357324374227,0.5359477124183006,0.46405228758169936,long,0.5359477124183006,0.01600130187492679
has_attack&short_posts,295,0.0016551208484561044,0.0021904427023133888,0.01801034880607537,0.5627118644067797,0.43728813559322033,long,0.5627118644067797,0.01599656699755296
pre_tariff&pre_action,22,-0.005723226891886449,-0.0039119804969448,0.025082206468577506,0.4090909090909091,0.5909090909090909,short,0.5909090909090909,0.015862548951806502
pre_deal&has_night_post,161,-0.002390590334635824,-0.0012376777132662165,0.020247587544816387,0.4782608695652174,0.5217391304347826,short,0.5217391304347826,0.015826012606161295
posts_very_high&pre_deal,74,-0.0033196546410302567,-0.0014275036904357608,0.022883105600194995,0.44594594594594594,0.5540540540540541,short,0.5540540540540541,0.015821982552053863
positive_heavy&brag_heavy,36,-0.005230232217185271,2.7098001300907004e-05,0.02189151259545699,0.5,0.5,short,0.5,0.015690696651555813
deal_over_tariff&tariff_streak_3d,20,0.004676554764440949,0.005273439496517707,0.013750837628568656,0.75,0.25,long,0.75,0.015685641530685718
has_deal&short_posts,169,0.0021209778988239268,0.0020875512355247317,0.01945804212498856,0.5680473372781065,0.4319526627218935,long,0.5680473372781065,0.015662606022084382
has_iran&has_all_caps,25,-0.006018834135027546,-0.002197688277392973,0.02667062763001813,0.48,0.52,short,0.52,0.01564896875107162
posts_very_high&china_streak_3d,30,0.004496953357287921,0.005416285754228145,0.017538943312330385,0.6333333333333333,0.36666666666666664,long,0.6333333333333333,0.015599524360956159
posts_very_high&has_market_brag,61,0.003336989772976395,0.004439497247812341,0.027848670931778296,0.5901639344262295,0.4098360655737705,long,0.5901639344262295,0.015381279320395696
has_tariff&brag_heavy,23,-0.006682392707619867,0.001287117202820376,0.02449739547731765,0.5217391304347826,0.4782608695652174,short,0.4782608695652174,0.015327127199214884
tariff_heavy&has_action,20,-0.006214120324079459,-0.0013836505753644923,0.02530802659186478,0.45,0.55,short,0.55,0.015284715011505164
posts_low&has_uppercase_phrase,25,0.004490595279127607,0.0067188930110611,0.016458019021301996,0.68,0.32,long,0.68,0.015268023949033866
pre_deal&lots_of_excl,155,-0.0023130503527471155,-0.00124687877782792,0.02028095599158729,0.47096774193548385,0.5290322580645161,short,0.5290322580645161,0.015234671366820057
posts_low&has_exclamation,120,-0.002635396242038483,-0.001766717362516379,0.01937785209205537,0.475,0.525,short,0.525,0.015156392682152627
pre_deal&exclamation_heavy,164,-0.002278252020013633,-0.0011890420159496595,0.020066727656755372,0.4817073170731707,0.5182926829268293,short,0.5182926829268293,0.015121635511073407
pre_deal&has_exclamation,167,-0.0022535048496734175,-0.0011404063186331026,0.019903544650328748,0.48502994011976047,0.5149700598802395,short,0.5149700598802395,0.014996803902828485
has_market_brag&deal_only,35,0.004207150626877826,0.0033482033603635664,0.017575062339610186,0.6,0.4,long,0.6,0.01493390326087607
has_tariff&positive_heavy,265,-0.0017875020996340279,-0.0013605182241249736,0.018349875073290865,0.4867924528301887,0.5132075471698113,short,0.5132075471698113,0.014933531831444408
has_attack&has_positive,591,0.0011369456921729746,0.0013351091416917704,0.01791118449280851,0.5346869712351946,0.4653130287648054,long,0.5346869712351946,0.014778592107286444
attack_heavy&positive_heavy,258,0.0015993970923171748,0.003138842393530128,0.01925500500659403,0.5697674418604651,0.43023255813953487,long,0.5697674418604651,0.014637394702954809
attack_heavy&pre_action,45,0.0034965280146224895,0.005276898644666295,0.026123123369974494,0.6222222222222222,0.37777777777777777,long,0.6222222222222222,0.01459448540839943
has_action&volume_spike,65,0.0029411681347009553,0.004464300775938845,0.02779581698687366,0.6153846153846154,0.38461538461538464,long,0.6153846153846154,0.01459228035879481
pre_relief&deal_over_tariff,20,-0.006486563943928147,-0.0001482250712623312,0.02732040246641837,0.5,0.5,short,0.5,0.014504397919022473
open_deal&has_all_caps,28,-0.005095174455720267,-0.0023260779620121186,0.025094123096958403,0.4642857142857143,0.5357142857142857,short,0.5357142857142857,0.014443461960347903
posts_very_high&pre_tariff,54,-0.0038999435138245366,0.00047108659095734806,0.024709428577507804,0.5,0.5,short,0.5,0.014329307451820483
short_posts&volume_spike,102,-0.0029319603698420757,0.003036181650386993,0.02793946562405645,0.5196078431372549,0.4803921568627451,short,0.4803921568627451,0.014225059445890153
has_action&has_russia,77,0.0026537837753111615,0.003957816465754105,0.02369762362291498,0.6103896103896104,0.38961038961038963,long,0.6103896103896104,0.01421405625518363
short_posts&deal_over_tariff,129,0.0022943635293576478,0.0012690314523404744,0.021184823061029274,0.5426356589147286,0.4573643410852713,long,0.5426356589147286,0.014140521142043784
pre_tariff&has_uppercase_phrase,55,-0.0032720845878388286,-0.0026843065988430004,0.019859357991898842,0.41818181818181815,0.5818181818181818,short,0.5818181818181818,0.014118649466169808
has_night_post&sig_potus,60,-0.003397684510786353,-0.0024501581164646513,0.01836406848632946,0.4666666666666667,0.5333333333333333,short,0.5333333333333333,0.014036453894338604
has_china&pre_tariff,66,-0.003342313132323017,-0.0013559654874672478,0.024278497937538425,0.48484848484848486,0.5151515151515151,short,0.5151515151515151,0.013987950430433096
pre_deal,168,-0.002087248381932506,-0.0011326819955190248,0.019960527328435142,0.4880952380952381,0.5119047619047619,short,0.5119047619047619,0.013848984954011084
has_deal&pre_deal,168,-0.002087248381932506,-0.0011326819955190248,0.019960527328435142,0.4880952380952381,0.5119047619047619,short,0.5119047619047619,0.013848984954011084
posts_very_high&tariff_only,37,0.0035091713502956065,0.004848472591816089,0.016895270326380187,0.6486486486486487,0.35135135135135137,long,0.6486486486486487,0.013845701190469701
positive_heavy&deal_only,132,0.0024441835503204133,-0.0011105411678368204,0.019789495690442065,0.49242424242424243,0.5075757575757576,long,0.49242424242424243,0.013828026652870723
has_night_post&volume_spike,149,-0.002220664297694134,-0.0012329212002185619,0.02653049506030353,0.4899328859060403,0.5100671140939598,short,0.5100671140939598,0.01382621698845304
deal_heavy&volume_spike,49,-0.0037112427347343415,-0.0014263900369020366,0.02120098589076972,0.46938775510204084,0.5306122448979592,short,0.5306122448979592,0.013784615871870411
sig_potus&exclamation_heavy,60,-0.0033110052216243063,-0.0024501581164646513,0.018413274768257173,0.4666666666666667,0.5333333333333333,short,0.5333333333333333,0.013678365954727186
posts_high&tariff_streak_3d,27,-0.004734845778776418,-0.0013386838067594997,0.01767435933683477,0.4444444444444444,0.5555555555555556,short,0.5555555555555556,0.013668322424739641
has_iran&deal_over_tariff,52,-0.003644893528406882,-0.0012548411170647533,0.02270691317723393,0.4807692307692308,0.5192307692307693,short,0.5192307692307693,0.013647306299134715
positive_heavy&tariff_rising,100,-0.002702698470284335,-6.833218960888843e-05,0.017280235688878407,0.5,0.5,short,0.5,0.013513492351421675
posts_low&volume_spike,41,-0.0043033315939542864,0.0024271844660195274,0.02480753877107464,0.5121951219512195,0.4878048780487805,short,0.4878048780487805,0.013441349673638647
attack_heavy&pre_tariff,62,-0.003254351798168366,-0.0011802066295190095,0.023721035143236775,0.4838709677419355,0.5161290322580645,short,0.5161290322580645,0.013225698933461785
brag_heavy&exclamation_heavy,42,-0.004271776177843425,0.001914203264690828,0.020630129870311806,0.5238095238095238,0.47619047619047616,short,0.47619047619047616,0.013182987490590025
brag_heavy&has_exclamation,42,-0.004271776177843425,0.001914203264690828,0.020630129870311806,0.5238095238095238,0.47619047619047616,short,0.47619047619047616,0.013182987490590025
brag_heavy,42,-0.004271776177843425,0.001914203264690828,0.020630129870311806,0.5238095238095238,0.47619047619047616,short,0.47619047619047616,0.013182987490590025
has_market_brag&brag_heavy,42,-0.004271776177843425,0.001914203264690828,0.020630129870311806,0.5238095238095238,0.47619047619047616,short,0.47619047619047616,0.013182987490590025
posts_high&pre_deal,113,-0.002368998214206525,-0.0012376777132662165,0.02172459857775594,0.4778761061946903,0.5221238938053098,short,0.5221238938053098,0.013148539737878568
attack_heavy,297,0.0013387798064567736,0.002684555154546464,0.0183619483255942,0.569023569023569,0.43097643097643096,long,0.569023569023569,0.013128576314250079
attack_heavy&has_exclamation,297,0.0013387798064567736,0.002684555154546464,0.0183619483255942,0.569023569023569,0.43097643097643096,long,0.569023569023569,0.013128576314250079
has_attack&attack_heavy,297,0.0013387798064567736,0.002684555154546464,0.0183619483255942,0.569023569023569,0.43097643097643096,long,0.569023569023569,0.013128576314250079
posts_very_high&has_action,97,0.0022953487906627813,0.003851149499507711,0.020703312699603158,0.5773195876288659,0.422680412371134,long,0.5773195876288659,0.01305121211656385
deal_heavy&deal_only,58,0.0030066359059426895,0.0018723090217926952,0.017909545467588182,0.5689655172413793,0.43103448275862066,long,0.5689655172413793,0.013028090978670732
short_posts&deal_only,104,0.002497948088280293,0.0011061713474981305,0.019913243592588975,0.5096153846153846,0.49038461538461536,long,0.5096153846153846,0.012982030008507678
attack_heavy&has_positive,294,0.0013238804005706072,0.002691800805354916,0.018450136510053745,0.5680272108843537,0.43197278911564624,long,0.5680272108843537,0.012894115574575897
attack_heavy&exclamation_heavy,296,0.001314672688812515,0.002684555154546464,0.018388335375496022,0.5675675675675675,0.43243243243243246,long,0.5675675675675675,0.012837518046817193
has_attack&has_china,228,0.0014155897154311872,0.002684555154546464,0.019809922380269008,0.5833333333333334,0.4166666666666667,long,0.5833333333333334,0.01246871264307375
has_relief&has_market_brag,23,-0.005977356795120946,0.0026455608950284315,0.03487215695924807,0.5652173913043478,0.43478260869565216,short,0.43478260869565216,0.012463650497447182
has_positive&sig_potus,59,-0.0030880556862707322,-0.002197688277392973,0.018526468998285965,0.4745762711864407,0.5254237288135594,short,0.5254237288135594,0.012462948812155547
posts_high&has_attack,347,0.0012218229588447519,0.00254128932656128,0.019337008474860626,0.547550432276657,0.45244956772334294,long,0.547550432276657,0.012462269682128128
has_market_brag&has_uppercase_phrase,68,0.0026969069167125234,0.0025022494849590293,0.02516825092534858,0.5588235294117647,0.4411764705882353,long,0.5588235294117647,0.012427824089483947
has_iran&pre_tariff,24,-0.005067524167851061,9.636918488764579e-05,0.025527228745544233,0.5,0.5,short,0.5,0.012412848470457032
has_deal&tariff_streak_3d,32,0.0030504550943773433,0.004634415418268589,0.01568327291181956,0.71875,0.28125,long,0.71875,0.012402735526900799
has_positive&brag_heavy,41,-0.004154526526125744,0.00254128932656128,0.020872241994523196,0.5365853658536586,0.4634146341463415,short,0.4634146341463415,0.012327732692570134
posts_low,401,0.0011816989207535011,0.0024999999999999467,0.023014828688563017,0.52,0.48,long,0.52,0.012305021272485388
has_tariff&lots_of_excl,300,-0.001428033580788167,0.0010707136486519664,0.018438940480308065,0.5033333333333333,0.49666666666666665,short,0.49666666666666665,0.012284686026970115
has_attack&has_market_brag,131,0.0019771656968796325,0.0025871952302365386,0.023776007147918426,0.5419847328244275,0.4580152671755725,long,0.5419847328244275,0.01226494959938896
brag_heavy&lots_of_excl,41,-0.00409345710231033,0.00254128932656128,0.020853618972660082,0.5365853658536586,0.4634146341463415,short,0.4634146341463415,0.0121465213011513
sig_potus&has_exclamation,62,-0.002984291767250728,-0.0017681860420762363,0.01820420649042102,0.4838709677419355,0.5161290322580645,short,0.5161290322580645,0.012128173870286892
sig_potus,62,-0.002984291767250728,-0.0017681860420762363,0.01820420649042102,0.4838709677419355,0.5161290322580645,short,0.5161290322580645,0.012128173870286892
has_tariff&has_all_caps,80,0.0021681447127191835,0.004593514751354388,0.01957455840651144,0.625,0.375,long,0.625,0.01212029740674212
has_iran&pre_deal,38,-0.00414067981626749,0.0019280470263016714,0.02440225797720848,0.5263157894736842,0.47368421052631576,short,0.47368421052631576,0.012090725356362783
has_attack&brag_heavy,33,-0.004618099209980579,0.00254128932656128,0.02295596580705998,0.5454545454545454,0.45454545454545453,short,0.45454545454545453,0.012058618281664185
has_action&has_market_brag,39,0.003963227131982053,-0.001428617343969485,0.03308786270093515,0.48717948717948717,0.5128205128205128,long,0.48717948717948717,0.012057860631335814
has_deal&has_relief,49,-0.003363137829715437,-0.0014263900369020366,0.028864157471885043,0.4897959183673469,0.5102040816326531,short,0.5102040816326531,0.012011206534697989
attack_heavy&lots_of_excl,294,0.0012338050163869698,0.0026358751923915014,0.018420762489478822,0.564625850340136,0.43537414965986393,long,0.564625850340136,0.01194485698930705
posts_high&deal_only,107,0.0023753118666436927,-0.001124957672404947,0.020440976275553864,0.48598130841121495,0.514018691588785,long,0.48598130841121495,0.011940763402607652
attack_heavy&pre_deal,89,-0.002559165548873182,0.001164140523707724,0.020829198854508024,0.5056179775280899,0.4943820224719101,short,0.4943820224719101,0.011935924248119895
has_all_caps&tariff_rising,29,0.0033652404835625743,0.004390765271960806,0.01437235129412147,0.6551724137931034,0.3448275862068966,long,0.6551724137931034,0.011873279923202898
posts_very_high&pre_action,44,0.0029165352789200668,0.005202485765601672,0.026786983614393592,0.6136363636363636,0.38636363636363635,long,0.6136363636363636,0.011871474391651576
lots_of_excl&short_posts,363,0.0011360979055164099,0.0013832412601997301,0.017614873484707614,0.5482093663911846,0.45179063360881544,long,0.5482093663911846,0.011866305443959833
has_deal&has_russia,133,0.0018999163618468552,0.002293585932724218,0.02103137631389365,0.5413533834586466,0.45864661654135336,long,0.5413533834586466,0.011861542214059705
posts_high&attack_heavy,243,0.0013395863297539857,0.002743341371341801,0.01919105542408119,0.5679012345679012,0.43209876543209874,long,0.5679012345679012,0.011858961430655164
posts_low&has_night_post,92,-0.0023656957281752407,-0.0021848201210660223,0.018624554790625403,0.4782608695652174,0.5217391304347826,short,0.5217391304347826,0.011838759806346843
sig_potus&lots_of_excl,57,-0.0029788345953985895,-0.002197688277392973,0.018236590907559663,0.47368421052631576,0.5263157894736842,short,0.5263157894736842,0.011836688423850569
posts_high&deal_over_tariff,151,0.0018627476576274441,0.0012690314523404744,0.020483892399691186,0.5165562913907285,0.48344370860927155,long,0.5165562913907285,0.011823883853965756
has_russia&sig_potus,36,-0.0037287678525329796,-0.0029622223510543666,0.0211212032544777,0.4722222222222222,0.5277777777777778,short,0.5277777777777778,0.011807764866354436
has_relief&attack_heavy,50,-0.0033242312538850037,0.0007866607806629733,0.026366440345217675,0.5,0.5,short,0.5,0.01175293230927173
deal_heavy&open_tariff,25,-0.0045042020618218095,-0.001428617343969485,0.024570805966968645,0.48,0.52,short,0.52,0.011710925360736705
attack_heavy&has_night_post,283,0.0012375176817900288,0.002684555154546464,0.018622097967075778,0.5618374558303887,0.4381625441696113,long,0.5618374558303887,0.011696483687145341
has_relief&has_uppercase_phrase,40,-0.0033317755883020494,-0.0014124823847022627,0.023878460734595475,0.45,0.55,short,0.55,0.011589599462740125
exclamation_heavy&short_posts,410,0.0010433219715450894,0.0013268744493346585,0.01763187317232577,0.5463414634146342,0.45365853658536587,long,0.5463414634146342,0.011541823889454723
has_deal&has_all_caps,91,0.0021250475092987964,0.00254128932656128,0.022189219293331043,0.5604395604395604,0.43956043956043955,long,0.5604395604395604,0.011361040914689199
attack_heavy&brag_heavy,26,-0.004406878026892922,0.0006541840631713591,0.024329154989870077,0.5,0.5,short,0.5,0.011235378526575138
has_attack&sig_potus,52,-0.0030796352945319963,-0.000780459812754819,0.01903255472820669,0.5,0.5,short,0.5,0.011103782964163757
has_attack&pre_deal,125,-0.0019083667079520517,-0.00124687877782792,0.021253692216105007,0.48,0.52,short,0.52,0.011094817980943519
has_attack&china_streak_3d,62,0.0023458116032367767,0.003555223283297604,0.016706966982348158,0.5967741935483871,0.4032258064516129,long,0.5967741935483871,0.011022979746594873
has_all_caps&tariff_only,30,0.0031597957289111376,0.005145282563009168,0.017736812205879023,0.6333333333333333,0.36666666666666664,long,0.6333333333333333,0.01096104551960969
has_china&pre_action,45,0.002613402231233788,0.005276898644666295,0.02671619255770356,0.6222222222222222,0.37777777777777777,long,0.6222222222222222,0.010908324077631633
has_all_caps&has_uppercase_phrase,133,0.0016534173265995598,0.003420690500700818,0.019947143237298008,0.5714285714285714,0.42857142857142855,long,0.5714285714285714,0.010896079322355812
deal_heavy&has_iran,40,-0.003811083304133525,0.003878662474142369,0.0235532807474465,0.55,0.45,short,0.45,0.010846533234331926
has_tariff&deal_heavy,86,-0.002393210618435792,0.001143693141323121,0.01951170963118257,0.5116279069767442,0.4883720930232558,short,0.4883720930232558,0.010838794589525589
exclamation_heavy&tariff_rising,115,-0.0019969870373583243,-0.001009000508228497,0.01661753312890572,0.4956521739130435,0.5043478260869565,short,0.5043478260869565,0.010800760083115256
has_tariff&has_relief,44,-0.0032503579622980864,0.0012773813489837527,0.02923669949725615,0.5,0.5,short,0.5,0.010780217795286895
posts_low&has_attack,29,-0.0036269863171948667,-0.0032292895942521715,0.014803379664564657,0.4482758620689655,0.5517241379310345,short,0.5517241379310345,0.01077623121176065
short_posts&china_streak_3d,44,0.002843118601679386,0.0019099675420538587,0.015166030813021454,0.5681818181818182,0.4318181818181818,long,0.5681818181818182,0.010715406404830036
deal_heavy&short_posts,65,0.0020786637873801152,0.003957816465754105,0.020937690582899387,0.6307692307692307,0.36923076923076925,long,0.6307692307692307,0.010570886957883547
posts_low&has_positive,84,-0.0021459104478512635,-0.002262310298248471,0.017612636587609344,0.4642857142857143,0.5357142857142857,short,0.5357142857142857,0.010536211137723215
high_emotion&volume_spike,24,-0.0036755068971718826,-0.006290709070036982,0.022287294589336593,0.4166666666666667,0.5833333333333334,short,0.5833333333333334,0.01050363585150991
has_exclamation&tariff_rising,118,-0.001933140612048059,3.0305881131453827e-05,0.016419338165897312,0.5,0.5,short,0.5,0.01049964106365125
has_positive&tariff_rising,118,-0.001933140612048059,3.0305881131453827e-05,0.016419338165897312,0.5,0.5,short,0.5,0.01049964106365125
tariff_rising,118,-0.001933140612048059,3.0305881131453827e-05,0.016419338165897312,0.5,0.5,short,0.5,0.01049964106365125
has_tariff&tariff_rising,118,-0.001933140612048059,3.0305881131453827e-05,0.016419338165897312,0.5,0.5,short,0.5,0.01049964106365125
has_night_post&tariff_rising,104,-0.002055774643049326,3.0305881131453827e-05,0.016788076634177713,0.5,0.5,short,0.5,0.010482435020457754
has_relief&has_action,30,-0.004099341592844685,0.0033815848675682325,0.02590158089425768,0.5333333333333333,0.4666666666666667,short,0.4666666666666667,0.010478075352827564
has_attack&tariff_streak_3d,50,-0.0029527761643817273,0.00016305431673163673,0.015814076201203817,0.5,0.5,short,0.5,0.010439640245801615
open_tariff&has_uppercase_phrase,26,-0.004427786634044554,0.0024728155805119334,0.024154827987993826,0.5384615384615384,0.46153846153846156,short,0.46153846153846156,0.010420324822623922
has_tariff&volume_spike,81,-0.0022854387828515625,-0.0012062766497091815,0.023592631243580048,0.49382716049382713,0.5061728395061729,short,0.5061728395061729,0.010411443344101563
has_tariff&has_positive,321,-0.0011877683003214887,0.0010718150268125282,0.018250634597436134,0.5109034267912772,0.48909657320872274,short,0.48909657320872274,0.010408277596434102
posts_very_high&volume_spike,93,-0.0021761650715590598,0.002293585932724218,0.02618768794805099,0.5053763440860215,0.4946236559139785,short,0.4946236559139785,0.010380259071245092
has_attack&has_uppercase_phrase,218,0.00127920115545146,0.0013682196952463643,0.0195012757813212,0.5412844036697247,0.45871559633027525,long,0.5412844036697247,0.010223335269747969
high_emotion&short_posts,62,-0.002588667801850788,-0.0008669849630503212,0.019088447034416315,0.5,0.5,short,0.5,0.010191595327486975
has_russia&open_deal,32,-0.0036024046046806146,-6.405499199002573e-05,0.02571104794354671,0.5,0.5,short,0.5,0.010189138898189226
has_positive&short_posts,424,0.0009122488238573591,0.0012938122814049047,0.01738043829043766,0.5400943396226415,0.45990566037735847,long,0.5400943396226415,0.010145322714715759
has_action&pre_tariff,38,-0.003471451650070798,0.0010806079059045848,0.021028545064757643,0.5263157894736842,0.47368421052631576,short,0.47368421052631576,0.010136588761101876
attack_heavy&has_market_brag,76,0.0020542670582389165,0.004415131259886573,0.025960382320674137,0.5657894736842105,0.4342105263157895,long,0.5657894736842105,0.010132545471738023
has_china&sig_potus,28,-0.004867978157097148,0.003052622827623641,0.02261821840613253,0.6071428571428571,0.39285714285714285,short,0.39285714285714285,0.01011957539322209
brag_heavy&has_night_post,38,-0.0036465036750407396,0.0025608764559913455,0.021003554866622687,0.5526315789473685,0.4473684210526316,short,0.4473684210526316,0.01005619714150217
has_uppercase_phrase&short_posts,160,0.0013922991695462475,0.0025396179488521575,0.02057383971148547,0.56875,0.43125,long,0.56875,0.01001645317428912
lots_of_excl&tariff_rising,108,-0.0019258990624667976,3.0305881131453827e-05,0.0166764481835385,0.5,0.5,short,0.5,0.010007265079325282
attack_heavy&tariff_only,54,0.0021626718171126706,0.0043734853266297335,0.01602737465603551,0.6296296296296297,0.37037037037037035,long,0.6296296296296297,0.010006280151267071
attack_heavy&deal_only,77,0.0020806810048076287,0.002209902229211025,0.018425736023461422,0.5454545454545454,0.45454545454545453,long,0.5454545454545454,0.009958855482932835
pre_deal&open_deal,29,-0.0035656479038141224,-0.0014263900369020366,0.02667831286039952,0.4827586206896552,0.5172413793103449,short,0.5172413793103449,0.009931862899785895
posts_very_high&attack_heavy,164,0.001337526697910598,0.0038461519193024873,0.020399578109712296,0.573170731707317,0.4268292682926829,long,0.573170731707317,0.009817669073839732
has_deal&has_market_brag,78,0.001837899085945237,0.0036693408000204597,0.023072778432631256,0.6025641025641025,0.3974358974358974,long,0.6025641025641025,0.009780751352628342
deal_heavy&has_china,80,-0.0022302086128031307,0.0011578545293886577,0.020268635055658357,0.5125,0.4875,short,0.4875,0.009724451221354952
attack_heavy&tariff_streak_3d,23,-0.004237106252760443,0.0013351091416917704,0.017340594991857437,0.5217391304347826,0.4782608695652174,short,0.4782608695652174,0.009718475003511026
has_tariff,324,-0.001114101249401701,0.001153500752605563,0.018182167235862242,0.5154320987654321,0.4845679012345679,short,0.4845679012345679,0.009717438675337059
has_tariff&has_exclamation,324,-0.001114101249401701,0.001153500752605563,0.018182167235862242,0.5154320987654321,0.4845679012345679,short,0.4845679012345679,0.009717438675337059
posts_very_high&has_iran,53,-0.002619458937276178,-0.001302019687435707,0.020564305022224772,0.49056603773584906,0.5094339622641509,short,0.5094339622641509,0.009714879635346615
has_uppercase_phrase&volume_drop,31,0.003148296088471465,0.0012819885129646824,0.015211642009119558,0.5483870967741935,0.45161290322580644,long,0.5483870967741935,0.009612661387273735
posts_high&has_market_brag,105,0.0017538427972002737,0.0025871952302365386,0.023340114846577092,0.5333333333333333,0.4666666666666667,long,0.5333333333333333,0.009584821756876836
has_action&has_china,87,0.0016547846557197496,0.004439497247812341,0.02194584601163059,0.6206896551724138,0.3793103448275862,long,0.6206896551724138,0.009580223008013698
has_tariff&has_market_brag,79,-0.0021432126419279763,0.0010696122704914046,0.02327875844684798,0.5063291139240507,0.4936708860759494,short,0.4936708860759494,0.009404080188924973
has_action&china_streak_3d,23,0.0027834949580895713,0.005161396652046957,0.015868537586084152,0.6956521739130435,0.30434782608695654,long,0.6956521739130435,0.0092863811234699
has_action&open_tariff,25,0.0025504746812479604,0.006105078078581405,0.02542949578035025,0.72,0.28,long,0.72,0.009181708852492658
deal_only,184,0.0013625031916419492,-0.0011105411678368204,0.019101107428630016,0.4945652173913043,0.5054347826086957,long,0.4945652173913043,0.009140501180855574
has_deal&deal_only,184,0.0013625031916419492,-0.0011105411678368204,0.019101107428630016,0.4945652173913043,0.5054347826086957,long,0.4945652173913043,0.009140501180855574
deal_over_tariff&deal_only,184,0.0013625031916419492,-0.0011105411678368204,0.019101107428630016,0.4945652173913043,0.5054347826086957,long,0.4945652173913043,0.009140501180855574
attack_heavy&has_russia,148,0.00131906787962612,0.002514565338405883,0.018755937115087832,0.5608108108108109,0.4391891891891892,long,0.5608108108108109,0.0089994170792987
has_russia&pre_deal,67,-0.002101003944236491,-0.00124687877782792,0.020691496434422064,0.47761194029850745,0.5223880597014925,short,0.5223880597014925,0.00898374695602222
posts_high&has_russia,169,0.0012372749592962982,0.002684555154546464,0.01927945688806967,0.5562130177514792,0.4437869822485207,long,0.5562130177514792,0.008946449705680924
has_tariff&has_night_post,288,-0.001080314829978348,0.001153500752605563,0.01784978553518731,0.5138888888888888,0.4861111111111111,short,0.4861111111111111,0.008912142657764289
has_all_caps&china_streak_3d,20,0.0032965742104776484,0.004882566173875058,0.013474841444872526,0.6,0.4,long,0.6,0.008845636833000865
has_deal&volume_spike,86,-0.0017679277721045236,-0.0014275036904357608,0.02485252107283254,0.46511627906976744,0.5348837209302325,short,0.5348837209302325,0.008769465506512733
has_market_brag&deal_over_tariff,50,0.0021358954189544675,0.0033903547558137292,0.0220608523997772,0.58,0.42,long,0.58,0.008759775580958319
has_china&volume_spike,77,-0.0020216486880138226,0.002293585932724218,0.02617770561941089,0.5064935064935064,0.4935064935064935,short,0.4935064935064935,0.008754753495627187
has_all_caps&deal_only,41,0.002798088248682681,-0.0011404063186331026,0.024072426159082096,0.4878048780487805,0.5121951219512195,long,0.4878048780487805,0.008739759357861516
posts_high&china_streak_3d,50,0.0020538464632700103,0.003935707128939425,0.01846824193219231,0.6,0.4,long,0.6,0.008713732570165389
has_market_brag&has_russia,54,0.0023593696912945976,4.615876575669864e-05,0.02352869172480953,0.5,0.5,long,0.5,0.008668877787389445
has_market_brag&has_night_post,152,0.0013167113824611822,0.0012554918518075109,0.02242979280834754,0.5328947368421053,0.46710526315789475,long,0.5328947368421053,0.008650751063117112
has_attack&deal_only,131,0.0015696951671165364,-0.0011404063186331026,0.019928656558390285,0.48091603053435117,0.5190839694656488,long,0.48091603053435117,0.008640128921954947
short_posts&tariff_streak_3d,26,-0.003140955882487353,-0.002465666116527987,0.013199758403340337,0.46153846153846156,0.5384615384615384,short,0.5384615384615384,0.008623889796381493
lots_of_excl&deal_only,163,0.0014031070372774656,-0.0011404063186331026,0.019057598825825858,0.4785276073619632,0.5214723926380368,long,0.4785276073619632,0.008572186345313896
deal_heavy&pre_deal,93,-0.0017966967281449467,0.0010183548303057677,0.01995981747791357,0.5053763440860215,0.4946236559139785,short,0.4946236559139785,0.008570203498965957
posts_high&short_posts,236,0.0010498502848205616,0.0012788094900733071,0.018983795436921004,0.5254237288135594,0.4745762711864407,long,0.5254237288135594,0.008474089646969194
has_attack&has_iran,87,0.0015680438543658002,0.003722077188290207,0.022340346602160575,0.5747126436781609,0.42528735632183906,long,0.5747126436781609,0.00840559735720472
has_deal&has_china,153,-0.0013695255952661414,0.0012033656240155732,0.020687683531468756,0.5098039215686274,0.49019607843137253,short,0.49019607843137253,0.008303968656278238
pre_deal&china_streak_3d,20,-0.0037068235421246153,-0.0019492721482941011,0.024891215368215796,0.5,0.5,short,0.5,0.008288709420787195
attack_heavy&has_uppercase_phrase,146,0.0012352699441727111,0.00231908072749476,0.0193325774962025,0.5547945205479452,0.4452054794520548,long,0.5547945205479452,0.008280765106467919
has_attack&volume_drop,77,0.0017992109076824638,0.0012033656240155732,0.013868078082348793,0.5194805194805194,0.4805194805194805,long,0.5194805194805194,0.00820156448847848
has_tariff&has_deal,163,-0.0013447114881033734,0.0012238665007946459,0.019556477181435418,0.5276073619631901,0.4723926380368098,short,0.4723926380368098,0.008110096804623844
has_attack&pre_action,60,0.0018451161390626507,0.004327501873004458,0.024035147088526675,0.5666666666666667,0.43333333333333335,long,0.5666666666666667,0.008098917955529264
sig_potus&has_uppercase_phrase,30,-0.0029550141276290633,-9.848773836640401e-05,0.021793312094048955,0.5,0.5,short,0.5,0.008092639477244439
has_china&open_deal,42,-0.0027586339998550585,0.0012880689135856827,0.020917590286373425,0.5476190476190477,0.4523809523809524,short,0.4523809523809524,0.00808766288244225
has_china&lots_of_excl,273,0.0008640016269724715,0.0024632096433567785,0.019133013289635983,0.5567765567765568,0.4432234432234432,long,0.5567765567765568,0.007948347108298575
has_relief&has_attack,75,-0.0017608396852889403,-0.001322617750562749,0.026349873661768972,0.48,0.52,short,0.52,0.007929645877150497
volume_spike,172,-0.0012369631468445849,0.00231908072749476,0.025639424126934558,0.5116279069767442,0.4883720930232558,short,0.4883720930232558,0.007922674680812593
has_relief&has_all_caps,26,-0.002880284285202458,-0.0025356235351916,0.028709294273208508,0.46153846153846156,0.5384615384615384,short,0.5384615384615384,0.007908183109584141
pre_deal&deal_over_tariff,122,-0.001384674523365575,-0.0011326819955190248,0.018534881605306683,0.48360655737704916,0.5163934426229508,short,0.5163934426229508,0.00789784008293518
has_relief&lots_of_excl,87,-0.0017080666842078077,0.0011299398943773742,0.025155208242757472,0.5057471264367817,0.4942528735632184,short,0.4942528735632184,0.007874330720655486
open_tariff&has_all_caps,24,0.002264276907668441,0.006928527990852529,0.02492761448858315,0.7083333333333334,0.2916666666666667,long,0.7083333333333334,0.007857291001885766
has_night_post&deal_only,165,0.0012766340463331819,-0.0011506081828234205,0.019330564920482095,0.47878787878787876,0.5212121212121212,long,0.47878787878787876,0.007851480231493176
has_exclamation&deal_only,182,0.0011814442753660637,-0.0011180325870159824,0.019109480087617897,0.489010989010989,0.510989010989011,long,0.489010989010989,0.007794128379915555
sig_potus&short_posts,29,-0.002994322256077783,0.0012033656240155732,0.022190509200337282,0.5172413793103449,0.4827586206896552,short,0.4827586206896552,0.007784443575348116
has_attack&deal_over_tariff,179,0.0011504864280120386,0.0012033656240155732,0.020069091525495898,0.5027932960893855,0.4972067039106145,long,0.5027932960893855,0.007739225370279193
has_tariff&exclamation_heavy,313,-0.0008947602955180468,0.0011428609815034019,0.01763791720810287,0.5111821086261981,0.48881789137380194,short,0.48881789137380194,0.007737950840859475
lots_of_excl&tariff_only,145,-0.0012697944641532725,-0.001009000508228497,0.016872049455887488,0.496551724137931,0.503448275862069,short,0.503448275862069,0.007697900413159873
open_deal&has_night_post,74,-0.0016932811641826133,-0.0017966088374912759,0.020854678744829186,0.47297297297297297,0.527027027027027,short,0.527027027027027,0.0076767575455589515
has_tariff&has_russia,117,0.0012919261021861193,0.0024632096433567785,0.01860198907080297,0.5470085470085471,0.452991452991453,long,0.5470085470085471,0.007644071065505449
posts_low&short_posts,116,-0.0013706788881218048,-0.0016549561271600455,0.01857225428449533,0.4827586206896552,0.5172413793103449,short,0.5172413793103449,0.007635860389857719
attack_heavy&china_streak_3d,39,0.0019855152689401,0.002743341371341801,0.012386399504502316,0.6153846153846154,0.38461538461538464,long,0.6153846153846154,0.007630485464812544
has_action&positive_heavy,149,0.001194099438553118,0.0012819885129646824,0.022933036121250673,0.5234899328859061,0.47651006711409394,long,0.5234899328859061,0.007630306135425315
pre_action&has_uppercase_phrase,43,-0.002363861994302553,0.002537946571143035,0.029926147113848094,0.5116279069767442,0.4883720930232558,short,0.4883720930232558,0.007570197066489099
attack_heavy&deal_over_tariff,112,0.001312550399643106,0.0014318612409012221,0.019599969097233255,0.5446428571428571,0.45535714285714285,long,0.5446428571428571,0.007565485656512145
has_tariff&short_posts,137,0.0010739716048259282,0.004310214403904,0.017339856415525916,0.5985401459854015,0.40145985401459855,long,0.5985401459854015,0.007523958090977806
has_deal&tariff_rising,61,-0.0020749866301668068,0.002304058526975572,0.017539755782389675,0.5409836065573771,0.45901639344262296,short,0.45901639344262296,0.007438894792812892
has_iran&exclamation_heavy,115,0.001255954307872451,0.002580463585421411,0.02154709498887517,0.5478260869565217,0.45217391304347826,long,0.5478260869565217,0.007378455615433533
pre_action&deal_over_tariff,30,0.002013937674228139,0.004932789524619063,0.0251823291366761,0.6666666666666666,0.3333333333333333,long,0.6666666666666666,0.007353860623894948
posts_very_high&sig_potus,29,-0.003034180670563977,0.0012033656240155732,0.02169056798677754,0.5517241379310345,0.4482758620689655,short,0.4482758620689655,0.007324631674238473
tariff_only&tariff_rising,57,-0.0017813404873946624,-0.0013386838067594997,0.015283892735408857,0.45614035087719296,0.543859649122807,short,0.543859649122807,0.007314273654963164
posts_high&tariff_rising,56,-0.0020865745866833446,0.002612922240553872,0.018242477761802108,0.5357142857142857,0.4642857142857143,short,0.4642857142857143,0.007249586699938626
has_night_post&lots_of_excl,682,0.0005348091886578701,0.0011689267462952069,0.017782912046782326,0.5146627565982405,0.48533724340175954,long,0.5146627565982405,0.00718809468962336
has_exclamation&volume_spike,149,-0.0012143739092378156,0.002344575522265302,0.026536991670440345,0.5167785234899329,0.48322147651006714,short,0.48322147651006714,0.007162947863230396
positive_heavy&tariff_streak_3d,55,-0.0018904541391327862,-0.0012343649183683691,0.01579993425552767,0.4909090909090909,0.509090909090909,short,0.509090909090909,0.00713744595533979
has_tariff&open_deal,38,-0.0023034349485748637,1.1466075385158092e-05,0.022166933660527206,0.5,0.5,short,0.5,0.007099663325961506
has_tariff&pre_action,43,-0.0021138252841330536,-0.0012771951473450338,0.02110155763601113,0.4883720930232558,0.5116279069767442,short,0.5116279069767442,0.007091817342790455
deal_over_tariff&china_streak_3d,26,-0.0027732480018645444,-0.0006786643106529988,0.022555692544664826,0.5,0.5,short,0.5,0.007070422838769756
has_china&tariff_streak_3d,27,-0.0026158045204149596,-0.004504595146995971,0.01726352444572656,0.48148148148148145,0.5185185185185185,short,0.5185185185185185,0.007047765405375411
exclamation_heavy&lots_of_excl,736,0.0005048687371915143,0.0011422846557650468,0.01752162709815975,0.5135869565217391,0.48641304347826086,long,0.5135869565217391,0.007034469833125621
high_emotion,70,-0.0016651788878009064,-0.0005138488059971968,0.01891986085097181,0.5,0.5,short,0.5,0.006965943062257444
positive_heavy&deal_over_tariff,187,0.0010338952885759565,-0.0011111075016270178,0.020352025591638238,0.4919786096256685,0.5080213903743316,long,0.4919786096256685,0.006955743848529143
has_tariff&tariff_streak_3d,40,-0.002195093816262672,0.00019978391144553909,0.01639765431994938,0.5,0.5,short,0.5,0.006941496137141201
tariff_streak_3d&tariff_rising,40,-0.002195093816262672,0.00019978391144553909,0.01639765431994938,0.5,0.5,short,0.5,0.006941496137141201
deal_heavy&uppercase_phrase_heavy,20,-0.003847566342021963,0.0019953057571168165,0.027968319538629792,0.6,0.4,short,0.4,0.006882735910961052
posts_high&brag_heavy,30,-0.002881230537844807,0.0032237323876691537,0.022739924054902994,0.5666666666666667,0.43333333333333335,short,0.43333333333333335,0.006838498155451487
has_russia&deal_only,66,0.0016332048437502607,0.0012152236271834038,0.02077092193853035,0.5151515151515151,0.48484848484848486,long,0.5151515151515151,0.006835143055924183
posts_high&has_action,133,0.0011089434502824372,0.0012819885129646824,0.02074546145146742,0.5338345864661654,0.46616541353383456,long,0.5338345864661654,0.0068271890417864745
posts_low&high_emotion,59,-0.0016792014421542654,-0.0030210871289210184,0.019994790981850204,0.4745762711864407,0.5254237288135594,short,0.5254237288135594,0.0067770156192162746
open_deal&lots_of_excl,76,-0.0014725985359618134,-0.0014275036904357608,0.020410905762684207,0.47368421052631576,0.5263157894736842,short,0.5263157894736842,0.006756745476487886
deal_heavy&has_attack,112,0.0011128433453700215,0.0031962194130344956,0.01974840903777655,0.5714285714285714,0.42857142857142855,long,0.5714285714285714,0.00672984397719369
exclamation_heavy&deal_only,175,0.0010465530486758385,-0.0011404063186331026,0.018938385404261817,0.48,0.52,long,0.48,0.006645405841518586
short_posts,525,0.0005410510962445905,0.0012819885129646824,0.017889597561110783,0.5333333333333333,0.4666666666666667,long,0.5333333333333333,0.006611753609012462
has_relief&positive_heavy,84,-0.0014730954470250925,0.0018877503947029028,0.025595296878768617,0.5119047619047619,0.4880952380952381,short,0.4880952380952381,0.0065898435016042665
has_positive&pre_action,80,-0.0014003772738530984,-0.0013133591877133588,0.023580581419954744,0.475,0.525,short,0.525,0.006575811434810871
has_market_brag&lots_of_excl,160,0.0009986404387754672,0.0011350973399499864,0.02202882336744117,0.51875,0.48125,long,0.51875,0.006552805076416848
has_deal&brag_heavy,24,-0.0031987854335257756,0.0029643334728924886,0.024438568003598327,0.5833333333333334,0.4166666666666667,short,0.4166666666666667,0.0065294934239880234
has_positive&tariff_only,158,-0.001025858555964228,-0.001121682713298433,0.016858613224140413,0.4936708860759494,0.5063291139240507,short,0.5063291139240507,0.0065290339738507
pre_deal&pre_action,32,-0.002161531147697505,-0.0013320338750841265,0.021017033489186474,0.46875,0.53125,short,0.53125,0.0064958416622020974
has_action&lots_of_excl,173,0.0009681257596324037,0.0011417083300266917,0.0215143043746967,0.5086705202312138,0.4913294797687861,long,0.5086705202312138,0.006477260988590088
posts_high&sig_potus,41,-0.0021677337649746373,0.0012033656240155732,0.020360259272974884,0.5365853658536586,0.4634146341463415,short,0.4634146341463415,0.00643231960013177
has_uppercase_phrase,296,0.0007210821704277415,0.001228444404926865,0.01900527728164036,0.5168918918918919,0.4831081081081081,long,0.5168918918918919,0.006412543623415732
has_tariff&deal_over_tariff,59,-0.0017546086951691646,0.0012690314523404744,0.02086611107332402,0.5254237288135594,0.4745762711864407,short,0.4745762711864407,0.006396056666203621
has_exclamation&short_posts,472,0.0005485463657643538,0.0012788094900733071,0.017792227150551048,0.5360169491525424,0.4639830508474576,long,0.5360169491525424,0.00638796994244738
has_china&china_streak_3d,49,-0.001935043878572145,0.0012299521392651336,0.01714090808552038,0.5306122448979592,0.46938775510204084,short,0.46938775510204084,0.006358001315308477
has_exclamation&exclamation_heavy,813,0.0004343511838271163,0.0011299398943773742,0.017501057058999802,0.5129151291512916,0.4870848708487085,long,0.5129151291512916,0.0063523115752384006
exclamation_heavy,813,0.0004343511838271163,0.0011299398943773742,0.017501057058999802,0.5129151291512916,0.4870848708487085,long,0.5129151291512916,0.0063523115752384006
has_action&has_uppercase_phrase,91,0.0012288231493485608,0.0012756304671819318,0.026268014801166212,0.5384615384615384,0.46153846153846156,long,0.5384615384615384,0.006311967704927351
positive_heavy&tariff_only,124,-0.0011154202432382204,-0.0012928888345889455,0.015623752386585166,0.49193548387096775,0.5080645161290323,short,0.5080645161290323,0.006310564774717747
deal_heavy&tariff_rising,36,-0.00235365748186984,0.003351155481126522,0.018496346732979063,0.5555555555555556,0.4444444444444444,short,0.4444444444444444,0.006276419951652907
has_deal&open_tariff,40,-0.0020876692994074046,0.002645209592331277,0.022521911793004057,0.525,0.475,short,0.475,0.006271700487968637
has_action&short_posts,103,0.0010586615727953307,0.002537946571143035,0.022762117357273386,0.5825242718446602,0.4174757281553398,long,0.5825242718446602,0.00625878146005619
has_night_post&short_posts,441,0.0005443812910856974,0.0013005073599894335,0.018449571354932554,0.5419501133786848,0.4580498866213152,long,0.5419501133786848,0.006195577550927698
tariff_streak_3d,72,-0.0014527615665240268,4.5499376003010905e-05,0.015182897335858755,0.5,0.5,short,0.5,0.006163545330817985
has_exclamation&tariff_streak_3d,72,-0.0014527615665240268,4.5499376003010905e-05,0.015182897335858755,0.5,0.5,short,0.5,0.006163545330817985
deal_heavy&china_streak_3d,20,-0.0025002227943434984,-0.005683749996335807,0.022541621033763354,0.45,0.55,short,0.55,0.006149734939751193
attack_heavy&open_deal,45,-0.0017896596450503789,-0.0014263900369020366,0.02119933537701628,0.4888888888888889,0.5111111111111111,short,0.5111111111111111,0.006136094288478547
positive_heavy&has_market_brag,140,0.0009924337061946865,0.0012136859941714873,0.023196313692205577,0.5214285714285715,0.4785714285714286,long,0.5214285714285715,0.006122944856082939
pre_action&exclamation_heavy,80,-0.001322951970466836,-0.0012574364303056251,0.023588577716052418,0.4875,0.5125,short,0.5125,0.006064331600708835
has_iran&has_russia,57,0.0014761852776886744,0.0028569942863594378,0.02445626331614149,0.543859649122807,0.45614035087719296,long,0.543859649122807,0.006061291012497258
attack_heavy&sig_potus,30,-0.0025500788697265836,0.0023120280623581957,0.02250431404158325,0.5666666666666667,0.43333333333333335,short,0.43333333333333335,0.00605252145492162
has_market_brag&has_exclamation,170,0.000888116500712153,0.0011350973399499864,0.021700914865208625,0.5176470588235295,0.4823529411764706,long,0.5176470588235295,0.005994157506161987
has_market_brag,170,0.000888116500712153,0.0011350973399499864,0.021700914865208625,0.5176470588235295,0.4823529411764706,long,0.5176470588235295,0.005994157506161987
pre_tariff&tariff_only,61,-0.001451431543111506,-0.001351412750809522,0.012858875581234882,0.47540983606557374,0.5245901639344263,short,0.5245901639344263,0.005946776518917947
posts_very_high&open_deal,44,-0.001683852675846627,-0.0014275036904357608,0.023582283137882156,0.4772727272727273,0.5227272727272727,short,0.5227272727272727,0.005838557870201889
open_deal&exclamation_heavy,80,-0.001271188220206311,-0.0012687487692645272,0.020112036906943343,0.4875,0.5125,short,0.5125,0.00582704970878548
positive_heavy&all_caps_heavy,22,0.0017017094629956477,0.005214759475033026,0.030622364574287485,0.7272727272727273,0.2727272727272727,long,0.7272727272727273,0.0058048908246366914
has_russia&deal_over_tariff,93,0.0011373302195616314,0.0014493221876723528,0.022129787931853946,0.5268817204301075,0.4731182795698925,long,0.5268817204301075,0.005778846843348546
exclamation_heavy&volume_drop,115,0.0010832766852680073,-0.0013495232280816838,0.014394113424764928,0.4956521739130435,0.5043478260869565,long,0.4956521739130435,0.005757916090702161
positive_heavy&has_night_post,563,0.0004723003479206903,0.0012299521392651336,0.018760041200441325,0.5115452930728241,0.48845470692717585,long,0.5115452930728241,0.005732664897090564
has_action&has_all_caps,54,0.0013142251074734974,0.0039169176781432835,0.025779358811437156,0.5925925925925926,0.4074074074074074,long,0.5925925925925926,0.005722988303047913
has_china&tariff_rising,54,-0.0018195014811479065,0.0034326263087315345,0.017628782250944487,0.5740740740740741,0.42592592592592593,short,0.42592592592592593,0.005694864163675763
has_night_post&volume_drop,123,0.001106738125783845,-0.002159834460449872,0.01461121228148116,0.4634146341463415,0.5365853658536586,long,0.4634146341463415,0.005688099320823818
pre_action&lots_of_excl,76,-0.001235828620697501,-0.0013133591877133588,0.023984068319782434,0.47368421052631576,0.5263157894736842,short,0.5263157894736842,0.005670370599111227
posts_very_high&open_tariff,32,0.0015196916675422056,0.004813728723646271,0.02267536848552755,0.65625,0.34375,long,0.65625,0.005641567488016877
pre_action&has_exclamation,83,-0.0012209795670161617,-0.0012376777132662165,0.023164921815358498,0.4939759036144578,0.5060240963855421,short,0.5060240963855421,0.005628836582714584
pre_action&has_night_post,83,-0.0012209795670161617,-0.0012376777132662165,0.023164921815358498,0.4939759036144578,0.5060240963855421,short,0.5060240963855421,0.005628836582714584
has_all_caps&deal_over_tariff,65,0.0013748665456264682,0.0012690314523404744,0.024667816076645498,0.5076923076923077,0.49230769230769234,long,0.5076923076923077,0.005627529833717907
has_market_brag&exclamation_heavy,167,0.00084346566020813,0.0011299398943773742,0.021860434458522034,0.5149700598802395,0.48502994011976047,long,0.5149700598802395,0.0056131625839386376
has_night_post&tariff_streak_3d,61,-0.0014083869862179135,-0.001009000508228497,0.015401726261158167,0.4918032786885246,0.5081967213114754,short,0.5081967213114754,0.005590089739056522
has_action&has_night_post,181,0.0008039796755238346,0.0011123434347617422,0.021018828477402836,0.5138121546961326,0.4861878453038674,long,0.5138121546961326,0.0055576184946226305
has_tariff&tariff_only,161,-0.0008806262872378959,0.0010696122704914046,0.016734260341155115,0.5031055900621118,0.4968944099378882,short,0.4968944099378882,0.005552245927839113
tariff_only,161,-0.0008806262872378959,0.0010696122704914046,0.016734260341155115,0.5031055900621118,0.4968944099378882,short,0.4968944099378882,0.005552245927839113
has_exclamation&tariff_only,161,-0.0008806262872378959,0.0010696122704914046,0.016734260341155115,0.5031055900621118,0.4968944099378882,short,0.4968944099378882,0.005552245927839113
has_china&deal_over_tariff,99,-0.001100738818103751,-0.0011099748340466231,0.020375145753987016,0.494949494949495,0.5050505050505051,short,0.5050505050505051,0.005531420684590006
has_uppercase_phrase&has_exclamation,294,0.0006279990119543189,0.0012136160624051096,0.019027416660350054,0.5136054421768708,0.48639455782312924,long,0.5136054421768708,0.005530472568506459
has_market_brag&volume_spike,36,0.0016589203509937917,0.004567174607942648,0.0350977760195325,0.5555555555555556,0.4444444444444444,long,0.5555555555555556,0.0055297345033126395
has_russia&open_tariff,29,-0.0020882624338289073,0.003876018890532462,0.02428915482363898,0.5172413793103449,0.4827586206896552,short,0.4827586206896552,0.005428928383932093
posts_high&has_iran,77,-0.0012834002299679128,0.002293585932724218,0.02014848557657038,0.5194805194805194,0.4805194805194805,short,0.4805194805194805,0.005411510111316286
has_relief&has_china,40,-0.0021293420537823017,0.005831378001004972,0.029638385060988266,0.6,0.4,short,0.4,0.0053868566460262635
attack_heavy&tariff_rising,42,-0.0016614607367290675,0.00019978391144553909,0.014801298699575551,0.5,0.5,short,0.5,0.005383748107663388
has_action,186,0.0007627496340079028,0.001127025882394217,0.02132355972451121,0.5161290322580645,0.4838709677419355,long,0.5161290322580645,0.005369041598920898
attack_heavy&volume_spike,95,0.0010433118249006477,0.0028569942863594378,0.02590874391294089,0.5263157894736842,0.47368421052631576,long,0.5263157894736842,0.005352076734112606
deal_only&volume_spike,27,0.0021294572743917697,-0.0022123040965570384,0.02631572709888615,0.48148148148148145,0.5185185185185185,long,0.48148148148148145,0.005327585165924211
has_action&pre_deal,53,-0.0014247239649237938,-0.0012376777132662165,0.018739577788853636,0.49056603773584906,0.5094339622641509,short,0.5094339622641509,0.0052839239569149035
has_relief&exclamation_heavy,90,-0.0011297690931451351,0.0018877503947029028,0.025031985837682045,0.5111111111111111,0.4888888888888889,short,0.4888888888888889,0.005239877227788939
has_relief&has_positive,90,-0.0011297690931451351,0.0018877503947029028,0.025031985837682045,0.5111111111111111,0.4888888888888889,short,0.4888888888888889,0.005239877227788939
has_market_brag&has_iran,26,0.0020521891099110367,0.0006357269621403705,0.031546395533923806,0.5,0.5,long,0.5,0.0052320761585094916
has_deal&volume_drop,32,0.0017336967510828381,0.001151682442125046,0.015126892192854091,0.53125,0.46875,long,0.53125,0.005210112099149984
has_russia&pre_tariff,48,-0.0014862889161928229,0.0006422927122478606,0.022135036630637105,0.5,0.5,short,0.5,0.0051486558351449005
has_attack&open_deal,70,-0.0011609645874530554,-0.0014275036904357608,0.02097212877519352,0.4714285714285714,0.5285714285714286,short,0.5285714285714286,0.0051341869305875755
pre_action,84,-0.0011185864590341791,-0.00010966144148022439,0.023044067867063783,0.5,0.5,short,0.5,0.005126007119876746
has_action&pre_action,84,-0.0011185864590341791,-0.00010966144148022439,0.023044067867063783,0.5,0.5,short,0.5,0.005126007119876746
has_positive&tariff_streak_3d,67,-0.0012274679416919901,-0.001009000508228497,0.015323239573911903,0.4925373134328358,0.5074626865671642,short,0.5074626865671642,0.005098608597657396
has_action&has_exclamation,185,0.0007269804887675651,0.0011123434347617422,0.021375829710381208,0.5135135135135135,0.4864864864864865,long,0.5135135135135135,0.0050776235105287615
lots_of_excl&tariff_streak_3d,67,-0.0012492579241220826,0.0010999992602345188,0.015146210048036578,0.5074626865671642,0.4925373134328358,short,0.4925373134328358,0.005036497832774303
deal_heavy&has_relief,33,0.0014385926475022348,0.004439497247812341,0.02664669666934545,0.6060606060606061,0.3939393939393939,long,0.6060606060606061,0.005008536719045811
positive_heavy&open_tariff,65,-0.0013455924485755227,0.003876018890532462,0.020352538804456706,0.5384615384615384,0.46153846153846156,short,0.46153846153846156,0.005007006066729243
posts_very_high&all_caps_heavy,22,0.0015550020115716197,0.004913878014158657,0.030625872625931135,0.6818181818181818,0.3181818181818182,long,0.6818181818181818,0.004972913142022268
has_uppercase_phrase&tariff_only,47,-0.0013617684070233035,-0.0012343649183683691,0.016951334683020715,0.46808510638297873,0.5319148936170213,short,0.5319148936170213,0.004965858427813889
has_exclamation&lots_of_excl,739,0.00035541167533909127,0.0011417083300266917,0.017873563848418362,0.5128552097428958,0.4871447902571042,long,0.5128552097428958,0.004955057301382422
lots_of_excl,739,0.00035541167533909127,0.0011417083300266917,0.017873563848418362,0.5128552097428958,0.4871447902571042,long,0.5128552097428958,0.004955057301382422
posts_high&open_deal,59,-0.0012275409939903107,-0.0014263900369020366,0.021518193661905775,0.4745762711864407,0.5254237288135594,short,0.5254237288135594,0.0049541789809494155
has_china&exclamation_heavy,290,0.0005326197071819575,0.0018714540601982854,0.019167628954946142,0.5448275862068965,0.45517241379310347,long,0.5448275862068965,0.00494168796963409
posts_very_high&deal_heavy,74,-0.0012093135731406372,0.0012723309597612031,0.02004104897465891,0.527027027027027,0.47297297297297297,short,0.47297297297297297,0.004920294658245753
has_relief&has_night_post,89,-0.0010687849695117473,0.0026455608950284315,0.025167086716880473,0.5168539325842697,0.48314606741573035,short,0.48314606741573035,0.004871512148019991
open_tariff&has_night_post,63,-0.001332920099130741,0.003876018890532462,0.02071911694284628,0.5396825396825397,0.4603174603174603,short,0.4603174603174603,0.004870032280703122
posts_very_high&deal_only,64,0.0013363062071682034,-0.00126617071977142,0.018711925895329225,0.453125,0.546875,long,0.453125,0.004844110000984737
has_action&has_iran,34,0.00128321498503618,0.003878662474142369,0.02910257377276896,0.6470588235294118,0.35294117647058826,long,0.6470588235294118,0.004841530196082152
posts_very_high&tariff_rising,28,0.0014227830466144334,0.004973219067875401,0.016584950961642288,0.6428571428571429,0.35714285714285715,long,0.6428571428571429,0.004839852999780785
has_relief&has_exclamation,91,-0.001047538408535275,0.0026455608950284315,0.024904887488917823,0.5164835164835165,0.4835164835164835,short,0.4835164835164835,0.004831721970025891
has_relief,91,-0.001047538408535275,0.0026455608950284315,0.024904887488917823,0.5164835164835165,0.4835164835164835,short,0.4835164835164835,0.004831721970025891
has_night_post&exclamation_heavy,742,0.0003478870831504946,0.0011117893422818437,0.017831205419015148,0.5094339622641509,0.49056603773584906,long,0.5094339622641509,0.004827565235168741
posts_very_high&has_deal,134,-0.0007947866512363866,-0.001262036962586477,0.02081422454028738,0.47761194029850745,0.5223880597014925,short,0.5223880597014925,0.004806137651536611
positive_heavy&lots_of_excl,575,0.0003929472631851111,0.0011417083300266917,0.018581034552388215,0.5095652173913043,0.49043478260869566,long,0.5095652173913043,0.0048014008646287505
has_iran,118,0.0008262987837390099,0.0023486394078898742,0.02144865507477947,0.5338983050847458,0.4661016949152542,long,0.5338983050847458,0.004792219028795447
has_iran&has_exclamation,118,0.0008262987837390099,0.0023486394078898742,0.02144865507477947,0.5338983050847458,0.4661016949152542,long,0.5338983050847458,0.004792219028795447
has_positive&open_tariff,70,-0.0012078295553100535,0.002645209592331277,0.0199142469018929,0.5285714285714286,0.4714285714285714,short,0.4714285714285714,0.004763987051030507
has_positive&has_market_brag,166,0.000718605373116115,0.0011156289670596342,0.021871865384187273,0.5120481927710844,0.4879518072289157,long,0.5120481927710844,0.004740840474015479
has_deal&deal_over_tariff,243,0.0006056735565725841,0.0010183548303057677,0.01954597638624154,0.5020576131687243,0.49794238683127573,long,0.5020576131687243,0.004740185165915864
deal_over_tariff,243,0.0006056735565725841,0.0010183548303057677,0.01954597638624154,0.5020576131687243,0.49794238683127573,long,0.5020576131687243,0.004740185165915864
has_action&exclamation_heavy,180,0.0006870168965718818,0.0011068307372518182,0.021299069191869937,0.5111111111111111,0.4888888888888889,long,0.5111111111111111,0.004711063879438721
has_iran&lots_of_excl,110,0.0008335776706949425,0.0023486394078898742,0.021836974759876452,0.5363636363636364,0.4636363636363636,long,0.5363636363636364,0.004689232233004847
has_market_brag&pre_deal,40,-0.0017359522883321598,0.0036951613085089985,0.02644481051584918,0.575,0.425,short,0.425,0.004666128669434322
has_positive&deal_only,170,0.0007373270472403587,-0.0011326819955190248,0.018995418124797426,0.4823529411764706,0.5176470588235295,long,0.4823529411764706,0.004637133050621244
has_russia&short_posts,138,0.0006960392741143513,0.002200172465762207,0.019182322067858127,0.5507246376811594,0.4492753623188406,long,0.5507246376811594,0.004503060630933595
posts_high&has_china,200,0.000546976601004679,0.002684555154546464,0.01998147054250276,0.58,0.42,long,0.58,0.0044865420191610135
deal_heavy&positive_heavy,124,-0.0008282547921273042,0.0012361985381780238,0.01956430247916931,0.5161290322580645,0.4838709677419355,short,0.4838709677419355,0.004462768562854444
lots_of_excl&deal_over_tariff,219,0.000615964618001233,-0.001124957672404947,0.019596475872326134,0.4885844748858447,0.5114155251141552,long,0.4885844748858447,0.0044536643828584355
has_iran&has_uppercase_phrase,56,-0.0011025779117198123,-0.001365318515702596,0.02402900192713737,0.4642857142857143,0.5357142857142857,short,0.5357142857142857,0.004420145129871667
has_china&has_night_post,280,0.00047841465229012787,0.0018714540601982854,0.019283852747008667,0.5464285714285714,0.45357142857142857,long,0.5464285714285714,0.004374383828495741
positive_heavy&pre_action,67,-0.001044441235713262,-0.0012376777132662165,0.02522416179404348,0.4925373134328358,0.5074626865671642,short,0.5074626865671642,0.004338359384616669
pre_action&volume_spike,34,0.0011998995288383368,0.00540081749414878,0.033192206992379215,0.6176470588235294,0.38235294117647056,long,0.6176470588235294,0.0043214025016876925
pre_deal&short_posts,71,0.0008563777767764239,0.001430610477224592,0.018757641945238678,0.5915492957746479,0.4084507042253521,long,0.5915492957746479,0.004268600439444978
has_china&has_iran,42,-0.0015335922052724831,0.0023486394078898742,0.022968318940253682,0.5714285714285714,0.42857142857142855,short,0.42857142857142855,0.0042594914654873325
positive_heavy&open_deal,69,-0.0009765461187135809,-0.0014263900369020366,0.02135493347425653,0.4782608695652174,0.5217391304347826,short,0.5217391304347826,0.0042322441528415255
posts_high&has_tariff,185,-0.0006850368666489317,0.00254128932656128,0.01960990053649891,0.5459459459459459,0.4540540540540541,short,0.4540540540540541,0.004230652616682412
posts_very_high&has_attack,205,0.000551511346055199,0.00254128932656128,0.02046703882890993,0.5317073170731708,0.4682926829268293,long,0.5317073170731708,0.004198595334747159
open_tariff&has_exclamation,71,-0.0010694013420756068,0.003876018890532462,0.019805867033781697,0.5352112676056338,0.4647887323943662,short,0.4647887323943662,0.004188181463476629
open_tariff,71,-0.0010694013420756068,0.003876018890532462,0.019805867033781697,0.5352112676056338,0.4647887323943662,short,0.4647887323943662,0.004188181463476629
has_tariff&open_tariff,71,-0.0010694013420756068,0.003876018890532462,0.019805867033781697,0.5352112676056338,0.4647887323943662,short,0.4647887323943662,0.004188181463476629
open_tariff&exclamation_heavy,71,-0.0010694013420756068,0.003876018890532462,0.019805867033781697,0.5352112676056338,0.4647887323943662,short,0.4647887323943662,0.004188181463476629
has_deal&has_iran,74,-0.0010539759970937257,0.0024625195538433564,0.02139159573422649,0.5405405405405406,0.4594594594594595,short,0.4594594594594595,0.004165755512463477
open_tariff&short_posts,29,0.0011166077706196765,0.007751977903123652,0.023521232860882643,0.6896551724137931,0.3103448275862069,long,0.6896551724137931,0.004146977151526896
posts_high&open_tariff,46,-0.0015556787982112532,0.0046216428157076495,0.022924208518237007,0.6086956521739131,0.391304347826087,short,0.391304347826087,0.0041287018528254
posts_very_high&has_russia,116,-0.000807893532961631,0.002489070543635341,0.017922783460730538,0.5258620689655172,0.47413793103448276,short,0.47413793103448276,0.004125606727394989
open_deal&deal_only,44,0.001241275546987386,6.179665673622381e-07,0.01933911715176546,0.5,0.5,long,0.5,0.004116845250800323
posts_very_high&short_posts,158,0.0006304251253679192,0.0012880689135856827,0.019550455557975393,0.5189873417721519,0.4810126582278481,long,0.5189873417721519,0.004112622265033537
all_caps_heavy&short_posts,24,0.00123629745131718,0.005214759475033026,0.02967354593887101,0.6666666666666666,0.3333333333333333,long,0.6666666666666666,0.004037730568040556
uppercase_phrase_heavy&volume_spike,22,-0.0020856390393790333,0.004820612675716762,0.03161380565962522,0.5909090909090909,0.4090909090909091,short,0.4090909090909091,0.0040019376352935345
has_deal&has_attack,258,0.0004816001199796057,0.0011837530738616486,0.019931298687419507,0.5077519379844961,0.49224806201550386,long,0.5077519379844961,0.003927787910960698
posts_high&has_positive,400,0.0003756058257794104,0.0012845528578925292,0.01894368440955506,0.5225,0.4775,long,0.5225,0.003925080879394838
attack_heavy&has_china,145,0.0005546327917279052,0.002684555154546464,0.020929561342986527,0.5862068965517241,0.41379310344827586,long,0.5862068965517241,0.003915078438191381
has_tariff&china_streak_3d,29,-0.0015042081121572808,0.0014493221876723528,0.016176715437766158,0.5172413793103449,0.4827586206896552,short,0.4827586206896552,0.003910542077059954
open_tariff&lots_of_excl,69,-0.0010094866467145272,0.003876018890532462,0.01999037161060466,0.5362318840579711,0.463768115942029,short,0.463768115942029,0.003888893156589468
has_china&tariff_only,56,0.0008818077927430481,0.004211805417334347,0.01560693777696431,0.5892857142857143,0.4107142857142857,long,0.5892857142857143,0.003888605255973253
positive_heavy&volume_drop,54,0.0011410133681175564,-0.0029810330617053293,0.013867475073576009,0.46296296296296297,0.5370370370370371,long,0.46296296296296297,0.0038818063077533903
positive_heavy&short_posts,278,0.00044860729826757027,0.0012788094900733071,0.018932435568721578,0.5179856115107914,0.48201438848920863,long,0.5179856115107914,0.003874417599821367
has_china&deal_only,62,-0.0009111886356352667,-0.001863397866070149,0.01900093462043655,0.46774193548387094,0.532258064516129,short,0.532258064516129,0.0038187953907447025
has_tariff&has_china,147,-0.000705186967841649,0.002684555154546464,0.019695015905390963,0.5578231292517006,0.4421768707482993,short,0.4421768707482993,0.0037805846530436396
lots_of_excl&volume_spike,131,-0.0006582634824721126,0.0011428609815034019,0.025864347078831187,0.5038167938931297,0.4961832061068702,short,0.4961832061068702,0.0037383285874200947
tariff_rising&volume_spike,20,-0.0016699593730643946,0.0013348711204116404,0.018612157483318452,0.5,0.5,short,0.5,0.0037341426778349177
positive_heavy&volume_spike,125,-0.0006604906969066961,-0.0012062766497091815,0.026390298782934515,0.496,0.504,short,0.504,0.0037217932839097483
pre_tariff&short_posts,57,-0.0011238770323909538,0.004439497247812341,0.019430304511247137,0.5614035087719298,0.43859649122807015,short,0.43859649122807015,0.003721528736910141
posts_high&positive_heavy,367,0.0003682826064196561,0.0013005073599894335,0.01950147557907186,0.5258855585831063,0.47411444141689374,long,0.5258855585831063,0.003710269745162661
has_russia&has_uppercase_phrase,115,0.0006782635745112503,0.0011417083300266917,0.02132343077255613,0.5043478260869565,0.4956521739130435,long,0.5043478260869565,0.0036684074580188184
deal_heavy&has_market_brag,34,0.0009706343814343053,0.004174290868857455,0.02144480155413917,0.6470588235294118,0.35294117647058826,long,0.6470588235294118,0.0036621733083464676
posts_high&lots_of_excl,401,0.0003495234118632697,0.0012819885129646824,0.01894242836138594,0.5211970074812967,0.47880299251870323,long,0.5211970074812967,0.0036479625472010005
has_china&short_posts,152,0.000530151808561589,0.00182660532675194,0.018675261181227417,0.5526315789473685,0.4473684210526316,long,0.5526315789473685,0.003612083151596007
has_russia&uppercase_phrase_heavy,25,-0.0022533273170731237,0.005201728103621184,0.02633654165489489,0.68,0.32,short,0.32,0.003605323707316998
deal_heavy&deal_over_tariff,117,0.0006056664062367118,0.0012756304671819318,0.019519833624732058,0.5470085470085471,0.452991452991453,long,0.5470085470085471,0.0035836082601230232
has_exclamation&deal_over_tariff,241,0.00046265952324333145,-0.0011099748340466231,0.019550484945484656,0.4979253112033195,0.5020746887966805,long,0.4979253112033195,0.003576302371975694
pre_deal&has_all_caps,45,-0.0010830443170663025,0.0012756304671819318,0.02028617209719599,0.5111111111111111,0.4888888888888889,short,0.4888888888888889,0.003551915716220796
has_night_post&deal_over_tariff,221,0.0004885421371791831,-0.0011404063186331026,0.019851934621600068,0.48868778280542985,0.5113122171945701,long,0.48868778280542985,0.0035491932475335093
pre_action&has_all_caps,29,0.0011224712786272405,0.005524736343631265,0.03245864341771137,0.5862068965517241,0.41379310344827586,long,0.5862068965517241,0.0035434406225381245
has_positive&has_uppercase_phrase,284,0.00041609091475504323,0.0011056603002590482,0.01912920261389732,0.5035211267605634,0.4964788732394366,long,0.5035211267605634,0.0035307348202725706
has_positive&has_night_post,755,0.0002498388449537848,0.0011013180397418942,0.01766538262942824,0.5072847682119205,0.49271523178807947,long,0.5072847682119205,0.0034824529821189825
has_positive&exclamation_heavy,783,0.00024591438448972024,0.001099944690690302,0.017584545641762282,0.5057471264367817,0.4942528735632184,long,0.5057471264367817,0.0034801522022302207
open_deal&has_uppercase_phrase,36,-0.001223259391721308,0.0013624763274271423,0.023806355470976308,0.5277777777777778,0.4722222222222222,short,0.4722222222222222,0.003465901609877039
posts_very_high&positive_heavy,212,0.00044839108192471573,0.0025642422783989094,0.020251613060005395,0.5283018867924528,0.4716981132075472,long,0.5283018867924528,0.0034491101054335395
posts_very_high&lots_of_excl,224,0.00043518468487167345,0.0017970466463568258,0.01977732153456057,0.5223214285714286,0.47767857142857145,long,0.5223214285714286,0.003402008980697062
has_attack&all_caps_heavy,25,0.0009998693675959869,0.004796264230747971,0.028935479394426544,0.68,0.32,long,0.68,0.003399555849826356
short_posts&volume_drop,92,0.0007713274805946913,-0.0019689845326053,0.013151772518530268,0.45652173913043476,0.5434782608695652,long,0.45652173913043476,0.003377490850908756
exclamation_heavy&tariff_streak_3d,69,-0.0008447041749909707,0.0013351091416917704,0.015120681328570338,0.5217391304347826,0.4782608695652174,short,0.4782608695652174,0.003355784279476163
has_all_caps&uppercase_phrase_heavy,38,-0.0013772959087784858,0.0019953057571168165,0.025808824720438557,0.6052631578947368,0.39473684210526316,short,0.39473684210526316,0.003351403494594466
positive_heavy&has_exclamation,597,0.00027057586340822713,0.0011299398943773742,0.018530886046748882,0.5058626465661642,0.49413735343383586,long,0.5058626465661642,0.0033443277336189224
positive_heavy,597,0.00027057586340822713,0.0011299398943773742,0.018530886046748882,0.5058626465661642,0.49413735343383586,long,0.5058626465661642,0.0033443277336189224
has_positive&positive_heavy,597,0.00027057586340822713,0.0011299398943773742,0.018530886046748882,0.5058626465661642,0.49413735343383586,long,0.5058626465661642,0.0033443277336189224
uppercase_phrase_heavy&deal_over_tariff,21,-0.0017017244665519396,0.0014493221876723528,0.031114062420557073,0.5714285714285714,0.42857142857142855,short,0.42857142857142855,0.003342120505685404
has_market_brag&tariff_rising,39,-0.0010353478174168506,-0.001009000508228497,0.01753292226888073,0.48717948717948717,0.5128205128205128,short,0.5128205128205128,0.0033157666909817344
has_iran&has_night_post,109,0.0005910856409820838,0.002344575522265302,0.02189808867761555,0.5321100917431193,0.46788990825688076,long,0.5321100917431193,0.003283712709746709
deal_heavy&has_night_post,136,-0.000595001799635003,0.0012361985381780238,0.01926470314418752,0.5294117647058824,0.47058823529411764,short,0.47058823529411764,0.0032653429374287857
attack_heavy&all_caps_heavy,24,0.0009879007077949707,0.00509714569162234,0.029557755752274987,0.6666666666666666,0.3333333333333333,long,0.6666666666666666,0.003226470200842696
has_china&has_russia,117,0.0005188659533127074,0.002684555154546464,0.018361116015464054,0.5726495726495726,0.42735042735042733,long,0.5726495726495726,0.0032139346816415014
pre_action&short_posts,50,-0.0010808961002831995,0.002825766155619136,0.02764451772240109,0.58,0.42,short,0.42,0.003210097641527049
has_positive&open_deal,80,-0.0007115495620015095,6.179665673622381e-07,0.020296330123297218,0.5,0.5,short,0.5,0.003182146379991153
has_market_brag&short_posts,83,0.0006570249856689782,0.001287117202820376,0.020198087143478167,0.5301204819277109,0.46987951807228917,long,0.5301204819277109,0.0031731858992544615
posts_high&has_exclamation,403,0.00030448885124997763,0.0012756304671819318,0.018906039852917566,0.5186104218362283,0.4813895781637717,long,0.5186104218362283,0.0031700430403307934
posts_high&exclamation_heavy,403,0.00030448885124997763,0.0012756304671819318,0.018906039852917566,0.5186104218362283,0.4813895781637717,long,0.5186104218362283,0.0031700430403307934
posts_high,403,0.00030448885124997763,0.0012756304671819318,0.018906039852917566,0.5186104218362283,0.4813895781637717,long,0.5186104218362283,0.0031700430403307934
positive_heavy&exclamation_heavy,592,0.0002563171185774203,0.0011350973399499864,0.01855032463665501,0.5067567567567568,0.49324324324324326,long,0.5067567567567568,0.003160370604236631
open_tariff&tariff_rising,32,-0.001038127749469188,-0.0022622149970701333,0.017098184904191054,0.46875,0.53125,short,0.53125,0.003119785478397266
has_positive&lots_of_excl,719,0.0002276654578708653,0.0011299398943773742,0.017925413422355884,0.5090403337969402,0.4909596662030598,long,0.5090403337969402,0.003107518932644886
has_action&has_positive,181,0.00045848761597429896,0.0010183548303057677,0.021399176347196038,0.5027624309392266,0.4972375690607735,long,0.5027624309392266,0.0031011995658326887
posts_very_high&has_night_post,223,0.0003989749744760787,0.0013005073599894335,0.019828368681381416,0.5201793721973094,0.4798206278026906,long,0.5201793721973094,0.003099211488864432
short_posts&tariff_only,72,0.0006732700852924865,0.0025466122784579825,0.01598468246764059,0.5416666666666666,0.4583333333333333,long,0.5416666666666666,0.0030944799787223556
tariff_only&volume_spike,22,0.0011098451544813753,0.005693145810833022,0.02212947767865097,0.5909090909090909,0.4090909090909091,long,0.5909090909090909,0.003076057165730021
posts_high&has_deal,220,0.0004086111469239257,0.001147040209042549,0.020762574909843165,0.5045454545454545,0.4954545454545455,long,0.5045454545454545,0.003057889927533347
has_russia&has_all_caps,72,0.0006465293282280765,0.00288263301148306,0.022312304095614965,0.5416666666666666,0.4583333333333333,long,0.5416666666666666,0.002971574269469364
exclamation_heavy&china_streak_3d,81,-0.0006312816871272851,-0.002509402310552744,0.01674788768637914,0.49382716049382713,0.5061728395061729,short,0.5061728395061729,0.0028758387969131877
has_china&has_exclamation,298,0.00031064000344424933,0.0013072377087941511,0.018991955633312598,0.5335570469798657,0.4664429530201342,long,0.5335570469798657,0.002861187866375529
has_china,298,0.00031064000344424933,0.0013072377087941511,0.018991955633312598,0.5335570469798657,0.4664429530201342,long,0.5335570469798657,0.002861187866375529
has_positive&high_emotion,23,0.001054644196531987,0.004219423933306654,0.01498614554649952,0.5652173913043478,0.43478260869565216,long,0.5652173913043478,0.0028588107168213014
posts_low&exclamation_heavy,41,0.0008633003260629901,0.0023527032935144465,0.014223197090423521,0.5121951219512195,0.4878048780487805,long,0.5121951219512195,0.002831322050779265
has_tariff&has_uppercase_phrase,117,-0.0005561895931498862,0.0012330223090590842,0.017530571941935087,0.5299145299145299,0.4700854700854701,short,0.4700854700854701,0.0028280860342044956
posts_very_high&deal_over_tariff,95,0.000591622839249038,-0.0012376777132662165,0.01994581992829207,0.4842105263157895,0.5157894736842106,long,0.4842105263157895,0.0027921642380758726
deal_heavy&has_action,54,-0.0009259532981999996,0.002381301827246829,0.01883405770066077,0.5925925925925926,0.4074074074074074,short,0.4074074074074074,0.00277213824095652
posts_very_high&exclamation_heavy,226,0.00035412162968064025,0.0012880689135856827,0.019708001634114156,0.5176991150442478,0.4823008849557522,long,0.5176991150442478,0.0027560309881364303
posts_very_high&has_positive,226,0.00035412162968064025,0.0012880689135856827,0.019708001634114156,0.5176991150442478,0.4823008849557522,long,0.5176991150442478,0.0027560309881364303
posts_high&posts_very_high,226,0.00035412162968064025,0.0012880689135856827,0.019708001634114156,0.5176991150442478,0.4823008849557522,long,0.5176991150442478,0.0027560309881364303
posts_very_high&has_exclamation,226,0.00035412162968064025,0.0012880689135856827,0.019708001634114156,0.5176991150442478,0.4823008849557522,long,0.5176991150442478,0.0027560309881364303
posts_very_high,226,0.00035412162968064025,0.0012880689135856827,0.019708001634114156,0.5176991150442478,0.4823008849557522,long,0.5176991150442478,0.0027560309881364303
deal_heavy&has_russia,60,0.0006221086963665911,0.004198656856783223,0.021558179491416998,0.5666666666666667,0.43333333333333335,long,0.5666666666666667,0.0027306721699664293
lots_of_excl&volume_drop,87,0.000606134904342548,-0.002197688277392973,0.013134209632915932,0.4827586206896552,0.5172413793103449,long,0.4827586206896552,0.002729348280743085
posts_very_high&uppercase_phrase_heavy,36,0.0006773037056179648,0.004998996167184577,0.0256414198203722,0.6666666666666666,0.3333333333333333,long,0.6666666666666666,0.0027092148224718586
posts_very_high&has_tariff,107,-0.0005811744725561064,0.0037927171969265316,0.020883170841503276,0.5514018691588785,0.4485981308411215,short,0.4485981308411215,0.0026968443317849076
has_night_post,827,0.00018031034325975662,0.001112277068839207,0.01798824590005389,0.5114873035066505,0.48851269649334944,long,0.5114873035066505,0.002652212104131131
has_relief&deal_only,23,0.0010566273767712866,0.0011299398943773742,0.022493444825076904,0.5217391304347826,0.4782608695652174,long,0.5217391304347826,0.0026438644601295453
has_uppercase_phrase&exclamation_heavy,277,0.000314757913082045,0.0010696122704914046,0.019151821783472096,0.5018050541516246,0.4981949458483754,long,0.5018050541516246,0.0026287638442878142
has_action&deal_over_tariff,69,0.0005894473391768112,0.0012690314523404744,0.02186108612567596,0.5362318840579711,0.463768115942029,long,0.5362318840579711,0.0026255614687096755
posts_high&tariff_only,72,0.0005212791260772099,0.003904490055811727,0.01730990776710279,0.5833333333333334,0.4166666666666667,long,0.5833333333333334,0.002580200034581347
exclamation_heavy&deal_over_tariff,234,0.0003402772243730386,-0.0011180325870159824,0.019434756032899368,0.49145299145299143,0.5085470085470085,long,0.49145299145299143,0.0025581310745842454
has_deal&has_positive,333,-0.00028180893252248917,0.0010718150268125282,0.019271220346499408,0.5045045045045045,0.4954954954954955,short,0.4954954954954955,0.0025481006716165542
posts_high&all_caps_heavy,26,0.0007626486240104868,0.0036687767786546255,0.0283215498232937,0.6538461538461539,0.34615384615384615,long,0.6538461538461539,0.0025426509103596423
posts_high&uppercase_phrase_heavy,43,-0.0009780051778811247,0.003876018890532462,0.024214690742246175,0.6046511627906976,0.3953488372093023,short,0.3953488372093023,0.0025354546538808556
has_uppercase_phrase&deal_only,65,0.0006799443457782836,-0.001124957672404947,0.022234481994821375,0.46153846153846156,0.5384615384615384,long,0.46153846153846156,0.002530101493921272
has_action&tariff_only,29,0.0008495453845523166,0.004464300775938845,0.018704394755887897,0.5517241379310345,0.4482758620689655,long,0.5517241379310345,0.002524105879699136
has_positive&uppercase_phrase_heavy,46,-0.000928404551211254,0.003208654108546871,0.02406355228807253,0.6086956521739131,0.391304347826087,short,0.391304347826087,0.00246394409640654
uppercase_phrase_heavy,46,-0.000928404551211254,0.003208654108546871,0.02406355228807253,0.6086956521739131,0.391304347826087,short,0.391304347826087,0.00246394409640654
uppercase_phrase_heavy&lots_of_excl,46,-0.000928404551211254,0.003208654108546871,0.02406355228807253,0.6086956521739131,0.391304347826087,short,0.391304347826087,0.00246394409640654
has_uppercase_phrase&uppercase_phrase_heavy,46,-0.000928404551211254,0.003208654108546871,0.02406355228807253,0.6086956521739131,0.391304347826087,short,0.391304347826087,0.00246394409640654
has_night_post&uppercase_phrase_heavy,46,-0.000928404551211254,0.003208654108546871,0.02406355228807253,0.6086956521739131,0.391304347826087,short,0.391304347826087,0.00246394409640654
uppercase_phrase_heavy&exclamation_heavy,46,-0.000928404551211254,0.003208654108546871,0.02406355228807253,0.6086956521739131,0.391304347826087,short,0.391304347826087,0.00246394409640654
uppercase_phrase_heavy&has_exclamation,46,-0.000928404551211254,0.003208654108546871,0.02406355228807253,0.6086956521739131,0.391304347826087,short,0.391304347826087,0.00246394409640654
has_deal&attack_heavy,160,0.0003623913671420689,0.0014318612409012221,0.02043705156477566,0.5375,0.4625,long,0.5375,0.0024638615677851695
deal_only&volume_drop,28,0.0009118176800102755,-0.000730347492543526,0.014923299292572252,0.5,0.5,long,0.5,0.00241244282233906
deal_over_tariff&volume_drop,28,0.0009118176800102755,-0.000730347492543526,0.014923299292572252,0.5,0.5,long,0.5,0.00241244282233906
positive_heavy&has_uppercase_phrase,229,0.00032495312675784365,-0.001124957672404947,0.020346914984519238,0.4890829694323144,0.5109170305676856,long,0.4890829694323144,0.002405032788901385
has_attack&tariff_only,119,0.0004024256631961039,0.0034168682561872554,0.015292176397342958,0.5462184873949579,0.453781512605042,long,0.5462184873949579,0.002397869504013422
deal_heavy&has_all_caps,48,-0.0007875956720687591,0.0019953057571168165,0.02158407553699534,0.5625,0.4375,short,0.4375,0.002387272509727782
open_tariff&volume_spike,21,0.0007748903382395835,0.006105078078581405,0.027201223695521325,0.6666666666666666,0.3333333333333333,long,0.6666666666666666,0.0023673290868485497
has_attack&volume_spike,118,-0.00043518200494228865,-3.17078341028898e-05,0.02563307619784501,0.5,0.5,short,0.5,0.0023636432967042444
deal_heavy&open_deal,49,-0.0007113768640540148,0.0012756304671819318,0.024001053583041828,0.5306122448979592,0.46938775510204084,short,0.46938775510204084,0.0023373811247489056
has_relief&short_posts,50,-0.0007057862289316175,0.0027512775906939346,0.026694329488171954,0.54,0.46,short,0.46,0.002295704651309888
has_uppercase_phrase&lots_of_excl,269,0.00027818264223424,-0.001009000508228497,0.019281315877704822,0.49814126394052044,0.5018587360594795,long,0.49814126394052044,0.0022727867360543374
posts_high&deal_heavy,107,0.0003966549073910236,0.00254128932656128,0.019229842131411875,0.5514018691588785,0.4485981308411215,long,0.5514018691588785,0.002262418557950193
has_positive&has_iran,112,0.00039794110061072203,0.0023486394078898742,0.021295010115583442,0.5357142857142857,0.4642857142857143,long,0.5357142857142857,0.0022561139757156516
has_night_post&has_exclamation,802,0.00015557253373010908,0.001112277068839207,0.01793177977905973,0.5112219451371571,0.48877805486284287,long,0.5112219451371571,0.0022523174287630665
posts_very_high&has_uppercase_phrase,124,0.00038432212216245456,0.0012723309597612031,0.019376072070135,0.5241935483870968,0.47580645161290325,long,0.5241935483870968,0.0022433544518631584
has_exclamation&volume_drop,154,0.0003750644596718338,-0.0021787613689214225,0.013853571230067864,0.461038961038961,0.538961038961039,long,0.461038961038961,0.002145872437612677
deal_heavy&attack_heavy,79,-0.0005363738697883412,0.0014493221876723528,0.018148168618040084,0.5569620253164557,0.4430379746835443,short,0.4430379746835443,0.0021121371294510662
has_tariff&uppercase_phrase_heavy,25,-0.0013137380390434927,0.003876018890532462,0.025587512866301135,0.68,0.32,short,0.32,0.002101980862469588
has_positive&volume_spike,138,-0.0003597106062777472,0.00231908072749476,0.025735681660386672,0.5144927536231884,0.4855072463768116,short,0.4855072463768116,0.002051580218606712
deal_heavy&has_positive,139,-0.00037658657115184456,0.0012756304671819318,0.018843549327619898,0.539568345323741,0.460431654676259,short,0.460431654676259,0.002044265988589653
has_uppercase_phrase&volume_spike,79,-0.0004753899159816813,0.002344575522265302,0.026082542426049495,0.5189873417721519,0.4810126582278481,short,0.4810126582278481,0.002032450682234269
pre_deal&deal_only,78,0.00045795724860716935,1.1843003575595645e-06,0.016559921170762215,0.5,0.5,long,0.5,0.0020222844533499857
uppercase_phrase_heavy&short_posts,32,-0.0009390917900599094,0.004157758069172401,0.026906046502660225,0.625,0.375,short,0.375,0.001992114518723927
deal_heavy&pre_action,27,-0.001034596772414263,0.004778984855476454,0.02395807891904644,0.6296296296296297,0.37037037037037035,short,0.37037037037037035,0.0019910824168536427
has_night_post&tariff_only,135,-0.0003485261273030513,0.0012136935280169237,0.015294825430976749,0.5111111111111111,0.4888888888888889,short,0.4888888888888889,0.0019797593005855627
has_relief&has_russia,38,-0.0008095172805387816,0.004198656856783223,0.023791327548473518,0.6052631578947368,0.39473684210526316,short,0.39473684210526316,0.00196981565518367
posts_high&volume_spike,120,-0.00035874626560636244,0.0005436546415075183,0.025390089380108963,0.5,0.5,short,0.5,0.0019649342209334445
has_iran&volume_spike,38,0.0005487771635147284,0.0034074053760567713,0.026540535868838977,0.5789473684210527,0.42105263157894735,long,0.5789473684210527,0.001958515049688298
has_china&open_tariff,37,-0.0006986718133336397,0.004390765271960806,0.02182925300457434,0.5405405405405406,0.4594594594594595,short,0.4594594594594595,0.0019526359557044157
exclamation_heavy&tariff_only,153,-0.00031613286202401483,0.0010696122704914046,0.015198800954480021,0.5032679738562091,0.49673202614379086,short,0.49673202614379086,0.001942394859233154
has_deal&has_uppercase_phrase,135,0.00031944677931220014,0.0012238665007946459,0.02008124640269345,0.5185185185185185,0.48148148148148145,long,0.5185185185185185,0.001924552087540051
has_tariff&volume_drop,21,-0.0007330135576500392,-0.005213782142097889,0.015507833410816962,0.42857142857142855,0.5714285714285714,short,0.5714285714285714,0.0019194800647772462
has_positive,846,0.0001297329522703483,0.0010999719754624104,0.01766674789222967,0.5070921985815603,0.4929078014184397,long,0.5070921985815603,0.0019134733233546672
has_attack&open_tariff,59,-0.0005598344117045058,0.004390765271960806,0.020328772172389657,0.559322033898305,0.4406779661016949,short,0.4406779661016949,0.001894990042124395
short_posts&tariff_rising,37,0.0004808842177146088,0.004390765271960806,0.013878523583517311,0.6216216216216216,0.3783783783783784,long,0.6216216216216216,0.0018183082032784447
has_deal&open_deal,82,-0.00040139517046829077,6.179665673622381e-07,0.02064367429837958,0.5,0.5,short,0.5,0.0018173939305893476
open_deal&has_exclamation,82,-0.00040139517046829077,6.179665673622381e-07,0.02064367429837958,0.5,0.5,short,0.5,0.0018173939305893476
open_deal,82,-0.00040139517046829077,6.179665673622381e-07,0.02064367429837958,0.5,0.5,short,0.5,0.0018173939305893476
open_deal&short_posts,45,0.00048540930644019257,0.0013005073599894335,0.02475668099509885,0.5555555555555556,0.4444444444444444,long,0.5555555555555556,0.001809013676852162
has_night_post&has_uppercase_phrase,276,0.00021599243687096996,0.0011056603002590482,0.019187905933294756,0.5036231884057971,0.4963768115942029,long,0.5036231884057971,0.0018071691472086179
has_relief&deal_over_tariff,40,0.0004903721542915213,0.003931995957265566,0.02470412667630875,0.55,0.45,long,0.55,0.0017057621995531917
has_positive&china_streak_3d,81,-0.00037961939091462693,0.0012033656240155732,0.0167815424890247,0.5061728395061729,0.49382716049382713,short,0.49382716049382713,0.0016871972929538973
has_positive&has_china,290,0.0001793283316058842,0.0013245385996453196,0.018965139994413655,0.5379310344827586,0.46206896551724136,long,0.5379310344827586,0.0016427614671126805
posts_high&has_night_post,392,0.00016042321643053276,0.0012510268806997793,0.01908461384635244,0.5153061224489796,0.4846938775510204,long,0.5153061224489796,0.001636724394853782
posts_high&has_uppercase_phrase,198,0.00022541765207362228,0.0012181939665373287,0.01894085805545118,0.5151515151515151,0.48484848484848486,long,0.5151515151515151,0.001634012966644065
has_attack&uppercase_phrase_heavy,42,-0.0007039943654607583,0.004157758069172401,0.02447164340961088,0.6428571428571429,0.35714285714285715,short,0.35714285714285715,0.0016294303341754834
has_russia&volume_spike,80,0.0003385061632078218,0.003138842393530128,0.02217269632645984,0.5375,0.4625,long,0.5375,0.0016273840022309547
has_action&open_deal,28,-0.000779856309735336,0.0029676992953000525,0.025432885659896962,0.6071428571428571,0.39285714285714285,short,0.39285714285714285,0.0016211688852262032
has_china&has_uppercase_phrase,127,-0.0003135257286012834,0.0014493221876723528,0.019875187135598025,0.5590551181102362,0.4409448818897638,short,0.4409448818897638,0.0015579709384051603
exclamation_heavy&volume_spike,131,-0.0002772600450774262,0.002293585932724218,0.025912466635916506,0.5114503816793893,0.48854961832061067,short,0.48854961832061067,0.001550356647258685
has_deal&has_night_post,318,-0.00016803467359395385,-0.001117466253225785,0.019614363616530912,0.4968553459119497,0.5031446540880503,short,0.5031446540880503,0.0015076666539749607
has_positive&has_exclamation,841,0.00010240227804569637,0.0010776803974550386,0.0176762413689677,0.5053507728894173,0.4946492271105826,long,0.5053507728894173,0.0015007230403248605
has_china&uppercase_phrase_heavy,34,-0.0007258565835992818,0.003208654108546871,0.026168399308267042,0.6470588235294118,0.35294117647058826,short,0.35294117647058826,0.0014938005252438246
has_deal&pre_action,46,-0.0004366723713810156,0.0018027750302711532,0.021654001670763343,0.5217391304347826,0.4782608695652174,short,0.4782608695652174,0.0014164442299747226
posts_high&pre_action,61,0.00034246934188600684,0.0025871952302365386,0.023913334375684322,0.5245901639344263,0.47540983606557374,long,0.5245901639344263,0.00140315859224821
has_action&deal_only,45,0.0004881817083155493,-0.0024125391658855744,0.021161044748857015,0.4222222222222222,0.5777777777777777,long,0.4222222222222222,0.0013827028145430207
positive_heavy&has_iran,91,0.00028029414297789346,0.002293585932724218,0.0222416501779531,0.5164835164835165,0.4835164835164835,long,0.5164835164835165,0.001380992069556748
lots_of_excl&china_streak_3d,77,-0.0003158844771978073,0.0012033656240155732,0.016758150888132872,0.5064935064935064,0.4935064935064935,short,0.4935064935064935,0.0013679383304123123
deal_heavy&lots_of_excl,134,-0.00024417999145326055,0.0012723309597612031,0.01938709741624121,0.5223880597014925,0.47761194029850745,short,0.47761194029850745,0.0013500120625612683
has_uppercase_phrase&tariff_rising,37,-0.00045059994278417103,0.0010696122704914046,0.016009521340981558,0.5135135135135135,0.4864864864864865,short,0.4864864864864865,0.0013334071369242538
has_deal&exclamation_heavy,335,-0.00014491003310209745,-0.0011099748340466231,0.019328289714389026,0.49850746268656715,0.5014925373134328,short,0.5014925373134328,0.0013301031864198336
has_tariff&has_iran,48,-0.00048255291228276737,0.003961219181736975,0.022380661077906237,0.6041666666666666,0.3958333333333333,short,0.3958333333333333,0.0013233597555722945
deal_over_tariff&tariff_rising,23,-0.0007031031491892378,0.0063858573573436495,0.01840480597551497,0.6086956521739131,0.391304347826087,short,0.391304347826087,0.0013194642705739014
has_russia&china_streak_3d,28,0.0004642326799432058,0.003288697537104701,0.016491516126869263,0.5357142857142857,0.4642857142857143,long,0.5357142857142857,0.0013159759517129628
has_night_post&china_streak_3d,78,0.00026861722943767065,0.0013656553503185176,0.01656960717112389,0.5384615384615384,0.46153846153846156,long,0.5384615384615384,0.0012774263034448614
has_positive&volume_drop,124,0.0002531775305428288,-0.0026208254059916225,0.013944265671461856,0.45161290322580644,0.5483870967741935,long,0.45161290322580644,0.0012732167515070582
has_iran&deal_only,39,-0.0003806809226158207,-0.0011111075016270178,0.018538456546221077,0.48717948717948717,0.5128205128205128,short,0.5128205128205128,0.0012191546665457722
deal_heavy,144,-0.0002182724350055702,0.0012723309597612031,0.01900550993764153,0.5347222222222222,0.4652777777777778,short,0.4652777777777778,0.0012186877621144336
deal_heavy&has_exclamation,144,-0.0002182724350055702,0.0012723309597612031,0.01900550993764153,0.5347222222222222,0.4652777777777778,short,0.4652777777777778,0.0012186877621144336
has_deal&deal_heavy,144,-0.0002182724350055702,0.0012723309597612031,0.01900550993764153,0.5347222222222222,0.4652777777777778,short,0.4652777777777778,0.0012186877621144336
has_action&uppercase_phrase_heavy,28,-0.0006781915508598801,0.005239313374143739,0.028231839992415308,0.6785714285714286,0.32142857142857145,short,0.32142857142857145,0.0011534954045402932
high_emotion&has_exclamation,38,-0.00041453231740575625,0.0037543452308541614,0.017808056438686375,0.5526315789473685,0.4473684210526316,short,0.4473684210526316,0.0011431823677812319
has_market_brag&has_china,70,-0.0002804995973335215,0.0018751634230885772,0.026397599928014038,0.5142857142857142,0.4857142857142857,short,0.4857142857142857,0.0011398878883753277
has_market_brag&tariff_streak_3d,24,0.0003910008820784035,0.0043551717560478265,0.018159861059240053,0.5833333333333334,0.4166666666666667,long,0.5833333333333334,0.001117378091748595
has_exclamation&china_streak_3d,85,-0.00023576484806597797,0.0012299521392651336,0.016460097455677114,0.5176470588235295,0.4823529411764706,short,0.4823529411764706,0.0010484638167842196
china_streak_3d,85,-0.00023576484806597797,0.0012299521392651336,0.016460097455677114,0.5176470588235295,0.4823529411764706,short,0.4823529411764706,0.0010484638167842196
deal_heavy&exclamation_heavy,142,-0.00017951547728749532,0.0012723309597612031,0.019120260700216968,0.5352112676056338,0.4647887323943662,short,0.4647887323943662,0.0009942638776316319
has_tariff&has_attack,246,-0.0001361324472243562,0.0014318612409012221,0.017821271614469086,0.540650406504065,0.45934959349593496,short,0.45934959349593496,0.0009807821241410795
positive_heavy&has_china,253,-0.0001271168586094813,0.0013005073599894335,0.01929497686053237,0.5335968379446641,0.466403162055336,short,0.466403162055336,0.0009430286745981976
attack_heavy&has_iran,52,0.00021696209533167207,0.0037243466956810023,0.020138927026509525,0.5961538461538461,0.40384615384615385,long,0.5961538461538461,0.000932704105617844
open_deal&deal_over_tariff,68,-0.00021044191479055127,-0.0012687487692645272,0.021843165967949437,0.4852941176470588,0.5147058823529411,short,0.5147058823529411,0.0008931940734074588
has_russia&tariff_rising,34,-0.0002884526758491686,-0.0011076385789688392,0.014228179354164355,0.47058823529411764,0.5294117647058824,short,0.5294117647058824,0.0008904460641966566
has_deal,347,9.081445158867078e-05,0.0011123434347617422,0.019335737264801964,0.5100864553314121,0.4899135446685879,long,0.5100864553314121,0.0008629060096832811
has_attack&tariff_rising,82,-0.0001953320253571073,0.002422673926768426,0.015509887298176756,0.5365853658536586,0.4634146341463415,short,0.4634146341463415,0.0008196909187560875
attack_heavy&uppercase_phrase_heavy,35,-0.0003951742918736345,0.004796264230747971,0.025049815356835835,0.6571428571428571,0.34285714285714286,short,0.34285714285714286,0.000801559761927194
has_iran&short_posts,46,-0.0002857985124549325,0.0034074053760567713,0.023222720302917717,0.5869565217391305,0.41304347826086957,short,0.41304347826086957,0.0008006351431077847
deal_heavy&has_uppercase_phrase,64,-0.00020111340908284848,0.0012723309597612031,0.019315519067941,0.53125,0.46875,short,0.46875,0.0007541752840606818
open_tariff&tariff_only,31,0.00024449279641703564,0.004016262914696922,0.015897432987946224,0.5483870967741935,0.45161290322580644,long,0.5483870967741935,0.0007465074432454918
has_tariff&has_action,83,0.00014390605644493327,0.002293585932724218,0.01925779850804075,0.5662650602409639,0.43373493975903615,long,0.5662650602409639,0.0007423998643044975
has_china&volume_drop,30,0.00033421994769347043,-0.004265034881049512,0.01683784283055495,0.4,0.6,long,0.4,0.000732239218079642
has_positive&deal_over_tariff,229,9.529993456716279e-05,-0.0011111075016270178,0.019478333261445453,0.49344978165938863,0.5065502183406113,long,0.49344978165938863,0.0007116284540407159
has_tariff&attack_heavy,137,0.00010623693063231981,0.002684555154546464,0.01995594020829419,0.5693430656934306,0.4306569343065693,long,0.5693430656934306,0.0007079618147007648
pre_tariff&has_all_caps,34,-0.00025698080530514426,0.003662201625904138,0.024284844781998192,0.5294117647058824,0.47058823529411764,short,0.47058823529411764,0.0007051495122978364
has_exclamation,913,4.369642521469524e-05,0.001111235249801945,0.01782013507618932,0.5093099671412924,0.49069003285870755,long,0.5093099671412924,0.0006724553809048561
has_uppercase_phrase&china_streak_3d,34,-0.00026091162381548056,0.0013656553503185176,0.015455717534153061,0.5588235294117647,0.4411764705882353,short,0.4411764705882353,0.0006711896149738415
has_all_caps&volume_spike,49,-0.00016777722285308907,0.003876018890532462,0.027757542368437124,0.5510204081632653,0.4489795918367347,short,0.4489795918367347,0.0005272998432525656
has_deal&has_action,99,9.369255966779796e-05,0.0010183548303057677,0.020280739621966047,0.5050505050505051,0.494949494949495,long,0.5050505050505051,0.00047082282737283515
has_russia&tariff_only,50,0.00012515995035322858,0.0019925312572679488,0.014060617705344544,0.52,0.48,long,0.52,0.0004602075380642457
has_deal&lots_of_excl,318,-4.90044964088008e-05,-0.0011180325870159824,0.019472677018528874,0.4937106918238994,0.5062893081761006,short,0.5062893081761006,0.000442433747882881
has_deal&positive_heavy,273,-4.668028424609329e-05,-0.0011404063186331026,0.02026045573692777,0.48717948717948717,0.5128205128205128,short,0.5128205128205128,0.0003955307056195797
positive_heavy&china_streak_3d,70,9.149453906987118e-05,0.0012166588816403534,0.017454087930118375,0.5142857142857142,0.4857142857142857,long,0.5142857142857142,0.0003936848064990245
posts_very_high&has_china,131,5.243784559134097e-05,0.0028569942863594378,0.021878806215448184,0.5648854961832062,0.4351145038167939,long,0.5648854961832062,0.0003390321722763261
positive_heavy&uppercase_phrase_heavy,38,8.278464884775572e-05,0.004820612675716762,0.02593485623461799,0.6578947368421053,0.34210526315789475,long,0.6578947368421053,0.00033573608459735185
attack_heavy&open_tariff,37,-0.00014677254912688433,0.004778984855476454,0.022362906299866953,0.6486486486486487,0.35135135135135137,short,0.35135135135135137,0.0003136803597289126
has_uppercase_phrase&deal_over_tariff,95,6.453384938100992e-05,-0.001124957672404947,0.02228297685910144,0.47368421052631576,0.5263157894736842,long,0.47368421052631576,0.0002979464959873804
has_russia&pre_action,32,-0.00010893300735741879,0.007196063471155534,0.023638279156459018,0.65625,0.34375,short,0.34375,0.000211824987543056
deal_over_tariff&volume_spike,50,-4.495005944091135e-05,-0.001393454130513505,0.025612768845963196,0.48,0.52,short,0.52,0.0001652793575961154
sig_potus&has_all_caps,20,6.0114981302133994e-05,0.003905727886330812,0.025164415790949485,0.6,0.4,long,0.6,0.00016130542158924053
all_caps_heavy&exclamation_heavy,28,3.381455875651037e-05,0.0036687767786546255,0.027832844961332665,0.6428571428571429,0.35714285714285715,long,0.6428571428571429,0.00011502631692399595
has_positive&all_caps_heavy,28,3.381455875651037e-05,0.0036687767786546255,0.027832844961332665,0.6428571428571429,0.35714285714285715,long,0.6428571428571429,0.00011502631692399595
all_caps_heavy&has_exclamation,28,3.381455875651037e-05,0.0036687767786546255,0.027832844961332665,0.6428571428571429,0.35714285714285715,long,0.6428571428571429,0.00011502631692399595
has_all_caps&all_caps_heavy,28,3.381455875651037e-05,0.0036687767786546255,0.027832844961332665,0.6428571428571429,0.35714285714285715,long,0.6428571428571429,0.00011502631692399595
all_caps_heavy&lots_of_excl,28,3.381455875651037e-05,0.0036687767786546255,0.027832844961332665,0.6428571428571429,0.35714285714285715,long,0.6428571428571429,0.00011502631692399595
all_caps_heavy&has_uppercase_phrase,28,3.381455875651037e-05,0.0036687767786546255,0.027832844961332665,0.6428571428571429,0.35714285714285715,long,0.6428571428571429,0.00011502631692399595
all_caps_heavy,28,3.381455875651037e-05,0.0036687767786546255,0.027832844961332665,0.6428571428571429,0.35714285714285715,long,0.6428571428571429,0.00011502631692399595
has_night_post&all_caps_heavy,28,3.381455875651037e-05,0.0036687767786546255,0.027832844961332665,0.6428571428571429,0.35714285714285715,long,0.6428571428571429,0.00011502631692399595
has_deal&has_exclamation,345,-1.2072795490510991e-05,0.0010999992602345188,0.01933507663764828,0.5072463768115942,0.4927536231884058,short,0.4927536231884058,0.00011049616818878936
has_deal&uppercase_phrase_heavy,27,3.346094781658198e-05,0.003876018890532462,0.028446389045354712,0.6296296296296297,0.37037037037037035,long,0.6296296296296297,0.0001094725609657139
has_deal&china_streak_3d,36,3.122277875419743e-05,0.0018766903573239624,0.020587303589117843,0.5555555555555556,0.4444444444444444,long,0.5555555555555556,0.00010407592918065811
has_market_brag&pre_action,21,5.723179627877987e-05,-0.0030958126501707817,0.036195272143416134,0.38095238095238093,0.6190476190476191,long,0.38095238095238093,9.99120147069717e-05
has_uppercase_phrase&tariff_streak_3d,22,3.074786914722657e-05,-0.001121682713298433,0.018895973898010034,0.45454545454545453,0.5454545454545454,long,0.45454545454545453,6.555467728597278e-05
has_action&tariff_rising,28,3.7506983371587185e-06,0.0012686675418864812,0.01593499487968193,0.5,0.5,long,0.5,9.92341504294546e-06
