event,n,mean_ret,median_ret,std,hit_up,hit_down,direction,directional_hit,score
posts_low&silence_day,224,0.022465381858060057,0.023408660404118042,0.07994582979182473,0.616822429906542,0.37383177570093457,long,0.616822429906542,0.20739485197794047
silence_day,224,0.022465381858060057,0.023408660404118042,0.07994582979182473,0.616822429906542,0.37383177570093457,long,0.616822429906542,0.20739485197794047
silence_day&volume_drop,143,0.0252650836235145,0.028061224489795977,0.08248109978228817,0.6713286713286714,0.32167832167832167,long,0.6713286713286714,0.20282615339831997
has_action&has_uppercase_phrase,91,0.02732952685843421,0.02093596508971629,0.064547635885984,0.6703296703296703,0.32967032967032966,long,0.6703296703296703,0.174759684462934
has_action,186,0.019945965269388046,0.018727220487677054,0.05880386562969066,0.6397849462365591,0.3548387096774194,long,0.6397849462365591,0.17403858665277608
has_attack&short_posts,295,0.016424822208497693,0.009722179118832441,0.06022531808366248,0.6135593220338983,0.36271186440677966,long,0.6135593220338983,0.17308851186946891
has_action&has_night_post,181,0.0201008525508328,0.018722514006090707,0.05927155385003354,0.6353591160220995,0.35911602209944754,long,0.6353591160220995,0.17181972940953155
has_action&has_exclamation,185,0.0197745352225962,0.018722514006090707,0.05891681928164614,0.6378378378378379,0.3567567567567568,long,0.6378378378378379,0.17155462380098874
has_action&exclamation_heavy,180,0.019767584949054392,0.018156898408741906,0.05930695132840154,0.6388888888888888,0.3611111111111111,long,0.6388888888888888,0.1694397108388348
has_action&lots_of_excl,173,0.019482552539186078,0.018722514006090707,0.05793312360350289,0.6473988439306358,0.35260115606936415,long,0.6473988439306358,0.16589787654653393
has_action&has_attack,148,0.020757973622324233,0.018156898408741906,0.0619900871326827,0.6554054054054054,0.34459459459459457,long,0.6554054054054054,0.16551060733803902
has_action&attack_heavy,102,0.024503354938586717,0.019895284825295345,0.058152831270622735,0.6666666666666666,0.3333333333333333,long,0.6666666666666666,0.16498116947246355
has_action&short_posts,103,0.02439606737764312,0.01979038890303264,0.05849621719852929,0.6601941747572816,0.33980582524271846,long,0.6601941747572816,0.16345948432297178
has_action&has_positive,181,0.01906913781742984,0.015624840247094651,0.05936097740221667,0.6298342541436464,0.36464088397790057,long,0.6298342541436464,0.16158335505590712
deal_heavy&short_posts,65,0.027294925367458114,0.019059728838057177,0.04954971823747028,0.7230769230769231,0.27692307692307694,long,0.7230769230769231,0.15911938470849124
posts_low,401,0.013565605208693852,0.013043565520121314,0.07605988318765246,0.5703324808184144,0.4194373401534527,long,0.5703324808184144,0.15493140734309419
has_action&has_all_caps,54,0.029689641347988998,0.02046807291863717,0.062280934016957806,0.7037037037037037,0.2962962962962963,long,0.7037037037037037,0.15352944078082192
short_posts,525,0.01138017271813924,0.009459362466112564,0.06316048436647854,0.5866666666666667,0.3923809523809524,long,0.5866666666666667,0.15297480851413028
has_action&positive_heavy,149,0.019986195809594317,0.019230659537219807,0.06149883736440107,0.6241610738255033,0.37583892617449666,long,0.6241610738255033,0.15227196506576102
has_china&has_all_caps,87,0.024206282840435155,0.01049878199088461,0.06127477803044002,0.6436781609195402,0.3563218390804598,long,0.6436781609195402,0.1453304118283335
attack_heavy&pre_action,45,0.031172600113186722,0.029023649680683494,0.06150977547978776,0.6888888888888889,0.3111111111111111,long,0.6888888888888889,0.14405504263623983
exclamation_heavy&short_posts,410,0.012084337687160619,0.008822433243900085,0.059825137571862426,0.5878048780487805,0.3853658536585366,long,0.5878048780487805,0.14382949877367493
has_exclamation&short_posts,472,0.011307831462274915,0.009044705456612512,0.06146474525485437,0.5847457627118644,0.3919491525423729,long,0.5847457627118644,0.1436538962614647
has_positive&short_posts,424,0.011851779000570103,0.008822433243900085,0.05941338454608736,0.5872641509433962,0.3891509433962264,long,0.5872641509433962,0.1433177440686038
posts_low&volume_drop,209,0.016163909694440128,0.02008928571428581,0.0751304794172655,0.6124401913875598,0.3827751196172249,long,0.6124401913875598,0.14311436964184704
pre_action&has_all_caps,29,0.03456028388891519,0.03341893156065501,0.06313663158351554,0.7586206896551724,0.2413793103448276,long,0.7586206896551724,0.1411890392934345
volume_drop,309,0.013297799931155914,0.016853988565226352,0.06877549393979943,0.6019417475728155,0.39158576051779936,long,0.6019417475728155,0.1407062857691689
posts_very_high&has_action,97,0.022350819069520664,0.01291098554172776,0.05767922535017203,0.6391752577319587,0.36082474226804123,long,0.6391752577319587,0.14070167426496563
has_action&has_iran,34,0.03271112883246249,0.023891318899208813,0.06242023565753676,0.7352941176470589,0.2647058823529412,long,0.7352941176470589,0.1402478078295411
has_night_post&short_posts,441,0.01144571421162072,0.008695755033678143,0.0608384245673602,0.5827664399092971,0.3945578231292517,long,0.5827664399092971,0.14007374058983454
deal_heavy&deal_only,88,0.021389398701554162,0.019333773432810952,0.05440581984809256,0.6931818181818182,0.3068181818181818,long,0.6931818181818182,0.1390871713304069
has_uppercase_phrase&short_posts,160,0.018260922099724075,0.008731551773788815,0.060457697998660645,0.59375,0.38125,long,0.59375,0.1371470017738272
posts_high&has_action,133,0.018956793216448223,0.01291098554172776,0.05717589792969889,0.6240601503759399,0.37593984962406013,long,0.6240601503759399,0.13643228242197256
lots_of_excl&short_posts,363,0.01217334055019267,0.008695755033678143,0.06094084103058707,0.5867768595041323,0.3856749311294766,long,0.5867768595041323,0.13609308613498405
pre_action,84,0.022952892311534585,0.0200717644362145,0.06116045113602514,0.6190476190476191,0.36904761904761907,long,0.6190476190476191,0.13022702511096218
has_action&pre_action,84,0.022952892311534585,0.0200717644362145,0.06116045113602514,0.6190476190476191,0.36904761904761907,long,0.6190476190476191,0.13022702511096218
has_action&has_china,87,0.02198132199662044,0.01049878199088461,0.06123435236995346,0.632183908045977,0.367816091954023,long,0.632183908045977,0.12961547964685385
has_action&uppercase_phrase_heavy,28,0.03232534341677054,0.03367361617415021,0.0547929958419967,0.75,0.25,long,0.75,0.1282872295883007
pre_action&has_exclamation,83,0.022607017231843673,0.01990054893154447,0.061449543810962085,0.6144578313253012,0.37349397590361444,long,0.6144578313253012,0.12655356836840242
pre_action&has_night_post,83,0.022607017231843673,0.01990054893154447,0.061449543810962085,0.6144578313253012,0.37349397590361444,long,0.6144578313253012,0.12655356836840242
has_attack&has_all_caps,146,0.01649740385353863,0.00974638728957622,0.0600268846940943,0.6301369863013698,0.363013698630137,long,0.6301369863013698,0.1256108068977277
has_action&has_russia,77,0.021476823842735627,0.019230659537219807,0.06534178065851831,0.6623376623376623,0.33766233766233766,long,0.6623376623376623,0.12482307250765269
pre_action&exclamation_heavy,80,0.02203609708573797,0.01956560423438214,0.062308509431111256,0.6125,0.3875,long,0.6125,0.12072181705411304
pre_action&has_uppercase_phrase,43,0.02727220538982336,0.0231923510944696,0.05669822228223233,0.6744186046511628,0.32558139534883723,long,0.6744186046511628,0.1206101976211913
attack_heavy&short_posts,150,0.015961347830212542,0.007629583172235166,0.05653754772896051,0.6133333333333333,0.36666666666666664,long,0.6133333333333333,0.1198979505593738
posts_very_high&has_all_caps,99,0.018700178410638427,0.008805064675898366,0.055218920751507285,0.6363636363636364,0.36363636363636365,long,0.6363636363636364,0.11840463466514883
has_action&volume_spike,65,0.023166966721209516,0.01105665416476076,0.06301841040437754,0.6307692307692307,0.36923076923076925,long,0.6307692307692307,0.11781385130859212
has_positive&pre_action,80,0.021380295163778422,0.015143656850990284,0.062257083789425814,0.6,0.3875,long,0.6,0.11473870407652452
has_positive&has_all_caps,176,0.014430861407896867,0.007276769447079112,0.062006453539356646,0.5965909090909091,0.3977272727272727,long,0.5965909090909091,0.1142155461958965
has_night_post&has_all_caps,177,0.014096691809657377,0.007481392446026636,0.06254829262573684,0.5988700564971752,0.3954802259887006,long,0.5988700564971752,0.11231465751111516
has_all_caps&lots_of_excl,170,0.014175687704164991,0.00801416083659412,0.06206434808820812,0.6058823529411764,0.38823529411764707,long,0.6058823529411764,0.11198423846786569
has_all_caps,181,0.013929916496851918,0.007481392446026636,0.06208466027550895,0.5966850828729282,0.39779005524861877,long,0.5966850828729282,0.11182347421007614
has_all_caps&has_exclamation,181,0.013929916496851918,0.007481392446026636,0.06208466027550895,0.5966850828729282,0.39779005524861877,long,0.5966850828729282,0.11182347421007614
has_attack&has_night_post,556,0.00830552432532545,0.006489310874989496,0.06129428676047472,0.5611510791366906,0.4244604316546763,long,0.5611510791366906,0.10989659909168858
has_all_caps&exclamation_heavy,176,0.013690368649938944,0.007276769447079112,0.061229499725624484,0.5965909090909091,0.3977272727272727,long,0.5965909090909091,0.10835478830946926
attack_heavy&positive_heavy,258,0.011776825175693725,0.006222819926915868,0.05976187986700107,0.5697674418604651,0.4186046511627907,long,0.5697674418604651,0.10777938716556029
pre_action&short_posts,50,0.024512704151955004,0.015478601548152615,0.06254779765377634,0.62,0.38,long,0.62,0.10746521585261554
attack_heavy&has_positive,294,0.01102175022250051,0.006113153203901045,0.05713921999457828,0.5680272108843537,0.41836734693877553,long,0.5680272108843537,0.1073478549435249
has_attack&attack_heavy,297,0.01090475259533071,0.006195597853197343,0.056892535665722416,0.569023569023569,0.4175084175084175,long,0.569023569023569,0.106936089075555
attack_heavy&has_exclamation,297,0.01090475259533071,0.006195597853197343,0.056892535665722416,0.569023569023569,0.4175084175084175,long,0.569023569023569,0.106936089075555
attack_heavy,297,0.01090475259533071,0.006195597853197343,0.056892535665722416,0.569023569023569,0.4175084175084175,long,0.569023569023569,0.106936089075555
has_attack&pre_action,60,0.022262513179291992,0.010730718332632172,0.06681347416185884,0.6166666666666667,0.38333333333333336,long,0.6166666666666667,0.1063408894386826
attack_heavy&exclamation_heavy,296,0.010882637610572498,0.006113153203901045,0.056987603366163535,0.5675675675675675,0.4189189189189189,long,0.5675675675675675,0.10626679774483351
deal_heavy&deal_over_tariff,132,0.01475048340145132,0.013325693230610836,0.05665634530200685,0.6212121212121212,0.3787878787878788,long,0.6212121212121212,0.10527691256426105
attack_heavy&lots_of_excl,294,0.010814270445085651,0.005783894593627714,0.05717488642446444,0.564625850340136,0.4217687074829932,long,0.564625850340136,0.10469637600316228
posts_high&has_uppercase_phrase,198,0.013255765398223613,0.00497847792828543,0.058197635737427374,0.5606060606060606,0.41414141414141414,long,0.5606060606060606,0.10456713111349794
posts_very_high&has_uppercase_phrase,124,0.01605413358732939,0.0059498706196087214,0.058916028750651175,0.5806451612903226,0.4032258064516129,long,0.5806451612903226,0.10380267042229752
attack_heavy&has_uppercase_phrase,146,0.015217041540360613,0.0041329797987463834,0.05504202671120401,0.5616438356164384,0.4246575342465753,long,0.5616438356164384,0.1032684481244562
has_all_caps&short_posts,125,0.015170548560848391,0.007481392446026636,0.06125820640790097,0.608,0.384,long,0.608,0.10312402862757657
pre_action&lots_of_excl,76,0.019485832261216113,0.015143656850990284,0.05926761246490642,0.6052631578947368,0.39473684210526316,long,0.6052631578947368,0.10281819969056794
has_all_caps&has_uppercase_phrase,133,0.015756192767770235,0.00564969923858305,0.06304201445734671,0.5639097744360902,0.42857142857142855,long,0.5639097744360902,0.10246763873008057
has_attack&has_exclamation,609,0.0074399386694534745,0.006250042000634393,0.061477708373032576,0.555008210180624,0.4302134646962233,long,0.555008210180624,0.1019007567995781
has_attack,609,0.0074399386694534745,0.006250042000634393,0.061477708373032576,0.555008210180624,0.4302134646962233,long,0.555008210180624,0.1019007567995781
attack_heavy&has_night_post,283,0.010686300779917108,0.006030708554604747,0.055814849936184685,0.5653710247349824,0.4204946996466431,long,0.5653710247349824,0.10163754320797229
attack_heavy&deal_over_tariff,142,0.014201119457494284,0.00816059712896422,0.052699407841903516,0.5985915492957746,0.39436619718309857,long,0.5985915492957746,0.10129717508322554
has_attack&has_uppercase_phrase,218,0.012436872622723999,0.004137974298726088,0.06006292783986507,0.5504587155963303,0.43119266055045874,long,0.5504587155963303,0.10107975616358574
attack_heavy&deal_only,116,0.014895162309115313,0.010052664512482878,0.05247842264337947,0.6293103448275862,0.3620689655172414,long,0.6293103448275862,0.10095762038005343
has_uppercase_phrase&lots_of_excl,269,0.011175984618675337,0.004419875223920178,0.06276577164558358,0.5464684014869888,0.4349442379182156,long,0.5464684014869888,0.10016753585092589
posts_high&has_all_caps,134,0.014251710772655371,0.00801416083659412,0.05671279076024036,0.6044776119402985,0.3880597014925373,long,0.6044776119402985,0.09972398387081911
attack_heavy&has_all_caps,101,0.01646572715294816,0.006195597853197343,0.05564484972776839,0.594059405940594,0.39603960396039606,long,0.594059405940594,0.09830406528620317
positive_heavy&uppercase_phrase_heavy,38,0.025202864591249163,0.021126039966263388,0.04944025152970931,0.631578947368421,0.3684210526315789,long,0.631578947368421,0.09812266825340671
has_night_post&has_uppercase_phrase,276,0.01085346869493206,0.0038338328888318784,0.060111575550736235,0.5398550724637681,0.4420289855072464,long,0.5398550724637681,0.09734200453954191
deal_heavy&has_action,54,0.01985608396287664,0.021596265921013824,0.051244006028251375,0.6666666666666666,0.3333333333333333,long,0.6666666666666666,0.09727454799781578
has_russia&has_night_post,265,0.010800861588169718,0.00564969923858305,0.05930809113040632,0.5509433962264151,0.43018867924528303,long,0.5509433962264151,0.09686978135569596
positive_heavy&pre_action,67,0.01975820113406719,0.019230659537219807,0.06203370637226617,0.5970149253731343,0.40298507462686567,long,0.5970149253731343,0.09655393816116434
positive_heavy&has_all_caps,145,0.01291118203009108,0.008805064675898366,0.05709453926512055,0.6206896551724138,0.3793103448275862,long,0.6206896551724138,0.09649937764511085
has_attack&exclamation_heavy,593,0.00713169515179387,0.006250042000634393,0.06098613953725571,0.554806070826307,0.4300168634064081,long,0.554806070826307,0.09635213049299642
posts_high&deal_only,158,0.012852723436820245,0.008094519916186704,0.05570854848289947,0.5949367088607594,0.37341772151898733,long,0.5949367088607594,0.09611573086558961
has_uppercase_phrase&exclamation_heavy,277,0.01065515825221356,0.003846084373572589,0.06221125944426162,0.5415162454873647,0.4404332129963899,long,0.5415162454873647,0.09603096185885258
has_all_caps&volume_spike,49,0.021373392101965007,0.007072146448131589,0.06833053478708136,0.6326530612244898,0.3673469387755102,long,0.6326530612244898,0.09465359359441647
has_deal&has_action,99,0.015341390220506401,0.01105665416476076,0.0485607606542224,0.6161616161616161,0.3838383838383838,long,0.6161616161616161,0.09405393159256645
positive_heavy&short_posts,278,0.00973257911808894,0.007276769447079112,0.0610041077629818,0.579136690647482,0.3920863309352518,long,0.579136690647482,0.09397913014400612
has_attack&has_positive,591,0.006950008781168493,0.006030708554604747,0.06162431150308134,0.5532994923857868,0.43147208121827413,long,0.5532994923857868,0.09348444747072614
has_deal&short_posts,169,0.012025148965517866,0.008695755033678143,0.051789215263861085,0.5976331360946746,0.38461538461538464,long,0.5976331360946746,0.09342615734748498
has_russia&short_posts,138,0.014206452164269792,0.006075846816562258,0.0613836944232245,0.5579710144927537,0.41304347826086957,long,0.5579710144927537,0.09311868091484742
pre_deal&short_posts,71,0.016925906552509223,0.013453037725379424,0.04715270030405041,0.647887323943662,0.3380281690140845,long,0.647887323943662,0.09240183504617709
has_attack&lots_of_excl,567,0.00692325667660981,0.006195597853197343,0.06107011761018995,0.5555555555555556,0.43033509700176364,long,0.5555555555555556,0.09158607714488544
has_action&deal_only,70,0.016534455703277034,0.013340747205927705,0.04653834563946102,0.6571428571428571,0.34285714285714286,long,0.6571428571428571,0.09090729068311314
posts_high&attack_heavy,243,0.01030499068592939,0.006030708554604747,0.05684019075256476,0.5637860082304527,0.41975308641975306,long,0.5637860082304527,0.09056596811921722
has_uppercase_phrase,296,0.009695137324979425,0.0038338328888318784,0.061971232855670834,0.5405405405405406,0.44256756756756754,long,0.5405405405405406,0.09016294570607412
has_deal&pre_tariff,40,-0.022417052435474524,-0.01760391823683488,0.06151960903486503,0.375,0.625,short,0.625,0.08861118015440532
has_attack&has_china,229,0.010391303477839528,0.006030708554604747,0.06228987073682698,0.5633187772925764,0.4192139737991266,long,0.5633187772925764,0.08858128941257731
posts_very_high&pre_action,44,0.020944597260387565,0.015143656850990284,0.05853620056254545,0.6363636363636364,0.36363636363636365,long,0.6363636363636364,0.08841047154266879
has_action&deal_over_tariff,88,0.015013454713687757,0.009801791695961182,0.049827221785236554,0.625,0.375,long,0.625,0.08802418074809552
short_posts&deal_over_tariff,162,0.01154678797618726,0.00801416083659412,0.05247020956824767,0.5925925925925926,0.3888888888888889,long,0.5925925925925926,0.08709132884144322
posts_high&pre_tariff,43,-0.021935850475707234,-0.01632214440823898,0.06181545413457403,0.3488372093023256,0.6046511627906976,short,0.6046511627906976,0.08697483175095361
short_posts&deal_only,145,0.011889862915800858,0.00944672835640148,0.05207743958541336,0.6068965517241379,0.3724137931034483,long,0.6068965517241379,0.08689114466893257
positive_heavy&has_uppercase_phrase,229,0.01037994634134191,0.0038560733735319985,0.060268204106708856,0.5502183406113537,0.43231441048034935,long,0.5502183406113537,0.08642669633746458
has_uppercase_phrase&has_exclamation,294,0.009374814157698192,0.003726738590372869,0.06205829135194174,0.5374149659863946,0.445578231292517,long,0.5374149659863946,0.08638654183155425
posts_very_high&deal_over_tariff,118,0.013595580213259626,0.005518806497920248,0.05056588430575589,0.5847457627118644,0.4067796610169492,long,0.5847457627118644,0.08635864781349965
posts_very_high&attack_heavy,164,0.011620339160381165,0.006376018197587929,0.05866415111225238,0.5792682926829268,0.40853658536585363,long,0.5792682926829268,0.0862026238521651
has_deal&attack_heavy,160,0.011421110847867389,0.00816059712896422,0.054861249577537505,0.59375,0.4,long,0.59375,0.08577721876022974
has_russia&has_exclamation,284,0.009191008124137562,0.005581292818816808,0.0594507198646889,0.5492957746478874,0.43309859154929575,long,0.5492957746478874,0.0850802149238898
has_russia,284,0.009191008124137562,0.005581292818816808,0.0594507198646889,0.5492957746478874,0.43309859154929575,long,0.5492957746478874,0.0850802149238898
has_china&uppercase_phrase_heavy,34,0.02362322710739908,0.023891318899208813,0.04604743358910514,0.6176470588235294,0.38235294117647056,long,0.6176470588235294,0.0850783505338012
posts_high&deal_over_tariff,193,0.010689654603981504,0.006195597853197343,0.05655809901353929,0.5699481865284974,0.40414507772020725,long,0.5699481865284974,0.08464039929410104
attack_heavy&volume_spike,95,0.014915199097786363,0.006501994394541466,0.06273476336677271,0.5789473684210527,0.4105263157894737,long,0.5789473684210527,0.08416469265252856
posts_high&short_posts,236,0.009769909234521158,0.004960203793554996,0.057737889696877216,0.559322033898305,0.4025423728813559,long,0.559322033898305,0.08394763367917106
has_attack&uppercase_phrase_heavy,42,0.02163753304167531,0.01395894163966438,0.04860910006128995,0.5952380952380952,0.40476190476190477,long,0.5952380952380952,0.08346859583114881
has_attack&deal_over_tariff,228,0.009659991292758182,0.006661094224382991,0.053224410368181214,0.5701754385964912,0.41228070175438597,long,0.5701754385964912,0.08316731173546117
posts_very_high&uppercase_phrase_heavy,36,0.022575425043791477,0.01796047897631259,0.0523906290360604,0.6111111111111112,0.3888888888888889,long,0.6111111111111112,0.08277655849390209
has_positive&has_uppercase_phrase,284,0.00923729355854341,0.002752277154826288,0.06138551017860773,0.5316901408450704,0.4507042253521127,long,0.5316901408450704,0.08276801177806818
pre_tariff&has_night_post,59,-0.018153279528552557,-0.015047831468980366,0.058598856874916866,0.3728813559322034,0.5932203389830508,short,0.5932203389830508,0.08271744923934593
posts_very_high&has_night_post,223,0.009514390603014577,0.006195597853197343,0.05716428529946212,0.57847533632287,0.40358744394618834,long,0.57847533632287,0.08218986284492222
has_attack&deal_only,193,0.010177764475299172,0.007556660267789894,0.051904732545458375,0.5803108808290155,0.39896373056994816,long,0.5803108808290155,0.08205248997938569
posts_high&pre_action,61,0.017660638501252154,0.010404782500503584,0.057479179306662916,0.5901639344262295,0.4098360655737705,long,0.5901639344262295,0.08140366984763166
pre_tariff&has_exclamation,63,-0.01745754896699974,-0.015047831468980366,0.05904998811545863,0.38095238095238093,0.5873015873015873,short,0.5873015873015873,0.08137944397591965
has_tariff&pre_tariff,63,-0.01745754896699974,-0.015047831468980366,0.05904998811545863,0.38095238095238093,0.5873015873015873,short,0.5873015873015873,0.08137944397591965
pre_tariff,63,-0.01745754896699974,-0.015047831468980366,0.05904998811545863,0.38095238095238093,0.5873015873015873,short,0.5873015873015873,0.08137944397591965
has_deal&uppercase_phrase_heavy,27,0.026418224899603267,0.019059728838057177,0.05318304816795488,0.5925925925925926,0.4074074074074074,long,0.5925925925925926,0.08134703603892278
pre_tariff&volume_spike,22,-0.025340149222682094,-0.025378495783477506,0.06970808816514001,0.3181818181818182,0.6818181818181818,short,0.6818181818181818,0.08103806950250832
posts_very_high&deal_only,95,0.013596430833240686,0.006195597853197343,0.04970350594286315,0.6105263157894737,0.37894736842105264,long,0.6105263157894737,0.08090793346306273
pre_tariff&pre_deal,30,-0.022076636906677976,-0.022972879267879498,0.0630346511293896,0.3333333333333333,0.6666666666666666,short,0.6666666666666666,0.08061248018425733
has_china&pre_action,45,0.01974872941025559,0.010404782500503584,0.06808252849755925,0.6,0.4,long,0.6,0.07948710257504549
has_positive&has_russia,276,0.008657489326801203,0.005581292818816808,0.05873789993131684,0.5507246376811594,0.4311594202898551,long,0.5507246376811594,0.07921018210228074
pre_action&volume_spike,34,0.020946640418774726,0.010730718332632172,0.06525442041123024,0.6470588235294118,0.35294117647058826,long,0.6470588235294118,0.0790310222967926
sig_potus&has_all_caps,20,0.02941396347642287,0.010266097051962242,0.07989854240970272,0.6,0.4,long,0.6,0.0789259461851731
uppercase_phrase_heavy&deal_over_tariff,24,0.02750399246059077,0.015058191501408968,0.05545687835473231,0.5833333333333334,0.4166666666666667,long,0.5833333333333334,0.0785992053207701
deal_heavy&has_attack,112,0.011982545262005928,0.009335465239454388,0.05998156671962483,0.6160714285714286,0.38392857142857145,long,0.6160714285714286,0.07812484299079164
has_china&short_posts,153,0.011018652385362317,0.004162250569010206,0.061702662901382356,0.5686274509803921,0.41830065359477125,long,0.5686274509803921,0.077500056556916
posts_very_high&positive_heavy,212,0.009150750125167428,0.006376018197587929,0.05932492118592334,0.5801886792452831,0.4009433962264151,long,0.5801886792452831,0.07730256016141188
has_uppercase_phrase&volume_spike,79,0.015605755862471048,0.00564969923858305,0.06562759234562737,0.5569620253164557,0.4177215189873418,long,0.5569620253164557,0.07725452726495478
posts_very_high&has_attack,205,0.009326789964780547,0.006250042000634393,0.059280002123087726,0.5756097560975609,0.4097560975609756,long,0.5756097560975609,0.07686652954945246
positive_heavy&pre_tariff,53,-0.0179999564938845,-0.015047831468980366,0.06277927407170496,0.37735849056603776,0.5849056603773585,short,0.5849056603773585,0.0766470094266071
has_attack&has_russia,248,0.008855534284506871,0.005624447091894469,0.06076029317343311,0.5483870967741935,0.43548387096774194,long,0.5483870967741935,0.07647647055751014
has_positive&pre_tariff,62,-0.01667858367802833,-0.01490644240949357,0.05920480683076283,0.3870967741935484,0.5806451612903226,short,0.5806451612903226,0.07625456083054451
has_china&sig_potus,28,0.021220825905740568,0.024553206247697523,0.06773910678391908,0.6785714285714286,0.32142857142857145,long,0.6785714285714286,0.07619682366269602
has_uppercase_phrase&china_streak_3d,34,0.019129247341320675,0.013244135691180214,0.054562530604041606,0.6764705882352942,0.2647058823529412,long,0.6764705882352942,0.07545469363918468
has_night_post&has_exclamation,802,0.0050055269841648145,0.004291062896465192,0.06091387699842714,0.529925187032419,0.4538653366583541,long,0.529925187032419,0.07511930355496568
posts_very_high&lots_of_excl,224,0.008663270252720123,0.006222819926915868,0.058121549173682,0.5758928571428571,0.40625,long,0.5758928571428571,0.0746702428281694
posts_very_high&has_exclamation,226,0.00855970814155401,0.005922648545890197,0.05787671011558139,0.5752212389380531,0.40707964601769914,long,0.5752212389380531,0.0740198310733004
posts_very_high,226,0.00855970814155401,0.005922648545890197,0.05787671011558139,0.5752212389380531,0.40707964601769914,long,0.5752212389380531,0.0740198310733004
posts_very_high&has_positive,226,0.00855970814155401,0.005922648545890197,0.05787671011558139,0.5752212389380531,0.40707964601769914,long,0.5752212389380531,0.0740198310733004
posts_high&posts_very_high,226,0.00855970814155401,0.005922648545890197,0.05787671011558139,0.5752212389380531,0.40707964601769914,long,0.5752212389380531,0.0740198310733004
posts_very_high&exclamation_heavy,226,0.00855970814155401,0.005922648545890197,0.05787671011558139,0.5752212389380531,0.40707964601769914,long,0.5752212389380531,0.0740198310733004
deal_heavy&open_deal,49,0.016624532239602932,0.00564969923858305,0.0599160878864274,0.6326530612244898,0.3673469387755102,long,0.6326530612244898,0.07362292848967013
has_russia&exclamation_heavy,279,0.008085087461234517,0.005537080632650682,0.058134176001035306,0.5448028673835126,0.43727598566308246,long,0.5448028673835126,0.07357431181965443
open_deal&deal_only,61,0.015112511145673727,0.009831417809848197,0.05503730551255465,0.6229508196721312,0.3442622950819672,long,0.6229508196721312,0.07352843345164081
deal_heavy&uppercase_phrase_heavy,20,0.025255665420764895,0.021126039966263388,0.050307772204963415,0.65,0.35,long,0.65,0.07341540010716747
has_attack&pre_tariff,51,-0.017466323071038573,-0.015047831468980366,0.0619305588208374,0.39215686274509803,0.5882352941176471,short,0.5882352941176471,0.07337323301272279
deal_heavy&has_exclamation,144,0.010092203205549209,0.009950476741454994,0.06016188942746813,0.6041666666666666,0.3958333333333333,long,0.6041666666666666,0.07316847324023175
has_deal&deal_heavy,144,0.010092203205549209,0.009950476741454994,0.06016188942746813,0.6041666666666666,0.3958333333333333,long,0.6041666666666666,0.07316847324023175
deal_heavy,144,0.010092203205549209,0.009950476741454994,0.06016188942746813,0.6041666666666666,0.3958333333333333,long,0.6041666666666666,0.07316847324023175
has_china&has_uppercase_phrase,127,0.011754129777323699,0.00363189577665457,0.05640513762714428,0.5511811023622047,0.4330708661417323,long,0.5511811023622047,0.07301072499300972
has_china&pre_tariff,39,-0.018958393994269882,-0.015047831468980366,0.06214216248076885,0.358974358974359,0.6153846153846154,short,0.6153846153846154,0.07285854310588531
attack_heavy&has_russia,148,0.010654035808067166,0.006266351474573106,0.0566684545999954,0.5608108108108109,0.43243243243243246,long,0.5608108108108109,0.07268777694879212
has_night_post,827,0.004768864070158494,0.004419875223920178,0.061225590040736556,0.5296251511487303,0.4546553808948005,long,0.5296251511487303,0.07263338749562802
has_russia&deal_only,96,0.012703954346517013,0.007244750525242427,0.052403061572401786,0.5729166666666666,0.40625,long,0.5729166666666666,0.07131255510632731
has_attack&positive_heavy,459,0.005964338270490559,0.00564969923858305,0.06228367742999979,0.5555555555555556,0.42919389978213507,long,0.5555555555555556,0.07098982480387896
attack_heavy&has_china,146,0.010581970813223152,0.0041329797987463834,0.05795544048806537,0.5547945205479452,0.4246575342465753,long,0.5547945205479452,0.07093738100013913
pre_tariff&lots_of_excl,60,-0.01609336444723939,-0.012203481018245144,0.06010977570994786,0.4,0.5666666666666667,short,0.5666666666666667,0.07063991015375198
posts_high&has_attack,347,0.006824683928123982,0.005537080632650682,0.05890776912704411,0.553314121037464,0.4265129682997118,long,0.553314121037464,0.07034269999008527
posts_high&has_chips,24,0.020221574561428368,0.03587125711413597,0.05412869743188522,0.7083333333333334,0.2916666666666667,long,0.7083333333333334,0.07017109758412071
uppercase_phrase_heavy&volume_spike,22,0.023508594770163205,0.01712450262961518,0.05504570970425187,0.6363636363636364,0.36363636363636365,long,0.6363636363636364,0.07016868943717573
deal_heavy&exclamation_heavy,142,0.009754521578406521,0.009335465239454388,0.06048444226410907,0.5985915492957746,0.4014084507042254,long,0.5985915492957746,0.06957940767546315
has_uppercase_phrase&uppercase_phrase_heavy,46,0.0181421067282514,0.008779324279651113,0.04849475333951938,0.5652173913043478,0.43478260869565216,long,0.5652173913043478,0.06954760032439197
has_night_post&uppercase_phrase_heavy,46,0.0181421067282514,0.008779324279651113,0.04849475333951938,0.5652173913043478,0.43478260869565216,long,0.5652173913043478,0.06954760032439197
uppercase_phrase_heavy&exclamation_heavy,46,0.0181421067282514,0.008779324279651113,0.04849475333951938,0.5652173913043478,0.43478260869565216,long,0.5652173913043478,0.06954760032439197
uppercase_phrase_heavy&has_exclamation,46,0.0181421067282514,0.008779324279651113,0.04849475333951938,0.5652173913043478,0.43478260869565216,long,0.5652173913043478,0.06954760032439197
uppercase_phrase_heavy&lots_of_excl,46,0.0181421067282514,0.008779324279651113,0.04849475333951938,0.5652173913043478,0.43478260869565216,long,0.5652173913043478,0.06954760032439197
has_positive&uppercase_phrase_heavy,46,0.0181421067282514,0.008779324279651113,0.04849475333951938,0.5652173913043478,0.43478260869565216,long,0.5652173913043478,0.06954760032439197
uppercase_phrase_heavy,46,0.0181421067282514,0.008779324279651113,0.04849475333951938,0.5652173913043478,0.43478260869565216,long,0.5652173913043478,0.06954760032439197
has_action&open_deal,28,0.019259101961722886,0.019408595670782125,0.047552622599349885,0.6785714285714286,0.32142857142857145,long,0.6785714285714286,0.06915293507413887
deal_heavy&pre_action,27,0.01885312535730594,0.0231923510944696,0.050052471525784466,0.7037037037037037,0.2962962962962963,long,0.7037037037037037,0.06893742766734018
posts_very_high&has_deal,134,0.010304950275485432,0.004960203793554996,0.05364558778769245,0.5746268656716418,0.417910447761194,long,0.5746268656716418,0.06854633301036908
has_russia&has_uppercase_phrase,115,0.012180342714458732,0.0026954749644259035,0.059691270439566506,0.5217391304347826,0.45217391304347826,long,0.5217391304347826,0.06814936888348586
pre_tariff&exclamation_heavy,60,-0.01551823834033655,-0.012203481018245144,0.05974994526281788,0.4,0.5666666666666667,short,0.5666666666666667,0.06811546247521433
open_deal&deal_over_tariff,78,0.013075395051856998,0.005038603615770909,0.054077742580592676,0.5897435897435898,0.38461538461538464,long,0.5897435897435898,0.0681028598360936
has_china&deal_only,91,0.011780084016890924,0.006250042000634393,0.05317083823720852,0.6043956043956044,0.37362637362637363,long,0.6043956043956044,0.06791885897619339
posts_high&uppercase_phrase_heavy,43,0.01843814928277315,0.006501994394541466,0.049754823400808904,0.5581395348837209,0.4418604651162791,long,0.5581395348837209,0.06748299372484909
has_russia&deal_over_tariff,115,0.01114726988816893,0.005537080632650682,0.05230673374124316,0.5565217391304348,0.4260869565217391,long,0.5565217391304348,0.06652724972460795
attack_heavy&china_streak_3d,40,0.014432267246234618,0.015257999005884315,0.028601947045982973,0.725,0.25,long,0.725,0.06617631263260394
has_positive&has_night_post,755,0.004541743343600769,0.0038560733735319985,0.06022652794606124,0.5298013245033113,0.4543046357615894,long,0.5298013245033113,0.06611638560032804
has_night_post&exclamation_heavy,742,0.004522440392757595,0.004434624481483573,0.0602238417909802,0.5309973045822103,0.4528301886792453,long,0.5309973045822103,0.06541345987420621
has_night_post&deal_only,240,0.0074351492562768455,0.006865717223330514,0.05203406643399591,0.5666666666666667,0.4125,long,0.5666666666666667,0.06527140762455381
deal_only&china_streak_3d,27,0.01692074005929951,0.025510377201782175,0.05923056325531532,0.7407407407407407,0.2222222222222222,long,0.7407407407407407,0.0651279588541617
attack_heavy&sig_potus,30,0.018498659669182373,0.024553206247697523,0.06377610485743075,0.6333333333333333,0.36666666666666664,long,0.6333333333333333,0.06417017683467419
deal_only&volume_spike,54,0.014728178124102098,0.007125034435579436,0.055911361917639256,0.5925925925925926,0.37037037037037035,long,0.5925925925925926,0.06413603776866075
has_russia&pre_action,32,0.01648986376115532,0.02369185492905257,0.06155995377507123,0.6875,0.3125,long,0.6875,0.0641305196749538
posts_very_high&short_posts,158,0.008753092336992842,0.004960203793554996,0.05588048966254466,0.5822784810126582,0.3924050632911392,long,0.5822784810126582,0.06406499458336826
has_russia&uppercase_phrase_heavy,25,0.021302829852225407,0.01105665416476076,0.05075242842908501,0.6,0.4,long,0.6,0.06390848955667622
deal_heavy&attack_heavy,79,0.012075549572472444,0.007072146448131589,0.05712081669421478,0.5949367088607594,0.4050632911392405,long,0.5949367088607594,0.06385445718879948
has_iran&open_deal,22,0.018527791370366312,0.005575115800886432,0.05780875011342086,0.7272727272727273,0.2727272727272727,long,0.7272727272727273,0.06320221428239031
deal_heavy&has_uppercase_phrase,64,0.01359825563017156,0.00497847792828543,0.05724713690224456,0.578125,0.421875,long,0.578125,0.06289193228954347
has_russia&lots_of_excl,262,0.007217389379003534,0.005154044951027337,0.05793099664718811,0.5381679389312977,0.44274809160305345,long,0.5381679389312977,0.06287074449620113
attack_heavy&uppercase_phrase_heavy,35,0.018586887781888786,0.01105665416476076,0.04799593377623013,0.5714285714285714,0.42857142857142855,long,0.5714285714285714,0.06283514916409914
posts_very_high&deal_heavy,74,0.011890446532244497,0.005593389935616866,0.05401266147076074,0.6081081081081081,0.3918918918918919,long,0.6081081081081081,0.062200634984237564
deal_heavy&pre_tariff,23,-0.021219138960744625,-0.01632214440823898,0.07448106036927456,0.391304347826087,0.6086956521739131,short,0.6086956521739131,0.06194294858073436
has_deal&has_all_caps,91,0.010544579759449283,0.006195597853197343,0.050014452961155594,0.6153846153846154,0.38461538461538464,long,0.6153846153846154,0.06190084920003901
has_russia&sig_potus,36,0.016807464876929197,0.015580102350514102,0.06340696135222594,0.6111111111111112,0.3611111111111111,long,0.6111111111111112,0.06162737121540706
has_night_post&lots_of_excl,682,0.004400417139284702,0.004434624481483573,0.061239896232298106,0.530791788856305,0.45161290322580644,long,0.530791788856305,0.06099724649434267
has_tariff&has_all_caps,41,0.015603875802506028,0.014423098245462285,0.05436162288497869,0.6097560975609756,0.3902439024390244,long,0.6097560975609756,0.06092289960299895
has_all_caps&china_streak_3d,20,0.01797640077130965,0.018163062059936452,0.07717739193050223,0.75,0.25,long,0.75,0.06029468117314205
positive_heavy&deal_only,199,0.0075176167867716725,0.00564969923858305,0.05762499107102142,0.5678391959798995,0.40703517587939697,long,0.5678391959798995,0.060218798886552856
has_night_post&sig_potus,60,0.013290948500455535,0.010266097051962242,0.06437570107384943,0.5833333333333334,0.4,long,0.5833333333333334,0.06005489256382552
sig_potus&exclamation_heavy,60,0.01327923896444314,0.010266097051962242,0.06437583157835212,0.5833333333333334,0.4,long,0.5833333333333334,0.060001983252863066
has_exclamation,913,0.0037404909753950546,0.004162250569010206,0.061635003043840404,0.5301204819277109,0.45454545454545453,long,0.5301204819277109,0.05991541670659859
deal_heavy&has_positive,139,0.008612991509345842,0.007072146448131589,0.05992554066933732,0.5899280575539568,0.41007194244604317,long,0.5899280575539568,0.059904641207168756
has_attack&sig_potus,52,0.01335151031142329,0.010691549826287727,0.06131973842816731,0.6153846153846154,0.36538461538461536,long,0.6153846153846154,0.05924868311719735
pre_deal&pre_action,32,0.016648926528868215,0.02768676267736725,0.04551574116243843,0.625,0.375,long,0.625,0.05886284424019662
has_deal&has_attack,258,0.006599230865351832,0.005593389935616866,0.05436238332508646,0.5542635658914729,0.43023255813953487,long,0.5542635658914729,0.0587515740195752
deal_heavy&lots_of_excl,134,0.00856706684741862,0.006633872150664466,0.06112525851390563,0.5895522388059702,0.41044776119402987,long,0.5895522388059702,0.05846646653970534
has_action&has_market_brag,39,0.017382357682994683,0.010404782500503584,0.07150331456388714,0.5384615384615384,0.46153846153846156,long,0.5384615384615384,0.058451501735709815
has_deal&pre_action,46,0.014648062338129078,0.008626126008979051,0.04349555022657797,0.5869565217391305,0.41304347826086957,long,0.5869565217391305,0.05831295205534095
has_positive&sig_potus,59,0.012717576763873986,0.01049878199088461,0.0656699012873603,0.5932203389830508,0.3898305084745763,long,0.5932203389830508,0.05794906142213245
pre_action&deal_over_tariff,40,0.015245184946685206,0.008626126008979051,0.04543716585416248,0.6,0.4,long,0.6,0.05785140933844547
posts_high&deal_heavy,107,0.009474495113852706,0.00564969923858305,0.06274509528401678,0.5887850467289719,0.411214953271028,long,0.5887850467289719,0.05770384289363144
has_exclamation&deal_only,262,0.006276540958037582,0.007519026356908265,0.05524316613633095,0.5648854961832062,0.41603053435114506,long,0.5648854961832062,0.05738936731521028
posts_very_high&has_china,132,0.008780229227300393,0.0038290333933198584,0.0633627801028106,0.5681818181818182,0.4166666666666667,long,0.5681818181818182,0.05731656459908102
posts_high&has_deal,220,0.006910366187187114,0.005518806497920248,0.058155338835460736,0.5590909090909091,0.41818181818181815,long,0.5590909090909091,0.05730530557555795
posts_high&open_deal,59,0.012575660508845883,0.004419875223920178,0.05944453786998333,0.5932203389830508,0.3728813559322034,long,0.5932203389830508,0.057302404127891955
sig_potus&lots_of_excl,57,0.012978514832667886,0.010033412113039875,0.0665556042888734,0.5789473684210527,0.40350877192982454,long,0.5789473684210527,0.05672852738030685
has_night_post&tariff_rising,24,-0.018516825202001822,-0.0073808711666370486,0.06117232983982799,0.375,0.625,short,0.625,0.05669596675151564
has_attack&has_chips,27,0.016291570917997465,0.03200018354792156,0.054745514996072976,0.6666666666666666,0.3333333333333333,long,0.6666666666666666,0.05643565713016628
posts_high&volume_spike,120,0.009315842051973312,0.0058402038965938985,0.06544928306916661,0.55,0.425,long,0.55,0.05612746517423098
has_night_post&deal_over_tariff,281,0.006084330700535783,0.005537080632650682,0.05315983608241113,0.5480427046263345,0.43416370106761565,long,0.5480427046263345,0.055895953896525546
has_exclamation&exclamation_heavy,813,0.00366017329606341,0.004419875223920178,0.0604741033207505,0.5325953259532595,0.45141451414514144,long,0.5325953259532595,0.05558329287115646
exclamation_heavy,813,0.00366017329606341,0.004419875223920178,0.0604741033207505,0.5325953259532595,0.45141451414514144,long,0.5325953259532595,0.05558329287115646
has_attack&china_streak_3d,63,0.010491886833983008,0.01049878199088461,0.060687800909373785,0.6666666666666666,0.30158730158730157,long,0.6666666666666666,0.05551784669310372
has_chips,32,0.014922802978370772,0.025529956192989367,0.05209211452483183,0.65625,0.34375,long,0.65625,0.055398079696663105
has_positive&has_chips,32,0.014922802978370772,0.025529956192989367,0.05209211452483183,0.65625,0.34375,long,0.65625,0.055398079696663105
has_exclamation&has_chips,32,0.014922802978370772,0.025529956192989367,0.05209211452483183,0.65625,0.34375,long,0.65625,0.055398079696663105
has_night_post&has_chips,32,0.014922802978370772,0.025529956192989367,0.05209211452483183,0.65625,0.34375,long,0.65625,0.055398079696663105
positive_heavy&sig_potus,50,0.013041508932752877,0.010691549826287727,0.06264092225763282,0.6,0.38,long,0.6,0.05533043641952696
has_china&has_russia,117,0.009784824995331952,0.0038215814040911678,0.06310989207693075,0.5213675213675214,0.46153846153846156,long,0.5213675213675214,0.05518105084022497
has_all_caps&uppercase_phrase_heavy,38,0.016172167479497835,0.008353176701671905,0.04760986364220879,0.5526315789473685,0.4473684210526316,long,0.5526315789473685,0.05509291181706565
deal_over_tariff&volume_spike,70,0.01176731283314,0.005575115800886432,0.055318579221024594,0.5571428571428572,0.4142857142857143,long,0.5571428571428572,0.05485205291731108
sig_potus,62,0.01193153432762938,0.010266097051962242,0.0641874704545195,0.5806451612903226,0.4032258064516129,long,0.5806451612903226,0.05455102949697831
sig_potus&has_exclamation,62,0.01193153432762938,0.010266097051962242,0.0641874704545195,0.5806451612903226,0.4032258064516129,long,0.5806451612903226,0.05455102949697831
has_market_brag&volume_spike,36,0.014842717137985767,0.009932072483308074,0.06656989026586733,0.6111111111111112,0.3888888888888889,long,0.6111111111111112,0.05442329617261448
deal_heavy&has_night_post,136,0.007880343394706772,0.006633872150664466,0.05916204571025047,0.5882352941176471,0.4117647058823529,long,0.5882352941176471,0.05405870970517306
has_tariff&has_action,42,0.013990317559158224,0.016845566542677104,0.05425719622425059,0.5952380952380952,0.40476190476190477,long,0.5952380952380952,0.05396882166028977
has_exclamation&deal_over_tariff,306,0.005585785798237433,0.005922648545890197,0.05577290600556581,0.5522875816993464,0.43137254901960786,long,0.5522875816993464,0.0539647623536186
has_positive,846,0.003495372476366339,0.003841284878060569,0.060290578648474,0.5283687943262412,0.4562647754137116,long,0.5283687943262412,0.05371750139211556
deal_over_tariff&deal_only,264,0.0058920994673086,0.006865717223330514,0.055275736563287506,0.5606060606060606,0.42045454545454547,long,0.5606060606060606,0.05366978082378653
has_deal&deal_only,264,0.0058920994673086,0.006865717223330514,0.055275736563287506,0.5606060606060606,0.42045454545454547,long,0.5606060606060606,0.05366978082378653
deal_only,264,0.0058920994673086,0.006865717223330514,0.055275736563287506,0.5606060606060606,0.42045454545454547,long,0.5606060606060606,0.05366978082378653
has_positive&has_exclamation,841,0.003497526207661131,0.003846084373572589,0.060423272146278316,0.5291319857312723,0.45541022592152197,long,0.5291319857312723,0.053668936634800116
posts_high&china_streak_3d,50,0.011463183865750445,0.011704883766306184,0.04916322605502909,0.66,0.28,long,0.66,0.05349758730003839
exclamation_heavy&lots_of_excl,736,0.0036733339881454673,0.004692116203608432,0.06169932102047902,0.5353260869565217,0.4483695652173913,long,0.5353260869565217,0.05334794955901008
has_relief&has_market_brag,23,-0.018227859386390995,-0.008928526578315332,0.047173252043030696,0.34782608695652173,0.6086956521739131,short,0.6086956521739131,0.05321079987255296
positive_heavy&has_russia,217,0.006658826759676996,0.005537080632650682,0.06048928406028807,0.5391705069124424,0.4377880184331797,long,0.5391705069124424,0.0528875819124663
posts_high&lots_of_excl,401,0.004972136457596801,0.0038215814040911678,0.058991913551406004,0.5311720698254364,0.44139650872817954,long,0.5311720698254364,0.05288718555800506
exclamation_heavy&volume_spike,131,0.008383287225071019,0.006030708554604747,0.06398641699817305,0.549618320610687,0.42748091603053434,long,0.549618320610687,0.05273648680823428
posts_high&positive_heavy,367,0.005125120203362989,0.0038560733735319985,0.06013249773687472,0.5367847411444142,0.43869209809264303,long,0.5367847411444142,0.052703232096699734
posts_high&has_exclamation,403,0.004932377724263561,0.0038215814040911678,0.05884968254936966,0.5310173697270472,0.44168734491315137,long,0.5310173697270472,0.05257963633402308
posts_high&exclamation_heavy,403,0.004932377724263561,0.0038215814040911678,0.05884968254936966,0.5310173697270472,0.44168734491315137,long,0.5310173697270472,0.05257963633402308
posts_high,403,0.004932377724263561,0.0038215814040911678,0.05884968254936966,0.5310173697270472,0.44168734491315137,long,0.5310173697270472,0.05257963633402308
positive_heavy&deal_over_tariff,241,0.006144223836240555,0.004576674868352004,0.05796294969495293,0.5477178423236515,0.4315352697095436,long,0.5477178423236515,0.052243520976296594
pre_action&deal_only,28,0.01622534382687511,0.008626126008979051,0.035133516630053784,0.6071428571428571,0.39285714285714285,long,0.6071428571428571,0.05212712999580614
high_emotion&volume_spike,24,-0.021017809337342153,0.0009029468903055671,0.10891726323313455,0.5,0.5,short,0.5,0.051482908387592105
posts_high&has_night_post,392,0.004917235751602748,0.0035540083637073394,0.05793076794412151,0.5280612244897959,0.44387755102040816,long,0.5280612244897959,0.05141008743877179
uppercase_phrase_heavy&short_posts,32,0.017059285769668513,0.006075846816562258,0.053136755099531696,0.53125,0.46875,long,0.53125,0.05126663076221005
exclamation_heavy&deal_only,253,0.005764033436813664,0.006195597853197343,0.055801233090167386,0.5573122529644269,0.42292490118577075,long,0.5573122529644269,0.051095816506902925
has_market_brag&has_all_caps,50,0.012434336589348156,0.008143228560962501,0.058999318799445304,0.58,0.42,long,0.58,0.05099594158692771
has_attack&open_deal,70,0.010612431050265573,0.004120728314005673,0.05808438985367814,0.5714285714285714,0.4,long,0.5714285714285714,0.050737124823464236
posts_very_high&open_deal,44,0.012461237087781869,0.004960203793554996,0.05129034253311213,0.6136363636363636,0.38636363636363635,long,0.6136363636363636,0.050722258717431995
deal_over_tariff,308,0.00526074994358532,0.005606544965505389,0.05579323567782139,0.5487012987012987,0.43506493506493504,long,0.5487012987012987,0.050659279127293726
has_deal&deal_over_tariff,308,0.00526074994358532,0.005606544965505389,0.05579323567782139,0.5487012987012987,0.43506493506493504,long,0.5487012987012987,0.050659279127293726
posts_very_high&volume_spike,93,0.00920171365857525,0.006195597853197343,0.06753675450466529,0.5698924731182796,0.40860215053763443,long,0.5698924731182796,0.05057118263522366
short_posts&volume_drop,92,0.009275964236951985,0.007080696418000354,0.05476672221751608,0.5652173913043478,0.42391304347826086,long,0.5652173913043478,0.050288478439743
pre_deal&deal_only,114,0.008253883306665854,0.0068384951496119895,0.04990203021205518,0.5701754385964912,0.41228070175438597,long,0.5701754385964912,0.050248054970582524
posts_high&has_positive,400,0.004656979117395012,0.0038290333933198584,0.05858944669439262,0.5325,0.4425,long,0.5325,0.049596827600256875
lots_of_excl&has_chips,31,0.0137824609060593,0.019059728838057177,0.05254561931127577,0.6451612903225806,0.3548387096774194,long,0.6451612903225806,0.04950806107409996
exclamation_heavy&has_chips,31,0.0137824609060593,0.019059728838057177,0.05254561931127577,0.6451612903225806,0.3548387096774194,long,0.6451612903225806,0.04950806107409996
positive_heavy&has_chips,31,0.0137824609060593,0.019059728838057177,0.05254561931127577,0.6451612903225806,0.3548387096774194,long,0.6451612903225806,0.04950806107409996
lots_of_excl,739,0.00340362268529981,0.004449373739046969,0.061763514574304096,0.5331529093369418,0.4506089309878214,long,0.5331529093369418,0.04933048805563056
has_exclamation&lots_of_excl,739,0.00340362268529981,0.004449373739046969,0.061763514574304096,0.5331529093369418,0.4506089309878214,long,0.5331529093369418,0.04933048805563056
short_posts&volume_spike,102,0.008440516970774923,0.006376018197587929,0.08155219093452937,0.5784313725490197,0.39215686274509803,long,0.5784313725490197,0.0493084071263877
sig_potus&deal_over_tariff,21,0.01589583221521395,0.010033412113039875,0.04629431656105018,0.6666666666666666,0.3333333333333333,long,0.6666666666666666,0.048562569573690324
exclamation_heavy&deal_over_tariff,297,0.00512827334265544,0.005537080632650682,0.05625440776542561,0.5454545454545454,0.4377104377104377,long,0.5454545454545454,0.04820676133983571
open_deal&has_exclamation,82,0.009247103801432656,0.004498275046136091,0.057040903092077724,0.573170731707317,0.4024390243902439,long,0.573170731707317,0.04799507387454198
has_deal&open_deal,82,0.009247103801432656,0.004498275046136091,0.057040903092077724,0.573170731707317,0.4024390243902439,long,0.573170731707317,0.04799507387454198
open_deal,82,0.009247103801432656,0.004498275046136091,0.057040903092077724,0.573170731707317,0.4024390243902439,long,0.573170731707317,0.04799507387454198
lots_of_excl&deal_only,238,0.005513936230347291,0.006222819926915868,0.056638770771449215,0.5630252100840336,0.41596638655462187,long,0.5630252100840336,0.047893663545600006
has_china&tariff_rising,22,-0.0185253235875381,-0.004114884944434571,0.05965641019000937,0.45454545454545453,0.5454545454545454,short,0.5454545454545454,0.04739534711499132
positive_heavy&open_deal,69,0.010071628925731818,0.0038215814040911678,0.06029618563791714,0.5652173913043478,0.4057971014492754,long,0.5652173913043478,0.04728678396731383
has_deal&has_russia,133,0.007512181527559789,0.004576674868352004,0.0542245354761537,0.5413533834586466,0.44360902255639095,long,0.5413533834586466,0.04689998996703859
positive_heavy&has_night_post,563,0.0036695553847913088,0.004449373739046969,0.060697002999022705,0.5364120781527532,0.44582593250444047,long,0.5364120781527532,0.0467053028431789
attack_heavy&has_market_brag,76,0.009900043663509038,0.004137863539192099,0.05431453656757334,0.5394736842105263,0.4605263157894737,long,0.5394736842105263,0.04656012853949789
posts_high&sig_potus,41,0.012403140833395289,0.010033412113039875,0.06784395897749064,0.5853658536585366,0.4146341463414634,long,0.5853658536585366,0.04648908391645254
has_iran&has_russia,57,0.011686502926737235,0.0038215814040911678,0.060172639571579166,0.5263157894736842,0.45614035087719296,long,0.5263157894736842,0.04643745380219641
open_deal&has_night_post,74,0.00926371830588852,0.004498275046136091,0.05567964698831658,0.581081081081081,0.3918918918918919,long,0.581081081081081,0.046306071299039665
has_russia&volume_drop,25,0.014314400587148245,0.011204411422071292,0.07287710751589986,0.64,0.32,long,0.64,0.04580608187887439
has_china&has_iran,42,0.01235763652261977,0.004120728314005673,0.06237255471006743,0.5714285714285714,0.42857142857142855,long,0.5714285714285714,0.04576379311329905
posts_high&has_china,201,0.006023410642284689,0.0034761209507601087,0.060202470798846705,0.5323383084577115,0.44776119402985076,long,0.5323383084577115,0.045459873292851366
deal_heavy&china_streak_3d,20,0.016926734811359256,0.013100718759306629,0.054479380976520615,0.6,0.4,long,0.6,0.04541919561037365
has_uppercase_phrase&deal_only,97,0.007960691574007327,0.005537080632650682,0.06093819273925727,0.5773195876288659,0.4020618556701031,long,0.5773195876288659,0.045264002904287164
has_positive&exclamation_heavy,783,0.003042858869831447,0.003846084373572589,0.06094707833305016,0.5287356321839081,0.4559386973180077,long,0.5287356321839081,0.04501956247802351
has_tariff&pre_deal,54,-0.010607357750870157,-0.008199321598529874,0.05657434469292781,0.42592592592592593,0.5740740740740741,short,0.5740740740740741,0.044747835237357265
posts_very_high&has_market_brag,61,0.010177021266123047,0.0034761209507601087,0.053755763885619104,0.5573770491803278,0.4426229508196721,long,0.5573770491803278,0.044303157697454264
has_attack&has_market_brag,131,0.007131506272070226,0.004419875223920178,0.05858306989990707,0.5419847328244275,0.4580152671755725,long,0.5419847328244275,0.044238864316080886
lots_of_excl&deal_over_tariff,280,0.004802570780431161,0.005550235662539205,0.057005654307277616,0.55,0.43214285714285716,long,0.55,0.044199308962460424
open_deal&lots_of_excl,76,0.00895281775315545,0.004120728314005673,0.05778221275674693,0.5657894736842105,0.40789473684210525,long,0.5657894736842105,0.04415922098356535
has_positive&deal_only,250,0.005051732018550429,0.005606544965505389,0.0553868632480682,0.552,0.428,long,0.552,0.04409094288847737
has_relief&has_china,40,-0.011592003144459805,-0.009807475922739395,0.0643131870003484,0.375,0.6,short,0.6,0.04398855909639222
has_positive&open_deal,80,0.008693034150644815,0.004120728314005673,0.0576285505970999,0.5625,0.4125,long,0.5625,0.043735984406030146
deal_heavy&has_all_caps,48,0.010418874763327963,0.005922648545890197,0.04792581885319647,0.6041666666666666,0.3958333333333333,long,0.6041666666666666,0.04361121608213788
deal_heavy&positive_heavy,124,0.006790133564135099,0.005518806497920248,0.06100564646071328,0.5725806451612904,0.4274193548387097,long,0.5725806451612904,0.04329381163039623
has_positive&lots_of_excl,719,0.0030377048740828573,0.0038560733735319985,0.06208405407924793,0.5312934631432545,0.4534075104311544,long,0.5312934631432545,0.043275739287578226
open_deal&exclamation_heavy,80,0.008492685024754733,0.004120728314005673,0.057553074315932824,0.5625,0.4125,long,0.5625,0.04272799731040365
has_all_caps&deal_over_tariff,82,0.008022911924573125,0.005531961527808771,0.051137340960214564,0.5853658536585366,0.4146341463414634,long,0.5853658536585366,0.04252715555494533
has_russia&pre_tariff,28,-0.013079410255416242,-0.015543598879122877,0.060859970557781105,0.35714285714285715,0.6071428571428571,short,0.6071428571428571,0.042020195437909
has_positive&deal_over_tariff,294,0.004516087509838148,0.005038603615770909,0.05590352481871319,0.5408163265306123,0.4421768707482993,long,0.5408163265306123,0.041877987981540556
has_relief&pre_deal,31,-0.01293209227006863,-0.0070620853438039255,0.059718970904453925,0.3870967741935484,0.5806451612903226,short,0.5806451612903226,0.04180810208406835
has_russia&has_all_caps,72,0.008838101710071697,0.005531961527808771,0.05632586017773198,0.5555555555555556,0.4444444444444444,long,0.5555555555555556,0.04166321101338746
has_tariff&has_china,87,-0.008265498491527532,-0.0026665930331902787,0.056325724565257584,0.4482758620689655,0.5402298850574713,short,0.5402298850574713,0.04164925933541289
has_relief&deal_only,35,0.013680870520047942,0.0021905734889797746,0.06283638969554248,0.5142857142857142,0.42857142857142855,long,0.5142857142857142,0.04162480534227042
posts_very_high&has_russia,116,0.00738544934281571,0.002443024226702839,0.059729065434815015,0.5172413793103449,0.45689655172413796,long,0.5172413793103449,0.04114330539910946
has_action&pre_deal,53,0.010290851746457478,0.0038215814040911678,0.04800355896841762,0.5471698113207547,0.4528301886792453,long,0.5471698113207547,0.040993158782766756
has_tariff&short_posts,44,0.010840024084164838,0.008785464219508099,0.05694215264649522,0.5681818181818182,0.38636363636363635,long,0.5681818181818182,0.04085487796089852
positive_heavy&all_caps_heavy,22,0.013647897400363847,0.016955529190423535,0.04707470354741419,0.6363636363636364,0.36363636363636365,long,0.6363636363636364,0.040736381035076236
sig_potus&has_uppercase_phrase,30,0.014847959696906988,0.0008766410953649495,0.07475839253290789,0.5,0.5,long,0.5,0.040662812294617635
pre_deal&has_all_caps,45,0.010061816027863532,0.006195597853197343,0.047402561015183066,0.6,0.4,long,0.6,0.0404980283077196
has_iran&short_posts,46,0.010927715875213507,0.004120728314005673,0.05161021811672443,0.5434782608695652,0.41304347826086957,long,0.5434782608695652,0.040280095123660084
has_tariff&has_deal,83,-0.008145951901383503,-0.0051084254512355765,0.058734991866765444,0.4578313253012048,0.5421686746987951,short,0.5421686746987951,0.040236047206513706
posts_very_high&sig_potus,29,0.01350181615475999,0.00962704226779243,0.06988105695971882,0.5517241379310345,0.4482758620689655,long,0.5517241379310345,0.04011558906980061
sig_potus&short_posts,29,0.01349327868999159,0.00962704226779243,0.06921686197272821,0.5517241379310345,0.41379310344827586,long,0.5517241379310345,0.04009022319128313
has_uppercase_phrase&deal_over_tariff,119,0.006732735589098532,0.0028090793452266727,0.060284714647754915,0.5378151260504201,0.44537815126050423,long,0.5378151260504201,0.03950008701065583
has_attack&volume_spike,118,0.00677028723100781,0.005575115800886432,0.06419869271010009,0.5338983050847458,0.4491525423728814,long,0.5338983050847458,0.03926509385870555
has_action&china_streak_3d,23,0.011743194444333959,0.01291098554172776,0.03399963414456763,0.6956521739130435,0.30434782608695654,long,0.6956521739130435,0.03917800493949745
pre_deal&deal_over_tariff,147,0.0060003600034347244,0.004576674868352004,0.0498389209699458,0.5374149659863946,0.4489795918367347,long,0.5374149659863946,0.03909720679917121
posts_high&has_russia,169,0.005685586627126151,0.004419875223920178,0.05870962067181827,0.5266272189349113,0.44970414201183434,long,0.5266272189349113,0.03892440075494057
has_china&volume_spike,77,0.008302112387207516,0.0038215814040911678,0.06854847416722444,0.5324675324675324,0.45454545454545453,long,0.5324675324675324,0.03879065405263365
posts_low&has_attack,29,-0.012287811395956348,-0.011001064726379517,0.05453578837295291,0.3793103448275862,0.5862068965517241,short,0.5862068965517241,0.03879041797467508
has_attack&all_caps_heavy,25,0.012873221668001169,0.014851329542789893,0.04530840721289863,0.6,0.36,long,0.6,0.03861966500400351
posts_high&has_market_brag,105,0.006893126419356871,0.00363189577665457,0.05247937073478426,0.5428571428571428,0.44761904761904764,long,0.5428571428571428,0.03834391468031484
posts_low&exclamation_heavy,41,-0.010617177374992641,-0.004819192516396509,0.04542409999207777,0.4146341463414634,0.5609756097560976,short,0.5609756097560976,0.03813686421969752
has_china&has_night_post,281,0.0043217413521586655,0.0028090793452266727,0.061265742053193836,0.5231316725978647,0.4626334519572954,long,0.5231316725978647,0.037898580741223625
lots_of_excl&volume_spike,131,0.006192711932137156,0.005500532363189814,0.06472216593537627,0.5343511450381679,0.44274809160305345,long,0.5343511450381679,0.03787418275789014
has_market_brag&short_posts,83,0.007616096981716381,0.00363189577665457,0.05421527772048829,0.5421686746987951,0.4457831325301205,long,0.5421686746987951,0.037618886214351575
attack_heavy&open_deal,45,0.009672735736625917,0.0038215814040911678,0.056483006240315894,0.5777777777777777,0.4,long,0.5777777777777777,0.03749008403484422
has_china,299,0.004074971844123054,0.00363189577665457,0.06035428231397663,0.5317725752508361,0.45484949832775917,long,0.5317725752508361,0.03747021133029406
has_china&has_exclamation,299,0.004074971844123054,0.00363189577665457,0.06035428231397663,0.5317725752508361,0.45484949832775917,long,0.5317725752508361,0.03747021133029406
positive_heavy,597,0.002828371195341131,0.004449373739046969,0.06183119688901388,0.5360134003350083,0.4472361809045226,long,0.5360134003350083,0.03704240863887351
has_positive&positive_heavy,597,0.002828371195341131,0.004449373739046969,0.06183119688901388,0.5360134003350083,0.4472361809045226,long,0.5360134003350083,0.03704240863887351
positive_heavy&has_exclamation,597,0.002828371195341131,0.004449373739046969,0.06183119688901388,0.5360134003350083,0.4472361809045226,long,0.5360134003350083,0.03704240863887351
posts_very_high&pre_tariff,26,-0.013326287404794775,-0.008059048537638114,0.06624242072064962,0.38461538461538464,0.5384615384615384,short,0.5384615384615384,0.036588999741966166
volume_spike,172,0.005266517208695381,0.005575115800886432,0.07648874554765374,0.5290697674418605,0.45348837209302323,long,0.5290697674418605,0.0365427036955938
has_russia&open_deal,32,0.00982554228642707,0.007841555675811462,0.05843703391079731,0.65625,0.34375,long,0.65625,0.03647546479273072
has_china&open_deal,42,0.009830356738193543,0.0036488511774256382,0.05916245878242859,0.5714285714285714,0.40476190476190477,long,0.5714285714285714,0.03640456742461647
deal_heavy&has_russia,60,0.007737463935804173,0.005518806497920248,0.056954585937301315,0.6,0.4,long,0.6,0.035960482758300064
has_night_post&volume_spike,149,0.0056919798412103,0.0038215814040911678,0.06920114437170322,0.5167785234899329,0.46308724832214765,long,0.5167785234899329,0.0359054971419019
tariff_heavy&has_exclamation,20,-0.013359139091777527,-0.006464694219863787,0.059048494970366655,0.4,0.6,short,0.6,0.03584633175610722
tariff_heavy&has_night_post,20,-0.013359139091777527,-0.006464694219863787,0.059048494970366655,0.4,0.6,short,0.6,0.03584633175610722
tariff_heavy&has_positive,20,-0.013359139091777527,-0.006464694219863787,0.059048494970366655,0.4,0.6,short,0.6,0.03584633175610722
tariff_heavy,20,-0.013359139091777527,-0.006464694219863787,0.059048494970366655,0.4,0.6,short,0.6,0.03584633175610722
has_tariff&tariff_heavy,20,-0.013359139091777527,-0.006464694219863787,0.059048494970366655,0.4,0.6,short,0.6,0.03584633175610722
tariff_heavy&exclamation_heavy,20,-0.013359139091777527,-0.006464694219863787,0.059048494970366655,0.4,0.6,short,0.6,0.03584633175610722
positive_heavy&tariff_rising,26,-0.012106131322931389,-0.005867915392415102,0.06344610073224558,0.4230769230769231,0.5769230769230769,short,0.5769230769230769,0.035613115297929224
posts_very_high&china_streak_3d,30,0.010177433977161232,0.011704883766306184,0.0372811243044701,0.6333333333333333,0.3,long,0.6333333333333333,0.03530459772313459
has_deal&has_uppercase_phrase,135,0.005671955156597368,0.0026954749644259035,0.05896075170615668,0.5333333333333333,0.45185185185185184,long,0.5333333333333333,0.03514782057909902
has_all_caps&deal_only,65,0.007261010485392925,0.005563390692427728,0.04811440774404434,0.6,0.4,long,0.6,0.03512408282780167
positive_heavy&exclamation_heavy,592,0.0026807153715057196,0.004513024303699487,0.06202257561875706,0.535472972972973,0.44763513513513514,long,0.535472972972973,0.03492602121710851
has_russia&volume_spike,80,0.007226335629900852,0.004120728314005673,0.06091514436552345,0.5375,0.4375,long,0.5375,0.0347409420478772
open_deal&has_uppercase_phrase,36,0.009900890777881893,0.0031751512645439295,0.05173049672558993,0.5833333333333334,0.4166666666666667,long,0.5833333333333334,0.03465311772258663
positive_heavy&volume_spike,125,0.00580804496592737,0.004419875223920178,0.06350669799629476,0.528,0.448,long,0.528,0.03428616407089909
has_russia&pre_deal,67,0.007715058719430984,0.004419875223920178,0.056388120964076735,0.5373134328358209,0.43283582089552236,long,0.5373134328358209,0.03393159972944944
pre_relief&deal_over_tariff,23,0.012434784157199385,0.005537080632650682,0.05884741939048268,0.5652173913043478,0.43478260869565216,long,0.5652173913043478,0.03370681252204013
has_china&exclamation_heavy,291,0.003692565842969746,0.00363189577665457,0.05955845374947077,0.5326460481099656,0.4536082474226804,long,0.5326460481099656,0.03355161670349051
posts_low&short_posts,116,0.005474640015425917,0.009740268074800218,0.07127851925209355,0.5689655172413793,0.4224137931034483,long,0.5689655172413793,0.03354829925905049
has_deal&tariff_rising,22,-0.013027360679125582,-0.004114884944434571,0.06569073071070497,0.45454545454545453,0.5454545454545454,short,0.5454545454545454,0.03332931154814983
has_china&deal_over_tariff,124,0.005569329549104356,0.0031426001479933907,0.05591739902386169,0.532258064516129,0.45161290322580644,long,0.532258064516129,0.033009276819866484
all_caps_heavy&short_posts,24,0.011529339284848941,0.01182819710934413,0.04589288919096127,0.5833333333333334,0.375,long,0.5833333333333334,0.03294783137252206
positive_heavy&lots_of_excl,575,0.0025795279530554907,0.004419875223920178,0.06258392770403765,0.5321739130434783,0.4504347826086956,long,0.5321739130434783,0.03291756809212292
attack_heavy&all_caps_heavy,24,0.011425484127296793,0.008124929023299199,0.04568839446778838,0.5833333333333334,0.375,long,0.5833333333333334,0.03265104053883642
has_deal&volume_spike,86,0.006311872735302357,0.004960203793554996,0.058741287946299486,0.5465116279069767,0.43023255813953487,long,0.5465116279069767,0.0319894568342768
deal_heavy&has_iran,40,0.007752125142788982,0.005593389935616866,0.05686229199218982,0.65,0.35,long,0.65,0.03186868380523257
has_positive&high_emotion,23,0.01260878115112366,0.008652478750769799,0.0508613110001721,0.5217391304347826,0.43478260869565216,long,0.5217391304347826,0.03154935136440526
attack_heavy&pre_deal,89,0.006200339135016087,0.005500532363189814,0.056596035092148854,0.5393258426966292,0.4606741573033708,long,0.5393258426966292,0.031547262424500094
has_attack&pre_deal,125,0.005161684071245634,0.005383496844417079,0.052246641606958764,0.544,0.44,long,0.544,0.03139390397577805
open_deal&short_posts,45,0.00795381621802173,0.0038215814040911678,0.05239689658974688,0.5777777777777777,0.4,long,0.5777777777777777,0.03082780782299725
has_tariff&deal_heavy,56,-0.007660532573887144,-0.0020098183792298663,0.06483297096132466,0.4642857142857143,0.5357142857142857,short,0.5357142857142857,0.03071045174111488
has_market_brag&has_iran,26,0.01041339754774226,0.005427511838545507,0.055257209103993586,0.5769230769230769,0.4230769230769231,long,0.5769230769230769,0.030633529210809824
has_china&lots_of_excl,274,0.003456512118898784,0.0035540083637073394,0.05943397964393486,0.5328467153284672,0.45255474452554745,long,0.5328467153284672,0.030487067918597784
has_market_brag&has_russia,54,0.008294710807677904,0.000547053530428776,0.05625592043213507,0.5,0.5,long,0.5,0.030476713564139696
deal_over_tariff&china_streak_3d,33,0.008653702140684687,0.016574395250820828,0.057387446140636816,0.6060606060606061,0.36363636363636365,long,0.6060606060606061,0.030128323679783898
deal_heavy&volume_spike,49,0.007238159177897208,0.00564969923858305,0.05743427258349854,0.5918367346938775,0.40816326530612246,long,0.5918367346938775,0.029986659451288436
has_deal&sig_potus,23,0.009501275388978565,0.010033412113039875,0.05622866171459858,0.6521739130434783,0.34782608695652173,long,0.6521739130434783,0.029717293057916556
has_tariff&volume_spike,39,-0.008777866335716108,-0.0013530437252694538,0.0628792616355256,0.46153846153846156,0.5384615384615384,short,0.5384615384615384,0.02951725414440696
has_market_brag&pre_action,21,0.012287062959465864,0.004419875223920178,0.07523501825354159,0.5238095238095238,0.47619047619047616,long,0.5238095238095238,0.029493826518325945
positive_heavy&has_china,254,0.0034186580195662876,0.0035540083637073394,0.05804202300673852,0.5354330708661418,0.44881889763779526,long,0.5354330708661418,0.029172772754162232
attack_heavy&open_tariff,21,0.010148715692565532,0.017241364333462794,0.062234712791364874,0.6190476190476191,0.38095238095238093,long,0.6190476190476191,0.028790207251475262
has_deal&open_tariff,20,-0.0106951448398435,-0.006159955683127549,0.06464342861646975,0.4,0.6,short,0.6,0.028698085069315402
has_market_brag&has_night_post,152,0.004347774088639669,0.0035540083637073394,0.056314914243656373,0.5328947368421053,0.4605263157894737,long,0.5328947368421053,0.02856473470229264
has_night_post&volume_drop,123,0.004637427689911169,0.006435148453170836,0.05140485311610914,0.5528455284552846,0.43902439024390244,long,0.5528455284552846,0.028433708570520102
all_caps_heavy,28,0.009318843746992858,0.005101796589853436,0.044687341610088936,0.5714285714285714,0.39285714285714285,long,0.5714285714285714,0.028177534927099904
all_caps_heavy&has_exclamation,28,0.009318843746992858,0.005101796589853436,0.044687341610088936,0.5714285714285714,0.39285714285714285,long,0.5714285714285714,0.028177534927099904
all_caps_heavy&exclamation_heavy,28,0.009318843746992858,0.005101796589853436,0.044687341610088936,0.5714285714285714,0.39285714285714285,long,0.5714285714285714,0.028177534927099904
all_caps_heavy&lots_of_excl,28,0.009318843746992858,0.005101796589853436,0.044687341610088936,0.5714285714285714,0.39285714285714285,long,0.5714285714285714,0.028177534927099904
has_night_post&all_caps_heavy,28,0.009318843746992858,0.005101796589853436,0.044687341610088936,0.5714285714285714,0.39285714285714285,long,0.5714285714285714,0.028177534927099904
all_caps_heavy&has_uppercase_phrase,28,0.009318843746992858,0.005101796589853436,0.044687341610088936,0.5714285714285714,0.39285714285714285,long,0.5714285714285714,0.028177534927099904
has_positive&all_caps_heavy,28,0.009318843746992858,0.005101796589853436,0.044687341610088936,0.5714285714285714,0.39285714285714285,long,0.5714285714285714,0.028177534927099904
has_all_caps&all_caps_heavy,28,0.009318843746992858,0.005101796589853436,0.044687341610088936,0.5714285714285714,0.39285714285714285,long,0.5714285714285714,0.028177534927099904
has_deal&has_exclamation,345,0.0028067818063507704,0.004576674868352004,0.05635530009062314,0.5391304347826087,0.4463768115942029,long,0.5391304347826087,0.028106841812716093
has_positive&has_china,291,0.0031386442586070784,0.0027934578386994424,0.05983671882355488,0.5223367697594502,0.4639175257731959,long,0.5223367697594502,0.02796656890553889
has_deal&has_night_post,318,0.002891990525352681,0.0038387166292775943,0.05427132749302443,0.5314465408805031,0.4528301886792453,long,0.5314465408805031,0.027407537085117114
open_deal&has_all_caps,28,0.008432167819462195,0.003947998087340143,0.0485061036264545,0.6071428571428571,0.39285714285714285,long,0.6071428571428571,0.02709000886277134
has_market_brag&has_uppercase_phrase,68,0.006205260609452593,0.0026935952976124833,0.06423716894080911,0.5294117647058824,0.45588235294117646,long,0.5294117647058824,0.027089941687684582
has_iran&pre_deal,38,-0.00904547440236998,0.0006378152335909659,0.04349956754580345,0.5,0.47368421052631576,short,0.47368421052631576,0.026412654822379075
posts_high&all_caps_heavy,26,0.008912967508441975,0.005101796589853436,0.04536067094374175,0.5769230769230769,0.38461538461538464,long,0.5769230769230769,0.026219651105517744
has_tariff&pre_action,21,0.009930470634348139,0.0231923510944696,0.06153794266501132,0.5714285714285714,0.42857142857142855,long,0.5714285714285714,0.026004076210535132
tariff_rising,28,-0.009100874899532322,-0.004114884944434571,0.06222778909760367,0.4642857142857143,0.5357142857142857,short,0.5357142857142857,0.025798555389934783
has_positive&tariff_rising,28,-0.009100874899532322,-0.004114884944434571,0.06222778909760367,0.4642857142857143,0.5357142857142857,short,0.5357142857142857,0.025798555389934783
exclamation_heavy&tariff_rising,28,-0.009100874899532322,-0.004114884944434571,0.06222778909760367,0.4642857142857143,0.5357142857142857,short,0.5357142857142857,0.025798555389934783
has_exclamation&tariff_rising,28,-0.009100874899532322,-0.004114884944434571,0.06222778909760367,0.4642857142857143,0.5357142857142857,short,0.5357142857142857,0.025798555389934783
has_tariff&tariff_rising,28,-0.009100874899532322,-0.004114884944434571,0.06222778909760367,0.4642857142857143,0.5357142857142857,short,0.5357142857142857,0.025798555389934783
has_deal,347,0.002534294673068125,0.004419875223920178,0.05635610794910669,0.5360230547550432,0.4495677233429395,long,0.5360230547550432,0.025304940329010834
has_tariff&has_night_post,127,-0.0043163873376448145,-0.0024658424004371238,0.055875664419208534,0.4645669291338583,0.5196850393700787,short,0.5196850393700787,0.025279151048054737
has_iran&deal_only,57,0.006108007891089451,0.004419875223920178,0.04928753398892472,0.543859649122807,0.42105263157894735,long,0.543859649122807,0.025079787675765453
exclamation_heavy&tariff_only,54,0.005997315933793538,0.008951243138286435,0.052367924249902914,0.5555555555555556,0.4074074074074074,long,0.5555555555555556,0.02448393977342898
has_exclamation&volume_spike,149,0.0038265710671027036,0.004419875223920178,0.0720679353280579,0.5234899328859061,0.4563758389261745,long,0.5234899328859061,0.024451823481580107
has_deal&positive_heavy,273,0.0027644031534146936,0.0038215814040911678,0.05894804247004869,0.5347985347985348,0.4468864468864469,long,0.5347985347985348,0.024427156337708263
has_positive&volume_spike,138,0.004085172833092271,0.0019970227115688743,0.06256355204330222,0.5072463768115942,0.47101449275362317,long,0.5072463768115942,0.024342710374136108
has_night_post&tariff_only,49,0.006461258011497933,0.0055991949452058876,0.04952488601287081,0.5306122448979592,0.42857142857142855,long,0.5306122448979592,0.023998958328420895
posts_high&open_tariff,24,0.007813244953340237,0.014633187610140097,0.06430269540221169,0.625,0.375,long,0.625,0.023923079213824177
has_deal&exclamation_heavy,335,0.0024335351324970746,0.003855851854464021,0.056821833226782394,0.5343283582089552,0.4507462686567164,long,0.5343283582089552,0.02379952273057183
has_iran&deal_over_tariff,67,0.0052588653452209705,0.004419875223920178,0.04968352930018115,0.5522388059701493,0.417910447761194,long,0.5522388059701493,0.023771488315300186
has_night_post&china_streak_3d,79,0.004485069072947142,0.00944672835640148,0.05977508449574741,0.5949367088607594,0.3670886075949367,long,0.5949367088607594,0.023716655659314537
lots_of_excl&china_streak_3d,78,0.004450429684536592,0.009531040395963086,0.060166227700954554,0.6025641025641025,0.358974358974359,long,0.6025641025641025,0.023683860822217958
has_relief&has_action,30,0.008026868148831644,0.0017945509963941397,0.05201277021319518,0.5333333333333333,0.4666666666666667,long,0.5333333333333333,0.02344798267325241
posts_very_high&all_caps_heavy,22,0.008366783059039014,0.01182819710934413,0.04864537430424171,0.5909090909090909,0.4090909090909091,long,0.5909090909090909,0.023189453843128347
has_tariff&positive_heavy,118,-0.004256006112483057,-0.0005493952956983628,0.05947007940872442,0.4830508474576271,0.5,short,0.5,0.02311603008455491
posts_very_high&open_tariff,20,0.008555109743247923,0.013768434497702708,0.06354887103878512,0.6,0.4,long,0.6,0.022955768329047752
has_attack&volume_drop,77,0.004676659448827473,0.00515025457398921,0.056900506863912174,0.5584415584415584,0.42857142857142855,long,0.5584415584415584,0.022917056687833035
short_posts&tariff_only,20,0.008437050366092902,0.01792308926617503,0.06455128736584291,0.6,0.3,long,0.6,0.02263898177780786
has_tariff&has_exclamation,141,-0.003772473219326075,-0.0010987905913967255,0.056313442553646516,0.48226950354609927,0.5035460992907801,short,0.5035460992907801,0.022556668538674884
has_tariff,141,-0.003772473219326075,-0.0010987905913967255,0.056313442553646516,0.48226950354609927,0.5035460992907801,short,0.5035460992907801,0.022556668538674884
has_uppercase_phrase&volume_drop,31,0.006963068853154596,0.003846084373572589,0.046420632530102035,0.5806451612903226,0.41935483870967744,long,0.5806451612903226,0.022510873519273087
deal_heavy&has_market_brag,34,0.006853294261316726,0.006731881717518262,0.04388409050588366,0.5588235294117647,0.4411764705882353,long,0.5588235294117647,0.022331275118240783
has_iran&exclamation_heavy,115,0.004048576935239308,0.002528721124996691,0.05593075566936025,0.5130434782608696,0.46956521739130436,long,0.5130434782608696,0.022274373005984782
pre_tariff&tariff_only,23,-0.008832325543565332,-0.004010812151025389,0.05472704933542644,0.391304347826087,0.5217391304347826,short,0.5217391304347826,0.02210000622573431
lots_of_excl&tariff_only,52,0.0056594993396527305,0.006943164393127033,0.05341781246354543,0.5384615384615384,0.4230769230769231,long,0.5384615384615384,0.02197527775969347
lots_of_excl&tariff_rising,27,-0.008125999765592794,-0.0026665930331902787,0.06319492142359921,0.48148148148148145,0.5185185185185185,short,0.5185185185185185,0.0218938913764659
posts_low&has_uppercase_phrase,25,-0.0077850402404704465,-0.008879045456597456,0.052864116961961666,0.44,0.56,short,0.56,0.02179811267331725
china_streak_3d,86,0.0038422544665298263,0.008816120287070905,0.05836410640351022,0.5930232558139535,0.37209302325581395,long,0.5930232558139535,0.021130368678439662
has_exclamation&china_streak_3d,86,0.0038422544665298263,0.008816120287070905,0.05836410640351022,0.5930232558139535,0.37209302325581395,long,0.5930232558139535,0.021130368678439662
posts_high&has_tariff,92,-0.004402400071381075,-0.0005493952956983628,0.060840529680792066,0.4782608695652174,0.5,short,0.5,0.021113169040563526
posts_low&has_exclamation,120,-0.0036617560561314267,-0.0027887019374407407,0.06469278015130792,0.4666666666666667,0.5166666666666667,short,0.5166666666666667,0.020724806050918136
has_market_brag&deal_only,54,-0.005624330921664239,-0.00024079366827617354,0.055646464912035586,0.5,0.5,short,0.5,0.020665111353952218
has_tariff&has_positive,139,-0.0034777459811166354,-0.0010987905913967255,0.05644499973559783,0.48201438848920863,0.5035971223021583,short,0.5035971223021583,0.020648499489954973
has_tariff&open_deal,21,-0.0077905080080295005,-0.006756734510576234,0.06066550380722652,0.42857142857142855,0.5714285714285714,short,0.5714285714285714,0.020400338656545614
has_deal&china_streak_3d,36,0.005802043223689401,0.013100718759306629,0.056974025087736184,0.5833333333333334,0.3888888888888889,long,0.5833333333333334,0.020307151282912907
positive_heavy&pre_deal,140,0.00324305685714276,0.004120728314005673,0.05450238283442665,0.5285714285714286,0.45714285714285713,long,0.5285714285714286,0.020282536428441137
has_russia&tariff_only,23,0.007478938176425787,0.008287133841048178,0.06307289489685351,0.5652173913043478,0.391304347826087,long,0.5652173913043478,0.020273063351144628
has_deal&volume_drop,32,0.006735869176335698,0.005526810996501985,0.03960814338378909,0.53125,0.46875,long,0.53125,0.02024265978003277
attack_heavy&pre_tariff,32,-0.006354950320824615,-0.011677070877064766,0.06055681556892155,0.40625,0.5625,short,0.5625,0.0202213280968142
positive_heavy&tariff_only,44,0.005434430873007969,0.006943164393127033,0.05626193041751388,0.5454545454545454,0.4090909090909091,long,0.5454545454545454,0.019662510714426512
has_iran&has_night_post,109,0.003677360238736826,0.0012756304671819318,0.05752918947117407,0.5045871559633027,0.47706422018348627,long,0.5045871559633027,0.019372497632890933
has_deal&lots_of_excl,318,0.0020026946702471054,0.004137863539192099,0.05748926698483434,0.5377358490566038,0.44654088050314467,long,0.5377358490566038,0.019204247412215446
has_attack&has_iran,87,0.004050510896544708,0.0012756304671819318,0.060972021515318234,0.5057471264367817,0.4827586206896552,long,0.5057471264367817,0.01910745542060369
has_exclamation&volume_drop,154,0.002837964249686964,0.00479981415651809,0.05160715598802056,0.538961038961039,0.45454545454545453,long,0.538961038961039,0.018981243136890754
has_relief&lots_of_excl,87,-0.003978430901591614,-0.0010785712965790673,0.06972964395391772,0.4482758620689655,0.5057471264367817,short,0.5057471264367817,0.018767432809762556
high_emotion&has_exclamation,38,-0.00633482783361013,0.0031055900621117516,0.07446571291031057,0.5,0.47368421052631576,short,0.47368421052631576,0.018497605928165007
pre_deal&has_exclamation,167,0.0026571956632853856,0.004419875223920178,0.05252513278803191,0.5269461077844312,0.46107784431137727,long,0.5269461077844312,0.01809455769122485
pre_deal&lots_of_excl,155,0.0025935004921313993,0.004576674868352004,0.05335910949065131,0.535483870967742,0.45161290322580644,long,0.535483870967742,0.017290142715824092
exclamation_heavy&china_streak_3d,82,0.003235253164681617,0.008816120287070905,0.0592410448206899,0.5853658536585366,0.3780487804878049,long,0.5853658536585366,0.017149149322284854
pre_deal&exclamation_heavy,164,0.002536640154292792,0.004120728314005673,0.05282207897180134,0.524390243902439,0.4634146341463415,long,0.524390243902439,0.017034735324504776
has_deal&has_positive,333,0.0017622192096780078,0.00363189577665457,0.05644048678673955,0.5285285285285285,0.45645645645645644,long,0.5285285285285285,0.01699614713755854
posts_very_high&pre_relief,22,-0.007245210708019731,0.001272193128373067,0.061589356855072976,0.5,0.5,short,0.5,0.016991525244068606
attack_heavy&has_iran,52,0.00433680418205407,0.0031751512645439295,0.048155155646249066,0.5384615384615384,0.46153846153846156,long,0.5384615384615384,0.01683938291543051
has_market_brag&has_china,70,0.0038068042778782413,0.003085797957593006,0.06035626584290593,0.5285714285714286,0.4714285714285714,long,0.5285714285714286,0.016835005117309534
has_market_brag&deal_over_tariff,69,-0.00382243578806923,-0.0013530437252694538,0.05457804145092526,0.4782608695652174,0.5217391304347826,short,0.5217391304347826,0.016566018955642393
has_tariff&lots_of_excl,132,-0.0028876208486525276,0.0,0.05712826535007743,0.49242424242424243,0.49242424242424243,short,0.49242424242424243,0.016336783730222636
attack_heavy&brag_heavy,26,-0.0055260899443337,-0.008831008846314437,0.04801221188392323,0.4230769230769231,0.5769230769230769,short,0.5769230769230769,0.016256331034630617
has_relief&short_posts,50,0.0047758925168536305,0.0,0.05757424458858658,0.48,0.44,long,0.48,0.01620991672744939
has_deal&has_iran,74,0.003393123718760708,0.004120728314005673,0.049652266117969954,0.5540540540540541,0.4189189189189189,long,0.5540540540540541,0.016172147431134758
posts_low&volume_spike,41,-0.004691943087529209,-0.005617953073004056,0.1075694825390828,0.4634146341463415,0.5365853658536586,short,0.5365853658536586,0.016120684856026912
posts_very_high&has_iran,53,0.004142680846981519,0.0026954749644259035,0.047561180648156696,0.5283018867924528,0.4528301886792453,long,0.5283018867924528,0.015933147367222796
attack_heavy&pre_relief,26,-0.005383031463333294,-0.007841438046465532,0.0641638496570496,0.4230769230769231,0.5769230769230769,short,0.5769230769230769,0.015835489888742532
posts_very_high&has_tariff,58,0.00410675445725566,0.0013477374822129518,0.0633482387329875,0.5,0.46551724137931033,long,0.5,0.015638055073977194
has_positive&has_iran,112,0.0029435222478017276,0.0006378152335909659,0.057547198948285444,0.5,0.48214285714285715,long,0.5,0.015575655692538423
brag_heavy&deal_over_tariff,21,-0.005903828757890919,-0.008928526578315332,0.04576286168438093,0.42857142857142855,0.5714285714285714,short,0.5714285714285714,0.015459852670338428
has_attack&tariff_only,47,0.004047763615136286,0.008287133841048178,0.05519537689594993,0.5531914893617021,0.425531914893617,long,0.5531914893617021,0.015351102137990874
has_attack&open_tariff,28,0.005047577675713173,0.011363535103321998,0.06027355551078031,0.5714285714285714,0.42857142857142855,long,0.5714285714285714,0.015262440289392557
has_deal&has_china,154,0.002309566740885126,0.0031426001479933907,0.05687334782041869,0.5324675324675324,0.45454545454545453,long,0.5324675324675324,0.015261035717386816
has_relief&volume_spike,32,-0.004779079015381441,-0.005509896815558191,0.07045999005627632,0.40625,0.5625,short,0.5625,0.015206936308211457
deal_only&volume_drop,30,0.0055471534974659694,0.0034492206809985104,0.04020798197827919,0.5,0.5,long,0.5,0.01519150550252894
deal_over_tariff&volume_drop,30,0.0055471534974659694,0.0034492206809985104,0.04020798197827919,0.5,0.5,long,0.5,0.01519150550252894
has_deal&pre_deal,168,0.0021913415381721365,0.004120728314005673,0.052714596162888074,0.5238095238095238,0.4642857142857143,long,0.5238095238095238,0.014877778971045936
pre_deal,168,0.0021913415381721365,0.004120728314005673,0.052714596162888074,0.5238095238095238,0.4642857142857143,long,0.5238095238095238,0.014877778971045936
posts_very_high&pre_deal,74,0.003313504242477385,0.0017331019780808532,0.053949117274868376,0.5135135135135135,0.47297297297297297,long,0.5135135135135135,0.014637107677913696
has_positive&china_streak_3d,82,0.0026601945629842316,0.006836197743650851,0.059274005450939735,0.5853658536585366,0.3780487804878049,long,0.5853658536585366,0.014100928571825192
positive_heavy&has_iran,91,0.002904201392511997,0.0012756304671819318,0.05560591138537314,0.5054945054945055,0.4725274725274725,long,0.5054945054945055,0.014004379299762231
pre_deal&has_uppercase_phrase,67,0.003676376912457647,-0.0013530437252694538,0.05341266266397847,0.4626865671641791,0.5074626865671642,long,0.4626865671641791,0.013923368663818292
pre_deal&china_streak_3d,20,0.005623144292266647,0.013100718759306629,0.03428503507209982,0.55,0.4,long,0.55,0.013831106173277985
has_deal&has_market_brag,78,-0.0031053664702976056,0.000798342186514589,0.05436845881620111,0.5,0.5,short,0.5,0.013712927033990515
has_relief&deal_over_tariff,47,0.004248214909354841,0.0,0.060380035582703925,0.46808510638297873,0.48936170212765956,long,0.46808510638297873,0.013632648295954
has_tariff&attack_heavy,69,0.003216519945901097,0.0038215814040911678,0.056207552914195665,0.5072463768115942,0.4782608695652174,long,0.5072463768115942,0.013552822417914353
has_positive&tariff_only,56,0.0034412020792789033,0.004727634159368943,0.052622175052187296,0.5178571428571429,0.44642857142857145,long,0.5178571428571429,0.013335649150005605
has_tariff&exclamation_heavy,136,-0.0023471406595771053,0.0007132898626057704,0.0566888306142449,0.5,0.4852941176470588,short,0.4852941176470588,0.013283532974181642
has_positive&pre_deal,160,0.00201166863964094,0.0033153303746589202,0.05325290962243566,0.51875,0.46875,long,0.51875,0.013200018707505557
has_china&pre_deal,82,-0.002891789856511988,-0.0005493952956983628,0.051429897858722,0.4878048780487805,0.5,short,0.5,0.013093135444637596
has_attack&pre_relief,35,0.004218346454117643,0.0038215814040911678,0.06513288795196742,0.5142857142857142,0.4857142857142857,long,0.5142857142857142,0.012834552433019317
attack_heavy&tariff_only,25,0.004896038738630795,0.008287133841048178,0.049146440785888985,0.52,0.44,long,0.52,0.012729700720440065
has_iran,118,0.0022843716979314027,0.0019021757960893115,0.05705524408391619,0.5084745762711864,0.4745762711864407,long,0.5084745762711864,0.01261760761776567
has_iran&has_exclamation,118,0.0022843716979314027,0.0019021757960893115,0.05705524408391619,0.5084745762711864,0.4745762711864407,long,0.5084745762711864,0.01261760761776567
posts_high&pre_deal,113,0.0022331001650212046,0.0021905734889797746,0.055425138744053803,0.5132743362831859,0.4690265486725664,long,0.5132743362831859,0.012184198773272552
has_relief&has_exclamation,91,-0.0025797149213600346,0.0,0.06991637293938067,0.46153846153846156,0.4945054945054945,short,0.4945054945054945,0.0121692421580715
has_relief,91,-0.0025797149213600346,0.0,0.06991637293938067,0.46153846153846156,0.4945054945054945,short,0.4945054945054945,0.0121692421580715
has_relief&attack_heavy,50,0.0036899608679115347,-0.0011879928693708797,0.06057031144480367,0.46,0.52,long,0.46,0.012002303219260926
positive_heavy&has_market_brag,140,0.0019357577049630115,0.003085797957593006,0.06076512814010011,0.5214285714285715,0.4714285714285714,long,0.5214285714285715,0.011942901181452885
has_tariff&open_tariff,30,0.0038365378888173705,0.011363535103321998,0.05975528408397693,0.5666666666666667,0.43333333333333335,long,0.5666666666666667,0.011907697285094951
open_tariff&has_exclamation,30,0.0038365378888173705,0.011363535103321998,0.05975528408397693,0.5666666666666667,0.43333333333333335,long,0.5666666666666667,0.011907697285094951
open_tariff&exclamation_heavy,30,0.0038365378888173705,0.011363535103321998,0.05975528408397693,0.5666666666666667,0.43333333333333335,long,0.5666666666666667,0.011907697285094951
open_tariff,30,0.0038365378888173705,0.011363535103321998,0.05975528408397693,0.5666666666666667,0.43333333333333335,long,0.5666666666666667,0.011907697285094951
has_relief&has_russia,38,0.003613725788546585,0.003006077446535471,0.06372472484908721,0.5263157894736842,0.4473684210526316,long,0.5263157894736842,0.01172447465989825
posts_high&pre_relief,33,-0.00384934863825455,-0.0012771951473450338,0.06270847556075612,0.48484848484848486,0.5151515151515151,short,0.5151515151515151,0.011391454994361361
has_china&china_streak_3d,49,0.0026424317893762282,0.008185512217740332,0.04951581931390983,0.6122448979591837,0.3469387755102041,long,0.6122448979591837,0.011324707668755265
has_relief&has_attack,75,0.0026280990192909318,0.0,0.0707582441390137,0.49333333333333335,0.4666666666666667,long,0.49333333333333335,0.011228269204210122
deal_heavy&has_china,80,-0.0025090954907349473,0.0018397930766231863,0.06157778230285367,0.5125,0.4875,short,0.4875,0.010940490754676995
brag_heavy&has_china,20,-0.004875578268322267,-0.0030190080749438186,0.04588552389629557,0.5,0.5,short,0.5,0.0109021244375893
posts_high&brag_heavy,30,-0.003702148430171463,-0.007985551923566259,0.04533443639893374,0.4666666666666667,0.5333333333333333,short,0.5333333333333333,0.01081466776766533
high_emotion,70,0.002281280031341364,0.009196373412785008,0.08069736913846806,0.5571428571428572,0.42857142857142855,long,0.5571428571428572,0.010633939521513598
posts_low&has_positive,84,-0.0022004752654011645,-0.003533459819968554,0.05105824072851454,0.4523809523809524,0.5238095238095238,short,0.5238095238095238,0.010564027538511205
pre_deal&volume_spike,52,-0.0028008215062925723,-0.0012259171583330897,0.05789218524652271,0.46153846153846156,0.5192307692307693,short,0.5192307692307693,0.010486909614143239
has_china&volume_drop,30,-0.0033304329703798224,-0.012365702269419465,0.05624924999955855,0.43333333333333335,0.5666666666666667,short,0.5666666666666667,0.010336868496770459
has_positive&open_tariff,29,0.003374302494174425,0.01049878199088461,0.060758373833657675,0.5517241379310345,0.4482758620689655,long,0.5517241379310345,0.01002547588427823
open_tariff&lots_of_excl,29,0.003374302494174425,0.01049878199088461,0.060758373833657675,0.5517241379310345,0.4482758620689655,long,0.5517241379310345,0.01002547588427823
has_exclamation&tariff_only,58,0.0024861255843078318,0.004727634159368943,0.05251993155095,0.5172413793103449,0.4482758620689655,long,0.5172413793103449,0.009793328463502646
tariff_only,58,0.0024861255843078318,0.004727634159368943,0.05251993155095,0.5172413793103449,0.4482758620689655,long,0.5172413793103449,0.009793328463502646
has_tariff&tariff_only,58,0.0024861255843078318,0.004727634159368943,0.05251993155095,0.5172413793103449,0.4482758620689655,long,0.5172413793103449,0.009793328463502646
positive_heavy&brag_heavy,36,-0.0032606254247974733,-0.0018135394480351952,0.04616963323638305,0.5,0.5,short,0.5,0.00978187627439242
pre_deal&open_deal,29,-0.0037367050829280736,0.0012756304671819318,0.0516116140874916,0.5172413793103449,0.4827586206896552,short,0.4827586206896552,0.009714441996591322
posts_high&tariff_only,30,0.003514297842312497,0.0019280366867659993,0.058846114244705296,0.5,0.43333333333333335,long,0.5,0.009624301010131439
pre_deal&has_night_post,161,0.0014474659069842097,0.0038215814040911678,0.05113628850908013,0.5217391304347826,0.4658385093167702,long,0.5217391304347826,0.00958240872935282
has_iran&volume_spike,38,0.002775186897150687,0.004120728314005673,0.053918241830469074,0.5526315789473685,0.39473684210526316,long,0.5526315789473685,0.009454090009544372
deal_heavy&has_relief,33,0.003070538168029592,0.0021905734889797746,0.06154593310250345,0.5151515151515151,0.48484848484848486,long,0.5151515151515151,0.009086705475822597
has_relief&has_uppercase_phrase,40,0.0028274341491015182,0.0006992642519042525,0.05574712213844399,0.5,0.45,long,0.5,0.008941131845300923
open_deal&volume_spike,22,0.0031670198514824536,0.004960203793554996,0.05662449680920676,0.5909090909090909,0.4090909090909091,long,0.5909090909090909,0.008777741713630476
positive_heavy&open_tariff,28,0.0030580887184035337,0.0071601816974878885,0.06184899380303141,0.5357142857142857,0.4642857142857143,long,0.5357142857142857,0.00866886668150141
pre_relief&has_night_post,40,0.002597590040723055,0.004679331018370925,0.06580126948556358,0.525,0.475,long,0.525,0.008625016003857107
posts_high&has_relief,68,0.0019699687165028717,0.0,0.061338877106864774,0.4852941176470588,0.45588235294117646,long,0.4852941176470588,0.00788349530032427
has_relief&has_positive,90,-0.0016483330241789766,0.0,0.06973805973409665,0.4666666666666667,0.4888888888888889,short,0.4888888888888889,0.007644980491689145
has_relief&exclamation_heavy,90,-0.0016483330241789766,0.0,0.06973805973409665,0.4666666666666667,0.4888888888888889,short,0.4888888888888889,0.007644980491689145
has_market_brag&volume_drop,24,-0.0030179650147361126,-0.001681382732026726,0.03970651554396034,0.5,0.5,short,0.5,0.00739247434767459
has_positive&has_market_brag,166,0.0010881237107381121,0.0026935952976124833,0.058354023728422244,0.5240963855421686,0.46987951807228917,long,0.5240963855421686,0.007347565774069329
has_iran&has_uppercase_phrase,56,-0.0018236661286225228,-0.0050487711136284474,0.05695490374534904,0.44642857142857145,0.5357142857142857,short,0.5357142857142857,0.007310929115539177
open_tariff&has_night_post,28,0.002413914146872222,0.0071601816974878885,0.06159438838950541,0.5357142857142857,0.4642857142857143,long,0.5357142857142857,0.006842803413090583
posts_very_high&has_relief,49,0.0019083259651775783,0.0021905734889797746,0.06048652790445303,0.5102040816326531,0.4489795918367347,long,0.5102040816326531,0.006815449875634208
posts_low&high_emotion,59,0.001628438984990948,0.00840336878890735,0.08492816110546186,0.5423728813559322,0.4406779661016949,long,0.5423728813559322,0.00678415033775007
has_night_post&high_emotion,41,0.0019820227636615155,0.008652478750769799,0.06658073889387806,0.5121951219512195,0.4634146341463415,long,0.5121951219512195,0.006500338974147279
high_emotion&short_posts,62,0.0014594780355764393,0.011551517509742149,0.08267934678836264,0.5645161290322581,0.43548387096774194,long,0.5645161290322581,0.006487386355526873
has_china&pre_relief,21,-0.002559727075652694,-0.0012771951473450338,0.07238521147836163,0.47619047619047616,0.5238095238095238,short,0.5238095238095238,0.006144360662317651
has_market_brag&exclamation_heavy,167,0.0009226586200265318,0.0021928976522542776,0.05817052448334232,0.5149700598802395,0.47904191616766467,long,0.5149700598802395,0.0061401822125199835
pre_tariff&has_uppercase_phrase,25,-0.0018774823533133445,-0.015047831468980366,0.05292648601958182,0.36,0.64,short,0.64,0.006007943530602702
has_attack&brag_heavy,33,-0.0018816149070267092,-0.0072376127328189765,0.04713991917568229,0.48484848484848486,0.5151515151515151,short,0.5151515151515151,0.005568300911250634
has_iran&lots_of_excl,110,0.0010282712003544681,0.0006378152335909659,0.05379937345273282,0.5,0.4818181818181818,long,0.5,0.005392299666251544
has_relief&has_all_caps,26,0.0020855851232460722,6.066667823173555e-05,0.04834350112379161,0.5,0.5,long,0.5,0.005317219620345267
has_russia&china_streak_3d,28,0.0018333727622451002,0.016586131149083805,0.053571581060243616,0.5357142857142857,0.35714285714285715,long,0.5357142857142857,0.005197123274335804
has_iran&has_all_caps,25,-0.001838730465463665,-0.008810544317935154,0.051206133417982275,0.44,0.56,short,0.56,0.005148445303298263
has_market_brag&has_exclamation,170,0.0007479661391614822,0.0024423066415266703,0.05780202547193436,0.5176470588235295,0.4764705882352941,long,0.5176470588235295,0.005048241805905734
has_market_brag,170,0.0007479661391614822,0.0024423066415266703,0.05780202547193436,0.5176470588235295,0.4764705882352941,long,0.5176470588235295,0.005048241805905734
exclamation_heavy&volume_drop,115,0.000830594071634478,0.00515025457398921,0.0477112685036288,0.5478260869565217,0.4434782608695652,long,0.5478260869565217,0.004879557682618817
has_tariff&has_uppercase_phrase,56,0.0015135633830041736,-0.005091733040088364,0.05278924409119053,0.42857142857142855,0.5714285714285714,long,0.42857142857142855,0.00485420195345839
has_relief&has_night_post,89,-0.0010528677699898356,0.0,0.06990270462945596,0.47191011235955055,0.48314606741573035,short,0.48314606741573035,0.004798961697699873
brag_heavy&has_night_post,38,0.0013929411280420782,0.007620106564534601,0.04254377040815012,0.5526315789473685,0.4473684210526316,long,0.5526315789473685,0.004745262676191942
has_tariff&deal_over_tariff,44,0.0014726528012456391,-0.0012259171583330897,0.0593270534214756,0.4772727272727273,0.5227272727272727,long,0.4772727272727273,0.004662226025097718
has_positive&volume_drop,124,0.0007736539191682823,0.004147729056309779,0.04936690944290666,0.5403225806451613,0.45161290322580644,long,0.5403225806451613,0.004654903584849984
has_tariff&has_iran,22,-0.002321662910326185,0.004661056883640491,0.053939637742330473,0.5909090909090909,0.4090909090909091,short,0.4090909090909091,0.004454821760560146
deal_heavy&pre_deal,93,0.0008306660168730617,0.0038215814040911678,0.05525131245084355,0.5268817204301075,0.4731182795698925,long,0.5268817204301075,0.004220666616362318
has_positive&brag_heavy,41,-0.001406578878622998,0.006435148453170836,0.04378253523786332,0.5365853658536586,0.4634146341463415,short,0.4634146341463415,0.004173743582484602
has_positive&pre_relief,41,0.0012014356337051143,0.0038215814040911678,0.06558567695405475,0.5121951219512195,0.4878048780487805,long,0.5121951219512195,0.00394028717423773
positive_heavy&pre_relief,41,0.0012014356337051143,0.0038215814040911678,0.06558567695405475,0.5121951219512195,0.4878048780487805,long,0.5121951219512195,0.00394028717423773
pre_relief&exclamation_heavy,41,0.0012014356337051143,0.0038215814040911678,0.06558567695405475,0.5121951219512195,0.4878048780487805,long,0.5121951219512195,0.00394028717423773
brag_heavy&lots_of_excl,41,-0.0013104572056486152,0.008805064675898366,0.043804502213461605,0.5365853658536586,0.4634146341463415,short,0.4634146341463415,0.0038885216004033237
has_deal&pre_relief,25,0.001460409607914186,0.0038215814040911678,0.06831975880810397,0.52,0.48,long,0.52,0.0037970649805768837
has_deal&has_relief,49,-0.0010168100954704837,-0.0010987905913967255,0.06468428265021882,0.4489795918367347,0.5102040816326531,short,0.5102040816326531,0.003631464626680299
has_deal&brag_heavy,24,-0.0014793148221504404,-0.0022710688841965365,0.04521771716727735,0.5,0.5,short,0.5,0.0036235664832046247
positive_heavy&china_streak_3d,70,-0.0010672675716177327,0.006836197743650851,0.054204569489643785,0.5857142857142857,0.37142857142857144,short,0.37142857142857144,0.003316634712072131
brag_heavy,42,-0.0011260380232957713,0.007620106564534601,0.04328350740249235,0.5476190476190477,0.4523809523809524,short,0.4523809523809524,0.0033012773444053628
brag_heavy&has_exclamation,42,-0.0011260380232957713,0.007620106564534601,0.04328350740249235,0.5476190476190477,0.4523809523809524,short,0.4523809523809524,0.0033012773444053628
brag_heavy&exclamation_heavy,42,-0.0011260380232957713,0.007620106564534601,0.04328350740249235,0.5476190476190477,0.4523809523809524,short,0.4523809523809524,0.0033012773444053628
has_market_brag&brag_heavy,42,-0.0011260380232957713,0.007620106564534601,0.04328350740249235,0.5476190476190477,0.4523809523809524,short,0.4523809523809524,0.0033012773444053628
has_tariff&has_attack,112,-0.0006380543800050185,0.003838827388811583,0.05807303904776197,0.5089285714285714,0.48214285714285715,short,0.48214285714285715,0.003255685481112652
has_tariff&has_russia,60,-0.0008073982673731384,0.0013477374822129518,0.05937836174858693,0.5,0.48333333333333334,short,0.48333333333333334,0.0030228053751831254
pre_relief,42,-0.0008844101115653702,0.0013715050537560503,0.06617626805837308,0.5,0.5,short,0.5,0.0028658163020525654
pre_relief&has_exclamation,42,-0.0008844101115653702,0.0013715050537560503,0.06617626805837308,0.5,0.5,short,0.5,0.0028658163020525654
has_relief&pre_relief,42,-0.0008844101115653702,0.0013715050537560503,0.06617626805837308,0.5,0.5,short,0.5,0.0028658163020525654
has_market_brag&lots_of_excl,160,0.00044578527216265556,0.0005708541650133458,0.05932391937344197,0.5,0.49375,long,0.5,0.0028193936147840933
pre_relief&lots_of_excl,40,-0.000879115994675092,0.0013715050537560503,0.06503651458246303,0.5,0.5,short,0.5,0.0027800088706577478
lots_of_excl&volume_drop,87,0.0005364182484698642,0.004449373739046969,0.049276625587308394,0.5402298850574713,0.4482758620689655,long,0.5402298850574713,0.0027029734220712985
has_market_brag&pre_deal,40,0.0008829183998016743,-0.0012259171583330897,0.04897464427269787,0.475,0.525,long,0.475,0.002652431474872226
has_attack&tariff_rising,20,0.0008967143612760742,0.007499424639970886,0.06347705930431648,0.55,0.45,long,0.55,0.002205625695034968
positive_heavy&volume_drop,54,0.0004965886429835897,0.005930853933559188,0.049222530326091925,0.5925925925925926,0.3888888888888889,long,0.5925925925925926,0.002162468955326081
posts_low&has_night_post,92,-0.00042487566937087726,-0.0023795536193054745,0.06548628492370115,0.4782608695652174,0.5108695652173914,short,0.5108695652173914,0.0020819284792804337
has_relief&positive_heavy,84,-0.000410249465381079,0.0,0.0706501848473041,0.4642857142857143,0.4880952380952381,short,0.4880952380952381,0.0018352373425210085
short_posts&china_streak_3d,44,-0.0006070600608596836,0.006646406364987034,0.04361693767066793,0.5681818181818182,0.38636363636363635,short,0.38636363636363635,0.0015558017091087289
posts_high&has_iran,77,0.00016082863306292057,0.0,0.05219955153206664,0.4805194805194805,0.4935064935064935,long,0.4805194805194805,0.0006781405781974427
has_tariff&has_market_brag,35,-0.00010394119948097089,-0.0010987905913967255,0.047024919649979076,0.4857142857142857,0.5142857142857142,short,0.5142857142857142,0.00031624684913854085
has_china&tariff_only,24,-0.00011600005508877187,0.004143566920524089,0.046692601023895865,0.5,0.4583333333333333,short,0.4583333333333333,0.00026046253301037774
