event,n,mean_ret,median_ret,std,hit_up,hit_down,direction,directional_hit,score
has_positive&short_posts,414,0.07698659333455468,0.03947375031183409,0.15139501726199564,0.7028985507246377,0.28019323671497587,long,0.7028985507246377,1.1010522301379857
has_exclamation&short_posts,456,0.07254684074366645,0.03757855828165835,0.14726774538134366,0.6973684210526315,0.2850877192982456,long,0.6973684210526315,1.0803468332779564
posts_high&short_posts,236,0.09403483699840366,0.04824556102905586,0.16399997635762936,0.7457627118644068,0.24152542372881355,long,0.7457627118644068,1.0773217860311681
has_night_post&short_posts,427,0.07365874895455346,0.03947378531116863,0.1478902665299244,0.7049180327868853,0.2810304449648712,long,0.7049180327868853,1.072943607093632
has_attack&short_posts,290,0.0853743957333767,0.04351116263985144,0.14844077050835217,0.7206896551724138,0.25862068965517243,long,0.7206896551724138,1.0477916423329123
exclamation_heavy&short_posts,400,0.07503943453332534,0.0384952153952246,0.15155462333563904,0.6975,0.2825,long,0.6975,1.0468001117398886
short_posts,508,0.06721186805757207,0.03553113806647079,0.1419820089554586,0.6909448818897638,0.2933070866141732,long,0.6909448818897638,1.0466975954723572
lots_of_excl&short_posts,358,0.07543803766784071,0.038394528828487595,0.15558316055393348,0.6927374301675978,0.2877094972067039,long,0.6927374301675978,0.9887819965107908
posts_high&exclamation_heavy,413,0.06669441179056777,0.03690027828568487,0.14873250436732804,0.6924939467312349,0.29539951573849876,long,0.6924939467312349,0.9385997927007274
posts_high&has_exclamation,413,0.06669441179056777,0.03690027828568487,0.14873250436732804,0.6924939467312349,0.29539951573849876,long,0.6924939467312349,0.9385997927007274
posts_high,413,0.06669441179056777,0.03690027828568487,0.14873250436732804,0.6924939467312349,0.29539951573849876,long,0.6924939467312349,0.9385997927007274
posts_high&has_positive,412,0.06670514778103454,0.036855054611108606,0.14891317400311346,0.691747572815534,0.2961165048543689,long,0.691747572815534,0.936603125359242
has_night_post&has_exclamation,783,0.04993644925661559,0.03076925693509458,0.13116773189818692,0.6641123882503193,0.31928480204342274,long,0.6641123882503193,0.9279832153506903
posts_high&has_night_post,402,0.06688287451064313,0.0369065339531337,0.14827554024394965,0.6915422885572139,0.2960199004975124,long,0.6915422885572139,0.9273564553261364
posts_high&lots_of_excl,410,0.06609129386528255,0.0367535532787322,0.14907975922406866,0.6902439024390243,0.2975609756097561,long,0.6902439024390243,0.9237166274972112
has_night_post,808,0.04870983695132906,0.029804644366525967,0.13000593029625798,0.6633663366336634,0.32054455445544555,long,0.6633663366336634,0.9184928611089016
posts_high&has_attack,357,0.06867838157861637,0.03816784922068983,0.14647751508809032,0.7058823529411765,0.2801120448179272,long,0.7058823529411765,0.9159810417728695
has_positive&has_night_post,746,0.050112825834293065,0.030058930439454956,0.13248113857938607,0.6595174262734584,0.3230563002680965,long,0.6595174262734584,0.9027023687691873
has_uppercase_phrase&short_posts,159,0.09807530197330606,0.04504482409607946,0.176039345301487,0.7295597484276729,0.25157232704402516,long,0.7295597484276729,0.902233775496708
posts_very_high&short_posts,158,0.09677183005143386,0.046975611614557544,0.16822455020330945,0.740506329113924,0.24050632911392406,long,0.740506329113924,0.9007541513150781
has_exclamation,889,0.04628455700473757,0.026548569755635132,0.1290793181205046,0.6512935883014623,0.33070866141732286,long,0.6512935883014623,0.8988015126324548
has_all_caps&short_posts,123,0.10580546297026201,0.05226463305771234,0.18742964767356957,0.7642276422764228,0.22764227642276422,long,0.7642276422764228,0.896774787536818
posts_very_high,233,0.08042275432233943,0.0397351133074062,0.15487451980103517,0.7253218884120172,0.2575107296137339,long,0.7253218884120172,0.8904051984217868
posts_very_high&has_exclamation,233,0.08042275432233943,0.0397351133074062,0.15487451980103517,0.7253218884120172,0.2575107296137339,long,0.7253218884120172,0.8904051984217868
posts_very_high&exclamation_heavy,233,0.08042275432233943,0.0397351133074062,0.15487451980103517,0.7253218884120172,0.2575107296137339,long,0.7253218884120172,0.8904051984217868
posts_high&posts_very_high,233,0.08042275432233943,0.0397351133074062,0.15487451980103517,0.7253218884120172,0.2575107296137339,long,0.7253218884120172,0.8904051984217868
posts_very_high&has_positive,233,0.08042275432233943,0.0397351133074062,0.15487451980103517,0.7253218884120172,0.2575107296137339,long,0.7253218884120172,0.8904051984217868
has_positive&has_exclamation,826,0.047506074187370684,0.026862922396779565,0.1307634255085318,0.6501210653753027,0.33171912832929784,long,0.6501210653753027,0.8876329280710548
has_positive,830,0.047357712410128164,0.026862922396779565,0.1305952532090689,0.6493975903614457,0.3325301204819277,long,0.6493975903614457,0.8860136951555827
has_all_caps&lots_of_excl,171,0.09118985321186393,0.04477615634354137,0.176147310975919,0.7426900584795322,0.25146198830409355,long,0.7426900584795322,0.8856297204036228
posts_very_high&has_night_post,229,0.07996602865094622,0.04137923017773981,0.15223735486984605,0.7292576419213974,0.25327510917030566,long,0.7292576419213974,0.8824787535890674
posts_very_high&lots_of_excl,231,0.07997131017206553,0.03947371531249955,0.15544331858443322,0.7229437229437229,0.2597402597402597,long,0.7229437229437229,0.8787082265669276
has_attack&has_exclamation,602,0.05308930537638311,0.031043406185664146,0.13008167472525367,0.6744186046511628,0.30398671096345514,long,0.6744186046511628,0.8784859721731333
has_attack,602,0.05308930537638311,0.031043406185664146,0.13008167472525367,0.6744186046511628,0.30398671096345514,long,0.6744186046511628,0.8784859721731333
posts_very_high&has_attack,213,0.08197031953949467,0.0397351133074062,0.1561712219054467,0.7323943661971831,0.24882629107981222,long,0.7323943661971831,0.8761761448349031
posts_high&positive_heavy,376,0.06589008287199451,0.03507624160573397,0.15005797351268726,0.6835106382978723,0.30319148936170215,long,0.6835106382978723,0.8732915433862716
attack_heavy&short_posts,146,0.09747278568803408,0.05226400779997542,0.16157907206562677,0.7397260273972602,0.23972602739726026,long,0.7397260273972602,0.871225755270051
has_night_post&has_all_caps,177,0.08898966714566664,0.0431034842196516,0.17355761117410456,0.7344632768361582,0.2542372881355932,long,0.7344632768361582,0.8695534879633442
has_attack&has_positive,586,0.05318078239912287,0.03139778635347046,0.13103942680892494,0.674061433447099,0.3054607508532423,long,0.674061433447099,0.8677667593288786
posts_high&has_all_caps,137,0.09816745708834311,0.04477615634354137,0.1772810700692087,0.7518248175182481,0.24817518248175183,long,0.7518248175182481,0.8638622226306768
has_attack&exclamation_heavy,587,0.052783406845112145,0.03154566551575,0.1305997683233952,0.6746166950596252,0.303236797274276,long,0.6746166950596252,0.8627273241100633
posts_very_high&positive_heavy,220,0.08071989600700681,0.03772083508491397,0.1578085395913038,0.7181818181818181,0.2636363636363636,long,0.7181818181818181,0.8598572160183449
has_positive&has_all_caps,175,0.08882851217889841,0.0431034842196516,0.1746961503376395,0.7314285714285714,0.25142857142857145,long,0.7314285714285714,0.8594949579236111
has_night_post&exclamation_heavy,730,0.04846261529241408,0.0295574710403409,0.13198802812307667,0.6561643835616439,0.32602739726027397,long,0.6561643835616439,0.8591736131547818
has_attack&has_night_post,552,0.05353936488370404,0.0331138980464073,0.13069652474626242,0.6811594202898551,0.29891304347826086,long,0.6811594202898551,0.856823799386659
positive_heavy&short_posts,272,0.0758860326254351,0.03771214422352265,0.15996365639357624,0.6838235294117647,0.2977941176470588,long,0.6838235294117647,0.8558355854766918
has_all_caps&exclamation_heavy,176,0.08828443843354922,0.0431034842196516,0.17447747501303318,0.7272727272727273,0.2556818181818182,long,0.7272727272727273,0.8518003115965509
has_attack&has_all_caps,145,0.0938689234605326,0.04477613270726288,0.16835603848892783,0.7517241379310344,0.22758620689655173,long,0.7517241379310344,0.8496974873425972
has_all_caps,179,0.08744487071193545,0.0431034842196516,0.1732727617879586,0.7262569832402235,0.2569832402234637,long,0.7262569832402235,0.8496717456663347
has_all_caps&has_exclamation,179,0.08744487071193545,0.0431034842196516,0.1732727617879586,0.7262569832402235,0.2569832402234637,long,0.7262569832402235,0.8496717456663347
has_attack&lots_of_excl,562,0.05267685485473779,0.03174717840978669,0.1308650800689119,0.6761565836298933,0.304270462633452,long,0.6761565836298933,0.8443748237946127
exclamation_heavy,795,0.04621821229264073,0.026819931554348475,0.13075675226676822,0.6477987421383647,0.3320754716981132,long,0.6477987421383647,0.8441833997010539
has_exclamation&exclamation_heavy,795,0.04621821229264073,0.026819931554348475,0.13075675226676822,0.6477987421383647,0.3320754716981132,long,0.6477987421383647,0.8441833997010539
has_positive&exclamation_heavy,772,0.04633240215922552,0.0266378756334672,0.13147887808020664,0.6450777202072538,0.33549222797927464,long,0.6450777202072538,0.8304347418214105
posts_high&has_uppercase_phrase,207,0.0812989397368739,0.04201376039817184,0.161865792704552,0.7053140096618358,0.28502415458937197,long,0.7053140096618358,0.8249973714245238
has_night_post&has_uppercase_phrase,278,0.07189000299967081,0.03548158546356894,0.15736311820790905,0.6834532374100719,0.2949640287769784,long,0.6834532374100719,0.8192184123425812
has_china&short_posts,147,0.09099010170066577,0.0397351133074062,0.16085134680688504,0.7414965986394558,0.23809523809523808,long,0.7414965986394558,0.8180163440630454
has_night_post&lots_of_excl,673,0.047943942312709216,0.02737873295063209,0.13401302151299893,0.6537890044576523,0.32838038632986627,long,0.6537890044576523,0.8131653911628975
lots_of_excl,726,0.045985955317139664,0.0266378756334672,0.1333454168101282,0.6460055096418733,0.3347107438016529,long,0.6460055096418733,0.8004417731667514
has_exclamation&lots_of_excl,726,0.045985955317139664,0.0266378756334672,0.1333454168101282,0.6460055096418733,0.3347107438016529,long,0.6460055096418733,0.8004417731667514
has_positive&lots_of_excl,711,0.04629710513255331,0.026785675728663527,0.13352768480925967,0.6469760900140648,0.33473980309423346,long,0.6469760900140648,0.7986874634322163
exclamation_heavy&lots_of_excl,723,0.045977711517537864,0.026785675728663527,0.1335867105700293,0.6445366528354081,0.3360995850622407,long,0.6445366528354081,0.7968271423498049
posts_very_high&has_action,104,0.10105239779170966,0.06201420960205806,0.16002197344754454,0.7692307692307693,0.21153846153846154,long,0.7692307692307693,0.7927202280542583
posts_high&attack_heavy,243,0.07084932585794383,0.0397351133074062,0.14608160020402902,0.7160493827160493,0.2674897119341564,long,0.7160493827160493,0.7908276288824228
attack_heavy&has_night_post,275,0.0675708415156006,0.03816784922068983,0.14329149327575422,0.7054545454545454,0.28,long,0.7054545454545454,0.7904869608492447
attack_heavy&exclamation_heavy,287,0.06602726792241156,0.038528880549245414,0.141065579787605,0.7038327526132404,0.2787456445993031,long,0.7038327526132404,0.7872882113524042
silence_day,229,0.07872000938356753,0.031941012596842455,0.16265875734864205,0.6602870813397129,0.3349282296650718,long,0.6602870813397129,0.786566921740925
posts_low&silence_day,229,0.07872000938356753,0.031941012596842455,0.16265875734864205,0.6602870813397129,0.3349282296650718,long,0.6602870813397129,0.786566921740925
attack_heavy&lots_of_excl,285,0.0663009547159495,0.038528880549245414,0.1415162147988756,0.7017543859649122,0.2807017543859649,long,0.7017543859649122,0.7854659224069819
attack_heavy&has_positive,285,0.06622529933589866,0.038528880549245414,0.1415276469488007,0.7017543859649122,0.28421052631578947,long,0.7017543859649122,0.7845696348175908
has_uppercase_phrase&lots_of_excl,270,0.07005220327129066,0.03528332174428894,0.15981836792730164,0.6814814814814815,0.3,long,0.6814814814814815,0.7844364039967386
has_attack&attack_heavy,288,0.06578686268429113,0.03834836488496762,0.14087869405610828,0.7013888888888888,0.28125,long,0.7013888888888888,0.7830586680703499
attack_heavy,288,0.06578686268429113,0.03834836488496762,0.14087869405610828,0.7013888888888888,0.28125,long,0.7013888888888888,0.7830586680703499
attack_heavy&has_exclamation,288,0.06578686268429113,0.03834836488496762,0.14087869405610828,0.7013888888888888,0.28125,long,0.7013888888888888,0.7830586680703499
has_uppercase_phrase,295,0.06723911314197269,0.03519674023791852,0.15544689115176508,0.6779661016949152,0.3016949152542373,long,0.6779661016949152,0.7829625041236609
has_action&short_posts,105,0.10523925555302892,0.057347686618730354,0.16730394930543882,0.7238095238095238,0.2571428571428571,long,0.7238095238095238,0.7805427785015019
has_uppercase_phrase&has_exclamation,293,0.06708478508461779,0.03478257996080858,0.155963888669047,0.6757679180887372,0.3037542662116041,long,0.6757679180887372,0.7759887282256688
posts_very_high&has_all_caps,103,0.10067037341746207,0.047618952934547654,0.17599277016459372,0.7572815533980582,0.24271844660194175,long,0.7572815533980582,0.7737090377012703
has_uppercase_phrase&exclamation_heavy,277,0.06878940439727504,0.03519674023791852,0.15815727470150795,0.6750902527075813,0.30324909747292417,long,0.6750902527075813,0.7728999357516936
posts_high&has_action,136,0.09157095203952613,0.049305510878490666,0.16648325760021632,0.7205882352941176,0.2647058823529412,long,0.7205882352941176,0.769510147031632
posts_very_high&attack_heavy,167,0.08094956334219373,0.04137923017773981,0.1538847447038792,0.7305389221556886,0.25149700598802394,long,0.7305389221556886,0.7642159638877354
has_positive&has_uppercase_phrase,285,0.06683605907638167,0.03519674023791852,0.15548497019661348,0.6771929824561403,0.3017543859649123,long,0.6771929824561403,0.7640921065432871
has_all_caps&has_uppercase_phrase,135,0.09144419217876494,0.04201376039817184,0.18381988881438888,0.7185185185185186,0.26666666666666666,long,0.7185185185185186,0.7634155075850549
has_attack&positive_heavy,459,0.05314442650293927,0.03076925693509458,0.1348216236366342,0.6666666666666666,0.3115468409586057,long,0.6666666666666666,0.759054236493393
posts_low,400,0.05782096814162602,0.025452117245913897,0.13657949870833858,0.6526315789473685,0.3394736842105263,long,0.6526315789473685,0.7547157946906975
has_action,186,0.07730093729093132,0.04470951420358538,0.15293460535302708,0.7150537634408602,0.27419354838709675,long,0.7150537634408602,0.753841302903748
positive_heavy&has_all_caps,143,0.08625486414313274,0.04304646064212081,0.17249755785090068,0.7272727272727273,0.25874125874125875,long,0.7272727272727273,0.7501513860249954
has_action&has_exclamation,184,0.0776733663280871,0.04470951420358538,0.1536827077266524,0.7119565217391305,0.27717391304347827,long,0.7119565217391305,0.7501265062519649
attack_heavy&positive_heavy,254,0.06602639106249711,0.03754031942063618,0.1398873925509157,0.7086614173228346,0.2755905511811024,long,0.7086614173228346,0.7457155625607487
has_action&has_night_post,181,0.0772698754728977,0.04464289569990787,0.1535780075404807,0.712707182320442,0.27624309392265195,long,0.712707182320442,0.7409017749512552
has_action&attack_heavy,99,0.09673947557889116,0.057347686618730354,0.16336864705340276,0.7676767676767676,0.2222222222222222,long,0.7676767676767676,0.7389239170069931
posts_very_high&has_uppercase_phrase,135,0.08615166107293727,0.04304646064212081,0.15788398400452988,0.7333333333333333,0.2518518518518518,long,0.7333333333333333,0.734060686883902
has_action&lots_of_excl,173,0.07817100186050678,0.04477613270726288,0.15612790311392905,0.7109826589595376,0.2774566473988439,long,0.7109826589595376,0.7310174396429225
has_action&has_positive,181,0.07670781945170545,0.04477613270726288,0.15330329533609457,0.7071823204419889,0.281767955801105,long,0.7071823204419889,0.7298108565739158
positive_heavy&lots_of_excl,567,0.04765125178565069,0.026785675728663527,0.1366144515177527,0.6419753086419753,0.3403880070546737,long,0.6419753086419753,0.7284238686732466
has_china&has_night_post,279,0.06418569864028945,0.03355696986366952,0.14172582182367152,0.6774193548387096,0.3046594982078853,long,0.6774193548387096,0.7262697827755907
has_attack&has_uppercase_phrase,222,0.07034860773125584,0.03548158546356894,0.15005583874080228,0.6891891891891891,0.28378378378378377,long,0.6891891891891891,0.7223878790370397
posts_high&has_china,208,0.07034584564002025,0.03741636362390033,0.13969098723680395,0.7115384615384616,0.27884615384615385,long,0.7115384615384616,0.7218858060327548
has_action&has_attack,150,0.08152870783891633,0.047471651340715515,0.15485373775820646,0.72,0.26666666666666666,long,0.72,0.7189334409376513
has_action&exclamation_heavy,178,0.07672065782658277,0.04470951420358538,0.1549432378394312,0.702247191011236,0.28651685393258425,long,0.702247191011236,0.7188070530204018
positive_heavy&has_night_post,556,0.04745669844923286,0.026802803641506,0.13425724029844557,0.6402877697841727,0.34172661870503596,long,0.6402877697841727,0.7164899834956391
positive_heavy&exclamation_heavy,581,0.04657926719964908,0.026217136869585378,0.13545144470407075,0.6368330464716007,0.3442340791738382,long,0.6368330464716007,0.7150004409902329
has_china,296,0.06139756280494813,0.031043406185664146,0.14056165764064252,0.6722972972972973,0.3108108108108108,long,0.6722972972972973,0.7101635092197063
has_china&has_exclamation,296,0.06139756280494813,0.031043406185664146,0.14056165764064252,0.6722972972972973,0.3108108108108108,long,0.6722972972972973,0.7101635092197063
has_action&has_uppercase_phrase,94,0.09675283275679533,0.05097403644526721,0.1711720272927038,0.7553191489361702,0.23404255319148937,long,0.7553191489361702,0.7085297841216855
positive_heavy&has_exclamation,585,0.046037209680269475,0.025890078029986885,0.1353144211022026,0.6341880341880342,0.347008547008547,long,0.6341880341880342,0.7061630180447686
has_positive&positive_heavy,585,0.046037209680269475,0.025890078029986885,0.1353144211022026,0.6341880341880342,0.347008547008547,long,0.6341880341880342,0.7061630180447686
positive_heavy,585,0.046037209680269475,0.025890078029986885,0.1353144211022026,0.6341880341880342,0.347008547008547,long,0.6341880341880342,0.7061630180447686
positive_heavy&has_uppercase_phrase,230,0.06823483502694991,0.038247678318230616,0.15471278110880837,0.6782608695652174,0.30434782608695654,long,0.6782608695652174,0.701886398025597
has_attack&has_china,235,0.0655824268220393,0.035593267676478524,0.13658374102190984,0.6978723404255319,0.28936170212765955,long,0.6978723404255319,0.7016126330858242
posts_very_high&has_china,139,0.07928848123990573,0.04304646064212081,0.14076210835496167,0.7482014388489209,0.23741007194244604,long,0.7482014388489209,0.6994167652037914
has_positive&has_china,290,0.061574201198687534,0.030456001182908365,0.14182542797291992,0.6655172413793103,0.31724137931034485,long,0.6655172413793103,0.6978419877256812
attack_heavy&has_uppercase_phrase,153,0.08106309212026709,0.03947371531249955,0.16206605459260565,0.6928104575163399,0.29411764705882354,long,0.6928104575163399,0.6946776325884275
attack_heavy&has_all_caps,102,0.09279833100138894,0.04282850604671806,0.17552099825019354,0.7352941176470589,0.2647058823529412,long,0.7352941176470589,0.6891302957502106
short_posts&china_streak_3d,42,0.12894617536785283,0.03828528317122126,0.193287210610679,0.8095238095238095,0.16666666666666666,long,0.8095238095238095,0.6764921120180084
has_china&exclamation_heavy,291,0.05892162598162705,0.030075097185679356,0.13806716063565824,0.6666666666666666,0.3161512027491409,long,0.6666666666666666,0.6700850958964525
has_deal&short_posts,159,0.07335642790423917,0.0428572498437485,0.14349945571560002,0.7232704402515723,0.25157232704402516,long,0.7232704402515723,0.6690174619288692
uppercase_phrase_heavy&lots_of_excl,50,0.11479927766620115,0.05480615983822135,0.17439507655399342,0.82,0.18,long,0.82,0.6656378512473233
has_positive&uppercase_phrase_heavy,50,0.11479927766620115,0.05480615983822135,0.17439507655399342,0.82,0.18,long,0.82,0.6656378512473233
uppercase_phrase_heavy&has_exclamation,50,0.11479927766620115,0.05480615983822135,0.17439507655399342,0.82,0.18,long,0.82,0.6656378512473233
has_uppercase_phrase&uppercase_phrase_heavy,50,0.11479927766620115,0.05480615983822135,0.17439507655399342,0.82,0.18,long,0.82,0.6656378512473233
uppercase_phrase_heavy&exclamation_heavy,50,0.11479927766620115,0.05480615983822135,0.17439507655399342,0.82,0.18,long,0.82,0.6656378512473233
uppercase_phrase_heavy,50,0.11479927766620115,0.05480615983822135,0.17439507655399342,0.82,0.18,long,0.82,0.6656378512473233
has_night_post&uppercase_phrase_heavy,50,0.11479927766620115,0.05480615983822135,0.17439507655399342,0.82,0.18,long,0.82,0.6656378512473233
posts_high&deal_over_tariff,197,0.06562371800611373,0.03680983093653234,0.13340105187055679,0.7055837563451777,0.27918781725888325,long,0.7055837563451777,0.6498939880871959
short_posts&deal_over_tariff,152,0.07304378871712215,0.04298036703170005,0.14454609159694334,0.7171052631578947,0.2565789473684211,long,0.7171052631578947,0.6457850629704358
has_attack&deal_over_tariff,230,0.060450932147936454,0.03364590569567427,0.12452920569313482,0.7043478260869566,0.2782608695652174,long,0.7043478260869566,0.6457346609621517
has_action&uppercase_phrase_heavy,27,0.139791446388997,0.07984783199551004,0.168072468366714,0.8888888888888888,0.1111111111111111,long,0.8888888888888888,0.6456690336247564
uppercase_phrase_heavy&volume_spike,20,0.15893801402808513,0.07017298765966529,0.19413264470743374,0.9,0.1,long,0.9,0.6397131664361043
has_action&positive_heavy,151,0.07655115696879597,0.0397351133074062,0.16060794685530558,0.6754966887417219,0.31125827814569534,long,0.6754966887417219,0.6354237700772128
short_posts&deal_only,137,0.07578506698486616,0.0428572498437485,0.14961532342835024,0.7153284671532847,0.25547445255474455,long,0.7153284671532847,0.6345260127271612
has_china&lots_of_excl,277,0.05739218555753897,0.0294118737730944,0.13716201815111562,0.6606498194945848,0.3212996389891697,long,0.6606498194945848,0.6310502871203468
positive_heavy&has_china,252,0.059116958595915994,0.029269091637294964,0.13418589244093262,0.6706349206349206,0.31746031746031744,long,0.6706349206349206,0.6293591011954524
has_china&has_all_caps,89,0.08992427080753275,0.04304646064212081,0.1647876206422488,0.7415730337078652,0.25842696629213485,long,0.7415730337078652,0.6291089403528766
posts_very_high&deal_over_tariff,122,0.07806272924964869,0.0369065339531337,0.14558692834588016,0.7295081967213115,0.2540983606557377,long,0.7295081967213115,0.6290046013351549
posts_high&deal_only,162,0.06994824109629294,0.03819325246654104,0.1411612213579774,0.6975308641975309,0.2839506172839506,long,0.6975308641975309,0.6210087715636012
posts_very_high&china_streak_3d,30,0.1347362310646959,0.03243945960927386,0.1974029245905511,0.8333333333333334,0.13333333333333333,long,0.8333333333333334,0.6149839422280188
has_night_post&deal_over_tariff,277,0.053036987977390045,0.031948691303823384,0.12026127673260661,0.6931407942238267,0.2888086642599278,long,0.6931407942238267,0.6118432825424305
has_china&has_uppercase_phrase,132,0.07892325156583113,0.029743485479386877,0.15917176519084414,0.6742424242424242,0.30303030303030304,long,0.6742424242424242,0.6113754711676874
has_attack&deal_only,196,0.06250426150240514,0.034519928288041624,0.12978156215218475,0.6938775510204082,0.2857142857142857,long,0.6938775510204082,0.6071842545947927
posts_very_high&pre_action,46,0.11081249211606745,0.06598189798159781,0.1587312153780879,0.8043478260869565,0.1956521739130435,long,0.8043478260869565,0.6045211923477077
has_exclamation&deal_over_tariff,299,0.05053789893788715,0.031249927420079926,0.1195543305985895,0.6889632107023411,0.29431438127090304,long,0.6889632107023411,0.6020725246712071
has_night_post&deal_only,238,0.05533450477934295,0.03396899369817585,0.12480381031027428,0.6974789915966386,0.2815126050420168,long,0.6974789915966386,0.5954093318454933
exclamation_heavy&deal_over_tariff,290,0.050610604122625275,0.03104341630010865,0.12009116405713684,0.6896551724137931,0.29310344827586204,long,0.6896551724137931,0.5943914012531955
posts_high&has_deal,226,0.05764804063670351,0.03364590569567427,0.1292355107019995,0.6858407079646017,0.3008849557522124,long,0.6858407079646017,0.5943770463771133
deal_over_tariff,300,0.04966640860931895,0.03104341630010865,0.12030495879746086,0.6866666666666666,0.2966666666666667,long,0.6866666666666666,0.5907032362336082
has_deal&deal_over_tariff,300,0.04966640860931895,0.03104341630010865,0.12030495879746086,0.6866666666666666,0.2966666666666667,long,0.6866666666666666,0.5907032362336082
has_positive&deal_over_tariff,290,0.050475575601048726,0.03104341630010865,0.12090374897335673,0.6862068965517242,0.296551724137931,long,0.6862068965517242,0.589841543833119
has_deal&has_attack,262,0.05295372923793229,0.030058930439454956,0.1216540563335372,0.6870229007633588,0.29770992366412213,long,0.6870229007633588,0.5888686172064201
posts_very_high&has_deal,139,0.07008201939857758,0.03680983093653234,0.14076381838873006,0.7122302158273381,0.2733812949640288,long,0.7122302158273381,0.5884836509325557
uppercase_phrase_heavy&short_posts,33,0.12519428822732992,0.05882364995973588,0.17502198248920475,0.8181818181818182,0.18181818181818182,long,0.8181818181818182,0.5884252623087015
posts_very_high&deal_only,98,0.08271265704974244,0.03819325246654104,0.1545319081695283,0.7142857142857143,0.2653061224489796,long,0.7142857142857143,0.5848668068983017
has_deal&has_night_post,315,0.04824944681494248,0.030075097185679356,0.11782614676739209,0.6825396825396826,0.30158730158730157,long,0.6825396825396826,0.5844878954498914
volume_drop,317,0.05037863807551697,0.02710828033625501,0.1322310689205916,0.6498422712933754,0.34069400630914826,long,0.6498422712933754,0.5828865201969551
pre_action&has_uppercase_phrase,44,0.11362340640269873,0.05361356537126294,0.1800439000126361,0.7727272727272727,0.22727272727272727,long,0.7727272727272727,0.5823986826797173
lots_of_excl&deal_over_tariff,278,0.05095243795951807,0.030058930439454956,0.12215578120003912,0.6834532374100719,0.29856115107913667,long,0.6834532374100719,0.5806255889344085
has_action&has_all_caps,56,0.1058220186750338,0.05587205294684161,0.18364105358229185,0.7321428571428571,0.26785714285714285,long,0.7321428571428571,0.5797835447217706
attack_heavy&has_china,147,0.06810669879029921,0.03478257996080858,0.13782538554820203,0.7006802721088435,0.2857142857142857,long,0.7006802721088435,0.5785866215228841
has_exclamation&deal_only,257,0.05229308247871279,0.03289454239001688,0.12435077381202767,0.688715953307393,0.2918287937743191,long,0.688715953307393,0.5773656567144678
china_streak_3d,84,0.08529546746695077,0.03763231512598186,0.16512979304780315,0.7380952380952381,0.25,long,0.7380952380952381,0.5770029056772523
has_exclamation&china_streak_3d,84,0.08529546746695077,0.03763231512598186,0.16512979304780315,0.7380952380952381,0.25,long,0.7380952380952381,0.5770029056772523
posts_high&pre_action,60,0.098681833823441,0.04653062885663639,0.17074446461875895,0.75,0.25,long,0.75,0.5732896484570922
posts_high&uppercase_phrase_heavy,46,0.1016671344902581,0.05141784901888358,0.15721249886279756,0.8260869565217391,0.17391304347826086,long,0.8260869565217391,0.5696200450644533
exclamation_heavy&deal_only,248,0.05244179681517041,0.03242161684692013,0.12512329727597746,0.6895161290322581,0.2903225806451613,long,0.6895161290322581,0.5694398201576328
positive_heavy&uppercase_phrase_heavy,42,0.10511534330961338,0.04767359884365885,0.15649156923391558,0.8333333333333334,0.16666666666666666,long,0.8333333333333334,0.5676877361781049
has_positive&china_streak_3d,81,0.08656261439232187,0.03816784922068983,0.16773433191254128,0.7283950617283951,0.25925925925925924,long,0.7283950617283951,0.5674660276829989
has_all_caps&china_streak_3d,20,0.14072139972658343,0.03818985717245926,0.22172192345702885,0.9,0.1,long,0.9,0.5663927082196096
deal_only,258,0.051272918594560526,0.03242161684692013,0.1251856886694491,0.686046511627907,0.29457364341085274,long,0.686046511627907,0.5650039093126523
deal_over_tariff&deal_only,258,0.051272918594560526,0.03242161684692013,0.1251856886694491,0.686046511627907,0.29457364341085274,long,0.686046511627907,0.5650039093126523
has_deal&deal_only,258,0.051272918594560526,0.03242161684692013,0.1251856886694491,0.686046511627907,0.29457364341085274,long,0.686046511627907,0.5650039093126523
has_russia&short_posts,135,0.06908733647882564,0.04137923017773981,0.12619614915324723,0.7037037037037037,0.2740740740740741,long,0.7037037037037037,0.5648786631900087
has_positive&deal_only,248,0.05228390056010105,0.03242161684692013,0.12603786801916878,0.6854838709677419,0.29435483870967744,long,0.6854838709677419,0.5644052709518439
has_attack&china_streak_3d,62,0.09059495163855578,0.04267713399893969,0.15654405464598928,0.7903225806451613,0.1935483870967742,long,0.7903225806451613,0.5637729478199623
posts_high&china_streak_3d,51,0.10323248396852452,0.03816784922068983,0.17386358760462067,0.7647058823529411,0.21568627450980393,long,0.7647058823529411,0.5637621261708762
pre_action,84,0.08461838883109908,0.044174641769170186,0.15480981518730436,0.7261904761904762,0.27380952380952384,long,0.7261904761904762,0.5631900117196846
has_action&pre_action,84,0.08461838883109908,0.044174641769170186,0.15480981518730436,0.7261904761904762,0.27380952380952384,long,0.7261904761904762,0.5631900117196846
has_deal&has_exclamation,340,0.04530424796337525,0.0295574710403409,0.11731863764677267,0.6735294117647059,0.31176470588235294,long,0.6735294117647059,0.5626456291669764
pre_action&has_exclamation,82,0.08563255768374545,0.044174641769170186,0.15647405473994994,0.7195121951219512,0.2804878048780488,long,0.7195121951219512,0.5579355075757918
pre_action&has_night_post,83,0.0846995965667118,0.04201701324377294,0.15574911692496796,0.7228915662650602,0.27710843373493976,long,0.7228915662650602,0.5578193123142263
short_posts&volume_drop,93,0.07347200960417213,0.04126968317243351,0.14614916684407792,0.7849462365591398,0.21505376344086022,long,0.7849462365591398,0.5561645515823634
has_action&has_china,92,0.08196680826533119,0.04914017690749206,0.1403171222436725,0.7065217391304348,0.2826086956521739,long,0.7065217391304348,0.5554659824211591
attack_heavy&pre_action,43,0.10369663008930582,0.06557370921500683,0.16148483302765826,0.813953488372093,0.18604651162790697,long,0.813953488372093,0.5534755742924833
lots_of_excl&deal_only,238,0.05263105575204844,0.03064634555665524,0.127436493295956,0.680672268907563,0.29831932773109243,long,0.680672268907563,0.5526734702699416
has_deal,341,0.044552888879516174,0.0294118737730944,0.11796478152209193,0.6715542521994134,0.31378299120234604,long,0.6715542521994134,0.5525023918414249
has_deal&has_positive,331,0.04510733972635486,0.0294118737730944,0.11845686361343989,0.6706948640483383,0.31419939577039274,long,0.6706948640483383,0.550409843557281
pre_action&lots_of_excl,75,0.08810813044308327,0.046332270294567435,0.16175319141911806,0.72,0.28,long,0.72,0.549387930554375
has_russia&has_night_post,262,0.0493362555689748,0.03731811225110582,0.11213348570757092,0.6870229007633588,0.29389312977099236,long,0.6870229007633588,0.5486407286728644
has_china&deal_only,96,0.07780768556459909,0.04211240970813246,0.1349364136575034,0.71875,0.2604166666666667,long,0.71875,0.5479437421380297
lots_of_excl&china_streak_3d,76,0.08643673911406709,0.03697784050332842,0.16980050437297944,0.7236842105263158,0.2631578947368421,long,0.7236842105263158,0.5453235682738798
attack_heavy&china_streak_3d,35,0.10694025672638645,0.04379573428275174,0.1640798665893225,0.8571428571428571,0.11428571428571428,long,0.8571428571428571,0.5422860778443922
has_deal&exclamation_heavy,330,0.044341045033521376,0.029128974953090636,0.11680813341920684,0.6727272727272727,0.31212121212121213,long,0.6727272727272727,0.5418785111761496
has_china&deal_over_tariff,129,0.06768213924875058,0.030836905180137375,0.12655963652114283,0.6976744186046512,0.2868217054263566,long,0.6976744186046512,0.5363172075925757
pre_action&exclamation_heavy,78,0.08598438446607251,0.044174641769170186,0.16011150057474235,0.7051282051282052,0.2948717948717949,long,0.7051282051282052,0.5354697910429629
exclamation_heavy&china_streak_3d,79,0.08343630662392972,0.037096781031273895,0.1675204939104781,0.7215189873417721,0.26582278481012656,long,0.7215189873417721,0.535077120759062
posts_high&has_russia,178,0.05781551570642109,0.040557171742573006,0.12523776211877796,0.6910112359550562,0.2808988764044944,long,0.6910112359550562,0.5330151019924869
has_russia,277,0.04707717274294615,0.03389825043246053,0.11012305877798201,0.6787003610108303,0.30324909747292417,long,0.6787003610108303,0.5317755161339012
has_positive&high_emotion,22,0.12467350562830225,0.08516318743872842,0.15179317108351506,0.9090909090909091,0.09090909090909091,long,0.9090909090909091,0.5316096142103854
has_russia&has_exclamation,276,0.04721804371313815,0.034340415196634555,0.11029809438596985,0.677536231884058,0.30434782608695654,long,0.677536231884058,0.5314899482673204
has_attack&uppercase_phrase_heavy,44,0.10065421388176804,0.04767359884365885,0.1611539479418935,0.7954545454545454,0.20454545454545456,long,0.7954545454545454,0.5310967788859193
has_night_post&china_streak_3d,77,0.08167811734318582,0.03816784922068983,0.15715860423320488,0.7402597402597403,0.24675324675324675,long,0.7402597402597403,0.5305608641843423
has_russia&lots_of_excl,259,0.04867511369686958,0.03478257996080858,0.11247417274305335,0.6756756756756757,0.305019305019305,long,0.6756756756756757,0.529291770138349
has_deal&lots_of_excl,318,0.04440329376807153,0.026802803641506,0.11855001135032008,0.6666666666666666,0.31761006289308175,long,0.6666666666666666,0.5278827707361903
has_russia&exclamation_heavy,274,0.04718438416135811,0.034340415196634555,0.11063998133708287,0.6751824817518248,0.30656934306569344,long,0.6751824817518248,0.5273448852430158
has_positive&pre_action,80,0.08270351438789453,0.044174641769170186,0.15510021556041134,0.7125,0.2875,long,0.7125,0.5270524384259727
has_attack&has_russia,244,0.0492787374989255,0.03731811225110582,0.11152485155601465,0.6844262295081968,0.29508196721311475,long,0.6844262295081968,0.526842898998951
has_all_caps&uppercase_phrase_heavy,41,0.10539588715172034,0.050571064980054814,0.1809170611587093,0.7804878048780488,0.21951219512195122,long,0.7804878048780488,0.5267223098902774
has_positive&has_russia,270,0.04771856228082846,0.03518493480052509,0.11142943263096311,0.6703703703703704,0.3111111111111111,long,0.6703703703703704,0.5256347186777122
positive_heavy&deal_over_tariff,237,0.05043886053382021,0.026785675728663527,0.12545349774654813,0.6751054852320675,0.3037974683544304,long,0.6751054852320675,0.5242169707734935
posts_very_high&has_russia,120,0.06742389936620564,0.0432908788167049,0.13462867404360568,0.7083333333333334,0.25833333333333336,long,0.7083333333333334,0.5231692001359123
positive_heavy&pre_action,67,0.08969605895943333,0.046332270294567435,0.1653234660455293,0.7014925373134329,0.29850746268656714,long,0.7014925373134329,0.5150315311491451
open_deal&short_posts,45,0.10147473156439576,0.047618952934547654,0.15760484517120615,0.7555555555555555,0.24444444444444444,long,0.7555555555555555,0.5143166349601404
posts_high&open_deal,62,0.08132166867280723,0.04036792212613882,0.14176570134726993,0.7903225806451613,0.20967741935483872,long,0.7903225806451613,0.5060652502163826
positive_heavy&has_russia,219,0.04983590935033045,0.035593267676478524,0.1146495481191016,0.684931506849315,0.2922374429223744,long,0.684931506849315,0.5051398010182009
has_action&volume_spike,61,0.08050070068379107,0.05194808352041669,0.13962732501078384,0.8032786885245902,0.18032786885245902,long,0.8032786885245902,0.5050458688502631
open_deal&deal_only,58,0.08881947011657011,0.04811500910707478,0.14527222088054745,0.7413793103448276,0.25862068965517243,long,0.7413793103448276,0.5014904149483946
positive_heavy&deal_only,197,0.052898977694432164,0.026819931554348475,0.13201444966170145,0.6751269035532995,0.29949238578680204,long,0.6751269035532995,0.5012631823779019
has_attack&open_deal,72,0.0758183954907529,0.04036792212613882,0.1349791352170647,0.7777777777777778,0.2222222222222222,long,0.7777777777777778,0.500375881508486
attack_heavy&deal_over_tariff,141,0.05998749915616551,0.030075097185679356,0.12980207181006603,0.7021276595744681,0.28368794326241137,long,0.7021276595744681,0.5001340177779756
has_russia&deal_over_tariff,117,0.06216433773425375,0.0431034842196516,0.12126696556705335,0.7435897435897436,0.23076923076923078,long,0.7435897435897436,0.4999972699213286
has_russia&has_uppercase_phrase,114,0.06450213225548555,0.040557171742573006,0.13402131534104544,0.7192982456140351,0.2631578947368421,long,0.7192982456140351,0.4953766114754803
has_uppercase_phrase&deal_over_tariff,119,0.06650131454420821,0.030075097185679356,0.14143645716130393,0.680672268907563,0.31092436974789917,long,0.680672268907563,0.4937894062539156
has_china&open_deal,45,0.09198780630787629,0.030075097185679356,0.1551112563566739,0.8,0.2,long,0.8,0.49365837121318884
has_china&uppercase_phrase_heavy,38,0.10469626551557026,0.04767359884365885,0.1808876723793701,0.7631578947368421,0.23684210526315788,long,0.7631578947368421,0.49253533239156416
has_russia&deal_only,98,0.06665316947048112,0.04491047840167117,0.1286315382606995,0.7448979591836735,0.22448979591836735,long,0.7448979591836735,0.49150804182445657
has_all_caps&deal_over_tariff,82,0.0766552341651536,0.0431034842196516,0.15569607862017304,0.7073170731707317,0.2926829268292683,long,0.7073170731707317,0.4909789604479924
has_russia&uppercase_phrase_heavy,28,0.11290197902668608,0.05915156139785338,0.1700772116519577,0.8214285714285714,0.17857142857142858,long,0.8214285714285714,0.49073877555198264
positive_heavy&china_streak_3d,70,0.08205956749335631,0.03763231512598186,0.1614517637726144,0.7142857142857143,0.2714285714285714,long,0.7142857142857143,0.49039971368833046
posts_very_high&uppercase_phrase_heavy,40,0.09620483587553093,0.05480615983822135,0.15717066246516698,0.8,0.2,long,0.8,0.48676224526297107
has_all_caps&deal_only,68,0.08356190647434732,0.04128859976607557,0.16685858302990597,0.7058823529411765,0.29411764705882354,long,0.7058823529411765,0.48640174118360224
pre_action&short_posts,49,0.09641739114399484,0.038528880549245414,0.16487430783794588,0.7142857142857143,0.2857142857142857,long,0.7142857142857143,0.4820869557199742
open_deal&has_night_post,74,0.07404010302860992,0.03387484740035995,0.13438732397180275,0.7567567567567568,0.24324324324324326,long,0.7567567567567568,0.4819912803678003
has_deal&positive_heavy,271,0.04429181765036741,0.025751092815671006,0.12114711467588668,0.6605166051660517,0.3210332103321033,long,0.6605166051660517,0.4816059999284929
open_deal&exclamation_heavy,79,0.07114423813674235,0.03787859440852914,0.1309339240097856,0.759493670886076,0.24050632911392406,long,0.759493670886076,0.48026112928949183
open_deal&lots_of_excl,78,0.07143312496824415,0.03739569201455584,0.1317560594332889,0.7564102564102564,0.24358974358974358,long,0.7564102564102564,0.4772043125844702
open_deal&deal_over_tariff,76,0.07293794935374087,0.03739569201455584,0.13242799234485686,0.75,0.25,long,0.75,0.4768937255730664
has_deal&attack_heavy,161,0.05401562837187877,0.026819931554348475,0.1249495668413369,0.6894409937888198,0.2981366459627329,long,0.6894409937888198,0.47253009489558045
has_positive&open_deal,80,0.07021448278686292,0.03739569201455584,0.13036809154151655,0.75,0.25,long,0.75,0.4710130695492431
has_deal&open_deal,81,0.0693747423150964,0.03691278962058253,0.12977098901479778,0.7530864197530864,0.24691358024691357,long,0.7530864197530864,0.4702065868023201
open_deal&has_exclamation,81,0.0693747423150964,0.03691278962058253,0.12977098901479778,0.7530864197530864,0.24691358024691357,long,0.7530864197530864,0.4702065868023201
open_deal,81,0.0693747423150964,0.03691278962058253,0.12977098901479778,0.7530864197530864,0.24691358024691357,long,0.7530864197530864,0.4702065868023201
attack_heavy&has_russia,146,0.05632948908760792,0.043090184017352096,0.12429962473160806,0.684931506849315,0.2876712328767123,long,0.684931506849315,0.46618616870867136
has_market_brag&short_posts,83,0.0827792101499092,0.0383275074157714,0.176032112768498,0.6144578313253012,0.37349397590361444,long,0.6144578313253012,0.4633961359764282
has_deal&has_china,157,0.05529401245486871,0.02631574959935956,0.12145962915451719,0.6687898089171974,0.3184713375796178,long,0.6687898089171974,0.46335897436311063
has_attack&pre_action,60,0.08338915212282529,0.05341520680919398,0.15484975815360494,0.7166666666666667,0.2833333333333333,long,0.7166666666666667,0.4629162096440182
has_deal&has_action,102,0.06660195310114354,0.036586715948257575,0.13877630401783225,0.6862745098039216,0.29411764705882354,long,0.6862745098039216,0.46162032154381477
has_action&deal_over_tariff,90,0.07060057231127981,0.03586675210532109,0.1450806101736077,0.6888888888888889,0.28888888888888886,long,0.6888888888888889,0.4614011327377956
has_china&has_russia,119,0.05987648209373308,0.03773594621652676,0.12442085407530395,0.7058823529411765,0.2773109243697479,long,0.7058823529411765,0.4610649215983585
has_uppercase_phrase&china_streak_3d,34,0.09818073773180204,0.03243945960927386,0.18048055911784863,0.7941176470588235,0.17647058823529413,long,0.7941176470588235,0.45462215544979806
has_uppercase_phrase&deal_only,99,0.06818580000207303,0.0297030683075874,0.14765737876339213,0.6666666666666666,0.32323232323232326,long,0.6666666666666666,0.45229342927418137
has_attack&all_caps_heavy,25,0.11885994083078842,0.0397351133074062,0.21311466551296504,0.76,0.24,long,0.76,0.45166777515699597
attack_heavy&all_caps_heavy,24,0.12221545888974744,0.04225562300733454,0.2170226350541495,0.75,0.25,long,0.75,0.44904826943996323
pre_action&volume_spike,32,0.09716049700083638,0.06303592626941368,0.15757150761510905,0.8125,0.1875,long,0.8125,0.4465685009028531
has_deal&has_russia,135,0.05386107562798325,0.03478257996080858,0.11773549431522383,0.7111111111111111,0.26666666666666666,long,0.7111111111111111,0.44501983768746095
posts_low&volume_drop,214,0.04829507526493494,0.019737016601019675,0.12876302507655543,0.6261682242990654,0.3644859813084112,long,0.6261682242990654,0.4423853728624662
has_deal&has_all_caps,94,0.06692326561813366,0.03411597442841641,0.15037826769317383,0.6808510638297872,0.3191489361702128,long,0.6808510638297872,0.4417668993764076
all_caps_heavy&exclamation_heavy,28,0.11073041932911128,0.04225562300733454,0.2030587632164904,0.75,0.25,long,0.75,0.4394477281720921
has_night_post&all_caps_heavy,28,0.11073041932911128,0.04225562300733454,0.2030587632164904,0.75,0.25,long,0.75,0.4394477281720921
all_caps_heavy&has_uppercase_phrase,28,0.11073041932911128,0.04225562300733454,0.2030587632164904,0.75,0.25,long,0.75,0.4394477281720921
all_caps_heavy,28,0.11073041932911128,0.04225562300733454,0.2030587632164904,0.75,0.25,long,0.75,0.4394477281720921
all_caps_heavy&lots_of_excl,28,0.11073041932911128,0.04225562300733454,0.2030587632164904,0.75,0.25,long,0.75,0.4394477281720921
all_caps_heavy&has_exclamation,28,0.11073041932911128,0.04225562300733454,0.2030587632164904,0.75,0.25,long,0.75,0.4394477281720921
has_positive&all_caps_heavy,28,0.11073041932911128,0.04225562300733454,0.2030587632164904,0.75,0.25,long,0.75,0.4394477281720921
has_all_caps&all_caps_heavy,28,0.11073041932911128,0.04225562300733454,0.2030587632164904,0.75,0.25,long,0.75,0.4394477281720921
attack_heavy&deal_only,116,0.06061789830558525,0.026802803641506,0.13652778829891546,0.6724137931034483,0.3103448275862069,long,0.6724137931034483,0.4390019838920739
has_russia&has_all_caps,69,0.0712954262708317,0.04477613270726288,0.14938769395127524,0.7391304347826086,0.2608695652173913,long,0.7391304347826086,0.43773099634910934
has_night_post&volume_drop,128,0.05291482535104209,0.040707842065162425,0.13065386001340815,0.71875,0.265625,long,0.71875,0.4302889660567726
pre_action&has_all_caps,27,0.11755993607413225,0.06049814332382053,0.19960292453182837,0.7037037037037037,0.2962962962962963,long,0.7037037037037037,0.4298639846759979
has_attack&volume_spike,111,0.05656054553121141,0.02631574959935956,0.12377133453247043,0.7207207207207207,0.25225225225225223,long,0.7207207207207207,0.4294791522805807
positive_heavy&open_deal,72,0.06855142576031185,0.030456001182908365,0.13543249031843702,0.7361111111111112,0.2638888888888889,long,0.7361111111111112,0.42817973913358376
attack_heavy&uppercase_phrase_heavy,37,0.09289962740720925,0.04477613270726288,0.16722114166962412,0.7567567567567568,0.24324324324324326,long,0.7567567567567568,0.42763293067012603
has_exclamation&volume_drop,162,0.048444159017261214,0.033445111783233616,0.12602875969067506,0.691358024691358,0.2962962962962963,long,0.691358024691358,0.426286850577589
has_uppercase_phrase&volume_spike,69,0.07216413013433048,0.03947371531249955,0.14606633597502783,0.7101449275362319,0.2608695652173913,long,0.7101449275362319,0.4256894780522782
has_action&deal_only,72,0.07212552591341616,0.036586715948257575,0.15229569203803187,0.6944444444444444,0.2777777777777778,long,0.6944444444444444,0.4250037372501885
has_china&volume_spike,71,0.06834828718031401,0.04201701324377294,0.12775687552479778,0.7323943661971831,0.23943661971830985,long,0.7323943661971831,0.42179536669172635
posts_very_high&open_deal,48,0.07682801752425472,0.030456001182908365,0.1480242483968249,0.7916666666666666,0.20833333333333334,long,0.7916666666666666,0.42138842768987056
deal_heavy&short_posts,59,0.07330396475494762,0.04477613270726288,0.1285285657180662,0.7457627118644068,0.23728813559322035,long,0.7457627118644068,0.4199079870490263
has_deal&has_uppercase_phrase,139,0.05497080197180687,0.02631574959935956,0.13691005239969262,0.6474820143884892,0.34532374100719426,long,0.6474820143884892,0.4196306311930485
has_tariff&short_posts,43,0.07848851091229544,0.05882364995973588,0.12155722796220264,0.813953488372093,0.18604651162790697,long,0.813953488372093,0.41892849955810335
has_deal&pre_action,47,0.08179662600895446,0.038528880549245414,0.13955949354352853,0.7446808510638298,0.2553191489361702,long,0.7446808510638298,0.4175942455073411
all_caps_heavy&short_posts,24,0.10554862884414869,0.04225562300733454,0.1815797021453112,0.7916666666666666,0.20833333333333334,long,0.7916666666666666,0.4093554492210705
has_positive&volume_spike,130,0.051286813891128505,0.024111455108093094,0.1207957780210665,0.7,0.27692307692307694,long,0.7,0.40933175381208464
exclamation_heavy&volume_spike,123,0.05252648779082802,0.025751092815671006,0.1234110251096268,0.6991869918699187,0.2764227642276423,long,0.6991869918699187,0.4073092358877855
lots_of_excl&volume_spike,123,0.05222008204180956,0.025751092815671006,0.12347494692020133,0.6991869918699187,0.2764227642276423,long,0.6991869918699187,0.40493325575369926
has_relief&attack_heavy,47,0.0859546868396461,0.0397351133074062,0.1625463331577827,0.6808510638297872,0.3191489361702128,long,0.6808510638297872,0.40120894928221335
has_night_post&high_emotion,40,0.08124300207272046,0.04235093484812802,0.13915769789879767,0.775,0.225,long,0.775,0.39821504227434473
has_action&has_russia,82,0.06369825189780991,0.04470951420358538,0.13971228785244716,0.6829268292682927,0.2926829268292683,long,0.6829268292682927,0.3939205292610078
has_positive&volume_drop,132,0.05014088230317519,0.03380064388686277,0.1297491122700374,0.6818181818181818,0.30303030303030304,long,0.6818181818181818,0.39277832664992707
positive_heavy&volume_spike,115,0.05317699492064635,0.02247181740051518,0.12706764245134491,0.6869565217391305,0.28695652173913044,long,0.6869565217391305,0.3917436472650604
short_posts&tariff_only,21,0.09970895758958759,0.07017539152300922,0.14119671506205586,0.8571428571428571,0.14285714285714285,long,0.8571428571428571,0.39164901053093715
posts_very_high&volume_spike,84,0.06038875022448723,0.029107819065384732,0.13847666444362708,0.7023809523809523,0.27380952380952384,long,0.7023809523809523,0.38874821720528946
deal_heavy&pre_action,28,0.09793932643819048,0.05032906040955831,0.15533098620920607,0.75,0.25,long,0.75,0.38868465199293806
has_exclamation&volume_spike,139,0.0480661659136009,0.020661226325935145,0.12199383891196615,0.6834532374100719,0.2949640287769784,long,0.6834532374100719,0.38730730329073193
has_market_brag&has_all_caps,53,0.087435706372108,0.04477615634354137,0.19215941704787903,0.6037735849056604,0.37735849056603776,long,0.6037735849056604,0.38432697396879156
attack_heavy&volume_spike,89,0.05741581686244642,0.02631574959935956,0.12396772972868188,0.7078651685393258,0.25842696629213485,long,0.7078651685393258,0.38342205816406766
china_streak_3d&volume_drop,21,0.09753608767727975,0.03947378531116863,0.17667099421648808,0.8571428571428571,0.14285714285714285,long,0.8571428571428571,0.38311414694655765
pre_action&deal_over_tariff,41,0.08445551164732329,0.03536990325065936,0.14879200821592944,0.7073170731707317,0.2926829268292683,long,0.7073170731707317,0.38250231401949436
has_action&open_deal,31,0.08486360068936039,0.06569348366758665,0.1290108557573301,0.8064516129032258,0.1935483870967742,long,0.8064516129032258,0.3810488158223048
has_china&pre_action,47,0.07880693815349026,0.038528880549245414,0.15547634236803642,0.7021276595744681,0.2978723404255319,long,0.7021276595744681,0.3793407210032206
deal_heavy&deal_over_tariff,131,0.048218444946835866,0.030836905180137375,0.10299067500911663,0.6870229007633588,0.3053435114503817,long,0.6870229007633588,0.37915785860343687
has_night_post&volume_spike,139,0.047484894297542365,0.020661226325935145,0.12182337431421175,0.6762589928057554,0.302158273381295,long,0.6762589928057554,0.3785959196998707
silence_day&volume_drop,143,0.053261114348381614,0.01980196056547401,0.14032893670831817,0.5944055944055944,0.3986013986013986,long,0.5944055944055944,0.3785830412022192
exclamation_heavy&volume_drop,118,0.05138397126906428,0.03457212975195556,0.13021770266592722,0.6779661016949152,0.3050847457627119,long,0.6779661016949152,0.37842223773693817
deal_heavy&attack_heavy,78,0.058510487076533536,0.030456001182908365,0.11870004156717873,0.7307692307692307,0.2692307692307692,long,0.7307692307692307,0.37762546040822664
has_relief&has_all_caps,26,0.10620758907201365,0.05553460415193767,0.18344635402085263,0.6923076923076923,0.3076923076923077,long,0.6923076923076923,0.3749223940406594
has_russia&volume_spike,76,0.06280106690335854,0.026550712664011544,0.13703483156873153,0.6842105263157895,0.27631578947368424,long,0.6842105263157895,0.3745963741386945
posts_high&volume_spike,114,0.05102647280002322,0.022297802574216763,0.12560401284972364,0.6842105263157895,0.2894736842105263,long,0.6842105263157895,0.3727672294285756
deal_heavy&has_attack,117,0.04976791289428996,0.0294118737730944,0.10555038497854914,0.6923076923076923,0.29914529914529914,long,0.6923076923076923,0.37268465915046717
pre_deal&has_exclamation,167,0.04077397012211913,0.02631574959935956,0.09684126629999953,0.7065868263473054,0.2874251497005988,long,0.7065868263473054,0.3723117752851528
volume_spike,163,0.0437755618009583,0.019354874071434436,0.11723073061835881,0.6625766871165644,0.31901840490797545,long,0.6625766871165644,0.3703067953346977
has_all_caps&volume_spike,44,0.07581500693205628,0.03960441430995287,0.16689589936209057,0.7272727272727273,0.2727272727272727,long,0.7272727272727273,0.36574535486810816
has_relief&has_uppercase_phrase,43,0.08544701477993427,0.050571064980054814,0.16361553008665797,0.6511627906976745,0.3023255813953488,long,0.6511627906976745,0.3648553326076097
has_russia&open_deal,36,0.07714142660009644,0.046610805829929935,0.1325859598400147,0.7777777777777778,0.2222222222222222,long,0.7777777777777778,0.35999332413378343
has_china&china_streak_3d,48,0.07781832010626412,0.02894015521352067,0.1728842569589526,0.6666666666666666,0.3125,long,0.6666666666666666,0.3594274244898884
pre_deal&deal_over_tariff,147,0.04145190505565998,0.0294118737730944,0.09814247627434342,0.7142857142857143,0.2789115646258503,long,0.7142857142857143,0.3589840281346215
pre_deal,168,0.03927585601643645,0.02626644323447247,0.09848413016496792,0.7023809523809523,0.2916666666666667,long,0.7023809523809523,0.3575633732019306
has_deal&pre_deal,168,0.03927585601643645,0.02626644323447247,0.09848413016496792,0.7023809523809523,0.2916666666666667,long,0.7023809523809523,0.3575633732019306
has_positive&pre_deal,162,0.03988708131830879,0.024932851103108056,0.09768576912987936,0.7037037037037037,0.29012345679012347,long,0.7037037037037037,0.357256058637595
high_emotion&has_exclamation,37,0.07934738135917149,0.04126968317243351,0.14660259279918433,0.7297297297297297,0.2702702702702703,long,0.7297297297297297,0.35220498680105394
pre_action&deal_only,30,0.09184605664127063,0.03869345824721615,0.1584624662518116,0.7,0.3,long,0.7,0.3521430992822477
open_deal&has_all_caps,28,0.09314815809282649,0.034133036981184195,0.17366466769048433,0.7142857142857143,0.2857142857142857,long,0.7142857142857143,0.3520669448533535
posts_high&all_caps_heavy,26,0.09392010803986726,0.0390313103615888,0.19033580110597548,0.7307692307692307,0.2692307692307692,long,0.7307692307692307,0.34996572341024956
pre_deal&exclamation_heavy,164,0.038849766625341266,0.024932851103108056,0.09489538321292872,0.7012195121951219,0.2926829268292683,long,0.7012195121951219,0.3488705666365028
deal_heavy&has_night_post,137,0.04427543894387319,0.0294118737730944,0.1032629450484096,0.6715328467153284,0.32116788321167883,long,0.6715328467153284,0.3480089548563144
has_attack&pre_deal,126,0.043330125231528814,0.02626644323447247,0.09968073986508784,0.7142857142857143,0.2777777777777778,long,0.7142857142857143,0.347413892447978
posts_high&deal_heavy,112,0.04829981037423771,0.024902845427232534,0.109104114807746,0.6785714285714286,0.3125,long,0.6785714285714286,0.34685663511634296
posts_high&pre_deal,115,0.04535270039129334,0.02247181740051518,0.1048006270082041,0.7130434782608696,0.2782608695652174,long,0.7130434782608696,0.3467912116888199
deal_heavy&has_exclamation,144,0.04280010817358531,0.02786381168622698,0.10169273912152302,0.6736111111111112,0.3194444444444444,long,0.6736111111111112,0.3459675410698146
has_deal&deal_heavy,144,0.04280010817358531,0.02786381168622698,0.10169273912152302,0.6736111111111112,0.3194444444444444,long,0.6736111111111112,0.3459675410698146
deal_heavy,144,0.04280010817358531,0.02786381168622698,0.10169273912152302,0.6736111111111112,0.3194444444444444,long,0.6736111111111112,0.3459675410698146
pre_deal&short_posts,65,0.056306785154154285,0.026217136869585378,0.12097667746215279,0.7538461538461538,0.23076923076923078,long,0.7538461538461538,0.34221586045618835
attack_heavy&pre_deal,88,0.05093163008677355,0.02626644323447247,0.10906280364475393,0.7159090909090909,0.2840909090909091,long,0.7159090909090909,0.34204779061926116
pre_deal&lots_of_excl,157,0.03895500719439394,0.023648565336630734,0.0959790052671757,0.7006369426751592,0.2929936305732484,long,0.7006369426751592,0.34198428358806426
pre_deal&has_night_post,161,0.039075253562792234,0.026217136869585378,0.10038782431927445,0.6894409937888198,0.30434782608695654,long,0.6894409937888198,0.3418313149478754
deal_heavy&exclamation_heavy,142,0.04271729691155469,0.024902845427232534,0.10239461215325721,0.6690140845070423,0.323943661971831,long,0.6690140845070423,0.3405518128275135
has_action&china_streak_3d,22,0.11383930053833709,0.031697171786211675,0.2080900255535931,0.6363636363636364,0.36363636363636365,long,0.6363636363636364,0.33978868593873135
has_night_post&tariff_only,49,0.06090797222829888,0.05000008535170464,0.11070543726454526,0.7959183673469388,0.20408163265306123,long,0.7959183673469388,0.33934441670052234
deal_heavy&lots_of_excl,139,0.042839369135466,0.023489941255105506,0.10291031655177232,0.6690647482014388,0.3237410071942446,long,0.6690647482014388,0.33792367149313757
deal_heavy&deal_only,89,0.05219221014198235,0.03691278962058253,0.11074878027811517,0.6853932584269663,0.30337078651685395,long,0.6853932584269663,0.3374741558304212
lots_of_excl&tariff_only,51,0.06018361270335559,0.05000008535170464,0.10947243609396388,0.7843137254901961,0.21568627450980393,long,0.7843137254901961,0.3370956570134559
has_relief&has_attack,74,0.05996773745172394,0.03614134643562095,0.1522696549266962,0.6486486486486487,0.3108108108108108,long,0.6486486486486487,0.33461317821946596
has_relief&deal_only,35,0.07060628410054809,0.057347686618730354,0.11439094868798551,0.8,0.17142857142857143,long,0.8,0.33416992794163236
deal_over_tariff&volume_spike,67,0.05696156254195416,0.022123787747918344,0.11562952683251457,0.7164179104477612,0.2537313432835821,long,0.7164179104477612,0.33403019738003853
deal_heavy&has_positive,142,0.041868487734796345,0.024902845427232534,0.10195755508696795,0.6690140845070423,0.323943661971831,long,0.6690140845070423,0.3337849168675893
attack_heavy&open_deal,46,0.06274327808544646,0.024902845427232534,0.14038455721881335,0.782608695652174,0.21739130434782608,long,0.782608695652174,0.33303569963360097
has_relief&has_action,32,0.0895771762533861,0.03755250827903278,0.17921016866791037,0.65625,0.3125,long,0.65625,0.3325383010336374
has_tariff&tariff_only,56,0.05642337816435914,0.04991873957495441,0.10594268176394811,0.7857142857142857,0.21428571428571427,long,0.7857142857142857,0.3317552066642218
has_exclamation&tariff_only,56,0.05642337816435914,0.04991873957495441,0.10594268176394811,0.7857142857142857,0.21428571428571427,long,0.7857142857142857,0.3317552066642218
tariff_only,56,0.05642337816435914,0.04991873957495441,0.10594268176394811,0.7857142857142857,0.21428571428571427,long,0.7857142857142857,0.3317552066642218
posts_very_high&has_market_brag,65,0.06797226889788602,0.02737873295063209,0.15698390022636596,0.6,0.4,long,0.6,0.3288059709548484
posts_very_high&has_tariff,60,0.05771922771568378,0.035931067126021565,0.11580329371484445,0.7333333333333333,0.26666666666666666,long,0.7333333333333333,0.3278668912915687
has_russia&pre_action,34,0.0795381724915105,0.03706107411286197,0.15347877272688798,0.7058823529411765,0.29411764705882354,long,0.7058823529411765,0.3273764171307569
posts_very_high&has_relief,50,0.07227308709261762,0.033162331696838465,0.16918507250290185,0.64,0.34,long,0.64,0.3270706558750455
has_relief&has_russia,38,0.08048082097764876,0.053959375799392584,0.16062813624248087,0.6578947368421053,0.3157894736842105,long,0.6578947368421053,0.3263928288191167
has_positive&tariff_only,54,0.05693655857372519,0.04991873957495441,0.107704164896664,0.7777777777777778,0.2222222222222222,long,0.7777777777777778,0.3254195378366648
has_attack&has_iran,92,0.04580515790573676,0.0352158445012285,0.09644230620498914,0.7391304347826086,0.25,long,0.7391304347826086,0.3247352124912205
pre_deal&deal_only,114,0.04218838421926125,0.03129880534880214,0.10092183472864952,0.7192982456140351,0.2719298245614035,long,0.7192982456140351,0.3240069450012005
positive_heavy&all_caps_heavy,23,0.09132997349533381,0.0383275074157714,0.18221209014073633,0.7391304347826086,0.2608695652173913,long,0.7391304347826086,0.32374147045687085
posts_very_high&deal_heavy,77,0.05358359240476008,0.02247181740051518,0.1235005130835764,0.6883116883116883,0.2987012987012987,long,0.6883116883116883,0.32364010519891107
deal_heavy&positive_heavy,128,0.04287907175043204,0.02197215010099307,0.1035265582501357,0.6640625,0.328125,long,0.6640625,0.32215087556072214
posts_high&has_market_brag,111,0.05136516535454123,0.01650174489706613,0.1558018657509762,0.5945945945945946,0.3963963963963964,long,0.5945945945945946,0.32177413883611955
deal_heavy&uppercase_phrase_heavy,22,0.09432499942142623,0.06231198235138646,0.1569154722094856,0.7272727272727273,0.2727272727272727,long,0.7272727272727273,0.32176251915024984
has_relief&deal_over_tariff,45,0.06514808611676232,0.050571064980054814,0.12104259276917925,0.7333333333333333,0.24444444444444444,long,0.7333333333333333,0.3204862081543998
has_uppercase_phrase&volume_drop,33,0.07969266037744643,0.0297030683075874,0.1805774618684434,0.696969696969697,0.2727272727272727,long,0.696969696969697,0.31907236485372603
deal_heavy&open_deal,50,0.057715482365453916,0.02819542339251946,0.10355956116313966,0.78,0.22,long,0.78,0.31832586988850753
open_deal&has_uppercase_phrase,37,0.07163153482437677,0.02631574959935956,0.1424307771176572,0.7297297297297297,0.2702702702702703,long,0.7297297297297297,0.31795609817491133
has_market_brag&has_night_post,153,0.045567749618347156,0.016077262423326744,0.1432032885327409,0.5620915032679739,0.43137254901960786,long,0.5620915032679739,0.31681834220863525
posts_high&open_tariff,24,0.07744367992701033,0.03820373747888728,0.12216755708212489,0.8333333333333334,0.16666666666666666,long,0.8333333333333334,0.3161624993743255
exclamation_heavy&tariff_only,53,0.055985608383296206,0.04983748977979108,0.10838084698944092,0.7735849056603774,0.22641509433962265,long,0.7735849056603774,0.31529880436214075
has_russia&china_streak_3d,33,0.07228771252051179,0.04307688381505259,0.15011523392870385,0.7575757575757576,0.21212121212121213,long,0.7575757575757576,0.31459188874925104
attack_heavy&has_market_brag,78,0.058754782280738486,0.029107819065384732,0.14120199912641915,0.6025641025641025,0.3717948717948718,long,0.6025641025641025,0.3126754459264363
has_deal&volume_spike,79,0.05049611137034617,0.020661226325935145,0.11034574045700592,0.6962025316455697,0.27848101265822783,long,0.6962025316455697,0.31246910170624226
high_emotion,69,0.054006586148754414,0.034292031621590224,0.1172517074066111,0.6956521739130435,0.30434782608695654,long,0.6956521739130435,0.31207818939685855
has_iran&has_night_post,114,0.04112145008613423,0.03104341630010865,0.10292224637039589,0.7105263157894737,0.2894736842105263,long,0.7105263157894737,0.311961510288939
has_tariff&has_night_post,126,0.03978931943182467,0.034185488843975986,0.09971607447965262,0.6984126984126984,0.30158730158730157,long,0.6984126984126984,0.3119348591685222
posts_high&has_relief,68,0.058378352702891795,0.03614134643562095,0.1542738380986004,0.6470588235294118,0.3382352941176471,long,0.6470588235294118,0.31149426575052197
has_market_brag&has_china,72,0.0641782844761525,0.024790048868385095,0.1668283086741852,0.5694444444444444,0.4305555555555556,long,0.5694444444444444,0.3101028177463795
uppercase_phrase_heavy&deal_over_tariff,26,0.0877275938071258,0.053959375799392584,0.1435479510067247,0.6923076923076923,0.3076923076923077,long,0.6923076923076923,0.309686339563668
has_china&volume_drop,36,0.08040670800913102,0.022728522462560408,0.1806142114199053,0.6388888888888888,0.3055555555555556,long,0.6388888888888888,0.3082257140350022
has_market_brag,172,0.042921438748550526,0.01316708142929146,0.1474953185280448,0.5465116279069767,0.436046511627907,long,0.5465116279069767,0.30763652815130355
has_market_brag&has_exclamation,172,0.042921438748550526,0.01316708142929146,0.1474953185280448,0.5465116279069767,0.436046511627907,long,0.5465116279069767,0.30763652815130355
posts_very_high&pre_deal,76,0.04872564357043563,0.02197215010099307,0.1086951593584051,0.7236842105263158,0.2631578947368421,long,0.7236842105263158,0.30740680514574004
has_market_brag&exclamation_heavy,169,0.04319673829235277,0.011235958407210367,0.14870538006223175,0.5443786982248521,0.4378698224852071,long,0.5443786982248521,0.3056999940689581
has_positive&has_market_brag,169,0.04315043246394624,0.011235958407210367,0.1487686415191984,0.5443786982248521,0.4437869822485207,long,0.5443786982248521,0.30537229128331184
has_iran&exclamation_heavy,117,0.04072791429270996,0.030836905180137375,0.10220607723622817,0.6923076923076923,0.29914529914529914,long,0.6923076923076923,0.3049890576751421
deal_only&volume_spike,55,0.05918607765571593,0.020661226325935145,0.12526777454439322,0.6909090909090909,0.2727272727272727,long,0.6909090909090909,0.30326466515569056
has_positive&has_iran,114,0.04094105242641646,0.02994853757135163,0.09978306317016354,0.6929824561403509,0.2982456140350877,long,0.6929824561403509,0.30292398962905115
posts_very_high&pre_tariff,27,0.06791966904394357,0.05194808352041669,0.10247001244594905,0.8518518518518519,0.14814814814814814,long,0.8518518518518519,0.3006363672443986
has_market_brag&lots_of_excl,163,0.04361536237323349,0.008733510089838692,0.1511577052833365,0.5398773006134969,0.44785276073619634,long,0.5398773006134969,0.30062725755785086
has_tariff,139,0.03686209559512598,0.033333253702797716,0.09739729914087952,0.6906474820143885,0.30935251798561153,long,0.6906474820143885,0.30015380552247045
has_tariff&has_exclamation,139,0.03686209559512598,0.033333253702797716,0.09739729914087952,0.6906474820143885,0.30935251798561153,long,0.6906474820143885,0.30015380552247045
has_relief&short_posts,47,0.06619488554017211,0.050571064980054814,0.1417759893442876,0.6595744680851063,0.3191489361702128,long,0.6595744680851063,0.2993210089121605
has_iran,120,0.039487463551216635,0.030456001182908365,0.10195129246615806,0.6916666666666667,0.3,long,0.6916666666666667,0.29918974760502426
has_iran&has_exclamation,120,0.039487463551216635,0.030456001182908365,0.10195129246615806,0.6916666666666667,0.3,long,0.6916666666666667,0.29918974760502426
has_attack&tariff_only,45,0.05704788632650413,0.05000008535170464,0.10800752447539765,0.7777777777777778,0.2222222222222222,long,0.7777777777777778,0.29764688753040264
positive_heavy&pre_deal,141,0.03595938953066526,0.02147248280147096,0.09340570179600913,0.6950354609929078,0.2978723404255319,long,0.6950354609929078,0.2967760359415644
deal_heavy&has_uppercase_phrase,64,0.05652001741970325,0.022980879327810344,0.12403184221730439,0.65625,0.34375,long,0.65625,0.2967300914534421
positive_heavy&has_iran,93,0.04470911393258436,0.030075097185679356,0.10614361202141584,0.6881720430107527,0.3010752688172043,long,0.6881720430107527,0.29671162535864976
has_tariff&attack_heavy,68,0.04885795134006915,0.04027132047370863,0.10473472243665735,0.7352941176470589,0.2647058823529412,long,0.7352941176470589,0.29624484415646035
has_tariff&has_action,44,0.061341596493774325,0.04783106220097244,0.10985536092595763,0.7272727272727273,0.2727272727272727,long,0.7272727272727273,0.29592299579815246
has_tariff&has_positive,137,0.03677880491605519,0.033333253702797716,0.09802950040573895,0.6861313868613139,0.31386861313868614,long,0.6861313868613139,0.29536918404400453
has_iran&lots_of_excl,113,0.03959386137543645,0.030075097185679356,0.10301848202097331,0.6991150442477876,0.3008849557522124,long,0.6991150442477876,0.29424949608050677
has_relief&has_china,41,0.07227100756785713,0.03816784922068983,0.14867828893227192,0.6341463414634146,0.34146341463414637,long,0.6341463414634146,0.29345771331115633
open_deal&volume_spike,25,0.0690379947687363,0.030836905180137375,0.11767959912694408,0.84,0.16,long,0.84,0.28995957802869243
has_attack&has_market_brag,132,0.045333274886241524,0.01316708142929146,0.1408312524873519,0.553030303030303,0.42424242424242425,long,0.553030303030303,0.2880401233582164
short_posts&volume_spike,96,0.04473322863010181,0.02000805019868479,0.11920185541361841,0.65625,0.3229166666666667,long,0.65625,0.28763065981389907
attack_heavy&open_tariff,20,0.08032054278998205,0.034682892864691395,0.1340629476104406,0.8,0.2,long,0.8,0.2873635098689288
posts_high&has_iran,80,0.04588743723893484,0.030456001182908365,0.10722996128067706,0.7,0.3,long,0.7,0.28730080114263795
has_attack&volume_drop,71,0.049399469617593506,0.03846155024120379,0.12538799369162118,0.6901408450704225,0.29577464788732394,long,0.6901408450704225,0.28726928388665607
posts_high&tariff_only,31,0.06931646342089302,0.05947947283597088,0.13134866464707456,0.7419354838709677,0.25806451612903225,long,0.7419354838709677,0.2863409000071599
lots_of_excl&volume_drop,84,0.04857361833838668,0.031138227968048215,0.13700531673303654,0.6428571428571429,0.3333333333333333,long,0.6428571428571429,0.2861900779031384
positive_heavy&has_market_brag,142,0.044162152120461436,0.00998473424852453,0.1483127633781063,0.5422535211267606,0.44366197183098594,long,0.5422535211267606,0.28536242197350453
pre_tariff&has_night_post,57,0.048960234370072346,0.0431034842196516,0.09516437047991684,0.7719298245614035,0.22807017543859648,long,0.7719298245614035,0.2853374243836551
has_tariff&has_attack,111,0.03774951973477063,0.03362185806592466,0.0976447240645422,0.7117117117117117,0.2882882882882883,long,0.7117117117117117,0.2830590420873869
posts_high&sig_potus,42,0.05553573624193182,0.04852038288248761,0.07576526602365506,0.7857142857142857,0.21428571428571427,long,0.7857142857142857,0.2827885547764608
posts_very_high&open_tariff,20,0.07885911389498837,0.032085079441467546,0.13404281448994199,0.8,0.2,long,0.8,0.28213494290334756
high_emotion&short_posts,60,0.05199311449507434,0.025450804289162354,0.1132095462512411,0.7,0.3,long,0.7,0.2819158531796297
posts_very_high&all_caps_heavy,23,0.08449044837906126,0.0397351133074062,0.18827678275862283,0.6956521739130435,0.30434782608695654,long,0.6956521739130435,0.28187962139487166
has_deal&uppercase_phrase_heavy,29,0.0757381839782271,0.04477613270726288,0.14293613737304298,0.6896551724137931,0.3103448275862069,long,0.6896551724137931,0.281284553735053
pre_relief&deal_over_tariff,23,0.07078377587597372,0.051281895075258044,0.11058846697342889,0.8260869565217391,0.17391304347826086,long,0.8260869565217391,0.2804293134789933
has_tariff&lots_of_excl,131,0.0355986289857279,0.033333253702797716,0.09575211427262391,0.6870229007633588,0.31297709923664124,long,0.6870229007633588,0.2799239990076151
deal_heavy&has_action,57,0.05869824170521052,0.030836905180137375,0.1353848984568414,0.631578947368421,0.3508771929824561,long,0.631578947368421,0.2798917935889541
pre_deal&has_uppercase_phrase,72,0.04842996643034587,0.02439378349993737,0.10990586285394933,0.6805555555555556,0.3194444444444444,long,0.6805555555555556,0.27966878768353104
attack_heavy&pre_tariff,32,0.05777303151495439,0.04665788159677464,0.0851867285812004,0.84375,0.15625,long,0.84375,0.2757489908890165
has_china&pre_deal,87,0.04383500021628419,0.02147248280147096,0.09286430570868302,0.6666666666666666,0.3333333333333333,long,0.6666666666666666,0.2725771085396752
attack_heavy&has_iran,54,0.049992687660167734,0.035026311666016,0.09083141841203377,0.7407407407407407,0.25925925925925924,long,0.7407407407407407,0.27212572363943116
positive_heavy&tariff_only,42,0.05644134828399298,0.05000003736091119,0.11768589934976417,0.7380952380952381,0.2619047619047619,long,0.7380952380952381,0.26998176261451584
posts_high&has_tariff,95,0.04048055255098127,0.033333253702797716,0.10411891496653546,0.6842105263157895,0.3157894736842105,long,0.6842105263157895,0.2699591088853896
has_tariff&exclamation_heavy,135,0.03403123329788512,0.030836905180137375,0.09499826216750042,0.6814814814814815,0.31851851851851853,long,0.6814814814814815,0.26946268406337714
has_attack&open_tariff,28,0.06466293544266592,0.032085079441467546,0.11768573254704792,0.7857142857142857,0.21428571428571427,long,0.7857142857142857,0.26884321549598594
has_tariff&pre_tariff,62,0.04499861049496144,0.040090804809430836,0.0938389345048727,0.7580645161290323,0.24193548387096775,long,0.7580645161290323,0.26859697464153376
pre_tariff&has_exclamation,62,0.04499861049496144,0.040090804809430836,0.0938389345048727,0.7580645161290323,0.24193548387096775,long,0.7580645161290323,0.26859697464153376
pre_tariff,62,0.04499861049496144,0.040090804809430836,0.0938389345048727,0.7580645161290323,0.24193548387096775,long,0.7580645161290323,0.26859697464153376
has_action&pre_deal,56,0.05565245859779403,0.02665436129032628,0.13192683798737256,0.6428571428571429,0.3392857142857143,long,0.6428571428571429,0.2677274136058719
posts_high&pre_tariff,44,0.0507258947386203,0.04255862230891172,0.09104620516064366,0.7954545454545454,0.20454545454545456,long,0.7954545454545454,0.26765257273215143
has_deal&has_relief,49,0.0550401102973581,0.03536990325065936,0.12204894886924353,0.6938775510204082,0.2857142857142857,long,0.6938775510204082,0.2673376785871679
has_attack&sig_potus,52,0.04811563839293545,0.0372879350147306,0.07121366119358462,0.7692307692307693,0.23076923076923078,long,0.7692307692307693,0.26689754058063464
has_positive&pre_tariff,61,0.04450678352608388,0.03816784922068983,0.0945370862978837,0.7540983606557377,0.2459016393442623,long,0.7540983606557377,0.2621314461323153
pre_tariff&tariff_only,21,0.06311340888463401,0.05947947283597088,0.0752345708297462,0.9047619047619048,0.09523809523809523,long,0.9047619047619048,0.26167702371572105
has_relief&has_night_post,88,0.046217912160900744,0.027650975901540642,0.1497795399145095,0.6022727272727273,0.36363636363636365,long,0.6022727272727273,0.261122837500865
pre_deal&pre_action,33,0.06223833956736381,0.03816784922068983,0.12034971746572727,0.7272727272727273,0.2727272727272727,long,0.7272727272727273,0.2600233022990749
posts_low&has_night_post,86,0.039412672707781274,0.027843014814845968,0.08587993997053274,0.7093023255813954,0.27906976744186046,long,0.7093023255813954,0.25924864564381106
has_iran&short_posts,46,0.05009503474553149,0.04518937717091742,0.10622653533905765,0.7608695652173914,0.2391304347826087,long,0.7608695652173914,0.2585138470785046
has_market_brag&has_uppercase_phrase,71,0.054393294483978574,0.02710828033625501,0.1701304127323579,0.5633802816901409,0.43661971830985913,long,0.5633802816901409,0.2582118568892907
has_deal&china_streak_3d,35,0.058627725248110885,0.04307688381505259,0.11731722932102662,0.7428571428571429,0.2571428571428571,long,0.7428571428571429,0.25765725148017604
deal_heavy&has_china,83,0.043424015076038,0.02147248280147096,0.10364678668888487,0.6506024096385542,0.3493975903614458,long,0.6506024096385542,0.2573858635525333
deal_heavy&has_russia,61,0.0487358354906846,0.03478257996080858,0.1149999137341366,0.6721311475409836,0.3114754098360656,long,0.6721311475409836,0.25583935700315635
attack_heavy&tariff_only,23,0.0720652489869613,0.05882364995973588,0.13141150431743756,0.7391304347826086,0.2608695652173913,long,0.7391304347826086,0.2554529338286884
pre_tariff&lots_of_excl,58,0.043182898615088595,0.040090804809430836,0.08656850109477175,0.7758620689655172,0.22413793103448276,long,0.7758620689655172,0.25515865699606516
has_relief&exclamation_heavy,89,0.04464630035040011,0.025890078029986885,0.14966230835707872,0.5955056179775281,0.3707865168539326,long,0.5955056179775281,0.250822413724222
has_iran&has_uppercase_phrase,58,0.04749322097288306,0.02786381168622698,0.10329588556640383,0.6896551724137931,0.3103448275862069,long,0.6896551724137931,0.2494466172387135
open_tariff&lots_of_excl,29,0.06093032957944142,0.030836905180137375,0.11725394695291967,0.7586206896551724,0.2413793103448276,long,0.7586206896551724,0.24891851944285917
has_positive&open_tariff,29,0.06093032957944142,0.030836905180137375,0.11725394695291967,0.7586206896551724,0.2413793103448276,long,0.7586206896551724,0.24891851944285917
has_tariff&open_tariff,30,0.05923715054767531,0.02979545305284159,0.11558723085756929,0.7666666666666667,0.23333333333333334,long,0.7666666666666667,0.24874901424589976
open_tariff&exclamation_heavy,30,0.05923715054767531,0.02979545305284159,0.11558723085756929,0.7666666666666667,0.23333333333333334,long,0.7666666666666667,0.24874901424589976
open_tariff&has_exclamation,30,0.05923715054767531,0.02979545305284159,0.11558723085756929,0.7666666666666667,0.23333333333333334,long,0.7666666666666667,0.24874901424589976
open_tariff,30,0.05923715054767531,0.02979545305284159,0.11558723085756929,0.7666666666666667,0.23333333333333334,long,0.7666666666666667,0.24874901424589976
has_deal&pre_relief,25,0.06167787858451694,0.03691278962058253,0.11143354126391218,0.8,0.2,long,0.8,0.2467115143380678
has_china&has_iran,47,0.05285336792663877,0.030075097185679356,0.09501877472102634,0.6808510638297872,0.3191489361702128,long,0.6808510638297872,0.2467025940241362
posts_very_high&has_iran,56,0.04593556217004223,0.030456001182908365,0.09640997929331632,0.7142857142857143,0.2857142857142857,long,0.7142857142857143,0.2455359078702173
positive_heavy&open_tariff,28,0.06175360583554542,0.02979545305284159,0.11932018948229464,0.75,0.25,long,0.75,0.24507702540354037
has_tariff&positive_heavy,116,0.03407345349460466,0.030123935341177188,0.09754279052536532,0.6637931034482759,0.33620689655172414,long,0.6637931034482759,0.2436003365773155
deal_heavy&volume_spike,48,0.051045859428809105,0.019555658247755958,0.12091505315314731,0.6875,0.3125,long,0.6875,0.24313856062846953
deal_only&china_streak_3d,25,0.060684144715006993,0.0431034842196516,0.12125718677737442,0.8,0.2,long,0.8,0.24273657886002797
has_china&pre_relief,20,0.06754051121658348,0.04698091217314648,0.1190335640445794,0.8,0.2,long,0.8,0.2416402789045883
has_relief&has_positive,90,0.043241775423545924,0.02476932168330881,0.1494144460333626,0.5888888888888889,0.37777777777777777,long,0.5888888888888889,0.2415784173872853
posts_low&short_posts,108,0.03360620585873389,0.017354877914007583,0.07565290088348015,0.6851851851851852,0.3148148148148148,long,0.6851851851851852,0.23929814132077787
sig_potus,62,0.04186264978783628,0.0372879350147306,0.07741473477308088,0.7258064516129032,0.27419354838709675,long,0.7258064516129032,0.23924528278288676
sig_potus&has_exclamation,62,0.04186264978783628,0.0372879350147306,0.07741473477308088,0.7258064516129032,0.27419354838709675,long,0.7258064516129032,0.23924528278288676
has_action&has_market_brag,41,0.05648484286617406,0.03362185806592466,0.1434487355838048,0.6585365853658537,0.34146341463414637,long,0.6585365853658537,0.23817916080262433
has_russia&tariff_only,23,0.06340556158718946,0.05947947283597088,0.10996718978982986,0.782608695652174,0.21739130434782608,long,0.782608695652174,0.23797752340162642
has_relief&lots_of_excl,87,0.043454766702480094,0.023648565336630734,0.15115580544878846,0.5862068965517241,0.3793103448275862,long,0.5862068965517241,0.23760084040892276
posts_high&has_chips,24,0.07253453765301068,0.026819107998711678,0.17033907193615874,0.6666666666666666,0.2916666666666667,long,0.6666666666666666,0.23689680797142648
has_night_post&sig_potus,60,0.04257073891794987,0.0384216382894117,0.0785512037614879,0.7166666666666667,0.2833333333333333,long,0.7166666666666667,0.23632192677311478
deal_only&volume_drop,29,0.04883461751234206,0.05434784176719787,0.08027190767409664,0.896551724137931,0.10344827586206896,long,0.896551724137931,0.23577738115623478
open_tariff&has_night_post,28,0.059216251718570416,0.02360204554756129,0.11964671808936482,0.75,0.25,long,0.75,0.23500721343110775
has_market_brag&pre_action,22,0.07317762566492292,0.047934023287239946,0.1493306386248719,0.6818181818181818,0.3181818181818182,long,0.6818181818181818,0.23402283319446401
deal_over_tariff&volume_drop,31,0.04762364665594315,0.05434784176719787,0.0798046922056219,0.8709677419354839,0.12903225806451613,long,0.8709677419354839,0.23094340491394108
pre_tariff&exclamation_heavy,59,0.04024423013749461,0.03816784922068983,0.08787087212008544,0.7457627118644068,0.2542372881355932,long,0.7457627118644068,0.23053150977393128
has_attack&pre_tariff,50,0.04063957904972384,0.03839817017949021,0.08356959625209973,0.8,0.2,long,0.8,0.2298921754450118
sig_potus&exclamation_heavy,60,0.041178241909008685,0.0372879350147306,0.07786715604121451,0.7166666666666667,0.2833333333333333,long,0.7166666666666667,0.22859179136689037
positive_heavy&pre_tariff,52,0.042158290503984015,0.040090804809430836,0.09164370637431539,0.75,0.25,long,0.75,0.2280058171470314
sig_potus&lots_of_excl,56,0.04160419256812066,0.03291179256121379,0.07878320657428993,0.7321428571428571,0.26785714285714285,long,0.7321428571428571,0.22794335757765144
posts_low&has_positive,79,0.038861546439167234,0.022435967551447167,0.09150822164899113,0.6582278481012658,0.31645569620253167,long,0.6582278481012658,0.22735780969190564
has_relief&positive_heavy,85,0.04148703744202305,0.023648565336630734,0.1514834800598595,0.5882352941176471,0.38823529411764707,long,0.5882352941176471,0.22499505064594474
posts_low&has_exclamation,113,0.03257412507343838,0.016877766538709205,0.0959489415580307,0.6460176991150443,0.336283185840708,long,0.6460176991150443,0.22369506234922232
has_russia&pre_deal,68,0.03894531293949313,0.028576327389748468,0.09373341514962592,0.6911764705882353,0.29411764705882354,long,0.6911764705882353,0.22197220667636547
has_relief,91,0.039769586609845774,0.023648565336630734,0.15222920015451605,0.5824175824175825,0.38461538461538464,long,0.5824175824175825,0.22095622941074194
has_relief&has_exclamation,91,0.039769586609845774,0.023648565336630734,0.15222920015451605,0.5824175824175825,0.38461538461538464,long,0.5824175824175825,0.22095622941074194
has_positive&sig_potus,59,0.04027675187482521,0.02912630950149553,0.0788805922461646,0.711864406779661,0.288135593220339,long,0.711864406779661,0.2202306315059907
posts_very_high&sig_potus,28,0.05511633135894171,0.036951221104379206,0.08391877257595586,0.75,0.25,long,0.75,0.21873615893098564
has_iran&volume_spike,37,0.048222021614801956,0.02644625577059645,0.09561588580643317,0.7297297297297297,0.2702702702702703,long,0.7297297297297297,0.21404659102084328
has_tariff&has_all_caps,41,0.045475428260802093,0.04201376039817184,0.10233066089924842,0.7317073170731707,0.2682926829268293,long,0.7317073170731707,0.21306206114954682
has_china&pre_tariff,38,0.04509554958558172,0.036475214590749205,0.08372730734793218,0.7631578947368421,0.23684210526315788,long,0.7631578947368421,0.21214846007292926
has_russia&pre_tariff,28,0.050751598224934524,0.0432908788167049,0.07724289327589214,0.7857142857142857,0.21428571428571427,long,0.7857142857142857,0.2110053118520975
deal_heavy&pre_deal,93,0.03186700110324524,0.019292733428156295,0.0893341583432269,0.6774193548387096,0.3118279569892473,long,0.6774193548387096,0.20818060703991484
deal_over_tariff&china_streak_3d,32,0.050746418078783787,0.03867245894299021,0.11177559817736861,0.71875,0.28125,long,0.71875,0.20632803398050487
deal_heavy&has_relief,31,0.05467127084593792,0.0294118737730944,0.12880035204934623,0.6774193548387096,0.2903225806451613,long,0.6774193548387096,0.20620425236191814
has_iran&open_deal,23,0.054544004592583184,0.030836905180137375,0.07618025588659487,0.782608695652174,0.21739130434782608,long,0.782608695652174,0.2047178008430798
has_market_brag&open_deal,20,0.07598128123679769,0.02665436129032628,0.17920356798074774,0.6,0.4,long,0.6,0.20387917183561072
attack_heavy&pre_relief,23,0.05687166106366994,0.03536990325065936,0.12279669553507438,0.7391304347826086,0.2608695652173913,long,0.7391304347826086,0.20159553841344272
sig_potus&short_posts,30,0.051539136042084446,0.04434748688365708,0.09304081917004763,0.7,0.3,long,0.7,0.19760403183204023
has_iran&has_russia,58,0.03535486740867675,0.038057998218789746,0.08268389317452067,0.7241379310344828,0.27586206896551724,long,0.7241379310344828,0.1949775039937959
pre_tariff&has_uppercase_phrase,26,0.047324742860077776,0.036475214590749205,0.09775034526755502,0.8076923076923077,0.19230769230769232,long,0.8076923076923077,0.19490405898866328
deal_heavy&pre_tariff,25,0.05123713567200459,0.03362185806592466,0.09608418907814803,0.76,0.24,long,0.76,0.19470111555361744
deal_heavy&has_all_caps,47,0.04590378757439041,0.01687126333925404,0.12692286073384884,0.6170212765957447,0.3829787234042553,long,0.6170212765957447,0.19417691194352885
has_tariff&has_russia,60,0.03662604196959913,0.03347755588436119,0.09083126333591865,0.6833333333333333,0.31666666666666665,long,0.6833333333333333,0.19386446913386013
has_night_post&has_chips,30,0.055413489401269424,0.019624342491346702,0.15821027674525406,0.6333333333333333,0.3,long,0.6333333333333333,0.19222438152260846
positive_heavy&has_chips,30,0.055413489401269424,0.019624342491346702,0.15821027674525406,0.6333333333333333,0.3,long,0.6333333333333333,0.19222438152260846
has_russia&sig_potus,36,0.044013990808404985,0.04434748688365708,0.07561404785760611,0.7222222222222222,0.2777777777777778,long,0.7222222222222222,0.19072729350308826
has_attack&pre_relief,34,0.043370087409445146,0.03449588065829201,0.11589144106246117,0.7352941176470589,0.23529411764705882,long,0.7352941176470589,0.18594771570566948
posts_high&pre_relief,32,0.0455260782918107,0.03614134643562095,0.113320539815171,0.71875,0.28125,long,0.71875,0.18510284241557184
lots_of_excl&has_chips,31,0.05362595748509944,0.016447374165407425,0.15586916092171876,0.6129032258064516,0.2903225806451613,long,0.6129032258064516,0.18299861952113922
exclamation_heavy&has_chips,31,0.05362595748509944,0.016447374165407425,0.15586916092171876,0.6129032258064516,0.2903225806451613,long,0.6129032258064516,0.18299861952113922
pre_deal&open_deal,31,0.042377945778351606,0.01845009016957677,0.0957485727225672,0.7741935483870968,0.22580645161290322,long,0.7741935483870968,0.1826712900190831
has_positive&has_chips,31,0.05336154506671383,0.016447374165407425,0.15597008266864867,0.6129032258064516,0.3225806451612903,long,0.6129032258064516,0.18209631194812745
positive_heavy&sig_potus,50,0.037785502083985886,0.02806636693808895,0.07935398576238414,0.68,0.32,long,0.68,0.18168501632804898
pre_deal&has_all_caps,46,0.0392348814036414,0.02384480983552817,0.09400280233018665,0.6739130434782609,0.32608695652173914,long,0.6739130434782609,0.17933089757340678
has_tariff&deal_over_tariff,42,0.039797847271406395,0.024262593677628064,0.08485153592800515,0.6904761904761905,0.30952380952380953,long,0.6904761904761905,0.17808729350247346
has_relief&volume_spike,27,0.05139250300209869,0.01650174489706613,0.18198042724489227,0.6666666666666666,0.3333333333333333,long,0.6666666666666666,0.17802885265554197
has_exclamation&has_chips,32,0.051693996783379034,0.01201151630229591,0.15372351302603035,0.59375,0.3125,long,0.59375,0.17362758444277376
has_chips,32,0.051693996783379034,0.01201151630229591,0.15372351302603035,0.59375,0.3125,long,0.59375,0.17362758444277376
has_iran&deal_over_tariff,70,0.030843975493811973,0.026550712664011544,0.07813348492096046,0.6714285714285714,0.32857142857142857,long,0.6714285714285714,0.1732683290983211
has_attack&has_chips,28,0.05727194497321884,0.01201151630229591,0.16383808261904867,0.5714285714285714,0.32142857142857145,long,0.5714285714285714,0.17317408400012893
attack_heavy&sig_potus,29,0.04359837558530527,0.02912630950149553,0.07482701621086277,0.7241379310344828,0.27586206896551724,long,0.7241379310344828,0.17001631706395107
posts_very_high&pre_relief,22,0.05297049221630446,0.019150415588081726,0.12384804052684956,0.6818181818181818,0.3181818181818182,long,0.6818181818181818,0.16940020329338096
has_action&has_iran,35,0.03850333177648587,0.0397351133074062,0.09900485638390158,0.7428571428571429,0.2571428571428571,long,0.7428571428571429,0.16921452429502779
has_deal&volume_drop,34,0.0358240053676593,0.04259699954669105,0.08647892742650252,0.7941176470588235,0.20588235294117646,long,0.7941176470588235,0.16588168833666272
has_iran&deal_only,59,0.03184649961986333,0.026785675728663527,0.08232020889750587,0.6779661016949152,0.3220338983050847,long,0.6779661016949152,0.16584244416244912
has_tariff&pre_deal,54,0.03312718536602853,0.017206755049460343,0.09374952847677738,0.6666666666666666,0.3333333333333333,long,0.6666666666666666,0.16228940152272778
has_china&tariff_only,25,0.04210271423553392,0.045901786086074425,0.0988502399540709,0.76,0.24,long,0.76,0.1599903140950289
has_deal&has_iran,78,0.02744726883935242,0.026033421207515284,0.07797270342403767,0.6538461538461539,0.34615384615384615,long,0.6538461538461539,0.15849735199963585
has_attack&tariff_rising,20,0.04158946000617031,0.04682416273355272,0.04107300264642678,0.85,0.15,long,0.85,0.1580946615262196
lots_of_excl&tariff_rising,24,0.038657625653498735,0.04023781532792792,0.03890607699143336,0.8333333333333334,0.16666666666666666,long,0.8333333333333334,0.15781909586432832
pre_tariff&pre_deal,31,0.04175457944808047,0.02247181740051518,0.11311306419804383,0.6774193548387096,0.3225806451612903,long,0.6774193548387096,0.15748622090824266
has_deal&pre_tariff,41,0.03572029912464134,0.026217136869585378,0.10167657504791083,0.6829268292682927,0.3170731707317073,long,0.6829268292682927,0.1562000577222826
has_tariff&has_china,86,0.026327790663967697,0.027485568897565593,0.09007728190924008,0.6395348837209303,0.36046511627906974,long,0.6395348837209303,0.15614492737883778
posts_low&high_emotion,59,0.03056943525380194,0.012396945431514705,0.07923607333440096,0.6610169491525424,0.3389830508474576,long,0.6610169491525424,0.1552122579146599
sig_potus&has_uppercase_phrase,30,0.03985836862747069,0.02825252122606381,0.08901695670349041,0.7,0.3,long,0.7,0.15281929321835347
deal_heavy&has_iran,44,0.03363431168789457,0.02786381168622698,0.08078110927701417,0.6818181818181818,0.3181818181818182,long,0.6818181818181818,0.1521168981144702
sig_potus&has_all_caps,20,0.04828190682271164,0.05587205294684161,0.10550853145404805,0.7,0.3,long,0.7,0.15114627603445174
positive_heavy&volume_drop,54,0.033259247063002186,0.02258434807160714,0.11059447605946103,0.6111111111111112,0.3888888888888889,long,0.6111111111111112,0.1493583383114449
pre_relief&has_night_post,40,0.03492418203330218,0.03151686591950953,0.11779866837363907,0.675,0.3,long,0.675,0.14909394686881325
pre_deal&volume_spike,43,0.031415024988282796,0.01687126333925404,0.08263662581074395,0.7209302325581395,0.27906976744186046,long,0.7209302325581395,0.14851313832796148
has_tariff&volume_spike,32,0.03643920385641351,0.02434447713505028,0.08244780363751625,0.71875,0.28125,long,0.71875,0.1481568468504767
has_market_brag&deal_over_tariff,72,0.0322817798907134,0.00617346678233488,0.1396540542710794,0.5277777777777778,0.4583333333333333,long,0.5277777777777778,0.14456888130680148
has_china&sig_potus,27,0.03647271141841903,0.02912630950149553,0.0636298553087212,0.7407407407407407,0.25925925925925924,long,0.7407407407407407,0.14038353170333176
has_russia&volume_drop,29,0.03282173660577599,0.028846076133086873,0.058285351643292634,0.7931034482758621,0.20689655172413793,long,0.7931034482758621,0.14018140000705698
exclamation_heavy&tariff_rising,25,0.03439945868185024,0.03816784922068983,0.043633844181304046,0.8,0.2,long,0.8,0.13759783472740095
has_positive&tariff_rising,25,0.03439945868185024,0.03816784922068983,0.043633844181304046,0.8,0.2,long,0.8,0.13759783472740095
has_exclamation&tariff_rising,25,0.03439945868185024,0.03816784922068983,0.043633844181304046,0.8,0.2,long,0.8,0.13759783472740095
has_tariff&tariff_rising,25,0.03439945868185024,0.03816784922068983,0.043633844181304046,0.8,0.2,long,0.8,0.13759783472740095
tariff_rising,25,0.03439945868185024,0.03816784922068983,0.043633844181304046,0.8,0.2,long,0.8,0.13759783472740095
has_tariff&has_uppercase_phrase,57,0.02791223756834372,0.02295089304303688,0.10575054115675356,0.6491228070175439,0.3508771929824561,long,0.6491228070175439,0.13679144872422377
has_tariff&has_deal,83,0.0236641218134747,0.017857219971244565,0.08943609882811614,0.6265060240963856,0.37349397590361444,long,0.6265060240963856,0.13506869059642088
pre_relief&exclamation_heavy,41,0.031788091277034906,0.0294118737730944,0.11803749738253042,0.6585365853658537,0.3170731707317073,long,0.6585365853658537,0.13404057654580898
pre_relief&lots_of_excl,41,0.031788091277034906,0.0294118737730944,0.11803749738253042,0.6585365853658537,0.3170731707317073,long,0.6585365853658537,0.13404057654580898
positive_heavy&pre_relief,41,0.031788091277034906,0.0294118737730944,0.11803749738253042,0.6585365853658537,0.3170731707317073,long,0.6585365853658537,0.13404057654580898
has_positive&pre_relief,41,0.031788091277034906,0.0294118737730944,0.11803749738253042,0.6585365853658537,0.3170731707317073,long,0.6585365853658537,0.13404057654580898
has_tariff&deal_heavy,55,0.027601979533815525,0.01655629012767612,0.0837679178201611,0.6545454545454545,0.34545454545454546,long,0.6545454545454545,0.13398660579896388
positive_heavy&tariff_rising,24,0.034254494693238616,0.04023781532792792,0.0445661637383473,0.7916666666666666,0.20833333333333334,long,0.7916666666666666,0.13285121954257226
has_market_brag&has_russia,60,0.029492495520255242,0.03222938162303102,0.12051315933598046,0.5666666666666667,0.4166666666666667,long,0.5666666666666667,0.12945380318645144
has_iran&has_all_caps,29,0.037466619094730105,0.025751092815671006,0.10055077807030312,0.6206896551724138,0.3448275862068966,long,0.6206896551724138,0.12523277705664052
has_tariff&has_market_brag,38,0.031560656825248,0.029107819065384732,0.09643472265540862,0.631578947368421,0.3684210526315789,long,0.631578947368421,0.12287555044828873
posts_low&has_uppercase_phrase,23,0.03631404102937432,0.012396945431514705,0.09524202965597037,0.6956521739130435,0.30434782608695654,long,0.6956521739130435,0.12115201579655292
posts_low&exclamation_heavy,37,0.031149454078765737,0.022435967551447167,0.07204917462508324,0.6216216216216216,0.32432432432432434,long,0.6216216216216216,0.11778159023026781
has_deal&has_market_brag,82,0.02486634246010819,0.004309036779191477,0.13516345372789207,0.5121951219512195,0.47560975609756095,long,0.5121951219512195,0.11533318212231908
has_market_brag&deal_only,56,0.03156727283180227,-0.001547947035911379,0.1537624660013201,0.48214285714285715,0.5,long,0.48214285714285715,0.11389556530101343
has_night_post&tariff_rising,22,0.02927398838410111,0.03645848442135857,0.043099617245013905,0.7727272727272727,0.22727272727272727,long,0.7727272727272727,0.10610099999929498
pre_relief,42,0.02453772227941101,0.027650975901540642,0.12570153095574785,0.6428571428571429,0.3333333333333333,long,0.6428571428571429,0.10222882420011958
pre_relief&has_exclamation,42,0.02453772227941101,0.027650975901540642,0.12570153095574785,0.6428571428571429,0.3333333333333333,long,0.6428571428571429,0.10222882420011958
has_relief&pre_relief,42,0.02453772227941101,0.027650975901540642,0.12570153095574785,0.6428571428571429,0.3333333333333333,long,0.6428571428571429,0.10222882420011958
has_market_brag&pre_deal,40,0.02585071375815861,0.01789723916261121,0.08369641906618737,0.625,0.375,long,0.625,0.10218391827104044
has_deal&tariff_rising,20,0.02870701940827221,0.03631385701527823,0.046013455985506206,0.75,0.25,long,0.75,0.09628627024245368
has_deal&sig_potus,23,0.03037245704989297,0.01845009016957677,0.06844507618243427,0.6521739130434783,0.34782608695652173,long,0.6521739130434783,0.09499642627848152
has_market_brag&volume_spike,35,0.027650233431265537,0.006944423611940476,0.08896435125009894,0.5714285714285714,0.4,long,0.5714285714285714,0.09347484971468295
has_relief&pre_deal,30,0.029213569108905917,0.008232307921126725,0.12056193383860916,0.5666666666666667,0.4,long,0.5666666666666667,0.09067194112170857
has_china&tariff_rising,20,0.026927400758022663,0.03631385701527823,0.044351418863120544,0.75,0.25,long,0.75,0.09031724782847705
has_tariff&has_iran,24,0.02668928605472229,0.030456001182908365,0.06210213988291441,0.6666666666666666,0.3333333333333333,long,0.6666666666666666,0.08716684324433113
has_iran&pre_deal,41,0.02134347176930647,0.019354874071434436,0.09266870020220164,0.6097560975609756,0.3902439024390244,long,0.6097560975609756,0.08333225694939635
sig_potus&deal_over_tariff,21,0.02911645726624511,0.01845009016957677,0.07074363576737926,0.6190476190476191,0.38095238095238093,long,0.6190476190476191,0.0825985143852237
tariff_heavy&positive_heavy,21,0.024118970299844212,0.02737873295063209,0.056549136286149944,0.7142857142857143,0.2857142857142857,long,0.7142857142857143,0.07894786220244847
has_tariff&open_deal,23,0.020340211337467017,0.014861871575228447,0.05521907623632144,0.782608695652174,0.21739130434782608,long,0.782608695652174,0.07634209047892207
tariff_heavy&lots_of_excl,21,0.020418291588952225,0.02737873295063209,0.06480520723471758,0.7142857142857143,0.2857142857142857,long,0.7142857142857143,0.06683454769146695
posts_low&has_attack,26,0.024795886627521205,0.001572390266856738,0.10133698095803126,0.5,0.46153846153846156,long,0.5,0.0632173548852825
posts_high&tariff_heavy,20,0.01932381709664154,0.024925275175573636,0.06628931423003574,0.7,0.3,long,0.7,0.06049311605800834
posts_low&volume_spike,40,0.016866464382108877,0.002783336794717317,0.09197208361125965,0.55,0.45,long,0.55,0.058670087873725435
has_market_brag&has_iran,30,0.019570546221000677,0.0031152658279136602,0.11023990435028441,0.5,0.4666666666666667,long,0.5,0.05359614813969778
tariff_heavy&has_positive,22,0.016408526124103776,0.024925275175573636,0.06598067354521396,0.6818181818181818,0.3181818181818182,long,0.6818181818181818,0.052474642859980096
tariff_heavy&exclamation_heavy,22,0.016408526124103776,0.024925275175573636,0.06598067354521396,0.6818181818181818,0.3181818181818182,long,0.6818181818181818,0.052474642859980096
has_tariff&tariff_heavy,22,0.016408526124103776,0.024925275175573636,0.06598067354521396,0.6818181818181818,0.3181818181818182,long,0.6818181818181818,0.052474642859980096
tariff_heavy&has_exclamation,22,0.016408526124103776,0.024925275175573636,0.06598067354521396,0.6818181818181818,0.3181818181818182,long,0.6818181818181818,0.052474642859980096
tariff_heavy,22,0.016408526124103776,0.024925275175573636,0.06598067354521396,0.6818181818181818,0.3181818181818182,long,0.6818181818181818,0.052474642859980096
tariff_heavy&has_night_post,21,0.016470922394233836,0.02737873295063209,0.06760940622761413,0.6666666666666666,0.3333333333333333,long,0.6666666666666666,0.050319499091546545
has_relief&has_market_brag,23,0.018484049664548582,-0.003095894071822758,0.1358557423737984,0.4782608695652174,0.5217391304347826,long,0.4782608695652174,0.042396098637257386
deal_heavy&has_market_brag,39,0.0107885287362351,0.011235958407210367,0.07587459579285886,0.5384615384615384,0.46153846153846156,long,0.5384615384615384,0.036278490964935586
has_deal&brag_heavy,25,-0.009828145740308823,-0.0078002588678480755,0.08437304344364935,0.4,0.6,short,0.6,0.029484437220926467
posts_high&brag_heavy,30,0.01067757607649236,-0.00702508899654003,0.13042538905787487,0.43333333333333335,0.5666666666666667,long,0.43333333333333335,0.025342846865146953
brag_heavy&has_night_post,38,0.009814170272347319,-0.010073644104033441,0.11770160185735581,0.39473684210526316,0.6052631578947368,long,0.39473684210526316,0.023881029731991972
attack_heavy&brag_heavy,24,0.008378245347634697,-0.00702508899654003,0.14196371841426775,0.4166666666666667,0.5833333333333334,long,0.4166666666666667,0.017102021701293393
brag_heavy&exclamation_heavy,41,0.00598232249961534,-0.010653691441776969,0.11541089295372577,0.3902439024390244,0.6097560975609756,long,0.3902439024390244,0.01494850895353243
brag_heavy&has_exclamation,41,0.00598232249961534,-0.010653691441776969,0.11541089295372577,0.3902439024390244,0.6097560975609756,long,0.3902439024390244,0.01494850895353243
has_market_brag&brag_heavy,41,0.00598232249961534,-0.010653691441776969,0.11541089295372577,0.3902439024390244,0.6097560975609756,long,0.3902439024390244,0.01494850895353243
brag_heavy,41,0.00598232249961534,-0.010653691441776969,0.11541089295372577,0.3902439024390244,0.6097560975609756,long,0.3902439024390244,0.01494850895353243
has_attack&brag_heavy,33,0.005648984798198298,-0.009493596766289913,0.12552358452436413,0.3939393939393939,0.6060606060606061,long,0.3939393939393939,0.012783706418596497
high_emotion&volume_spike,23,0.004742785385329042,0.0022023469153953368,0.096234699733233,0.5217391304347826,0.4782608695652174,long,0.5217391304347826,0.011867269387444111
has_positive&brag_heavy,40,0.004912013182822134,-0.014129662086710182,0.11667489862092549,0.375,0.625,long,0.375,0.011649862165868259
brag_heavy&deal_over_tariff,21,-0.004117250986648079,-0.006249919125231984,0.08911032339166122,0.42857142857142855,0.5714285714285714,short,0.5714285714285714,0.01078149388654082
brag_heavy&lots_of_excl,40,0.004324295521027655,-0.014129662086710182,0.11638557942414068,0.375,0.625,long,0.375,0.010255967341583952
positive_heavy&brag_heavy,36,0.0023272635592281074,-0.019774636735745366,0.12065190319323994,0.3611111111111111,0.6388888888888888,long,0.3611111111111111,0.005042404378327566
