event,n,mean_ret,median_ret,std,hit_up,hit_down,direction,directional_hit,score
has_action&deal_only,70,0.017428604255623203,0.015275541810012894,0.03727322560268336,0.6857142857142857,0.3142857142857143,long,0.6857142857142857,0.09998959885002248
deal_heavy&deal_only,87,0.015092047083901631,0.014705747705167305,0.04015471241553846,0.632183908045977,0.367816091954023,long,0.632183908045977,0.08899205070257221
posts_high&deal_only,154,0.010388021549649218,0.009434675121528624,0.038700329001675776,0.6103896103896104,0.37662337662337664,long,0.6103896103896104,0.07868651936567986
posts_very_high&deal_only,95,0.012606381511720492,0.010600831652973763,0.038133525922169516,0.631578947368421,0.3684210526315789,long,0.631578947368421,0.07760324717491045
has_attack&short_posts,295,0.007723320219820639,0.00718394415999124,0.03513942557476975,0.5830508474576271,0.4033898305084746,long,0.5830508474576271,0.07734308316879064
short_posts,524,0.0058215941585552265,0.007377332346026222,0.03834231818563728,0.5763358778625954,0.4064885496183206,long,0.5763358778625954,0.07680389153171495
has_attack&deal_only,193,0.00898988405704815,0.00898083725359533,0.03568004746964916,0.6113989637305699,0.37823834196891193,long,0.6113989637305699,0.07635850967168042
volume_drop,311,0.0076038879338492646,0.00710473963170366,0.04409971530706254,0.5627009646302251,0.4180064308681672,long,0.5627009646302251,0.07545596224538507
short_posts&volume_drop,92,0.011127715605076114,0.013139074519976979,0.03287916931928905,0.6847826086956522,0.31521739130434784,long,0.6847826086956522,0.07308910662436571
pre_action&deal_only,30,0.016546913890917024,0.01495753317942028,0.03176564283158769,0.7666666666666667,0.23333333333333334,long,0.7666666666666667,0.06948390462948972
has_action&deal_over_tariff,86,0.01164379721914993,0.012008161874345391,0.038776289895548044,0.627906976744186,0.36046511627906974,long,0.627906976744186,0.06780147901700875
has_positive&short_posts,419,0.005769473155567054,0.006579082192510688,0.03451601419294458,0.5727923627684964,0.4081145584725537,long,0.5727923627684964,0.06764572990359724
deal_heavy&short_posts,62,0.013265184480249095,0.015023756335759919,0.0425675180249827,0.6451612903225806,0.3387096774193548,long,0.6451612903225806,0.06738720454690364
deal_heavy&has_attack,117,0.009670264518382573,0.010186675425841507,0.037529804411973434,0.6410256410256411,0.3333333333333333,long,0.6410256410256411,0.06705122032370855
deal_heavy&deal_over_tariff,131,0.009541371813970165,0.00967104724070289,0.03741275086048374,0.6106870229007634,0.366412213740458,long,0.6106870229007634,0.06669068207981617
has_attack&deal_over_tariff,232,0.0071998895194325405,0.008410636727627874,0.034849593318841174,0.6077586206896551,0.3706896551724138,long,0.6077586206896551,0.06665012258954563
has_attack,604,0.004702887318547344,0.005607231187014228,0.032994082571529436,0.5678807947019867,0.4139072847682119,long,0.5678807947019867,0.06563571549990652
has_attack&has_exclamation,604,0.004702887318547344,0.005607231187014228,0.032994082571529436,0.5678807947019867,0.4139072847682119,long,0.5678807947019867,0.06563571549990652
posts_low&volume_drop,215,0.007879028039921965,0.006861063464836947,0.04903708555568086,0.5627906976744186,0.413953488372093,long,0.5627906976744186,0.06501877553744663
has_attack&exclamation_heavy,588,0.0046328020575984175,0.005607231187014228,0.033208662709857076,0.5680272108843537,0.4166666666666667,long,0.5680272108843537,0.06381188128778123
posts_low,402,0.0057674432171728384,0.005780142573518221,0.04830773409792229,0.5491183879093199,0.4181360201511335,long,0.5491183879093199,0.0634983354467725
silence_day&volume_drop,138,0.009808899718526944,0.007984265794349299,0.056060953987213,0.5507246376811594,0.427536231884058,long,0.5507246376811594,0.06345916358164821
deal_only&china_streak_3d,24,0.020639472840803603,0.012392583501837029,0.05026120714543635,0.625,0.3333333333333333,long,0.625,0.0631952212750005
has_attack&has_positive,584,0.004607175367586507,0.005483646129537556,0.033161761383262996,0.5667808219178082,0.4160958904109589,long,0.5667808219178082,0.06310391642983507
has_exclamation&short_posts,469,0.005053948900250655,0.00718394415999124,0.0368755929604717,0.5756929637526652,0.4072494669509595,long,0.5756929637526652,0.06300981279646105
has_attack&lots_of_excl,559,0.004672217658079277,0.005681961645502165,0.033493509100327966,0.5688729874776386,0.4150268336314848,long,0.5688729874776386,0.06284117292141726
posts_high&deal_over_tariff,192,0.007574182920104877,0.006791943427037261,0.03734254395911671,0.59375,0.3802083333333333,long,0.59375,0.06231463080634973
exclamation_heavy&short_posts,400,0.005480584749605053,0.005786041671558717,0.034473561899037775,0.56,0.4225,long,0.56,0.06138254919557659
has_uppercase_phrase&deal_only,98,0.010221054605558746,0.010827766266845562,0.03829787376474984,0.6020408163265306,0.3979591836734694,long,0.6020408163265306,0.06091646347509233
deal_heavy&positive_heavy,127,0.008763878364242696,0.008928436990812916,0.03766477597617011,0.6141732283464567,0.36220472440944884,long,0.6141732283464567,0.06065813921108604
posts_very_high&deal_over_tariff,120,0.009040285928356725,0.009360562139006712,0.037744548255578936,0.6083333333333333,0.36666666666666664,long,0.6083333333333333,0.060244083772633045
has_night_post&deal_only,239,0.00685935348702307,0.007079690549349316,0.035453685865104966,0.5648535564853556,0.4100418410041841,long,0.5648535564853556,0.05989878348969446
has_deal&has_action,98,0.009764542963501611,0.011410353561465914,0.03741782292190715,0.6122448979591837,0.37755102040816324,long,0.6122448979591837,0.05918206752582322
has_attack&volume_drop,76,0.010745582468080018,0.00929833016767967,0.02808542731558561,0.631578947368421,0.35526315789473684,long,0.631578947368421,0.05916493650674927
positive_heavy&deal_only,198,0.007141040116567898,0.007575962139081849,0.03735958537097363,0.5858585858585859,0.3939393939393939,long,0.5858585858585859,0.05886902824388854
has_relief&deal_only,34,0.0161594761030316,0.015354731725472304,0.04319574685236286,0.6176470588235294,0.35294117647058826,long,0.6176470588235294,0.05819787305459614
has_positive&has_exclamation,829,0.003610579520204032,0.0053097497262710736,0.03330575853267019,0.5536791314837153,0.42460796139927626,long,0.5536791314837153,0.05755887999961716
deal_heavy&has_positive,140,0.008076685680307153,0.007377332346026222,0.03691889375639332,0.6,0.37142857142857144,long,0.6,0.05733878024125837
short_posts&deal_only,143,0.008357191842479843,0.007207457083745705,0.03701616956110347,0.5734265734265734,0.40559440559440557,long,0.5734265734265734,0.05730680621583569
deal_heavy&exclamation_heavy,143,0.00805856361828499,0.0075472076083067385,0.036659479026126644,0.5944055944055944,0.3776223776223776,long,0.5944055944055944,0.057280730222359556
has_exclamation&deal_only,257,0.006247034941450527,0.006504196304725207,0.03554799224903697,0.5680933852140078,0.4046692607003891,long,0.5680933852140078,0.05689318264708502
deal_heavy,145,0.007934398865853821,0.007207457083745705,0.03642353213717573,0.593103448275862,0.3793103448275862,long,0.593103448275862,0.056666772660258866
deal_heavy&has_exclamation,145,0.007934398865853821,0.007207457083745705,0.03642353213717573,0.593103448275862,0.3793103448275862,long,0.593103448275862,0.056666772660258866
has_deal&deal_heavy,145,0.007934398865853821,0.007207457083745705,0.03642353213717573,0.593103448275862,0.3793103448275862,long,0.593103448275862,0.056666772660258866
has_positive,837,0.0035473660402500664,0.005168022105349612,0.03340197779387446,0.5519713261648745,0.4253285543608124,long,0.5519713261648745,0.05664808729990355
posts_high&deal_heavy,108,0.008991065186281276,0.006369978906135998,0.03893160189434505,0.6018518518518519,0.37037037037037035,long,0.6018518518518519,0.05623576731067715
attack_heavy&deal_only,113,0.008152164897015665,0.010248746547183663,0.031913340037640896,0.6460176991150443,0.34513274336283184,long,0.6460176991150443,0.05598305498022605
posts_high&has_attack,340,0.005425184093703297,0.005238885915810343,0.03450550123159937,0.5588235294117647,0.4176470588235294,long,0.5588235294117647,0.05590216428688351
has_russia&deal_only,92,0.009741981846366366,0.012807171719026456,0.03669100122731514,0.5978260869565217,0.3804347826086957,long,0.5978260869565217,0.055861950002367905
deal_only&volume_spike,53,0.011610516680744918,0.014705747705167305,0.03342166590659999,0.660377358490566,0.32075471698113206,long,0.660377358490566,0.0558189491650974
has_positive&deal_only,246,0.006172431428776751,0.0071435738165475104,0.035915573557041516,0.573170731707317,0.4024390243902439,long,0.573170731707317,0.055489119441753394
deal_heavy&lots_of_excl,139,0.007937189411797732,0.007207457083745705,0.037077302379897294,0.5899280575539568,0.381294964028777,long,0.5899280575539568,0.05520433677325131
deal_only,259,0.006072125089475065,0.005791295562936893,0.03548503732722095,0.5637065637065637,0.4092664092664093,long,0.5637065637065637,0.0550863102112662
deal_over_tariff&deal_only,259,0.006072125089475065,0.005791295562936893,0.03548503732722095,0.5637065637065637,0.4092664092664093,long,0.5637065637065637,0.0550863102112662
has_deal&deal_only,259,0.006072125089475065,0.005791295562936893,0.03548503732722095,0.5637065637065637,0.4092664092664093,long,0.5637065637065637,0.0550863102112662
has_attack&has_night_post,557,0.0041628741339651415,0.005366645345451504,0.033269593928148516,0.5583482944344704,0.4236983842010772,long,0.5583482944344704,0.05485624441335111
has_attack&china_streak_3d,62,0.011275529223123904,0.01165476647818331,0.042471219675515405,0.6129032258064516,0.3709677419354839,long,0.6129032258064516,0.054415758446581614
has_night_post&short_posts,433,0.004636298665820788,0.006535944229806301,0.03852806394436103,0.5635103926096998,0.4226327944572748,long,0.5635103926096998,0.05436473597243421
has_deal&has_attack,262,0.005711090958615852,0.006791943427037261,0.033835856797188694,0.5877862595419847,0.3931297709923664,long,0.5877862595419847,0.054336186172616596
has_russia&volume_drop,23,0.017360389140878885,0.025380752008155483,0.030768027196995285,0.6521739130434783,0.34782608695652173,long,0.6521739130434783,0.05429837054269746
deal_heavy&has_night_post,138,0.007857492666146545,0.006499376323341299,0.03722772317704446,0.5869565217391305,0.391304347826087,long,0.5869565217391305,0.054178809774314364
lots_of_excl&short_posts,355,0.00515622784747386,0.0053097497262710736,0.03468197962276563,0.5549295774647888,0.428169014084507,long,0.5549295774647888,0.053911839407200346
has_exclamation,906,0.003235905642469854,0.005109276144321329,0.034505907945890216,0.5529801324503312,0.4249448123620309,long,0.5529801324503312,0.053860387834231326
deal_heavy&uppercase_phrase_heavy,20,0.019846478782626485,0.006237241633273327,0.046580585491869456,0.6,0.3,long,0.6,0.05325369080635211
posts_high&positive_heavy,361,0.00502044144224086,0.004709589684695814,0.03538514359758455,0.554016620498615,0.4265927977839335,long,0.554016620498615,0.052846752023588
short_posts&deal_over_tariff,158,0.007307778317112758,0.006369978906135998,0.03665895974089693,0.569620253164557,0.4050632911392405,long,0.569620253164557,0.05232380644188462
posts_high&has_deal,220,0.006092481129585992,0.005361840949457686,0.03611079686997939,0.5727272727272728,0.40454545454545454,long,0.5727272727272728,0.05175512923929735
posts_low&short_posts,126,0.007406500289355989,0.010363567417195352,0.0474950251375021,0.6190476190476191,0.3492063492063492,long,0.6190476190476191,0.05146623210450832
has_night_post&deal_over_tariff,279,0.005495999800403567,0.005369193339314293,0.03480907985398455,0.5591397849462365,0.40860215053763443,long,0.5591397849462365,0.05132975661271002
exclamation_heavy&deal_only,248,0.005792092870457555,0.005661898145731592,0.03586562134978122,0.5604838709677419,0.4112903225806452,long,0.5604838709677419,0.05112395884507802
lots_of_excl&deal_only,236,0.00588625949812946,0.005661898145731592,0.036554135919458615,0.5635593220338984,0.4110169491525424,long,0.5635593220338984,0.05096065996849835
has_russia&deal_over_tariff,114,0.007989237743917922,0.01099279983023882,0.035564022674460335,0.5964912280701754,0.3684210526315789,long,0.5964912280701754,0.050881725670883976
has_exclamation&deal_over_tariff,301,0.00512425113383201,0.005369193339314293,0.03469049306164105,0.5681063122923588,0.39867109634551495,long,0.5681063122923588,0.05050603419980922
positive_heavy&deal_over_tariff,241,0.005545539088668878,0.005791295562936893,0.03610435972781413,0.5809128630705395,0.3900414937759336,long,0.5809128630705395,0.05001074051303236
has_action,186,0.006072555718525382,0.011345870543296055,0.03544458358681469,0.6021505376344086,0.3924731182795699,long,0.6021505376344086,0.04986927550797742
has_china&deal_only,92,0.00836858277844809,0.010517245408575793,0.03666684795417378,0.6195652173913043,0.3695652173913043,long,0.6195652173913043,0.04973164883428255
deal_heavy&open_deal,50,0.011303625125361578,0.010335180359590579,0.04627532586030659,0.62,0.36,long,0.62,0.049555793864429626
posts_very_high&has_deal,136,0.007268308178846035,0.005450847033920292,0.03673007632302924,0.5808823529411765,0.39705882352941174,long,0.5808823529411765,0.0492369304775469
has_action&has_attack,150,0.006673608164194686,0.011399619107456016,0.03491304218151709,0.6,0.3933333333333333,long,0.6,0.04904080423664687
has_action&has_exclamation,185,0.005999851609762153,0.011299405663957707,0.035526860334164585,0.6,0.3945945945945946,long,0.6,0.048964082836181276
has_deal&deal_over_tariff,303,0.004982151846550138,0.005366645345451504,0.03463648816082808,0.5643564356435643,0.40264026402640263,long,0.5643564356435643,0.04894313182676709
deal_over_tariff,303,0.004982151846550138,0.005366645345451504,0.03463648816082808,0.5643564356435643,0.40264026402640263,long,0.5643564356435643,0.04894313182676709
has_positive&deal_over_tariff,290,0.005018378423481829,0.005661898145731592,0.034974419694678266,0.5724137931034483,0.39655172413793105,long,0.5724137931034483,0.048918428438784536
posts_high&has_positive,389,0.004509284317569082,0.0035460462757337385,0.035369047055396896,0.5424164524421594,0.43444730077120824,long,0.5424164524421594,0.04824088580402869
has_deal&short_posts,163,0.006739826097291093,0.0053097497262710736,0.03628039335191374,0.558282208588957,0.4171779141104294,long,0.558282208588957,0.04803925691842368
deal_heavy&has_russia,62,0.009917502902117256,0.014019487659061025,0.034838654066170545,0.6129032258064516,0.3548387096774194,long,0.6129032258064516,0.047861916867558675
posts_very_high&open_deal,45,0.01102612248635975,0.008928436990812916,0.04806118255390467,0.6444444444444445,0.3333333333333333,long,0.6444444444444445,0.04766664152162951
has_exclamation&volume_drop,157,0.0064524439873200655,0.007299108635437479,0.02978537419276519,0.5859872611464968,0.39490445859872614,long,0.5859872611464968,0.04737642045518743
open_deal&deal_only,60,0.010333732559060992,0.006224441944331804,0.04752242462200357,0.5833333333333334,0.4166666666666667,long,0.5833333333333334,0.04669276978963867
posts_high&lots_of_excl,388,0.004379629342656147,0.0034912563629599935,0.035489656746072275,0.5412371134020618,0.43556701030927836,long,0.5412371134020618,0.04669181850661221
high_emotion&volume_spike,22,-0.015518236106030293,-0.008900710790984423,0.07055375535323362,0.36363636363636365,0.6363636363636364,short,0.6363636363636364,0.0463189867613362
lots_of_excl&has_chips,31,0.013467289976354093,0.01252220983797181,0.03749679288672704,0.6129032258064516,0.3870967741935484,long,0.6129032258064516,0.04595713699001947
exclamation_heavy&has_chips,31,0.013467289976354093,0.01252220983797181,0.03749679288672704,0.6129032258064516,0.3870967741935484,long,0.6129032258064516,0.04595713699001947
has_exclamation&exclamation_heavy,797,0.0030026999085915693,0.0037878487211759904,0.03326103535744965,0.5420326223337516,0.4366373902132999,long,0.5420326223337516,0.04594798989303603
exclamation_heavy,797,0.0030026999085915693,0.0037878487211759904,0.03326103535744965,0.5420326223337516,0.4366373902132999,long,0.5420326223337516,0.04594798989303603
posts_high&has_exclamation,391,0.004298665488795569,0.0034364664501862485,0.035401432812635275,0.5396419437340153,0.4373401534526854,long,0.5396419437340153,0.04586989302953953
posts_high,391,0.004298665488795569,0.0034364664501862485,0.035401432812635275,0.5396419437340153,0.4373401534526854,long,0.5396419437340153,0.04586989302953953
posts_high&exclamation_heavy,391,0.004298665488795569,0.0034364664501862485,0.035401432812635275,0.5396419437340153,0.4373401534526854,long,0.5396419437340153,0.04586989302953953
exclamation_heavy&deal_over_tariff,292,0.004703255627411382,0.005366638878508967,0.03492720651573345,0.5616438356164384,0.4041095890410959,long,0.5616438356164384,0.04513890360348857
has_uppercase_phrase&deal_over_tariff,120,0.007058232452576923,0.006369978906135998,0.037856040683288524,0.5833333333333334,0.39166666666666666,long,0.5833333333333334,0.045102786521232924
has_action&has_positive,181,0.005618369129249619,0.010785744269967923,0.03553943305864261,0.5966850828729282,0.39779005524861877,long,0.5966850828729282,0.04510188956045193
has_night_post,820,0.0029049455173618785,0.003747282789735129,0.035413037882199766,0.5402439024390244,0.4402439024390244,long,0.5402439024390244,0.04494017834501532
has_exclamation&lots_of_excl,723,0.003074235897484318,0.0037878487211759904,0.03335025099378565,0.5421853388658368,0.43706777316735823,long,0.5421853388658368,0.04481816878612501
lots_of_excl,723,0.003074235897484318,0.0037878487211759904,0.03335025099378565,0.5421853388658368,0.43706777316735823,long,0.5421853388658368,0.04481816878612501
lots_of_excl&deal_over_tariff,280,0.004735960188890007,0.005366638878508967,0.03548492387109401,0.5642857142857143,0.4035714285714286,long,0.5642857142857143,0.04471838537239744
has_attack&positive_heavy,455,0.0037387931748136547,0.005168022105349612,0.03439060866624595,0.5604395604395604,0.42417582417582417,long,0.5604395604395604,0.04469571852107146
has_positive&lots_of_excl,703,0.0030676802966671376,0.003816582539986735,0.033584388609556044,0.5433854907539118,0.4366998577524893,long,0.5433854907539118,0.04419730591145703
has_positive&has_night_post,748,0.0029920226644770246,0.003780701893311589,0.03353952351333445,0.5401069518716578,0.4385026737967914,long,0.5401069518716578,0.044197270071287695
has_action&has_night_post,181,0.005438853892209641,0.00960011271045147,0.035541696548146255,0.5911602209944752,0.40331491712707185,long,0.5911602209944752,0.043256550385991556
posts_high&china_streak_3d,52,0.010735262322554886,0.007683894559800009,0.04176465696849137,0.5576923076923077,0.40384615384615385,long,0.5576923076923077,0.043172677847166156
has_positive&exclamation_heavy,767,0.0028723407685255823,0.003816582539986735,0.033506667711178446,0.5423728813559322,0.4367666232073012,long,0.5423728813559322,0.043145113029621554
all_caps_heavy&has_uppercase_phrase,28,-0.013415711850751902,-0.009456552883831182,0.03726307126666474,0.35714285714285715,0.6071428571428571,short,0.6071428571428571,0.04310063090756124
all_caps_heavy&has_exclamation,28,-0.013415711850751902,-0.009456552883831182,0.03726307126666474,0.35714285714285715,0.6071428571428571,short,0.6071428571428571,0.04310063090756124
has_all_caps&all_caps_heavy,28,-0.013415711850751902,-0.009456552883831182,0.03726307126666474,0.35714285714285715,0.6071428571428571,short,0.6071428571428571,0.04310063090756124
has_positive&all_caps_heavy,28,-0.013415711850751902,-0.009456552883831182,0.03726307126666474,0.35714285714285715,0.6071428571428571,short,0.6071428571428571,0.04310063090756124
all_caps_heavy,28,-0.013415711850751902,-0.009456552883831182,0.03726307126666474,0.35714285714285715,0.6071428571428571,short,0.6071428571428571,0.04310063090756124
has_night_post&all_caps_heavy,28,-0.013415711850751902,-0.009456552883831182,0.03726307126666474,0.35714285714285715,0.6071428571428571,short,0.6071428571428571,0.04310063090756124
all_caps_heavy&exclamation_heavy,28,-0.013415711850751902,-0.009456552883831182,0.03726307126666474,0.35714285714285715,0.6071428571428571,short,0.6071428571428571,0.04310063090756124
all_caps_heavy&lots_of_excl,28,-0.013415711850751902,-0.009456552883831182,0.03726307126666474,0.35714285714285715,0.6071428571428571,short,0.6071428571428571,0.04310063090756124
exclamation_heavy&lots_of_excl,722,0.0029597759705905164,0.0037544296175995306,0.03323095937498352,0.5415512465373962,0.4376731301939058,long,0.5415512465373962,0.043069219205402215
uppercase_phrase_heavy&deal_over_tariff,25,0.01537312460161485,0.0035460462757337385,0.04578844598858104,0.56,0.36,long,0.56,0.04304474888452159
has_all_caps&deal_only,64,0.009058516111121117,0.005661898145731592,0.03794873277196808,0.59375,0.390625,long,0.59375,0.043027951527825306
posts_very_high&deal_heavy,76,0.008331312049541902,0.005449573036988897,0.040150100548094966,0.5921052631578947,0.3684210526315789,long,0.5921052631578947,0.043005016528881966
all_caps_heavy&short_posts,25,-0.014301516946331257,-0.01098904106322074,0.03890730834114746,0.36,0.6,short,0.6,0.04290455083899376
deal_over_tariff&china_streak_3d,31,0.013237614044413667,0.007604716669856959,0.04834561482806278,0.5806451612903226,0.3870967741935484,long,0.5806451612903226,0.042795822034094294
has_positive&has_russia,270,0.004655763202390019,0.007151955033286583,0.033178872085702235,0.5592592592592592,0.4148148148148148,long,0.5592592592592592,0.042784449531230784
posts_high&has_night_post,383,0.004086708059575706,0.003294959935455477,0.03568252232314278,0.5326370757180157,0.44386422976501305,long,0.5326370757180157,0.042599489507568714
has_deal&has_night_post,317,0.004388529391677179,0.005050530183293045,0.03372765912797813,0.5425867507886435,0.42902208201892744,long,0.5425867507886435,0.04239531116253999
has_deal&has_exclamation,341,0.0041623853088745425,0.005050530183293045,0.03359330283998403,0.5513196480938416,0.41642228739002934,long,0.5513196480938416,0.04237629076177694
positive_heavy&short_posts,276,0.004563309771125514,0.004665925907720414,0.03565513720963245,0.5579710144927537,0.4311594202898551,long,0.5579710144927537,0.04230056135625098
open_deal&deal_over_tariff,76,0.008009819054308117,0.006224441944331804,0.04451490090354121,0.6052631578947368,0.3815789473684211,long,0.6052631578947368,0.04226430587983363
has_deal&positive_heavy,275,0.004478527521998258,0.00536663241156643,0.03494878468234531,0.5672727272727273,0.4072727272727273,long,0.5672727272727273,0.0421301978724499
has_deal&has_russia,133,0.006287238264198113,0.00967104724070289,0.03429637842141599,0.5789473684210527,0.39097744360902253,long,0.5789473684210527,0.041978297743379744
has_action&exclamation_heavy,179,0.005298136000424641,0.010785744269967923,0.03556769000307476,0.5921787709497207,0.4022346368715084,long,0.5921787709497207,0.04197613539263149
has_deal,343,0.004042465914132582,0.004709589684695814,0.0335471118422307,0.5481049562682215,0.4198250728862974,long,0.5481049562682215,0.04103525682740893
has_action&open_deal,30,0.011807093217228778,0.013613978771569557,0.04613215922625124,0.6333333333333333,0.36666666666666664,long,0.6333333333333333,0.040957738193068825
posts_very_high&positive_heavy,216,0.004995626606813629,0.005338197535861289,0.03592455263563294,0.5555555555555556,0.42592592592592593,long,0.5555555555555556,0.04078912044054906
has_market_brag&volume_drop,23,0.013941524584575055,0.008761155242720253,0.032412715020957536,0.6086956521739131,0.34782608695652173,long,0.6086956521739131,0.040698123617409585
has_deal&has_positive,330,0.004037283460159135,0.005238885915810343,0.033810703590693054,0.5545454545454546,0.41515151515151516,long,0.5545454545454546,0.04067086061248952
attack_heavy&deal_over_tariff,142,0.005428966207160456,0.007920249064436335,0.03197270901561528,0.6267605633802817,0.34507042253521125,long,0.6267605633802817,0.04054739639925845
posts_very_high&has_attack,207,0.005075744336128217,0.0053097497262710736,0.03632948076892999,0.5507246376811594,0.4251207729468599,long,0.5507246376811594,0.04021790253374907
has_russia&volume_spike,81,0.0071556317059803965,0.011406902792277629,0.03236551260727292,0.6172839506172839,0.35802469135802467,long,0.6172839506172839,0.03975350947766887
has_night_post&has_exclamation,793,0.0026031733107461145,0.003721010514023071,0.034643088282593576,0.5397225725094578,0.4401008827238335,long,0.5397225725094578,0.03956491693946598
posts_high&all_caps_heavy,27,-0.012821927152257285,-0.007924064704441625,0.03783767672741056,0.37037037037037035,0.5925925925925926,short,0.5925925925925926,0.039481296495389416
has_action&volume_spike,58,0.007887030682398115,0.011089039846301163,0.03417619359104294,0.6551724137931034,0.3275862068965517,long,0.6551724137931034,0.039353478860913435
has_action&lots_of_excl,173,0.005118447585504052,0.008928436990812916,0.03585595953886213,0.5838150289017341,0.41040462427745666,long,0.5838150289017341,0.03930398474395804
has_night_post&exclamation_heavy,732,0.002709376501883742,0.0032787109556843275,0.03332860874420716,0.5341530054644809,0.44672131147540983,long,0.5341530054644809,0.03915530189079146
has_night_post&has_chips,30,0.01191046469083353,0.011124907108459925,0.03710480900235749,0.6,0.4,long,0.6,0.03914178108922991
positive_heavy&has_chips,30,0.01191046469083353,0.011124907108459925,0.03710480900235749,0.6,0.4,long,0.6,0.03914178108922991
short_posts&china_streak_3d,43,0.01113345336114019,0.005791940769599213,0.04254555922570874,0.5348837209302325,0.4186046511627907,long,0.5348837209302325,0.039050221570088056
has_russia&has_exclamation,277,0.004231140087883141,0.006339105970265102,0.03310835372459438,0.5523465703971119,0.4223826714801444,long,0.5523465703971119,0.03889635908137244
has_russia,277,0.004231140087883141,0.006339105970265102,0.03310835372459438,0.5523465703971119,0.4223826714801444,long,0.5523465703971119,0.03889635908137244
has_action&short_posts,102,0.0066486165908329125,0.011042574966962815,0.040792582482108534,0.5784313725490197,0.4215686274509804,long,0.5784313725490197,0.03884035715148225
posts_high&short_posts,226,0.004814446918924643,0.004665925907720414,0.037783343867656215,0.5353982300884956,0.4469026548672566,long,0.5353982300884956,0.03875052167719802
deal_heavy&has_relief,31,0.011961233118128928,0.0029155541892085246,0.0462485981255206,0.5806451612903226,0.3870967741935484,long,0.5806451612903226,0.038669415962295756
has_chips,32,0.011505602358790959,0.011124907108459925,0.03852008980080831,0.59375,0.40625,long,0.59375,0.03864452488530086
has_exclamation&has_chips,32,0.011505602358790959,0.011124907108459925,0.03852008980080831,0.59375,0.40625,long,0.59375,0.03864452488530086
has_action&positive_heavy,151,0.005447146604498258,0.008928436990812916,0.0354749131134401,0.5761589403973509,0.41721854304635764,long,0.5761589403973509,0.038565577847784166
posts_very_high&all_caps_heavy,24,-0.0134513488063039,-0.009456552883831182,0.04001850844403721,0.4166666666666667,0.5833333333333334,short,0.5833333333333334,0.038440431082246845
has_russia&lots_of_excl,256,0.004277772304155635,0.006405815050711916,0.033439761825887815,0.55859375,0.41796875,long,0.55859375,0.03823258996839098
sig_potus&has_all_caps,20,-0.014208671583938626,-0.010090039789970306,0.03260700629784697,0.25,0.6,short,0.6,0.03812586663798765
has_night_post&volume_drop,127,0.00586700577875975,0.005780142573518221,0.03294668327227224,0.5748031496062992,0.41732283464566927,long,0.5748031496062992,0.038004718110520266
posts_high&open_deal,60,0.007937486528779503,0.005367919342382899,0.045509501180895466,0.6166666666666667,0.36666666666666664,long,0.6166666666666667,0.03791482886860744
has_night_post&lots_of_excl,673,0.002719943368223348,0.003262461975913178,0.0333150485509117,0.5319465081723626,0.4487369985141159,long,0.5319465081723626,0.03753490804455766
pre_deal&deal_only,115,0.006380238549252225,0.005791295562936893,0.035484616932515194,0.5478260869565217,0.43478260869565216,long,0.5478260869565217,0.03748249968685679
has_deal&exclamation_heavy,332,0.0037660374766473113,0.004438180715557349,0.033767144290909955,0.5451807228915663,0.42168674698795183,long,0.5451807228915663,0.03741055666294578
has_russia&exclamation_heavy,273,0.0040800265406546665,0.006339105970265102,0.03315703167523979,0.5531135531135531,0.42124542124542125,long,0.5531135531135531,0.03728710038599716
posts_very_high&china_streak_3d,38,0.01042850705080329,0.008610246514863862,0.043487975413162724,0.5789473684210527,0.42105263157894735,long,0.5789473684210527,0.037217999149176714
positive_heavy&volume_drop,55,0.00886910721703491,0.009575848350000804,0.034645017035223345,0.5636363636363636,0.43636363636363634,long,0.5636363636363636,0.03707321536855944
posts_very_high&lots_of_excl,224,0.004515849172917468,0.004938805895022713,0.036504894059867406,0.5446428571428571,0.4330357142857143,long,0.5446428571428571,0.036810799476415065
has_deal&lots_of_excl,320,0.003759508287287457,0.004438180715557349,0.03422849519715925,0.546875,0.421875,long,0.546875,0.03677850790402496
posts_very_high&exclamation_heavy,226,0.004489771131027432,0.004938805895022713,0.03638295824537497,0.5442477876106194,0.4336283185840708,long,0.5442477876106194,0.03673458137304046
posts_very_high&has_exclamation,226,0.004489771131027432,0.004938805895022713,0.03638295824537497,0.5442477876106194,0.4336283185840708,long,0.5442477876106194,0.03673458137304046
posts_very_high&has_positive,226,0.004489771131027432,0.004938805895022713,0.03638295824537497,0.5442477876106194,0.4336283185840708,long,0.5442477876106194,0.03673458137304046
posts_very_high,226,0.004489771131027432,0.004938805895022713,0.03638295824537497,0.5442477876106194,0.4336283185840708,long,0.5442477876106194,0.03673458137304046
posts_high&posts_very_high,226,0.004489771131027432,0.004938805895022713,0.03638295824537497,0.5442477876106194,0.4336283185840708,long,0.5442477876106194,0.03673458137304046
deal_heavy&has_uppercase_phrase,67,0.007309163465415388,0.007207457083745705,0.03759631237047269,0.6119402985074627,0.3283582089552239,long,0.6119402985074627,0.036611214010447375
attack_heavy&china_streak_3d,39,0.009469223744639424,0.015209318653673254,0.03651440646106748,0.6153846153846154,0.358974358974359,long,0.6153846153846154,0.03639094358871372
positive_heavy&open_deal,71,0.007114877467360795,0.005366645345451504,0.044636589157209396,0.6056338028169014,0.38028169014084506,long,0.6056338028169014,0.03630836613781027
posts_very_high&has_night_post,224,0.004417386836347905,0.004938805895022713,0.036512166872463434,0.5446428571428571,0.4330357142857143,long,0.5446428571428571,0.036008186902643055
has_deal&uppercase_phrase_heavy,28,0.012675331810894546,0.0027217552779413845,0.04421989351393697,0.5357142857142857,0.39285714285714285,long,0.5357142857142857,0.03593118831091388
has_china&open_deal,42,0.008603723468565992,0.010335180359590579,0.04285234974853203,0.6428571428571429,0.3333333333333333,long,0.6428571428571429,0.03584475054037445
posts_low&silence_day,216,0.004846118740509376,0.0017391304347826875,0.0523629486839788,0.5023696682464455,0.46919431279620855,long,0.5023696682464455,0.035780329581094616
silence_day,216,0.004846118740509376,0.0017391304347826875,0.0523629486839788,0.5023696682464455,0.46919431279620855,long,0.5023696682464455,0.035780329581094616
has_deal&has_uppercase_phrase,137,0.0055507842657760865,0.005050530183293045,0.036092741053956746,0.5474452554744526,0.4233576642335766,long,0.5474452554744526,0.035567662828496306
positive_heavy&has_night_post,558,0.002758460696142077,0.0034912563629599935,0.03428635092090472,0.5376344086021505,0.4444444444444444,long,0.5376344086021505,0.03503248587350776
open_deal&has_exclamation,81,0.006516476517258313,0.005366645345451504,0.04377300165916035,0.5925925925925926,0.3950617283950617,long,0.5925925925925926,0.034754541425377664
has_deal&open_deal,81,0.006516476517258313,0.005366645345451504,0.04377300165916035,0.5925925925925926,0.3950617283950617,long,0.5925925925925926,0.034754541425377664
open_deal,81,0.006516476517258313,0.005366645345451504,0.04377300165916035,0.5925925925925926,0.3950617283950617,long,0.5925925925925926,0.034754541425377664
posts_high&has_action,136,0.005306730961557792,0.007410622854592486,0.03844316722504028,0.5588235294117647,0.4338235294117647,long,0.5588235294117647,0.03458368036228606
has_attack&open_deal,71,0.006770417434782961,0.007079690549349316,0.04525064301112548,0.6056338028169014,0.38028169014084506,long,0.6056338028169014,0.034550531088640084
high_emotion&has_exclamation,39,-0.009792840448154178,-0.006359161853145556,0.0545854407250178,0.4358974358974359,0.5641025641025641,short,0.5641025641025641,0.03449840815235563
positive_heavy&has_exclamation,586,0.0026033348897300276,0.0038022156305813626,0.03420617657215168,0.5460750853242321,0.43686006825938567,long,0.5460750853242321,0.0344136873745004
has_positive&positive_heavy,586,0.0026033348897300276,0.0038022156305813626,0.03420617657215168,0.5460750853242321,0.43686006825938567,long,0.5460750853242321,0.0344136873745004
positive_heavy,586,0.0026033348897300276,0.0038022156305813626,0.03420617657215168,0.5460750853242321,0.43686006825938567,long,0.5460750853242321,0.0344136873745004
positive_heavy&lots_of_excl,567,0.002659153451334174,0.003721010514023071,0.03415263230008524,0.5432098765432098,0.43915343915343913,long,0.5432098765432098,0.034395576014258904
open_deal&has_all_caps,29,0.010823380340184149,0.014705747705167305,0.047953142353674226,0.5862068965517241,0.3793103448275862,long,0.5862068965517241,0.034167471632318945
has_attack&has_russia,245,0.003911059038607853,0.005791940769599213,0.033738445543555005,0.5551020408163265,0.42448979591836733,long,0.5551020408163265,0.033982101911729436
tariff_heavy&has_night_post,21,-0.011902526633707288,-0.007924064704441625,0.02439677748013937,0.3333333333333333,0.6190476190476191,short,0.6190476190476191,0.03376547525630907
deal_over_tariff&volume_spike,69,0.006504346808225508,0.011392335422634403,0.03415071721163894,0.6231884057971014,0.34782608695652173,long,0.6231884057971014,0.03367034758877889
has_russia&has_night_post,260,0.0037619056723926392,0.006065523369932158,0.032734216902763486,0.5538461538461539,0.4230769230769231,long,0.5538461538461539,0.03359570195698983
posts_high&volume_spike,114,0.005192126484557081,0.00743517048489728,0.03104720773917319,0.6052631578947368,0.3684210526315789,long,0.6052631578947368,0.03355381678187854
has_night_post&china_streak_3d,70,0.0073496980512794425,0.004793513148765194,0.04062469220968902,0.5428571428571428,0.42857142857142855,long,0.5428571428571428,0.03338136364726203
attack_heavy&volume_spike,93,0.005638541125309958,0.007662883886048855,0.030806108301615374,0.6129032258064516,0.3548387096774194,long,0.6129032258064516,0.033327300221474954
attack_heavy&lots_of_excl,286,0.003486077127656216,0.005366638878508967,0.03204596179517738,0.5559440559440559,0.4195804195804196,long,0.5559440559440559,0.03277563384141847
open_deal&has_uppercase_phrase,38,0.008350072348902952,0.012132066783170026,0.0469678790145073,0.631578947368421,0.34210526315789475,long,0.631578947368421,0.03250945447160931
has_relief&short_posts,44,0.00896972629245079,0.009075572435020773,0.04651455944744397,0.5454545454545454,0.45454545454545453,long,0.5454545454545454,0.03245369081917627
positive_heavy&exclamation_heavy,582,0.002475832027727816,0.0037544296175995306,0.034275296110247835,0.5429553264604811,0.43986254295532645,long,0.5429553264604811,0.03242998643610728
posts_high&has_russia,169,0.0044283094600202095,0.0053097497262710736,0.03292053977754376,0.5621301775147929,0.41420118343195267,long,0.5621301775147929,0.03236072297707076
positive_heavy&has_russia,214,0.003934408994359642,0.006132232450378972,0.03329032889611072,0.5607476635514018,0.4205607476635514,long,0.5607476635514018,0.0322740794364421
attack_heavy&exclamation_heavy,288,0.003416979847644005,0.005366638878508967,0.03201763614592877,0.5555555555555556,0.4201388888888889,long,0.5555555555555556,0.032215594952624695
has_deal&attack_heavy,161,0.004209338079467176,0.005532500728526291,0.031161054039054992,0.6024844720496895,0.37267080745341613,long,0.6024844720496895,0.03217900449492394
posts_very_high&short_posts,155,0.004821906250741554,0.004709589684695814,0.03989822415351458,0.535483870967742,0.45161290322580644,long,0.535483870967742,0.03214630091283659
has_positive&has_chips,31,0.009935716998043216,0.00972760437894804,0.03810200919488345,0.5806451612903226,0.41935483870967744,long,0.5806451612903226,0.03212113414115004
has_deal&has_all_caps,90,0.005931110058853845,0.005238885915810343,0.03621666047633998,0.5666666666666667,0.37777777777777777,long,0.5666666666666667,0.03188488862649291
attack_heavy&has_exclamation,289,0.003385986981569441,0.00536663241156643,0.031966344016528446,0.5536332179930796,0.42214532871972316,long,0.5536332179930796,0.03186811276771239
attack_heavy,289,0.003385986981569441,0.00536663241156643,0.031966344016528446,0.5536332179930796,0.42214532871972316,long,0.5536332179930796,0.03186811276771239
has_attack&attack_heavy,289,0.003385986981569441,0.00536663241156643,0.031966344016528446,0.5536332179930796,0.42214532871972316,long,0.5536332179930796,0.03186811276771239
attack_heavy&has_positive,284,0.003410902603771056,0.005361840949457686,0.03188846290059183,0.5528169014084507,0.4225352112676056,long,0.5528169014084507,0.031776773687123
deal_heavy&has_action,52,0.007358747964018411,0.007230468859669603,0.04197081006241602,0.5961538461538461,0.38461538461538464,long,0.5961538461538461,0.03163471678200089
has_china&deal_over_tariff,124,0.004798351354902744,0.007575962139081849,0.03553785462831511,0.5887096774193549,0.3870967741935484,long,0.5887096774193549,0.03145604106796805
has_positive&open_deal,79,0.005942837320860022,0.005366645345451504,0.043639533429899346,0.5949367088607594,0.3924050632911392,long,0.5949367088607594,0.03142520752429481
has_action&has_russia,80,0.0059688240983599514,0.011417727617926365,0.033522685454267155,0.5875,0.4,long,0.5875,0.0313647366097286
has_tariff&tariff_heavy,22,-0.011210996417702446,-0.005950144439541449,0.024028742624720194,0.36363636363636365,0.5909090909090909,short,0.5909090909090909,0.031072502075086474
tariff_heavy&lots_of_excl,22,-0.011210996417702446,-0.005950144439541449,0.024028742624720194,0.36363636363636365,0.5909090909090909,short,0.5909090909090909,0.031072502075086474
tariff_heavy&has_positive,22,-0.011210996417702446,-0.005950144439541449,0.024028742624720194,0.36363636363636365,0.5909090909090909,short,0.5909090909090909,0.031072502075086474
tariff_heavy&has_exclamation,22,-0.011210996417702446,-0.005950144439541449,0.024028742624720194,0.36363636363636365,0.5909090909090909,short,0.5909090909090909,0.031072502075086474
tariff_heavy&exclamation_heavy,22,-0.011210996417702446,-0.005950144439541449,0.024028742624720194,0.36363636363636365,0.5909090909090909,short,0.5909090909090909,0.031072502075086474
tariff_heavy,22,-0.011210996417702446,-0.005950144439541449,0.024028742624720194,0.36363636363636365,0.5909090909090909,short,0.5909090909090909,0.031072502075086474
has_all_caps&deal_over_tariff,82,0.005974943915340111,0.005421125227398682,0.03734957155011882,0.573170731707317,0.3780487804878049,long,0.573170731707317,0.031011642214783475
has_uppercase_phrase&china_streak_3d,33,0.008880034730924165,0.011342211919483036,0.037232391165862126,0.6060606060606061,0.36363636363636365,long,0.6060606060606061,0.030916312615289293
has_deal&china_streak_3d,36,0.009720762070689608,0.0023827701478513763,0.04585252276421225,0.5277777777777778,0.4444444444444444,long,0.5277777777777778,0.030782413223850426
attack_heavy&has_russia,151,0.004460832448593528,0.007662883886048855,0.03313811294537426,0.5562913907284768,0.41721854304635764,long,0.5562913907284768,0.030493461290689357
has_attack&has_china,227,0.0035222771406224268,0.005681961645502165,0.0346060854454199,0.5726872246696035,0.41409691629955947,long,0.5726872246696035,0.030391626825908364
pre_deal&open_deal,31,0.008366488123700017,0.011741923728368242,0.045883449842260414,0.6451612903225806,0.3225806451612903,long,0.6451612903225806,0.030053312527211332
sig_potus&has_uppercase_phrase,32,-0.009971745156922986,-0.003946303088299963,0.029054320594657956,0.375,0.53125,short,0.53125,0.029967126638078517
posts_low&has_positive,88,0.0054891076248395195,0.006672502772068878,0.03110181201305297,0.5795454545454546,0.36363636363636365,long,0.5795454545454546,0.029842182783105138
tariff_heavy&positive_heavy,21,-0.011367516975476772,-0.003976224174641274,0.024610639490018526,0.38095238095238093,0.5714285714285714,short,0.5714285714285714,0.029767146859324443
has_relief&deal_over_tariff,44,0.008579939651592828,0.001727578184418599,0.043203555541850513,0.5227272727272727,0.4318181818181818,long,0.5227272727272727,0.029749915118599958
has_positive&pre_deal,163,0.00412376640425247,0.005357049487348942,0.03362573290505578,0.5644171779141104,0.4110429447852761,long,0.5644171779141104,0.02971584479084809
open_deal&lots_of_excl,78,0.005692529935241819,0.005338197535861289,0.043864878096895495,0.5897435897435898,0.3974358974358974,long,0.5897435897435898,0.029649396194532704
exclamation_heavy&volume_drop,111,0.005057101374124496,0.005780142573518221,0.03083921270477504,0.5495495495495496,0.43243243243243246,long,0.5495495495495496,0.02927992804794541
has_attack&has_chips,27,0.009489050171394868,0.00972760437894804,0.037312846695409005,0.5925925925925926,0.4074074074074074,long,0.5925925925925926,0.029218696910979686
has_exclamation&china_streak_3d,77,0.006237539462699254,0.0037950855279311746,0.04054058685999539,0.5324675324675324,0.44155844155844154,long,0.5324675324675324,0.029144177307216843
china_streak_3d,77,0.006237539462699254,0.0037950855279311746,0.04054058685999539,0.5324675324675324,0.44155844155844154,long,0.5324675324675324,0.029144177307216843
has_china&short_posts,144,0.004467987922922147,0.005009669705483444,0.03544819582232554,0.5416666666666666,0.4513888888888889,long,0.5416666666666666,0.029041921498993952
pre_deal&sig_potus,21,0.010126010983939303,0.005168022105349612,0.03158887241957035,0.6190476190476191,0.2857142857142857,long,0.6190476190476191,0.02872579779448236
positive_heavy&pre_deal,144,0.004078702305340184,0.005366638878508967,0.034228599732326,0.5833333333333334,0.3888888888888889,long,0.5833333333333334,0.02855091613738129
brag_heavy&has_uppercase_phrase,22,-0.009542837048720755,-0.0049699354415392305,0.022587353353057487,0.2727272727272727,0.6363636363636364,short,0.6363636363636364,0.02848355572792974
deal_heavy&pre_deal,96,0.004887748261226304,0.006499376323341299,0.03595231780300994,0.59375,0.3854166666666667,long,0.59375,0.028434661924052845
has_attack&has_all_caps,147,0.004238426747820498,0.005532500728526291,0.03502075250989092,0.5510204081632653,0.4217687074829932,long,0.5510204081632653,0.028315943246766947
sig_potus&short_posts,30,-0.009693113681219194,-0.005310739789525676,0.034410617137398763,0.43333333333333335,0.5333333333333333,short,0.5333333333333333,0.02831539741688369
has_action&attack_heavy,106,0.004692579653184679,0.011399619107456016,0.034419893697400124,0.5849056603773585,0.4056603773584906,long,0.5849056603773585,0.02825858490576652
open_deal&exclamation_heavy,79,0.0054461140375633476,0.0053097497262710736,0.04363778376084952,0.5822784810126582,0.4050632911392405,long,0.5822784810126582,0.02818584224933914
deal_heavy&has_all_caps,49,0.006944102807549619,0.0053097497262710736,0.03915133145209782,0.5714285714285714,0.3469387755102041,long,0.5714285714285714,0.027776411230198476
posts_high&has_chips,24,0.0096523733771099,0.010577625441549388,0.03751953504203003,0.5833333333333334,0.4166666666666667,long,0.5833333333333334,0.027583954510868144
posts_high&attack_heavy,238,0.0032669072953883395,0.004938805895022713,0.03248540386549306,0.5462184873949579,0.42436974789915966,long,0.5462184873949579,0.027529079153815875
sig_potus&deal_over_tariff,23,0.010082325944109979,0.005168022105349612,0.03130031477034993,0.5652173913043478,0.30434782608695654,long,0.5652173913043478,0.027330033725390956
has_deal&has_relief,46,0.0077045533363559095,0.001727578184418599,0.04288216331404192,0.5217391304347826,0.43478260869565216,long,0.5217391304347826,0.027263385965089305
pre_deal&exclamation_heavy,167,0.00375754479061323,0.0053097497262710736,0.03344885531918373,0.5568862275449101,0.41916167664670656,long,0.5568862275449101,0.027041381743256467
has_iran&lots_of_excl,109,-0.0047847510069678545,-0.0031153841773762236,0.03412771611114369,0.41284403669724773,0.5412844036697247,short,0.5412844036697247,0.02703946566800188
posts_high&tariff_heavy,20,-0.010970465178281624,-0.0028730546326455886,0.025244303686385625,0.4,0.55,short,0.55,0.026983776471775273
has_russia&china_streak_3d,33,0.007379342158289615,0.011880980696238108,0.04215557077118203,0.6363636363636364,0.36363636363636365,long,0.6363636363636364,0.02697615029361244
open_deal&has_night_post,76,0.00544873719501462,0.005338197535861289,0.04450989536051061,0.5657894736842105,0.42105263157894735,long,0.5657894736842105,0.026875559908635265
has_relief&has_russia,37,0.00815488215366178,0.014311053536335328,0.03756045550141512,0.5405405405405406,0.43243243243243246,long,0.5405405405405406,0.026813087353130555
has_china&has_night_post,272,0.002969477000661032,0.004665925907720414,0.03390527156639586,0.5441176470588235,0.4411764705882353,long,0.5441176470588235,0.02664754653429453
pre_deal&deal_over_tariff,148,0.003987739465878339,0.005238885915810343,0.03429562228022988,0.5472972972972973,0.42567567567567566,long,0.5472972972972973,0.026551003358034213
pre_deal&has_night_post,162,0.0037929287775986453,0.005238885915810343,0.033706816866798474,0.5493827160493827,0.42592592592592593,long,0.5493827160493827,0.02652205596317631
has_night_post&high_emotion,39,-0.0074260283550676084,-0.0018797029761584705,0.05514757963465779,0.4358974358974359,0.5641025641025641,short,0.5641025641025641,0.026160556633226494
pre_deal&has_exclamation,169,0.0036510073502588557,0.005168022105349612,0.03326352693843665,0.5502958579881657,0.4260355029585799,long,0.5502958579881657,0.026118744890313354
posts_very_high&has_action,102,0.004619589267623361,0.007842569724539672,0.040057581316315434,0.5588235294117647,0.43137254901960786,long,0.5588235294117647,0.026072227288522508
posts_low&has_uppercase_phrase,23,0.008280049906515213,0.014953240755321895,0.052007181818136385,0.6521739130434783,0.2608695652173913,long,0.6521739130434783,0.025897646319305342
has_action&has_china,88,0.004748883845857102,0.00849649012086573,0.03658352986653344,0.5795454545454546,0.4090909090909091,long,0.5795454545454546,0.025817868664571173
pre_deal,170,0.0036114498076602,0.005109276144321329,0.03316897837574055,0.5470588235294118,0.4294117647058823,long,0.5470588235294118,0.02575965672153098
has_deal&pre_deal,170,0.0036114498076602,0.005109276144321329,0.03316897837574055,0.5470588235294118,0.4294117647058823,long,0.5470588235294118,0.02575965672153098
has_relief&volume_spike,28,0.008457190648985551,0.009548400644668775,0.04086235615629843,0.5714285714285714,0.39285714285714285,long,0.5714285714285714,0.025572140854259105
has_china&china_streak_3d,45,0.00659607678870249,0.011342211919483036,0.03906310501625579,0.5777777777777777,0.4222222222222222,long,0.5777777777777777,0.02556541187953529
pre_deal&lots_of_excl,160,0.0036222807651982145,0.005238885915810343,0.034012993675383865,0.55625,0.41875,long,0.55625,0.02548661303238276
has_deal&has_china,154,0.0036323704296086943,0.005009669705483444,0.033540130632795456,0.564935064935065,0.4090909090909091,long,0.564935064935065,0.02546531330242117
has_attack&pre_deal,131,0.003877221224872563,0.005357049487348942,0.03346434753552409,0.5725190839694656,0.40458015267175573,long,0.5725190839694656,0.02540657934557577
has_relief&has_market_brag,22,-0.009134866714283945,-0.005795664109508936,0.03220566789953985,0.36363636363636365,0.5909090909090909,short,0.5909090909090909,0.02531828165487866
lots_of_excl&volume_drop,83,0.005236065192481112,0.00710473963170366,0.03143239426544245,0.5301204819277109,0.4578313253012048,long,0.5301204819277109,0.02528824412886045
has_market_brag&has_uppercase_phrase,69,-0.006317813089228869,0.0,0.03166157154725869,0.463768115942029,0.4782608695652174,short,0.4782608695652174,0.025098985506647457
has_tariff&has_iran,25,-0.009632878218935112,-0.001769885090649903,0.025657426996153886,0.4,0.52,short,0.52,0.02504548336923129
has_uppercase_phrase&volume_drop,29,0.008429184300309926,0.009575848350000804,0.03556454355371175,0.5517241379310345,0.41379310344827586,long,0.5517241379310345,0.025044163667243966
pre_deal&china_streak_3d,22,0.010673943456038847,-8.369863716262138e-05,0.050559052043660534,0.5,0.5,long,0.5,0.025032616302834387
exclamation_heavy&china_streak_3d,73,0.005599162326220985,0.0035460462757337385,0.04102604349815007,0.5205479452054794,0.4520547945205479,long,0.5205479452054794,0.024902630515933843
has_iran,117,-0.004274226418164543,-0.0031153841773762236,0.03335580530938455,0.4188034188034188,0.5384615384615384,short,0.5384615384615384,0.02489459944510277
has_iran&has_exclamation,117,-0.004274226418164543,-0.0031153841773762236,0.03335580530938455,0.4188034188034188,0.5384615384615384,short,0.5384615384615384,0.02489459944510277
has_positive&volume_spike,131,0.003634527815835601,0.007207457083745705,0.03716031660081077,0.5954198473282443,0.37404580152671757,long,0.5954198473282443,0.024768913234594982
has_uppercase_phrase&volume_spike,83,0.0047700208672908345,0.006535944229806301,0.03517089073824058,0.5662650602409639,0.39759036144578314,long,0.5662650602409639,0.024608157099777296
has_russia&pre_deal,70,0.00486724625249699,0.007548668255883517,0.03239755758404379,0.6,0.38571428571428573,long,0.6,0.02443338227257207
positive_heavy&brag_heavy,38,-0.006821373550584761,-0.0023176144832425805,0.023402970147481075,0.34210526315789475,0.5789473684210527,short,0.5789473684210527,0.02434460405167242
posts_high&has_china,198,0.003158694564535997,0.004084154203239376,0.035213690202920686,0.5454545454545454,0.4393939393939394,long,0.5454545454545454,0.02424369398067531
has_tariff&has_uppercase_phrase,58,-0.006152337439597192,-0.001511386967256556,0.02626795233342402,0.39655172413793105,0.5172413793103449,short,0.5172413793103449,0.024235244488284784
has_iran&has_night_post,109,-0.0042771570023735625,-0.0031153841773762236,0.03443708624153855,0.42201834862385323,0.5412844036697247,short,0.5412844036697247,0.02417096307705752
has_uppercase_phrase&short_posts,160,0.0035861122358846797,0.005238885915810343,0.04185655343898227,0.53125,0.45,long,0.53125,0.024098100547088528
has_relief&has_action,28,0.008479227980244185,0.0179360334440698,0.0462790112583966,0.5357142857142857,0.4642857142857143,long,0.5357142857142857,0.024036352013085658
has_iran&exclamation_heavy,115,-0.004224576645220214,-0.0018382077033439748,0.033644420013405056,0.4260869565217391,0.5304347826086957,short,0.5304347826086957,0.02403057201013026
attack_heavy&open_tariff,22,-0.010239756851502347,-0.0007152205311657389,0.0293723037020564,0.45454545454545453,0.5,short,0.5,0.024014358456523277
has_china&lots_of_excl,270,0.0026787192115096782,0.0039773102337974375,0.033956833483733885,0.5444444444444444,0.43703703703703706,long,0.5444444444444444,0.023964183976982946
has_positive&has_iran,111,-0.0042728260897468015,-0.0018382077033439748,0.034240090200519394,0.43243243243243246,0.5315315315315315,short,0.5315315315315315,0.02392796358050406
has_deal&sig_potus,26,0.008119238849748907,0.004357034190541675,0.031111859684453173,0.5769230769230769,0.3076923076923077,long,0.5769230769230769,0.023884706152148254
uppercase_phrase_heavy&volume_spike,21,0.009892609106397787,0.0018974642801490305,0.03938365165399308,0.5238095238095238,0.42857142857142855,long,0.5238095238095238,0.0237461871694024
has_iran&has_uppercase_phrase,57,-0.005243240009488344,-0.006462165114268448,0.030872663605972725,0.3684210526315789,0.5964912280701754,short,0.5964912280701754,0.02361245956464615
lots_of_excl&china_streak_3d,72,0.005407676238192795,0.0023827701478513763,0.04128108530934232,0.5138888888888888,0.4583333333333333,long,0.5138888888888888,0.023580127987339484
brag_heavy&lots_of_excl,42,-0.006364583671117429,-0.0023176144832425805,0.024344319124717555,0.35714285714285715,0.5714285714285714,short,0.5714285714285714,0.02356983795761876
has_positive&china_streak_3d,75,0.00521805067607212,0.0035460462757337385,0.04058612824370162,0.52,0.4533333333333333,long,0.52,0.023498615107307712
has_action&has_uppercase_phrase,97,0.004366126254914929,0.008928436990812916,0.042046636961283856,0.5463917525773195,0.44329896907216493,long,0.5463917525773195,0.02349558661191054
has_positive&has_china,282,0.0024930681878934362,0.005333399606810008,0.03447432392272108,0.5567375886524822,0.425531914893617,long,0.5567375886524822,0.023308227871963405
has_positive&brag_heavy,42,-0.006247160127449427,-0.0023176144832425805,0.024395746342454366,0.35714285714285715,0.5714285714285714,short,0.5714285714285714,0.023134985649961335
has_deal&volume_spike,82,0.004259400628869012,0.007826722600588698,0.03295145900533554,0.5975609756097561,0.3780487804878049,long,0.5975609756097561,0.02304823346889814
deal_heavy&attack_heavy,80,0.004287055910318802,0.005366638878508967,0.03306841753727936,0.6,0.3625,long,0.6,0.0230067562531562
has_positive&volume_drop,130,0.0037678530964152137,0.0031846727634923244,0.03101007066514816,0.5307692307692308,0.45384615384615384,long,0.5307692307692308,0.02280191783909431
pre_action&deal_over_tariff,40,0.005515332131382822,0.012008161874345391,0.03777239638655824,0.65,0.325,long,0.65,0.022673315063724976
attack_heavy&has_night_post,277,0.0024919899826304328,0.0053097497262710736,0.031805638568158275,0.5415162454873647,0.4332129963898917,long,0.5415162454873647,0.02245937500974334
pre_deal&short_posts,68,0.0049953781759073,0.004938805895022713,0.034408235553607565,0.5441176470588235,0.4411764705882353,long,0.5441176470588235,0.022413807611450873
brag_heavy&deal_over_tariff,24,-0.0077940250988613275,-0.005564987478602235,0.022954138785693256,0.2916666666666667,0.5833333333333334,short,0.5833333333333334,0.022273281957098046
brag_heavy&exclamation_heavy,43,-0.006063568185916775,-0.001769885090649903,0.024133617662238527,0.37209302325581395,0.5581395348837209,short,0.5581395348837209,0.02219245150719776
has_market_brag&brag_heavy,43,-0.006063568185916775,-0.001769885090649903,0.024133617662238527,0.37209302325581395,0.5581395348837209,short,0.5581395348837209,0.02219245150719776
brag_heavy&has_exclamation,43,-0.006063568185916775,-0.001769885090649903,0.024133617662238527,0.37209302325581395,0.5581395348837209,short,0.5581395348837209,0.02219245150719776
brag_heavy,43,-0.006063568185916775,-0.001769885090649903,0.024133617662238527,0.37209302325581395,0.5581395348837209,short,0.5581395348837209,0.02219245150719776
deal_heavy&volume_spike,50,0.005205301554522463,0.006282253285547323,0.033673193962253344,0.6,0.38,long,0.6,0.022084224163942266
posts_very_high&has_relief,49,0.005918607758610347,0.0018974642801490305,0.045252395825600845,0.5306122448979592,0.4489795918367347,long,0.5306122448979592,0.021983400246267003
pre_action&volume_spike,31,0.0057773640945959995,0.008928436990812916,0.03936811499340896,0.6774193548387096,0.2903225806451613,long,0.6774193548387096,0.021790549685699746
positive_heavy&all_caps_heavy,24,-0.008146312941791628,-0.0013909302622121533,0.03293128569634977,0.4166666666666667,0.5416666666666666,short,0.5416666666666666,0.021617169158455483
has_attack&has_uppercase_phrase,219,0.002827900090719881,0.002024217928567884,0.035424588547133706,0.5159817351598174,0.4611872146118721,long,0.5159817351598174,0.021593371068569546
has_china&has_exclamation,289,0.0022804078295464575,0.004622262130745014,0.034112310422302276,0.5501730103806228,0.43252595155709345,long,0.5501730103806228,0.021328520288110983
has_china,289,0.0022804078295464575,0.004622262130745014,0.034112310422302276,0.5501730103806228,0.43252595155709345,long,0.5501730103806228,0.021328520288110983
posts_high&has_relief,63,0.005268887519543221,0.0015576920886881673,0.0434875326771254,0.5079365079365079,0.4603174603174603,long,0.5079365079365079,0.02124215780980318
positive_heavy&has_china,246,0.002473197011845104,0.0039773102337974375,0.03481544312924315,0.5447154471544715,0.43902439024390244,long,0.5447154471544715,0.021129827809041636
posts_very_high&volume_spike,85,0.0040283754204423925,0.006535944229806301,0.03255162609622144,0.5647058823529412,0.4117647058823529,long,0.5647058823529412,0.020973055781327753
has_china&exclamation_heavy,283,0.0022727623551762506,0.004622262130745014,0.03442837704305838,0.5477031802120141,0.43462897526501765,long,0.5477031802120141,0.02094076329541137
pre_tariff&has_uppercase_phrase,26,-0.006658501049536995,-0.004990024356258671,0.017885704213945922,0.2692307692307692,0.6153846153846154,short,0.6153846153846154,0.0208934318663798
posts_high&pre_deal,116,0.003455393464833687,0.004938805895022713,0.03660777486319635,0.5603448275862069,0.41379310344827586,long,0.5603448275862069,0.020853639884579656
has_attack&all_caps_heavy,25,-0.007435831408456855,-0.0014304410623314778,0.03171245495340404,0.4,0.56,short,0.56,0.020820327943679193
attack_heavy&short_posts,142,0.0032916066415185348,0.0037689081599767693,0.034908997422066504,0.528169014084507,0.4507042253521127,long,0.528169014084507,0.02071691199305945
attack_heavy&positive_heavy,253,0.002373486630505896,0.005168022105349612,0.032050065124092565,0.5454545454545454,0.4308300395256917,long,0.5454545454545454,0.020592335984176934
attack_heavy&all_caps_heavy,24,-0.007689348572888689,-0.004677252883386551,0.03236863256740429,0.4166666666666667,0.5416666666666666,short,0.5416666666666666,0.020404562162806585
has_attack&volume_spike,111,0.0031899254000742347,0.006756702458266428,0.037432336999823394,0.6036036036036037,0.36936936936936937,long,0.6036036036036037,0.020285879435540808
has_attack&uppercase_phrase_heavy,41,0.00679893682420682,0.0,0.04117765063685729,0.4634146341463415,0.4634146341463415,long,0.4634146341463415,0.020174495272907676
posts_very_high&sig_potus,31,-0.007422635388356223,0.0,0.031595179018656085,0.41935483870967744,0.4838709677419355,short,0.4838709677419355,0.019997170061405205
posts_low&has_exclamation,125,0.0029743737893017704,0.00775187672336175,0.04031976451190512,0.592,0.36,long,0.592,0.01968666987078229
has_tariff&volume_spike,38,-0.006697264638634494,0.0,0.026688138821099747,0.47368421052631576,0.47368421052631576,short,0.47368421052631576,0.019555916172625625
has_all_caps&volume_spike,47,0.004786629883274623,0.007207457083745705,0.03246937413541528,0.5957446808510638,0.3829787234042553,long,0.5957446808510638,0.019549648362367784
has_china&has_all_caps,86,0.0037736067009086134,0.005421125227398682,0.03853955218904421,0.5581395348837209,0.4069767441860465,long,0.5581395348837209,0.01953208682582659
posts_high&brag_heavy,31,-0.006000574973896525,-0.001769885090649903,0.025184847179820488,0.3548387096774194,0.5806451612903226,short,0.5806451612903226,0.01939923144937786
posts_very_high&has_china,139,0.0030844485080548903,0.004622262130745014,0.036040723052287484,0.5323741007194245,0.4460431654676259,long,0.5323741007194245,0.019359843582380448
posts_very_high&has_all_caps,102,0.003422963468793232,0.005238885915810343,0.039692155557907206,0.5588235294117647,0.4117647058823529,long,0.5588235294117647,0.019318661549449834
lots_of_excl&tariff_only,48,0.005131259136064136,0.007128945159269429,0.030008620250128914,0.5416666666666666,0.4375,long,0.5416666666666666,0.019256469982674305
has_tariff&has_action,42,-0.005591176463626797,-0.001511386967256556,0.02980456657542274,0.4523809523809524,0.5238095238095238,short,0.5238095238095238,0.018980219688469982
positive_heavy&china_streak_3d,67,0.004425891556109383,0.0035460462757337385,0.04158850456627566,0.5223880597014925,0.44776119402985076,long,0.5223880597014925,0.018924804926690124
volume_spike,163,0.0025383257072648983,0.007662883886048855,0.044980787660374076,0.5828220858895705,0.39263803680981596,long,0.5828220858895705,0.01888761628903889
exclamation_heavy&volume_spike,125,0.0028533832664526556,0.006756702458266428,0.03723095234486428,0.592,0.384,long,0.592,0.018885862490959658
has_deal&brag_heavy,27,-0.006540855205076051,-0.001769885090649903,0.021939621745892444,0.3333333333333333,0.5555555555555556,short,0.5555555555555556,0.018881822566905113
brag_heavy&has_night_post,40,-0.005388304541157876,-0.0016811089814157687,0.024688572880039877,0.375,0.55,short,0.55,0.01874324658435612
attack_heavy&open_deal,45,0.004175060137940862,0.007079690549349316,0.03549498896540043,0.6666666666666666,0.3111111111111111,long,0.6666666666666666,0.018671436557170833
has_attack&open_tariff,28,-0.007490945656842778,0.0017730231378668693,0.029442628799922745,0.5,0.4642857142857143,short,0.4642857142857143,0.01840352362894071
positive_heavy&has_iran,92,-0.0037448932603785755,-0.0016477490598483802,0.03606243565767546,0.44565217391304346,0.5108695652173914,short,0.5108695652173914,0.018350309261511984
positive_heavy&has_all_caps,150,0.0027673058923428054,0.005109276144321329,0.034631543581336036,0.54,0.43333333333333335,long,0.54,0.01830191597578031
high_emotion&short_posts,58,-0.004548203642902978,-0.001568566873903554,0.05476833747538035,0.46551724137931033,0.5172413793103449,short,0.5172413793103449,0.017916251888075566
has_attack&pre_tariff,51,-0.004558019847436856,-0.003521168114190787,0.025689328175410066,0.39215686274509803,0.5490196078431373,short,0.5490196078431373,0.01787101236191661
pre_tariff&has_night_post,60,-0.003927922344403136,-0.004491144384634993,0.02588397795222628,0.36666666666666664,0.5833333333333334,short,0.5833333333333334,0.01774824079591423
has_russia&pre_action,33,0.004724172307313371,0.01142855226012851,0.038196136058215355,0.6363636363636364,0.3333333333333333,long,0.6363636363636364,0.017269829673346577
has_all_caps&exclamation_heavy,174,0.002490207363481221,0.004665925907720414,0.034778962198818306,0.5229885057471264,0.4425287356321839,long,0.5229885057471264,0.017179174106284126
has_all_caps&short_posts,122,0.0028700831241242624,0.005238885915810343,0.04042188979752614,0.5409836065573771,0.4344262295081967,long,0.5409836065573771,0.01714977771187774
posts_high&pre_tariff,43,-0.004680321088459549,-0.003521168114190787,0.024632249528543575,0.37209302325581395,0.5581395348837209,short,0.5581395348837209,0.01712981459250291
posts_high&has_uppercase_phrase,198,0.0024049558092980343,0.001571227142354803,0.03687702748332824,0.5050505050505051,0.4696969696969697,long,0.5050505050505051,0.017091276711530927
has_positive&has_all_caps,174,0.002474836262841343,0.004665925907720414,0.034766431839566556,0.5229885057471264,0.4425287356321839,long,0.5229885057471264,0.017073133614247137
has_positive&tariff_only,53,0.004279513137795225,0.007721946088732556,0.029727087550694274,0.5471698113207547,0.4339622641509434,long,0.5471698113207547,0.0170472538029679
has_all_caps&lots_of_excl,167,0.0024987244469182562,0.004709589684695814,0.035303371908122785,0.5269461077844312,0.437125748502994,long,0.5269461077844312,0.017015425052791956
has_attack&has_iran,90,-0.003495447228240848,-0.0016477490598483802,0.03635899024220725,0.45555555555555555,0.5111111111111111,short,0.5111111111111111,0.016948814512650724
positive_heavy&pre_tariff,54,-0.004094312506485482,-0.0036799791876882537,0.025323706178710922,0.3888888888888889,0.5555555555555556,short,0.5555555555555556,0.01671496081397512
has_relief&has_attack,75,0.00413376017815483,-0.0015923328721816343,0.0397586823340983,0.4666666666666667,0.5066666666666667,long,0.4666666666666667,0.016706392861361323
posts_very_high&attack_heavy,168,0.0023535357214707793,0.004665925907720414,0.03225531143463589,0.5357142857142857,0.43452380952380953,long,0.5357142857142857,0.016342130073527555
open_tariff&has_night_post,28,-0.006566123371692731,0.0017730231378668693,0.030540712633465153,0.5,0.4642857142857143,short,0.4642857142857143,0.01613144883932019
has_china&tariff_rising,21,-0.006712462182611033,-0.0035586654681635244,0.02908887679356376,0.42857142857142855,0.5238095238095238,short,0.5238095238095238,0.01611257269356091
pre_relief&deal_over_tariff,25,0.006193778633243125,0.0018974642801490305,0.030961225373688273,0.52,0.4,long,0.52,0.016103824446432127
deal_heavy&has_china,80,0.0033436091360846327,0.0034285921970664823,0.03368843809351436,0.5375,0.425,long,0.5375,0.016074555234720355
has_action&china_streak_3d,22,0.005360770837713191,0.006698328719728086,0.03490720493538172,0.6363636363636364,0.36363636363636365,long,0.6363636363636364,0.016000882559462054
has_iran&pre_deal,41,-0.004855487329356367,-0.005681847393880557,0.02744929880386687,0.4634146341463415,0.5121951219512195,short,0.5121951219512195,0.015924294162588948
has_china&tariff_only,22,0.0062154149214735084,0.010021088242050058,0.03173825758669428,0.5454545454545454,0.4090909090909091,long,0.5454545454545454,0.015901570964466025
has_russia&short_posts,134,0.002555259192604851,0.004029364290465631,0.03478836874977314,0.5298507462686567,0.44776119402985076,long,0.5298507462686567,0.015672594923241735
has_night_post&tariff_rising,25,-0.005595762911553845,-0.003976224174641274,0.029400045958111156,0.44,0.56,short,0.56,0.015668136152350767
has_positive&pre_tariff,62,-0.0035231914804177925,-0.003907507217913497,0.0255785778456657,0.3870967741935484,0.5645161290322581,short,0.5645161290322581,0.015660601791066712
pre_tariff&exclamation_heavy,62,-0.0035231914804177925,-0.003907507217913497,0.0255785778456657,0.3870967741935484,0.5645161290322581,short,0.5645161290322581,0.015660601791066712
has_exclamation&tariff_only,55,0.0038504487346126435,0.007721946088732556,0.029643004810570577,0.5454545454545454,0.43636363636363634,long,0.5454545454545454,0.015575832043785652
tariff_only,55,0.0038504487346126435,0.007721946088732556,0.029643004810570577,0.5454545454545454,0.43636363636363634,long,0.5454545454545454,0.015575832043785652
has_tariff&tariff_only,55,0.0038504487346126435,0.007721946088732556,0.029643004810570577,0.5454545454545454,0.43636363636363634,long,0.5454545454545454,0.015575832043785652
has_market_brag&pre_action,23,-0.007419252173322693,0.006504196304725207,0.03708184994286717,0.5217391304347826,0.43478260869565216,short,0.43478260869565216,0.015470210196620598
has_deal&pre_action,46,0.003659536781150455,0.01016038620672366,0.03606083094679482,0.6086956521739131,0.3695652173913043,long,0.6086956521739131,0.015107939325741329
has_uppercase_phrase,293,0.001758484293712478,0.0015576920886881673,0.03645275554548784,0.5017064846416383,0.46757679180887374,long,0.5017064846416383,0.015101567154820387
pre_tariff&tariff_only,21,-0.004919699608518939,-0.005006064594628712,0.029640281187509346,0.2857142857142857,0.6666666666666666,short,0.6666666666666666,0.015029930568321765
has_china&volume_drop,29,0.005302482784112353,0.008761155242720253,0.039035460404311016,0.5172413793103449,0.4482758620689655,long,0.5172413793103449,0.014769695006606083
posts_high&open_tariff,25,-0.006686089959788521,0.0035460462757337385,0.030408337654276956,0.52,0.44,short,0.44,0.014709397911534748
pre_tariff&lots_of_excl,61,-0.0033609011489303953,-0.0038387902611857205,0.02575864626078843,0.39344262295081966,0.5573770491803278,short,0.5573770491803278,0.014630856093645724
has_uppercase_phrase&has_exclamation,291,0.0017034813821925545,0.0015576920886881673,0.036563173712148074,0.5017182130584192,0.47079037800687284,long,0.5017182130584192,0.014579537682105445
open_deal&short_posts,45,0.004065962555627064,0.0029155541892085246,0.051285523897100095,0.5333333333333333,0.4444444444444444,long,0.5333333333333333,0.014546829869361415
has_action&has_all_caps,56,0.0036057972367212177,0.00756630671948888,0.04564552466239561,0.5357142857142857,0.44642857142857145,long,0.5357142857142857,0.01445534771355751
attack_heavy&brag_heavy,27,-0.005306175326256616,-0.0015923328721816343,0.025718582463347617,0.4074074074074074,0.5185185185185185,short,0.5185185185185185,0.014296434847247502
has_russia&uppercase_phrase_heavy,24,0.006938641110838713,-0.0007961664360908172,0.03873994530879886,0.4166666666666667,0.5,long,0.4166666666666667,0.01416344185821092
has_tariff&open_tariff,29,-0.005844442081569055,0.0035460462757337385,0.030241148323897474,0.5172413793103449,0.4482758620689655,short,0.4482758620689655,0.014108713434311061
open_tariff&has_exclamation,29,-0.005844442081569055,0.0035460462757337385,0.030241148323897474,0.5172413793103449,0.4482758620689655,short,0.4482758620689655,0.014108713434311061
open_tariff&exclamation_heavy,29,-0.005844442081569055,0.0035460462757337385,0.030241148323897474,0.5172413793103449,0.4482758620689655,short,0.4482758620689655,0.014108713434311061
open_tariff,29,-0.005844442081569055,0.0035460462757337385,0.030241148323897474,0.5172413793103449,0.4482758620689655,short,0.4482758620689655,0.014108713434311061
has_tariff&pre_tariff,63,-0.003193069279887294,-0.0038387902611857205,0.025506406787638155,0.3968253968253968,0.5555555555555556,short,0.5555555555555556,0.014080112055969795
pre_tariff,63,-0.003193069279887294,-0.0038387902611857205,0.025506406787638155,0.3968253968253968,0.5555555555555556,short,0.5555555555555556,0.014080112055969795
pre_tariff&has_exclamation,63,-0.003193069279887294,-0.0038387902611857205,0.025506406787638155,0.3968253968253968,0.5555555555555556,short,0.5555555555555556,0.014080112055969795
has_deal&has_iran,76,-0.003002701608760169,-0.001804046396996939,0.03065016250208979,0.42105263157894735,0.5263157894736842,short,0.5263157894736842,0.013777339863360613
has_deal&tariff_rising,22,-0.005870663615266159,-0.0017793327340817622,0.023831698386941682,0.45454545454545453,0.5,short,0.5,0.013767926570833193
has_relief&exclamation_heavy,86,0.0030766831387173373,-0.0007961664360908172,0.03978297519740045,0.47674418604651164,0.5,long,0.47674418604651164,0.013602458279762138
has_relief&has_night_post,86,0.0030766831387173373,-0.0007961664360908172,0.03978297519740045,0.47674418604651164,0.5,long,0.47674418604651164,0.013602458279762138
has_relief&positive_heavy,81,0.0031245459317042717,0.0,0.040631914449471195,0.48148148148148145,0.49382716049382713,long,0.48148148148148145,0.013539699037385177
has_attack&brag_heavy,33,-0.004320607608452371,-0.0015923328721816343,0.02528850799463633,0.3939393939393939,0.5454545454545454,short,0.5454545454545454,0.01353818240610736
positive_heavy&tariff_rising,26,-0.004918736964218086,-0.0037674448214023992,0.029012164030161543,0.46153846153846156,0.5384615384615384,short,0.5384615384615384,0.013505011564572853
has_night_post&has_all_caps,175,0.0019062290334630485,0.004709589684695814,0.037364300917217486,0.5314285714285715,0.44,long,0.5314285714285715,0.013401055448460144
has_attack&has_market_brag,130,0.0021609568819886344,0.003217254670266123,0.03108352265113415,0.5384615384615384,0.43846153846153846,long,0.5384615384615384,0.013266991939073915
has_tariff&attack_heavy,72,-0.003297649364600752,0.0,0.02651725548821023,0.4722222222222222,0.4722222222222222,short,0.4722222222222222,0.013213477956879972
has_all_caps&has_exclamation,179,0.001858745281175277,0.004622262130745014,0.036977107547298306,0.5251396648044693,0.441340782122905,long,0.5251396648044693,0.013059339645392184
has_all_caps,179,0.001858745281175277,0.004622262130745014,0.036977107547298306,0.5251396648044693,0.441340782122905,long,0.5251396648044693,0.013059339645392184
positive_heavy&open_tariff,27,-0.0056124974575904206,0.0035460462757337385,0.030694737871484242,0.5185185185185185,0.4444444444444444,short,0.4444444444444444,0.012961507671863678
positive_heavy&has_uppercase_phrase,236,0.001644638672298778,0.001571227142354803,0.03453056165254047,0.5042372881355932,0.4703389830508475,long,0.5042372881355932,0.012739766203359794
posts_high&has_all_caps,134,0.0020945265744832663,0.0039586110331002455,0.03687020940773094,0.5223880597014925,0.44776119402985076,long,0.5223880597014925,0.01266576761966025
deal_heavy&pre_action,27,0.003851552510569826,0.011494113910718973,0.04224574684166899,0.6296296296296297,0.3333333333333333,long,0.6296296296296297,0.01260093764639432
lots_of_excl&volume_spike,123,0.0019400014086069543,0.006535944229806301,0.03682465137245376,0.5853658536585366,0.3902439024390244,long,0.5853658536585366,0.012594530601741143
has_action&uppercase_phrase_heavy,27,0.00503383152885223,0.0,0.054387764681669136,0.48148148148148145,0.48148148148148145,long,0.48148148148148145,0.01259389728236493
has_russia&open_deal,34,0.003849918344737909,0.008915979782121441,0.04444739034627709,0.5588235294117647,0.4411764705882353,long,0.5588235294117647,0.012544855431698079
pre_action&short_posts,50,0.003127967282325135,0.006547904214265765,0.0378260786057171,0.56,0.44,long,0.56,0.01238611850930585
has_relief&has_positive,87,0.002797869141299276,-0.0015923328721816343,0.03963640927970643,0.47126436781609193,0.5057471264367817,long,0.47126436781609193,0.012298485366613526
posts_very_high&open_tariff,21,-0.0062599281296211355,0.0035460462757337385,0.03130981346053906,0.5238095238095238,0.42857142857142855,short,0.42857142857142855,0.012294254785273793
has_iran&deal_over_tariff,68,-0.0027557913347242458,-0.002476795940360099,0.03139206493435693,0.4117647058823529,0.5294117647058824,short,0.5294117647058824,0.012030796329066994
brag_heavy&has_china,20,-0.00595008084834458,0.0,0.02299749976790793,0.45,0.45,short,0.45,0.01197430672366629
pre_tariff&volume_spike,22,-0.005087546619398415,-0.0007961664360908172,0.023364491755024232,0.4090909090909091,0.5,short,0.5,0.011931354421231367
short_posts&tariff_only,20,0.004440003128029418,0.013634924175241259,0.031415915238609975,0.6,0.4,long,0.6,0.011913778577502579
posts_very_high&has_russia,120,0.002019507674942921,0.004084154203239376,0.03344844955169953,0.5333333333333333,0.43333333333333335,long,0.5333333333333333,0.011798719025291182
has_relief&has_uppercase_phrase,41,0.0035572472920352392,0.0015576920886881673,0.0421935154703256,0.5121951219512195,0.4634146341463415,long,0.5121951219512195,0.011666522522869203
positive_heavy&uppercase_phrase_heavy,40,0.004274893956218323,-0.0006757097310464144,0.0417701438466217,0.425,0.5,long,0.425,0.011490641408737323
has_china&uppercase_phrase_heavy,34,0.004168912586350097,-0.0006757097310464144,0.041241555596797104,0.47058823529411764,0.5,long,0.47058823529411764,0.011439401762269423
has_positive&has_uppercase_phrase,283,0.0013728321053755191,0.0,0.03496974884775634,0.49469964664310956,0.4734982332155477,long,0.49469964664310956,0.011424895727567051
has_attack&pre_action,60,0.0024216667639243832,0.007842569724539672,0.03790624819771791,0.6,0.38333333333333336,long,0.6,0.011254890056091774
has_deal&pre_relief,26,0.0043856989506717865,0.0009487321400745152,0.03170570190322893,0.5,0.4230769230769231,long,0.5,0.011181382265109419
open_tariff&lots_of_excl,28,-0.0048990999040374105,0.004456345810592621,0.030356582010335097,0.5357142857142857,0.42857142857142855,short,0.42857142857142855,0.011110114280694333
has_positive&open_tariff,28,-0.0048990999040374105,0.004456345810592621,0.030356582010335097,0.5357142857142857,0.42857142857142855,short,0.42857142857142855,0.011110114280694333
has_all_caps&china_streak_3d,20,0.004932603906042343,0.008090623550064513,0.03958485229279018,0.5,0.45,long,0.5,0.011029637639991666
attack_heavy&has_china,145,0.0016792244049389803,0.004709589684695814,0.031753152479438884,0.5448275862068965,0.43448275862068964,long,0.5448275862068965,0.011016707722731217
posts_high&tariff_only,28,0.003604915009830948,0.007128945159269429,0.027928790868829982,0.5714285714285714,0.39285714285714285,long,0.5714285714285714,0.01090023841547046
posts_low&has_night_post,94,0.0019315701213874338,0.0061796123830144545,0.04806475301473858,0.574468085106383,0.39361702127659576,long,0.574468085106383,0.010758217293923452
attack_heavy&pre_relief,25,-0.004134769293464324,-0.0015923328721816343,0.032973700173644684,0.4,0.52,short,0.52,0.010750400163007243
lots_of_excl&tariff_rising,28,-0.0040544473938491565,-0.0017793327340817622,0.02816465534114156,0.4642857142857143,0.5,short,0.5,0.010727059507918819
has_positive&tariff_rising,28,-0.0040544473938491565,-0.0017793327340817622,0.02816465534114156,0.4642857142857143,0.5,short,0.5,0.010727059507918819
has_tariff&tariff_rising,28,-0.0040544473938491565,-0.0017793327340817622,0.02816465534114156,0.4642857142857143,0.5,short,0.5,0.010727059507918819
has_exclamation&tariff_rising,28,-0.0040544473938491565,-0.0017793327340817622,0.02816465534114156,0.4642857142857143,0.5,short,0.5,0.010727059507918819
exclamation_heavy&tariff_rising,28,-0.0040544473938491565,-0.0017793327340817622,0.02816465534114156,0.4642857142857143,0.5,short,0.5,0.010727059507918819
tariff_rising,28,-0.0040544473938491565,-0.0017793327340817622,0.02816465534114156,0.4642857142857143,0.5,short,0.5,0.010727059507918819
has_relief&has_exclamation,88,0.002444462331268473,-0.001607825344433489,0.03954715961510565,0.4659090909090909,0.5113636363636364,long,0.4659090909090909,0.010683802962680249
has_relief,88,0.002444462331268473,-0.001607825344433489,0.03954715961510565,0.4659090909090909,0.5113636363636364,long,0.4659090909090909,0.010683802962680249
has_attack&tariff_only,44,0.0029509067178929527,0.007128945159269429,0.028223239191984325,0.5454545454545454,0.4318181818181818,long,0.5454545454545454,0.010676782226825514
has_relief&lots_of_excl,83,0.0024865415325376226,-0.0015923328721816343,0.04018859886205761,0.46987951807228917,0.5060240963855421,long,0.46987951807228917,0.010644402258852284
has_iran&short_posts,49,-0.0029592364385961187,-0.0016721803030114168,0.03400923730905081,0.46938775510204084,0.5102040816326531,short,0.5102040816326531,0.01056870156641471
positive_heavy&volume_spike,119,0.0016918899700489856,0.006504196304725207,0.03741386123415411,0.5714285714285714,0.40336134453781514,long,0.5714285714285714,0.01054648035023087
posts_very_high&has_tariff,59,-0.0028806495029564585,0.0,0.02949855437824549,0.4576271186440678,0.4745762711864407,short,0.4745762711864407,0.01050080140780588
pre_action,84,0.00191890737224213,0.007180709564061694,0.03489327422082832,0.5952380952380952,0.39285714285714285,long,0.5952380952380952,0.010468497958224241
has_action&pre_action,84,0.00191890737224213,0.007180709564061694,0.03489327422082832,0.5952380952380952,0.39285714285714285,long,0.5952380952380952,0.010468497958224241
pre_action&has_all_caps,30,0.0038154508816917363,0.0056961677113172016,0.045270631649092834,0.5,0.4666666666666667,long,0.5,0.010449042574777695
posts_very_high&pre_action,47,0.002595292607609617,0.006756702458266428,0.03959590610540391,0.574468085106383,0.40425531914893614,long,0.574468085106383,0.010221183021875186
has_iran&has_russia,57,0.0025686561068606747,0.004709589684695814,0.03071494218607779,0.5263157894736842,0.42105263157894735,long,0.5263157894736842,0.010206804383129065
deal_heavy&pre_relief,20,0.004554160448779293,0.0009487321400745152,0.03526541195301084,0.5,0.45,long,0.5,0.010183412343911449
has_russia&pre_tariff,32,-0.0035274102241582873,-0.0007961664360908172,0.02275581300579792,0.40625,0.5,short,0.5,0.009977022758116339
high_emotion,68,-0.002354480994553417,-0.0006757097310464144,0.052236195929584874,0.4852941176470588,0.5,short,0.5,0.009707773834053059
deal_heavy&pre_tariff,26,-0.004124159915755368,0.0,0.022020476262416582,0.46153846153846156,0.46153846153846156,short,0.46153846153846156,0.009705771640437136
has_china&pre_tariff,38,-0.002978236100080879,-0.001511386967256556,0.02776291943605098,0.42105263157894735,0.5263157894736842,short,0.5263157894736842,0.0096626738523612
has_action&pre_deal,53,0.002253784257807907,0.011494113910718973,0.03451930048043944,0.5849056603773585,0.39622641509433965,long,0.5849056603773585,0.00959701337680632
has_china&pre_deal,84,0.001803416009212432,0.005009669705483444,0.030113295978152113,0.5714285714285714,0.39285714285714285,long,0.5714285714285714,0.009444903281955597
open_deal&volume_spike,25,0.0029328285631686412,0.008928436990812916,0.04075837338031166,0.64,0.36,long,0.64,0.009385051402139653
posts_very_high&pre_tariff,26,-0.003395130293904164,-0.001511386967256556,0.024444129440136284,0.34615384615384615,0.5384615384615384,short,0.5384615384615384,0.00932175764143472
has_night_post&sig_potus,61,-0.0024922082251278076,0.0,0.03292245905448272,0.47540983606557374,0.47540983606557374,short,0.47540983606557374,0.00925374239336548
has_tariff&has_deal,84,-0.002215649876506741,0.000609747009984507,0.025896591499429404,0.5,0.4523809523809524,short,0.4523809523809524,0.009186394389505822
pre_action&has_night_post,83,0.0017068120895014003,0.006756702458266428,0.035050875450301396,0.5903614457831325,0.39759036144578314,long,0.5903614457831325,0.00918000133133334
pre_action&has_exclamation,83,0.0017068120895014003,0.006756702458266428,0.035050875450301396,0.5903614457831325,0.39759036144578314,long,0.5903614457831325,0.00918000133133334
has_positive&pre_action,81,0.0016645300916896862,0.006756702458266428,0.035412913056042876,0.5925925925925926,0.3950617283950617,long,0.5925925925925926,0.008877493822344993
posts_very_high&has_market_brag,61,-0.0024669904947644565,0.0,0.03247424512979523,0.4918032786885246,0.45901639344262296,short,0.45901639344262296,0.008844241441665067
has_market_brag&short_posts,80,0.0019725188088969697,0.0013927271412035314,0.03313314542179535,0.5,0.4875,long,0.5,0.008821372287181084
has_uppercase_phrase&lots_of_excl,266,0.0010952248085752852,0.0,0.03500791240216118,0.48872180451127817,0.4849624060150376,long,0.48872180451127817,0.00872983040432618
attack_heavy&has_uppercase_phrase,149,0.001364849975728617,0.0035460462757337385,0.03430332159737333,0.5234899328859061,0.4429530201342282,long,0.5234899328859061,0.008721403601324862
has_china&has_iran,45,-0.00250501329514508,-0.001769885090649903,0.033010073490816826,0.4444444444444444,0.5111111111111111,short,0.5111111111111111,0.008588782685810552
has_tariff&deal_heavy,58,-0.0028020734612178902,0.0034285921970664823,0.02689537480297756,0.5344827586206896,0.39655172413793105,short,0.39655172413793105,0.0084623962284786
positive_heavy&tariff_only,40,0.0025297509242170114,0.00406035321291387,0.02720603900118846,0.525,0.45,long,0.525,0.008399763575113855
has_china&pre_action,46,0.002004210859123069,0.00849649012086573,0.038625113278265476,0.6086956521739131,0.3695652173913043,long,0.6086956521739131,0.008274133549247782
sig_potus&has_exclamation,62,-0.0022203559304984255,0.0,0.03272157815444028,0.4838709677419355,0.46774193548387094,short,0.46774193548387094,0.00817757906960886
sig_potus,62,-0.0022203559304984255,0.0,0.03272157815444028,0.4838709677419355,0.46774193548387094,short,0.46774193548387094,0.00817757906960886
has_night_post&has_uppercase_phrase,276,0.0009906784189499774,0.0,0.03666235499839224,0.4927536231884058,0.48188405797101447,long,0.4927536231884058,0.008109929328728878
has_tariff&has_night_post,129,-0.0014383332330350337,0.0,0.027158932210378683,0.4883720930232558,0.4806201550387597,short,0.4806201550387597,0.007851567151468553
attack_heavy&sig_potus,33,-0.0027855763278574583,0.0,0.02590946176734864,0.42424242424242425,0.48484848484848486,short,0.48484848484848486,0.0077585055622257084
has_market_brag&has_iran,27,-0.00333575157052332,0.0,0.026106283610203226,0.48148148148148145,0.4444444444444444,short,0.4444444444444444,0.007703588268765424
has_deal&pre_tariff,42,-0.0023297541155714715,-0.0007961664360908172,0.02351487644477729,0.4523809523809524,0.5,short,0.5,0.007549266157033623
has_relief&has_all_caps,25,0.0026807090854472416,0.0018974642801490305,0.04404446473397533,0.56,0.4,long,0.56,0.007505985439252277
posts_high&has_iran,76,-0.0016496935837918135,-0.00172103269683066,0.03134276929772505,0.4605263157894737,0.5131578947368421,short,0.5131578947368421,0.007380080451649542
has_china&has_russia,118,0.0012692691390036941,0.004084154203239376,0.03472567848338243,0.5338983050847458,0.4491525423728814,long,0.5338983050847458,0.007361278801685296
posts_high&has_tariff,94,-0.0016858707432105813,0.0014021281079952264,0.02726378187808959,0.5106382978723404,0.44680851063829785,short,0.44680851063829785,0.007303140192572683
pre_deal&has_all_caps,45,-0.0027199484712476475,0.004709589684695814,0.029771582393128996,0.5555555555555556,0.4,short,0.4,0.007298387612407648
has_uppercase_phrase&exclamation_heavy,276,0.0008924487390542898,0.0,0.03500118497053692,0.4891304347826087,0.4855072463768116,long,0.4891304347826087,0.007252078688079955
attack_heavy&pre_deal,90,0.0013382329336656396,0.005238885915810343,0.030601359330366378,0.5666666666666667,0.4,long,0.5666666666666667,0.007194168987395156
has_action&has_iran,37,0.0020226795597122244,0.011494113910718973,0.03611282125311821,0.5675675675675675,0.43243243243243246,long,0.5675675675675675,0.006983055896458648
exclamation_heavy&tariff_only,52,0.001860651666893051,0.00406035321291387,0.0281088573489601,0.5192307692307693,0.46153846153846156,long,0.5192307692307693,0.006966700951943532
has_china&volume_spike,67,0.0015188580763725627,0.0035460462757337385,0.032489344434631154,0.5522388059701493,0.417910447761194,long,0.5522388059701493,0.0068656477481213365
has_tariff&pre_deal,55,-0.0021778357429413074,0.003311138118399226,0.027101186073890563,0.5454545454545454,0.41818181818181815,short,0.41818181818181815,0.006754164168449385
has_tariff&open_deal,21,-0.004389969316463627,0.0053097497262710736,0.02886982496346212,0.6190476190476191,0.3333333333333333,short,0.3333333333333333,0.006705788897076039
posts_high&sig_potus,44,-0.0021857870733127493,0.0,0.03282315649625501,0.4772727272727273,0.45454545454545453,short,0.45454545454545453,0.006590395994352218
has_iran&has_all_caps,25,-0.002976209273883126,0.004622262130745014,0.034416826126288436,0.52,0.44,short,0.44,0.006547660402542877
positive_heavy&pre_action,67,0.0013654130293534693,0.006756702458266428,0.03671975857017512,0.582089552238806,0.40298507462686567,long,0.582089552238806,0.006505658293405941
has_positive&sig_potus,59,-0.0018092212992824436,0.0,0.03341652904738587,0.4915254237288136,0.4576271186440678,short,0.4576271186440678,0.006359594868276098
has_tariff&has_all_caps,41,-0.002257516545108938,0.0,0.02842245506618656,0.4634146341463415,0.43902439024390244,short,0.43902439024390244,0.006346167324757773
has_russia&has_all_caps,68,0.0014932793926320798,0.0030899771097165907,0.03358817438735996,0.5147058823529411,0.4411764705882353,long,0.5147058823529411,0.006338035389803199
attack_heavy&pre_action,45,0.001615514463037663,0.011392335422634403,0.03821379676496572,0.5777777777777777,0.4,long,0.5777777777777777,0.0062614936071762285
has_market_brag&deal_only,51,0.0014492234896192804,0.006504196304725207,0.03306634091635452,0.5686274509803921,0.4117647058823529,long,0.5686274509803921,0.005885024490476409
deal_over_tariff&volume_drop,29,-0.00209876811834028,-0.003073774891512615,0.03498341984992075,0.4482758620689655,0.5172413793103449,short,0.5172413793103449,0.005845971832356196
posts_very_high&pre_deal,75,0.0011888550219155648,0.004709589684695814,0.03489348257392825,0.56,0.41333333333333333,long,0.56,0.005765640442215275
has_relief&attack_heavy,47,0.0017147768347718457,0.0,0.03725407000355545,0.48936170212765956,0.46808510638297873,long,0.48936170212765956,0.005752895893769982
posts_high&has_market_brag,103,-0.0011742590240906379,0.0,0.030937563749474584,0.49514563106796117,0.47572815533980584,short,0.47572815533980584,0.005669455803267164
has_market_brag&has_night_post,146,0.0008747934492301775,0.003084928471338233,0.030207458205354566,0.5205479452054794,0.4520547945205479,long,0.5205479452054794,0.005502279995191903
has_market_brag&has_all_caps,54,-0.0017103397895877439,0.0016474799677277385,0.03225154241269205,0.5,0.42592592592592593,short,0.42592592592592593,0.005353198596621651
has_iran&volume_spike,38,-0.0017972484094203425,0.002311131065372507,0.047833702866668416,0.5,0.47368421052631576,short,0.47368421052631576,0.0052479394398210685
posts_low&volume_spike,38,0.0015019521573051713,0.020556618726827347,0.06489802579154885,0.5526315789473685,0.42105263157894735,long,0.5526315789473685,0.005116625081997649
has_russia&tariff_only,23,0.002036902654944683,0.0015847621960214386,0.028394670317365867,0.5217391304347826,0.43478260869565216,long,0.5217391304347826,0.005096682763045085
pre_deal&has_uppercase_phrase,69,0.0010994489203223759,0.004709589684695814,0.031035454287114253,0.5507246376811594,0.42028985507246375,long,0.5507246376811594,0.00502960765549501
has_all_caps&has_uppercase_phrase,131,0.0008591298264168248,0.0015576920886881673,0.03936156679586861,0.5038167938931297,0.4580152671755725,long,0.5038167938931297,0.004954126415956562
uppercase_phrase_heavy,45,0.0017412237683814193,-0.0013514194620928288,0.044391774145081164,0.4222222222222222,0.5111111111111111,long,0.4222222222222222,0.004931759966176324
uppercase_phrase_heavy&lots_of_excl,45,0.0017412237683814193,-0.0013514194620928288,0.044391774145081164,0.4222222222222222,0.5111111111111111,long,0.4222222222222222,0.004931759966176324
has_uppercase_phrase&uppercase_phrase_heavy,45,0.0017412237683814193,-0.0013514194620928288,0.044391774145081164,0.4222222222222222,0.5111111111111111,long,0.4222222222222222,0.004931759966176324
has_positive&uppercase_phrase_heavy,45,0.0017412237683814193,-0.0013514194620928288,0.044391774145081164,0.4222222222222222,0.5111111111111111,long,0.4222222222222222,0.004931759966176324
uppercase_phrase_heavy&exclamation_heavy,45,0.0017412237683814193,-0.0013514194620928288,0.044391774145081164,0.4222222222222222,0.5111111111111111,long,0.4222222222222222,0.004931759966176324
has_night_post&uppercase_phrase_heavy,45,0.0017412237683814193,-0.0013514194620928288,0.044391774145081164,0.4222222222222222,0.5111111111111111,long,0.4222222222222222,0.004931759966176324
uppercase_phrase_heavy&has_exclamation,45,0.0017412237683814193,-0.0013514194620928288,0.044391774145081164,0.4222222222222222,0.5111111111111111,long,0.4222222222222222,0.004931759966176324
has_market_brag,165,0.0007200832472243114,0.003030307537599697,0.030953377141972074,0.5212121212121212,0.4484848484848485,long,0.5212121212121212,0.004821022809983736
has_market_brag&has_exclamation,165,0.0007200832472243114,0.003030307537599697,0.030953377141972074,0.5212121212121212,0.4484848484848485,long,0.5212121212121212,0.004821022809983736
posts_high&uppercase_phrase_heavy,42,0.0016983147069021317,-0.0006757097310464144,0.04513419469233015,0.42857142857142855,0.5,long,0.42857142857142855,0.004717001674167969
has_china&has_uppercase_phrase,130,0.0008244760563333436,0.0009487321400745152,0.0382181239429464,0.5,0.46923076923076923,long,0.5,0.004700236690069654
pre_action&exclamation_heavy,79,0.0009061307337171391,0.006756702458266428,0.03541080790740114,0.5822784810126582,0.4050632911392405,long,0.5822784810126582,0.00468959293574692
has_positive&high_emotion,24,-0.00174665995743153,-0.0038552906576191925,0.025840497833724003,0.4166666666666667,0.5416666666666666,short,0.5416666666666666,0.004634961120680187
has_attack&sig_potus,52,0.001271866541641428,0.000609747009984507,0.027897142557630365,0.5,0.4423076923076923,long,0.5,0.004585780031435224
has_night_post&tariff_only,51,0.0012289544936338963,0.0015847621960214386,0.028083304631840257,0.5098039215686274,0.47058823529411764,long,0.5098039215686274,0.004474289304191909
has_tariff&has_attack,113,-0.0009637335952712345,0.003294959935455477,0.027034822951116505,0.5309734513274337,0.4336283185840708,short,0.4336283185840708,0.00444236109270661
attack_heavy&pre_tariff,33,-0.0014766584550539854,-0.0014304410623314778,0.021244614142709953,0.3939393939393939,0.5151515151515151,short,0.5151515151515151,0.00436990512255032
has_market_brag&has_china,72,-0.001219223638759281,0.00304020710893127,0.03517995905901324,0.5277777777777778,0.4166666666666667,short,0.4166666666666667,0.0043106065137481255
has_russia&sig_potus,36,-0.0015123972390012495,0.0,0.029015371443735085,0.4722222222222222,0.4722222222222222,short,0.4722222222222222,0.00428512551050354
attack_heavy&uppercase_phrase_heavy,35,-0.0014056017465264097,-0.0014304410623314778,0.033746663530998734,0.4,0.5142857142857142,short,0.5142857142857142,0.004276621067510264
attack_heavy&has_market_brag,76,-0.0010343379381498187,0.0016474799677277385,0.030885877746401846,0.5,0.4605263157894737,short,0.4605263157894737,0.004152634450139077
sig_potus&lots_of_excl,56,-0.0011751771192882276,0.0,0.0319587557921403,0.48214285714285715,0.4642857142857143,short,0.4642857142857143,0.0040830308527844816
attack_heavy&has_iran,51,-0.0012120674998661535,0.0,0.027862797871807576,0.49019607843137253,0.47058823529411764,short,0.47058823529411764,0.004073361553344473
posts_very_high&uppercase_phrase_heavy,38,0.001476366804290372,-0.0007152205311657389,0.0474249339524637,0.4473684210526316,0.5,long,0.4473684210526316,0.00407147145873853
has_attack&tariff_rising,21,-0.002013051276032801,0.010186675425841507,0.030628463942161652,0.5714285714285714,0.42857142857142855,short,0.42857142857142855,0.00395355422153475
has_market_brag&pre_deal,39,0.0010570990250252626,0.005050530183293045,0.02476517848657865,0.5641025641025641,0.358974358974359,long,0.5641025641025641,0.0037239689358619637
posts_low&has_attack,27,0.0013719833321418926,0.003120253673646989,0.02808829217539211,0.5185185185185185,0.4074074074074074,long,0.5185185185185185,0.0036965364153004067
has_tariff&has_china,84,-0.0008783981093460492,0.000609747009984507,0.02847484557703122,0.5,0.4523809523809524,short,0.4523809523809524,0.003641961461966808
pre_relief,43,-0.0010202702509400764,-0.002865343875835258,0.034034561588596766,0.4186046511627907,0.5348837209302325,short,0.5348837209302325,0.003578564356288737
pre_relief&has_exclamation,43,-0.0010202702509400764,-0.002865343875835258,0.034034561588596766,0.4186046511627907,0.5348837209302325,short,0.5348837209302325,0.003578564356288737
has_relief&pre_relief,43,-0.0010202702509400764,-0.002865343875835258,0.034034561588596766,0.4186046511627907,0.5348837209302325,short,0.5348837209302325,0.003578564356288737
has_attack&pre_relief,36,0.0013212303668926494,-0.0007961664360908172,0.03498494191189388,0.4444444444444444,0.5,long,0.4444444444444444,0.0035232809783803977
has_tariff&exclamation_heavy,136,-0.000657063992265644,0.0014021281079952264,0.026734878278913337,0.5073529411764706,0.45588235294117646,short,0.45588235294117646,0.0034932518956710358
has_tariff&deal_over_tariff,44,-0.0014338270152125041,0.005333399606810008,0.02865830835150115,0.5681818181818182,0.36363636363636365,short,0.36363636363636365,0.003458520889989149
has_tariff&positive_heavy,117,-0.0006935114321559155,0.001968432611006099,0.026940710563648843,0.5213675213675214,0.4444444444444444,short,0.4444444444444444,0.0033339880383448255
deal_only&volume_drop,28,-0.0012170854526256975,-0.0015368874457563075,0.035295729871194885,0.4642857142857143,0.5,short,0.5,0.00322010543196208
sig_potus&exclamation_heavy,61,-0.0008924380157723779,0.0,0.0312633310563624,0.4918032786885246,0.45901639344262296,short,0.45901639344262296,0.003199419414043997
pre_tariff&deal_over_tariff,20,-0.001583627618496708,0.0,0.02001404607292046,0.45,0.45,short,0.45,0.0031869891054042685
posts_high&pre_action,62,0.0007306503458963557,0.00614806853716221,0.036934998042407775,0.5483870967741935,0.43548387096774194,long,0.5483870967741935,0.0031549513485333897
uppercase_phrase_heavy&short_posts,31,0.0014487261404670829,-0.0015923328721816343,0.05237462965521332,0.3870967741935484,0.5806451612903226,long,0.3870967741935484,0.0031223867521520915
attack_heavy&has_all_caps,102,0.0005673836054310144,0.0025962121078022538,0.03154045276548136,0.5196078431372549,0.4411764705882353,long,0.5196078431372549,0.0029775054590666585
deal_heavy&has_market_brag,36,-0.0011331646530087873,0.0,0.024441960730694746,0.4722222222222222,0.4166666666666667,short,0.4166666666666667,0.0028329116325219684
short_posts&volume_spike,92,0.0005153344781491581,0.006982079771006067,0.04874858217231003,0.5652173913043478,0.43478260869565216,long,0.5652173913043478,0.002793821335621682
has_iran&deal_only,57,-0.0006884067278083595,-0.0018382077033439748,0.0315905436156414,0.42105263157894735,0.5263157894736842,short,0.5263157894736842,0.002735450957410321
has_tariff&lots_of_excl,132,0.00045595340079175974,0.0017765974035137688,0.02757856829912535,0.5151515151515151,0.44696969696969696,long,0.5151515151515151,0.002698624173985184
has_market_brag&volume_spike,36,0.0007291744158110883,0.00806794703727931,0.030964968973846395,0.6111111111111112,0.3611111111111111,long,0.6111111111111112,0.0026736395246406575
pre_action&has_uppercase_phrase,43,0.0007450303670159156,0.008064543250918543,0.04181037097199852,0.5348837209302325,0.4418604651162791,long,0.5348837209302325,0.002613169513958966
posts_high&pre_relief,33,0.0009137008444460186,0.0,0.03594635027110565,0.45454545454545453,0.48484848484848486,long,0.45454545454545453,0.0023858235186885687
posts_very_high&has_uppercase_phrase,139,0.00039805700606879895,0.0,0.03855174952741766,0.4892086330935252,0.48201438848920863,long,0.4892086330935252,0.0022958673123179363
positive_heavy&has_market_brag,136,-0.0004317553834239006,0.0029078809100033798,0.03044407889751897,0.5147058823529411,0.45588235294117646,short,0.45588235294117646,0.0022954085589306714
has_action&has_market_brag,42,-0.0008185404678426745,0.0077163166477690615,0.03226999319924328,0.5476190476190477,0.42857142857142855,short,0.42857142857142855,0.0022734636528179276
positive_heavy&sig_potus,52,0.0006253116297808195,0.0,0.028279881159738507,0.4807692307692308,0.46153846153846156,long,0.4807692307692308,0.0021678780233833654
has_tariff&has_market_brag,35,0.000706808657720808,0.0015847621960214386,0.022350247731169764,0.5142857142857142,0.37142857142857144,long,0.5142857142857142,0.0021505044396660936
posts_low&high_emotion,58,0.0004875260801597491,0.008062279255519167,0.055819604207359805,0.5517241379310345,0.43103448275862066,long,0.5517241379310345,0.0020484899363795144
has_deal&volume_drop,32,-0.0007488108538204856,0.0,0.0336295290456586,0.46875,0.46875,short,0.46875,0.0019855846221095773
has_all_caps&uppercase_phrase_heavy,37,0.0007653172907704658,-0.0013514194620928288,0.04750260705324553,0.40540540540540543,0.5135135135135135,long,0.40540540540540543,0.0018872608135491638
pre_action&lots_of_excl,74,0.0003821940693283997,0.006421651137495155,0.03582722764609579,0.5675675675675675,0.4189189189189189,long,0.5675675675675675,0.0018660246402553572
has_tariff&has_positive,137,0.00029707742099693927,0.001968432611006099,0.027518161222877886,0.5182481751824818,0.44525547445255476,long,0.5182481751824818,0.0018020536239007163
has_relief&pre_deal,29,0.0006372301389227681,0.0015576920886881673,0.04471871190237756,0.5172413793103449,0.4482758620689655,long,0.5172413793103449,0.0017749599921580974
has_night_post&volume_spike,140,-0.0003394685984007495,0.006421651137495155,0.042505464932530365,0.5642857142857143,0.40714285714285714,short,0.40714285714285714,0.0016353489826251815
has_positive&has_market_brag,160,-0.000259104943684059,0.0021851082392142507,0.03069774954914341,0.50625,0.4625,short,0.4625,0.0015158192838448787
posts_very_high&pre_relief,24,-0.0006025794744435597,-0.0007961664360908172,0.040528437103303026,0.4583333333333333,0.5,short,0.5,0.0014760122418611776
pre_relief&has_night_post,42,-0.00037070692021456964,-0.002228838374008446,0.034176281867560915,0.42857142857142855,0.5238095238095238,short,0.5238095238095238,0.0012584290321512367
has_positive&pre_relief,42,-0.00037070692021456964,-0.002228838374008446,0.034176281867560915,0.42857142857142855,0.5238095238095238,short,0.5238095238095238,0.0012584290321512367
pre_relief&exclamation_heavy,42,-0.00037070692021456964,-0.002228838374008446,0.034176281867560915,0.42857142857142855,0.5238095238095238,short,0.5238095238095238,0.0012584290321512367
positive_heavy&pre_relief,42,-0.00037070692021456964,-0.002228838374008446,0.034176281867560915,0.42857142857142855,0.5238095238095238,short,0.5238095238095238,0.0012584290321512367
has_market_brag&has_russia,57,0.0002965545178131954,0.0015847621960214386,0.030972111843792713,0.5087719298245614,0.45614035087719296,long,0.5087719298245614,0.001139108557984458
has_tariff&has_exclamation,139,0.00018460496961963425,0.001968432611006099,0.02749648850322888,0.5179856115107914,0.4460431654676259,long,0.5179856115107914,0.0011273752194860239
has_tariff,139,0.00018460496961963425,0.001968432611006099,0.02749648850322888,0.5179856115107914,0.4460431654676259,long,0.5179856115107914,0.0011273752194860239
has_iran&open_deal,23,-0.0004622218750830561,0.008928436990812916,0.04281861491585797,0.5652173913043478,0.43478260869565216,short,0.43478260869565216,0.0009637992344730585
has_exclamation&volume_spike,140,0.00012861911143478011,0.006421651137495155,0.04246664630351535,0.5642857142857143,0.40714285714285714,long,0.5642857142857143,0.0008587536152211943
has_russia&has_uppercase_phrase,116,0.0001595973734047265,0.0,0.03654970268525558,0.49137931034482757,0.4827586206896552,long,0.49137931034482757,0.0008446399144569574
has_relief&has_china,35,-0.00027264867143694804,-0.0015923328721816343,0.041882726322033006,0.4857142857142857,0.5142857142857142,short,0.5142857142857142,0.0008295486649596503
has_market_brag&lots_of_excl,155,-0.00013915677805314284,0.0016472933584545935,0.030946338004609518,0.5096774193548387,0.45806451612903226,short,0.45806451612903226,0.0007935912385485636
pre_relief&has_uppercase_phrase,20,-0.0003146880498639093,-0.0007961664360908172,0.04325012654935297,0.45,0.5,short,0.5,0.0007036638712025447
has_tariff&has_russia,64,-0.00020641999474420476,0.0017765974035137688,0.027346509853164808,0.53125,0.421875,short,0.421875,0.0006966674822616911
deal_heavy&has_iran,43,-0.000202879619802027,0.0,0.03317582992850058,0.4883720930232558,0.4883720930232558,short,0.4883720930232558,0.0006497158913580616
has_tariff&short_posts,40,-0.00019216792638952206,0.003264621873120044,0.030055139475161537,0.525,0.45,short,0.45,0.0005469195065602205
has_deal&has_market_brag,76,-0.00014859737817867437,0.0037389549324090554,0.02956596091485427,0.5263157894736842,0.40789473684210525,short,0.40789473684210525,0.0005284039367745807
attack_heavy&tariff_only,24,0.0002525186798875238,-0.0017325928344636976,0.02473251734731979,0.4166666666666667,0.5416666666666666,long,0.4166666666666667,0.0005154515968713653
pre_relief&lots_of_excl,41,-0.00015180121681070914,-0.0015923328721816343,0.03457102478901429,0.43902439024390244,0.5121951219512195,short,0.5121951219512195,0.0004978547088605234
has_market_brag&exclamation_heavy,162,6.037683160441138e-05,0.002216373820430828,0.030659611620363295,0.5123456790123457,0.4567901234567901,long,0.5123456790123457,0.00039372310727612403
posts_low&exclamation_heavy,35,-0.00014633705093803747,0.0031947111495245206,0.030796501655767024,0.5142857142857142,0.4,short,0.4,0.0003462966674291769
has_china&sig_potus,27,-0.00014578431797587058,0.0,0.026869103018382457,0.48148148148148145,0.4444444444444444,short,0.4444444444444444,0.0003366744609079795
pre_tariff&pre_deal,32,-0.00011991298921013374,0.000609747009984507,0.023029663750123858,0.5,0.46875,short,0.46875,0.0003179673293356308
posts_very_high&has_iran,55,-7.525664668107971e-05,0.0,0.03215196883612878,0.4727272727272727,0.4909090909090909,short,0.4909090909090909,0.0002739853125458752
pre_deal&pre_action,33,-0.00013136248276017715,0.01252220983797181,0.03238346819848153,0.6363636363636364,0.3333333333333333,short,0.3333333333333333,0.00025154000387353644
pre_deal&volume_spike,46,-8.160383290915e-05,0.00445154788154134,0.0264290685762638,0.5652173913043478,0.391304347826087,short,0.391304347826087,0.00021657291756952405
has_market_brag&deal_over_tariff,67,3.2104377485454634e-05,0.004709589684695814,0.031195822279185194,0.5373134328358209,0.40298507462686567,long,0.5373134328358209,0.00014119826251691046
