event,n,mean_ret,median_ret,std,hit_up,hit_down,direction,directional_hit,score
has_uppercase_phrase&deal_over_tariff,94,0.008591205833224013,0.00652864394223851,0.03197055594498309,0.648936170212766,0.35106382978723405,long,0.648936170212766,0.054053028586955335
has_deal&has_attack,264,0.00523839724448768,0.004022201674384829,0.027350070928308937,0.6060606060606061,0.3939393939393939,long,0.6060606060606061,0.05158417017328134
deal_heavy&pre_deal,95,0.008388371836712987,0.005586606430264318,0.030557827727442397,0.6210526315789474,0.37894736842105264,long,0.6210526315789474,0.05077709869087901
has_iran&pre_deal,40,0.012137885689557426,0.005392908738867108,0.03526813391618053,0.65,0.35,long,0.65,0.049898374185094393
has_attack&deal_over_tariff,187,0.005873937817845021,0.005561870457397644,0.02774133696507923,0.6203208556149733,0.37967914438502676,long,0.6203208556149733,0.04982720546783966
deal_heavy&deal_over_tariff,120,0.00723864113614638,0.005650411754607454,0.029329076271103774,0.625,0.375,long,0.625,0.04955958794940246
has_attack&pre_deal,128,0.007003663534120788,0.005391893874409637,0.02862816202771004,0.625,0.375,long,0.625,0.04952337978125751
lots_of_excl&deal_over_tariff,225,0.0054222045079368245,0.005121639250909249,0.02654811092551064,0.6088888888888889,0.39111111111111113,long,0.6088888888888889,0.049522801172489674
has_positive&deal_over_tariff,235,0.005187968474947789,0.005121639250909249,0.026623781578889373,0.6127659574468085,0.3872340425531915,long,0.6127659574468085,0.04873330768787563
has_attack&has_iran,91,0.008561473733696048,0.0036901264644610965,0.030373894070253486,0.5934065934065934,0.4065934065934066,long,0.5934065934065934,0.04846426071314339
positive_heavy&deal_over_tariff,193,0.005606770554761358,0.005121639250909249,0.02734501970342006,0.616580310880829,0.38341968911917096,long,0.616580310880829,0.04802651689819953
exclamation_heavy&deal_over_tariff,240,0.005091862116160794,0.005057863301189847,0.026100431664453343,0.6083333333333333,0.39166666666666666,long,0.6083333333333333,0.04798702979754967
has_deal&has_positive,338,0.004415383492321038,0.003917669293503456,0.02682416643679153,0.5887573964497042,0.41124260355029585,long,0.5887573964497042,0.04779287493714692
posts_very_high&pre_deal,73,0.00919046161398703,0.00396042521454798,0.03239618557298554,0.6027397260273972,0.3972602739726027,long,0.6027397260273972,0.04732913550477391
deal_over_tariff,249,0.004938384348771337,0.004994087351470444,0.026387506682249495,0.606425702811245,0.39357429718875503,long,0.606425702811245,0.0472565661954266
has_deal&deal_over_tariff,249,0.004938384348771337,0.004994087351470444,0.026387506682249495,0.606425702811245,0.39357429718875503,long,0.606425702811245,0.0472565661954266
has_deal,352,0.004269558896692737,0.0038836354828155617,0.02664642698244213,0.5852272727272727,0.4147727272727273,long,0.5852272727272727,0.046879060287814106
has_exclamation&deal_over_tariff,247,0.004905525415769238,0.004994087351470444,0.02647607638788161,0.6072874493927125,0.39271255060728744,long,0.6072874493927125,0.046819666146665745
has_deal&lots_of_excl,322,0.004431451077308477,0.0038836354828155617,0.026846616501256575,0.5869565217391305,0.41304347826086957,long,0.5869565217391305,0.04667451646052645
has_deal&exclamation_heavy,340,0.00430180182200011,0.003917669293503456,0.026469035714222277,0.5882352941176471,0.4117647058823529,long,0.5882352941176471,0.04665959193458066
has_deal&has_exclamation,350,0.004242548018533664,0.0038836354828155617,0.026709125938025418,0.5857142857142857,0.4142857142857143,long,0.5857142857142857,0.0464886147445625
open_tariff&tariff_only,30,0.011931657776338216,0.005086437025768498,0.0278109707736498,0.7,0.3,long,0.7,0.0457466667877266
has_deal&has_uppercase_phrase,134,0.006553263270424255,0.005160425149189574,0.02976383554189351,0.5970149253731343,0.40298507462686567,long,0.5970149253731343,0.045289257790732444
has_deal&positive_heavy,276,0.0046435414454533645,0.0038836354828155617,0.027784876771670724,0.5869565217391305,0.41304347826086957,long,0.5869565217391305,0.045280352558252364
positive_heavy&has_market_brag,136,0.006552939565060979,0.003933301590681504,0.024500957112740186,0.5882352941176471,0.4117647058823529,long,0.5882352941176471,0.04495279455729301
has_positive&pre_deal,164,0.005682156754300857,0.005210564169445764,0.027436483745235926,0.6158536585365854,0.38414634146341464,long,0.6158536585365854,0.04481389169597579
pre_deal&has_night_post,164,0.005641031490653165,0.005574238443830981,0.028022796916433272,0.6158536585365854,0.38414634146341464,long,0.6158536585365854,0.044489545995783496
pre_deal,172,0.005498362418537961,0.005391893874409637,0.02744427599396165,0.6162790697674418,0.38372093023255816,long,0.6162790697674418,0.04444009762387076
has_deal&pre_deal,172,0.005498362418537961,0.005391893874409637,0.02744427599396165,0.6162790697674418,0.38372093023255816,long,0.6162790697674418,0.04444009762387076
has_night_post&deal_over_tariff,227,0.004791570236385276,0.005121639250909249,0.026649534596214275,0.6123348017621145,0.3876651982378855,long,0.6123348017621145,0.04420584842429919
attack_heavy&pre_deal,88,0.00767490713269879,0.004544910046547446,0.029466166923078914,0.6136363636363636,0.38636363636363635,long,0.6136363636363636,0.04417998386366249
has_deal&has_night_post,323,0.004138861749162659,0.0039062388019861505,0.02693873176050403,0.5913312693498453,0.4086687306501548,long,0.5913312693498453,0.04398585375490224
positive_heavy&has_iran,92,0.00789122784058324,0.0029067168052764325,0.030761739879368855,0.5760869565217391,0.42391304347826086,long,0.5760869565217391,0.04360402085830738
pre_deal&has_exclamation,171,0.005418325583629927,0.005221917291421629,0.027504736118836564,0.6140350877192983,0.38596491228070173,long,0.6140350877192983,0.04350671990413349
has_deal&has_china,154,0.005995811379132977,0.005837071113739989,0.029123455887397332,0.5844155844155844,0.4155844155844156,long,0.5844155844155844,0.043484062475430345
has_deal&has_iran,76,0.008156080932588987,0.0039107286890964765,0.03152326121269542,0.6052631578947368,0.39473684210526316,long,0.6052631578947368,0.04303606573112476
has_market_brag&has_iran,27,0.011045822448972543,0.005780240523021618,0.027198535392215787,0.7407407407407407,0.25925925925925924,long,0.7407407407407407,0.04251539042890073
has_attack&has_market_brag,129,0.006301221203348052,0.0035841634708120296,0.025069649220447247,0.5891472868217055,0.4108527131782946,long,0.5891472868217055,0.042164160987789835
has_attack&exclamation_heavy,609,0.0030778439906142367,0.00257745189821601,0.025930828880581843,0.555008210180624,0.44499178981937604,long,0.555008210180624,0.04215553997001743
deal_heavy&has_attack,117,0.00647892469568018,0.004076222506584015,0.031100881253828414,0.5982905982905983,0.4017094017094017,long,0.5982905982905983,0.04192837600025992
has_deal&deal_heavy,147,0.005823233635370306,0.004076222506584015,0.029758391387326836,0.5918367346938775,0.40816326530612246,long,0.5918367346938775,0.04178542272905089
deal_heavy,147,0.005823233635370306,0.004076222506584015,0.029758391387326836,0.5918367346938775,0.40816326530612246,long,0.5918367346938775,0.04178542272905089
deal_heavy&has_exclamation,147,0.005823233635370306,0.004076222506584015,0.029758391387326836,0.5918367346938775,0.40816326530612246,long,0.5918367346938775,0.04178542272905089
deal_heavy&has_night_post,139,0.00600111546440437,0.004076222506584015,0.030373852516580653,0.5899280575539568,0.41007194244604317,long,0.5899280575539568,0.04173865356164032
has_china&has_iran,43,0.01087683895908981,0.00396042521454798,0.03751313631089101,0.5813953488372093,0.4186046511627907,long,0.5813953488372093,0.041467559774979304
pre_deal&lots_of_excl,158,0.005400414452070223,0.005210564169445764,0.02787101081715296,0.6075949367088608,0.3924050632911392,long,0.6075949367088608,0.04124485492715856
has_market_brag&has_all_caps,51,0.008606800647300364,0.005561870457397644,0.024990193986844,0.6666666666666666,0.3333333333333333,long,0.6666666666666666,0.040976567214287885
has_all_caps&tariff_only,28,0.01202131087072046,0.003506641434596891,0.03234034873955451,0.6428571428571429,0.35714285714285715,long,0.6428571428571429,0.04089265585318758
has_tariff&has_market_brag,78,0.007941511004390483,0.0032418149325155188,0.026799840583201593,0.5769230769230769,0.4230769230769231,long,0.5769230769230769,0.040463957370050666
positive_heavy&pre_deal,143,0.005604785760053406,0.005121639250909249,0.028562535281362926,0.6013986013986014,0.3986013986013986,long,0.6013986013986014,0.040307832862957145
has_china&pre_deal,81,0.007401912845212836,0.003968180842185642,0.030513107864211766,0.6049382716049383,0.3950617283950617,long,0.6049382716049383,0.040299303268381
deal_over_tariff&volume_spike,46,0.008249396288348315,0.008167929546684327,0.030245246800357062,0.717391304347826,0.2826086956521739,long,0.717391304347826,0.04013813515308377
posts_high&deal_heavy,107,0.006486731430525836,0.004076222506584015,0.03171814454053242,0.5981308411214953,0.40186915887850466,long,0.5981308411214953,0.040134143798583696
deal_heavy&has_uppercase_phrase,64,0.008638373048140267,0.005380540752433771,0.035943836943251734,0.578125,0.421875,long,0.578125,0.03995247534764874
pre_deal&volume_spike,43,0.008706065801761767,0.008230429659702665,0.03345594359740443,0.6976744186046512,0.3023255813953488,long,0.6976744186046512,0.03982987763970753
deal_heavy&lots_of_excl,137,0.005754584334395365,0.004076222506584015,0.03039338640674346,0.5912408759124088,0.40875912408759124,long,0.5912408759124088,0.039823432863847485
open_tariff&volume_spike,21,0.011375079539497948,0.006036106372746541,0.039074800724057716,0.7619047619047619,0.23809523809523808,long,0.7619047619047619,0.03971593373401353
pre_deal&exclamation_heavy,168,0.005042317284210915,0.005210564169445764,0.027492332512400235,0.6071428571428571,0.39285714285714285,long,0.6071428571428571,0.03968036887480059
has_tariff&has_attack,243,0.0044142180884988134,0.00262495935176843,0.027640560022060938,0.5761316872427984,0.42386831275720166,long,0.5761316872427984,0.039644111136878976
has_attack&has_positive,605,0.0029017337496174663,0.00257745189821601,0.02623118688098527,0.5553719008264463,0.4446280991735537,long,0.5553719008264463,0.03963867701869096
pre_deal&open_deal,30,0.011963637002499321,0.0035983748689434325,0.04031925996758562,0.6,0.4,long,0.6,0.0393165231364342
deal_heavy&deal_only,61,0.00786839066879915,0.0077619014652541285,0.029100239779421628,0.639344262295082,0.36065573770491804,long,0.639344262295082,0.039290323461720074
has_attack&lots_of_excl,579,0.00294375540399654,0.00257745189821601,0.02596504207768748,0.5544041450777202,0.44559585492227977,long,0.5544041450777202,0.03927059417086727
deal_heavy&has_positive,142,0.005634823572744304,0.004022201674384829,0.030136055553283282,0.5845070422535211,0.4154929577464789,long,0.5845070422535211,0.03924770286616347
has_attack&positive_heavy,465,0.0032830507334388115,0.0022497123882954106,0.027121451500507078,0.5526881720430108,0.44731182795698926,long,0.5526881720430108,0.039127692871532796
has_deal&has_market_brag,77,0.007065643747179538,0.005199211047469898,0.022726592139037927,0.6233766233766234,0.37662337662337664,long,0.6233766233766234,0.038649832055376795
has_market_brag,168,0.0051976671176936235,0.0028598340585710424,0.0238490634455935,0.5714285714285714,0.42857142857142855,long,0.5714285714285714,0.03849683751590096
has_market_brag&has_exclamation,168,0.0051976671176936235,0.0028598340585710424,0.0238490634455935,0.5714285714285714,0.42857142857142855,long,0.5714285714285714,0.03849683751590096
has_positive&deal_only,176,0.004718792534499505,0.005160425149189574,0.025546191436573273,0.6136363636363636,0.38636363636363635,long,0.6136363636363636,0.03841477601023238
deal_heavy&positive_heavy,129,0.005714576130083165,0.004076222506584015,0.031083022406062668,0.5891472868217055,0.4108527131782946,long,0.5891472868217055,0.03823866837078859
posts_high&has_deal,218,0.00447785845046364,0.003842556306854039,0.027691004371739922,0.5779816513761468,0.42201834862385323,long,0.5779816513761468,0.03821313418093204
pre_deal&deal_over_tariff,127,0.005491040376813188,0.005586606430264318,0.02711139684447802,0.6141732283464567,0.3858267716535433,long,0.6141732283464567,0.03800558129028876
deal_heavy&exclamation_heavy,145,0.005363589259913568,0.003968180842185642,0.02969356675349123,0.5862068965517241,0.41379310344827586,long,0.5862068965517241,0.0378608567253705
has_market_brag&exclamation_heavy,165,0.005164375594636095,0.0026076919057900216,0.024039210436174564,0.5696969696969697,0.4303030303030303,long,0.5696969696969697,0.03779233290817074
exclamation_heavy&deal_only,181,0.004604319349932447,0.005121639250909249,0.0248478743617003,0.6077348066298343,0.39226519337016574,long,0.6077348066298343,0.0376459998228308
has_attack&has_all_caps,148,0.005195678606260329,0.003933332008267065,0.02582155107579399,0.5945945945945946,0.40540540540540543,long,0.5945945945945946,0.03758322925426556
has_attack,626,0.002704796147846215,0.0025559547009466055,0.02609953582887051,0.5527156549520766,0.4472843450479233,long,0.5527156549520766,0.03740446707239718
has_attack&has_exclamation,626,0.002704796147846215,0.0025559547009466055,0.02609953582887051,0.5527156549520766,0.4472843450479233,long,0.5527156549520766,0.03740446707239718
has_positive&has_market_brag,164,0.005086637292018696,0.0028598340585710424,0.024041879775840113,0.573170731707317,0.4268292682926829,long,0.573170731707317,0.037336766219099295
deal_heavy&has_iran,42,0.008919002337572838,0.00458369594482777,0.035609416798010156,0.6428571428571429,0.35714285714285715,long,0.6428571428571429,0.037158262353194874
deal_only,190,0.004426276827911818,0.005033069045681682,0.025299026851429703,0.6052631578947368,0.39473684210526316,long,0.6052631578947368,0.036928325223216485
has_deal&deal_only,190,0.004426276827911818,0.005033069045681682,0.025299026851429703,0.6052631578947368,0.39473684210526316,long,0.6052631578947368,0.036928325223216485
deal_over_tariff&deal_only,190,0.004426276827911818,0.005033069045681682,0.025299026851429703,0.6052631578947368,0.39473684210526316,long,0.6052631578947368,0.036928325223216485
has_iran&deal_over_tariff,55,0.007816582209408457,0.003968180842185642,0.031770016979465104,0.6363636363636364,0.36363636363636365,long,0.6363636363636364,0.03688957055361065
pre_deal&has_uppercase_phrase,66,0.0076439403124079364,0.005210564169445764,0.03150030356810227,0.5909090909090909,0.4090909090909091,long,0.5909090909090909,0.03669525639044146
lots_of_excl&deal_only,169,0.0047100626215357535,0.004944498840454115,0.025254724030669907,0.5976331360946746,0.40236686390532544,long,0.5976331360946746,0.036593563444239315
posts_high&pre_deal,112,0.005862128514508029,0.003964303028366811,0.02961826667750794,0.5892857142857143,0.4107142857142857,long,0.5892857142857143,0.036558659192523456
has_exclamation&deal_only,188,0.0043776578306073625,0.005033069045681682,0.025407679919921787,0.6063829787234043,0.39361702127659576,long,0.6063829787234043,0.03639718026780737
posts_very_high&has_tariff,103,0.005832541164499472,0.0039061779668150276,0.029751973847369453,0.6116504854368932,0.3883495145631068,long,0.6116504854368932,0.03620593352552268
posts_very_high&has_market_brag,62,0.006941177869265823,0.005380540752433771,0.02382752184777742,0.6612903225806451,0.3387096774193548,long,0.6612903225806451,0.03614274930803452
has_tariff&has_all_caps,78,0.006787285022565341,0.0039036397156062552,0.025377145006856523,0.6025641025641025,0.3974358974358974,long,0.6025641025641025,0.0361199086896483
attack_heavy&volume_spike,90,0.005990056985461107,0.005277978904434044,0.02810171073578972,0.6333333333333333,0.36666666666666664,long,0.6333333333333333,0.03599022443769249
has_attack&deal_only,138,0.004997100210935942,0.005392908738867108,0.02685594129240191,0.6086956521739131,0.391304347826087,long,0.6086956521739131,0.03573203919108718
positive_heavy&deal_only,138,0.004971625299933205,0.005033069045681682,0.02604273775821882,0.6086956521739131,0.391304347826087,long,0.6086956521739131,0.03554987944244993
has_china&deal_over_tariff,100,0.00579070373818663,0.007705070462492691,0.028818504010591398,0.61,0.39,long,0.61,0.035323292802938444
has_uppercase_phrase&deal_only,65,0.006750812730100844,0.005199211047469898,0.03012084574770313,0.6461538461538462,0.35384615384615387,long,0.6461538461538462,0.03516808114005933
has_tariff&pre_deal,88,0.006335886801623774,0.0035712816626625177,0.031167253223675036,0.5909090909090909,0.4090909090909091,long,0.5909090909090909,0.0351212057262104
has_relief&has_market_brag,20,0.011178215096806382,0.005960211557390349,0.025735802196998052,0.7,0.3,long,0.7,0.03499334835300285
positive_heavy&has_all_caps,147,0.0048728024555836046,0.0035841634708120296,0.025870305976176358,0.5918367346938775,0.40816326530612246,long,0.5918367346938775,0.03496547163159979
posts_high&has_market_brag,103,0.005712118301727087,0.003968180842185642,0.024131694406394004,0.6019417475728155,0.39805825242718446,long,0.6019417475728155,0.03489556789878475
has_china&open_deal,42,0.008933337705570516,0.007705070462492691,0.03465352464366298,0.5952380952380952,0.40476190476190477,long,0.5952380952380952,0.03446109835780496
has_night_post&deal_only,172,0.004243036031505826,0.005160425149189574,0.025323994182023767,0.6162790697674418,0.38372093023255816,long,0.6162790697674418,0.03429401721974145
has_attack&has_night_post,572,0.0025838692573965927,0.0025559547009466055,0.025507303627572833,0.5541958041958042,0.4458041958041958,long,0.5541958041958042,0.03424772933920356
posts_high&deal_over_tariff,151,0.004674427730058523,0.004076222506584015,0.027910533204960692,0.5960264900662252,0.40397350993377484,long,0.5960264900662252,0.03423595804273346
positive_heavy&open_deal,69,0.007263757279298725,0.003236324523338885,0.03308930884757515,0.5652173913043478,0.43478260869565216,long,0.5652173913043478,0.034103691050377374
has_market_brag&lots_of_excl,158,0.004762876165209137,0.0028598340585710424,0.02307904731660259,0.569620253164557,0.43037974683544306,long,0.569620253164557,0.03410226744173187
open_deal&has_uppercase_phrase,36,0.010114124261554058,0.004761147835972812,0.03963166077780987,0.5555555555555556,0.4444444444444444,long,0.5555555555555556,0.03371374753851353
has_iran,120,0.005591199717230209,0.002476800819145142,0.029340274135150633,0.55,0.45,long,0.55,0.03368668829507841
has_iran&has_exclamation,120,0.005591199717230209,0.002476800819145142,0.029340274135150633,0.55,0.45,long,0.55,0.03368668829507841
has_action&pre_deal,53,0.0065320083110602545,0.006503925782406439,0.02611955196883836,0.6981132075471698,0.3018867924528302,long,0.6981132075471698,0.03319789277701613
has_iran&lots_of_excl,112,0.005558979652608033,0.0029067168052764325,0.029374722383760942,0.5625,0.4375,long,0.5625,0.033092274834155444
posts_very_high&has_deal,135,0.004921432963347572,0.0035841634708120296,0.029233652502857244,0.5777777777777777,0.4222222222222222,long,0.5777777777777777,0.03303842170463702
has_market_brag&has_night_post,150,0.004700151542270156,0.0028598340585710424,0.023963158002856352,0.5733333333333334,0.4266666666666667,long,0.5733333333333334,0.03300385591130955
open_deal&exclamation_heavy,79,0.00659224514482552,0.003236324523338885,0.0320343897885996,0.5569620253164557,0.4430379746835443,long,0.5569620253164557,0.03263416311047867
has_positive&has_iran,114,0.005516335195091679,0.002476800819145142,0.029812634780487124,0.5526315789473685,0.4473684210526316,long,0.5526315789473685,0.03254908403660509
has_attack&has_china,229,0.003786440621089199,0.00390104062922636,0.027529089101255802,0.5676855895196506,0.43231441048034935,long,0.5676855895196506,0.032527955095148046
has_attack&open_deal,71,0.006826049489071231,0.003236324523338885,0.031206394098777523,0.5633802816901409,0.43661971830985913,long,0.5633802816901409,0.032404121326213044
attack_heavy&has_market_brag,75,0.005944859650753999,0.0038361421203847446,0.023563419430391506,0.6266666666666667,0.37333333333333335,long,0.6266666666666667,0.03226330340477924
has_attack&tariff_streak_3d,44,0.008542349794963534,0.004126860176256519,0.030254283598258335,0.5681818181818182,0.4318181818181818,long,0.5681818181818182,0.032195192156662986
positive_heavy&has_china,252,0.0035777975949640123,0.003694665426933974,0.02782565350260029,0.5476190476190477,0.4523809523809524,long,0.5476190476190477,0.031102448797827836
has_tariff&positive_heavy,257,0.003627378426245954,0.0019571122301944577,0.02779212161658904,0.5330739299610895,0.4669260700389105,long,0.5330739299610895,0.030998941976773303
has_deal&attack_heavy,160,0.004213882052270169,0.003637144967636563,0.02680492479842281,0.58125,0.41875,long,0.58125,0.03098170630281237
open_deal&deal_over_tariff,67,0.006673057889324569,0.0036901264644610965,0.03342664866111986,0.5671641791044776,0.43283582089552236,long,0.5671641791044776,0.03097926343085718
has_deal&short_posts,170,0.003917773758494998,0.00471438651106848,0.02538349933242764,0.6058823529411764,0.3941176470588235,long,0.6058823529411764,0.030949391662003556
posts_very_high&pre_tariff,50,0.007532874416433384,0.005296658499138962,0.027305704661857364,0.58,0.42,long,0.58,0.03089397017378287
has_tariff&deal_over_tariff,59,0.006587544161708772,0.004994087351470444,0.029799482291266933,0.6101694915254238,0.3898305084745763,long,0.6101694915254238,0.03087450721623418
open_deal&has_exclamation,81,0.006145131388108874,0.003236324523338885,0.03210799905069597,0.5555555555555556,0.4444444444444444,long,0.5555555555555556,0.030725656940544372
has_deal&open_deal,81,0.006145131388108874,0.003236324523338885,0.03210799905069597,0.5555555555555556,0.4444444444444444,long,0.5555555555555556,0.030725656940544372
open_deal,81,0.006145131388108874,0.003236324523338885,0.03210799905069597,0.5555555555555556,0.4444444444444444,long,0.5555555555555556,0.030725656940544372
has_iran&deal_only,43,0.007454219388796212,0.003968180842185642,0.027528005738240366,0.627906976744186,0.37209302325581395,long,0.627906976744186,0.030692460592899123
has_positive&open_deal,79,0.0061900325313013985,0.003236324523338885,0.032438020839473225,0.5569620253164557,0.4430379746835443,long,0.5569620253164557,0.030643055112145046
posts_very_high&attack_heavy,163,0.004100073229544527,0.0035841634708120296,0.02798092281081708,0.5828220858895705,0.4171779141104294,long,0.5828220858895705,0.03050853942618792
has_iran&exclamation_heavy,117,0.005143573490874467,0.002412368670639209,0.029285149735484184,0.5470085470085471,0.452991452991453,long,0.5470085470085471,0.030433506396660842
deal_heavy&open_deal,49,0.007591372885987625,0.003236324523338885,0.0337640902439317,0.5714285714285714,0.42857142857142855,long,0.5714285714285714,0.0303654915439505
has_all_caps&deal_over_tariff,66,0.005848913382141951,0.005876603410278847,0.03042976075233216,0.6363636363636364,0.36363636363636365,long,0.6363636363636364,0.03023796169030663
has_attack&tariff_rising,82,0.006065293066316358,0.0022397409249509392,0.028773305274743574,0.5487804878048781,0.45121951219512196,long,0.5487804878048781,0.030140980623202543
open_tariff&exclamation_heavy,71,0.005638652070636032,0.0039062388019861505,0.02970660252813906,0.6338028169014085,0.36619718309859156,long,0.6338028169014085,0.03011331984465436
open_tariff&has_exclamation,71,0.005638652070636032,0.0039062388019861505,0.02970660252813906,0.6338028169014085,0.36619718309859156,long,0.6338028169014085,0.03011331984465436
open_tariff,71,0.005638652070636032,0.0039062388019861505,0.02970660252813906,0.6338028169014085,0.36619718309859156,long,0.6338028169014085,0.03011331984465436
has_tariff&open_tariff,71,0.005638652070636032,0.0039062388019861505,0.02970660252813906,0.6338028169014085,0.36619718309859156,long,0.6338028169014085,0.03011331984465436
pre_deal&has_all_caps,45,0.007471820174540442,0.005121639250909249,0.026747401079030255,0.6,0.4,long,0.6,0.030073496086668185
has_market_brag&pre_deal,38,0.007380735794094452,0.00458369594482777,0.01916467590537255,0.6578947368421053,0.34210526315789475,long,0.6578947368421053,0.029932836237717225
has_china&has_night_post,281,0.003197046163319132,0.003712871287128827,0.027262547352287544,0.5551601423487544,0.44483985765124556,long,0.5551601423487544,0.02975228637948276
positive_heavy&exclamation_heavy,600,0.002287567639854442,0.0018753488266093354,0.026521144054959204,0.53,0.47,long,0.53,0.029697879389654746
has_attack&sig_potus,50,0.006545724442461935,0.003952664271884898,0.019764891628361734,0.64,0.36,long,0.64,0.029622567302677552
posts_very_high&has_attack,205,0.003622179590881696,0.003236324523338885,0.02858570816024098,0.5707317073170731,0.4292682926829268,long,0.5707317073170731,0.02959912756698338
open_deal&lots_of_excl,75,0.006246878897900626,0.0020324830167521846,0.032614911993711214,0.5466666666666666,0.4533333333333333,long,0.5466666666666666,0.02957442514904294
posts_very_high&positive_heavy,213,0.003509525937784167,0.0031119762113520633,0.028116314318735076,0.5727699530516432,0.4272300469483568,long,0.5727699530516432,0.029337188102882418
has_tariff&has_deal,162,0.004085753915633322,0.002574064166229073,0.02822309236635544,0.5617283950617284,0.4382716049382716,long,0.5617283950617284,0.02921165014448298
has_deal&has_relief,47,0.006880221103798088,0.004076222506584015,0.030080841435403672,0.6170212765957447,0.3829787234042553,long,0.6170212765957447,0.02910391839146514
has_deal&has_action,99,0.004646190392884114,0.00590540324599198,0.028756522699341584,0.6262626262626263,0.37373737373737376,long,0.6262626262626263,0.028951501658804057
posts_high&open_deal,59,0.00692353298234926,0.0019529887633240595,0.032940706495906816,0.5423728813559322,0.4576271186440678,long,0.5423728813559322,0.028843751011579703
posts_very_high&open_tariff,32,0.007400664506514408,0.003991230654285083,0.03236098448414951,0.6875,0.3125,long,0.6875,0.02878183031813613
has_tariff&has_iran,46,0.007801480777303345,0.0019549917998351596,0.034357100583174094,0.5434782608695652,0.45652173913043476,long,0.5434782608695652,0.028756639667760812
positive_heavy&lots_of_excl,583,0.0022214087324099203,0.0019569948363462597,0.026353277175728593,0.5351629502572899,0.4648370497427101,long,0.5351629502572899,0.02870442102015453
pre_deal&short_posts,69,0.005389602688201406,0.005681811003519721,0.02684206789290181,0.6376811594202898,0.36231884057971014,long,0.6376811594202898,0.028548604366149172
has_tariff&exclamation_heavy,315,0.002978703063493231,0.0022497123882954106,0.02746243209015734,0.5396825396825397,0.4603174603174603,long,0.5396825396825397,0.02853125376708727
has_positive&positive_heavy,605,0.002192644479633037,0.0018313470177588886,0.026508514259584576,0.5289256198347108,0.47107438016528924,long,0.5289256198347108,0.02852597589497672
positive_heavy,605,0.002192644479633037,0.0018313470177588886,0.026508514259584576,0.5289256198347108,0.47107438016528924,long,0.5289256198347108,0.02852597589497672
positive_heavy&has_exclamation,605,0.002192644479633037,0.0018313470177588886,0.026508514259584576,0.5289256198347108,0.47107438016528924,long,0.5289256198347108,0.02852597589497672
has_deal&has_russia,132,0.004045114414074547,0.004022201674384829,0.025814832377763944,0.6136363636363636,0.38636363636363635,long,0.6136363636363636,0.028518643428625482
has_relief&deal_over_tariff,39,0.007094002558035808,0.004994087351470444,0.030074460668349293,0.6410256410256411,0.358974358974359,long,0.6410256410256411,0.02839873831767099
has_iran&has_night_post,113,0.004868303074787564,0.002412368670639209,0.029287259362681194,0.5486725663716814,0.45132743362831856,long,0.5486725663716814,0.028394228635625903
deal_heavy&volume_spike,47,0.006278839288064093,0.005561870457397644,0.03422629625794515,0.6595744680851063,0.3404255319148936,long,0.6595744680851063,0.02839174802047357
has_deal&has_all_caps,93,0.0047819387628993985,0.005859305116099334,0.02722682506019395,0.6129032258064516,0.3870967741935484,long,0.6129032258064516,0.028264245174428174
posts_very_high&open_deal,46,0.007936366149400983,0.0015862796424790382,0.03687461796004927,0.5217391304347826,0.4782608695652174,long,0.5217391304347826,0.028083680395900548
posts_very_high&has_china,130,0.00415828956293727,0.003933332008267065,0.030342384663449212,0.5923076923076923,0.4076923076923077,long,0.5923076923076923,0.028082371299866373
posts_very_high&volume_spike,81,0.0049496759710697,0.004994087351470444,0.03217469992055891,0.6296296296296297,0.37037037037037035,long,0.6296296296296297,0.028048163836061634
has_attack&open_tariff,59,0.005651564289484408,0.0039062388019861505,0.03069495216059061,0.6440677966101694,0.3559322033898305,long,0.6440677966101694,0.02795929800707137
has_positive&open_tariff,69,0.005339656122000977,0.00390104062922636,0.03002963011487236,0.6231884057971014,0.37681159420289856,long,0.6231884057971014,0.027641219469564722
has_market_brag&deal_over_tariff,49,0.006034835131170546,0.005199211047469898,0.019312692801139585,0.6530612244897959,0.3469387755102041,long,0.6530612244897959,0.02758781774249392
deal_heavy&has_action,53,0.005902210156633888,0.00590540324599198,0.03032698798275238,0.6415094339622641,0.3584905660377358,long,0.6415094339622641,0.027564851132402975
has_relief&deal_only,23,0.008763611044680535,0.006122441499608389,0.028832323836607648,0.6521739130434783,0.34782608695652173,long,0.6521739130434783,0.02741008833008506
has_market_brag&tariff_only,35,0.008529680992454528,0.0014727439734667502,0.029926663472880286,0.5428571428571428,0.45714285714285713,long,0.5428571428571428,0.02739380549254962
positive_heavy&has_night_post,573,0.0021254972638176856,0.0019569948363462597,0.026451984961689854,0.5357766143106457,0.4642233856893543,long,0.5357766143106457,0.027259734065413353
pre_deal&deal_only,84,0.004620955921971872,0.005698014041235155,0.02306543991300211,0.6428571428571429,0.35714285714285715,long,0.6428571428571429,0.027226131808487857
has_china&lots_of_excl,274,0.0030037159901664485,0.0034616183067203155,0.027225014575461233,0.5474452554744526,0.45255474452554745,long,0.5474452554744526,0.0272191678762302
has_positive&has_all_caps,180,0.003542820621884639,0.00341547025875677,0.025213427812939868,0.5722222222222222,0.42777777777777776,long,0.5722222222222222,0.027198824583002653
has_russia&open_deal,32,0.007317179106894542,0.005961686010449108,0.03256106720616718,0.65625,0.34375,long,0.65625,0.027163641569618695
posts_very_high&deal_heavy,75,0.005595740787234123,0.003236324523338885,0.03387686945722682,0.56,0.44,long,0.56,0.027137900578529914
attack_heavy&pre_tariff,60,0.006426372059020193,0.0027330469924726764,0.026609594333680542,0.5333333333333333,0.4666666666666667,long,0.5333333333333333,0.026548514091859064
has_tariff&has_china,142,0.004102759186473764,0.0029035004787905105,0.0276537017893213,0.5422535211267606,0.45774647887323944,long,0.5422535211267606,0.026510784506893398
deal_heavy&has_relief,31,0.007357072513944814,0.004076222506584015,0.03298583877856486,0.6451612903225806,0.3548387096774194,long,0.6451612903225806,0.026427384617998845
has_deal&volume_spike,81,0.004738232461166735,0.004994087351470444,0.028219825129868925,0.6172839506172839,0.38271604938271603,long,0.6172839506172839,0.02632351367314853
posts_very_high&has_all_caps,101,0.004117110773248574,0.004076222506584015,0.02537045801704734,0.6336633663366337,0.36633663366336633,long,0.6336633663366337,0.026218741347817837
has_tariff&attack_heavy,133,0.004013268660443048,0.0025412329676510748,0.0281456519605997,0.5639097744360902,0.43609022556390975,long,0.5639097744360902,0.02609958949386658
posts_high&has_attack,347,0.00255172948130876,0.00257745189821601,0.026250695004892695,0.547550432276657,0.45244956772334294,long,0.547550432276657,0.02602696300777839
open_deal&has_night_post,74,0.005576543145327373,0.001992735890038122,0.033142800223029505,0.5405405405405406,0.4594594594594595,long,0.5405405405405406,0.025930398919893526
posts_high&positive_heavy,367,0.002439061285339353,0.002600650596371379,0.026187409922428698,0.5504087193460491,0.44959128065395093,long,0.5504087193460491,0.02571822847160455
has_all_caps&exclamation_heavy,180,0.0033452840820171878,0.00341547025875677,0.025401127630212968,0.5722222222222222,0.42777777777777776,long,0.5722222222222222,0.02568230363260522
has_tariff,325,0.002668370326384743,0.0019571122301944577,0.02780169446197595,0.5323076923076923,0.4676923076923077,long,0.5323076923076923,0.02560651790509648
has_tariff&has_exclamation,325,0.002668370326384743,0.0019571122301944577,0.02780169446197595,0.5323076923076923,0.4676923076923077,long,0.5323076923076923,0.02560651790509648
has_iran&has_all_caps,27,0.008249529297631893,0.00396042521454798,0.03413034605497352,0.5925925925925926,0.4074074074074074,long,0.5925925925925926,0.02540196245693588
has_attack&short_posts,303,0.0025511181042283306,0.003812065791081398,0.023959195399034065,0.570957095709571,0.429042904290429,long,0.570957095709571,0.025354517697010158
open_tariff&has_night_post,63,0.004905120620987076,0.003944903329221816,0.029601663456017443,0.6507936507936508,0.3492063492063492,long,0.6507936507936508,0.025337471517627004
has_russia&pre_deal,65,0.004744323343503854,0.005561870457397644,0.028748361932335594,0.6615384615384615,0.3384615384615385,long,0.6615384615384615,0.02530381812882612
pre_tariff&has_all_caps,33,0.007267827094081799,0.005561870457397644,0.024918701163542913,0.6060606060606061,0.3939393939393939,long,0.6060606060606061,0.02530332608858141
has_attack&has_uppercase_phrase,219,0.0031915674545380324,0.00257745189821601,0.026701446467555782,0.5342465753424658,0.4657534246575342,long,0.5342465753424658,0.025232938669161414
attack_heavy&has_positive,284,0.0026509754358368105,0.0026041712510807002,0.026187436085524644,0.5633802816901409,0.43661971830985913,long,0.5633802816901409,0.025169032188588666
exclamation_heavy&lots_of_excl,752,0.0017338114921624137,0.0018753488266093354,0.025402174016792015,0.5279255319148937,0.4720744680851064,long,0.5279255319148937,0.02510056305739982
has_china&deal_only,63,0.005106674972070317,0.0078740730131035,0.028178104139949076,0.6190476190476191,0.38095238095238093,long,0.6190476190476191,0.025091842290423577
has_positive&lots_of_excl,734,0.0017435519232944295,0.0019549917998351596,0.025808666583273816,0.5299727520435967,0.47002724795640327,long,0.5299727520435967,0.025034357892748806
has_all_caps&deal_only,43,0.005858343664412103,0.008219041135507865,0.03379026204967806,0.6511627906976745,0.3488372093023256,long,0.6511627906976745,0.025014892933517704
attack_heavy,289,0.002608774166653235,0.0026076919057900216,0.026122461479203926,0.5640138408304498,0.4359861591695502,long,0.5640138408304498,0.025013540539086897
attack_heavy&has_exclamation,289,0.002608774166653235,0.0026076919057900216,0.026122461479203926,0.5640138408304498,0.4359861591695502,long,0.5640138408304498,0.025013540539086897
has_attack&attack_heavy,289,0.002608774166653235,0.0026076919057900216,0.026122461479203926,0.5640138408304498,0.4359861591695502,long,0.5640138408304498,0.025013540539086897
has_market_brag&deal_only,34,0.006563398380184565,0.003964303028366811,0.020894545483097052,0.6470588235294118,0.35294117647058826,long,0.6470588235294118,0.02476349779042232
posts_high&has_iran,75,0.005341419214530898,0.0019529887633240595,0.030961341745894114,0.5333333333333333,0.4666666666666667,long,0.5333333333333333,0.02467095857091243
has_tariff&has_positive,321,0.00259612118779632,0.0019569948363462597,0.02787761199236629,0.5295950155763239,0.470404984423676,long,0.5295950155763239,0.024633230279052856
has_exclamation&lots_of_excl,755,0.0016832374574076371,0.0019193506354597822,0.025664817571572063,0.528476821192053,0.47152317880794703,long,0.528476821192053,0.024442454020506193
lots_of_excl,755,0.0016832374574076371,0.0019193506354597822,0.025664817571572063,0.528476821192053,0.47152317880794703,long,0.528476821192053,0.024442454020506193
attack_heavy&exclamation_heavy,288,0.0025581141053414576,0.0026041712510807002,0.0261537062156688,0.5625,0.4375,long,0.5625,0.024419607717634684
has_russia&deal_over_tariff,93,0.0040582550834903745,0.005199211047469898,0.025120559635321258,0.6236559139784946,0.3763440860215054,long,0.6236559139784946,0.024407644021547503
open_tariff&lots_of_excl,69,0.004705482732175644,0.00390104062922636,0.029079819768873156,0.6231884057971014,0.37681159420289856,long,0.6231884057971014,0.024358362774412803
has_china&open_tariff,37,0.006112765042062731,0.0039062388019861505,0.02922686911800466,0.6486486486486487,0.35135135135135137,long,0.6486486486486487,0.024118377181216864
open_deal&volume_spike,23,0.0076962209593648126,0.00396042521454798,0.03905764380754323,0.6521739130434783,0.34782608695652173,long,0.6521739130434783,0.02407159505693597
open_tariff&tariff_rising,30,0.0069311257558978935,0.004731455543312002,0.02624013779121457,0.6333333333333333,0.36666666666666664,long,0.6333333333333333,0.02404344819426537
posts_very_high&lots_of_excl,224,0.0028381344686308,0.002570941782011227,0.028372048061424533,0.5625,0.4375,long,0.5625,0.023893485298222876
has_china&exclamation_heavy,292,0.002578376776541526,0.0032415507850201974,0.027398448899512682,0.541095890410959,0.4589041095890411,long,0.541095890410959,0.023840317890592228
has_tariff&short_posts,136,0.003422736663121946,0.0038661788307107203,0.023584927291169157,0.5955882352941176,0.40441176470588236,long,0.5955882352941176,0.02377327704915263
has_deal&uppercase_phrase_heavy,29,0.006705004784800103,0.006122441499608389,0.02839124639768683,0.6551724137931034,0.3448275862068966,long,0.6551724137931034,0.02365667448885191
has_relief&attack_heavy,47,0.005583882552274632,0.003968180842185642,0.02621584698571325,0.6170212765957447,0.3829787234042553,long,0.6170212765957447,0.023620296449370647
has_all_caps,185,0.003059421728461764,0.0031119762113520633,0.025227111986081897,0.5675675675675675,0.43243243243243246,long,0.5675675675675675,0.023617981694124303
has_all_caps&has_exclamation,185,0.003059421728461764,0.0031119762113520633,0.025227111986081897,0.5675675675675675,0.43243243243243246,long,0.5675675675675675,0.023617981694124303
attack_heavy&has_iran,52,0.006249712022262022,0.0015862796424790382,0.03303802791232148,0.5192307692307693,0.4807692307692308,long,0.5192307692307693,0.023400336274424442
has_china,300,0.0025000029733916853,0.0029426618059733567,0.027187310499008344,0.54,0.46,long,0.54,0.023382713712533382
has_china&has_exclamation,300,0.0025000029733916853,0.0029426618059733567,0.027187310499008344,0.54,0.46,long,0.54,0.023382713712533382
has_positive&has_china,293,0.0025293331180028093,0.003236324523338885,0.027301713609880575,0.5392491467576792,0.46075085324232085,long,0.5392491467576792,0.023346904524657652
posts_very_high&has_iran,52,0.006426610640679364,-8.655895113668377e-05,0.033603096695665594,0.5,0.5,long,0.5,0.023171474192411924
uppercase_phrase_heavy&deal_over_tariff,22,0.007222765037886936,0.007113935466637189,0.03178463642504603,0.6818181818181818,0.3181818181818182,long,0.6818181818181818,0.023098480202186286
has_all_caps&lots_of_excl,173,0.0029998475207756005,0.003766505822492272,0.024626521518995848,0.5838150289017341,0.4161849710982659,long,0.5838150289017341,0.023035492543615345
attack_heavy&has_night_post,275,0.0024329265789509945,0.0031119762113520633,0.0260959592258429,0.5709090909090909,0.4290909090909091,long,0.5709090909090909,0.023033625872064683
posts_high&tariff_streak_3d,27,0.0070168128718170195,0.005561870457397644,0.027311963745863425,0.6296296296296297,0.37037037037037035,long,0.6296296296296297,0.022956566535581795
has_tariff&open_deal,36,0.006530619127333958,0.0035827121541798235,0.032990120831256374,0.5833333333333334,0.4166666666666667,long,0.5833333333333334,0.022857166945668857
has_night_post&has_all_caps,181,0.002949765033553953,0.00324677704670151,0.02490362542260318,0.574585635359116,0.425414364640884,long,0.574585635359116,0.022802448055350383
posts_very_high&deal_over_tariff,97,0.004074107560994935,0.0035841634708120296,0.03038432338042711,0.5670103092783505,0.4329896907216495,long,0.5670103092783505,0.022751462186189488
has_action&open_deal,28,0.007495978603187118,0.004761147835972812,0.03518611870051367,0.5714285714285714,0.42857142857142855,long,0.5714285714285714,0.022665708819536494
has_tariff&deal_heavy,86,0.0043725989953800806,0.0024707811417054026,0.03030171378002123,0.5581395348837209,0.4418604651162791,long,0.5581395348837209,0.022632454837363338
attack_heavy&lots_of_excl,286,0.00238493173174245,0.0025890512472936944,0.02609654373527873,0.5594405594405595,0.4405594405594406,long,0.5594405594405595,0.022563835145072323
pre_tariff&short_posts,54,0.005175177085091682,0.005025080306126584,0.022889639848331013,0.5925925925925926,0.4074074074074074,long,0.5925925925925926,0.022536076776921998
has_tariff&volume_spike,76,0.00436453005668402,0.00453515492902723,0.031173191965122582,0.5921052631578947,0.40789473684210525,long,0.5921052631578947,0.022529066983971502
positive_heavy&open_tariff,63,0.004582970680980615,0.00390104062922636,0.030681272300187218,0.6190476190476191,0.38095238095238093,long,0.6190476190476191,0.022518601277296508
has_relief&lots_of_excl,87,0.004196554144195614,0.003236324523338885,0.029311338973215802,0.5747126436781609,0.42528735632183906,long,0.5747126436781609,0.022495891505588058
has_relief&has_exclamation,91,0.0040443689623485685,0.003236324523338885,0.02906785865866339,0.5824175824175825,0.4175824175824176,long,0.5824175824175825,0.022470148483895447
has_relief,91,0.0040443689623485685,0.003236324523338885,0.02906785865866339,0.5824175824175825,0.4175824175824176,long,0.5824175824175825,0.022470148483895447
has_action&open_tariff,25,0.006237470127268257,0.005561870457397644,0.027855365457474583,0.72,0.28,long,0.72,0.022454892458165725
has_market_brag&tariff_rising,37,0.006182395435300369,0.0039061779668150276,0.027504877501141403,0.5945945945945946,0.40540540540540543,long,0.5945945945945946,0.02236035007106217
has_all_caps&tariff_rising,26,0.008143950868523781,0.0025954343824501347,0.03573522762994685,0.5384615384615384,0.46153846153846156,long,0.5384615384615384,0.022360242367261973
attack_heavy&china_streak_3d,33,0.00675458483686235,0.0078740730131035,0.022452859168073994,0.5757575757575758,0.42424242424242425,long,0.5757575757575758,0.02234062361174306
deal_heavy&has_china,83,0.004423673346164065,0.003968180842185642,0.03197758517039771,0.5542168674698795,0.4457831325301205,long,0.5542168674698795,0.02233581663877953
has_relief&has_positive,90,0.004043011493644689,0.0031789541193881776,0.029230702178813073,0.5777777777777777,0.4222222222222222,long,0.5777777777777777,0.022160883205338093
posts_high&has_all_caps,136,0.0031473519172540913,0.0039036397156062552,0.024446850893909036,0.6029411764705882,0.39705882352941174,long,0.6029411764705882,0.02213042243094021
has_attack&volume_spike,111,0.003477737039426889,0.004994087351470444,0.03022417463561967,0.6036036036036037,0.3963963963963964,long,0.6036036036036037,0.022116176851247595
posts_very_high&has_night_post,223,0.002618750502514031,0.002600650596371379,0.028721768272048868,0.5650224215246636,0.4349775784753363,long,0.5650224215246636,0.022095927550286228
posts_very_high,226,0.0026131152327596194,0.002570941782011227,0.02857710834850941,0.5619469026548672,0.43805309734513276,long,0.5619469026548672,0.022075373637806924
posts_very_high&has_exclamation,226,0.0026131152327596194,0.002570941782011227,0.02857710834850941,0.5619469026548672,0.43805309734513276,long,0.5619469026548672,0.022075373637806924
posts_very_high&has_positive,226,0.0026131152327596194,0.002570941782011227,0.02857710834850941,0.5619469026548672,0.43805309734513276,long,0.5619469026548672,0.022075373637806924
posts_very_high&exclamation_heavy,226,0.0026131152327596194,0.002570941782011227,0.02857710834850941,0.5619469026548672,0.43805309734513276,long,0.5619469026548672,0.022075373637806924
posts_high&posts_very_high,226,0.0026131152327596194,0.002570941782011227,0.02857710834850941,0.5619469026548672,0.43805309734513276,long,0.5619469026548672,0.022075373637806924
exclamation_heavy,839,0.001461381539785443,0.0013889347179301126,0.025364017719980408,0.5196662693682956,0.4803337306317044,long,0.5196662693682956,0.021997287241279927
has_exclamation&exclamation_heavy,839,0.001461381539785443,0.0013889347179301126,0.025364017719980408,0.5196662693682956,0.4803337306317044,long,0.5196662693682956,0.021997287241279927
attack_heavy&deal_over_tariff,113,0.0034285625822205634,0.00396042521454798,0.027022861437032985,0.6017699115044248,0.39823008849557523,long,0.6017699115044248,0.021932178513647455
has_market_brag&short_posts,82,0.004216783971077826,0.0030959276883010256,0.022643758648075742,0.573170731707317,0.4268292682926829,long,0.573170731707317,0.021886296785541565
attack_heavy&has_china,140,0.0031728455462756997,0.003933332008267065,0.02722695335716983,0.5785714285714286,0.42142857142857143,long,0.5785714285714286,0.021720505695553793
has_positive&exclamation_heavy,808,0.0014539312152660095,0.0013523909926852484,0.025601122372996724,0.5185643564356436,0.4814356435643564,long,0.5185643564356436,0.021431481976962374
has_tariff&lots_of_excl,297,0.002283245033069361,0.002412368670639209,0.027773142809331876,0.5420875420875421,0.45791245791245794,long,0.5420875420875421,0.02133045762533396
has_iran&open_deal,22,0.00832629194916498,0.0015862796424790382,0.04647131069738769,0.5454545454545454,0.45454545454545453,long,0.5454545454545454,0.021302056897775107
deal_only&volume_spike,24,0.006506582451157363,0.009210832893483123,0.022608407530242233,0.6666666666666666,0.3333333333333333,long,0.6666666666666666,0.021250409299577312
tariff_only&tariff_rising,56,0.005477777964725455,0.00204885166261759,0.03051804183383362,0.5178571428571429,0.48214285714285715,long,0.5178571428571429,0.021227967255709048
has_night_post&lots_of_excl,698,0.0015064018121537508,0.0019570535332703587,0.025342429553840563,0.5329512893982808,0.4670487106017192,long,0.5329512893982808,0.0212107516033531
has_night_post&china_streak_3d,72,0.004819066876016517,0.002022712108462943,0.02461744515053493,0.5138888888888888,0.4861111111111111,long,0.5138888888888888,0.021013501679973623
open_deal&deal_only,45,0.005836741196728807,0.0020324830167521846,0.031756200674176324,0.5333333333333333,0.4666666666666667,long,0.5333333333333333,0.02088216013273454
has_relief&has_night_post,88,0.003803632169044735,0.0031789541193881776,0.029413917641182397,0.5795454545454546,0.42045454545454547,long,0.5795454545454546,0.02067889613143634
posts_high&attack_heavy,237,0.0024267000980588696,0.002600650596371379,0.025964716346921775,0.5527426160337553,0.4472573839662447,long,0.5527426160337553,0.020649675453619332
attack_heavy&open_deal,46,0.0058289014147672805,0.0015862796424790382,0.03337377666711106,0.5217391304347826,0.4782608695652174,long,0.5217391304347826,0.020626191043856046
has_market_brag&volume_spike,36,0.005372812412154256,0.006159303679947659,0.023742150536330626,0.6388888888888888,0.3611111111111111,long,0.6388888888888888,0.02059578091325798
posts_high&has_china,197,0.0026205225167418578,0.0038216562933068854,0.027613954784897938,0.5583756345177665,0.4416243654822335,long,0.5583756345177665,0.02053749486192249
posts_high&has_tariff,176,0.002876125280183646,0.002103412309244934,0.02729658675177727,0.5340909090909091,0.4659090909090909,long,0.5340909090909091,0.0203788334094533
attack_heavy&pre_action,43,0.004768295277456113,0.005561870457397644,0.02579382087636132,0.6511627906976745,0.3488372093023256,long,0.6511627906976745,0.020360429956601495
attack_heavy&positive_heavy,250,0.0023109748280009924,0.002570941782011227,0.025789815232357093,0.556,0.444,long,0.556,0.020316084519601225
deal_heavy&attack_heavy,80,0.003944692658952706,0.0027430184558171478,0.030817747380660798,0.575,0.425,long,0.575,0.020287382152254084
posts_high&pre_tariff,80,0.00430686197110106,0.0029640872092271398,0.026964130047778402,0.525,0.475,long,0.525,0.020223915887890482
has_relief&exclamation_heavy,89,0.003738819435587304,0.0031215837154374704,0.02925270650736912,0.5730337078651685,0.42696629213483145,long,0.5730337078651685,0.0202120174447905
attack_heavy&all_caps_heavy,24,0.007068536210898558,0.004840640576123989,0.026614733877334314,0.5833333333333334,0.4166666666666667,long,0.5833333333333334,0.02020002476926874
has_positive&has_exclamation,873,0.0013098475647949806,0.0012818732954702483,0.025681168777263834,0.5166093928980527,0.4833906071019473,long,0.5166093928980527,0.019993562150757038
open_tariff&has_all_caps,24,0.006077484868754386,0.0039036397156062552,0.02441801768853316,0.6666666666666666,0.3333333333333333,long,0.6666666666666666,0.01984898246391178
posts_high&deal_only,107,0.0033641736971397663,0.003861032163644973,0.02705186719073528,0.5700934579439252,0.42990654205607476,long,0.5700934579439252,0.01983884375792727
posts_high&lots_of_excl,399,0.0018412062555946225,0.0022497123882954106,0.02606025923571446,0.5388471177944862,0.46115288220551376,long,0.5388471177944862,0.01981775494332597
positive_heavy&sig_potus,49,0.004609158238638765,0.00324677704670151,0.018739130218523345,0.6122448979591837,0.3877551020408163,long,0.6122448979591837,0.019753535308451853
has_china&tariff_rising,49,0.004931138184644471,0.005561870457397644,0.026713369666989537,0.5714285714285714,0.42857142857142855,long,0.5714285714285714,0.019724552738577886
has_tariff&has_night_post,289,0.002156600001275958,0.0022497123882954106,0.02713758726596752,0.5363321799307958,0.46366782006920415,long,0.5363321799307958,0.01966311765869256
has_action&pre_tariff,36,0.006208641607025734,0.004404323752049577,0.028856495767996745,0.5277777777777778,0.4722222222222222,long,0.5277777777777778,0.019660698422248157
has_russia&sig_potus,34,0.0054246338792219365,0.002918487559855132,0.019600633352909288,0.6176470588235294,0.38235294117647056,long,0.6176470588235294,0.01953665773925631
has_attack&pre_tariff,101,0.003401745052870948,0.00324677704670151,0.02818950819046859,0.5643564356435643,0.43564356435643564,long,0.5643564356435643,0.0192937181835508
posts_high&has_relief,64,0.004039452925686339,0.0035906139262803505,0.031502530315425686,0.59375,0.40625,long,0.59375,0.019187401397010112
has_attack&tariff_only,117,0.003242033778372855,0.0025412329676510748,0.027334784629058268,0.5470085470085471,0.452991452991453,long,0.5470085470085471,0.01918247224567727
attack_heavy&uppercase_phrase_heavy,35,0.0051555270831908345,0.005780240523021618,0.024632372659433358,0.6285714285714286,0.37142857142857144,long,0.6285714285714286,0.019171748858798063
has_positive&china_streak_3d,76,0.0041671629037158715,0.002648012515944931,0.02615597755915967,0.5263157894736842,0.47368421052631576,long,0.5263157894736842,0.019120254714283157
has_relief&positive_heavy,83,0.0037042309439664677,0.0031215837154374704,0.03000946137867429,0.5662650602409639,0.43373493975903615,long,0.5662650602409639,0.0191098319145834
tariff_heavy&has_uppercase_phrase,28,-0.005918210161767626,-0.006759488703554584,0.02592202396232066,0.39285714285714285,0.6071428571428571,short,0.6071428571428571,0.019013422072078012
has_action&has_russia,76,0.0033767930945220793,0.005665620876473043,0.021239420411717964,0.6447368421052632,0.35526315789473684,long,0.6447368421052632,0.01897989191476629
attack_heavy&has_uppercase_phrase,144,0.0029035362932040235,0.0030959276883010256,0.02627655363475637,0.5416666666666666,0.4583333333333333,long,0.5416666666666666,0.018872985905826152
has_russia&tariff_only,49,-0.004399038805503768,-0.00450438667394204,0.02620207738243343,0.3877551020408163,0.6122448979591837,short,0.6122448979591837,0.018853023452159005
posts_high&open_tariff,45,0.004353474014978755,0.00390104062922636,0.030959463965585975,0.6444444444444445,0.35555555555555557,long,0.6444444444444445,0.01882035008249144
posts_high&has_positive,400,0.0017398961414910362,0.0023310405294673098,0.026223268258594192,0.54,0.46,long,0.54,0.01879087832810319
has_uppercase_phrase&volume_drop,31,-0.005754344097744994,-0.0030394580548134265,0.021616533509054736,0.41935483870967744,0.5806451612903226,short,0.5806451612903226,0.018603192773546627
has_deal&pre_relief,24,0.006451762597549884,0.006377994408362286,0.03307902486112607,0.5833333333333334,0.4166666666666667,long,0.5833333333333334,0.018437447356499027
has_deal&pre_action,47,0.004310123936327384,0.00571421707895059,0.028829840130331626,0.6170212765957447,0.3829787234042553,long,0.6170212765957447,0.018232189548490704
has_attack&all_caps_heavy,25,0.00647531097588963,0.00390104062922636,0.026222654862559012,0.56,0.44,long,0.56,0.018130870732490964
has_relief&has_action,29,0.005419259190133939,0.00590540324599198,0.034138343416350234,0.6206896551724138,0.3793103448275862,long,0.6206896551724138,0.018113961023658323
short_posts&tariff_rising,38,0.005315796177967832,0.0038661788307107203,0.027880605110535105,0.5526315789473685,0.4473684210526316,long,0.5526315789473685,0.01810905621905977
has_exclamation&tariff_streak_3d,65,0.004284979633669927,0.002229769461606468,0.03020343310346635,0.5230769230769231,0.47692307692307695,long,0.5230769230769231,0.01807053459380204
has_positive,881,0.001186605071317289,0.0012643485307313185,0.025635466556812876,0.5130533484676504,0.4869466515323496,long,0.5130533484676504,0.018069938759344414
has_relief&has_attack,76,0.0036519514114356382,0.0031789541193881776,0.030894354276726873,0.5657894736842105,0.4342105263157895,long,0.5657894736842105,0.018013024931954027
has_action&deal_over_tariff,70,0.0033365097581297813,0.005837387270770211,0.02939433711449927,0.6428571428571429,0.35714285714285715,long,0.6428571428571429,0.01794551363208042
has_deal&tariff_streak_3d,27,0.005802246357044623,0.0026918498951153946,0.024816267161243265,0.5925925925925926,0.4074074074074074,long,0.5925925925925926,0.01786628531276927
short_posts&deal_over_tariff,130,0.0026603862628772476,0.003772294342680005,0.02618416743823765,0.5846153846153846,0.4153846153846154,long,0.5846153846153846,0.017733179607961686
pre_action&short_posts,50,-0.004976247776284717,3.724581616348921e-06,0.025205353048951173,0.5,0.5,short,0.5,0.017593692737377004
exclamation_heavy&tariff_streak_3d,61,0.0042583779872864816,0.002229769461606468,0.030536294071888456,0.5245901639344263,0.47540983606557374,long,0.5245901639344263,0.017447341794146764
posts_high,402,0.0016180205502968042,0.0021410977025237976,0.026239622439818325,0.5373134328358209,0.4626865671641791,long,0.5373134328358209,0.017431098533298776
posts_high&exclamation_heavy,402,0.0016180205502968042,0.0021410977025237976,0.026239622439818325,0.5373134328358209,0.4626865671641791,long,0.5373134328358209,0.017431098533298776
posts_high&has_exclamation,402,0.0016180205502968042,0.0021410977025237976,0.026239622439818325,0.5373134328358209,0.4626865671641791,long,0.5373134328358209,0.017431098533298776
posts_low&silence_day,227,0.0022336295708604973,0.0018134885403308099,0.02455163868737231,0.5176991150442478,0.4823008849557522,long,0.5176991150442478,0.017422140099067018
silence_day,227,0.0022336295708604973,0.0018134885403308099,0.02455163868737231,0.5176991150442478,0.4823008849557522,long,0.5176991150442478,0.017422140099067018
tariff_streak_3d,66,0.004162809663198317,0.0021395087233974097,0.029986628343391553,0.5151515151515151,0.48484848484848486,long,0.5151515151515151,0.017421819235612663
deal_heavy&has_russia,61,0.003561585318214607,0.004076222506584015,0.029869447223621802,0.6229508196721312,0.3770491803278688,long,0.6229508196721312,0.017328542326842333
has_night_post&sig_potus,59,0.003913163752901249,0.003236324523338885,0.020416814427865117,0.576271186440678,0.423728813559322,long,0.576271186440678,0.01732131793431481
has_all_caps&volume_spike,45,0.003859827519326596,0.005561870457397644,0.022228184493536095,0.6666666666666666,0.3333333333333333,long,0.6666666666666666,0.017261673429277306
has_action&has_attack,148,0.0024704481068857295,0.0039036397156062552,0.02519007507505667,0.5743243243243243,0.42567567567567566,long,0.5743243243243243,0.01726091459590417
has_deal&china_streak_3d,30,0.0062888463537157085,0.002960391794764483,0.029270085704958586,0.5,0.5,long,0.5,0.017222715043071032
sig_potus,61,0.003839380791056596,0.003236324523338885,0.020225310398462547,0.5737704918032787,0.4262295081967213,long,0.5737704918032787,0.017205381807641317
sig_potus&has_exclamation,61,0.003839380791056596,0.003236324523338885,0.020225310398462547,0.5737704918032787,0.4262295081967213,long,0.5737704918032787,0.017205381807641317
high_emotion&has_uppercase_phrase,21,-0.006055330327844782,-0.004115226337448541,0.01795644938564477,0.38095238095238093,0.6190476190476191,short,0.6190476190476191,0.01717795831471601
silence_day&volume_drop,146,0.002729389641867952,0.003490776435823184,0.02500018316206255,0.5205479452054794,0.4794520547945205,long,0.5205479452054794,0.01716732794324171
posts_very_high&china_streak_3d,26,0.006728013517701423,0.0006467438115634883,0.024448134850932834,0.5,0.5,long,0.5,0.017153136107237794
has_china&tariff_streak_3d,23,0.005847045510780505,0.005561870457397644,0.02674918039053314,0.6086956521739131,0.391304347826087,long,0.6086956521739131,0.01706870576103625
short_posts&deal_only,107,0.0028302315848414607,0.0035841634708120296,0.02659205574278636,0.5794392523364486,0.4205607476635514,long,0.5794392523364486,0.016963746502197823
has_russia&has_all_caps,69,0.0034310393352578322,0.00390104062922636,0.02206789230124853,0.5942028985507246,0.4057971014492754,long,0.5942028985507246,0.016934992491179628
deal_heavy&uppercase_phrase_heavy,22,0.0061092277807936165,0.005671055490209631,0.02754093896453647,0.5909090909090909,0.4090909090909091,long,0.5909090909090909,0.01693239261018234
posts_very_high&uppercase_phrase_heavy,37,0.004283917857793479,0.00590540324599198,0.02781698513892367,0.6486486486486487,0.35135135135135137,long,0.6486486486486487,0.016902522180494005
has_exclamation&tariff_rising,114,0.0031111550741244405,0.0013529264066741709,0.028958117633001126,0.5087719298245614,0.49122807017543857,long,0.5087719298245614,0.016900409460320998
has_positive&tariff_rising,114,0.0031111550741244405,0.0013529264066741709,0.028958117633001126,0.5087719298245614,0.49122807017543857,long,0.5087719298245614,0.016900409460320998
has_tariff&tariff_rising,114,0.0031111550741244405,0.0013529264066741709,0.028958117633001126,0.5087719298245614,0.49122807017543857,long,0.5087719298245614,0.016900409460320998
tariff_rising,114,0.0031111550741244405,0.0013529264066741709,0.028958117633001126,0.5087719298245614,0.49122807017543857,long,0.5087719298245614,0.016900409460320998
posts_high&has_night_post,392,0.00157414057959226,0.0023310405294673098,0.026415589485525102,0.5408163265306123,0.45918367346938777,long,0.5408163265306123,0.01685529438675494
sig_potus&exclamation_heavy,59,0.0038033170562559527,0.003236324523338885,0.02048409582972344,0.576271186440678,0.423728813559322,long,0.576271186440678,0.01683508999273768
has_attack&uppercase_phrase_heavy,42,0.0041832070469955485,0.00590817344788408,0.025818323474948317,0.6190476190476191,0.38095238095238093,long,0.6190476190476191,0.016782554384347524
deal_heavy&short_posts,64,0.0035070396816237956,0.00453515492902723,0.02977354616868979,0.59375,0.40625,long,0.59375,0.016658438487713027
high_emotion&has_exclamation,40,-0.004570054038019289,-0.0021552936881694684,0.021125583873277304,0.425,0.575,short,0.575,0.01661954675871929
positive_heavy&has_russia,213,0.002031074703129836,0.002600650596371379,0.026653250120065766,0.5539906103286385,0.4460093896713615,long,0.5539906103286385,0.016421699573730256
open_tariff&has_uppercase_phrase,27,0.0053022655808235555,0.004076222506584015,0.030959285723020986,0.5925925925925926,0.4074074074074074,long,0.5925925925925926,0.016326743788817957
has_attack&has_russia,249,0.0018616884425506656,0.0020324830167521846,0.02662512855516076,0.5542168674698795,0.4457831325301205,long,0.5542168674698795,0.016281200158923943
has_iran&has_russia,57,0.004237085883971269,0.001219570521634017,0.031950890585998634,0.5087719298245614,0.49122807017543857,long,0.5087719298245614,0.016275256323652124
posts_high&volume_spike,113,0.002627577082524726,0.0039062388019861505,0.02949565390317231,0.5752212389380531,0.4247787610619469,long,0.5752212389380531,0.01606680786631375
has_market_brag&has_uppercase_phrase,68,0.003397017746280048,0.003772294342680005,0.021837987861148947,0.5735294117647058,0.4264705882352941,long,0.5735294117647058,0.01606600753589416
posts_very_high&has_uppercase_phrase,127,0.0026549324272442483,0.0035841634708120296,0.028036687300319336,0.5354330708661418,0.4645669291338583,long,0.5354330708661418,0.016019926685350724
pre_tariff&has_night_post,132,0.002591835542891038,0.0032415507850201974,0.028720294006450754,0.5378787878787878,0.4621212121212121,long,0.5378787878787878,0.016016913285484307
positive_heavy&tariff_rising,94,0.0030847003899226737,0.0020934408459004628,0.02767644289024166,0.5319148936170213,0.46808510638297873,long,0.5319148936170213,0.01590812760254515
has_action&attack_heavy,102,0.0026615813766209424,0.0038613484612666227,0.026232805766984866,0.5882352941176471,0.4117647058823529,long,0.5882352941176471,0.015812149562962202
exclamation_heavy&tariff_rising,111,0.0029091106927843693,0.0014727439734667502,0.0290433300105693,0.5135135135135135,0.4864864864864865,long,0.5135135135135135,0.01573887234513664
has_action&uppercase_phrase_heavy,27,0.004538190558206388,0.00590540324599198,0.030175699430616175,0.6666666666666666,0.3333333333333333,long,0.6666666666666666,0.015720753242485657
has_night_post,860,0.0010165601225104381,0.0013123922352357154,0.02501147371668989,0.5209302325581395,0.4790697674418605,long,0.5209302325581395,0.015529656783951068
attack_heavy&has_all_caps,101,0.002628003951559437,0.00390104062922636,0.023515405835429604,0.5841584158415841,0.4158415841584158,long,0.5841584158415841,0.015428273840140658
has_exclamation,953,0.0009731418401517363,0.0012498463824248685,0.02531159210405295,0.5120671563483735,0.4879328436516264,long,0.5120671563483735,0.015383300265839707
has_market_brag&pre_tariff,30,0.004680305694542031,0.007685061849838304,0.02407771734475779,0.6,0.4,long,0.6,0.015381054029523323
has_russia&tariff_rising,38,0.004512502977231597,0.002929076429710409,0.026632091022440227,0.5526315789473685,0.4473684210526316,long,0.5526315789473685,0.01537251756228944
attack_heavy&sig_potus,28,0.004511523243649098,0.002918487559855132,0.01874192023476348,0.6428571428571429,0.35714285714285715,long,0.6428571428571429,0.0153467595472924
has_tariff&uppercase_phrase_heavy,26,0.0048844700225697405,0.005671055490209631,0.025799165697143467,0.6153846153846154,0.38461538461538464,long,0.6153846153846154,0.015326774128395136
positive_heavy&tariff_only,119,0.0028294378822761664,-0.001212121358401319,0.025749840693569837,0.4957983193277311,0.5042016806722689,long,0.4957983193277311,0.015303074579291755
has_positive&has_night_post,782,0.0010444882340788868,0.0013523909926852484,0.025169011783746188,0.5217391304347826,0.4782608695652174,long,0.5217391304347826,0.01523913578208183
has_relief&short_posts,45,0.0036336256452761543,0.004076222506584015,0.034186062704910966,0.6222222222222222,0.37777777777777777,long,0.6222222222222222,0.015166730035564836
has_tariff&pre_tariff,140,0.0023918077415778457,0.0029640872092271398,0.028030066335630745,0.5357142857142857,0.4642857142857143,long,0.5357142857142857,0.015160848669653405
pre_tariff,140,0.0023918077415778457,0.0029640872092271398,0.028030066335630745,0.5357142857142857,0.4642857142857143,long,0.5357142857142857,0.015160848669653405
pre_tariff&has_exclamation,140,0.0023918077415778457,0.0029640872092271398,0.028030066335630745,0.5357142857142857,0.4642857142857143,long,0.5357142857142857,0.015160848669653405
open_deal&has_all_caps,28,0.0053317331747138085,0.00295670698893602,0.032399952633179865,0.5357142857142857,0.4642857142857143,long,0.5357142857142857,0.015114042897048891
posts_low&has_exclamation,132,-0.0023704520875313375,-0.0020206605709404135,0.027747501517394725,0.44696969696969696,0.553030303030303,short,0.553030303030303,0.015061460117775226
posts_high&has_uppercase_phrase,198,0.0020077560276535403,0.0026041712510807002,0.027248277481721626,0.5252525252525253,0.47474747474747475,long,0.5252525252525253,0.01483924080991836
pre_tariff&pre_action,22,0.006951914609290632,-0.0012532413707036505,0.033368364215917865,0.45454545454545453,0.5454545454545454,long,0.45454545454545453,0.014821531747437963
pre_tariff&lots_of_excl,127,0.0024150526820253294,0.00324677704670151,0.028961909265031362,0.5433070866141733,0.4566929133858268,long,0.5433070866141733,0.014786787754048339
positive_heavy&has_uppercase_phrase,231,0.0018688221664823672,0.0017005365648643522,0.027152116984847402,0.5194805194805194,0.4805194805194805,long,0.5194805194805194,0.014755136544185532
deal_heavy&has_all_caps,50,0.003701444799459377,0.004018323860565998,0.03084534800046368,0.56,0.44,long,0.56,0.014656973620158276
has_china&has_all_caps,86,0.002947803650418938,0.0029237138215364444,0.026600121659151196,0.5348837209302325,0.46511627906976744,long,0.5348837209302325,0.014622012754259088
pre_tariff&tariff_rising,48,0.003891053246309601,0.0024608096783609312,0.02954649053323035,0.5416666666666666,0.4583333333333333,long,0.5416666666666666,0.014602254154722098
sig_potus&lots_of_excl,55,0.003378478731320265,0.003236324523338885,0.020015799609159775,0.5818181818181818,0.41818181818181815,long,0.5818181818181818,0.014577727334343113
has_tariff&has_action,79,0.0029411709929307427,0.00390104062922636,0.026905470969310577,0.5569620253164557,0.4430379746835443,long,0.5569620253164557,0.014559933954284216
has_night_post&exclamation_heavy,765,0.0009997531093197567,0.0014727439734667502,0.02521989082331415,0.5228758169934641,0.477124183006536,long,0.5228758169934641,0.014458459980690657
has_positive&sig_potus,58,0.0033337798146304554,0.002918487559855132,0.020244926970370152,0.5689655172413793,0.43103448275862066,long,0.5689655172413793,0.014445642268162785
has_russia&uppercase_phrase_heavy,24,0.004147318215867206,0.005970754809369261,0.02411500889484099,0.7083333333333334,0.2916666666666667,long,0.7083333333333334,0.014391652358918114
pre_relief&lots_of_excl,41,0.004188457774657584,0.0026076919057900216,0.02885042612522792,0.5365853658536586,0.4634146341463415,long,0.5365853658536586,0.014390798557956797
pre_tariff&pre_deal,49,0.004026042554344795,0.002229769461606468,0.03128067739563912,0.5102040816326531,0.4897959183673469,long,0.5102040816326531,0.01437872340837427
positive_heavy&short_posts,280,0.0016085064859162922,0.0019549917998351596,0.0240786462201543,0.5321428571428571,0.46785714285714286,long,0.5321428571428571,0.014322870628489763
positive_heavy&pre_tariff,114,0.0025468775494563137,0.0024608096783609312,0.02955612844491878,0.5263157894736842,0.47368421052631576,long,0.5263157894736842,0.014312216259940424
posts_very_high&has_russia,114,0.002326323578860366,0.0026041712510807002,0.026434888855811578,0.5701754385964912,0.4298245614035088,long,0.5701754385964912,0.014162210771205682
china_streak_3d,79,0.0031110660330621017,0.0019961762317375342,0.026397632934132814,0.5063291139240507,0.4936708860759494,long,0.5063291139240507,0.014000891011120368
has_exclamation&china_streak_3d,79,0.0031110660330621017,0.0019961762317375342,0.026397632934132814,0.5063291139240507,0.4936708860759494,long,0.5063291139240507,0.014000891011120368
pre_tariff&tariff_only,62,0.0029562608575024194,0.004650700968145349,0.025530103948687207,0.5967741935483871,0.4032258064516129,long,0.5967741935483871,0.013891483660894476
has_positive&tariff_streak_3d,61,0.0034805044397089877,0.0020492479851883516,0.030746556600531886,0.5081967213114754,0.4918032786885246,long,0.5081967213114754,0.013814620800640862
has_night_post&has_exclamation,831,0.0009179748631726135,0.0013088914700178922,0.025067478292369095,0.5210589651022864,0.4789410348977136,long,0.5210589651022864,0.013788536515563854
has_tariff&china_streak_3d,26,0.00539540102253468,-0.000333472666280199,0.025376397752628337,0.5,0.5,long,0.5,0.013755627548781398
has_tariff&has_uppercase_phrase,117,0.0025586643802504626,-0.0013926884239073845,0.027500808053034457,0.49572649572649574,0.5042735042735043,long,0.49572649572649574,0.013719819126727883
has_china&has_russia,113,0.0023408176900680507,0.002600650596371379,0.027893962779478698,0.5486725663716814,0.45132743362831856,long,0.5486725663716814,0.013652747510796719
has_market_brag&has_china,69,0.0029844119148682803,0.003676459566739121,0.02356843489109803,0.5507246376811594,0.4492753623188406,long,0.5507246376811594,0.013652677024568573
has_relief&pre_tariff,20,0.006724598820490935,-0.0016797006240683032,0.03160045439734545,0.45,0.55,long,0.45,0.013532994075629374
has_china&pre_tariff,64,0.003364290404286943,0.0010612651029194842,0.028735632369046915,0.5,0.5,long,0.5,0.013457161617147773
has_russia&has_night_post,265,0.0015041305357126208,0.0019839886102133164,0.02483425471757159,0.5471698113207547,0.4528301886792453,long,0.5471698113207547,0.01339771062595192
attack_heavy&deal_only,77,0.0025688403754146986,0.003861032163644973,0.02543853401990138,0.5844155844155844,0.4155844155844156,long,0.5844155844155844,0.013173593850677333
attack_heavy&open_tariff,36,0.0035736235899445235,0.0039036397156062552,0.03333179115222695,0.6111111111111112,0.3888888888888889,long,0.6111111111111112,0.013103286496463255
has_russia&pre_tariff,48,0.0033619765593141207,0.005391893874409637,0.028680841486917616,0.5625,0.4375,long,0.5625,0.01310200698282223
lots_of_excl&volume_spike,126,0.0020310841001417277,0.003933332008267065,0.029940445766627157,0.5714285714285714,0.42857142857142855,long,0.5714285714285714,0.01302792141677897
has_all_caps&has_uppercase_phrase,135,0.0020113000713551264,0.0035841634708120296,0.024794052646358273,0.5555555555555556,0.4444444444444444,long,0.5555555555555556,0.01298288613430699
lots_of_excl&short_posts,372,0.0012494804513761377,0.0024672463178653237,0.0232112733357653,0.5376344086021505,0.46236559139784944,long,0.5376344086021505,0.012956508715870228
has_russia&deal_only,66,0.002683622981313066,0.0039107286890964765,0.02166572863973847,0.5909090909090909,0.4090909090909091,long,0.5909090909090909,0.012882915005852867
posts_high&short_posts,233,0.0015312618139229155,0.0026076919057900216,0.026490363359187863,0.5493562231759657,0.45064377682403434,long,0.5493562231759657,0.012840485995121591
has_positive&pre_tariff,138,0.0020520454160482733,0.0024608096783609312,0.0280891818117978,0.5289855072463768,0.47101449275362317,long,0.5289855072463768,0.012751764551319916
exclamation_heavy&tariff_only,156,0.001981157999090406,0.0014308393456984314,0.026660387495750733,0.5128205128205128,0.48717948717948717,long,0.5128205128205128,0.012689566911621089
has_action&has_market_brag,39,0.0034334826007685637,0.00396042521454798,0.022648055321419173,0.5897435897435898,0.41025641025641024,long,0.5897435897435898,0.012645336289608062
has_action&deal_only,48,0.002815381332193711,0.006778681975686429,0.030356634529385678,0.6458333333333334,0.3541666666666667,long,0.6458333333333334,0.012597324067604517
tariff_heavy&has_russia,20,-0.005110112171328246,-0.008909492680585385,0.03304922259699037,0.45,0.55,short,0.55,0.012569214006512912
deal_heavy&pre_tariff,41,0.003815325853733329,0.002229769461606468,0.03209691857526505,0.5121951219512195,0.4878048780487805,long,0.5121951219512195,0.012512929619576223
pre_tariff&exclamation_heavy,134,0.001991328501107112,0.0029640872092271398,0.02829687887436953,0.5373134328358209,0.4626865671641791,long,0.5373134328358209,0.012385769882880173
short_posts&volume_spike,98,-0.002644619394827657,0.0018827893667157092,0.026979425380130914,0.5306122448979592,0.46938775510204084,short,0.46938775510204084,0.012288757450863514
attack_heavy&pre_relief,23,0.004889962710903053,0.0026076919057900216,0.03210563846031715,0.5217391304347826,0.4782608695652174,long,0.5217391304347826,0.012235532513098737
attack_heavy&short_posts,147,0.0018285486813367125,0.0038216562933068854,0.025291085467592872,0.5510204081632653,0.4489795918367347,long,0.5510204081632653,0.012216108420726138
has_tariff&has_relief,43,0.003477626521405145,0.0019571122301944577,0.029674065433352662,0.5348837209302325,0.46511627906976744,long,0.5348837209302325,0.012197660671295777
has_positive&has_russia,275,0.0013738603941051428,0.0019569948363462597,0.025373692871606426,0.5345454545454545,0.46545454545454545,long,0.5345454545454545,0.01217849414385007
has_market_brag&has_russia,55,0.002655264872548613,0.0035841634708120296,0.02202743273544983,0.6181818181818182,0.38181818181818183,long,0.6181818181818182,0.012173218640755119
positive_heavy&tariff_streak_3d,48,0.0033600295014503006,0.0021395087233974097,0.02943475747038514,0.5208333333333334,0.4791666666666667,long,0.5208333333333334,0.012124462107171344
has_russia&lots_of_excl,259,0.0013828204610561333,0.0020324830167521846,0.025991262237760833,0.5444015444015444,0.4555984555984556,long,0.5444015444015444,0.012115323850944507
has_russia&exclamation_heavy,279,0.0013466145965586342,0.0019571122301944577,0.025335258061591443,0.5376344086021505,0.46236559139784944,long,0.5376344086021505,0.012092956066428857
posts_high&china_streak_3d,46,0.003264892086042856,0.00371832582714704,0.022176970667423877,0.5434782608695652,0.45652173913043476,long,0.5434782608695652,0.012034551895020035
tariff_heavy&has_deal,39,-0.0034135230655814772,-0.00785870362389518,0.030074058080044423,0.4358974358974359,0.5641025641025641,short,0.5641025641025641,0.012025225222178153
has_relief&has_uppercase_phrase,39,0.0037284912455307316,0.0015747742625578098,0.03236015379698438,0.5128205128205128,0.48717948717948717,long,0.5128205128205128,0.011940728392505318
positive_heavy&volume_spike,120,0.0019203817336345085,0.003933332008267065,0.03006284930559549,0.5666666666666667,0.43333333333333335,long,0.5666666666666667,0.011920812471368307
has_uppercase_phrase&tariff_only,48,-0.002916056631062316,-0.0041946632087568325,0.02330999783737498,0.4166666666666667,0.5833333333333334,short,0.5833333333333334,0.011785102566412149
pre_relief&has_night_post,41,0.0034177224041523225,0.0026076919057900216,0.029435089235732174,0.5365853658536586,0.4634146341463415,long,0.5365853658536586,0.01174268842884366
deal_over_tariff&tariff_rising,23,0.004293504009722789,0.002229769461606468,0.027107592557191237,0.5652173913043478,0.43478260869565216,long,0.5652173913043478,0.011638347146907627
has_relief&pre_relief,43,0.003309964153657588,0.0026076919057900216,0.028737734872735187,0.5348837209302325,0.46511627906976744,long,0.5348837209302325,0.011609590429553894
pre_relief&has_exclamation,43,0.003309964153657588,0.0026076919057900216,0.028737734872735187,0.5348837209302325,0.46511627906976744,long,0.5348837209302325,0.011609590429553894
pre_relief,43,0.003309964153657588,0.0026076919057900216,0.028737734872735187,0.5348837209302325,0.46511627906976744,long,0.5348837209302325,0.011609590429553894
positive_heavy&uppercase_phrase_heavy,38,0.0032300543794655055,0.00481904648199083,0.02680827534423924,0.5789473684210527,0.42105263157894735,long,0.5789473684210527,0.011527648258863828
has_china&short_posts,154,0.0017188551118316612,0.003826486662750983,0.02560267353437599,0.538961038961039,0.461038961038961,long,0.538961038961039,0.011496271243854836
has_positive&volume_spike,133,0.0017883985719637952,0.0038361421203847446,0.029266904653817365,0.556390977443609,0.44360902255639095,long,0.556390977443609,0.011475462911120546
has_uppercase_phrase&lots_of_excl,270,0.001311319164225921,0.0019577634335986582,0.026091108340800192,0.5259259259259259,0.4740740740740741,long,0.5259259259259259,0.011332216695513432
pre_relief&exclamation_heavy,42,0.0032895694633709185,0.0020912330841739157,0.029085768811706793,0.5238095238095238,0.47619047619047616,long,0.5238095238095238,0.011167014938884943
positive_heavy&pre_relief,42,0.0032895694633709185,0.0020912330841739157,0.029085768811706793,0.5238095238095238,0.47619047619047616,long,0.5238095238095238,0.011167014938884943
has_positive&pre_relief,42,0.0032895694633709185,0.0020912330841739157,0.029085768811706793,0.5238095238095238,0.47619047619047616,long,0.5238095238095238,0.011167014938884943
has_tariff&tariff_streak_3d,31,0.004143555652215161,-0.001394700139469962,0.0357156019793237,0.4838709677419355,0.5161290322580645,long,0.4838709677419355,0.011163068465712815
tariff_streak_3d&tariff_rising,31,0.004143555652215161,-0.001394700139469962,0.0357156019793237,0.4838709677419355,0.5161290322580645,long,0.4838709677419355,0.011163068465712815
positive_heavy&all_caps_heavy,22,0.004340485948820921,0.0020877124294645943,0.025810986777338063,0.5454545454545454,0.45454545454545453,long,0.5454545454545454,0.011104736563440982
deal_heavy&pre_action,28,0.00344692209314986,0.00481904648199083,0.028976098797974775,0.6071428571428571,0.39285714285714285,long,0.6071428571428571,0.011073919785750619
high_emotion,72,-0.002405525570641256,-0.001930294005768829,0.02173799708645354,0.4583333333333333,0.5416666666666666,short,0.5416666666666666,0.011056262381567462
tariff_heavy&has_positive,56,-0.002810066717514183,-0.00195514524688456,0.028018375371046584,0.48214285714285715,0.5178571428571429,short,0.5178571428571429,0.010889817851304351
has_russia,285,0.0011935259944799703,0.0019569948363462597,0.025296553580831087,0.5368421052631579,0.4631578947368421,long,0.5368421052631579,0.010816851886119682
posts_high&all_caps_heavy,26,0.0038503007121156517,0.0020877124294645943,0.02824871290791482,0.5384615384615384,0.46153846153846156,long,0.5384615384615384,0.010571485326918869
has_china&volume_drop,31,-0.0034470935801628835,-0.003913722379261908,0.02242447863002101,0.45161290322580644,0.5483870967741935,short,0.5483870967741935,0.010524976820855094
has_night_post&high_emotion,43,-0.003120420574097498,-0.0017574653355419967,0.02368208841191896,0.4883720930232558,0.5116279069767442,short,0.5116279069767442,0.010468912880498905
has_positive&has_uppercase_phrase,286,0.0012088497768047264,0.0013123922352357154,0.026263117013914254,0.5104895104895105,0.48951048951048953,long,0.5104895104895105,0.01043619472553375
has_positive&high_emotion,25,-0.0037233707789330194,-0.004115226337448541,0.022689950314467546,0.44,0.56,short,0.56,0.010425438181012455
has_uppercase_phrase&has_exclamation,296,0.001173883451752371,0.0013533568404467955,0.02589925271902998,0.5135135135135135,0.4864864864864865,long,0.5135135135135135,0.01037104963642595
positive_heavy&china_streak_3d,63,0.0024913539276914098,0.0020492479851883516,0.02590635111325937,0.5238095238095238,0.47619047619047616,long,0.5238095238095238,0.010358076017952874
posts_high&pre_relief,31,0.0033914421026894795,0.0026076919057900216,0.030369766922349335,0.5483870967741935,0.45161290322580644,long,0.5483870967741935,0.010355056713717694
pre_deal&tariff_rising,35,0.0030615106966430375,0.0022497123882954106,0.027312410897380065,0.5714285714285714,0.42857142857142855,long,0.5714285714285714,0.010349795164658912
has_action&short_posts,103,-0.0020871176241988843,0.00126897243934887,0.027803898765723683,0.5145631067961165,0.4854368932038835,short,0.4854368932038835,0.010282490510479306
posts_very_high&tariff_rising,30,0.0031281540072368016,0.003903609298020694,0.024158289337068307,0.6,0.4,long,0.6,0.010280163078682649
has_night_post&tariff_streak_3d,57,0.002672390842777497,0.0020492479851883516,0.02982621407591198,0.5087719298245614,0.49122807017543857,long,0.5087719298245614,0.01026503761175104
has_russia&has_exclamation,284,0.0011290460184517042,0.0019549917998351596,0.025317734629741764,0.5352112676056338,0.4647887323943662,long,0.5352112676056338,0.010183476405260138
has_russia&pre_action,31,0.0026969958325015813,0.005769371295548442,0.02232295533536782,0.6774193548387096,0.3225806451612903,long,0.6774193548387096,0.010172289772289393
has_iran&volume_spike,38,0.003687213526108691,-0.0028754644289514797,0.03419677966737682,0.4473684210526316,0.5526315789473685,long,0.4473684210526316,0.010168465309704671
exclamation_heavy&volume_spike,126,0.0016056347798977483,0.0038711904611854475,0.02979500227508189,0.5634920634920635,0.4365079365079365,long,0.5634920634920635,0.01015593337288702
tariff_heavy&has_night_post,54,-0.0026618892670517056,-0.0026432137586469007,0.028749702009432655,0.48148148148148145,0.5185185185185185,short,0.5185185185185185,0.010142642931660999
has_uppercase_phrase&exclamation_heavy,280,0.001156725722861907,0.0014827974714989312,0.0264934558112048,0.5178571428571429,0.48214285714285715,long,0.5178571428571429,0.010023499659102299
pre_tariff&has_uppercase_phrase,55,0.0026296643896971477,0.003766505822492272,0.02632730364452689,0.509090909090909,0.4909090909090909,long,0.509090909090909,0.009928348471206492
high_emotion&short_posts,62,-0.0023632885979365864,-0.0018520763793833384,0.022490179023174326,0.46774193548387094,0.532258064516129,short,0.532258064516129,0.009904552418509602
posts_high&uppercase_phrase_heavy,43,0.0024718375979432454,0.005780240523021618,0.02683409510546626,0.6046511627906976,0.3953488372093023,long,0.6046511627906976,0.00980074419429884
has_positive&short_posts,444,0.0008881080301134195,0.0012681953967694781,0.02313027598528363,0.5202702702702703,0.4797297297297297,long,0.5202702702702703,0.00973612837744647
exclamation_heavy&short_posts,427,0.0008960518303853488,0.0013889347179301126,0.023042788707122126,0.5245901639344263,0.47540983606557374,long,0.5245901639344263,0.009713309165363783
tariff_heavy&deal_heavy,28,-0.0033977517288463327,-0.003802931584158231,0.02943764161328448,0.4642857142857143,0.5357142857142857,short,0.5357142857142857,0.009631720812071962
has_iran&pre_tariff,23,0.004596184919002754,-0.0033956104393175757,0.030427941094572114,0.43478260869565216,0.5652173913043478,long,0.43478260869565216,0.009583708052838227
has_action&tariff_only,28,-0.0033029298753107306,-0.0014035959238954954,0.02535497215538559,0.4642857142857143,0.5357142857142857,short,0.5357142857142857,0.009362926122811897
posts_low&has_night_post,102,-0.0017187217775245494,-0.0018726991935368864,0.02569286787837646,0.46078431372549017,0.5392156862745098,short,0.5392156862745098,0.00935983479792039
pre_tariff&volume_spike,41,0.0027211978403233654,0.005561870457397644,0.03143304459121982,0.5365853658536586,0.4634146341463415,long,0.5365853658536586,0.009349553478461907
has_action&has_all_caps,52,0.002130877379727426,0.003933332008267065,0.029537698510340667,0.5961538461538461,0.40384615384615385,long,0.5961538461538461,0.009160485280166965
posts_low&exclamation_heavy,40,0.003033797859737497,-0.002721108257854654,0.03342815252656162,0.475,0.525,long,0.475,0.009114025637448802
open_tariff&short_posts,29,0.002334931540096636,0.003944903329221816,0.02526491674754293,0.7241379310344828,0.27586206896551724,long,0.7241379310344828,0.009105303941128696
has_uppercase_phrase,298,0.0010300631065107728,0.0013123922352357154,0.02588289173302823,0.5100671140939598,0.4899328859060403,long,0.5100671140939598,0.00906983295289319
tariff_heavy&pre_tariff,38,0.002648643983171325,0.0032415507850201974,0.028653862839765332,0.5526315789473685,0.4473684210526316,long,0.5526315789473685,0.009023002611409413
posts_very_high&deal_only,66,0.002089779565996536,0.0028234153885499103,0.028336841791321975,0.5303030303030303,0.4696969696969697,long,0.5303030303030303,0.009003192890882977
has_uppercase_phrase&china_streak_3d,32,0.0031637239797751744,2.144340408150036e-05,0.022864365717222015,0.5,0.5,long,0.5,0.00894836271960607
exclamation_heavy&china_streak_3d,73,0.0021143466709161026,-0.0010111037747979612,0.025673032092898933,0.4931506849315068,0.5068493150684932,long,0.4931506849315068,0.008908760157636246
has_russia&open_tariff,29,0.002518622761482487,0.003944903329221816,0.0334676833044411,0.6551724137931034,0.3448275862068966,long,0.6551724137931034,0.008886233603244302
has_tariff&tariff_heavy,57,-0.002291177878848423,-0.0019455893851024753,0.028042075133005426,0.49122807017543857,0.5087719298245614,short,0.5087719298245614,0.008800743785346529
tariff_heavy&has_exclamation,57,-0.002291177878848423,-0.0019455893851024753,0.028042075133005426,0.49122807017543857,0.5087719298245614,short,0.5087719298245614,0.008800743785346529
tariff_heavy,57,-0.002291177878848423,-0.0019455893851024753,0.028042075133005426,0.49122807017543857,0.5087719298245614,short,0.5087719298245614,0.008800743785346529
tariff_heavy&exclamation_heavy,57,-0.002291177878848423,-0.0019455893851024753,0.028042075133005426,0.49122807017543857,0.5087719298245614,short,0.5087719298245614,0.008800743785346529
has_action&has_china,87,-0.0018961782054708,0.0019193506354597822,0.02835846405861014,0.5057471264367817,0.4942528735632184,short,0.4942528735632184,0.008741540616197366
pre_relief&deal_over_tariff,20,0.003542548603082446,0.006377994408362286,0.033063555085096535,0.55,0.45,long,0.55,0.008713517439098198
has_iran&has_uppercase_phrase,55,0.002562142246952106,-0.0019647011086666444,0.033292601633096955,0.45454545454545453,0.5454545454545454,long,0.45454545454545453,0.00863697975253186
has_attack&pre_action,58,0.00189654682848393,0.004018323860565998,0.025068676002550413,0.5862068965517241,0.41379310344827586,long,0.5862068965517241,0.008466979159187926
has_attack&china_streak_3d,57,0.002202224865804059,0.0019961762317375342,0.02675957979695096,0.5087719298245614,0.49122807017543857,long,0.5087719298245614,0.00845906246764303
pre_deal&open_tariff,27,0.002716327069861082,0.003236324523338885,0.03277865893940323,0.5925925925925926,0.4074074074074074,long,0.5925925925925926,0.00836411821328727
has_deal&pre_tariff,78,0.0019431398802019024,-0.0012532413707036505,0.03002504324181098,0.48717948717948717,0.5128205128205128,long,0.48717948717948717,0.008360656109835763
open_deal&short_posts,46,0.0022528660138770836,0.0016102035587570729,0.030461615113476705,0.5434782608695652,0.45652173913043476,long,0.5434782608695652,0.00830417430102307
posts_low&short_posts,131,-0.0013287383259671542,-0.0017574653355419967,0.022849955207275705,0.4580152671755725,0.5419847328244275,short,0.5419847328244275,0.008242560866033345
has_china&volume_spike,69,0.0017960979612324903,0.00396042521454798,0.02918975057651776,0.5507246376811594,0.4492753623188406,long,0.5507246376811594,0.008216541840966199
has_tariff&pre_action,39,0.002556939214863725,0.001219570521634017,0.029304976626814142,0.5128205128205128,0.48717948717948717,long,0.5128205128205128,0.008188759117359145
posts_very_high&short_posts,156,0.0011786763475432303,0.0025712732357688894,0.028141408035423403,0.5512820512820513,0.44871794871794873,long,0.5512820512820513,0.008115788501030292
has_tariff&tariff_only,163,0.0012596823419781802,0.001204658313077811,0.02739045073504525,0.5030674846625767,0.49693251533742333,long,0.5030674846625767,0.00809060673576165
has_exclamation&tariff_only,163,0.0012596823419781802,0.001204658313077811,0.02739045073504525,0.5030674846625767,0.49693251533742333,long,0.5030674846625767,0.00809060673576165
tariff_only,163,0.0012596823419781802,0.001204658313077811,0.02739045073504525,0.5030674846625767,0.49693251533742333,long,0.5030674846625767,0.00809060673576165
has_attack&volume_drop,72,0.0017586501761550895,0.0018541865142428504,0.021412385332523067,0.5416666666666666,0.4583333333333333,long,0.5416666666666666,0.008083097524412169
has_relief&has_china,37,0.0022345515115294065,0.003968180842185642,0.024793517808611172,0.5945945945945946,0.40540540540540543,long,0.5945945945945946,0.008081876122695977
has_deal&sig_potus,24,0.0028236733097149655,0.0035983748689434325,0.01573680396648044,0.5833333333333334,0.4166666666666667,long,0.5833333333333334,0.008069318610637009
tariff_heavy&volume_spike,23,-0.0032094543574978894,-0.005660273783213987,0.03106905742871676,0.4782608695652174,0.5217391304347826,short,0.5217391304347826,0.008030609937559172
tariff_heavy&positive_heavy,50,-0.00217875346296583,-0.00195514524688456,0.028171785233217974,0.48,0.52,short,0.52,0.008011179010623422
posts_low&high_emotion,60,-0.001856148083669538,-0.001930294005768829,0.019766991901727263,0.45,0.55,short,0.55,0.007907713677761627
has_night_post&volume_drop,123,-0.0013286974943591283,-0.001987933051531776,0.02083057925678535,0.4634146341463415,0.5365853658536586,short,0.5365853658536586,0.007907104816527365
has_attack&pre_relief,35,0.002563448184830126,0.0026076919057900216,0.031205813685833545,0.5142857142857142,0.4857142857142857,long,0.5142857142857142,0.007799432904666984
has_action&volume_spike,57,0.001716536992466061,0.00590540324599198,0.026905764065760052,0.5964912280701754,0.40350877192982454,long,0.5964912280701754,0.0077302698813094045
deal_heavy&has_market_brag,35,0.0021666502499157643,0.003968180842185642,0.01885447016582584,0.6,0.4,long,0.6,0.0076908454443446305
pre_deal&pre_action,32,0.002272227399187199,0.005638043768174117,0.02626443258464018,0.59375,0.40625,long,0.59375,0.007631860161224918
tariff_heavy&tariff_rising,27,-0.002814371596904391,-0.0019647011086666444,0.02678307173042873,0.48148148148148145,0.5185185185185185,short,0.5185185185185185,0.007582764929004472
posts_very_high&tariff_heavy,29,-0.0027166021458301993,-0.0019455893851024753,0.02779145945152832,0.4827586206896552,0.5172413793103449,short,0.5172413793103449,0.007566905312436654
posts_high&tariff_only,65,-0.0016924385737661033,-0.003913722379261908,0.024899811378511286,0.4461538461538462,0.5538461538461539,short,0.5538461538461539,0.007557162095002216
tariff_heavy&lots_of_excl,56,-0.0020109228233838555,5.761422545991213e-06,0.02821519185585623,0.5,0.5,short,0.5,0.007524184236346512
posts_very_high&tariff_only,34,0.0021848159190380845,0.003573908837963935,0.02929714537209608,0.5882352941176471,0.4117647058823529,long,0.5882352941176471,0.0074938567782372335
has_market_brag&pre_action,21,0.0028441728224297903,0.00396042521454798,0.024054959258245596,0.5714285714285714,0.42857142857142855,long,0.5714285714285714,0.007447792713326119
posts_low&has_positive,96,-0.0013758726530573504,-0.0022432661299935375,0.029349840796587482,0.4479166666666667,0.5520833333333334,short,0.5520833333333334,0.00744249397521302
has_relief&pre_deal,30,0.002708068519754307,0.0004657449944217573,0.027992177105489412,0.5,0.5,long,0.5,0.007416351077695293
lots_of_excl&china_streak_3d,70,0.0017691273169599317,2.144340408150036e-05,0.025477340397464836,0.5,0.5,long,0.5,0.007400790539749272
all_caps_heavy&has_uppercase_phrase,27,0.0025600179763845894,0.002600650596371379,0.030035215477334055,0.5555555555555556,0.4444444444444444,long,0.5555555555555556,0.0073901353389796195
lots_of_excl&tariff_rising,102,0.001428429004251056,0.0013529264066741709,0.027501200996903535,0.5098039215686274,0.49019607843137253,long,0.5098039215686274,0.0073546484381541615
deal_only&volume_drop,24,0.0025391555186264994,0.004143291684848838,0.022396376876571287,0.5833333333333334,0.4166666666666667,long,0.5833333333333334,0.007256241297908063
deal_over_tariff&volume_drop,24,0.0025391555186264994,0.004143291684848838,0.022396376876571287,0.5833333333333334,0.4166666666666667,long,0.5833333333333334,0.007256241297908063
posts_high&tariff_rising,55,0.0018140413886958528,0.0022497123882954106,0.02488208694669453,0.5272727272727272,0.4727272727272727,long,0.5272727272727272,0.007093553437615961
posts_low&volume_spike,41,-0.001972196586838511,-0.002053388090349051,0.02673883736632126,0.43902439024390244,0.5609756097560976,short,0.5609756097560976,0.007084123283460101
posts_high&has_russia,170,0.0010026365515958637,0.0019900824209754253,0.025220390579274134,0.5352941176470588,0.4647058823529412,long,0.5352941176470588,0.0069977828976754575
has_tariff&has_russia,115,0.0012285485601868972,0.0019529887633240595,0.028439142343013247,0.5304347826086957,0.46956521739130436,long,0.5304347826086957,0.006988327381139077
has_russia&has_uppercase_phrase,111,0.0012415372612164701,0.002600650596371379,0.024389911553456458,0.5315315315315315,0.46846846846846846,long,0.5315315315315315,0.006952648609198802
short_posts,557,0.0005726516002592536,0.0012331088398815915,0.022821704660158607,0.5134649910233393,0.4865350089766607,long,0.5134649910233393,0.0069395117304062864
has_china&sig_potus,26,0.002344166147114105,0.002918487559855132,0.019547922853998315,0.5769230769230769,0.4230769230769231,long,0.5769230769230769,0.00689593207340679
short_posts&china_streak_3d,43,0.0024830719859938017,-0.0024301339513350673,0.02087806079385225,0.4186046511627907,0.5813953488372093,long,0.4186046511627907,0.00681596870214593
pre_action&has_uppercase_phrase,42,-0.002307939577775647,0.003254366267508191,0.03221348998244025,0.5476190476190477,0.4523809523809524,short,0.4523809523809524,0.006766333358856688
has_positive&tariff_only,159,0.0010783821820756012,-0.001212121358401319,0.027527023074108155,0.4968553459119497,0.5031446540880503,long,0.4968553459119497,0.006756180326091459
posts_very_high&all_caps_heavy,22,0.0026406965578369664,0.0020877124294645943,0.028301942324181487,0.5454545454545454,0.45454545454545453,long,0.5454545454545454,0.006755980773703631
posts_high&sig_potus,41,0.0017830426579095037,0.002600650596371379,0.01925641168240582,0.5853658536585366,0.4146341463414634,long,0.5853658536585366,0.006683147507846066
has_night_post&tariff_rising,103,0.0012925771994947866,0.0012331088398815915,0.027257131112999607,0.5048543689320388,0.49514563106796117,long,0.5048543689320388,0.0066227936265390724
has_all_caps&short_posts,126,0.0010695256520112093,0.0025100302882146153,0.02478750865114328,0.5476190476190477,0.4523809523809524,long,0.5476190476190477,0.006574383342315359
short_posts&tariff_only,73,0.0014014442029927578,0.00257745189821601,0.02382149560220932,0.547945205479452,0.4520547945205479,long,0.547945205479452,0.006561065489985569
attack_heavy&has_russia,144,0.0009680984304886461,0.0025890512472936944,0.0267300031927505,0.5625,0.4375,long,0.5625,0.006534664405798361
has_china&pre_action,45,-0.0018675421862968038,-0.001025622241350943,0.024457514293871278,0.4888888888888889,0.5111111111111111,short,0.5111111111111111,0.006403125295092619
volume_drop,318,0.000718713621728316,-0.001443546977795751,0.023380363761661655,0.48742138364779874,0.5125786163522013,long,0.48742138364779874,0.006247036080394178
has_night_post&has_uppercase_phrase,278,0.0007190400094019158,0.0013533568404467955,0.026195356568348635,0.5143884892086331,0.4856115107913669,long,0.5143884892086331,0.00616689701501695
posts_low&has_attack,26,0.0024185375065416534,-0.0006677558333480493,0.03826239080582818,0.5,0.5,long,0.5,0.006166084970105964
has_action&has_night_post,182,0.0008197572435102904,0.002927234476245766,0.026325946417474464,0.554945054945055,0.44505494505494503,long,0.554945054945055,0.006137209415457906
positive_heavy&volume_drop,50,0.0017996448006929566,-0.0015969397650403838,0.01974862129994764,0.48,0.52,long,0.48,0.006108197003026092
uppercase_phrase_heavy&short_posts,31,-0.002425093072292131,0.004076222506584015,0.026829035286856096,0.5483870967741935,0.45161290322580644,short,0.45161290322580644,0.006097834031688947
has_china&uppercase_phrase_heavy,34,0.0018391648853987913,0.004731455543312002,0.023778298429538828,0.5588235294117647,0.4411764705882353,long,0.5588235294117647,0.005992869338103866
has_relief&volume_spike,26,0.0017387797927133758,0.00453515492902723,0.03770479261483694,0.6538461538461539,0.34615384615384615,long,0.6538461538461539,0.0057970471376564406
attack_heavy&tariff_rising,43,0.0015792247285207532,0.0019571122301944577,0.023767321691038085,0.5348837209302325,0.46511627906976744,long,0.5348837209302325,0.005539078806666143
posts_very_high&has_action,92,0.0009900491250070748,0.002927234476245766,0.02845958760108038,0.5760869565217391,0.42391304347826086,long,0.5760869565217391,0.005470647099497098
posts_very_high&pre_relief,22,-0.0021319694477220223,-0.0013231634495621813,0.031730950836866854,0.45454545454545453,0.5454545454545454,short,0.5454545454545454,0.005454448962031324
has_tariff&pre_relief,22,0.0024877038474974034,-0.0016797006240683032,0.033899793740863965,0.45454545454545453,0.5454545454545454,long,0.45454545454545453,0.005303802423670546
tariff_heavy&open_tariff,26,-0.002650545520756028,0.0032415507850201974,0.02536557268945303,0.6153846153846154,0.38461538461538464,short,0.38461538461538464,0.005198147435384976
uppercase_phrase_heavy&volume_spike,20,0.002099817167033774,0.00481904648199083,0.029264528859218694,0.55,0.45,long,0.55,0.005164867318389404
posts_low,423,0.000515228232652244,-0.0016813008860695478,0.025197790965886535,0.4834123222748815,0.5165876777251185,long,0.4834123222748815,0.005122565885555876
has_night_post&all_caps_heavy,28,0.001790896893457326,0.0020877124294645943,0.029753417545136066,0.5357142857142857,0.4642857142857143,long,0.5357142857142857,0.005076715504120953
all_caps_heavy&lots_of_excl,28,0.001790896893457326,0.0020877124294645943,0.029753417545136066,0.5357142857142857,0.4642857142857143,long,0.5357142857142857,0.005076715504120953
all_caps_heavy,28,0.001790896893457326,0.0020877124294645943,0.029753417545136066,0.5357142857142857,0.4642857142857143,long,0.5357142857142857,0.005076715504120953
has_positive&all_caps_heavy,28,0.001790896893457326,0.0020877124294645943,0.029753417545136066,0.5357142857142857,0.4642857142857143,long,0.5357142857142857,0.005076715504120953
all_caps_heavy&has_exclamation,28,0.001790896893457326,0.0020877124294645943,0.029753417545136066,0.5357142857142857,0.4642857142857143,long,0.5357142857142857,0.005076715504120953
has_all_caps&all_caps_heavy,28,0.001790896893457326,0.0020877124294645943,0.029753417545136066,0.5357142857142857,0.4642857142857143,long,0.5357142857142857,0.005076715504120953
all_caps_heavy&exclamation_heavy,28,0.001790896893457326,0.0020877124294645943,0.029753417545136066,0.5357142857142857,0.4642857142857143,long,0.5357142857142857,0.005076715504120953
pre_action&exclamation_heavy,79,-0.0012129289065728013,0.0013908206804400525,0.027016647921817457,0.5316455696202531,0.46835443037974683,short,0.46835443037974683,0.005049211058633415
volume_spike,167,0.0007272450431541158,0.00219780219780219,0.029036990434929067,0.5329341317365269,0.46706586826347307,long,0.5329341317365269,0.005008556080227717
pre_action&lots_of_excl,74,-0.0012443664195574502,0.001962837623093905,0.0278581845478477,0.5405405405405406,0.4594594594594595,short,0.4594594594594595,0.0049182583721922475
has_action&has_uppercase_phrase,90,-0.0010820541064344182,0.0022600006159155805,0.029580088661161633,0.5222222222222223,0.4777777777777778,short,0.4777777777777778,0.004904516256615127
attack_heavy&brag_heavy,28,0.0016206102071344391,0.0030959276883010256,0.023067313094126202,0.5714285714285714,0.42857142857142855,long,0.5714285714285714,0.004900264663143543
has_uppercase_phrase&tariff_streak_3d,20,0.0021745047432178755,0.0007732281185674483,0.034437480006329096,0.5,0.5,long,0.5,0.0048623404232308945
brag_heavy&has_uppercase_phrase,22,0.0017434797146700881,0.0030959276883010256,0.02070133065455033,0.5909090909090909,0.4090909090909091,long,0.5909090909090909,0.0048322446135487945
lots_of_excl&tariff_streak_3d,57,0.001301514931511254,-0.001394700139469962,0.028541875853084073,0.49122807017543857,0.5087719298245614,long,0.49122807017543857,0.00482691619197186
has_exclamation&volume_drop,158,-0.0007371115946200619,-0.001488420835083215,0.021979809546962818,0.4810126582278481,0.5189873417721519,short,0.5189873417721519,0.0048085988864731005
has_positive&uppercase_phrase_heavy,47,0.001183597145115039,0.005561870457397644,0.027410303898824408,0.574468085106383,0.425531914893617,long,0.574468085106383,0.00466142546274671
uppercase_phrase_heavy&lots_of_excl,47,0.001183597145115039,0.005561870457397644,0.027410303898824408,0.574468085106383,0.425531914893617,long,0.574468085106383,0.00466142546274671
has_night_post&uppercase_phrase_heavy,47,0.001183597145115039,0.005561870457397644,0.027410303898824408,0.574468085106383,0.425531914893617,long,0.574468085106383,0.00466142546274671
has_uppercase_phrase&uppercase_phrase_heavy,47,0.001183597145115039,0.005561870457397644,0.027410303898824408,0.574468085106383,0.425531914893617,long,0.574468085106383,0.00466142546274671
uppercase_phrase_heavy&has_exclamation,47,0.001183597145115039,0.005561870457397644,0.027410303898824408,0.574468085106383,0.425531914893617,long,0.574468085106383,0.00466142546274671
uppercase_phrase_heavy&exclamation_heavy,47,0.001183597145115039,0.005561870457397644,0.027410303898824408,0.574468085106383,0.425531914893617,long,0.574468085106383,0.00466142546274671
uppercase_phrase_heavy,47,0.001183597145115039,0.005561870457397644,0.027410303898824408,0.574468085106383,0.425531914893617,long,0.574468085106383,0.00466142546274671
brag_heavy&lots_of_excl,42,0.0012503357328419768,0.0030959276883010256,0.021031865335871223,0.5714285714285714,0.42857142857142855,long,0.5714285714285714,0.004630343811715781
posts_high&tariff_heavy,44,-0.0013278475064582977,-0.00195514524688456,0.028237584319112125,0.4772727272727273,0.5227272727272727,short,0.5227272727272727,0.004604152501264428
tariff_rising&volume_spike,22,0.0017936749570865945,0.006159303679947659,0.02275689792231188,0.5454545454545454,0.45454545454545453,long,0.5454545454545454,0.004588953429119768
pre_tariff&deal_over_tariff,25,0.001890209975363386,-0.0013926884239073845,0.02974326661107669,0.48,0.52,long,0.48,0.004536503940872127
has_night_post&short_posts,462,0.0003954518889211863,0.0012771553282348025,0.023227812808084627,0.5238095238095238,0.47619047619047616,long,0.5238095238095238,0.0044523370372223075
has_tariff&sig_potus,26,0.0016088420309334729,0.00288877874549498,0.022238201803649427,0.5384615384615384,0.46153846153846156,long,0.5384615384615384,0.004417278336163551
has_relief&has_all_caps,24,0.0015404982719639249,0.0020912330841739157,0.024311581952258438,0.5833333333333334,0.4166666666666667,long,0.5833333333333334,0.004402340501942652
attack_heavy&tariff_only,50,0.0011468862476526032,0.0020069884705589125,0.028302222327127275,0.54,0.46,long,0.54,0.00437924363200965
has_exclamation&short_posts,499,0.0003723537984000213,0.00124532136667721,0.023016304953437962,0.5170340681362725,0.48296593186372744,long,0.5170340681362725,0.0043005620838157625
has_russia&short_posts,140,0.0006665252937705258,0.0012592235285011633,0.01961740135824502,0.5357142857142857,0.4642857142857143,long,0.5357142857142857,0.0042248751593575076
has_action&has_iran,34,0.001332203427323927,0.0025899978680909985,0.02874011401074502,0.5294117647058824,0.47058823529411764,long,0.5294117647058824,0.004112478052344983
posts_very_high&has_relief,48,0.0010941305046614687,0.0017659432463761338,0.03023622038144195,0.5416666666666666,0.4583333333333333,long,0.5416666666666666,0.004106027519066719
has_action&positive_heavy,149,0.0006202103835949934,0.002600650596371379,0.02718656867725161,0.5369127516778524,0.46308724832214765,long,0.5369127516778524,0.004064769149427018
short_posts&tariff_streak_3d,25,0.001844549547256169,-0.003921663931564012,0.029551262475274606,0.44,0.56,long,0.44,0.004058009003963572
has_tariff&brag_heavy,23,0.0015709162716296362,0.0022497123882954106,0.023362545320209097,0.5217391304347826,0.4782608695652174,long,0.5217391304347826,0.0039307042309389365
has_deal&open_tariff,41,0.0010340137493905323,0.0026918498951153946,0.03053126901903955,0.5853658536585366,0.4146341463414634,long,0.5853658536585366,0.0038756596100846825
tariff_heavy&has_market_brag,24,-0.0014504728486965472,-0.00195514524688456,0.023042226521102216,0.4583333333333333,0.5416666666666666,short,0.5416666666666666,0.0038489948954899956
attack_heavy&tariff_streak_3d,21,0.0015919689258888964,0.002229769461606468,0.02713605243531028,0.5238095238095238,0.47619047619047616,long,0.5238095238095238,0.0038213571036160724
has_positive&volume_drop,129,-0.0006173358144894032,-0.0012405901065062341,0.02353341944368077,0.4806201550387597,0.5193798449612403,short,0.5193798449612403,0.0036416769784088972
has_night_post&volume_spike,143,0.0005618531241262666,0.00257745189821601,0.03069624813408403,0.5384615384615384,0.46153846153846156,long,0.5384615384615384,0.0036178079310304674
tariff_heavy&has_attack,44,-0.0010855285170945134,5.761422545991213e-06,0.028390320676476528,0.5,0.5,short,0.5,0.0036002907904333983
all_caps_heavy&short_posts,24,0.0014627841482367648,9.104291932521269e-05,0.03196959822145301,0.5,0.5,long,0.5,0.003583074767011783
brag_heavy&has_china,20,-0.0017432293346191507,0.0029630859775172658,0.017473514158141627,0.55,0.45,short,0.45,0.003508181363322134
has_uppercase_phrase&tariff_rising,37,0.0012308604480005094,-0.001394700139469962,0.02805572213051401,0.4594594594594595,0.5405405405405406,long,0.4594594594594595,0.003439987589813536
deal_heavy&open_tariff,25,0.0011838975011231234,0.0022497123882954106,0.03363314198292727,0.56,0.44,long,0.56,0.003314913003144746
has_russia&volume_spike,78,0.0006738681567500038,0.0035712816626625177,0.029977163377222536,0.5512820512820513,0.44871794871794873,long,0.5512820512820513,0.003280923383096334
posts_very_high&sig_potus,27,-0.0014166604975930116,0.002600650596371379,0.020314428570119756,0.5555555555555556,0.4444444444444444,short,0.4444444444444444,0.0032716372785425375
pre_action&deal_over_tariff,31,0.0009267718959069312,0.004076222506584015,0.028050980491588207,0.6129032258064516,0.3870967741935484,long,0.6129032258064516,0.0031626097792115315
has_all_caps&uppercase_phrase_heavy,38,-0.001216092243221176,0.00481904648199083,0.023775217831014394,0.5789473684210527,0.42105263157894735,short,0.42105263157894735,0.003156419390742977
has_deal&brag_heavy,26,0.0010714971983731537,0.0036303115187755752,0.021638493734856518,0.5769230769230769,0.4230769230769231,long,0.5769230769230769,0.0031520683403450244
has_deal&tariff_rising,58,0.0008261398694062191,5.9657261190837474e-05,0.02743985999059972,0.5,0.5,long,0.5,0.0031458468995529025
tariff_heavy&has_action,21,-0.0014414214719133374,0.0019571122301944577,0.02830773866150794,0.5238095238095238,0.47619047619047616,short,0.47619047619047616,0.0031454395254178723
deal_over_tariff&china_streak_3d,22,0.0014136904959344983,-0.004818506108503928,0.025608893367252628,0.45454545454545453,0.5454545454545454,long,0.45454545454545453,0.003013998264383532
has_tariff&volume_drop,21,0.0015147930778123264,-0.0019532894235745335,0.020344586202084323,0.42857142857142855,0.5714285714285714,long,0.42857142857142855,0.0029749945462586216
exclamation_heavy&volume_drop,108,0.0005688437608942581,2.6701577927945586e-05,0.02223297051459089,0.5,0.5,long,0.5,0.002955798886312251
has_uppercase_phrase&volume_spike,74,-0.0006435306609012679,-0.001979057497718817,0.02848134976936424,0.47297297297297297,0.527027027027027,short,0.527027027027027,0.0029175478717718517
has_uppercase_phrase&short_posts,160,0.0004393636234463212,0.0014827974714989312,0.025533072491416647,0.51875,0.48125,long,0.51875,0.0028829837750634873
has_action&china_streak_3d,21,0.0012707178080640766,-0.007575851813934609,0.02863471641062157,0.47619047619047616,0.5238095238095238,long,0.47619047619047616,0.0027729335916104746
positive_heavy&brag_heavy,39,0.0007849527034189311,0.0026076919057900216,0.021627154790722084,0.5641025641025641,0.4358974358974359,long,0.5641025641025641,0.0027652465989012817
has_exclamation&volume_spike,143,0.0004271413000664503,0.00257745189821601,0.030111726891283705,0.5314685314685315,0.46853146853146854,long,0.5314685314685315,0.002714670594867038
has_attack&brag_heavy,35,0.0008185899487022784,0.0026076919057900216,0.02145769486596116,0.5428571428571428,0.45714285714285713,long,0.5428571428571428,0.0026289721564901687
has_market_brag&brag_heavy,43,0.0006827000455487301,0.0026076919057900216,0.02111072030401119,0.5581395348837209,0.4418604651162791,long,0.5581395348837209,0.00249865874189245
brag_heavy&exclamation_heavy,43,0.0006827000455487301,0.0026076919057900216,0.02111072030401119,0.5581395348837209,0.4418604651162791,long,0.5581395348837209,0.00249865874189245
brag_heavy,43,0.0006827000455487301,0.0026076919057900216,0.02111072030401119,0.5581395348837209,0.4418604651162791,long,0.5581395348837209,0.00249865874189245
brag_heavy&has_exclamation,43,0.0006827000455487301,0.0026076919057900216,0.02111072030401119,0.5581395348837209,0.4418604651162791,long,0.5581395348837209,0.00249865874189245
has_iran&short_posts,48,0.0006176308574234851,0.0015862796424790382,0.026590721010165207,0.5416666666666666,0.4583333333333333,long,0.5416666666666666,0.0023178307216562446
posts_low&volume_drop,222,0.0003221189918015067,-0.0020143746890312064,0.02507974931361931,0.4774774774774775,0.5225225225225225,long,0.4774774774774775,0.0022916363855783896
has_positive&pre_action,79,-0.0005365287170943118,0.0025348545657477572,0.027580227220421097,0.5316455696202531,0.46835443037974683,short,0.46835443037974683,0.0022334752819780355
tariff_heavy&has_china,33,-0.0007922324993526607,0.0019571122301944577,0.02669588582105982,0.5151515151515151,0.48484848484848486,short,0.48484848484848486,0.0022065596233477613
has_action&has_positive,180,-0.0003364733945246094,0.0022459833979711075,0.027009516240331034,0.5333333333333333,0.4666666666666667,short,0.4666666666666667,0.00210665667177597
posts_very_high&pre_action,42,-0.0007628098695409516,0.00393073292188717,0.027462442429220513,0.5952380952380952,0.40476190476190477,short,0.40476190476190477,0.0020009700103233575
lots_of_excl&tariff_only,144,0.00032775771505425607,0.0012967965155039618,0.026847189487614175,0.5069444444444444,0.4930555555555556,long,0.5069444444444444,0.0019938594332467247
posts_high&pre_action,60,-0.000561310267119138,0.003254366267508191,0.02759529199255748,0.55,0.45,short,0.45,0.0019565507849468922
has_china&china_streak_3d,44,0.0006336734090207655,-0.0031719281652984876,0.027247814328063637,0.45454545454545453,0.5454545454545454,long,0.45454545454545453,0.0019105972157702617
has_action&lots_of_excl,172,0.00025602139812400826,0.002567752581059568,0.02652108370157278,0.5465116279069767,0.45348837209302323,long,0.5465116279069767,0.0018350161678578948
posts_high&brag_heavy,33,-0.0006173843550234907,0.0022497123882954106,0.02021627334425981,0.5454545454545454,0.45454545454545453,short,0.45454545454545453,0.0016120923201931442
deal_heavy&tariff_rising,34,0.0004991695570526608,0.0020934408459004628,0.02623865085028474,0.5294117647058824,0.47058823529411764,long,0.5294117647058824,0.001540923710053395
high_emotion&volume_spike,24,-0.0005212419976859903,-0.0018520763793833384,0.024167906850941886,0.4583333333333333,0.5416666666666666,short,0.5416666666666666,0.0013831750040762835
posts_high&has_action,132,-0.0002590174690127422,0.002567752581059568,0.027168850224353218,0.5378787878787878,0.4621212121212121,short,0.4621212121212121,0.001375219192648131
has_china&tariff_only,51,-0.00037338479738772723,0.0013889347179301126,0.0227040907625507,0.5098039215686274,0.49019607843137253,short,0.49019607843137253,0.0013071082386521703
brag_heavy&has_night_post,41,0.0003218819580537158,0.0026076919057900216,0.021448363865169986,0.5609756097560976,0.43902439024390244,long,0.5609756097560976,0.0011561988742863438
has_action&pre_action,84,-0.00026067688679308015,0.0025712732357688894,0.02713380919702689,0.5476190476190477,0.4523809523809524,short,0.4523809523809524,0.001080802845116179
pre_action,84,-0.00026067688679308015,0.0025712732357688894,0.02713380919702689,0.5476190476190477,0.4523809523809524,short,0.4523809523809524,0.001080802845116179
tariff_heavy&pre_deal,23,-0.0004378480145446303,0.0019571122301944577,0.029790338765400635,0.5217391304347826,0.4782608695652174,short,0.4782608695652174,0.0010042738441870987
has_positive&brag_heavy,42,0.00026743950408418337,0.002428702147042716,0.021188121657697415,0.5476190476190477,0.4523809523809524,long,0.5476190476190477,0.0009491366620249714
posts_low&has_uppercase_phrase,24,0.0004136506869354915,-0.00209507011355059,0.025701528285214274,0.4166666666666667,0.5833333333333334,long,0.4166666666666667,0.0008443609289530849
pre_action&volume_spike,32,-0.00042123613072205315,0.007070767903206265,0.02984853250745181,0.65625,0.34375,short,0.34375,0.0008191120424144537
has_action&exclamation_heavy,180,-0.00012693283882973095,0.0022459833979711075,0.026411524126885723,0.5388888888888889,0.46111111111111114,short,0.46111111111111114,0.0007852642621541724
has_relief&has_russia,36,-0.00038375246153509054,0.003956542085703729,0.0211628670767098,0.6666666666666666,0.3333333333333333,short,0.3333333333333333,0.0007675049230701811
has_deal&volume_drop,28,0.000255892652127094,0.0025109398548244233,0.021798527023426155,0.5357142857142857,0.4642857142857143,long,0.5357142857142857,0.0007253874855611294
has_night_post&tariff_only,138,0.000117443860929095,0.0014308393456984314,0.025198797396280524,0.5072463768115942,0.4927536231884058,long,0.5072463768115942,0.0006998239752939005
has_action&has_exclamation,185,8.253924487457986e-05,0.002600650596371379,0.026799874007182242,0.5459459459459459,0.4540540540540541,long,0.5459459459459459,0.0006129090032565621
sig_potus&has_uppercase_phrase,30,-0.0002296772018819319,0.0022984134140544565,0.019411775099135435,0.5333333333333333,0.4666666666666667,short,0.4666666666666667,0.0005870637939385431
pre_action&has_exclamation,82,-0.00014295520254124411,0.0025712732357688894,0.02718270350930422,0.5487804878048781,0.45121951219512196,short,0.45121951219512196,0.0005841101635478298
short_posts&volume_drop,99,0.00012627531831736186,-0.002433132774049107,0.02204245941411827,0.45454545454545453,0.5454545454545454,long,0.45454545454545453,0.000571101615192793
has_china&has_uppercase_phrase,127,0.00010254083658821956,-0.001394700139469962,0.02882406985972875,0.4881889763779528,0.5118110236220472,long,0.4881889763779528,0.0005641397287306899
pre_action&has_night_post,83,9.377725997741547e-05,0.0026076919057900216,0.027102396750624133,0.5542168674698795,0.4457831325301205,long,0.5542168674698795,0.0004734960110829635
has_action&tariff_rising,27,-0.0001310829526259868,-0.001394700139469962,0.026622949846354244,0.4074074074074074,0.5925925925925926,short,0.5925925925925926,0.0004036308159188503
sig_potus&short_posts,29,-0.00013186068144481526,-0.003916449340684802,0.02104282574315563,0.4482758620689655,0.5517241379310345,short,0.5517241379310345,0.0003917746213304236
positive_heavy&pre_action,66,-0.00010698440751960917,0.003254366267508191,0.028627747901974972,0.5606060606060606,0.4393939393939394,short,0.4393939393939394,0.00038189723676074764
lots_of_excl&volume_drop,81,-5.318900789098292e-05,-0.0019532894235745335,0.0184246377483344,0.4691358024691358,0.5308641975308642,short,0.5308641975308642,0.0002541252599235851
has_russia&volume_drop,26,8.287193079436612e-05,0.0010930446895752732,0.01968404670187144,0.5384615384615384,0.46153846153846156,long,0.5384615384615384,0.00022753531890362192
has_action,187,2.724721079978909e-05,0.002600650596371379,0.02678242092418738,0.5454545454545454,0.45454545454545453,long,0.5454545454545454,0.00020323636570109997
pre_action&has_all_caps,27,-5.832460783553554e-05,0.004076222506584015,0.020936539635972248,0.6296296296296297,0.37037037037037035,short,0.37037037037037035,0.000112245760114086
tariff_heavy&attack_heavy,33,9.852039094157634e-06,-0.0019647011086666444,0.028945722231146772,0.45454545454545453,0.5454545454545454,long,0.45454545454545453,2.5725298078422864e-05
has_russia&china_streak_3d,28,4.3815630439742695e-07,0.0004925362284697865,0.02763792868277258,0.5,0.5,long,0.5,1.1592526168107083e-06
