event,n,mean_ret,median_ret,std,hit_up,hit_down,direction,directional_hit,score
posts_very_high&deal_over_tariff,115,0.014602307551032473,0.015058475037589503,0.03199553310003773,0.7043478260869566,0.2956521739130435,long,0.7043478260869566,0.11029544822220715
posts_very_high&deal_only,96,0.015438665614825512,0.015933634662170904,0.031724212192503785,0.7083333333333334,0.2916666666666667,long,0.7083333333333334,0.10714775035302758
short_posts&deal_over_tariff,151,0.01236161415379985,0.012059713796074067,0.030175642527400202,0.695364238410596,0.304635761589404,long,0.695364238410596,0.10562725876651756
has_deal&deal_only,273,0.009476437926768116,0.011869482180230762,0.028124654859543192,0.673992673992674,0.326007326007326,long,0.673992673992674,0.10553138106628747
deal_only,273,0.009476437926768116,0.011869482180230762,0.028124654859543192,0.673992673992674,0.326007326007326,long,0.673992673992674,0.10553138106628747
deal_over_tariff&deal_only,273,0.009476437926768116,0.011869482180230762,0.028124654859543192,0.673992673992674,0.326007326007326,long,0.673992673992674,0.10553138106628747
has_exclamation&deal_only,273,0.009476437926768116,0.011869482180230762,0.028124654859543192,0.673992673992674,0.326007326007326,long,0.673992673992674,0.10553138106628747
exclamation_heavy&china_streak_3d,68,0.017392207369939097,0.014550882275702448,0.02730121885161458,0.7352941176470589,0.2647058823529412,long,0.7352941176470589,0.1054557471307424
exclamation_heavy&deal_only,259,0.009559446605112999,0.011879049446972934,0.02826593394369952,0.6756756756756757,0.32432432432432434,long,0.6756756756756757,0.10394914425210053
posts_high&deal_only,159,0.0117712019897808,0.013279803951801616,0.02976821925151673,0.6981132075471698,0.3018867924528302,long,0.6981132075471698,0.10362039148222701
has_exclamation&deal_over_tariff,314,0.008598537289428476,0.011020939736040791,0.02863765635116166,0.6687898089171974,0.33121019108280253,long,0.6687898089171974,0.10190114166381661
has_deal&deal_over_tariff,314,0.008598537289428476,0.011020939736040791,0.02863765635116166,0.6687898089171974,0.33121019108280253,long,0.6687898089171974,0.10190114166381661
deal_over_tariff,314,0.008598537289428476,0.011020939736040791,0.02863765635116166,0.6687898089171974,0.33121019108280253,long,0.6687898089171974,0.10190114166381661
lots_of_excl&china_streak_3d,66,0.0170630182402585,0.013587175372848037,0.027615784204470913,0.7272727272727273,0.2727272727272727,long,0.7272727272727273,0.10081499307844653
has_positive&china_streak_3d,68,0.01693595821347561,0.014550882275702448,0.027795356663531272,0.7205882352941176,0.27941176470588236,long,0.7205882352941176,0.10063554366691584
has_positive,931,0.0051968665481222885,0.008136252311871539,0.02863378303479979,0.631578947368421,0.3684210526315789,long,0.631578947368421,0.10014840804904723
exclamation_heavy&deal_over_tariff,300,0.008629232751990375,0.011415716868449999,0.028782778826429014,0.67,0.33,long,0.67,0.10014000603045774
has_positive&has_exclamation,924,0.005213011386110817,0.00813006380432868,0.028648774921704166,0.6298701298701299,0.37012987012987014,long,0.6298701298701299,0.09981037161048305
has_exclamation,1016,0.004958419118177064,0.007760698466541149,0.02855080982232844,0.6309055118110236,0.3690944881889764,long,0.6309055118110236,0.0997136029632637
exclamation_heavy,900,0.0051794632652086454,0.00813006380432868,0.02908091170159143,0.6377777777777778,0.3622222222222222,long,0.6377777777777778,0.09910039714099209
has_exclamation&exclamation_heavy,900,0.0051794632652086454,0.00813006380432868,0.02908091170159143,0.6377777777777778,0.3622222222222222,long,0.6377777777777778,0.09910039714099209
china_streak_3d,72,0.01616463694824531,0.012616690913020978,0.027198760505162626,0.7222222222222222,0.2777777777777778,long,0.7222222222222222,0.0990610781465316
has_exclamation&china_streak_3d,72,0.01616463694824531,0.012616690913020978,0.027198760505162626,0.7222222222222222,0.2777777777777778,long,0.7222222222222222,0.0990610781465316
has_positive&exclamation_heavy,860,0.005299434236483056,0.008419524379169041,0.02921941511858756,0.6348837209302326,0.36511627906976746,long,0.6348837209302326,0.09866722734079506
has_positive&deal_only,259,0.009177883684603077,0.011879049446972934,0.02819980224614117,0.667953667953668,0.33204633204633205,long,0.667953667953668,0.0986594682685432
short_posts&china_streak_3d,39,0.02092291481028085,0.020360297016223772,0.029479106296029175,0.7435897435897436,0.2564102564102564,long,0.7435897435897436,0.09716008390295024
posts_high&deal_over_tariff,191,0.010223592322911939,0.012804651749793061,0.03034429171971429,0.6858638743455497,0.31413612565445026,long,0.6858638743455497,0.09690766631435346
short_posts&deal_only,138,0.011855489758354818,0.012213568227252503,0.02989476674294354,0.6956521739130435,0.30434782608695654,long,0.6956521739130435,0.09688380558857276
has_deal&short_posts,163,0.011218631486657108,0.01077917104475934,0.030221349866492574,0.6748466257668712,0.32515337423312884,long,0.6748466257668712,0.09665821381136923
has_positive&short_posts,464,0.006954254968635519,0.008691522807146246,0.029553401931707055,0.6400862068965517,0.3599137931034483,long,0.6400862068965517,0.09588442506663852
has_positive&deal_over_tariff,300,0.008299816763950144,0.011415716868449999,0.028716346515839347,0.6633333333333333,0.33666666666666667,long,0.6633333333333333,0.09535883871353458
lots_of_excl&deal_only,242,0.009104611195961558,0.011716416193608747,0.027881182445810594,0.6652892561983471,0.3347107438016529,long,0.6652892561983471,0.09422791845397746
short_posts,574,0.006116262531290054,0.00830802183606727,0.029593213743139696,0.6393728222996515,0.3606271777003484,long,0.6393728222996515,0.09369064668833382
lots_of_excl&deal_over_tariff,282,0.008393143122607489,0.010775988926317481,0.0283103688945471,0.6631205673758865,0.33687943262411346,long,0.6631205673758865,0.09346342272532586
exclamation_heavy&short_posts,450,0.006780774729856369,0.008569697467526338,0.03044301860894984,0.6466666666666666,0.35333333333333333,long,0.6466666666666666,0.09301779678768847
has_positive&lots_of_excl,779,0.005316083886294571,0.008334556676789173,0.029597500658436433,0.6264441591784339,0.3735558408215661,long,0.6264441591784339,0.09294861407396036
has_night_post&deal_over_tariff,179,0.010568278181763814,0.01160614562240836,0.030472825980908957,0.6536312849162011,0.3463687150837989,long,0.6536312849162011,0.09241949320127431
has_attack&deal_over_tariff,225,0.009242458417044672,0.01077917104475934,0.028613824342822634,0.6622222222222223,0.3377777777777778,long,0.6622222222222223,0.09180842027597706
has_attack&deal_only,192,0.009969761544738234,0.011874265813601848,0.027972718913376816,0.6614583333333334,0.3385416666666667,long,0.6614583333333334,0.09137720662182461
exclamation_heavy&lots_of_excl,795,0.0051535322068792435,0.008010963199857946,0.029597559115643848,0.6264150943396226,0.37358490566037733,long,0.6264150943396226,0.09102292198003255
lots_of_excl,795,0.0051535322068792435,0.008010963199857946,0.029597559115643848,0.6264150943396226,0.37358490566037733,long,0.6264150943396226,0.09102292198003255
has_exclamation&lots_of_excl,795,0.0051535322068792435,0.008010963199857946,0.029597559115643848,0.6264150943396226,0.37358490566037733,long,0.6264150943396226,0.09102292198003255
positive_heavy&china_streak_3d,59,0.016610523116328484,0.012737095770274376,0.02815438786331322,0.711864406779661,0.288135593220339,long,0.711864406779661,0.09082524844413745
has_attack&has_exclamation,642,0.005584985895379896,0.00834698833054115,0.028950677649222073,0.6417445482866043,0.3582554517133956,long,0.6417445482866043,0.09081378620881934
has_exclamation&short_posts,527,0.006213455546896746,0.007919326985196262,0.0296610400394959,0.635673624288425,0.36432637571157495,long,0.635673624288425,0.09067189555388994
deal_heavy&deal_only,100,0.012952015355728303,0.01474619905107133,0.03091770484859414,0.7,0.3,long,0.7,0.09066410749009811
has_attack&exclamation_heavy,632,0.00562269505424243,0.008361634042972077,0.029106317222100293,0.6408227848101266,0.35917721518987344,long,0.6408227848101266,0.09058181414380369
has_attack&has_positive,619,0.005674352816116263,0.008542635722118774,0.02939700275300183,0.6397415185783522,0.3602584814216478,long,0.6397415185783522,0.09031631237489808
has_deal,359,0.007369089172788672,0.009069711955194126,0.028702386647554822,0.6462395543175488,0.35376044568245124,long,0.6462395543175488,0.09023075109550512
has_deal&has_exclamation,359,0.007369089172788672,0.009069711955194126,0.028702386647554822,0.6462395543175488,0.35376044568245124,long,0.6462395543175488,0.09023075109550512
has_night_post&deal_only,148,0.011541128140153602,0.0119693816215235,0.029958574274322473,0.6418918918918919,0.3581081081081081,long,0.6418918918918919,0.09012411448362416
attack_heavy,277,0.008236692556423434,0.01157836293387371,0.02896776244917966,0.6570397111913358,0.34296028880866425,long,0.6570397111913358,0.09007087032784974
attack_heavy&has_exclamation,277,0.008236692556423434,0.01157836293387371,0.02896776244917966,0.6570397111913358,0.34296028880866425,long,0.6570397111913358,0.09007087032784974
has_attack&attack_heavy,277,0.008236692556423434,0.01157836293387371,0.02896776244917966,0.6570397111913358,0.34296028880866425,long,0.6570397111913358,0.09007087032784974
attack_heavy&exclamation_heavy,277,0.008236692556423434,0.01157836293387371,0.02896776244917966,0.6570397111913358,0.34296028880866425,long,0.6570397111913358,0.09007087032784974
pre_deal&exclamation_heavy,170,0.010154594527528616,0.011874265813601848,0.026951852959556627,0.6764705882352942,0.3235294117647059,long,0.6764705882352942,0.08956451250338887
has_attack,643,0.005494346515179097,0.008334556676789173,0.029019282974485243,0.640746500777605,0.359253499222395,long,0.640746500777605,0.08927046057089752
posts_very_high&has_deal,138,0.011628806867210927,0.011189476215141991,0.03171633450004051,0.6521739130434783,0.34782608695652173,long,0.6521739130434783,0.08909188011580937
attack_heavy&has_positive,274,0.00821435805947758,0.011382958013267497,0.029121078728592126,0.6532846715328468,0.3467153284671533,long,0.6532846715328468,0.0888283058339682
has_china&deal_only,93,0.013546299186922461,0.013279803951801616,0.028667672198454397,0.6774193548387096,0.3225806451612903,long,0.6774193548387096,0.08849520476498915
attack_heavy&lots_of_excl,275,0.008102227304016702,0.01157836293387371,0.028910976117306184,0.6581818181818182,0.3418181818181818,long,0.6581818181818182,0.08843346683601656
has_deal&exclamation_heavy,344,0.007366556271023167,0.009167073442926221,0.028870420687147944,0.6453488372093024,0.3546511627906977,long,0.6453488372093024,0.08817353727466051
pre_deal&deal_only,131,0.011594160794394735,0.013233459029253547,0.027687197779970894,0.6641221374045801,0.33587786259541985,long,0.6641221374045801,0.08812982828089448
has_night_post&short_posts,258,0.008444595498386503,0.00914178051158887,0.03366250820649057,0.6472868217054264,0.35271317829457366,long,0.6472868217054264,0.08779817115135344
posts_high&attack_heavy,229,0.008746700127358106,0.012610400363940455,0.02951237592228127,0.6593886462882096,0.3406113537117904,long,0.6593886462882096,0.0872777302650932
pre_deal&deal_over_tariff,156,0.010236833492893145,0.012677382723422337,0.027656579469318307,0.6794871794871795,0.32051282051282054,long,0.6794871794871795,0.08687787814543423
pre_deal&has_exclamation,176,0.009767441197806653,0.011848084472519949,0.026954071983479908,0.6704545454545454,0.32954545454545453,long,0.6704545454545454,0.08687733269473032
has_deal&pre_deal,176,0.009767441197806653,0.011848084472519949,0.026954071983479908,0.6704545454545454,0.32954545454545453,long,0.6704545454545454,0.08687733269473032
pre_deal,176,0.009767441197806653,0.011848084472519949,0.026954071983479908,0.6704545454545454,0.32954545454545453,long,0.6704545454545454,0.08687733269473032
has_night_post&china_streak_3d,47,0.017012488403854362,0.014664509575983198,0.028933941815197074,0.7446808510638298,0.2553191489361702,long,0.7446808510638298,0.08685342667351861
attack_heavy&deal_over_tariff,131,0.0114184466164837,0.013969921486432835,0.02739258397781285,0.6641221374045801,0.33587786259541985,long,0.6641221374045801,0.08679418522742702
has_attack&short_posts,310,0.007478380167342679,0.009160438353161271,0.032035281152213345,0.6548387096774193,0.34516129032258064,long,0.6548387096774193,0.08622292069592863
posts_high&has_deal,223,0.008755791249398185,0.010262190746524347,0.029667875103726492,0.6591928251121076,0.34080717488789236,long,0.6591928251121076,0.08619067899906277
has_night_post&has_exclamation,486,0.006082944184423902,0.008526725914100197,0.030777843645517767,0.6419753086419753,0.35802469135802467,long,0.6419753086419753,0.08608952089497605
pre_deal&pre_action,27,0.02120280347452048,0.015171291239161722,0.03675433593210677,0.7777777777777778,0.2222222222222222,long,0.7777777777777778,0.08569011005512393
deal_heavy&short_posts,67,0.014554536439495964,0.014260870388937974,0.03493140083325479,0.7164179104477612,0.2835820895522388,long,0.7164179104477612,0.08534974222448731
attack_heavy&positive_heavy,253,0.008210796812004997,0.01157836293387371,0.029253493278409214,0.6521739130434783,0.34782608695652173,long,0.6521739130434783,0.08517438151097602
posts_high&china_streak_3d,41,0.01880509978808678,0.014437254975421698,0.029749693156863093,0.7073170731707317,0.2926829268292683,long,0.7073170731707317,0.08516903212128808
has_iran&deal_only,58,0.014396583403297395,0.01718530781166161,0.023988964191712387,0.7758620689655172,0.22413793103448276,long,0.7758620689655172,0.08506638054245094
has_night_post,489,0.005982674543624161,0.0085136274014872,0.03080015202467344,0.6421267893660532,0.35787321063394684,long,0.6421267893660532,0.08495141095709705
has_deal&lots_of_excl,325,0.007353017507465505,0.008594432710973487,0.028109672395878707,0.64,0.36,long,0.64,0.08483738128816415
has_attack&lots_of_excl,592,0.005477812213877738,0.008361634042972077,0.02968458140444127,0.6351351351351351,0.36486486486486486,long,0.6351351351351351,0.08465139737737923
has_night_post&exclamation_heavy,464,0.006077319675776495,0.008717421301573602,0.031186727859628234,0.6443965517241379,0.35560344827586204,long,0.6443965517241379,0.0843576124471517
pre_deal&lots_of_excl,165,0.009673762334831583,0.011869482180230762,0.026653066908543754,0.6787878787878788,0.3212121212121212,long,0.6787878787878788,0.08434735415384205
posts_very_high&has_night_post,179,0.009644024517570352,0.01157836293387371,0.03496201560013958,0.6536312849162011,0.3463687150837989,long,0.6536312849162011,0.08433690360956804
has_positive&has_night_post,466,0.006044732861761747,0.00904287128005743,0.031173812535776245,0.6437768240343348,0.3562231759656652,long,0.6437768240343348,0.08400505277192413
has_deal&has_positive,344,0.00707927488610436,0.00935260173482122,0.02880027659806691,0.6395348837209303,0.36046511627906974,long,0.6395348837209303,0.08397156275618978
has_positive&pre_deal,172,0.009552364323739527,0.011874265813601848,0.026718228929933266,0.6686046511627907,0.3313953488372093,long,0.6686046511627907,0.08376150940332121
has_uppercase_phrase&short_posts,150,0.010257694528949474,0.013191939782935647,0.037559502132518297,0.6666666666666666,0.3333333333333333,long,0.6666666666666666,0.08375372511088286
posts_high&has_positive,420,0.006315066490866483,0.009458213197047094,0.03260839442295636,0.6404761904761904,0.3595238095238095,long,0.6404761904761904,0.08289065327054884
attack_heavy&has_night_post,202,0.008772373010446399,0.011592254278141034,0.028837228291687184,0.6633663366336634,0.33663366336633666,long,0.6633663366336634,0.0827077494955521
positive_heavy&deal_over_tariff,237,0.008199242302584318,0.010719723160088401,0.030159516666761293,0.6540084388185654,0.3459915611814346,long,0.6540084388185654,0.08255269314378351
lots_of_excl&short_posts,384,0.0066528571832397436,0.009008796308977773,0.03224102505386797,0.6328125,0.3671875,long,0.6328125,0.08249903374214489
posts_very_high&china_streak_3d,25,0.022817330211839626,0.026744226516986824,0.03296471022578867,0.72,0.28,long,0.72,0.08214238876262266
has_china&short_posts,143,0.011228710161843828,0.013429114454615032,0.03598441467653632,0.6083916083916084,0.3916083916083916,long,0.6083916083916084,0.08169229665308776
has_night_post&lots_of_excl,435,0.006095844110029198,0.008840409892173717,0.03151052889074062,0.6413793103448275,0.3586206896551724,long,0.6413793103448275,0.08154426583114183
has_deal&attack_heavy,151,0.01029914491743345,0.012987342788413736,0.027570891482391648,0.6423841059602649,0.3576158940397351,long,0.6423841059602649,0.08129885510948417
positive_heavy&deal_only,198,0.008843346344413725,0.011415716868449999,0.03008109273582145,0.6515151515151515,0.3484848484848485,long,0.6515151515151515,0.08107253435122032
has_china&deal_over_tariff,125,0.010783559163730373,0.011262708427322243,0.03036672790001374,0.672,0.328,long,0.672,0.08101891166709278
posts_high&lots_of_excl,419,0.006129911673075797,0.009475657855110065,0.03304449697675653,0.6443914081145584,0.3556085918854415,long,0.6443914081145584,0.08085576108294897
deal_heavy&deal_over_tariff,141,0.009986345322309763,0.012003852633782897,0.03134975363227609,0.6808510638297872,0.3191489361702128,long,0.6808510638297872,0.0807361910171214
posts_high&has_exclamation,423,0.006101600570864039,0.009440768538984123,0.03294977637904431,0.640661938534279,0.35933806146572106,long,0.640661938534279,0.0803975623571344
posts_high,423,0.006101600570864039,0.009440768538984123,0.03294977637904431,0.640661938534279,0.35933806146572106,long,0.640661938534279,0.0803975623571344
attack_heavy&deal_only,107,0.011850256060784263,0.015433580435436633,0.026586886935150374,0.6542056074766355,0.34579439252336447,long,0.6542056074766355,0.08019252456946271
has_attack&china_streak_3d,53,0.015274571268862993,0.01249628605576758,0.028668623142104784,0.7169811320754716,0.2830188679245283,long,0.7169811320754716,0.0797287014954876
has_china&china_streak_3d,33,0.018313425725371077,0.014664509575983198,0.027580022517016658,0.7575757575757576,0.24242424242424243,long,0.7575757575757576,0.0796989555697843
posts_high&exclamation_heavy,421,0.00605183543207175,0.009440768538984123,0.03298869289010157,0.6413301662707839,0.3586698337292161,long,0.6413301662707839,0.07963607115278844
has_deal&has_iran,76,0.012619851923911421,0.016436795447723473,0.026649898980053422,0.7236842105263158,0.27631578947368424,long,0.7236842105263158,0.07961779623770389
has_deal&uppercase_phrase_heavy,23,0.02378951921382878,0.023665366605427396,0.03823788972643281,0.6956521739130435,0.30434782608695654,long,0.6956521739130435,0.07936732255313647
has_iran&deal_over_tariff,66,0.01314320454305448,0.016436795447723473,0.027266730930398997,0.7424242424242424,0.25757575757575757,long,0.7424242424242424,0.07927301552909487
posts_very_high&has_positive,223,0.008344323548447715,0.010758111466957265,0.0345235255233321,0.6322869955156951,0.36771300448430494,long,0.6322869955156951,0.07878759004910504
deal_heavy&lots_of_excl,154,0.009564614415953054,0.010775988926317481,0.030584480409690633,0.6558441558441559,0.34415584415584416,long,0.6558441558441559,0.07784459797807404
has_deal&has_night_post,206,0.008551493856056962,0.008437190551751184,0.030999254455015366,0.6310679611650486,0.36893203883495146,long,0.6310679611650486,0.0774554051833486
positive_heavy&exclamation_heavy,624,0.004902851482938673,0.007670388002202988,0.03068604387869807,0.6314102564102564,0.3685897435897436,long,0.6314102564102564,0.07733082879983508
has_deal&has_attack,261,0.0075878826029160285,0.008539824426713194,0.028556460715312433,0.6283524904214559,0.3716475095785441,long,0.6283524904214559,0.07702721528779556
posts_high&has_attack,359,0.0063397288442282465,0.009475657855110065,0.032743397298223405,0.637883008356546,0.362116991643454,long,0.637883008356546,0.07662296283951141
positive_heavy&has_exclamation,626,0.004847956499796104,0.007540700917866294,0.030654644528829062,0.6293929712460063,0.3706070287539936,long,0.6293929712460063,0.0763427446512197
positive_heavy,626,0.004847956499796104,0.007540700917866294,0.030654644528829062,0.6293929712460063,0.3706070287539936,long,0.6293929712460063,0.0763427446512197
has_positive&positive_heavy,626,0.004847956499796104,0.007540700917866294,0.030654644528829062,0.6293929712460063,0.3706070287539936,long,0.6293929712460063,0.0763427446512197
has_action&china_streak_3d,22,0.020999560281838345,0.024679151289603074,0.03380955668234229,0.7727272727272727,0.22727272727272727,long,0.7727272727272727,0.07611106201909291
posts_very_high&positive_heavy,210,0.008201872000090106,0.010765459137416444,0.03501156944077682,0.638095238095238,0.3619047619047619,long,0.638095238095238,0.07584171381791406
deal_heavy&has_night_post,98,0.011637659658399012,0.011788729278834342,0.03313028958215034,0.6530612244897959,0.3469387755102041,long,0.6530612244897959,0.07523719370601198
has_positive&has_all_caps,178,0.008649597087945089,0.009223194647033695,0.031062446503988667,0.651685393258427,0.34831460674157305,long,0.651685393258427,0.07520450652774956
uppercase_phrase_heavy&deal_over_tariff,22,0.023494680875172827,0.019336796062570216,0.039110959513398144,0.6818181818181818,0.3181818181818182,long,0.6818181818181818,0.0751362418969996
posts_very_high&deal_heavy,80,0.01264195826540666,0.014634547954325505,0.034669698165080615,0.6625,0.3375,long,0.6625,0.07491093683293625
posts_very_high&pre_action,34,0.019830217177601826,0.01338871843078504,0.04035749606786018,0.6470588235294118,0.35294117647058826,long,0.6470588235294118,0.07481879215860254
has_attack&positive_heavy,474,0.005368485325506716,0.008541230074415984,0.031002305078355948,0.6371308016877637,0.3628691983122363,long,0.6371308016877637,0.0744679746855127
posts_very_high&attack_heavy,157,0.009103509830125625,0.011187553092661284,0.031067163433332004,0.6496815286624203,0.3503184713375796,long,0.6496815286624203,0.07410699634006239
has_deal&has_action,106,0.010882560406116449,0.012895997269103399,0.03416429415245725,0.660377358490566,0.33962264150943394,long,0.660377358490566,0.07399053948096884
posts_very_high,224,0.007843732401963123,0.010681050543962622,0.03525140541914059,0.6294642857142857,0.3705357142857143,long,0.6294642857142857,0.07389547961995292
posts_very_high&has_exclamation,224,0.007843732401963123,0.010681050543962622,0.03525140541914059,0.6294642857142857,0.3705357142857143,long,0.6294642857142857,0.07389547961995292
posts_high&posts_very_high,224,0.007843732401963123,0.010681050543962622,0.03525140541914059,0.6294642857142857,0.3705357142857143,long,0.6294642857142857,0.07389547961995292
positive_heavy&lots_of_excl,605,0.00477099020966027,0.0074558079550000045,0.030756675344350014,0.628099173553719,0.371900826446281,long,0.628099173553719,0.07370796732616015
has_deal&deal_heavy,159,0.008932430683151445,0.010772806807875623,0.03136227454543531,0.6540880503144654,0.34591194968553457,long,0.6540880503144654,0.07367233450294285
deal_heavy&has_exclamation,159,0.008932430683151445,0.010772806807875623,0.03136227454543531,0.6540880503144654,0.34591194968553457,long,0.6540880503144654,0.07367233450294285
deal_heavy&has_positive,159,0.008932430683151445,0.010772806807875623,0.03136227454543531,0.6540880503144654,0.34591194968553457,long,0.6540880503144654,0.07367233450294285
deal_heavy,159,0.008932430683151445,0.010772806807875623,0.03136227454543531,0.6540880503144654,0.34591194968553457,long,0.6540880503144654,0.07367233450294285
posts_very_high&has_attack,200,0.008262942705787998,0.010681050543962622,0.0350153460344048,0.63,0.37,long,0.63,0.07361906352971452
attack_heavy&has_all_caps,92,0.011749171234382072,0.009458213197047094,0.02990856195966407,0.6521739130434783,0.34782608695652173,long,0.6521739130434783,0.07349614666780246
pre_action&deal_only,38,0.017393418914794352,0.01494942287546841,0.03608502695312046,0.6842105263157895,0.3157894736842105,long,0.6842105263157895,0.07336121350169626
positive_heavy&has_uppercase_phrase,220,0.0077151378727147515,0.008541230074415984,0.033757339700173514,0.6409090909090909,0.35909090909090907,long,0.6409090909090909,0.07334178298663623
has_attack&has_uppercase_phrase,225,0.0074818315311703625,0.00881647211812453,0.032607783900076084,0.6533333333333333,0.3466666666666667,long,0.6533333333333333,0.07332194900546955
has_action&deal_only,77,0.012336014589300707,0.013233459029253547,0.034810542944991966,0.6753246753246753,0.3246753246753247,long,0.6753246753246753,0.07310260535818305
has_positive&has_uppercase_phrase,280,0.006862227005595978,0.008541230074415984,0.03292183335611819,0.6357142857142857,0.36428571428571427,long,0.6357142857142857,0.07299717736343506
posts_high&short_posts,241,0.0073733105733656415,0.010772806807875623,0.03706099027833157,0.6348547717842323,0.3651452282157676,long,0.6348547717842323,0.07266837302447525
has_china&has_exclamation,307,0.0067277749183774225,0.008594432710973487,0.03173467841314214,0.6156351791530945,0.38436482084690554,long,0.6156351791530945,0.07257116081176834
has_china,307,0.0067277749183774225,0.008594432710973487,0.03173467841314214,0.6156351791530945,0.38436482084690554,long,0.6156351791530945,0.07257116081176834
has_attack&has_night_post,362,0.005940161309804326,0.009408722938928693,0.03154245342607634,0.6408839779005525,0.35911602209944754,long,0.6408839779005525,0.07243224370499825
posts_very_high&lots_of_excl,223,0.007710875063235145,0.01060398962096798,0.035274459718139334,0.6278026905829597,0.3721973094170404,long,0.6278026905829597,0.0722901740874711
posts_very_high&exclamation_heavy,223,0.007710875063235145,0.01060398962096798,0.035274459718139334,0.6278026905829597,0.3721973094170404,long,0.6278026905829597,0.0722901740874711
posts_very_high&has_china,130,0.010394727546621407,0.009203995277672683,0.03335374808087885,0.6076923076923076,0.3923076923076923,long,0.6076923076923076,0.07202255531088028
posts_high&has_night_post,300,0.006311388822818732,0.010765459137416444,0.03480721709571069,0.6566666666666666,0.3433333333333333,long,0.6566666666666666,0.07178447610555137
deal_heavy&exclamation_heavy,158,0.008740762000666716,0.010765459137416444,0.03136843659071033,0.6518987341772152,0.34810126582278483,long,0.6518987341772152,0.0716239018524314
posts_high&positive_heavy,375,0.005721330273759979,0.009440768538984123,0.03364561348933655,0.6453333333333333,0.3546666666666667,long,0.6453333333333333,0.07149847042878377
has_positive&has_china,299,0.0067126047769129815,0.008606136333249026,0.03208351011059664,0.6153846153846154,0.38461538461538464,long,0.6153846153846154,0.0714287921777311
posts_high&pre_relief,24,0.0205706008732188,0.00868753280533674,0.050439208240911776,0.7083333333333334,0.2916666666666667,long,0.7083333333333334,0.0713822574426012
posts_very_high&has_action,88,0.012380110699344376,0.010099440002970694,0.037647422791978136,0.6136363636363636,0.38636363636363635,long,0.6136363636363636,0.0712651086808734
deal_heavy&positive_heavy,139,0.0093108741631932,0.010620959541772557,0.03138197304542204,0.6474820143884892,0.35251798561151076,long,0.6474820143884892,0.07107642351777362
has_china&exclamation_heavy,300,0.006619631719925996,0.008711304225686778,0.031795645132157505,0.6166666666666667,0.38333333333333336,long,0.6166666666666667,0.07070415387555601
has_uppercase_phrase,298,0.0064180609855837715,0.008679553920121652,0.03386842781514031,0.6375838926174496,0.3624161073825503,long,0.6375838926174496,0.07063977519045946
posts_very_high&has_uppercase_phrase,129,0.009528705312281146,0.009440768538984123,0.03660135822044804,0.6511627906976745,0.3488372093023256,long,0.6511627906976745,0.07047228071778486
posts_very_high&short_posts,147,0.009280912169515371,0.013969921486432835,0.040688070860492066,0.6258503401360545,0.3741496598639456,long,0.6258503401360545,0.07042385954633394
attack_heavy&has_uppercase_phrase,138,0.009504426035134446,0.008437190551751184,0.030044787938036957,0.6304347826086957,0.3695652173913043,long,0.6304347826086957,0.07038913118163857
attack_heavy&has_china,141,0.009486926720009298,0.011187553092661284,0.031376119839755585,0.624113475177305,0.375886524822695,long,0.624113475177305,0.07030701534800346
has_deal&positive_heavy,275,0.006723743476964455,0.007222708315122173,0.02976608307559468,0.6254545454545455,0.37454545454545457,long,0.6254545454545455,0.0697386018099419
has_action,194,0.007884883545436646,0.009963481294535614,0.035396707859884,0.634020618556701,0.36597938144329895,long,0.634020618556701,0.06963050259572305
has_attack&has_all_caps,144,0.008784688651308147,0.009408722938928693,0.032166852629073955,0.6597222222222222,0.3402777777777778,long,0.6597222222222222,0.06954545182285617
attack_heavy&short_posts,132,0.00937232304095329,0.01169160358590804,0.03293422447714297,0.6439393939393939,0.3560606060606061,long,0.6439393939393939,0.06933926109772087
has_attack&pre_relief,22,0.021671420974314168,0.011714854055559831,0.05263618887443551,0.6818181818181818,0.3181818181818182,long,0.6818181818181818,0.06930543714251672
has_uppercase_phrase&deal_only,96,0.011313909220995557,0.010099440002970694,0.03132584162807147,0.625,0.375,long,0.625,0.06928326146902158
pre_deal&short_posts,81,0.011730195432802225,0.011869482180230762,0.02893611998227276,0.654320987654321,0.345679012345679,long,0.654320987654321,0.06907781754872422
has_china&lots_of_excl,282,0.006696608822093898,0.008711304225686778,0.0319536036937495,0.6134751773049646,0.38652482269503546,long,0.6134751773049646,0.06898846462920806
posts_high&pre_deal,115,0.009585912406384893,0.009440768538984123,0.02783068544464439,0.6695652173913044,0.33043478260869563,long,0.6695652173913044,0.06882960245949779
positive_heavy&short_posts,282,0.006399900297445916,0.008691522807146246,0.03467754123299402,0.6382978723404256,0.3617021276595745,long,0.6382978723404256,0.06859953300088252
has_uppercase_phrase&deal_over_tariff,115,0.01034425089440517,0.008967222016361243,0.03279546508006941,0.6173913043478261,0.3826086956521739,long,0.6173913043478261,0.06848705224640661
has_iran&pre_deal,42,0.014316760669136563,0.017789745989103767,0.025241141256248715,0.7380952380952381,0.2619047619047619,long,0.7380952380952381,0.06848284808745207
posts_low,461,0.0050480195014805974,0.007358382784030226,0.027483293905803816,0.631578947368421,0.3684210526315789,long,0.631578947368421,0.06845404748781286
has_action&attack_heavy,96,0.010641094264442924,0.011592254278141034,0.031911421521736615,0.65625,0.34375,long,0.65625,0.06842128453844736
has_russia&uppercase_phrase_heavy,29,0.01836152578997013,0.010772806807875623,0.031693550367141256,0.6896551724137931,0.3103448275862069,long,0.6896551724137931,0.06819299482030326
pre_deal&has_night_post,101,0.01047314225789498,0.008594432710973487,0.02883888039478362,0.6435643564356436,0.3564356435643564,long,0.6435643564356436,0.06773757929227459
has_uppercase_phrase&has_exclamation,294,0.0061909952265091365,0.008541230074415984,0.03391883024156184,0.6360544217687075,0.36394557823129253,long,0.6360544217687075,0.06751937452443695
has_action&has_exclamation,192,0.007642072744424248,0.009963481294535614,0.035338417085870384,0.6354166666666666,0.3645833333333333,long,0.6354166666666666,0.06728532953144062
has_all_caps&exclamation_heavy,180,0.007714808986291381,0.009018466985777684,0.03157042118460799,0.65,0.35,long,0.65,0.06727826557441771
has_night_post&has_uppercase_phrase,182,0.00755346950563226,0.01064588129119659,0.033437873997628625,0.6593406593406593,0.34065934065934067,long,0.6593406593406593,0.06718804931364454
positive_heavy&pre_deal,138,0.008758074592460571,0.009972219757795275,0.027860006644999935,0.6521739130434783,0.34782608695652173,long,0.6521739130434783,0.06709831374333894
has_uppercase_phrase&exclamation_heavy,279,0.006282193717433613,0.008539824426713194,0.03340044975145757,0.6379928315412187,0.36200716845878134,long,0.6379928315412187,0.0669467078006154
has_action&deal_over_tariff,93,0.010397228570757578,0.012804651749793061,0.035536311474590035,0.6666666666666666,0.3333333333333333,long,0.6666666666666666,0.06684482747906934
posts_high&has_uppercase_phrase,191,0.007417505249287954,0.008542635722118774,0.035165081552449,0.6492146596858639,0.3507853403141361,long,0.6492146596858639,0.06655226856929916
has_uppercase_phrase&china_streak_3d,33,0.01655744214151552,0.014437254975421698,0.027799345197817966,0.696969696969697,0.30303030303030304,long,0.696969696969697,0.06629245648219358
has_deal&has_uppercase_phrase,127,0.009566289571301,0.008096329634662336,0.032033619385732404,0.6141732283464567,0.3858267716535433,long,0.6141732283464567,0.06621193271201672
attack_heavy&uppercase_phrase_heavy,44,0.015010704213849767,0.010141207835439259,0.032655164155643145,0.6590909090909091,0.3409090909090909,long,0.6590909090909091,0.06562551535336571
has_action&exclamation_heavy,185,0.007606186277748418,0.010262190746524347,0.03553746354455636,0.6324324324324324,0.3675675675675676,long,0.6324324324324324,0.06542849862630794
has_all_caps&lots_of_excl,177,0.007596866637302677,0.008967222016361243,0.03181925275959134,0.6440677966101694,0.3559322033898305,long,0.6440677966101694,0.0650957628184317
has_all_caps,184,0.007410757757977313,0.009018466985777684,0.033098374553223654,0.6467391304347826,0.3532608695652174,long,0.6467391304347826,0.06501306891536217
has_all_caps&has_exclamation,184,0.007410757757977313,0.009018466985777684,0.033098374553223654,0.6467391304347826,0.3532608695652174,long,0.6467391304347826,0.06501306891536217
has_attack&pre_deal,129,0.008789934757973553,0.010620959541772557,0.028079133674615876,0.6511627906976745,0.3488372093023256,long,0.6511627906976745,0.06500849060328771
has_china&has_uppercase_phrase,124,0.00937670028303959,0.00937704942969364,0.037234809192758414,0.6209677419354839,0.3790322580645161,long,0.6209677419354839,0.06483804582447003
has_all_caps&deal_only,59,0.012090160888786545,0.011826686764809136,0.0260176899229704,0.6949152542372882,0.3050847457627119,long,0.6949152542372882,0.06453420006745686
posts_high&deal_heavy,117,0.009180878614132963,0.008594432710973487,0.031626109528792724,0.6495726495726496,0.3504273504273504,long,0.6495726495726496,0.0645067121378745
positive_heavy&has_all_caps,146,0.008282349622684117,0.008754928869240008,0.032334199473723305,0.6438356164383562,0.3561643835616438,long,0.6438356164383562,0.06443250040045158
posts_high&has_action,138,0.008738129399960637,0.010510151106740806,0.037771736614100326,0.6231884057971014,0.37681159420289856,long,0.6231884057971014,0.06397015157765104
has_uppercase_phrase&lots_of_excl,266,0.006245397773630724,0.008404878666738114,0.033689854018281826,0.6278195488721805,0.37218045112781956,long,0.6278195488721805,0.06394929439793846
posts_high&has_all_caps,128,0.008467646267022396,0.009018466985777684,0.03477941532738882,0.6640625,0.3359375,long,0.6640625,0.06361750727106773
has_action&has_uppercase_phrase,88,0.010800891298924146,0.008991702130551449,0.04141857665314008,0.625,0.375,long,0.625,0.06332583846076696
deal_heavy&pre_deal,91,0.009718838696257275,0.010758111466957265,0.03105090725520871,0.6813186813186813,0.31868131868131866,long,0.6813186813186813,0.06316628966216285
has_night_post&uppercase_phrase_heavy,45,0.013612552627762385,0.01157836293387371,0.03744088313214391,0.6888888888888889,0.3111111111111111,long,0.6888888888888889,0.06290642558080484
pre_action&short_posts,37,0.016577884987231607,0.007998388271800216,0.045716416763631765,0.6216216216216216,0.3783783783783784,long,0.6216216216216216,0.06268391258200792
attack_heavy&volume_spike,90,0.01055964909703711,0.010227348962079996,0.031368468730589814,0.6222222222222222,0.37777777777777777,long,0.6222222222222222,0.06233274588571828
has_deal&has_china,157,0.008044396917912824,0.008539824426713194,0.029788325840401534,0.6178343949044586,0.3821656050955414,long,0.6178343949044586,0.06227523843428848
posts_high&pre_action,57,0.013043030133699672,0.009440768538984123,0.03852609349312236,0.631578947368421,0.3684210526315789,long,0.631578947368421,0.06219329560653463
has_action&lots_of_excl,178,0.007473157677175781,0.01015495406895206,0.03555430434615921,0.6235955056179775,0.37640449438202245,long,0.6235955056179775,0.062175190304556066
has_deal&china_streak_3d,24,0.019033610720511306,0.009772554873850425,0.03237693776408551,0.6666666666666666,0.3333333333333333,long,0.6666666666666666,0.06216351230402717
has_night_post&has_all_caps,111,0.008614921473770982,0.009440768538984123,0.032904256750897636,0.6846846846846847,0.3153153153153153,long,0.6846846846846847,0.06214460415703319
attack_heavy&has_iran,51,0.012317552626082062,0.019643076466576037,0.030929654552490565,0.7058823529411765,0.29411764705882354,long,0.7058823529411765,0.062092885054570654
posts_high&has_chips,23,0.017458128633274367,0.012804651749793061,0.028073409225079556,0.7391304347826086,0.2608695652173913,long,0.7391304347826086,0.06188461486250414
lots_of_excl&has_chips,29,0.01585782355735934,0.013737682351339986,0.025615690358141315,0.7241379310344828,0.27586206896551724,long,0.7241379310344828,0.061839202072953105
has_all_caps&short_posts,113,0.008649459539701643,0.010772806807875623,0.03730550781257192,0.672566371681416,0.3274336283185841,long,0.672566371681416,0.06183912587820059
positive_heavy&has_night_post,379,0.005013971042666834,0.008363848101651028,0.032524665548221976,0.633245382585752,0.36675461741424803,long,0.633245382585752,0.06181209425428237
has_all_caps&deal_over_tariff,73,0.010554192893857008,0.009440768538984123,0.030343920255630655,0.684931506849315,0.3150684931506849,long,0.684931506849315,0.06176374220131366
has_action&has_iran,31,0.014288346031043375,0.015697354476472247,0.032808969328839074,0.7741935483870968,0.22580645161290322,long,0.7741935483870968,0.06159030490484677
uppercase_phrase_heavy&short_posts,38,0.014561449542812398,0.018475263447778056,0.04406007026726792,0.6842105263157895,0.3157894736842105,long,0.6842105263157895,0.06141665500253191
silence_day,262,0.006156317168447519,0.00707723458077858,0.02731121010052449,0.6147859922178989,0.3852140077821012,long,0.6147859922178989,0.06126262413425491
posts_low&silence_day,262,0.006156317168447519,0.00707723458077858,0.02731121010052449,0.6147859922178989,0.3852140077821012,long,0.6147859922178989,0.06126262413425491
has_action&pre_deal,52,0.012200977400599897,0.013510588744555796,0.032337670312586685,0.6923076923076923,0.3076923076923077,long,0.6923076923076923,0.06091096102427114
positive_heavy&pre_relief,26,0.0172152337498016,0.00868753280533674,0.05135555245677458,0.6923076923076923,0.3076923076923077,long,0.6923076923076923,0.060771331953207296
has_positive&uppercase_phrase_heavy,52,0.012482423038104814,0.010688398214421801,0.037691769655563735,0.6730769230769231,0.3269230769230769,long,0.6730769230769231,0.06058502195027679
attack_heavy&pre_deal,76,0.010778861544256875,0.014461741051155608,0.02588217681693463,0.6447368421052632,0.35526315789473684,long,0.6447368421052632,0.06058459057088926
has_attack&uppercase_phrase_heavy,50,0.01258377163123562,0.010056799241985437,0.036822041786104785,0.68,0.32,long,0.68,0.06050687772277735
has_action&has_night_post,125,0.008350299283937808,0.012737095770274376,0.03720503527070592,0.648,0.352,long,0.648,0.060496751333582933
deal_heavy&has_uppercase_phrase,62,0.012161736194455828,0.010765459137416444,0.0361351864969653,0.6290322580645161,0.3709677419354839,long,0.6290322580645161,0.06023713960830944
has_action&has_positive,185,0.007014553764724542,0.009879245197691455,0.03528292800477188,0.6270270270270271,0.372972972972973,long,0.6270270270270271,0.05982354894534835
deal_heavy&has_attack,123,0.008718061986188325,0.010719723160088401,0.03225170136210208,0.6178861788617886,0.3821138211382114,long,0.6178861788617886,0.059742169422317866
has_exclamation&has_chips,31,0.015105697320000255,0.012804651749793061,0.024992609994087304,0.7096774193548387,0.2903225806451613,long,0.7096774193548387,0.059687393248641175
has_chips,31,0.015105697320000255,0.012804651749793061,0.024992609994087304,0.7096774193548387,0.2903225806451613,long,0.7096774193548387,0.059687393248641175
positive_heavy&has_china,246,0.006357145611503423,0.007563279257239874,0.032527495387538796,0.5975609756097561,0.4024390243902439,long,0.5975609756097561,0.05958156965067646
posts_very_high&pre_deal,71,0.011151825956917088,0.008967222016361243,0.030912542377287886,0.6338028169014085,0.36619718309859156,long,0.6338028169014085,0.059556521254676933
pre_action&deal_over_tariff,43,0.013913802882562621,0.012987342788413736,0.036094769852225476,0.6511627906976745,0.3488372093023256,long,0.6511627906976745,0.059411381329453256
deal_over_tariff&volume_spike,69,0.011742120671355763,0.009440768538984123,0.030480476391405758,0.6086956521739131,0.391304347826087,long,0.6086956521739131,0.05937057899040275
positive_heavy&uppercase_phrase_heavy,51,0.012403186531032622,0.01060398962096798,0.038062447138244616,0.6666666666666666,0.3333333333333333,long,0.6666666666666666,0.0590509792648241
exclamation_heavy&has_chips,30,0.01521971810865291,0.013271167050566524,0.025411663043916337,0.7,0.3,long,0.7,0.05835328048885343
has_deal&pre_action,49,0.01312035530654482,0.01160614562240836,0.03424511861632861,0.6326530612244898,0.3673469387755102,long,0.6326530612244898,0.058104430643269915
has_positive&has_chips,30,0.015151297818955597,0.01224486270510683,0.025418553353106513,0.7,0.3,long,0.7,0.05809095313644563
has_all_caps&has_uppercase_phrase,132,0.007828429426359794,0.008679553920121652,0.03669463036910281,0.6439393939393939,0.3560606060606061,long,0.6439393939393939,0.05791707238510115
deal_over_tariff&china_streak_3d,20,0.01988815917452259,0.00966857782370989,0.03460295355658571,0.65,0.35,long,0.65,0.05781265862003921
has_iran&exclamation_heavy,115,0.007837938226521896,0.012804651749793061,0.029114689400227073,0.6869565217391305,0.3130434782608696,long,0.6869565217391305,0.05774042915508558
posts_very_high&uppercase_phrase_heavy,45,0.01285330124477167,0.015008225519713037,0.04273809234169207,0.6666666666666666,0.3333333333333333,long,0.6666666666666666,0.05748171063718423
posts_high&has_iran,78,0.009060508510237866,0.013631898129124242,0.030363517406436495,0.717948717948718,0.28205128205128205,long,0.717948717948718,0.05745043194135841
posts_high&has_china,205,0.006590716412734223,0.008967222016361243,0.03463941141820563,0.6048780487804878,0.3951219512195122,long,0.6048780487804878,0.057079134567144266
has_action&short_posts,104,0.009221873967497709,0.008991702130551449,0.04111636727545759,0.6057692307692307,0.3942307692307692,long,0.6057692307692307,0.05696958585896807
has_action&positive_heavy,150,0.0074086277168012,0.01015495406895206,0.03704794916545995,0.62,0.38,long,0.62,0.05625680856125146
has_attack&has_china,240,0.006090383286652022,0.008318077030687765,0.03267548563313193,0.5958333333333333,0.4041666666666667,long,0.5958333333333333,0.0562179547482488
has_deal&has_all_caps,80,0.009487325371452218,0.008753523221537218,0.029563492663978928,0.6625,0.3375,long,0.6625,0.05621790680634785
has_iran&volume_spike,38,0.012324809453555019,0.018097949373342748,0.03356556021403942,0.7368421052631579,0.2631578947368421,long,0.7368421052631579,0.055981746932203445
has_iran&lots_of_excl,109,0.007838690496926464,0.012804651749793061,0.029173704827384867,0.6788990825688074,0.3211009174311927,long,0.6788990825688074,0.05555996811755368
has_iran&has_night_post,70,0.01009704663033282,0.013019055389523304,0.029678907700914994,0.6571428571428571,0.34285714285714286,long,0.6571428571428571,0.055514083410843226
posts_very_high&has_all_caps,92,0.008998959799785463,0.008754928869240008,0.03558265522163914,0.6413043478260869,0.358695652173913,long,0.6413043478260869,0.05535417847837537
has_action&has_china,88,0.009755930868120584,0.011382958013267497,0.041479882454791596,0.6022727272727273,0.3977272727272727,long,0.6022727272727273,0.0551192434196767
open_deal&short_posts,47,0.011105797459262589,0.013214815625106402,0.029416187551868915,0.723404255319149,0.2765957446808511,long,0.723404255319149,0.055078199767071
attack_heavy&pre_action,42,0.013192769480979992,0.012296744205411048,0.03559251982876109,0.6428571428571429,0.35714285714285715,long,0.6428571428571429,0.054963590207207265
has_all_caps&uppercase_phrase_heavy,42,0.012271747361950736,0.011175584870874666,0.043201054930426856,0.6904761904761905,0.30952380952380953,long,0.6904761904761905,0.05491358010728641
posts_very_high&has_russia,121,0.007932700244398842,0.009069711955194126,0.03005723739391328,0.628099173553719,0.371900826446281,long,0.628099173553719,0.05480774714311927
deal_only&volume_spike,56,0.01199536992823584,0.010765459137416444,0.028373883400274278,0.6071428571428571,0.39285714285714285,long,0.6071428571428571,0.054500256891727404
has_uppercase_phrase&volume_drop,28,0.013692751973435351,0.014111579555927123,0.03073891440301134,0.75,0.25,long,0.75,0.05434142472869827
has_iran&has_exclamation,120,0.00733354431430265,0.01266337046682875,0.028938418573292726,0.675,0.325,long,0.675,0.05422609323999878
pre_action&exclamation_heavy,73,0.010217254781258378,0.009440768538984123,0.03860273533070132,0.6164383561643836,0.3835616438356164,long,0.6164383561643836,0.053812764935713374
posts_high&uppercase_phrase_heavy,51,0.01124725291798093,0.01060398962096798,0.0404762463575409,0.6666666666666666,0.3333333333333333,long,0.6666666666666666,0.05354763448765369
sig_potus&deal_over_tariff,21,0.015279246451164841,0.015008225519713037,0.025685492699469126,0.7619047619047619,0.23809523809523808,long,0.7619047619047619,0.05334727879950344
has_attack&has_chips,28,0.014106351834755226,0.01224486270510683,0.024967349529244953,0.7142857142857143,0.2857142857142857,long,0.7142857142857143,0.053316998373060046
has_night_post&sig_potus,41,0.011005919062081173,0.01157836293387371,0.023475113578590133,0.7560975609756098,0.24390243902439024,long,0.7560975609756098,0.053283909271968806
has_iran,121,0.007182635888653449,0.012522089183864438,0.02886536063603739,0.6694214876033058,0.3305785123966942,long,0.6694214876033058,0.05289031881644812
has_positive&has_iran,116,0.0072876713754464525,0.01266337046682875,0.029321984709987144,0.6724137931034483,0.3275862068965517,long,0.6724137931034483,0.05277817742288324
has_deal&sig_potus,27,0.013697415526390819,0.010758111466957265,0.024785723316772142,0.7407407407407407,0.25925925925925924,long,0.7407407407407407,0.05272137694242599
has_russia&deal_only,97,0.008221411938087852,0.010772806807875623,0.026677925664843512,0.6494845360824743,0.35051546391752575,long,0.6494845360824743,0.052589748224923905
volume_drop,326,0.0047628641157104355,0.006582390385855175,0.02681028167010055,0.6073619631901841,0.39263803680981596,long,0.6073619631901841,0.05223054788698843
has_china&uppercase_phrase_heavy,37,0.012590647379639585,0.01157836293387371,0.03961676028169661,0.6756756756756757,0.32432432432432434,long,0.6756756756756757,0.05174724196828995
positive_heavy&has_chips,25,0.014318483442520185,0.012804651749793061,0.02394594970817264,0.72,0.28,long,0.72,0.051546540393072666
has_china&pre_action,33,0.016403538028783127,0.009440768538984123,0.04169539908058002,0.5454545454545454,0.45454545454545453,long,0.5454545454545454,0.05139881008975287
deal_heavy&attack_heavy,80,0.009361445295262203,0.01338753062413589,0.031137008421010637,0.6125,0.3875,long,0.6125,0.0512854287172371
has_iran&has_uppercase_phrase,49,0.010507818298706886,0.018385112773859014,0.03347675624266955,0.6938775510204082,0.30612244897959184,long,0.6938775510204082,0.051037974593719164
has_russia&volume_spike,75,0.009534231173322067,0.008539824426713194,0.030300750191077957,0.6133333333333333,0.38666666666666666,long,0.6133333333333333,0.05064223659678928
pre_action&has_exclamation,74,0.009646389415611073,0.008887662607886648,0.03865066013545386,0.6081081081081081,0.3918918918918919,long,0.6081081081081081,0.05046164963856711
posts_high&open_deal,96,0.007333279600616322,0.010765459137416444,0.029143900712686525,0.6979166666666666,0.3020833333333333,long,0.6979166666666666,0.05014613091245598
uppercase_phrase_heavy&has_exclamation,54,0.010158837440778067,0.010056799241985437,0.04022721455306844,0.6666666666666666,0.3333333333333333,long,0.6666666666666666,0.049767936219575176
uppercase_phrase_heavy,54,0.010158837440778067,0.010056799241985437,0.04022721455306844,0.6666666666666666,0.3333333333333333,long,0.6666666666666666,0.049767936219575176
uppercase_phrase_heavy&exclamation_heavy,54,0.010158837440778067,0.010056799241985437,0.04022721455306844,0.6666666666666666,0.3333333333333333,long,0.6666666666666666,0.049767936219575176
has_uppercase_phrase&uppercase_phrase_heavy,54,0.010158837440778067,0.010056799241985437,0.04022721455306844,0.6666666666666666,0.3333333333333333,long,0.6666666666666666,0.049767936219575176
uppercase_phrase_heavy&lots_of_excl,54,0.010158837440778067,0.010056799241985437,0.04022721455306844,0.6666666666666666,0.3333333333333333,long,0.6666666666666666,0.049767936219575176
deal_heavy&has_iran,39,0.011415420229281298,0.012810093765524,0.032669277167551004,0.6923076923076923,0.3076923076923077,long,0.6923076923076923,0.049354114488049584
has_relief&has_russia,33,0.013497516245895909,0.007998388271800216,0.031406186635478825,0.6363636363636364,0.36363636363636365,long,0.6363636363636364,0.049341935775499716
pre_action,75,0.00949194950609255,0.008334556676789173,0.038411911241305254,0.6,0.4,long,0.6,0.04932161642229182
has_action&pre_action,75,0.00949194950609255,0.008334556676789173,0.038411911241305254,0.6,0.4,long,0.6,0.04932161642229182
attack_heavy&all_caps_heavy,25,0.015323920419810472,0.010772806807875623,0.03615803006520209,0.64,0.36,long,0.64,0.04903654534339351
posts_very_high&volume_spike,85,0.008847274543112373,0.008539824426713194,0.03467437009320988,0.6,0.4,long,0.6,0.04894070458566008
has_action&has_attack,148,0.006519260944067242,0.009641415263048403,0.03784513380026701,0.6148648648648649,0.38513513513513514,long,0.6148648648648649,0.048765075321873
has_relief&deal_only,33,0.013902200209363731,0.014260870388937974,0.041779471971678306,0.6060606060606061,0.3939393939393939,long,0.6060606060606061,0.048401248501457
has_deal&volume_spike,83,0.009169904686424825,0.008096329634662336,0.02999310806194447,0.5783132530120482,0.42168674698795183,long,0.5783132530120482,0.048313334499907885
has_russia&deal_over_tariff,116,0.006919998962072009,0.010382930861565387,0.02740361733468906,0.646551724137931,0.35344827586206895,long,0.646551724137931,0.04818793302925536
positive_heavy&pre_action,62,0.010242878478846152,0.008166472474294695,0.038681574668046864,0.5967741935483871,0.4032258064516129,long,0.5967741935483871,0.048131334103456234
has_china&has_all_caps,87,0.00828355583572342,0.00881647211812453,0.037556042758269875,0.6206896551724138,0.3793103448275862,long,0.6206896551724138,0.047956881840342365
has_uppercase_phrase&volume_spike,83,0.008465316502188947,0.009440768538984123,0.036929380477454754,0.6144578313253012,0.3855421686746988,long,0.6144578313253012,0.04738864927350547
has_relief&has_action,26,0.015082081631699986,0.010367742021037296,0.04957096849643659,0.6153846153846154,0.38461538461538464,long,0.6153846153846154,0.04732543295116156
pre_action&has_uppercase_phrase,29,0.01592310091766907,0.0009307715114541537,0.04696470746366044,0.5517241379310345,0.4482758620689655,long,0.5517241379310345,0.04730952975574212
attack_heavy&has_russia,152,0.006203523124569111,0.008955060923683922,0.030343683751823863,0.618421052631579,0.3815789473684211,long,0.618421052631579,0.04729818385240203
deal_heavy&has_action,61,0.009471846373632159,0.012804651749793061,0.0363797846723506,0.639344262295082,0.36065573770491804,long,0.639344262295082,0.0472970806184595
has_china&has_iran,43,0.011007167239601268,0.015058475037589503,0.029104804358155063,0.6511627906976745,0.3488372093023256,long,0.6511627906976745,0.04700016348863012
pre_action&lots_of_excl,70,0.009301130106121653,0.008887662607886648,0.03855558770500107,0.6,0.4,long,0.6,0.04669130256830779
deal_heavy&pre_action,25,0.014400515343312152,0.012987342788413736,0.03993398658562522,0.64,0.36,long,0.64,0.046081649098598895
deal_over_tariff&volume_drop,21,0.014048123420533526,0.017864442645978862,0.024225682365881452,0.7142857142857143,0.2857142857142857,long,0.7142857142857143,0.04598327781905488
deal_only&volume_drop,21,0.014048123420533526,0.017864442645978862,0.024225682365881452,0.7142857142857143,0.2857142857142857,long,0.7142857142857143,0.04598327781905488
has_russia&pre_deal,68,0.008808224795447548,0.009972219757795275,0.025200419203568362,0.6323529411764706,0.36764705882352944,long,0.6323529411764706,0.04593062858382454
has_positive&sig_potus,61,0.008739661261072217,0.010049159238721739,0.022156359320508322,0.6721311475409836,0.32786885245901637,long,0.6721311475409836,0.0458789573410615
attack_heavy&china_streak_3d,24,0.014906393160162254,0.009853414379631609,0.02883373611809395,0.625,0.375,long,0.625,0.04564132143463845
posts_very_high&has_iran,50,0.009489894159650809,0.01749351119590059,0.03435769584934616,0.68,0.32,long,0.68,0.045630505888615565
pre_deal&volume_spike,41,0.011679704454938097,0.009440768538984123,0.02668369177735295,0.6097560975609756,0.3902439024390244,long,0.6097560975609756,0.04560158456186984
has_relief&short_posts,46,0.010259118668384715,0.00795885762849824,0.04320374689230874,0.6521739130434783,0.34782608695652173,long,0.6521739130434783,0.04537873574675598
has_relief&pre_relief,31,0.012586578547301547,0.007919326985196262,0.04877391617425074,0.6451612903225806,0.3548387096774194,long,0.6451612903225806,0.0452123248294364
pre_relief,31,0.012586578547301547,0.007919326985196262,0.04877391617425074,0.6451612903225806,0.3548387096774194,long,0.6451612903225806,0.0452123248294364
pre_relief&has_exclamation,31,0.012586578547301547,0.007919326985196262,0.04877391617425074,0.6451612903225806,0.3548387096774194,long,0.6451612903225806,0.0452123248294364
pre_relief&exclamation_heavy,31,0.012586578547301547,0.007919326985196262,0.04877391617425074,0.6451612903225806,0.3548387096774194,long,0.6451612903225806,0.0452123248294364
has_all_caps&china_streak_3d,22,0.014102517404772596,0.013255953420355127,0.027746977514490654,0.6818181818181818,0.3181818181818182,long,0.6818181818181818,0.04510000219672473
has_positive&pre_action,72,0.008829265228434692,0.008887662607886648,0.038330813883599865,0.5972222222222222,0.4027777777777778,long,0.5972222222222222,0.04474317209743213
has_exclamation&volume_drop,147,0.0059933240853996,0.006529741565111102,0.025124198342372398,0.6122448979591837,0.3877551020408163,long,0.6122448979591837,0.0444888935234502
has_iran&short_posts,50,0.008715975445120778,0.009638009524396196,0.0311871681236453,0.72,0.28,long,0.72,0.04437450246168244
has_positive&pre_relief,30,0.012786910934182364,0.00795885762849824,0.04959474500058487,0.6333333333333333,0.36666666666666664,long,0.6333333333333333,0.04435663720992054
pre_relief&lots_of_excl,30,0.012786910934182364,0.00795885762849824,0.04959474500058487,0.6333333333333333,0.36666666666666664,long,0.6333333333333333,0.04435663720992054
has_action&volume_spike,53,0.010393276188917418,0.008334556676789173,0.03927171305851528,0.5849056603773585,0.41509433962264153,long,0.5849056603773585,0.04425641463610951
has_china&pre_deal,80,0.007758199678211454,0.00856712856884334,0.027329249356068248,0.6375,0.3625,long,0.6375,0.0442370477519194
has_attack&pre_action,64,0.009312622992860701,0.009744242965181948,0.04053545094039494,0.59375,0.40625,long,0.59375,0.04423495921608833
has_china&has_night_post,186,0.005478951579500268,0.008318077030687765,0.03513819216159261,0.5913978494623656,0.40860215053763443,long,0.5913978494623656,0.044190984336147064
pre_action&volume_spike,21,0.016858982939782132,0.009440768538984123,0.04324467720246561,0.5714285714285714,0.42857142857142855,long,0.5714285714285714,0.04414718026372614
positive_heavy&has_iran,94,0.00678408683259785,0.011417267114528284,0.030462260552503145,0.6702127659574468,0.32978723404255317,long,0.6702127659574468,0.044082683162317456
posts_high&volume_spike,115,0.007272207627755318,0.008096329634662336,0.032771282034296446,0.5652173913043478,0.43478260869565216,long,0.5652173913043478,0.04407889576612417
has_attack&has_iran,86,0.007109099002787617,0.01266337046682875,0.029716192659449407,0.6627906976744186,0.3372093023255814,long,0.6627906976744186,0.04369585004555807
has_relief&has_attack,74,0.00842406015423095,0.0034395242753876287,0.03694573872751681,0.5945945945945946,0.40540540540540543,long,0.5945945945945946,0.04308819246887065
has_attack&open_deal,104,0.0063425334915638764,0.00846449469388133,0.028787583832476857,0.6634615384615384,0.33653846153846156,long,0.6634615384615384,0.04291362385957497
deal_heavy&has_china,85,0.007461492477406723,0.007177687089269913,0.03330355638632818,0.6235294117647059,0.3764705882352941,long,0.6235294117647059,0.042893561947058935
positive_heavy&has_russia,231,0.004424263059113059,0.00714133154007035,0.030370313630008042,0.6320346320346321,0.36796536796536794,long,0.6320346320346321,0.04249989012889342
has_iran&open_deal,37,0.009942709765568814,0.01781078597282648,0.030388212644634503,0.7027027027027027,0.2972972972972973,long,0.7027027027027027,0.04249885682979558
has_attack&brag_heavy,31,0.009812875193227724,0.011869482180230762,0.018788209574571713,0.7741935483870968,0.22580645161290322,long,0.7741935483870968,0.04229866590793709
brag_heavy&has_night_post,21,0.01071520826748064,0.011568725309577754,0.017021494764747517,0.8571428571428571,0.14285714285714285,long,0.8571428571428571,0.04208850254823999
has_attack&volume_spike,122,0.00663839104223111,0.0083492023892201,0.03424449242307421,0.5737704918032787,0.4262295081967213,long,0.5737704918032787,0.04207081798712559
deal_heavy&has_all_caps,44,0.009288895628278358,0.007778632495955673,0.034821540340227074,0.6818181818181818,0.3181818181818182,long,0.6818181818181818,0.04201061115787077
uppercase_phrase_heavy&volume_spike,27,0.012816918444955439,0.01157836293387371,0.047260255643262056,0.6296296296296297,0.37037037037037035,long,0.6296296296296297,0.041932490781466845
pre_relief&short_posts,24,0.012822069660466834,0.007911588592276919,0.054663291500040026,0.6666666666666666,0.3333333333333333,long,0.6666666666666666,0.04187670415275319
has_relief&deal_over_tariff,43,0.01094656470566217,0.007919326985196262,0.040169041498269574,0.5813953488372093,0.4186046511627907,long,0.5813953488372093,0.04173338669167076
attack_heavy&open_deal,67,0.007844950213772305,0.010772806807875623,0.029754492204485356,0.6417910447761194,0.3582089552238806,long,0.6417910447761194,0.04121176797063594
has_russia&has_uppercase_phrase,115,0.0062879200578705415,0.006139986342742931,0.03378656901630332,0.6086956521739131,0.391304347826087,long,0.6086956521739131,0.041044609814564946
has_attack&sig_potus,54,0.008365217659299982,0.009255240247089125,0.022544061423055445,0.6666666666666666,0.3333333333333333,long,0.6666666666666666,0.04098102970520802
has_relief&attack_heavy,45,0.010560632784496628,0.009376677338873263,0.03315238767834022,0.5777777777777777,0.4222222222222222,long,0.5777777777777777,0.04093144083868206
posts_low&volume_drop,250,0.00416205153698656,0.0069471967974514826,0.026464697394280794,0.62,0.38,long,0.62,0.04080084404723441
posts_very_high&open_deal,60,0.007821996897168946,0.008780827363667365,0.030447875816245067,0.6666666666666666,0.3333333333333333,long,0.6666666666666666,0.040392618289095225
positive_heavy&sig_potus,46,0.008539583666833064,0.010681050543962622,0.02243575976140083,0.6956521739130435,0.30434782608695654,long,0.6956521739130435,0.04029097345876084
open_deal&lots_of_excl,128,0.0054195153304227636,0.007778632495955673,0.02933187637501925,0.65625,0.34375,long,0.65625,0.04023784842930708
deal_heavy&volume_spike,46,0.010087991160436188,0.010765459137416444,0.03294337151936506,0.5869565217391305,0.41304347826086957,long,0.5869565217391305,0.04015961505993661
has_iran&has_russia,47,0.008275158862195387,0.01719437920434852,0.027876787370246202,0.7021276595744681,0.2978723404255319,long,0.7021276595744681,0.03983284724356928
has_positive&has_russia,290,0.003770162306840274,0.006555660244617734,0.029246163810497234,0.6137931034482759,0.38620689655172413,long,0.6137931034482759,0.03940769656623277
has_market_brag&has_night_post,93,0.00620774159623782,0.008334556676789173,0.025050872793124058,0.6559139784946236,0.34408602150537637,long,0.6559139784946236,0.03926648182887091
brag_heavy,38,0.008618913714418936,0.011587435465993057,0.017750498156622403,0.7368421052631579,0.2631578947368421,long,0.7368421052631579,0.03914882807798085
brag_heavy&exclamation_heavy,38,0.008618913714418936,0.011587435465993057,0.017750498156622403,0.7368421052631579,0.2631578947368421,long,0.7368421052631579,0.03914882807798085
brag_heavy&has_exclamation,38,0.008618913714418936,0.011587435465993057,0.017750498156622403,0.7368421052631579,0.2631578947368421,long,0.7368421052631579,0.03914882807798085
brag_heavy&lots_of_excl,38,0.008618913714418936,0.011587435465993057,0.017750498156622403,0.7368421052631579,0.2631578947368421,long,0.7368421052631579,0.03914882807798085
has_market_brag&brag_heavy,38,0.008618913714418936,0.011587435465993057,0.017750498156622403,0.7368421052631579,0.2631578947368421,long,0.7368421052631579,0.03914882807798085
has_positive&brag_heavy,38,0.008618913714418936,0.011587435465993057,0.017750498156622403,0.7368421052631579,0.2631578947368421,long,0.7368421052631579,0.03914882807798085
has_deal&has_market_brag,80,0.0064327721975442715,0.00856712856884334,0.02497763105886378,0.675,0.325,long,0.675,0.038837112977195186
has_russia&has_exclamation,301,0.0036383006553945304,0.006529741565111102,0.02877862452601819,0.6112956810631229,0.38870431893687707,long,0.6112956810631229,0.038586302074734596
has_russia,301,0.0036383006553945304,0.006529741565111102,0.02877862452601819,0.6112956810631229,0.38870431893687707,long,0.6112956810631229,0.038586302074734596
has_positive&all_caps_heavy,30,0.011724967195432368,0.011175584870874666,0.043266856638476944,0.6,0.4,long,0.6,0.03853217411367835
pre_deal&has_uppercase_phrase,60,0.00802274963552472,0.008437190551751184,0.032470824210908675,0.6166666666666667,0.38333333333333336,long,0.6166666666666667,0.03832210339932061
short_posts&volume_spike,102,0.006670529909538059,0.007911588592276919,0.034208951092881024,0.5686274509803921,0.43137254901960786,long,0.5686274509803921,0.038307891041632854
has_russia&has_all_caps,70,0.0076276761711520724,0.007563279257239874,0.03482032719236159,0.6,0.4,long,0.6,0.03829063048649657
has_night_post&all_caps_heavy,26,0.011411337624903373,0.013523087103729181,0.04462576995942875,0.6538461538461539,0.34615384615384615,long,0.6538461538461539,0.03804510633980089
posts_high&has_relief,74,0.007593562414957252,0.0034395242753876287,0.0385802080324949,0.581081081081081,0.4189189189189189,long,0.581081081081081,0.03795754911688156
sig_potus&exclamation_heavy,61,0.007210493257478085,0.010049159238721739,0.026277479676727312,0.6721311475409836,0.32786885245901637,long,0.6721311475409836,0.037851571438051776
deal_heavy&has_relief,32,0.012500020822920552,0.002924727492357282,0.0391581129011716,0.53125,0.46875,long,0.53125,0.03756511032765572
pre_action&has_night_post,47,0.00883322169906047,0.009440768538984123,0.039157404728051515,0.6170212765957447,0.3829787234042553,long,0.6170212765957447,0.03736527643294172
open_deal&deal_over_tariff,123,0.005108776696694426,0.008334556676789173,0.0287362294210699,0.6585365853658537,0.34146341463414637,long,0.6585365853658537,0.03731207342341824
has_deal&has_russia,138,0.005210144802401292,0.007616835757490059,0.027024654068709356,0.6086956521739131,0.391304347826087,long,0.6086956521739131,0.03725542622963993
has_china&open_deal,68,0.0066768652150707005,0.009862666741659254,0.030464564592533386,0.6764705882352942,0.3235294117647059,long,0.6764705882352942,0.03724568659907201
open_deal&has_exclamation,137,0.004836464021431562,0.008334556676789173,0.029809985599041976,0.656934306569343,0.34306569343065696,long,0.656934306569343,0.0371886306568349
has_deal&open_deal,137,0.004836464021431562,0.008334556676789173,0.029809985599041976,0.656934306569343,0.34306569343065696,long,0.656934306569343,0.0371886306568349
open_deal,137,0.004836464021431562,0.008334556676789173,0.029809985599041976,0.656934306569343,0.34306569343065696,long,0.656934306569343,0.0371886306568349
has_china&has_russia,132,0.0053922307495794875,0.007563279257239874,0.031090085252395174,0.5984848484848485,0.4015151515151515,long,0.5984848484848485,0.03707734212573179
sig_potus&lots_of_excl,60,0.007179618251747542,0.01032657442984486,0.026498118684792103,0.6666666666666666,0.3333333333333333,long,0.6666666666666666,0.03707538922819338
open_deal&deal_only,94,0.00567623493882436,0.010510151106740806,0.027425275377688563,0.6702127659574468,0.32978723404255317,long,0.6702127659574468,0.03688391268235754
has_positive&volume_spike,144,0.005452645849950986,0.006823806066594829,0.03220127558905984,0.5625,0.4375,long,0.5625,0.036805359487169155
has_iran&has_all_caps,31,0.010778636872611467,0.012810093765524,0.03305403688452995,0.6129032258064516,0.3870967741935484,long,0.6129032258064516,0.03678210628790398
posts_high&has_russia,184,0.004363433788563499,0.008437190551751184,0.03147473350801569,0.6141304347826086,0.3858695652173913,long,0.6141304347826086,0.03634945655360695
has_russia&sig_potus,29,0.00930343070491909,0.009069711955194126,0.01936381347030168,0.7241379310344828,0.27586206896551724,long,0.7241379310344828,0.036279677930091084
all_caps_heavy&has_uppercase_phrase,30,0.01037294424032329,0.011175584870874666,0.046589806856420106,0.6333333333333333,0.36666666666666664,long,0.6333333333333333,0.035982805138399576
open_deal&exclamation_heavy,133,0.004758243817146033,0.008334556676789173,0.030192928196089455,0.6541353383458647,0.3458646616541353,long,0.6541353383458647,0.03589550966608231
has_russia&lots_of_excl,278,0.003533432641124689,0.006555660244617734,0.02927384116598417,0.6079136690647482,0.3920863309352518,long,0.6079136690647482,0.03581468397144499
has_attack&has_market_brag,130,0.004740543293893976,0.008451836264182111,0.02671561525275395,0.6615384615384615,0.3384615384615385,long,0.6615384615384615,0.03575649100132408
lots_of_excl&volume_spike,129,0.005628075642105187,0.007903850199357576,0.033786202288205794,0.5581395348837209,0.4418604651162791,long,0.5581395348837209,0.035677758959716886
has_action&uppercase_phrase_heavy,25,0.011850606301150148,0.008542635722118774,0.04451362125242623,0.6,0.4,long,0.6,0.03555181890345044
has_positive&volume_drop,112,0.005615548283983973,0.006375201828435539,0.027040546235037596,0.5982142857142857,0.4017857142857143,long,0.5982142857142857,0.03555150227588237
posts_very_high&has_relief,46,0.010017932767347028,0.0015965376710616042,0.042688187559435126,0.5217391304347826,0.4782608695652174,long,0.5217391304347826,0.035449526492301306
pre_deal&has_all_caps,47,0.007824549675640405,0.008539824426713194,0.028902658797186627,0.6595744680851063,0.3404255319148936,long,0.6595744680851063,0.03538116402927637
has_russia&exclamation_heavy,294,0.0033731279453557755,0.006518011079115205,0.028765295955101966,0.608843537414966,0.391156462585034,long,0.608843537414966,0.0352137421971601
attack_heavy&sig_potus,34,0.008880547434109131,0.009255240247089125,0.024547871089839638,0.6764705882352942,0.3235294117647059,long,0.6764705882352942,0.03502903036553503
positive_heavy&all_caps_heavy,28,0.011437780494936831,0.011175584870874666,0.04479759523139878,0.5714285714285714,0.42857142857142855,long,0.5714285714285714,0.03458459741731214
exclamation_heavy&volume_spike,134,0.005401856554474706,0.006823806066594829,0.03317283446320455,0.5522388059701493,0.44776119402985076,long,0.5522388059701493,0.03453205054528507
has_positive&open_deal,131,0.004643370178327285,0.008334556676789173,0.030399429426432346,0.648854961832061,0.3511450381679389,long,0.648854961832061,0.034483916571759206
sig_potus&has_exclamation,63,0.006674376570009437,0.009440768538984123,0.026075965134208883,0.6507936507936508,0.3492063492063492,long,0.6507936507936508,0.034476588713632926
sig_potus,63,0.006674376570009437,0.009440768538984123,0.026075965134208883,0.6507936507936508,0.3492063492063492,long,0.6507936507936508,0.034476588713632926
attack_heavy&has_market_brag,73,0.006261745848280971,0.010262190746524347,0.025230655841787283,0.6438356164383562,0.3561643835616438,long,0.6438356164383562,0.03444545012407039
has_market_brag&open_deal,33,0.007607967224126172,0.010772806807875623,0.028528179663095614,0.7878787878787878,0.21212121212121213,long,0.7878787878787878,0.03443380462505519
all_caps_heavy&short_posts,26,0.010858450556739677,0.013120309040730138,0.04993085247739414,0.6153846153846154,0.38461538461538464,long,0.6153846153846154,0.03407227770842957
silence_day&volume_drop,170,0.004277841025096848,0.006676216583843986,0.027778502729501886,0.6058823529411764,0.3941176470588235,long,0.6058823529411764,0.03379382922927355
has_attack&all_caps_heavy,28,0.010515301692799144,0.010307434397494153,0.04371559247543385,0.6071428571428571,0.39285714285714285,long,0.6071428571428571,0.03378248893424084
positive_heavy&has_market_brag,140,0.004464503271807922,0.005431621243951024,0.02439489661480211,0.6357142857142857,0.36428571428571427,long,0.6357142857142857,0.03358142602521885
exclamation_heavy&tariff_only,56,0.006441900876020729,0.00934500382963821,0.027222111150027657,0.6964285714285714,0.30357142857142855,long,0.6964285714285714,0.03357257335383967
has_positive&tariff_only,56,0.0063578367651955315,0.00934500382963821,0.02724090933842995,0.6964285714285714,0.30357142857142855,long,0.6964285714285714,0.03313446531998125
posts_low&short_posts,127,0.0042493110385856455,0.008596759212933902,0.025456698251810465,0.6850393700787402,0.31496062992125984,long,0.6850393700787402,0.03280468815241766
pre_action&has_all_caps,20,0.013329861055111341,0.0005823089503971257,0.0462809793615037,0.55,0.45,long,0.55,0.032787122994841635
has_market_brag&has_exclamation,177,0.003928573322755342,0.00714133154007035,0.02488286483004316,0.6271186440677966,0.3728813559322034,long,0.6271186440677966,0.0327771515248129
has_market_brag,177,0.003928573322755342,0.00714133154007035,0.02488286483004316,0.6271186440677966,0.3728813559322034,long,0.6271186440677966,0.0327771515248129
posts_high&has_market_brag,112,0.004811665930691991,0.0083492023892201,0.026903705936610848,0.6428571428571429,0.35714285714285715,long,0.6428571428571429,0.032735498000228125
has_positive&has_market_brag,173,0.003931964290377181,0.00714133154007035,0.02514322777262586,0.630057803468208,0.3699421965317919,long,0.630057803468208,0.03258464631270809
has_china&all_caps_heavy,22,0.010880454877636897,0.011175584870874666,0.048594958029433616,0.6363636363636364,0.36363636363636365,long,0.6363636363636364,0.032476090838619145
positive_heavy&brag_heavy,34,0.00788113949024503,0.011170766058726689,0.01860752951304163,0.7058823529411765,0.29411764705882354,long,0.7058823529411765,0.032438502525306626
posts_high&brag_heavy,29,0.008318385969316444,0.010772806807875623,0.01959615503380437,0.7241379310344828,0.27586206896551724,long,0.7241379310344828,0.03243839540884867
deal_heavy&has_russia,66,0.006563787101958781,0.009676272088965376,0.029977235360270877,0.6060606060606061,0.3939393939393939,long,0.6060606060606061,0.03231785363404079
has_market_brag&exclamation_heavy,175,0.003879820982129262,0.00714133154007035,0.024976314859476455,0.6285714285714286,0.37142857142857144,long,0.6285714285714286,0.03226155884337384
has_night_post&volume_spike,102,0.0055115995396611455,0.007911588592276919,0.03147329763999945,0.5784313725490197,0.4215686274509804,long,0.5784313725490197,0.03219805077819443
has_market_brag&pre_deal,44,0.007110065122507117,0.009607696126373022,0.019945812217325457,0.6818181818181818,0.3181818181818182,long,0.6818181818181818,0.03215647942683873
open_deal&has_uppercase_phrase,61,0.006433073285157513,0.008334556676789173,0.03279894008858409,0.639344262295082,0.36065573770491804,long,0.639344262295082,0.03212315464063809
volume_spike,177,0.00430407447873861,0.00714133154007035,0.03237749719269316,0.559322033898305,0.4406779661016949,long,0.559322033898305,0.032027890813104996
has_market_brag&deal_over_tariff,67,0.0057733172513861645,0.010262190746524347,0.026106281461995746,0.6716417910447762,0.3283582089552239,long,0.6716417910447762,0.031739533231253364
has_china&sig_potus,26,0.008989968713670573,0.008990296482848659,0.025433946058158456,0.6923076923076923,0.3076923076923077,long,0.6923076923076923,0.03173540254448876
has_russia&pre_action,35,0.009364602113149642,0.008334556676789173,0.041807465572305615,0.5714285714285714,0.42857142857142855,long,0.5714285714285714,0.031658133279072305
has_deal&volume_drop,22,0.0098850815506856,0.014871746046475898,0.030662958619807824,0.6818181818181818,0.3181818181818182,long,0.6818181818181818,0.03161259701759697
positive_heavy&volume_spike,122,0.0051149291935759485,0.007563279257239874,0.0340760440887813,0.5573770491803278,0.4426229508196721,long,0.5573770491803278,0.03148970727366382
has_relief&positive_heavy,83,0.005957926301474741,0.004261787632932501,0.038458758581860264,0.5783132530120482,0.42168674698795183,long,0.5783132530120482,0.03139043383461541
short_posts&volume_drop,83,0.005821094410293114,0.005289105521038673,0.022526980207833617,0.5903614457831325,0.40963855421686746,long,0.5903614457831325,0.03130845789352139
posts_high&sig_potus,46,0.006521600219444677,0.010022379079976051,0.027714987208408016,0.6956521739130435,0.30434782608695654,long,0.6956521739130435,0.030769839795684144
exclamation_heavy&volume_drop,100,0.00504249119522089,0.0065843070269112625,0.02691684039222737,0.61,0.39,long,0.61,0.030759196290847432
has_relief&pre_deal,25,0.011788417221754983,0.0022497235186054176,0.038997299976130606,0.52,0.48,long,0.52,0.03064988477656296
has_tariff&short_posts,43,0.007162270732161102,0.007222708315122173,0.03460837449797385,0.6511627906976745,0.3488372093023256,long,0.6511627906976745,0.03058260931570952
has_action&has_all_caps,53,0.007136097139052837,0.003137522747693522,0.045184292352545376,0.5849056603773585,0.41509433962264153,long,0.5849056603773585,0.030386768149800642
positive_heavy&open_deal,111,0.004408188201910087,0.007194857879395888,0.03046367009197561,0.6396396396396397,0.36036036036036034,long,0.6396396396396397,0.02970687625823601
lots_of_excl&tariff_only,53,0.005880026765158859,0.009313330320403157,0.027843679539175666,0.6792452830188679,0.32075471698113206,long,0.6792452830188679,0.02907661652984183
has_tariff&attack_heavy,61,0.005945060030526737,0.008334556676789173,0.02696642289897212,0.6229508196721312,0.3770491803278688,long,0.6229508196721312,0.028925103618251603
has_market_brag&has_iran,30,0.007463873867840683,0.014446578420611478,0.025077079411737632,0.7,0.3,long,0.7,0.028616924586527724
has_russia&has_night_post,175,0.003476392186998671,0.00778173027028739,0.029942397776261464,0.6171428571428571,0.38285714285714284,long,0.6171428571428571,0.028381379204138708
tariff_only,59,0.005409162734624522,0.008475200656687054,0.027141442528321444,0.6779661016949152,0.3220338983050847,long,0.6779661016949152,0.028168520229552865
has_tariff&tariff_only,59,0.005409162734624522,0.008475200656687054,0.027141442528321444,0.6779661016949152,0.3220338983050847,long,0.6779661016949152,0.028168520229552865
has_exclamation&tariff_only,59,0.005409162734624522,0.008475200656687054,0.027141442528321444,0.6779661016949152,0.3220338983050847,long,0.6779661016949152,0.028168520229552865
has_tariff&has_market_brag,32,0.007444738316545619,0.006298172154860837,0.021305528413852932,0.65625,0.34375,long,0.65625,0.027637180975890827
has_relief&exclamation_heavy,95,0.00488177666871052,0.003599731466109146,0.036575973142017555,0.5789473684210527,0.42105263157894735,long,0.5789473684210527,0.02754728449996255
posts_low&has_attack,30,0.006482798867050691,0.008310536874403529,0.023167727827798846,0.7666666666666667,0.23333333333333334,long,0.7666666666666667,0.02722260967693659
posts_low&exclamation_heavy,48,0.005235096585754928,0.00836650576240272,0.03199486271873916,0.75,0.25,long,0.75,0.027202359807173684
has_relief&lots_of_excl,92,0.004908647954148218,0.0034395242753876287,0.03714373570158474,0.5760869565217391,0.42391304347826086,long,0.5760869565217391,0.02712338207724937
has_tariff&has_iran,22,0.009075274287186574,0.011417267114528284,0.03127032503535809,0.6363636363636364,0.36363636363636365,long,0.6363636363636364,0.02708796970812561
posts_very_high&has_market_brag,67,0.005139420000240009,0.010772806807875623,0.031600737149139066,0.6417910447761194,0.3582089552238806,long,0.6417910447761194,0.026998843686949173
has_relief&has_china,46,0.007956165628584932,0.0009527696237812688,0.042030939138236176,0.5,0.5,long,0.5,0.02698067034673114
has_relief&has_positive,93,0.004880783435504906,0.003599731466109146,0.036970600811692234,0.5698924731182796,0.43010752688172044,long,0.5698924731182796,0.0268240242718127
has_attack&has_russia,268,0.002685738645270852,0.006471265030801643,0.028881062109452994,0.6082089552238806,0.3917910447761194,long,0.6082089552238806,0.02674138863528817
has_russia&open_deal,57,0.005172197404783207,0.008594432710973487,0.025851883493818412,0.6842105263157895,0.3157894736842105,long,0.6842105263157895,0.026717896997076496
has_all_caps&all_caps_heavy,32,0.007851257490110512,0.010307434397494153,0.0465669901429518,0.59375,0.40625,long,0.59375,0.02637046770746938
all_caps_heavy&lots_of_excl,32,0.007851257490110512,0.010307434397494153,0.0465669901429518,0.59375,0.40625,long,0.59375,0.02637046770746938
all_caps_heavy&has_exclamation,32,0.007851257490110512,0.010307434397494153,0.0465669901429518,0.59375,0.40625,long,0.59375,0.02637046770746938
all_caps_heavy&exclamation_heavy,32,0.007851257490110512,0.010307434397494153,0.0465669901429518,0.59375,0.40625,long,0.59375,0.02637046770746938
all_caps_heavy,32,0.007851257490110512,0.010307434397494153,0.0465669901429518,0.59375,0.40625,long,0.59375,0.02637046770746938
has_tariff&lots_of_excl,136,0.003662177934242738,0.006543929758621836,0.028087153285813776,0.6102941176470589,0.3897058823529412,long,0.6102941176470589,0.026064420871903932
has_market_brag&lots_of_excl,164,0.0033044318211106565,0.005431621243951024,0.025093316407948454,0.6158536585365854,0.38414634146341464,long,0.6158536585365854,0.02606131019456706
has_relief&has_exclamation,96,0.004640369873268768,0.0034395242753876287,0.03645976278147283,0.5729166666666666,0.4270833333333333,long,0.5729166666666666,0.02604831718337732
has_relief,96,0.004640369873268768,0.0034395242753876287,0.03645976278147283,0.5729166666666666,0.4270833333333333,long,0.5729166666666666,0.02604831718337732
has_russia&short_posts,141,0.0037571025839612453,0.006066585893050869,0.0321598527075492,0.5815602836879432,0.41843971631205673,long,0.5815602836879432,0.025945219501560944
posts_low&has_exclamation,140,0.003345918199937189,0.0061032861178969,0.026761424859364374,0.65,0.35,long,0.65,0.0257331347241195
has_positive&high_emotion,25,0.008020039509693766,0.00896724033859031,0.02306407760968113,0.64,0.36,long,0.64,0.025664126431020052
has_deal&has_relief,52,0.006810515677655071,0.0025740737225873334,0.03849237885499639,0.5192307692307693,0.4807692307692308,long,0.5192307692307693,0.025500112083834302
posts_low&has_positive,86,0.004033575217864989,0.00693982650276892,0.025423698812614255,0.6744186046511628,0.32558139534883723,long,0.6744186046511628,0.025227192896688615
posts_high&all_caps_heavy,31,0.007787037990207216,0.010772806807875623,0.04733530414295176,0.5806451612903226,0.41935483870967744,long,0.5806451612903226,0.02517467958225247
pre_tariff&tariff_only,20,0.007364182711460598,0.008894265488545106,0.015849129963353064,0.75,0.25,long,0.75,0.02470021971233193
has_attack&volume_drop,52,0.00532573824593965,0.007394985256618858,0.028000685894936452,0.6346153846153846,0.36538461538461536,long,0.6346153846153846,0.02437205141305218
sig_potus&has_uppercase_phrase,34,0.006172768163130158,0.010681050543962622,0.03182057702966829,0.6764705882352942,0.3235294117647059,long,0.6764705882352942,0.024348283146959544
positive_heavy&volume_drop,39,0.006497087399081958,0.004428181301178613,0.02197044156184046,0.5897435897435898,0.41025641025641024,long,0.5897435897435898,0.023928432037481653
has_market_brag&has_russia,63,0.0046213549760937035,0.005654050285953227,0.022267605126833824,0.6507936507936508,0.3492063492063492,long,0.6507936507936508,0.02387167597441363
lots_of_excl&volume_drop,65,0.0053181361367095285,0.004553089761455631,0.027412596487645723,0.5538461538461539,0.4461538461538462,long,0.5538461538461539,0.02374680975213761
tariff_heavy&exclamation_heavy,22,0.006535684247704035,0.007778632495955673,0.020043599086105684,0.7727272727272727,0.22727272727272727,long,0.7727272727272727,0.023688013579237846
tariff_heavy&lots_of_excl,22,0.006535684247704035,0.007778632495955673,0.020043599086105684,0.7727272727272727,0.22727272727272727,long,0.7727272727272727,0.023688013579237846
tariff_heavy&has_exclamation,22,0.006535684247704035,0.007778632495955673,0.020043599086105684,0.7727272727272727,0.22727272727272727,long,0.7727272727272727,0.023688013579237846
tariff_heavy,22,0.006535684247704035,0.007778632495955673,0.020043599086105684,0.7727272727272727,0.22727272727272727,long,0.7727272727272727,0.023688013579237846
has_tariff&tariff_heavy,22,0.006535684247704035,0.007778632495955673,0.020043599086105684,0.7727272727272727,0.22727272727272727,long,0.7727272727272727,0.023688013579237846
tariff_heavy&has_positive,22,0.006535684247704035,0.007778632495955673,0.020043599086105684,0.7727272727272727,0.22727272727272727,long,0.7727272727272727,0.023688013579237846
has_exclamation&volume_spike,153,0.0036023455253013335,0.0023113367724720835,0.03393197791868121,0.5294117647058824,0.47058823529411764,long,0.5294117647058824,0.023589822336546492
all_caps_heavy&uppercase_phrase_heavy,21,0.008266589300311433,0.010772806807875623,0.05403371912032111,0.6190476190476191,0.38095238095238093,long,0.6190476190476191,0.023450929795298062
has_relief&has_night_post,61,0.005224831554714339,0.003599731466109146,0.03990188064373243,0.5737704918032787,0.4262295081967213,long,0.5737704918032787,0.023413989565419808
posts_very_high&all_caps_heavy,26,0.007942678312854223,0.011175584870874666,0.05165740930870613,0.5769230769230769,0.4230769230769231,long,0.5769230769230769,0.023365310600442633
open_deal&has_all_caps,32,0.006256885059991689,0.0034138258515523656,0.03313594618082924,0.65625,0.34375,long,0.65625,0.023227500738880837
has_relief&has_uppercase_phrase,41,0.006368651303483224,0.0032793170846661113,0.04694425131792718,0.5609756097560976,0.43902439024390244,long,0.5609756097560976,0.022876173341100245
has_night_post&tariff_only,35,0.005563164516654801,0.009475657855110065,0.029602962852073162,0.6857142857142857,0.3142857142857143,long,0.6857142857142857,0.02256831437282648
deal_heavy&open_deal,91,0.003819402605408911,0.007222708315122173,0.030699641038071778,0.6153846153846154,0.38461538461538464,long,0.6153846153846154,0.022421402284883558
positive_heavy&tariff_only,44,0.00495014912541757,0.009426167596991664,0.027938029045848498,0.6818181818181818,0.3181818181818182,long,0.6818181818181818,0.02238789177997638
open_deal&has_night_post,81,0.003941776053704519,0.005146125463732609,0.03231279254656446,0.6296296296296297,0.37037037037037035,long,0.6296296296296297,0.02233673097099228
has_market_brag&deal_only,54,0.004636541989831178,0.010517498777199985,0.026353297056358686,0.6481481481481481,0.35185185185185186,long,0.6481481481481481,0.02208337064514579
sig_potus&short_posts,30,0.006350847731199357,0.009255240247089125,0.03115266020002571,0.6333333333333333,0.36666666666666664,long,0.6333333333333333,0.02203051622383649
has_night_post&volume_drop,40,0.0054769183967729815,0.0070473402218557135,0.02642180574150896,0.625,0.375,long,0.625,0.02164942086585052
has_tariff&exclamation_heavy,141,0.0029712420962047068,0.006581578924124365,0.028858557991453464,0.6099290780141844,0.3900709219858156,long,0.6099290780141844,0.02151924025774354
has_tariff&has_positive,141,0.0029378549316216498,0.006506280593119307,0.028861512030085888,0.6099290780141844,0.3900709219858156,long,0.6099290780141844,0.021277433500527302
pre_tariff&exclamation_heavy,55,0.004259174871728505,0.008334556676789173,0.02511299290664406,0.6727272727272727,0.32727272727272727,long,0.6727272727272727,0.021249359834174284
has_positive&pre_tariff,55,0.004229406221856567,0.008334556676789173,0.02513210545099478,0.6727272727272727,0.32727272727272727,long,0.6727272727272727,0.021100841688768895
has_tariff&pre_deal,45,0.004449657483294677,0.007222708315122173,0.024203750703378313,0.6888888888888889,0.3111111111111111,long,0.6888888888888889,0.020562788992424235
has_china&volume_spike,74,0.004492079388818774,0.004916256970283972,0.0363158690578476,0.527027027027027,0.47297297297297297,long,0.527027027027027,0.02036555125799849
posts_very_high&has_tariff,56,0.004899331479747839,0.003368627106901334,0.028211393119645725,0.5535714285714286,0.44642857142857145,long,0.5535714285714286,0.020295721945179673
has_all_caps&volume_spike,48,0.005402206472563465,0.00609871647660698,0.044589977780069255,0.5416666666666666,0.4583333333333333,long,0.5416666666666666,0.020273274847490953
open_tariff&lots_of_excl,53,0.0046749170628836365,0.0042137458040962805,0.03358901906445143,0.5849056603773585,0.41509433962264153,long,0.5849056603773585,0.0199066265693024
posts_high&tariff_heavy,20,0.005879411436532383,0.007200197702196043,0.02089971329106844,0.75,0.25,long,0.75,0.019720145459664152
pre_tariff&has_exclamation,56,0.003961499199835273,0.008235404494330356,0.024983154895298617,0.6607142857142857,0.3392857142857143,long,0.6607142857142857,0.019586971125686435
pre_tariff,56,0.003961499199835273,0.008235404494330356,0.024983154895298617,0.6607142857142857,0.3392857142857143,long,0.6607142857142857,0.019586971125686435
has_tariff&pre_tariff,56,0.003961499199835273,0.008235404494330356,0.024983154895298617,0.6607142857142857,0.3392857142857143,long,0.6607142857142857,0.019586971125686435
has_tariff,145,0.0026039728301123057,0.005470111813275391,0.028653473571081417,0.6068965517241379,0.3931034482758621,long,0.6068965517241379,0.019029839241844444
has_tariff&has_exclamation,145,0.0026039728301123057,0.005470111813275391,0.028653473571081417,0.6068965517241379,0.3931034482758621,long,0.6068965517241379,0.019029839241844444
has_market_brag&has_all_caps,48,0.004483871990370235,0.009580391984242875,0.030391594380578087,0.6041666666666666,0.3958333333333333,long,0.6041666666666666,0.018768544079727566
has_action&open_deal,45,0.004450057199191843,0.010262190746524347,0.03313610736806348,0.6222222222222222,0.37777777777777777,long,0.6222222222222222,0.01857451008215653
pre_tariff&pre_deal,30,0.005046211296198751,0.009477758109280865,0.026854065351251497,0.6666666666666666,0.3333333333333333,long,0.6666666666666666,0.018426158379102928
open_deal&volume_spike,38,0.005407319471564405,0.007778632495955673,0.031823805731342095,0.5526315789473685,0.4473684210526316,long,0.5526315789473685,0.018420844032889655
high_emotion,72,0.0033463269927692,0.008966062767940763,0.027483210857143135,0.625,0.375,long,0.625,0.01774657881491016
has_attack&tariff_only,44,0.004010059395152269,0.00934500382963821,0.027159392865444887,0.6590909090909091,0.3409090909090909,long,0.6590909090909091,0.017531636801001286
has_tariff&positive_heavy,121,0.0026103590205758713,0.005146125463732609,0.02817712786696235,0.6033057851239669,0.39669421487603307,long,0.6033057851239669,0.01732329168200351
pre_tariff&lots_of_excl,52,0.0035605689892562785,0.007778632495955673,0.025613841559176877,0.6538461538461539,0.34615384615384615,long,0.6538461538461539,0.01678791069461835
has_tariff&has_night_post,93,0.002669156211698054,0.006506280593119307,0.03138606330810507,0.6344086021505376,0.3655913978494624,long,0.6344086021505376,0.016329937737601177
has_market_brag&has_china,70,0.003486069290681886,0.00606977794641117,0.029717300988670363,0.5571428571428572,0.44285714285714284,long,0.5571428571428572,0.016249934026345683
has_market_brag&has_uppercase_phrase,67,0.0032457954278818585,0.005216944304910154,0.030214073357721003,0.5970149253731343,0.40298507462686567,long,0.5970149253731343,0.015861480956742505
has_market_brag&short_posts,88,0.002818766740436886,0.004049003601906298,0.028130832078002425,0.5909090909090909,0.4090909090909091,long,0.5909090909090909,0.015625040295813342
attack_heavy&pre_tariff,26,0.00455808037761861,0.0112315003217619,0.027279813929062192,0.6538461538461539,0.34615384615384615,long,0.6538461538461539,0.015196522824231855
posts_high&tariff_only,26,0.004275553329525254,0.010637474695538218,0.032239998266477825,0.6923076923076923,0.3076923076923077,long,0.6923076923076923,0.015093089902146372
high_emotion&short_posts,60,0.0031322581699556725,0.008608540383887364,0.029104659144946993,0.6166666666666667,0.38333333333333336,long,0.6166666666666667,0.014961793264854546
has_attack&tariff_rising,25,0.00461590834291429,0.0069697329889888415,0.027188451318720806,0.64,0.36,long,0.64,0.014770906697325727
has_night_post&tariff_rising,23,0.004269178472368996,0.0069697329889888415,0.0277862754160045,0.6956521739130435,0.30434782608695654,long,0.6956521739130435,0.014242963962737578
deal_heavy&has_market_brag,41,0.003454135080487996,0.008334556676789173,0.028505196630335003,0.6341463414634146,0.36585365853658536,long,0.6341463414634146,0.01402557700937155
high_emotion&has_uppercase_phrase,26,0.004065136505764762,0.010680116694982478,0.03495201899206189,0.6538461538461539,0.34615384615384615,long,0.6538461538461539,0.013553060625435364
has_tariff&has_attack,113,0.002147661558920724,0.004261787632932501,0.028413094387968345,0.584070796460177,0.415929203539823,long,0.584070796460177,0.013334310308233028
high_emotion&has_exclamation,44,0.0033484424026457775,0.006241981700217281,0.030482334219995858,0.5909090909090909,0.4090909090909091,long,0.5909090909090909,0.013124713823818034
has_china&pre_tariff,39,0.0032777671538715024,0.007222708315122173,0.024906773414807855,0.6410256410256411,0.358974358974359,long,0.6410256410256411,0.013121570073809966
positive_heavy&pre_tariff,47,0.0029980485925243656,0.007203741065500591,0.02667321770467983,0.6382978723404256,0.3617021276595745,long,0.6382978723404256,0.013119309973765241
has_tariff&open_deal,43,0.003000685736898469,0.005146125463732609,0.034741780882988106,0.627906976744186,0.37209302325581395,long,0.627906976744186,0.01235520769215028
posts_high&has_tariff,90,0.002134274653425609,0.004237766718514391,0.0293190427699682,0.6,0.4,long,0.6,0.012148504302944545
posts_low&high_emotion,58,0.002406622243140772,0.00962366774833745,0.02716616583557768,0.6551724137931034,0.3448275862068966,long,0.6551724137931034,0.012008189315531789
has_action&has_market_brag,40,0.0032846491974078155,0.008058143473538282,0.03471921165415706,0.575,0.425,long,0.575,0.011945018695220641
sig_potus&has_all_caps,23,0.0035777821743289283,0.009069711955194126,0.03451475661572167,0.6521739130434783,0.34782608695652173,long,0.6521739130434783,0.011190287305560652
has_tariff&deal_over_tariff,41,0.0027530037773864932,0.0069697329889888415,0.03159657982060956,0.6341463414634146,0.36585365853658536,long,0.6341463414634146,0.011178620866607772
has_action&has_russia,74,0.002229105714128465,0.007890059271043803,0.039211232891573036,0.581081081081081,0.4189189189189189,long,0.581081081081081,0.01114251585844493
deal_heavy&pre_tariff,29,0.003289961571105301,0.007222708315122173,0.026831160428137116,0.6206896551724138,0.3793103448275862,long,0.6206896551724138,0.010996749477646266
posts_low&has_uppercase_phrase,26,0.0032978919657368636,0.008916328701938925,0.034608668182947604,0.6538461538461539,0.34615384615384615,long,0.6538461538461539,0.010995087049200896
posts_very_high&sig_potus,29,0.002954680812239554,0.009069711955194126,0.03212719830876666,0.6896551724137931,0.3103448275862069,long,0.6896551724137931,0.010973409052681404
has_tariff&has_all_caps,36,0.002735916838666539,0.008404878666738114,0.03763372976125406,0.6666666666666666,0.3333333333333333,long,0.6666666666666666,0.010943667354666156
lots_of_excl&tariff_rising,32,0.0030535427872853023,0.006057929226360725,0.026902761296794763,0.625,0.375,long,0.625,0.010795904057663544
has_china&volume_drop,27,0.003975429197577388,0.004975089554562828,0.037419420629784136,0.5185185185185185,0.48148148148148145,long,0.5185185185185185,0.010711003881039481
has_russia&open_tariff,20,-0.005070718634301974,0.0010169305553858754,0.03346874907006236,0.55,0.45,short,0.45,0.010204624404966701
has_tariff&has_uppercase_phrase,49,0.0023338149312991364,0.005146125463732609,0.03452104161269538,0.5918367346938775,0.40816326530612246,long,0.5918367346938775,0.00966866185823928
has_attack&pre_tariff,45,0.002313479437359578,0.008334556676789173,0.02620485130059906,0.6222222222222222,0.37777777777777777,long,0.6222222222222222,0.009656448268103435
has_tariff&deal_heavy,59,0.0021195753059025336,0.003599731466109146,0.03118875902173867,0.576271186440678,0.423728813559322,long,0.576271186440678,0.009382136827788115
open_tariff&exclamation_heavy,55,0.0021737183697625954,0.003865906189741697,0.035524231998132705,0.5636363636363636,0.43636363636363634,long,0.5636363636363636,0.00908622788075214
has_tariff&has_relief,23,-0.003286218587445846,-0.0007508104243769687,0.028042148788155783,0.43478260869565216,0.5652173913043478,short,0.5652173913043478,0.008907911261921598
has_positive&open_tariff,55,0.0021178944704306965,0.003865906189741697,0.035516743189030454,0.5636363636363636,0.43636363636363634,long,0.5636363636363636,0.008852881796191425
has_china&tariff_only,22,0.00261871405127705,0.00939449408775661,0.03405121717074477,0.6363636363636364,0.36363636363636365,long,0.6363636363636364,0.007816363963278778
has_relief&volume_spike,21,0.003546188939717529,-0.0012862557480850523,0.05022201245722942,0.47619047619047616,0.5238095238095238,long,0.47619047619047616,0.0077384186880337
has_deal&pre_tariff,36,0.002071119471154536,0.007200197702196043,0.028881915101298315,0.6111111111111112,0.3888888888888889,long,0.6111111111111112,0.007594104727566633
open_tariff&has_night_post,32,-0.0024901023909306153,0.0006939471604917036,0.04057180137246087,0.5,0.5,short,0.5,0.007043073145903494
posts_low&has_night_post,23,-0.0029961764826460756,0.0002297411080016687,0.02406957738818512,0.5217391304347826,0.4782608695652174,short,0.4782608695652174,0.00687220582059587
open_tariff,57,0.0015852513224021273,0.003865906189741697,0.035223828610641515,0.5614035087719298,0.43859649122807015,long,0.5614035087719298,0.006719093345925656
open_tariff&has_exclamation,57,0.0015852513224021273,0.003865906189741697,0.035223828610641515,0.5614035087719298,0.43859649122807015,long,0.5614035087719298,0.006719093345925656
has_tariff&open_tariff,57,0.0015852513224021273,0.003865906189741697,0.035223828610641515,0.5614035087719298,0.43859649122807015,long,0.5614035087719298,0.006719093345925656
has_relief&has_market_brag,25,0.0020895468429305807,0.004261787632932501,0.03643530067494866,0.64,0.36,long,0.64,0.006686549897377859
posts_very_high&open_tariff,21,0.0032892856693008572,-0.000664309253632811,0.030850810754168637,0.42857142857142855,0.5714285714285714,long,0.42857142857142855,0.006460028812244854
has_tariff&volume_spike,37,0.001997293274203123,0.0017320785920262871,0.029971675098293595,0.5135135135135135,0.4864864864864865,long,0.5135135135135135,0.006238706840985099
pre_tariff&has_night_post,34,0.0016304660297328081,0.005544307252431935,0.027616239751306837,0.6176470588235294,0.38235294117647056,long,0.6176470588235294,0.005872074961664107
has_relief&open_deal,26,-0.002371973265661281,0.002672308524398148,0.03833601445178087,0.5384615384615384,0.46153846153846156,short,0.46153846153846156,0.005582186754151049
has_tariff&has_action,40,0.00156034309676846,0.004141824105713066,0.0358657875911061,0.55,0.45,long,0.55,0.005427661928819735
has_china&tariff_rising,25,-0.0022691361264059705,0.0032778022687260933,0.02812968481898028,0.56,0.44,short,0.44,0.004992099478093135
tariff_rising,33,0.0014253355428291072,0.005146125463732609,0.028082486564467473,0.6060606060606061,0.3939393939393939,long,0.6060606060606061,0.004962381404920663
has_positive&tariff_rising,33,0.0014253355428291072,0.005146125463732609,0.028082486564467473,0.6060606060606061,0.3939393939393939,long,0.6060606060606061,0.004962381404920663
has_tariff&tariff_rising,33,0.0014253355428291072,0.005146125463732609,0.028082486564467473,0.6060606060606061,0.3939393939393939,long,0.6060606060606061,0.004962381404920663
has_exclamation&tariff_rising,33,0.0014253355428291072,0.005146125463732609,0.028082486564467473,0.6060606060606061,0.3939393939393939,long,0.6060606060606061,0.004962381404920663
exclamation_heavy&tariff_rising,33,0.0014253355428291072,0.005146125463732609,0.028082486564467473,0.6060606060606061,0.3939393939393939,long,0.6060606060606061,0.004962381404920663
has_relief&has_all_caps,29,0.0018921697135034891,-0.0012862557480850523,0.04364464113645645,0.4827586206896552,0.5172413793103449,long,0.4827586206896552,0.00491913932772368
has_market_brag&volume_spike,46,0.0013497254784406514,0.006058028089081069,0.03035313054462638,0.5217391304347826,0.4782608695652174,long,0.5217391304347826,0.004776147955521458
deal_heavy&tariff_rising,21,-0.0022303159376226103,0.0032778022687260933,0.030753270036667616,0.5714285714285714,0.42857142857142855,short,0.42857142857142855,0.004380253546209437
positive_heavy&open_tariff,44,0.001186734565364616,0.002315251259297768,0.03370658140579491,0.5454545454545454,0.45454545454545453,long,0.5454545454545454,0.004293767213519919
high_emotion&volume_spike,27,-0.0018063753861549414,0.009136808188283885,0.0326937128064673,0.5925925925925926,0.4074074074074074,short,0.4074074074074074,0.0038240081566649218
pre_deal&open_deal,44,0.0009566516643120526,0.004347987449055624,0.023565728239087817,0.5909090909090909,0.4090909090909091,long,0.5909090909090909,0.003749737284790671
has_china&open_tariff,37,-0.0012471291734959277,0.0003017825187454637,0.03701922512707334,0.5135135135135135,0.4864864864864865,short,0.4864864864864865,0.0036904819169105594
has_tariff&has_china,86,0.000706700009960688,0.0032076625082098076,0.030749098363065993,0.5581395348837209,0.4418604651162791,long,0.5581395348837209,0.00365786025105401
has_tariff&has_deal,86,0.0006794820816678779,0.00208301790377885,0.029648559736545444,0.5581395348837209,0.4418604651162791,long,0.5581395348837209,0.00351698098599804
open_tariff&open_deal,23,-0.0016767495609957225,0.0017320785920262871,0.04047256886222371,0.5652173913043478,0.43478260869565216,short,0.43478260869565216,0.0034962645223148036
positive_heavy&tariff_rising,29,0.0010346203784353113,0.003865906189741697,0.027297082804543155,0.5862068965517241,0.41379310344827586,long,0.5862068965517241,0.003266111077993046
has_attack&open_tariff,43,0.0007556949989925004,0.0017320785920262871,0.03343716303116236,0.5348837209302325,0.46511627906976744,long,0.5348837209302325,0.0026505753599386744
has_tariff&has_russia,58,-0.0007621889464873549,0.003675634275894901,0.029888921901602,0.5689655172413793,0.43103448275862066,short,0.43103448275862066,0.002502007793209113
posts_high&pre_tariff,35,0.000669198379727146,0.007177687089269913,0.027052345207065235,0.6,0.4,long,0.6,0.002375418603112073
posts_low&volume_spike,43,0.0004084078422061803,0.008964885197291217,0.030038123581068325,0.5581395348837209,0.4418604651162791,long,0.5581395348837209,0.001494758689177596
has_deal&open_tariff,38,0.0003978267166440265,0.0010169305553858754,0.03310230588470414,0.5263157894736842,0.47368421052631576,long,0.5263157894736842,0.001290720306755583
has_russia&pre_tariff,27,-0.0005587796117279245,0.006581578924124365,0.026636533748603173,0.5555555555555556,0.4444444444444444,short,0.4444444444444444,0.0012904462369951672
has_market_brag&volume_drop,22,-0.00045629978319143436,0.0011404528900897937,0.029670583325177895,0.5,0.5,short,0.5,0.001070117847142559
deal_heavy&open_tariff,22,-0.00038380219588784006,0.007073710039129377,0.03835310024092241,0.5454545454545454,0.45454545454545453,short,0.45454545454545453,0.0008182690310214382
posts_high&open_tariff,33,-0.00018931082683970926,0.0017320785920262871,0.035034679866441855,0.5151515151515151,0.48484848484848486,short,0.48484848484848486,0.0005272765597326655
posts_very_high&pre_tariff,23,0.00017175555719155426,0.0009307715114541537,0.02702910499739815,0.5217391304347826,0.4782608695652174,long,0.5217391304347826,0.00042976211242611994
has_deal&tariff_rising,24,-0.00010568282895397074,0.004211963866229351,0.030442499555151943,0.5833333333333334,0.4166666666666667,short,0.4166666666666667,0.00021572417125921697
