event,n,mean_ret,median_ret,std,hit_up,hit_down,direction,directional_hit,score
posts_low&silence_day,225,0.003586844068714206,0.0018713827326621857,0.016465937275466486,0.5580357142857143,0.4419642857142857,long,0.5580357142857143,0.030023806378746142
silence_day,225,0.003586844068714206,0.0018713827326621857,0.016465937275466486,0.5580357142857143,0.4419642857142857,long,0.5580357142857143,0.030023806378746142
silence_day&volume_drop,147,0.00426896527853143,0.0019304076814048443,0.01759191543414276,0.5782312925170068,0.4217687074829932,long,0.5782312925170068,0.02992835735447277
posts_very_high&deal_only,59,0.005280492556843085,0.004843731713467525,0.016245556540785095,0.6610169491525424,0.3389830508474576,long,0.6610169491525424,0.02681100144129215
has_night_post&deal_only,168,0.003133925470335432,0.002788975044575981,0.013245171963045563,0.6428571428571429,0.35714285714285715,long,0.6428571428571429,0.026113060724631217
posts_low&volume_drop,223,0.0030234907434515063,0.0014496500921108435,0.015076845412862899,0.5695067264573991,0.4304932735426009,long,0.5695067264573991,0.025713425279462795
has_attack&exclamation_heavy,613,0.001734762485931137,0.002051960735528935,0.011122591736095186,0.5954323001631321,0.40456769983686786,long,0.5954323001631321,0.025574234860834072
has_attack&short_posts,308,0.002290961079004645,0.0025219312551537643,0.012314016422668425,0.6266233766233766,0.37337662337662336,long,0.6266233766233766,0.02519414716276148
has_relief&deal_only,23,0.008521106821539498,0.00291833782562656,0.02303576320360914,0.6086956521739131,0.391304347826087,long,0.6086956521739131,0.024874830344154716
has_attack&lots_of_excl,585,0.0017222820125348446,0.002062925390447612,0.011251022517368205,0.5948717948717949,0.40512820512820513,long,0.5948717948717949,0.024780243908253157
has_attack&has_night_post,574,0.001741929613539379,0.0020051909093798947,0.011281612726439695,0.5923344947735192,0.4076655052264808,long,0.5923344947735192,0.024720290682439177
short_posts&deal_only,102,0.003940605150366333,0.002788975044575981,0.014684752633552893,0.6176470588235294,0.38235294117647056,long,0.6176470588235294,0.024581217197101653
volume_drop,318,0.0024466583147202837,0.0013178083192545431,0.01386673462701804,0.5534591194968553,0.44654088050314467,long,0.5534591194968553,0.024147514221123115
has_attack&has_exclamation,631,0.0016047534985519955,0.001973929748924741,0.011077669280899777,0.5879556259904913,0.4120443740095087,long,0.5879556259904913,0.023701048618460875
has_attack,631,0.0016047534985519955,0.001973929748924741,0.011077669280899777,0.5879556259904913,0.4120443740095087,long,0.5879556259904913,0.023701048618460875
positive_heavy&deal_only,136,0.0030995840773885954,0.0029155045242497124,0.013866634984671163,0.6544117647058824,0.34558823529411764,long,0.6544117647058824,0.02365505562920648
posts_low,418,0.00206246625245426,0.0014496500921108435,0.01471332753809494,0.5539568345323741,0.4460431654676259,long,0.5539568345323741,0.02335882090273075
posts_high&deal_only,102,0.003582078018592913,0.0042619673565976735,0.015401385607079328,0.6372549019607843,0.3627450980392157,long,0.6372549019607843,0.023054107367593422
has_attack&has_positive,611,0.0015713749946748043,0.0019986950150194804,0.01118538053504451,0.5891980360065466,0.41080196399345337,long,0.5891980360065466,0.02288556999515957
posts_high&deal_over_tariff,149,0.0029436016580448652,0.0038835325645327767,0.014975961261375145,0.6241610738255033,0.37583892617449666,long,0.6241610738255033,0.02242687968793708
deal_heavy&deal_only,63,0.004424303365973038,0.005092209530954239,0.015733660758129934,0.6349206349206349,0.36507936507936506,long,0.6349206349206349,0.022296393202039327
open_tariff&has_all_caps,23,0.005560926507808064,0.0065400449867369925,0.016119318553135628,0.8260869565217391,0.17391304347826086,long,0.8260869565217391,0.022031133315411015
has_deal&short_posts,166,0.0027474490356495583,0.0024578356344282515,0.0136544212401453,0.6204819277108434,0.3795180722891566,long,0.6204819277108434,0.02196407033771885
has_attack&deal_only,136,0.0029763741236463487,0.0025083236799302577,0.013907361103018868,0.6323529411764706,0.36764705882352944,long,0.6323529411764706,0.02194908989558531
deal_only,187,0.002562860549554586,0.0024752552505826753,0.01298523858487896,0.6203208556149733,0.37967914438502676,long,0.6203208556149733,0.02174013126256184
deal_over_tariff&deal_only,187,0.002562860549554586,0.0024752552505826753,0.01298523858487896,0.6203208556149733,0.37967914438502676,long,0.6203208556149733,0.02174013126256184
has_deal&deal_only,187,0.002562860549554586,0.0024752552505826753,0.01298523858487896,0.6203208556149733,0.37967914438502676,long,0.6203208556149733,0.02174013126256184
has_attack&has_all_caps,148,0.00260421616870883,0.0038019402851818818,0.01252745786688587,0.6824324324324325,0.31756756756756754,long,0.6824324324324325,0.02162059029342844
posts_high&has_attack,353,0.0018577480733453827,0.0027592232476516543,0.012930196769763667,0.6175637393767706,0.38243626062322944,long,0.6175637393767706,0.02155539375067571
has_deal&has_attack,262,0.0021498436630595177,0.0024467736812928687,0.01283153964346647,0.6145038167938931,0.38549618320610685,long,0.6145038167938931,0.021383663395116055
has_attack&deal_over_tariff,188,0.002486571835113316,0.0027352468630185145,0.013836304880235187,0.6223404255319149,0.3776595744680851,long,0.6223404255319149,0.021218171105880913
posts_very_high&deal_over_tariff,94,0.003542699100533087,0.004232506713515272,0.016049538591166233,0.6170212765957447,0.3829787234042553,long,0.6170212765957447,0.02119328770407211
lots_of_excl&deal_only,166,0.0026406598030609086,0.002581923048711632,0.01324744867509066,0.6204819277108434,0.3795180722891566,long,0.6204819277108434,0.02111035979188025
has_attack&positive_heavy,475,0.001603402530304286,0.0024025221489698545,0.011807206438846436,0.6021052631578947,0.39789473684210525,long,0.6021052631578947,0.02104077793987732
short_posts&deal_over_tariff,127,0.0030218351125057734,0.0028783596425328017,0.01497624184889102,0.6062992125984252,0.3937007874015748,long,0.6062992125984252,0.02064712694247413
has_night_post&deal_over_tariff,226,0.0021880943785266074,0.0026528070204391296,0.013722262718571937,0.6194690265486725,0.3805309734513274,long,0.6194690265486725,0.020376982218911075
exclamation_heavy&deal_only,179,0.002436438827280591,0.002458500465197355,0.012896401692009927,0.6145251396648045,0.3854748603351955,long,0.6145251396648045,0.02003187868938175
has_exclamation&deal_only,185,0.0023538060714734157,0.002458500465197355,0.012833012005511204,0.6162162162162163,0.3837837837837838,long,0.6162162162162163,0.01972830011105299
posts_high&short_posts,236,0.001979795922332928,0.0029155045242497124,0.013969541889719439,0.6440677966101694,0.3559322033898305,long,0.6440677966101694,0.01958880810705277
deal_over_tariff&tariff_streak_3d,20,0.00620311811167783,0.004890639052358092,0.01341382000437633,0.7,0.3,long,0.7,0.019418831278240463
posts_very_high&short_posts,159,0.0022782587585043384,0.0038496328265955615,0.015418925646920004,0.6540880503144654,0.34591194968553457,long,0.6540880503144654,0.018790477899524403
posts_high&has_deal,216,0.0020843611733411182,0.0027293687333420635,0.013836424013012591,0.6111111111111112,0.3888888888888889,long,0.6111111111111112,0.018720611485966793
has_attack&has_china,232,0.0019657158105835966,0.002596038334020667,0.012385325969246302,0.6206896551724138,0.3793103448275862,long,0.6206896551724138,0.018584001439465692
has_deal&has_night_post,319,0.0017143900138600842,0.0024314798592954823,0.012755667263657886,0.6050156739811913,0.3949843260188088,long,0.6050156739811913,0.01852557070162285
posts_high&has_all_caps,136,0.002411185474307781,0.003997367250116346,0.013196557780365818,0.6470588235294118,0.35294117647058826,long,0.6470588235294118,0.01819465548383796
deal_heavy&has_attack,118,0.0027545170448572223,0.0038308138639129297,0.015261521401820985,0.6016949152542372,0.3983050847457627,long,0.6016949152542372,0.018003743180053378
has_deal&deal_over_tariff,249,0.001884646147284838,0.0024752552505826753,0.013453243731648927,0.6024096385542169,0.39759036144578314,long,0.6024096385542169,0.01791518950787893
deal_over_tariff,249,0.001884646147284838,0.0024752552505826753,0.013453243731648927,0.6024096385542169,0.39759036144578314,long,0.6024096385542169,0.01791518950787893
attack_heavy&deal_only,75,0.0030947230962530435,0.0030806389559205893,0.009769823679327865,0.6666666666666666,0.3333333333333333,long,0.6666666666666666,0.017867392126890466
posts_high&has_market_brag,103,0.002588706649525163,0.0037175274853358253,0.01139832753454535,0.6796116504854369,0.32038834951456313,long,0.6796116504854369,0.017855099180490143
posts_very_high&has_attack,206,0.0020655473414370393,0.002983234917668942,0.014420997705944932,0.6019417475728155,0.39805825242718446,long,0.6019417475728155,0.01784527431448217
posts_high&deal_heavy,107,0.0029191463508701234,0.0029744641686046958,0.01577269731777688,0.5887850467289719,0.411214953271028,long,0.5887850467289719,0.017778885353779056
deal_heavy&short_posts,65,0.0034102017329139004,0.0028783596425328017,0.017404798636249493,0.6461538461538462,0.35384615384615387,long,0.6461538461538462,0.017765305607180645
posts_very_high&positive_heavy,211,0.0020123192502480135,0.00291833782562656,0.014398329364205214,0.6066350710900474,0.3933649289099526,long,0.6066350710900474,0.01773232260182267
has_deal&has_market_brag,76,0.003056891350114404,0.0033453831930829736,0.010836188611403124,0.6578947368421053,0.34210526315789475,long,0.6578947368421053,0.01753247431122671
has_positive&deal_only,173,0.002169624268550766,0.0024314798592954823,0.013135718390845116,0.6127167630057804,0.3872832369942196,long,0.6127167630057804,0.01748506872973684
posts_very_high&lots_of_excl,223,0.001943580977316689,0.0029126712228728646,0.01415621187755103,0.600896860986547,0.3991031390134529,long,0.600896860986547,0.017440342383643698
lots_of_excl&deal_over_tariff,225,0.001920674709362467,0.0025803778241513253,0.013651267881479192,0.6044444444444445,0.39555555555555555,long,0.6044444444444445,0.017414117364886367
has_all_caps&exclamation_heavy,179,0.0020031926447885815,0.003153153667085906,0.012371192122615287,0.6480446927374302,0.35195530726256985,long,0.6480446927374302,0.017368175170987567
posts_high&brag_heavy,29,0.003881041033382531,0.004329037619306586,0.007737759564237363,0.8275862068965517,0.1724137931034483,long,0.8275862068965517,0.017296589452151612
brag_heavy&has_night_post,36,0.0035651750994102984,0.004217078503496174,0.007428495126904827,0.8055555555555556,0.19444444444444445,long,0.8055555555555556,0.017231679647149778
has_positive&has_all_caps,180,0.001972421593139472,0.0031978806689427763,0.012378446025091416,0.65,0.35,long,0.65,0.01720082817393834
has_attack&has_market_brag,132,0.002270367804009564,0.003024032406039434,0.01063631530930795,0.6590909090909091,0.3409090909090909,long,0.6590909090909091,0.01719208328834825
pre_deal&deal_only,82,0.0029913057205527473,0.0027421916183959505,0.013427463939193507,0.6341463414634146,0.36585365853658536,long,0.6341463414634146,0.017177391695207034
posts_very_high&has_deal,130,0.0025055222801504476,0.002895515432702833,0.01474069221179167,0.6,0.4,long,0.6,0.017140409585195387
lots_of_excl&short_posts,372,0.0014733994195973996,0.002314735580801308,0.012236118967676119,0.6021505376344086,0.3978494623655914,long,0.6021505376344086,0.017111853081863103
has_all_caps&lots_of_excl,172,0.0020328295444675326,0.003382961468627932,0.012565784492284458,0.6395348837209303,0.36046511627906974,long,0.6395348837209303,0.01705019795936483
posts_high&lots_of_excl,401,0.0014052852073328332,0.0024152654698612608,0.01278666730305266,0.5985037406483791,0.4014962593516209,long,0.5985037406483791,0.01684238265136925
has_all_caps,183,0.0019286884325632877,0.003153153667085906,0.01229881484403666,0.644808743169399,0.3551912568306011,long,0.644808743169399,0.016823584669858838
has_all_caps&has_exclamation,183,0.0019286884325632877,0.003153153667085906,0.01229881484403666,0.644808743169399,0.3551912568306011,long,0.644808743169399,0.016823584669858838
positive_heavy&deal_over_tariff,194,0.0019512277236396949,0.0027421916183959505,0.01425991019239542,0.6185567010309279,0.38144329896907214,long,0.6185567010309279,0.016810798362098832
has_china&china_streak_3d,44,-0.003833270214310226,-0.003979524632894638,0.011770926308391707,0.3409090909090909,0.6590909090909091,short,0.6590909090909091,0.01675872961847524
has_market_brag&has_all_caps,53,0.003048643993406009,0.003825785407070681,0.013397116579296334,0.7547169811320755,0.24528301886792453,long,0.7547169811320755,0.016750538328521313
has_night_post&lots_of_excl,698,0.0011131576978325361,0.0017729121581404605,0.011355792202236668,0.5687679083094556,0.43123209169054444,long,0.5687679083094556,0.01672705517266087
positive_heavy&has_all_caps,148,0.0021414293032101725,0.003638073095629135,0.0128095258328451,0.6418918918918919,0.3581081081081081,long,0.6418918918918919,0.01672231841960404
posts_very_high&has_market_brag,60,0.0030053652161871835,0.005356971600168126,0.012978435590963242,0.7166666666666667,0.2833333333333333,long,0.7166666666666667,0.016683612185241756
has_attack&has_russia,252,0.0017126791007380882,0.0025496073062210023,0.011204630513813528,0.6111111111111112,0.3888888888888889,long,0.6111111111111112,0.016614850912772643
has_tariff&pre_relief,23,-0.0056836366334968025,-0.0006239487471670913,0.016593432895236196,0.391304347826087,0.6086956521739131,short,0.6086956521739131,0.01659168227285675
pre_deal&short_posts,66,0.0032786652772316843,0.002946400997115628,0.014722219622110115,0.6212121212121212,0.3787878787878788,long,0.6212121212121212,0.01654660769326123
exclamation_heavy&deal_over_tariff,241,0.0017682345144831653,0.002458500465197355,0.013399702285282302,0.5975103734439834,0.4024896265560166,long,0.5975103734439834,0.01640188770530381
posts_very_high,225,0.0018152329717660025,0.00290412526289896,0.014227940887206825,0.6,0.4,long,0.6,0.016337096745894022
posts_very_high&exclamation_heavy,225,0.0018152329717660025,0.00290412526289896,0.014227940887206825,0.6,0.4,long,0.6,0.016337096745894022
posts_very_high&has_exclamation,225,0.0018152329717660025,0.00290412526289896,0.014227940887206825,0.6,0.4,long,0.6,0.016337096745894022
posts_high&posts_very_high,225,0.0018152329717660025,0.00290412526289896,0.014227940887206825,0.6,0.4,long,0.6,0.016337096745894022
posts_very_high&has_positive,225,0.0018152329717660025,0.00290412526289896,0.014227940887206825,0.6,0.4,long,0.6,0.016337096745894022
posts_high&positive_heavy,368,0.0014093954663307157,0.002514033374268476,0.013037089047404075,0.6032608695652174,0.3967391304347826,long,0.6032608695652174,0.016310299475933897
has_exclamation&deal_over_tariff,247,0.0017225752677319799,0.002458500465197355,0.013339422205582546,0.5991902834008097,0.4008097165991903,long,0.5991902834008097,0.01622151625986434
posts_high&has_positive,402,0.001346110947895642,0.0024088938094155576,0.012852477194874515,0.599502487562189,0.40049751243781095,long,0.599502487562189,0.01618023676744931
has_deal&has_russia,134,0.0021511294501348893,0.0027421916183959505,0.012894959267725605,0.6492537313432836,0.35074626865671643,long,0.6492537313432836,0.016167147458394596
has_market_brag&deal_only,32,0.004156188785855282,0.005351515583700617,0.00715367781776597,0.6875,0.3125,long,0.6875,0.016163781009033644
open_deal&volume_spike,23,-0.005167188326053668,-0.002534949807838749,0.017786557203608007,0.34782608695652173,0.6521739130434783,short,0.6521739130434783,0.01616149869194456
has_night_post&has_all_caps,179,0.0018870864832438963,0.0032426076707996465,0.012423176800867857,0.6368715083798883,0.36312849162011174,long,0.6368715083798883,0.016079411131231316
has_positive&has_russia,279,0.001588495404908712,0.00254139210927784,0.010959725099846176,0.6057347670250897,0.3942652329749104,long,0.6057347670250897,0.016072023762461564
has_russia&has_night_post,268,0.0016340334480031296,0.0024511747435105313,0.011073898736647863,0.6007462686567164,0.39925373134328357,long,0.6007462686567164,0.016070131151373873
has_russia&lots_of_excl,263,0.0016107306481390473,0.0025578225031641644,0.011047854645242978,0.6121673003802282,0.38783269961977185,long,0.6121673003802282,0.015990826973358598
exclamation_heavy&lots_of_excl,755,0.001020984194607758,0.0017132051114494562,0.011182104269444116,0.5668874172185431,0.433112582781457,long,0.5668874172185431,0.01590337545900147
has_russia&has_exclamation,286,0.0015519913065978645,0.0024511747435105313,0.010881871099927247,0.6048951048951049,0.3951048951048951,long,0.6048951048951049,0.01587641237641396
has_russia&exclamation_heavy,282,0.0015565866787768134,0.0024511747435105313,0.01091121070565603,0.6063829787234043,0.39361702127659576,long,0.6063829787234043,0.015850569315586618
has_deal,350,0.0014367135751110803,0.0020790077251551242,0.01248888154610033,0.5885714285714285,0.4114285714285714,long,0.5885714285714285,0.015819887599493012
posts_very_high&has_night_post,222,0.0017824454085049153,0.002891242452715881,0.014319137434649597,0.5945945945945946,0.40540540540540543,long,0.5945945945945946,0.01579114718288592
has_deal&lots_of_excl,320,0.0014798750983825277,0.002400372602496925,0.01266660922208103,0.59375,0.40625,long,0.59375,0.015718231261414476
has_russia,287,0.0015374745142516966,0.0024438490218237074,0.010865613712658408,0.6027874564459931,0.397212543554007,long,0.6027874564459931,0.015700485431540297
has_relief&deal_over_tariff,39,0.00445238784421617,0.0028783596425328017,0.021733092175365218,0.5641025641025641,0.4358974358974359,long,0.5641025641025641,0.015684958201408042
posts_high,404,0.0013081317592735211,0.002400372602496925,0.012831881374579612,0.5965346534653465,0.4034653465346535,long,0.5965346534653465,0.01568475898957229
posts_high&exclamation_heavy,404,0.0013081317592735211,0.002400372602496925,0.012831881374579612,0.5965346534653465,0.4034653465346535,long,0.5965346534653465,0.01568475898957229
posts_high&has_exclamation,404,0.0013081317592735211,0.002400372602496925,0.012831881374579612,0.5965346534653465,0.4034653465346535,long,0.5965346534653465,0.01568475898957229
posts_very_high&has_all_caps,103,0.002291476540437926,0.004135975807723957,0.014366033545717811,0.6699029126213593,0.3300970873786408,long,0.6699029126213593,0.015579226586088782
has_deal&brag_heavy,24,0.0040117375932448756,0.004220119777503251,0.007067734597996512,0.7916666666666666,0.20833333333333334,long,0.7916666666666666,0.015558957635202408
attack_heavy&short_posts,152,0.001934938069163398,0.00328873177904776,0.01212265438483614,0.6447368421052632,0.35526315789473684,long,0.6447368421052632,0.015380531765605304
lots_of_excl,758,0.0009862943527284057,0.0016660639387534593,0.01123782838182826,0.5659630606860159,0.4340369393139842,long,0.5659630606860159,0.015368420533986326
has_exclamation&lots_of_excl,758,0.0009862943527284057,0.0016660639387534593,0.01123782838182826,0.5659630606860159,0.4340369393139842,long,0.5659630606860159,0.015368420533986326
has_positive&short_posts,444,0.0012214241201215885,0.002000883399247866,0.011751757896599865,0.5855855855855856,0.4144144144144144,long,0.5855855855855856,0.015071218107638763
attack_heavy&has_night_post,280,0.0014934202944106702,0.002232723769708733,0.010838796867755568,0.6,0.4,long,0.6,0.014993820757777897
attack_heavy&has_positive,290,0.0014486708842594866,0.0024088938094155576,0.010766256709154988,0.6068965517241379,0.3931034482758621,long,0.6068965517241379,0.014972123490005712
has_market_brag&has_night_post,149,0.001905751140330411,0.002802699680964471,0.010236302441663469,0.6375838926174496,0.3624161073825503,long,0.6375838926174496,0.01483189558388022
has_market_brag&deal_over_tariff,50,0.00317705070164509,0.004574108688149114,0.012231765416426576,0.66,0.34,long,0.66,0.014826993029024366
posts_high&has_russia,170,0.0017897462843335964,0.0029480654648160742,0.012299893622429102,0.6352941176470588,0.36470588235294116,long,0.6352941176470588,0.014824865581238226
has_tariff&has_russia,118,0.0020513920950955052,0.003382961468627932,0.011679941023371526,0.6610169491525424,0.3389830508474576,long,0.6610169491525424,0.014729984053997048
has_deal&exclamation_heavy,339,0.001359066028230481,0.002062925390447612,0.01247145072201847,0.5870206489675516,0.41297935103244837,long,0.5870206489675516,0.01468905253630326
has_positive&brag_heavy,39,0.0030423977973904727,0.004111201935699915,0.007425629578281172,0.7692307692307693,0.23076923076923078,long,0.7692307692307693,0.014615206273103998
has_attack&brag_heavy,32,0.003305744212653082,0.004145056798306568,0.007796593828480052,0.78125,0.21875,long,0.78125,0.014609463435219868
posts_high&has_night_post,392,0.0012439634807946934,0.002397648328865576,0.012941050986930942,0.5918367346938775,0.40816326530612246,long,0.5918367346938775,0.014576477355275503
positive_heavy&has_russia,217,0.0015779368297114,0.002782528060744527,0.01148921086310499,0.6267281105990783,0.37327188940092165,long,0.6267281105990783,0.014567957116158966
has_attack&attack_heavy,295,0.0014030902543253811,0.002398201321009985,0.010689552652984125,0.6033898305084746,0.39661016949152544,long,0.6033898305084746,0.014541010980907597
attack_heavy&has_exclamation,295,0.0014030902543253811,0.002398201321009985,0.010689552652984125,0.6033898305084746,0.39661016949152544,long,0.6033898305084746,0.014541010980907597
attack_heavy,295,0.0014030902543253811,0.002398201321009985,0.010689552652984125,0.6033898305084746,0.39661016949152544,long,0.6033898305084746,0.014541010980907597
attack_heavy&exclamation_heavy,294,0.001403639762369578,0.0024003617349899198,0.010707774498754277,0.6020408163265306,0.3979591836734694,long,0.6020408163265306,0.014489562202051933
has_positive&lots_of_excl,737,0.0009378408577081248,0.0017534410926667299,0.011288630163713584,0.5685210312075983,0.4314789687924016,long,0.5685210312075983,0.014474695227833904
exclamation_heavy&short_posts,426,0.001186712955198622,0.0019825617166634446,0.011870661219443778,0.5892018779342723,0.4107981220657277,long,0.5892018779342723,0.014431604067866014
has_deal&has_exclamation,348,0.001319106183174576,0.002046370518531848,0.012392188480023545,0.5862068965517241,0.41379310344827586,long,0.5862068965517241,0.014425148792387732
attack_heavy&deal_over_tariff,113,0.002190161096786411,0.0030806389559205893,0.01178179238134903,0.6194690265486725,0.3805309734513274,long,0.6194690265486725,0.01442231174208219
deal_heavy&deal_over_tariff,125,0.002150024639708148,0.0028783596425328017,0.015340835101988682,0.592,0.408,long,0.592,0.014230499693153261
deal_only&volume_spike,24,0.0043513258498890095,0.00644558679704943,0.01671961863042475,0.6666666666666666,0.3333333333333333,long,0.6666666666666666,0.01421137071574723
has_positive&deal_over_tariff,235,0.0015547530483680833,0.0024314798592954823,0.013572119521441493,0.5957446808510638,0.40425531914893614,long,0.5957446808510638,0.014198926841622836
has_china&lots_of_excl,278,0.001416050470347137,0.0023882870651817933,0.012085765309295395,0.5971223021582733,0.4028776978417266,long,0.5971223021582733,0.014098224522255624
positive_heavy&brag_heavy,36,0.0030202330603322967,0.004145056798306568,0.0076026743603996695,0.7777777777777778,0.2222222222222222,long,0.7777777777777778,0.014094420948217385
has_action&open_tariff,25,0.003905426838599677,0.004711602549041238,0.017456591390145496,0.72,0.28,long,0.72,0.014059536618958838
has_positive&has_night_post,782,0.0008951319846358429,0.0013825371231271921,0.0111218117375312,0.5613810741687979,0.43861892583120204,long,0.5613810741687979,0.014052326090083967
exclamation_heavy,841,0.0008568467365485279,0.0013121836603373627,0.010949264784046644,0.5600475624256838,0.4399524375743163,long,0.5600475624256838,0.013916372859115747
has_exclamation&exclamation_heavy,841,0.0008568467365485279,0.0013121836603373627,0.010949264784046644,0.5600475624256838,0.4399524375743163,long,0.5600475624256838,0.013916372859115747
positive_heavy&has_market_brag,139,0.0018423646185357942,0.0027747360160232937,0.010651586182913033,0.6402877697841727,0.3597122302158273,long,0.6402877697841727,0.013907792137497495
deal_heavy&lots_of_excl,139,0.0019929546181642753,0.0025803778241513253,0.014986388098472959,0.5899280575539568,0.41007194244604317,long,0.5899280575539568,0.013861296764748397
short_posts,554,0.0010207665497377787,0.0017729121581404605,0.012281304559000467,0.5740072202166066,0.4259927797833935,long,0.5740072202166066,0.013791092376730341
posts_high&attack_heavy,241,0.0014574105456695498,0.0024363765589265896,0.01119737239361371,0.6058091286307054,0.3941908713692946,long,0.6058091286307054,0.013706489641540571
pre_tariff&deal_over_tariff,25,-0.005239101752166051,-0.000670660730276218,0.01858190279186764,0.48,0.52,short,0.52,0.013621664555631734
has_deal&positive_heavy,275,0.0013763505061683927,0.002398223056023996,0.013250374111301987,0.5963636363636363,0.4036363636363636,long,0.5963636363636363,0.013611517568583857
deal_heavy,149,0.0018874076753172982,0.002458500465197355,0.014661964921340082,0.5906040268456376,0.40939597315436244,long,0.5906040268456376,0.013606776608942595
deal_heavy&has_exclamation,149,0.0018874076753172982,0.002458500465197355,0.014661964921340082,0.5906040268456376,0.40939597315436244,long,0.5906040268456376,0.013606776608942595
has_deal&deal_heavy,149,0.0018874076753172982,0.002458500465197355,0.014661964921340082,0.5906040268456376,0.40939597315436244,long,0.5906040268456376,0.013606776608942595
has_market_brag&has_exclamation,171,0.0016596170082547204,0.002062925390447612,0.009893017222178998,0.6257309941520468,0.3742690058479532,long,0.6257309941520468,0.013579807055510684
has_market_brag,171,0.0016596170082547204,0.002062925390447612,0.009893017222178998,0.6257309941520468,0.3742690058479532,long,0.6257309941520468,0.013579807055510684
has_iran&open_deal,22,-0.005294245987355662,-0.001577457274359706,0.0190467888644965,0.45454545454545453,0.5454545454545454,short,0.5454545454545454,0.013544844444804516
attack_heavy&lots_of_excl,292,0.0013135731901143981,0.0024003617349899198,0.010636444758876382,0.5993150684931506,0.4006849315068493,long,0.5993150684931506,0.01345243489599363
attack_heavy&brag_heavy,25,0.0033592310873050836,0.004111201935699915,0.008060493949345927,0.8,0.2,long,0.8,0.013436924349220334
brag_heavy&has_exclamation,40,0.0028277912365907267,0.00391436471051787,0.007454419371617357,0.75,0.25,long,0.75,0.013413391582636158
brag_heavy,40,0.0028277912365907267,0.00391436471051787,0.007454419371617357,0.75,0.25,long,0.75,0.013413391582636158
has_market_brag&brag_heavy,40,0.0028277912365907267,0.00391436471051787,0.007454419371617357,0.75,0.25,long,0.75,0.013413391582636158
brag_heavy&exclamation_heavy,40,0.0028277912365907267,0.00391436471051787,0.007454419371617357,0.75,0.25,long,0.75,0.013413391582636158
brag_heavy&lots_of_excl,40,0.0028277912365907267,0.00391436471051787,0.007454419371617357,0.75,0.25,long,0.75,0.013413391582636158
deal_heavy&has_night_post,140,0.0019095423637694136,0.002569100163657745,0.01489930924844644,0.5928571428571429,0.40714285714285714,long,0.5928571428571429,0.01339502018258977
has_night_post&exclamation_heavy,765,0.0008661629410244379,0.0012959866440354073,0.011200409038385097,0.5568627450980392,0.44313725490196076,long,0.5568627450980392,0.013340695757280934
posts_very_high&deal_heavy,74,0.002647064014530847,0.0029264119055687488,0.0175516894524747,0.581081081081081,0.4189189189189189,long,0.581081081081081,0.013231742475596674
positive_heavy&pre_tariff,114,-0.002248343146980865,-0.000899645524993109,0.011922212185350766,0.45614035087719296,0.543859649122807,short,0.543859649122807,0.013055751004381121
deal_heavy&exclamation_heavy,147,0.0018401827826742898,0.0022511200872630255,0.014756347644353894,0.5850340136054422,0.41496598639455784,long,0.5850340136054422,0.013052711734917136
attack_heavy&has_china,143,0.0017223561196238217,0.0035865369599659136,0.012183518960943432,0.6293706293706294,0.3706293706293706,long,0.6293706293706294,0.01296275889080014
has_market_brag&lots_of_excl,161,0.0016332199283027548,0.001844650716804619,0.01006721834879261,0.6211180124223602,0.37888198757763975,long,0.6211180124223602,0.012871576211724788
deal_heavy&pre_tariff,39,-0.003824677804623355,-0.000670660730276218,0.016752782854984362,0.46153846153846156,0.5384615384615384,short,0.5384615384615384,0.012861210510826265
has_market_brag&exclamation_heavy,167,0.0015968997608707335,0.001844650716804619,0.009943201913564402,0.6227544910179641,0.3772455089820359,long,0.6227544910179641,0.012851468603895806
has_positive&exclamation_heavy,809,0.0008031390617176564,0.0014157440298172563,0.011019776175413595,0.5624227441285538,0.43757725587144625,long,0.5624227441285538,0.012847773888996631
has_positive,883,0.0007705456066669081,0.0012959866440354073,0.010872204066931637,0.5605889014722537,0.43941109852774635,long,0.5605889014722537,0.01283580751339367
has_night_post,858,0.0007793346249679634,0.0012856072317456446,0.01164035438767107,0.5606060606060606,0.4393939393939394,long,0.5606060606060606,0.0127975078416827
attack_heavy&positive_heavy,254,0.0013196019249627857,0.0024088938094155576,0.010900250182548898,0.6062992125984252,0.3937007874015748,long,0.6062992125984252,0.012751075079656586
has_deal&has_positive,336,0.0011873209136352768,0.0020148121756411452,0.012528725995565745,0.5833333333333334,0.4166666666666667,long,0.5833333333333334,0.01269563857552149
posts_high&has_china,201,0.0014508579640298703,0.0025803778241513253,0.013240426775488314,0.6169154228855721,0.38308457711442784,long,0.6169154228855721,0.01268961817160881
posts_very_high&open_tariff,31,0.0035312022805846274,0.004127039865566173,0.01536162944254768,0.6451612903225806,0.3548387096774194,long,0.6451612903225806,0.012684453042440766
has_deal&attack_heavy,160,0.001651029527060397,0.002425821014393925,0.011211525616671974,0.60625,0.39375,long,0.60625,0.012660958440026036
has_russia&has_all_caps,72,0.0021919966280529,0.004119120900633044,0.014176257587956324,0.6805555555555556,0.3194444444444444,long,0.6805555555555556,0.012658134720279723
has_china&deal_only,62,0.002553853897528652,0.004522838519244066,0.015090914356310794,0.6290322580645161,0.3709677419354839,long,0.6290322580645161,0.012649251003716742
has_positive&has_exclamation,875,0.0007535863982638977,0.001275227819455882,0.010903739966201477,0.56,0.44,long,0.56,0.012483176315646122
deal_heavy&has_positive,144,0.0017821943874438409,0.0023548102762301903,0.01486976570206921,0.5833333333333334,0.4166666666666667,long,0.5833333333333334,0.012475360712106887
attack_heavy&has_russia,149,0.0016544093954696513,0.002782528060744527,0.01122940928024844,0.6174496644295302,0.3825503355704698,long,0.6174496644295302,0.012469173874653192
deal_heavy&has_russia,61,0.0023639088571988103,0.004329037619306586,0.0145648984966059,0.6721311475409836,0.32786885245901637,long,0.6721311475409836,0.012409368095380409
attack_heavy&has_all_caps,100,0.0018677290325917583,0.004393735082838246,0.012824857725378684,0.66,0.34,long,0.66,0.012327011615105606
has_china&has_all_caps,85,0.0019257965750349142,0.004111201935699915,0.014238899295062623,0.6941176470588235,0.3058823529411765,long,0.6941176470588235,0.012324036014293755
has_china&has_night_post,283,0.0012167494372782631,0.002398223056023996,0.012228778086126315,0.5971731448763251,0.4028268551236749,long,0.5971731448763251,0.012223473657251389
has_positive&has_market_brag,166,0.0015233454610480404,0.0018364537827950667,0.009938977213408461,0.6204819277108434,0.3795180722891566,long,0.6204819277108434,0.012178157418375364
has_night_post&has_exclamation,829,0.0007550345807151828,0.0012748959396360338,0.011629684219859089,0.5597104945717732,0.44028950542822676,long,0.5597104945717732,0.012167673794789282
deal_heavy&has_market_brag,38,0.0027754289901883735,0.003944648549496499,0.013800489382481932,0.7105263157894737,0.2894736842105263,long,0.7105263157894737,0.012156318945968627
positive_heavy&lots_of_excl,590,0.0008772447581132655,0.0018115501314872606,0.011785038752479975,0.5694915254237288,0.43050847457627117,long,0.5694915254237288,0.012134839969961371
deal_heavy&has_uppercase_phrase,64,0.002377603122973306,0.004307807733926583,0.015484958122735364,0.625,0.375,long,0.625,0.01188801561486653
has_attack&has_uppercase_phrase,222,0.0013201144558367727,0.0026702509109127748,0.012736841470620298,0.6036036036036037,0.3963963963963964,long,0.6036036036036037,0.011872437662179585
posts_very_high&attack_heavy,161,0.0015655419428588688,0.0029126712228728646,0.012272925811905719,0.5962732919254659,0.40372670807453415,long,0.5962732919254659,0.0118446710070802
posts_very_high&china_streak_3d,27,0.004394728787308733,0.004711602549041238,0.017550253495649027,0.5185185185185185,0.48148148148148145,long,0.5185185185185185,0.01184072329238444
positive_heavy&has_night_post,578,0.0008587287159336546,0.0018115501314872606,0.011834356778668283,0.5709342560553633,0.4290657439446367,long,0.5709342560553633,0.011787073906940011
pre_tariff&has_night_post,131,-0.0019197581650914253,-0.000619964740880663,0.011195497433564044,0.46564885496183206,0.5343511450381679,short,0.5343511450381679,0.011741103476539703
has_deal&pre_tariff,76,-0.002547068997796559,-0.0006061220093261377,0.013408455222182286,0.47368421052631576,0.5263157894736842,short,0.5263157894736842,0.011686754066969077
has_china&exclamation_heavy,296,0.0011346406204948997,0.0021570227388553187,0.012035172963695762,0.5945945945945946,0.40540540540540543,long,0.5945945945945946,0.011607137780071157
has_all_caps&short_posts,125,0.0015995172923272136,0.0035233152664562173,0.013429163508711685,0.648,0.352,long,0.648,0.01158827924572937
has_china&has_exclamation,303,0.0011224671159460482,0.002062925390447612,0.012070674762850994,0.5907590759075908,0.40924092409240925,long,0.5907590759075908,0.011542645119238372
has_china,303,0.0011224671159460482,0.002062925390447612,0.012070674762850994,0.5907590759075908,0.40924092409240925,long,0.5907590759075908,0.011542645119238372
deal_heavy&has_relief,32,0.0033972612946635353,0.0034947807891163585,0.022787511188515578,0.59375,0.40625,long,0.59375,0.011410575869866085
has_attack&pre_deal,129,0.001661127621764904,0.0024752552505826753,0.013824642832319699,0.6046511627906976,0.3953488372093023,long,0.6046511627906976,0.011407822296822414
has_russia&deal_over_tariff,94,0.0018382918970389704,0.002581923048711632,0.013802678844608061,0.6382978723404256,0.3617021276595745,long,0.6382978723404256,0.01137631991658826
has_relief&volume_spike,29,-0.003815854476074649,-0.0018136664115916412,0.025210364977834365,0.4482758620689655,0.5517241379310345,short,0.5517241379310345,0.011337382197905584
has_action&has_attack,147,0.00160337768504524,0.0024152654698612608,0.012970277806468292,0.5782312925170068,0.4217687074829932,long,0.5782312925170068,0.011240770819464029
positive_heavy&short_posts,288,0.0011010152674486677,0.0024362181367602043,0.01321730639122452,0.6006944444444444,0.3993055555555556,long,0.6006944444444444,0.011223884799324754
has_tariff&china_streak_3d,26,-0.0030102145725081886,-0.0021016770374379656,0.00834617238193887,0.2692307692307692,0.7307692307692307,short,0.7307692307692307,0.011216681310041988
has_market_brag&has_uppercase_phrase,70,0.0019143790932863274,0.003674778164000081,0.012473296016412611,0.7,0.3,long,0.7,0.011211791240896527
has_market_brag&pre_deal,38,0.0028717087012586876,0.004310913438380304,0.013293943087652542,0.631578947368421,0.3684210526315789,long,0.631578947368421,0.011180463998202255
has_russia&pre_action,32,0.0027343620627360704,0.005931748622845956,0.01694556942394221,0.71875,0.28125,long,0.71875,0.01111754425148449
has_market_brag&has_russia,55,0.002351697980199347,0.0030995907964674885,0.011590520115687753,0.6363636363636364,0.36363636363636365,long,0.6363636363636364,0.011098601183638387
has_deal&has_china,155,0.0014803205725656382,0.0024152654698612608,0.013478310163571143,0.6,0.4,long,0.6,0.011057905500767632
has_positive&pre_tariff,138,-0.0017401540824686956,-0.0006185790515897405,0.011198996155513178,0.463768115942029,0.5362318840579711,short,0.5362318840579711,0.010961749701487016
has_deal&tariff_streak_3d,28,0.003382641672094971,0.002159952983693647,0.012651368691620861,0.6071428571428571,0.39285714285714285,long,0.6071428571428571,0.010867406204265628
positive_heavy&exclamation_heavy,609,0.000774398796275046,0.0017996429640456668,0.011700166268339857,0.5681444991789819,0.4318555008210181,long,0.5681444991789819,0.010857557092772797
has_market_brag&short_posts,85,0.0017868124984557142,0.0029126712228728646,0.010614401188338682,0.6588235294117647,0.3411764705882353,long,0.6588235294117647,0.010853193493130658
has_positive&has_china,296,0.001058324856781059,0.0021570227388553187,0.01204648528765277,0.5912162162162162,0.40878378378378377,long,0.5912162162162162,0.010764929492160274
has_tariff&pre_tariff,140,-0.0016982927437496568,-0.0006185790515897405,0.011127225308750745,0.4642857142857143,0.5357142857142857,short,0.5357142857142857,0.010764895036159416
pre_tariff,140,-0.0016982927437496568,-0.0006185790515897405,0.011127225308750745,0.4642857142857143,0.5357142857142857,short,0.5357142857142857,0.010764895036159416
pre_tariff&has_exclamation,140,-0.0016982927437496568,-0.0006185790515897405,0.011127225308750745,0.4642857142857143,0.5357142857142857,short,0.5357142857142857,0.010764895036159416
has_exclamation,952,0.0006244661682703125,0.0012617488727160175,0.011274241169199414,0.555672268907563,0.44432773109243695,long,0.555672268907563,0.01070646526611172
has_exclamation&short_posts,497,0.0008319834765308167,0.0017707816287040323,0.012320916410284682,0.5754527162977867,0.4245472837022133,long,0.5754527162977867,0.010673393964165554
pre_tariff&exclamation_heavy,134,-0.0017375737622214713,-0.0006051260962284255,0.01134947761616633,0.4701492537313433,0.5298507462686567,short,0.5298507462686567,0.010657349283142376
deal_over_tariff&volume_spike,50,0.002491705920350331,0.004661796644572447,0.016984140332137104,0.6,0.4,long,0.6,0.01057141291801432
has_night_post&short_posts,461,0.0008512046827585852,0.0018169617741325972,0.012882341406330258,0.5770065075921909,0.4229934924078091,long,0.5770065075921909,0.01054545148649925
positive_heavy&has_exclamation,614,0.0007498679627826249,0.0017740477853814829,0.011664618606988565,0.5667752442996743,0.43322475570032576,long,0.5667752442996743,0.010531248426365625
has_positive&positive_heavy,614,0.0007498679627826249,0.0017740477853814829,0.011664618606988565,0.5667752442996743,0.43322475570032576,long,0.5667752442996743,0.010531248426365625
positive_heavy,614,0.0007498679627826249,0.0017740477853814829,0.011664618606988565,0.5667752442996743,0.43322475570032576,long,0.5667752442996743,0.010531248426365625
deal_heavy&positive_heavy,129,0.001600475330071945,0.002458500465197355,0.015561840193102963,0.5736434108527132,0.4263565891472868,long,0.5736434108527132,0.01042763566636098
posts_very_high&pre_deal,69,0.002158451664102915,0.0024025221489698545,0.01573868446694831,0.5797101449275363,0.42028985507246375,long,0.5797101449275363,0.010393881797097103
pre_deal&deal_over_tariff,127,0.001531434207480221,0.0025803778241513253,0.014368224251676172,0.5984251968503937,0.4015748031496063,long,0.5984251968503937,0.01032785365690062
pre_tariff&pre_deal,48,-0.0027748415204652565,-0.0006453127355784405,0.015425440185475377,0.4791666666666667,0.5208333333333334,short,0.5208333333333334,0.010012846867494788
pre_tariff&lots_of_excl,128,-0.0016813445675881314,-0.0005926690539648227,0.011442182755703436,0.4765625,0.5234375,short,0.5234375,0.009956954966491623
attack_heavy&has_market_brag,74,0.0017825505616514369,0.0033430885671518196,0.012055431581910234,0.6486486486486487,0.35135135135135137,long,0.6486486486486487,0.009946430099205523
short_posts&china_streak_3d,42,0.002793983104695218,0.0008984192730949747,0.015252477168075321,0.5476190476190477,0.4523809523809524,long,0.5476190476190477,0.009915781914215042
brag_heavy&has_uppercase_phrase,20,0.0027620164360956712,0.004693542946652474,0.007803155644037661,0.8,0.2,long,0.8,0.0098816904097306
has_china&deal_over_tariff,101,0.0016185602250619398,0.0037780951632930826,0.014950429071269186,0.6039603960396039,0.39603960396039606,long,0.6039603960396039,0.009824218473040809
has_tariff&has_all_caps,79,0.0015867840390490376,0.0037175274853358253,0.0131341637287554,0.6962025316455697,0.3037974683544304,long,0.6962025316455697,0.009818993380441298
posts_very_high&has_uppercase_phrase,130,0.0014335213763873563,0.002983234917668942,0.013853431491163202,0.6,0.4,long,0.6,0.00980679506826693
has_uppercase_phrase&short_posts,162,0.0012846750116239005,0.0024172998074752927,0.013721641954054268,0.5987654320987654,0.4012345679012346,long,0.5987654320987654,0.009790559332999575
has_china&has_russia,116,0.0014496822908706523,0.0030733664668493033,0.013165593736145063,0.6206896551724138,0.3793103448275862,long,0.6206896551724138,0.009691172757090326
has_relief&short_posts,49,0.0021676185409350885,0.003601507245887481,0.023401712629937687,0.6326530612244898,0.3673469387755102,long,0.6326530612244898,0.009599453538426821
has_action&deal_over_tariff,71,0.0019599474113777176,0.0022511200872630255,0.014420038475809208,0.5774647887323944,0.4225352112676056,long,0.5774647887323944,0.009536721519275152
has_deal&volume_spike,84,0.0016737098198350922,0.0033809461035327892,0.014672893274926154,0.6190476190476191,0.38095238095238093,long,0.6190476190476191,0.009496069069543594
has_russia&tariff_rising,35,0.002662824073567343,0.0017741798194712555,0.00953634158015632,0.6,0.4,long,0.6,0.009452087800549633
has_deal&has_all_caps,91,0.0015211435736921482,0.0030882599296988555,0.01411637410360806,0.6483516483516484,0.3516483516483517,long,0.6483516483516484,0.009408091282392967
has_iran&has_russia,58,0.001766157583893757,0.003968493671385298,0.01268688146229254,0.6896551724137931,0.3103448275862069,long,0.6896551724137931,0.009276314088369418
posts_very_high&has_china,129,0.0013455753266816048,0.0024152654698612608,0.013955955681122073,0.5968992248062015,0.40310077519379844,long,0.5968992248062015,0.009122290222477866
has_all_caps&has_uppercase_phrase,133,0.0012887763879887563,0.0030882599296988555,0.013555435608873194,0.6090225563909775,0.39097744360902253,long,0.6090225563909775,0.009051837921549922
short_posts&volume_drop,98,0.0016688204628742802,0.0009000182899339126,0.010077813900875447,0.5408163265306123,0.45918367346938777,long,0.5408163265306123,0.00893454515595824
short_posts&volume_spike,98,-0.001955444038422277,0.0019010932988551277,0.01978955005985031,0.5408163265306123,0.45918367346938777,short,0.45918367346938777,0.008888835470137713
has_tariff&has_attack,246,0.0009713088823392071,0.0018335228599759557,0.01058514418236889,0.5813008130081301,0.4186991869918699,long,0.5813008130081301,0.008855760121366107
has_russia&deal_only,65,0.0016641773329978916,0.002458500465197355,0.01292618058075105,0.6461538461538462,0.35384615384615387,long,0.6461538461538462,0.008669463339926351
has_deal&has_relief,47,0.0024124763005125703,0.0020950900598626365,0.02107133722847379,0.5106382978723404,0.48936170212765956,long,0.5106382978723404,0.008445500041515315
has_russia&volume_spike,80,0.0015105734451004952,0.003540966986189331,0.013746111374986639,0.625,0.375,long,0.625,0.008444362270626884
attack_heavy&open_deal,45,-0.0021733222326700287,-0.0018136664115916412,0.01322807072860986,0.4222222222222222,0.5777777777777777,short,0.5777777777777777,0.008423473498720451
posts_very_high&has_russia,119,0.001308125307709402,0.0024438490218237074,0.012135196041394397,0.5882352941176471,0.4117647058823529,long,0.5882352941176471,0.008394095524512427
deal_heavy&pre_deal,97,0.0014762035030835069,0.0028783596425328017,0.015235173864788438,0.5773195876288659,0.422680412371134,long,0.5773195876288659,0.008393602368550857
has_deal&has_action,99,0.0014651393525966262,0.0022511200872630255,0.013497382816499046,0.5757575757575758,0.42424242424242425,long,0.5757575757575758,0.008393366587708857
has_action&deal_only,46,0.0020947273642954144,0.0022662928968399942,0.013048755758920899,0.5869565217391305,0.41304347826086957,long,0.5869565217391305,0.00833896890547851
has_tariff&brag_heavy,23,0.002325882989039231,0.0037175274853358253,0.008975965678101131,0.7391304347826086,0.2608695652173913,long,0.7391304347826086,0.008244662186622159
has_attack&volume_drop,70,0.001813985453658297,0.002064899356793659,0.009030943951419615,0.5428571428571428,0.45714285714285713,long,0.5428571428571428,0.008238883782289538
has_market_brag&volume_spike,36,0.001898502073684783,0.005128619499861431,0.016485989191368237,0.7222222222222222,0.2777777777777778,long,0.7222222222222222,0.008226842319300726
has_action&has_russia,79,0.0015456256421122528,0.0028783596425328017,0.013937999893444571,0.5949367088607594,0.4050632911392405,long,0.5949367088607594,0.008173134133717107
has_tariff&has_market_brag,78,0.0014639082347793508,0.0018045669738627756,0.012260593021433433,0.6282051282051282,0.3717948717948718,long,0.6282051282051282,0.008121993404245489
has_deal&pre_deal,171,0.0010677822174962753,0.002398201321009985,0.013654658396886165,0.5789473684210527,0.42105263157894735,long,0.5789473684210527,0.008083879354347847
pre_deal,171,0.0010677822174962753,0.002398201321009985,0.013654658396886165,0.5789473684210527,0.42105263157894735,long,0.5789473684210527,0.008083879354347847
attack_heavy&has_uppercase_phrase,145,0.0011055183627635909,0.0030806389559205893,0.012153737031504859,0.6068965517241379,0.3931034482758621,long,0.6068965517241379,0.008079130657208456
tariff_only&volume_spike,20,-0.0032651795021602036,-0.0024472733653465584,0.013786445784901905,0.45,0.55,short,0.55,0.00803127965812605
attack_heavy&pre_action,44,0.001887351937027841,0.0053022267756464014,0.015556318177028182,0.6363636363636364,0.36363636363636365,long,0.6363636363636364,0.007966812283145953
has_china&short_posts,151,0.0010152656199347513,0.0024152654698612608,0.01298393779102066,0.6357615894039735,0.36423841059602646,long,0.6357615894039735,0.007931629863264452
has_night_post&volume_drop,124,0.0012796842305754419,0.0011622396619399566,0.010104444894619778,0.5564516129032258,0.4435483870967742,long,0.5564516129032258,0.007929413509233412
pre_tariff&has_uppercase_phrase,55,-0.0022548961569054432,0.0005147657685955487,0.01236977036569253,0.5272727272727272,0.4727272727272727,short,0.4727272727272727,0.007905303530043624
posts_high&has_uppercase_phrase,201,0.000949113352317964,0.002398223056023996,0.013192444261835209,0.5870646766169154,0.4129353233830846,long,0.5870646766169154,0.007899544715721931
has_all_caps&tariff_only,30,0.0020449248543288447,0.0036204213758960213,0.01203560732176058,0.7,0.3,long,0.7,0.00784036029783212
has_russia&short_posts,143,0.0010881631799412623,0.0024363765589265896,0.011288898253865422,0.6013986013986014,0.3986013986013986,long,0.6013986013986014,0.007825722777364184
posts_high&pre_deal,109,0.001267094752439236,0.002062925390447612,0.015171468695351584,0.5871559633027523,0.41284403669724773,long,0.5871559633027523,0.0077674026224133635
has_uppercase_phrase&deal_only,65,0.001738930889142037,0.0030882599296988555,0.016242716614492076,0.5538461538461539,0.4461538461538462,long,0.5538461538461539,0.007764761926933518
has_uppercase_phrase&deal_over_tariff,95,0.0013396004659696674,0.0038835325645327767,0.016064155870788577,0.5684210526315789,0.43157894736842106,long,0.5684210526315789,0.007421765824051544
pre_action&has_uppercase_phrase,41,-0.00237358182443332,0.00048543067082995606,0.018552459503751353,0.5121951219512195,0.4878048780487805,short,0.4878048780487805,0.007413824053443449
open_deal&deal_only,46,0.002006905389365637,0.000941241259275527,0.018422594406688243,0.5434782608695652,0.45652173913043476,long,0.5434782608695652,0.007397551410646876
has_russia&has_uppercase_phrase,113,0.0011059941742863966,0.003558618705922445,0.013215626713755185,0.6283185840707964,0.37168141592920356,long,0.6283185840707964,0.007387065780439481
has_russia&pre_deal,65,0.0014141222331031731,0.004353090017882089,0.014109564953125075,0.6461538461538462,0.35384615384615387,long,0.6461538461538462,0.007366811586105336
has_china&has_iran,45,0.001646744033200277,0.004111201935699915,0.01438100478118,0.6666666666666666,0.3333333333333333,long,0.6666666666666666,0.007364463199555981
has_iran&volume_spike,37,0.0018367418483677415,0.004276213516696936,0.016282186096333306,0.6486486486486487,0.35135135135135137,long,0.6486486486486487,0.007247003995512644
posts_very_high&has_action,94,0.0012507000085069948,0.003257660466594703,0.015056263977801004,0.5957446808510638,0.40425531914893614,long,0.5957446808510638,0.007223991944232942
china_streak_3d&volume_drop,20,0.0026816271540942736,0.0026461049052146635,0.010012718827510522,0.6,0.4,long,0.6,0.007195560728236919
pre_deal&has_night_post,163,0.0009656102356416335,0.0024025221489698545,0.013804222580700128,0.5828220858895705,0.4171779141104294,long,0.5828220858895705,0.007185080922975612
has_attack&has_iran,91,0.0011829653242597905,0.0025578225031641644,0.011504295135645888,0.6263736263736264,0.37362637362637363,long,0.6263736263736264,0.007068482287199383
pre_tariff&volume_spike,42,-0.0022803648794383824,0.0005483242634864993,0.0144886820723862,0.5238095238095238,0.47619047619047616,short,0.47619047619047616,0.007037358800664885
deal_heavy&has_action,53,0.0017656733754897265,0.0022511200872630255,0.016140424102542197,0.5471698113207547,0.4528301886792453,long,0.5471698113207547,0.007033482827587171
posts_very_high&pre_relief,22,-0.0029645882078272253,0.0012758351283647107,0.023222150591923264,0.5,0.5,short,0.5,0.006952575625689757
pre_deal&pre_action,31,0.0019313395753132894,0.0038835325645327767,0.014413445496386224,0.6451612903225806,0.3548387096774194,long,0.6451612903225806,0.00693757655480813
has_all_caps&deal_only,42,0.0017718064702613538,0.0029833097861158286,0.014554409369180395,0.5952380952380952,0.40476190476190477,long,0.5952380952380952,0.006834891846145912
has_uppercase_phrase&lots_of_excl,269,0.0007304837200908212,0.0018029954588836272,0.012692219566188783,0.5687732342007435,0.4312267657992565,long,0.5687732342007435,0.006814371906902792
attack_heavy&volume_spike,93,0.0012110859677026235,0.0035233152664562173,0.01436170157686407,0.5806451612903226,0.41935483870967744,long,0.5806451612903226,0.006781523292036753
has_all_caps&tariff_rising,25,0.00169243125387589,0.0029744641686046958,0.012310808856749494,0.8,0.2,long,0.8,0.00676972501550356
has_uppercase_phrase&exclamation_heavy,279,0.0007068129409366392,0.0019505484686161978,0.01251027155564162,0.5698924731182796,0.43010752688172044,long,0.5698924731182796,0.00672820964186798
has_action&pre_deal,53,0.0015243187975967228,0.001999808704666206,0.012907560510237798,0.6037735849056604,0.39622641509433965,long,0.6037735849056604,0.006700201269615148
has_action&attack_heavy,104,0.0011725545262594994,0.0024088938094155576,0.012710014998933941,0.5576923076923077,0.4423076923076923,long,0.5576923076923077,0.006668748995935123
has_action&tariff_only,30,-0.002139363689022618,-0.0019203265600756247,0.012747652793351027,0.43333333333333335,0.5666666666666667,short,0.5666666666666667,0.0066400739233825464
pre_action&volume_spike,30,-0.002786991253238539,0.0012690855606179996,0.020990370534135532,0.5666666666666667,0.43333333333333335,short,0.43333333333333335,0.00661482456686281
pre_deal&has_exclamation,170,0.0008726638555805596,0.0022305633557287985,0.01345378221545626,0.5764705882352941,0.4235294117647059,long,0.5764705882352941,0.006559165717775902
pre_deal&lots_of_excl,157,0.0008928204421239073,0.0024025221489698545,0.01373809561499903,0.5859872611464968,0.4140127388535032,long,0.5859872611464968,0.0065554442224018015
has_relief&has_uppercase_phrase,40,0.0015945565488789226,0.004033128224187332,0.01899521972644709,0.65,0.35,long,0.65,0.006555159718113507
has_deal&has_uppercase_phrase,134,0.0009721481739068494,0.0024201852520523426,0.01446007697751391,0.582089552238806,0.417910447761194,long,0.582089552238806,0.006550503276912693
has_uppercase_phrase&has_exclamation,296,0.0006645949609587543,0.0018767719637499125,0.012292730054360716,0.5641891891891891,0.4358108108108108,long,0.5641891891891891,0.006451009176863411
positive_heavy&has_china,258,0.0007018140247439644,0.0019477463535416684,0.012229251488372079,0.5697674418604651,0.43023255813953487,long,0.5697674418604651,0.0064228758058849375
pre_deal&exclamation_heavy,168,0.0008555885688786397,0.0022305633557287985,0.013528311792044286,0.5773809523809523,0.4226190476190476,long,0.5773809523809523,0.006402978844811437
tariff_heavy&has_russia,20,0.0020449739936345746,0.003871615389182126,0.016568685017035987,0.7,0.3,long,0.7,0.006401781206780584
deal_over_tariff&tariff_rising,22,0.001997214652685385,0.004118311291207433,0.014875960859836267,0.6818181818181818,0.3181818181818182,long,0.6818181818181818,0.006387113920026687
posts_very_high&tariff_rising,27,0.0018332853755255462,0.0029744641686046958,0.01334220048615613,0.6666666666666666,0.3333333333333333,long,0.6666666666666666,0.0063506868303664695
pre_tariff&pre_action,20,-0.00254539187329631,-0.0006311228287334547,0.015968437076530388,0.45,0.55,short,0.55,0.00626083618387269
has_uppercase_phrase,298,0.0006427006737787511,0.0018767719637499125,0.012291709992693361,0.5637583892617449,0.436241610738255,long,0.5637583892617449,0.00625474926698777
attack_heavy&has_iran,54,0.0013361571201202782,0.002819230729542377,0.011695790905308378,0.6296296296296297,0.37037037037037035,long,0.6296296296296297,0.006182150414242517
has_tariff&open_deal,36,-0.0018523461885302888,-0.0012022281281754421,0.013210109817288615,0.4444444444444444,0.5555555555555556,short,0.5555555555555556,0.006174487295100963
has_attack&pre_action,58,0.0012994160595345703,0.0053022267756464014,0.015165904259383786,0.6206896551724138,0.3793103448275862,long,0.6206896551724138,0.006142380752812367
has_china&open_deal,42,0.0015775296472424667,0.0045759743062527836,0.01676658732364118,0.5952380952380952,0.40476190476190477,long,0.5952380952380952,0.006085452730850743
has_relief&has_positive,92,0.0010978950679205119,0.002681452942447926,0.018516564031846802,0.5760869565217391,0.42391304347826086,long,0.5760869565217391,0.006066564089765342
has_iran&has_night_post,110,0.0009685053827854229,0.0023182410845702384,0.011588685384958596,0.5909090909090909,0.4090909090909091,long,0.5909090909090909,0.006002318724797738
has_russia&tariff_only,49,0.0012649887254705598,0.0024438490218237074,0.009701423844299967,0.673469387755102,0.32653061224489793,long,0.673469387755102,0.0059635182772183526
has_night_post&has_uppercase_phrase,278,0.0006362000289936134,0.0018519947806414638,0.012509729625563442,0.5611510791366906,0.43884892086330934,long,0.5611510791366906,0.005952451766679307
posts_very_high&tariff_only,35,0.0015254796265135135,0.0035233152664562173,0.012160051242922638,0.6571428571428571,0.34285714285714286,long,0.6571428571428571,0.005930621745507996
tariff_streak_3d&tariff_rising,33,-0.0021230127512592836,0.0005147657685955487,0.010896322137016863,0.5151515151515151,0.48484848484848486,short,0.48484848484848486,0.00591310533285237
has_tariff&tariff_streak_3d,33,-0.0021230127512592836,0.0005147657685955487,0.010896322137016863,0.5151515151515151,0.48484848484848486,short,0.48484848484848486,0.00591310533285237
has_positive&has_uppercase_phrase,287,0.0006182182693717015,0.0019505484686161978,0.012418876622155054,0.5644599303135889,0.4355400696864111,long,0.5644599303135889,0.005911747837957322
has_relief&has_attack,77,0.0012310417800675147,0.0019505484686161978,0.019640818986579062,0.5454545454545454,0.45454545454545453,long,0.5454545454545454,0.005892189697900498
has_night_post&volume_spike,145,-0.0010735497748298258,0.0017534410926667299,0.017589667222759526,0.5448275862068965,0.45517241379310347,short,0.45517241379310347,0.005884128109042748
has_positive&high_emotion,27,0.0020340971383464744,0.003252088979670553,0.011701564973798654,0.5555555555555556,0.4444444444444444,long,0.5555555555555556,0.005871932651910923
positive_heavy&has_iran,95,0.00100345268256586,0.00205985951758092,0.011533900789115249,0.6,0.4,long,0.6,0.0058682681590297835
pre_action&deal_over_tariff,31,0.0017098681321517676,0.005092209530954239,0.01704294942409356,0.6129032258064516,0.3870967741935484,long,0.6129032258064516,0.0058349262637204385
has_relief&has_exclamation,93,0.001030699858761089,0.0025803778241513253,0.018427053033150342,0.5698924731182796,0.43010752688172044,long,0.5698924731182796,0.005664565616093823
has_relief,93,0.001030699858761089,0.0025803778241513253,0.018427053033150342,0.5698924731182796,0.43010752688172044,long,0.5698924731182796,0.005664565616093823
has_action&has_all_caps,54,0.0012228078195985522,0.004005286215049475,0.017538918360383852,0.6296296296296297,0.37037037037037035,long,0.6296296296296297,0.005657704288392132
posts_very_high&has_relief,49,0.0013607452598920443,0.00291833782562656,0.02316370691678536,0.5918367346938775,0.40816326530612246,long,0.5918367346938775,0.0056373732195527555
has_tariff&has_relief,43,-0.0018462713810329082,0.0005147657685955487,0.01646039059559527,0.5348837209302325,0.46511627906976744,short,0.46511627906976744,0.005631074921070442
has_relief&exclamation_heavy,91,0.0010118454863935844,0.0025803778241513253,0.018600643756318497,0.5714285714285714,0.42857142857142855,long,0.5714285714285714,0.005515651858557924
has_relief&positive_heavy,85,0.0010336576707061132,0.0028783596425328017,0.01919634938859207,0.5764705882352941,0.4235294117647059,long,0.5764705882352941,0.005493679877484049
pre_action&short_posts,50,-0.0017638177884974837,0.0013423570444167643,0.016164892909766967,0.56,0.44,short,0.44,0.005487713083705733
has_relief&has_night_post,90,0.001017368594369118,0.002681452942447926,0.01870477482144976,0.5666666666666667,0.43333333333333335,long,0.5666666666666667,0.005469243362821625
open_deal&has_all_caps,27,-0.002178430086623991,0.002062925390447612,0.02047820840838148,0.5185185185185185,0.48148148148148145,short,0.48148148148148145,0.00545010785333361
has_iran&has_exclamation,119,0.0008319069548975619,0.00205985951758092,0.011295184674147517,0.5882352941176471,0.4117647058823529,long,0.5882352941176471,0.005338254986553377
has_iran,119,0.0008319069548975619,0.00205985951758092,0.011295184674147517,0.5882352941176471,0.4117647058823529,long,0.5882352941176471,0.005338254986553377
has_attack&open_tariff,59,0.0011981220867808642,0.0017996429640456668,0.013246688590680929,0.576271186440678,0.423728813559322,long,0.576271186440678,0.005303395129802477
posts_high&has_tariff,182,0.000658483775748481,0.002314735580801308,0.01164641384495807,0.5934065934065934,0.4065934065934066,long,0.5934065934065934,0.00527148700710462
has_iran&lots_of_excl,112,0.0008580379803656577,0.0022290304192954524,0.011575541263622207,0.5803571428571429,0.41964285714285715,long,0.5803571428571429,0.005270002937400622
has_positive&pre_deal,163,0.0007158983972422273,0.002062925390447612,0.013651353113044983,0.5705521472392638,0.4294478527607362,long,0.5705521472392638,0.005214834577157321
has_action&pre_tariff,36,-0.0018309246462747026,0.0011650406938172875,0.013656315514885338,0.5277777777777778,0.4722222222222222,short,0.4722222222222222,0.005187619831111658
has_china&open_tariff,37,0.0013557632355706314,0.002062925390447612,0.013959870733318355,0.6216216216216216,0.3783783783783784,long,0.6216216216216216,0.0051263803679338655
uppercase_phrase_heavy&volume_spike,22,-0.0024036119755763597,0.0020043729686430867,0.022622218045200267,0.5454545454545454,0.45454545454545453,short,0.45454545454545453,0.005124517950338039
has_tariff&has_china,147,0.0007055746177795945,0.0017534410926667299,0.011516733208467841,0.5918367346938775,0.40816326530612246,long,0.5918367346938775,0.005062948787033172
positive_heavy&has_uppercase_phrase,233,0.0005934309935582153,0.0017534410926667299,0.01305962235472084,0.5579399141630901,0.44206008583690987,long,0.5579399141630901,0.005054004410540947
has_market_brag&has_china,71,0.0009809338971249518,0.002062925390447612,0.012655677201994156,0.6056338028169014,0.39436619718309857,long,0.6056338028169014,0.005005863735136589
has_russia&open_deal,31,-0.001857800041319248,0.000567644717596183,0.016527801950607306,0.5161290322580645,0.4838709677419355,short,0.4838709677419355,0.005005061062897477
has_night_post&high_emotion,44,-0.0013824271987941067,-0.0010842131940674848,0.012042503101641025,0.45454545454545453,0.5454545454545454,short,0.5454545454545454,0.005001809801871389
has_market_brag&pre_action,23,-0.0021652817125706204,0.001844650716804619,0.01860497775531202,0.5217391304347826,0.4782608695652174,short,0.4782608695652174,0.004966416923216785
has_relief&has_all_caps,24,-0.002425031924198263,0.0033520725248017413,0.020669325755591734,0.5833333333333334,0.4166666666666667,short,0.4166666666666667,0.004950075686871165
open_tariff&has_uppercase_phrase,26,0.0015735768571291493,0.0016480279295287836,0.01630680873536718,0.6153846153846154,0.38461538461538464,long,0.6153846153846154,0.004937660985008946
has_positive&has_iran,113,0.0007810585359036122,0.00205985951758092,0.011434124154897852,0.5929203539823009,0.40707964601769914,long,0.5929203539823009,0.004922879029829571
attack_heavy&pre_deal,87,0.0008941609170827815,0.002398201321009985,0.011475556520305675,0.5862068965517241,0.41379310344827586,long,0.5862068965517241,0.004889069749569191
has_relief&lots_of_excl,88,0.0009357850919700007,0.00249144998656059,0.01891332261422228,0.5568181818181818,0.4431818181818182,long,0.5568181818181818,0.004887996273091171
posts_very_high&pre_tariff,50,-0.001497414194519402,0.0006211851757791376,0.013469252474325398,0.54,0.46,short,0.46,0.0048706259634724415
has_iran&exclamation_heavy,116,0.0007701867034642134,0.0020292772663002,0.011323850135586356,0.5862068965517241,0.41379310344827586,long,0.5862068965517241,0.004862682732214699
has_relief&pre_tariff,21,-0.002471471511326619,0.0006311524954152326,0.015028735278899705,0.5714285714285714,0.42857142857142855,short,0.42857142857142855,0.004853873690820488
has_deal&china_streak_3d,31,-0.0014184628728967767,-0.0024243487567481292,0.0200127430379645,0.3870967741935484,0.6129032258064516,short,0.6129032258064516,0.004840505601307455
pre_deal&tariff_rising,32,-0.0019516175216270151,0.0012174218601757048,0.01483026276926293,0.5625,0.4375,short,0.4375,0.004830006943387311
positive_heavy&tariff_rising,96,-0.0009666347599881463,-6.225975001228345e-05,0.011533982846986056,0.5,0.5,short,0.5,0.004735523859217287
positive_heavy&pre_action,66,-0.001198177966298202,0.0005894755376306682,0.015661361508843837,0.5151515151515151,0.48484848484848486,short,0.48484848484848486,0.004719536394567372
has_attack&sig_potus,52,0.0010537500133629334,0.0019189840390122503,0.011952568919728086,0.6153846153846154,0.38461538461538464,long,0.6153846153846154,0.004676122713478056
has_relief&has_russia,36,0.001166721092658079,0.004220119777503251,0.016651741627607432,0.6666666666666666,0.3333333333333333,long,0.6666666666666666,0.004666884370632316
sig_potus&deal_over_tariff,20,0.0016030756080363195,0.005400527414712197,0.016583665081106147,0.65,0.35,long,0.65,0.004659961842433324
has_tariff&has_iran,49,0.001076525634798807,0.0017996429640456668,0.012440692429668485,0.6122448979591837,0.3877551020408163,long,0.6122448979591837,0.004613681291994887
open_deal&short_posts,45,0.0012828119697741534,0.002062925390447612,0.020612277590126755,0.5333333333333333,0.4666666666666667,long,0.5333333333333333,0.00458952762682466
has_uppercase_phrase&china_streak_3d,32,-0.001621647167270826,-1.0109207548403276e-05,0.013652144695933878,0.5,0.5,short,0.5,0.004586710834676626
has_relief&attack_heavy,47,0.0010742592829911606,0.00291833782562656,0.016816719473011305,0.6170212765957447,0.3829787234042553,long,0.6170212765957447,0.004544207814221158
pre_tariff&tariff_rising,49,-0.0012704193677129463,-0.0005915849271906914,0.01070851410632639,0.4897959183673469,0.5102040816326531,short,0.5102040816326531,0.004537212027546237
posts_low&exclamation_heavy,41,0.001210280897518929,0.0013121836603373627,0.007017335270861022,0.5853658536585366,0.4146341463414634,long,0.5853658536585366,0.004536338896978792
has_attack&china_streak_3d,59,0.0012394522366172141,-0.0006239487471670913,0.015545398604872232,0.4745762711864407,0.5254237288135594,long,0.4745762711864407,0.004518162233142362
deal_heavy&has_all_caps,48,0.0010414965541207428,0.0025647398648979136,0.016855634862446227,0.625,0.375,long,0.625,0.004509812369112589
posts_high&has_action,133,0.0006917310533402544,0.002040793397721785,0.013549747209510951,0.5639097744360902,0.43609022556390975,long,0.5639097744360902,0.004498551694355667
has_russia&volume_drop,24,0.0016911542884782093,0.0023182410845702384,0.009786517837084553,0.5416666666666666,0.4583333333333333,long,0.5416666666666666,0.004487670506682086
has_attack&pre_relief,35,-0.0015577743459611825,0.0005147657685955487,0.018702188957824748,0.5142857142857142,0.4857142857142857,short,0.4857142857142857,0.004476302695746487
tariff_heavy&has_action,20,-0.0018120017948083766,-0.0005537429983992759,0.01660101607396669,0.45,0.55,short,0.55,0.004456935107397472
deal_heavy&attack_heavy,78,0.0009102498606849874,0.002031367047556909,0.012493063871593251,0.5512820512820513,0.44871794871794873,long,0.5512820512820513,0.004431816554123795
open_tariff&short_posts,29,0.0012294174194324417,0.002062925390447612,0.01550141067803175,0.6551724137931034,0.3448275862068966,long,0.6551724137931034,0.004337644585783047
has_all_caps&deal_over_tariff,66,0.000896551562936098,0.0029264119055687488,0.015687448055562575,0.5909090909090909,0.4090909090909091,long,0.5909090909090909,0.00430395687624456
deal_over_tariff&china_streak_3d,23,-0.0015843501644160582,-0.004807595153852429,0.022995756145107082,0.43478260869565216,0.5652173913043478,short,0.5652173913043478,0.004294678000527777
has_attack&pre_tariff,101,-0.0008621824353928473,0.00048543067082995606,0.011485181000553544,0.504950495049505,0.49504950495049505,short,0.49504950495049505,0.0042895179398085214
pre_deal&volume_spike,46,0.0009837933036119337,0.004193973048343014,0.01473416427139626,0.6304347826086957,0.3695652173913043,long,0.6304347826086957,0.0042065198649623315
posts_high&open_tariff,45,0.0010072021308786669,0.002398223056023996,0.01539296078789206,0.6222222222222222,0.37777777777777777,long,0.6222222222222222,0.004204055205891033
posts_low&high_emotion,60,0.0010134028864413336,0.0015925339382689696,0.011706781401288967,0.5333333333333333,0.4666666666666667,long,0.5333333333333333,0.004186552002331532
has_attack&tariff_only,120,0.0006705818845812895,0.001251678466596573,0.009509325260467124,0.5666666666666667,0.43333333333333335,long,0.5666666666666667,0.004162652014847643
has_relief&has_action,31,-0.0016528653875074256,0.0024025221489698545,0.019454749361119014,0.5483870967741935,0.45161290322580644,short,0.45161290322580644,0.004156087419860229
has_action&lots_of_excl,172,0.0005808016651128456,0.0012618371142617546,0.013024471872094323,0.5406976744186046,0.45930232558139533,long,0.5406976744186046,0.004118571196307491
has_china&tariff_streak_3d,26,-0.0016151462025294665,-0.00033823874994226566,0.017052858350435955,0.5,0.5,short,0.5,0.004117831002001517
has_russia&pre_tariff,47,0.0008531958422764925,0.0036320288426643366,0.01356050634446009,0.7021276595744681,0.2978723404255319,long,0.7021276595744681,0.0041068963412300855
posts_high&has_relief,66,0.0008609291566631002,0.002681452942447926,0.021419275087037414,0.5757575757575758,0.42424242424242425,long,0.5757575757575758,0.004026976033807141
posts_high&pre_relief,32,-0.0015149108106886182,0.001547571796373437,0.019544170926672415,0.53125,0.46875,short,0.46875,0.004017013901740246
has_action&china_streak_3d,21,-0.0015138931274121777,-0.004257362056762193,0.009916708781226094,0.42857142857142855,0.5714285714285714,short,0.5714285714285714,0.003964302771679845
pre_tariff&short_posts,57,-0.0011048157224341102,0.0006311524954152326,0.011147985921249264,0.5263157894736842,0.47368421052631576,short,0.47368421052631576,0.003951083266987062
deal_heavy&volume_spike,50,0.0009599094838902178,0.003997367250116346,0.016489776134891023,0.58,0.42,long,0.58,0.0039367993312275015
pre_deal&open_tariff,26,-0.001660542335001189,0.001242619687748081,0.016572566885190994,0.5384615384615384,0.46153846153846156,short,0.46153846153846156,0.003907909739685226
posts_very_high&has_tariff,106,0.0006373643631489541,0.0020184275696861764,0.012709098253879286,0.5849056603773585,0.41509433962264153,long,0.5849056603773585,0.0038381905696009064
positive_heavy&all_caps_heavy,23,0.0010194419499822403,0.005959606136732187,0.017689967437360402,0.782608695652174,0.21739130434782608,long,0.782608695652174,0.0038262301355834736
posts_low&volume_spike,39,-0.0014022349773212105,0.002590732973354992,0.021099304853743527,0.5641025641025641,0.4358974358974359,short,0.4358974358974359,0.0038171340680291824
has_tariff&sig_potus,27,-0.0015190720405975603,0.0012110248820056402,0.013430678573786483,0.5185185185185185,0.48148148148148145,short,0.48148148148148145,0.0038004921567488872
high_emotion,73,0.000829566587702824,0.0019396738211476805,0.012060634779623063,0.5342465753424658,0.4657534246575342,long,0.5342465753424658,0.0037866435789124008
has_china&pre_tariff,64,-0.0010411069438958642,0.0009280031157115065,0.013020815054725948,0.546875,0.453125,short,0.453125,0.003774012671622508
posts_low&has_attack,30,-0.0012092519463395735,-0.0010019648499227096,0.008074143623000409,0.43333333333333335,0.5666666666666667,short,0.5666666666666667,0.0037532292227308627
has_deal&pre_action,46,0.0009420705870330938,0.0022032295771317045,0.014714212092213044,0.5869565217391305,0.41304347826086957,long,0.5869565217391305,0.003750319715080094
open_tariff&tariff_rising,30,0.001207260022163644,0.0012034894312208388,0.012333042621234282,0.5666666666666667,0.43333333333333335,long,0.5666666666666667,0.003747046765841549
uppercase_phrase_heavy&short_posts,32,-0.001505829894670574,0.0005425884983069063,0.020724464784385926,0.5625,0.4375,short,0.4375,0.0037267388544224562
has_market_brag&tariff_rising,35,0.001001619706329079,0.0017996429640456668,0.011527877575323203,0.6285714285714286,0.37142857142857144,long,0.6285714285714286,0.0037247018882653727
pre_action&exclamation_heavy,78,-0.000888861278558215,0.0006823156111893658,0.014654926321293584,0.5256410256410257,0.47435897435897434,short,0.47435897435897434,0.0037238176853319157
tariff_heavy&has_attack,44,0.0009490941605063923,0.0017990459047356744,0.012904842871529583,0.5909090909090909,0.4090909090909091,long,0.5909090909090909,0.00372011453404742
deal_heavy&uppercase_phrase_heavy,20,0.0012729667586038995,0.003997367250116346,0.023620148260844295,0.65,0.35,long,0.65,0.0037003722669366503
has_uppercase_phrase&tariff_only,48,-0.001153980546480177,0.0005558847389753874,0.009985665186216732,0.5416666666666666,0.4583333333333333,short,0.4583333333333333,0.0036643803853245688
attack_heavy&pre_relief,23,-0.0015878525114066664,0.0005147657685955487,0.02089461633189716,0.5217391304347826,0.4782608695652174,short,0.4782608695652174,0.0036419914962751722
has_positive&open_tariff,69,0.0007518944108911014,0.0012110248820056402,0.013227539482203407,0.5797101449275363,0.42028985507246375,long,0.5797101449275363,0.003620698003421885
deal_heavy&has_china,83,0.0007166317648080987,0.002062925390447612,0.014224169874190003,0.5542168674698795,0.4457831325301205,long,0.5542168674698795,0.0036183855460662716
open_tariff&exclamation_heavy,71,0.0007398479152262806,0.0012110248820056402,0.013039859131507923,0.5774647887323944,0.4225352112676056,long,0.5774647887323944,0.0035999555361383943
open_tariff&has_exclamation,71,0.0007398479152262806,0.0012110248820056402,0.013039859131507923,0.5774647887323944,0.4225352112676056,long,0.5774647887323944,0.0035999555361383943
has_tariff&open_tariff,71,0.0007398479152262806,0.0012110248820056402,0.013039859131507923,0.5774647887323944,0.4225352112676056,long,0.5774647887323944,0.0035999555361383943
open_tariff,71,0.0007398479152262806,0.0012110248820056402,0.013039859131507923,0.5774647887323944,0.4225352112676056,long,0.5774647887323944,0.0035999555361383943
positive_heavy&pre_deal,143,0.0005191243965608523,0.001999808704666206,0.014344275860653422,0.5734265734265734,0.42657342657342656,long,0.5734265734265734,0.003559731756354875
attack_heavy&pre_tariff,60,-0.0010032000194217978,0.0009530242175256332,0.012877803671275211,0.55,0.45,short,0.45,0.0034968392713220224
has_tariff&short_posts,142,0.0004887654523078521,0.0023882870651817933,0.010778615897857738,0.5985915492957746,0.4014084507042254,long,0.5985915492957746,0.0034863842773276907
tariff_heavy&pre_tariff,37,-0.0011779847050530459,0.0005147657685955487,0.013933845872408942,0.5135135135135135,0.4864864864864865,short,0.4864864864864865,0.0034858708662945733
has_russia&open_tariff,29,0.001162140328875428,0.00048543067082995606,0.017133217102147186,0.5517241379310345,0.4482758620689655,long,0.5517241379310345,0.0034528646620754057
has_market_brag&volume_drop,22,0.0010604864353562832,0.0026162885046984163,0.007129872494923475,0.6818181818181818,0.3181818181818182,long,0.6818181818181818,0.00339144701555051
has_action&has_china,89,0.0006393642038217877,0.0024152654698612608,0.01529633013646988,0.5617977528089888,0.43820224719101125,long,0.5617977528089888,0.003388623503015246
open_tariff&tariff_only,32,0.0010054591447077148,0.0012220776753077978,0.009873731240110387,0.59375,0.40625,long,0.59375,0.003377093152287044
open_tariff&lots_of_excl,69,0.000708799478461927,0.0011959539804360375,0.013228919546913626,0.5652173913043478,0.43478260869565216,long,0.5652173913043478,0.0033278477653741075
pre_action&has_all_caps,27,-0.001571362337110613,0.004127039865566173,0.020322831797726145,0.5925925925925926,0.4074074074074074,short,0.4074074074074074,0.003326497050525924
posts_high&china_streak_3d,48,0.0010010054304347056,-0.0009087867081865597,0.016924025292416118,0.4791666666666667,0.5208333333333334,long,0.4791666666666667,0.003323101839650088
exclamation_heavy&volume_drop,108,0.0006100481204134055,0.0009000158710246176,0.009634663014721613,0.5185185185185185,0.48148148148148145,long,0.5185185185185185,0.0032873068343668454
open_deal&has_uppercase_phrase,36,-0.001094713743830886,0.0007214803247834745,0.01849877715356666,0.5,0.5,short,0.5,0.003284141231492658
attack_heavy&tariff_rising,43,-0.0010192314836759459,0.00046706542716612454,0.010968195867401647,0.5116279069767442,0.4883720930232558,short,0.4883720930232558,0.0032640582260697855
exclamation_heavy&tariff_only,158,0.000456475884265059,0.0012266573647824464,0.00905120798192056,0.5569620253164557,0.4430379746835443,long,0.5569620253164557,0.0031957438900431017
pre_action,84,-0.000744499288963347,0.0012690855606179996,0.014304015852414267,0.5357142857142857,0.4642857142857143,short,0.4642857142857143,0.0031680297503356714
has_action&pre_action,84,-0.000744499288963347,0.0012690855606179996,0.014304015852414267,0.5357142857142857,0.4642857142857143,short,0.4642857142857143,0.0031680297503356714
has_attack&all_caps_heavy,26,0.0008433338608810049,0.005035404036216051,0.0167839531234001,0.7307692307692307,0.2692307692307692,long,0.7307692307692307,0.0031424361711157667
posts_low&has_exclamation,130,-0.0005964067314577343,0.0006623419702675992,0.012681717991383634,0.5384615384615384,0.46153846153846156,short,0.46153846153846156,0.0031384998395621983
has_tariff&pre_deal,89,-0.0007044529201512607,0.0017534410926667299,0.013696997202597148,0.5280898876404494,0.47191011235955055,short,0.47191011235955055,0.0031362181280834285
open_deal&deal_over_tariff,69,0.0007167691088977704,0.000674029096317641,0.017491546027302175,0.5217391304347826,0.4782608695652174,long,0.5217391304347826,0.003106398983046649
pre_action&lots_of_excl,73,-0.0007777858918197828,0.001844650716804619,0.015057221603498042,0.5342465753424658,0.4657534246575342,short,0.4657534246575342,0.0030951204037527975
has_exclamation&volume_spike,145,-0.0005804025728644232,0.001844650716804619,0.01752468869670939,0.5586206896551724,0.4413793103448276,short,0.4413793103448276,0.0030847878509997627
pre_tariff&tariff_only,64,-0.0006903709420689602,-0.0008955503679330956,0.007566146946492992,0.453125,0.546875,short,0.546875,0.003020372871551701
has_tariff&exclamation_heavy,318,0.00030416359497102723,0.001265232967412322,0.010566937345637208,0.5566037735849056,0.44339622641509435,long,0.5566037735849056,0.003019026595964609
has_relief&pre_relief,43,-0.0009879932923504782,0.0025803778241513253,0.017035322439219545,0.5348837209302325,0.46511627906976744,short,0.46511627906976744,0.0030133512916330207
pre_relief&has_exclamation,43,-0.0009879932923504782,0.0025803778241513253,0.017035322439219545,0.5348837209302325,0.46511627906976744,short,0.46511627906976744,0.0030133512916330207
pre_relief,43,-0.0009879932923504782,0.0025803778241513253,0.017035322439219545,0.5348837209302325,0.46511627906976744,short,0.46511627906976744,0.0030133512916330207
positive_heavy&open_tariff,63,0.0006627756886014324,0.0012331304686099553,0.013707149547662318,0.5714285714285714,0.42857142857142855,long,0.5714285714285714,0.0030060679663868168
has_attack&tariff_rising,84,0.0005922862017877638,0.0008930734919914141,0.010002703824152028,0.5476190476190477,0.4523809523809524,long,0.5476190476190477,0.0029726912435103473
has_iran&has_all_caps,27,-0.0017141560291994058,0.0038835325645327767,0.01757721696572397,0.6666666666666666,0.3333333333333333,short,0.3333333333333333,0.0029690053346738904
pre_relief&lots_of_excl,41,-0.0010002721654410606,0.0025803778241513253,0.01742797735793476,0.5365853658536586,0.4634146341463415,short,0.4634146341463415,0.0029681090727984587
lots_of_excl&tariff_rising,105,-0.0005686938425341377,-0.0005915849271906914,0.010997870333498146,0.49523809523809526,0.5047619047619047,short,0.5047619047619047,0.002941438320796567
open_tariff&has_night_post,62,0.0006791470656284794,0.0012034894312208388,0.013804191562159574,0.5483870967741935,0.45161290322580644,long,0.5483870967741935,0.002932559961945202
positive_heavy&open_deal,69,0.0006717101899673736,0.0012084534222334131,0.017189728936711692,0.5217391304347826,0.4782608695652174,long,0.5217391304347826,0.0029111185528425485
has_iran&pre_tariff,24,-0.001404605717253075,0.001242960410820837,0.014748990084930995,0.5833333333333334,0.4166666666666667,short,0.4166666666666667,0.00286713941422168
positive_heavy&uppercase_phrase_heavy,37,0.0007849846131106814,0.0022511200872630255,0.020105482040804028,0.5945945945945946,0.40540540540540543,long,0.5945945945945946,0.0028391148598050416
short_posts&tariff_streak_3d,24,-0.0012429619745119903,0.0010683221588968506,0.016745543865993764,0.5416666666666666,0.4583333333333333,short,0.4583333333333333,0.002790904056633592
has_exclamation&volume_drop,157,0.00043073478578613803,0.0005965973499624244,0.009119062886010889,0.5159235668789809,0.4840764331210191,long,0.5159235668789809,0.002784486644081089
pre_relief&has_night_post,41,-0.0009231028769697633,0.003109478806195609,0.01744185277915791,0.5365853658536586,0.4634146341463415,short,0.4634146341463415,0.002739124529224698
has_positive&volume_spike,136,0.0004068566835281299,0.002228029433791523,0.015401124503662999,0.5735294117647058,0.4264705882352941,long,0.5735294117647058,0.002721238477653063
posts_low&has_uppercase_phrase,25,-0.0009698736570373389,-0.0006493215119842688,0.00795653983476835,0.44,0.56,short,0.56,0.002715646239704549
exclamation_heavy&tariff_rising,114,-0.0005175866807896378,0.0004762480489980403,0.010997115643203567,0.5087719298245614,0.49122807017543857,short,0.49122807017543857,0.002714680312350933
has_china&tariff_only,54,0.0006038652169019056,0.0012498748378219071,0.010092429750145532,0.6111111111111112,0.3888888888888889,long,0.6111111111111112,0.0027117963671787213
has_night_post&tariff_rising,102,-0.0005464624751214729,0.0004762480489980403,0.011392393390697156,0.5098039215686274,0.49019607843137253,short,0.49019607843137253,0.002705392385352392
deal_heavy&tariff_rising,32,0.00071935477367795,0.002518694779526154,0.013041152889950173,0.65625,0.34375,long,0.65625,0.0026704683523696114
has_china&volume_spike,71,0.0005231829476214101,0.003558618705922445,0.016138335514839692,0.6056338028169014,0.39436619718309857,long,0.6056338028169014,0.0026698868823026053
positive_heavy&china_streak_3d,65,-0.0005641556313078944,-0.0024243487567481292,0.015301346789025368,0.4153846153846154,0.5846153846153846,short,0.5846153846153846,0.002659045971858717
has_tariff&positive_heavy,263,-0.00033975652700862335,0.0006112178561430426,0.011056299726133971,0.5247148288973384,0.4752851711026616,short,0.4752851711026616,0.0026187856194316308
positive_heavy&pre_relief,42,-0.0008888679092182082,0.0028449283151734672,0.017229262809738046,0.5476190476190477,0.4523809523809524,short,0.4523809523809524,0.0026059506252572324
pre_relief&exclamation_heavy,42,-0.0008888679092182082,0.0028449283151734672,0.017229262809738046,0.5476190476190477,0.4523809523809524,short,0.4523809523809524,0.0026059506252572324
has_positive&pre_relief,42,-0.0008888679092182082,0.0028449283151734672,0.017229262809738046,0.5476190476190477,0.4523809523809524,short,0.4523809523809524,0.0026059506252572324
has_attack&volume_spike,117,0.00042466447597182375,0.0024152654698612608,0.015647560637919854,0.5641025641025641,0.4358974358974359,long,0.5641025641025641,0.0025911761496660024
has_tariff&attack_heavy,136,0.00037626982460853763,0.0018142667459946082,0.011868789570476572,0.5882352941176471,0.4117647058823529,long,0.5882352941176471,0.0025811897020873668
has_russia&sig_potus,36,0.0007000312379674072,0.0023835241771550386,0.01355220181910079,0.6111111111111112,0.3888888888888889,long,0.6111111111111112,0.0025667812058804934
has_deal&pre_relief,24,-0.0010464340730794764,0.000994396448480317,0.020412223368001234,0.5,0.5,short,0.5,0.002563229528507
posts_high&tariff_only,68,0.0005146175241326342,0.0017282687137695207,0.01077474143822367,0.6029411764705882,0.39705882352941174,long,0.6029411764705882,0.002558668198838251
has_attack&tariff_streak_3d,48,0.000606211088042187,0.0017677157035015378,0.012411554308484386,0.6041666666666666,0.3958333333333333,long,0.6041666666666666,0.0025374719777849705
has_positive&volume_drop,129,0.00042323471805012986,0.0006028141459497594,0.008863663920026658,0.5193798449612403,0.4806201550387597,long,0.5193798449612403,0.0024966705203412353
has_positive&pre_action,79,-0.0006082017812432692,0.0019911936844021483,0.01466716192145065,0.5443037974683544,0.45569620253164556,short,0.45569620253164556,0.0024634096754344507
sig_potus&has_uppercase_phrase,30,-0.0010269741396297587,0.0025274655285904,0.013764495607519472,0.5666666666666667,0.43333333333333335,short,0.43333333333333335,0.0024374865764152757
has_deal&tariff_rising,57,-0.0007054298608401245,0.0005901930035467906,0.012192618485698923,0.543859649122807,0.45614035087719296,short,0.45614035087719296,0.002429348158438853
pre_action&has_night_post,83,-0.0005812462019033867,0.001844650716804619,0.014312023522769737,0.5421686746987951,0.4578313253012048,short,0.4578313253012048,0.0024244022505022487
has_positive&tariff_rising,117,-0.00045612665577202094,0.00048543067082995606,0.01086613931693597,0.5128205128205128,0.48717948717948717,short,0.48717948717948717,0.002403628681872827
has_exclamation&tariff_rising,117,-0.00045612665577202094,0.00048543067082995606,0.01086613931693597,0.5128205128205128,0.48717948717948717,short,0.48717948717948717,0.002403628681872827
tariff_rising,117,-0.00045612665577202094,0.00048543067082995606,0.01086613931693597,0.5128205128205128,0.48717948717948717,short,0.48717948717948717,0.002403628681872827
has_tariff&tariff_rising,117,-0.00045612665577202094,0.00048543067082995606,0.01086613931693597,0.5128205128205128,0.48717948717948717,short,0.48717948717948717,0.002403628681872827
attack_heavy&sig_potus,31,0.0007041862768687743,0.0029920056667331885,0.014893815805278892,0.6129032258064516,0.3870967741935484,long,0.6129032258064516,0.0024030361898624004
has_action&has_night_post,183,0.0003246746412854539,0.0012180804095298647,0.012825073399648307,0.5355191256830601,0.4644808743169399,long,0.5355191256830601,0.0023520627295819823
has_relief&has_china,36,0.0006091226718087866,0.0032599225357570205,0.018872008092823602,0.6388888888888888,0.3611111111111111,long,0.6388888888888888,0.0023349702419336814
posts_high&sig_potus,43,0.0005570210293590823,0.002062925390447612,0.012377007307619975,0.627906976744186,0.37209302325581395,long,0.627906976744186,0.0022935125868063086
posts_low&short_posts,128,0.0003757200708262567,0.0009333217874819555,0.013259252566312954,0.5390625,0.4609375,long,0.5390625,0.0022914400604662987
posts_low&has_positive,95,0.0004366775348819965,0.0006506548442175575,0.008541526448260095,0.5368421052631579,0.4631578947368421,long,0.5368421052631579,0.0022849106579172747
pre_action&has_exclamation,82,-0.0005564525202588874,0.0019179222006033836,0.014398304765767322,0.5487804878048781,0.45121951219512196,short,0.45121951219512196,0.0022736463370141863
has_iran&has_uppercase_phrase,55,-0.0006910924300486343,0.0017534410926667299,0.013547667058446422,0.5636363636363636,0.43636363636363634,short,0.43636363636363634,0.0022364852221832495
has_market_brag&has_iran,26,0.0007002288828977329,0.0032441913657289545,0.014468633317299813,0.6153846153846154,0.38461538461538464,long,0.6153846153846154,0.0021972189156165027
has_uppercase_phrase&volume_spike,79,-0.0005708619293935325,0.0023547073650727057,0.016420379365723835,0.569620253164557,0.43037974683544306,short,0.43037974683544306,0.0021837174895238285
has_market_brag&pre_tariff,30,-0.0008527029377250917,0.0005629918123692956,0.014347094429312972,0.5333333333333333,0.4666666666666667,short,0.4666666666666667,0.0021795416246004596
posts_high&open_deal,60,0.0006005249353725539,-0.0009087867081865597,0.018219402327709012,0.4666666666666667,0.5333333333333333,long,0.4666666666666667,0.002170768202101508
tariff_heavy&pre_deal,23,-0.0009409225910734593,0.0017534410926667299,0.017240567915181554,0.5217391304347826,0.4782608695652174,short,0.4782608695652174,0.002158155150258216
has_iran&pre_deal,40,0.0005667492018220615,0.0032122324142467296,0.013328709988141478,0.6,0.4,long,0.6,0.0021506620078081983
pre_deal&has_uppercase_phrase,66,-0.0005794525201187449,0.002232723769708733,0.01357896937043267,0.5454545454545454,0.45454545454545453,short,0.45454545454545453,0.0021397702395944433
has_tariff&pre_action,40,-0.0006686764276490509,-5.3077128180367694e-05,0.015498837023808486,0.5,0.5,short,0.5,0.0021145405290357916
has_all_caps&uppercase_phrase_heavy,38,-0.0008113517421432106,0.001425433206523441,0.020333160190000987,0.5789473684210527,0.42105263157894735,short,0.42105263157894735,0.0021058981223582656
posts_very_high&volume_spike,84,-0.00048174599422979805,0.0011823294744048862,0.017304873853224555,0.5238095238095238,0.47619047619047616,short,0.47619047619047616,0.0021025118898093417
has_deal&uppercase_phrase_heavy,27,0.0006306523938200435,0.0038835325645327767,0.021625082093302776,0.6296296296296297,0.37037037037037035,long,0.6296296296296297,0.002063274866243476
has_china&tariff_rising,50,0.0005203446726199523,0.0015292827270361187,0.01174975174830975,0.56,0.44,long,0.56,0.0020604597807576293
deal_only&volume_drop,23,0.0008226008702173782,0.0015433105703033245,0.012746421709459006,0.5217391304347826,0.4782608695652174,long,0.5217391304347826,0.002058289661474597
deal_over_tariff&volume_drop,23,0.0008226008702173782,0.0015433105703033245,0.012746421709459006,0.5217391304347826,0.4782608695652174,long,0.5217391304347826,0.002058289661474597
positive_heavy&tariff_only,124,-0.0003734590425381207,0.0004996278682557476,0.009317137109830882,0.5080645161290323,0.49193548387096775,short,0.49193548387096775,0.0020457943359555248
posts_high&volume_spike,114,0.0003352163574074835,0.002228029433791523,0.015592750869361495,0.5614035087719298,0.43859649122807015,long,0.5614035087719298,0.0020093368586108613
tariff_heavy&has_night_post,54,-0.0005669942009560992,0.0009111213690743414,0.011941696034302897,0.5185185185185185,0.48148148148148145,short,0.48148148148148145,0.002006111581441513
tariff_rising&volume_spike,22,-0.0009384048734985147,0.0008406923256329968,0.013827729270419004,0.5454545454545454,0.45454545454545453,short,0.45454545454545453,0.0020006859126147935
attack_heavy&uppercase_phrase_heavy,34,-0.0007770501129605409,0.0005425884983069063,0.01699320998781844,0.5588235294117647,0.4411764705882353,short,0.4411764705882353,0.0019989449243633917
has_deal&has_iran,77,0.0003726838915865217,0.0028783596425328017,0.012636204909740564,0.6103896103896104,0.38961038961038963,long,0.6103896103896104,0.0019961497427537977
has_relief&pre_deal,30,0.0006830593546464388,0.00249144998656059,0.02171010082273678,0.5333333333333333,0.4666666666666667,long,0.5333333333333333,0.0019953440888254704
has_action&has_exclamation,186,0.0002664375999295611,0.0012394840598969337,0.013002512771660004,0.5376344086021505,0.46236559139784944,long,0.5376344086021505,0.0019536152681441828
posts_high&tariff_rising,56,-0.0005657315384832876,0.0008628953253005944,0.012126124182021554,0.5535714285714286,0.44642857142857145,short,0.44642857142857145,0.0018899764195508743
deal_heavy&has_iran,44,0.0004611417976849744,0.003997367250116346,0.014774349466878159,0.6136363636363636,0.38636363636363635,long,0.6136363636363636,0.0018770330267235498
posts_very_high&pre_action,42,0.0004474323878957409,0.004701461911585603,0.01757745964293229,0.6428571428571429,0.35714285714285715,long,0.6428571428571429,0.0018640885410139763
has_attack&open_deal,70,0.0004565861597654391,-0.0005834077055599796,0.01703085901696518,0.4857142857142857,0.5142857142857142,long,0.4857142857142857,0.001855464458644442
has_deal&open_tariff,39,0.000521910496164591,0.0011959539804360375,0.015283580159573679,0.5641025641025641,0.4358974358974359,long,0.5641025641025641,0.0018385964124513251
pre_deal&has_all_caps,45,0.00043892501897238036,0.0026060235942590992,0.012799992558720464,0.6222222222222222,0.37777777777777777,long,0.6222222222222222,0.0018320702016355714
lots_of_excl&volume_spike,129,0.0002828702386207447,0.001844650716804619,0.015600209472151464,0.5658914728682171,0.43410852713178294,long,0.5658914728682171,0.0018180895131531152
has_china&pre_deal,82,0.00035730757067804867,0.0024801723260670094,0.013811462314375517,0.5609756097560976,0.43902439024390244,long,0.5609756097560976,0.0018150689341713585
tariff_heavy&attack_heavy,32,0.0005299141134921873,0.0017990459047356744,0.014211470289145454,0.59375,0.40625,long,0.59375,0.0017798528497097212
has_action&uppercase_phrase_heavy,26,-0.000755485213861527,0.0013682753790464908,0.022515924869645827,0.5384615384615384,0.46153846153846156,short,0.46153846153846156,0.001777954083558805
has_exclamation&tariff_streak_3d,68,-0.0004717675954917723,0.000894643863963207,0.012034388748912574,0.5441176470588235,0.45588235294117646,short,0.45588235294117646,0.001773516953989516
sig_potus&short_posts,30,-0.0008071175752598821,0.0025274655285904,0.014284140490089182,0.6,0.4,short,0.4,0.0017683060101148442
has_action&positive_heavy,150,0.0002604460503892862,0.0012618371142617546,0.013575717969371005,0.5466666666666666,0.4533333333333333,long,0.5466666666666666,0.0017437571392036556
tariff_heavy&open_tariff,24,-0.0007721591126252925,0.0009090863555445416,0.015200887263453632,0.5416666666666666,0.4583333333333333,short,0.4583333333333333,0.00173377950732453
attack_heavy&tariff_only,51,0.0003747490987465849,0.0018005348346763483,0.011303697016886756,0.6470588235294118,0.35294117647058826,long,0.6470588235294118,0.0017316872082915535
posts_very_high&sig_potus,30,0.0005268821861356577,0.003257660466594703,0.01420352104360406,0.6,0.4,long,0.6,0.0017315115509648124
sig_potus&has_all_caps,20,-0.0010983171561178562,0.003257660466594703,0.015749202581041705,0.65,0.35,short,0.35,0.001719138275353643
pre_deal&open_deal,29,0.0006048983331384471,0.000567644717596183,0.020952363605074527,0.5172413793103449,0.4827586206896552,long,0.5172413793103449,0.0016849020080231837
has_iran&short_posts,46,-0.0006011948416915527,0.0035780641374428823,0.013802427292864761,0.5869565217391305,0.41304347826086957,short,0.41304347826086957,0.0016841855262954887
pre_tariff&has_all_caps,33,-0.0008055822425458588,0.002476828659973007,0.014664320300360311,0.6363636363636364,0.36363636363636365,short,0.36363636363636365,0.0016828064215430106
posts_very_high&open_deal,43,0.0005794265882604615,-0.0011976086754924564,0.020476418767700608,0.4418604651162791,0.5581395348837209,long,0.4418604651162791,0.0016788728001259638
has_tariff&lots_of_excl,302,0.00017252817185806418,0.0012307957310835338,0.0107996920616826,0.5529801324503312,0.4470198675496689,long,0.5529801324503312,0.0016579560740111097
attack_heavy&open_tariff,36,0.0004721535279194395,0.0019111018539067492,0.01543800831118648,0.5833333333333334,0.4166666666666667,long,0.5833333333333334,0.0016525373477180385
has_china&volume_drop,29,0.0006349904818779571,-0.00240283254051743,0.011701404114718414,0.4827586206896552,0.5172413793103449,long,0.4827586206896552,0.0016508068118015091
posts_high&pre_tariff,81,-0.0004352607299050477,0.0017534410926667299,0.012173393025811727,0.5802469135802469,0.41975308641975306,short,0.41975308641975306,0.0016443183129746244
has_tariff&volume_drop,22,-0.0006994952353807497,0.00030985983822401364,0.007258675993476376,0.5,0.5,short,0.5,0.001640461737975634
high_emotion&short_posts,64,0.0003940873556756326,0.001214002257833302,0.012437292756804701,0.515625,0.484375,long,0.515625,0.0016256103421619845
exclamation_heavy&china_streak_3d,74,-0.0003304843879827003,-0.0014935181275029796,0.014850150968896176,0.43243243243243246,0.5675675675675675,short,0.5675675675675675,0.0016135572492767764
short_posts&tariff_rising,38,-0.0005231903984854648,-6.225975001228345e-05,0.010132073434091856,0.5,0.5,short,0.5,0.0016125811093213587
has_action&volume_spike,59,-0.0004942762421350781,0.002040793397721785,0.016939384661962868,0.576271186440678,0.423728813559322,short,0.423728813559322,0.0016087321421814956
posts_high&has_iran,77,0.0003163680578928519,0.0017534410926667299,0.011841668852629121,0.5714285714285714,0.42857142857142855,long,0.5714285714285714,0.0015863533950389627
sig_potus&exclamation_heavy,60,0.0003493346011818684,0.0015644745706333563,0.011779059035527346,0.5833333333333334,0.4166666666666667,long,0.5833333333333334,0.001578461608069951
has_market_brag&tariff_only,34,0.00043703355445481385,0.001516386716327811,0.01149143042407216,0.6176470588235294,0.38235294117647056,long,0.6176470588235294,0.0015739633612248457
deal_heavy&open_deal,49,0.000453025890153364,-0.000619964740880663,0.01934127962581169,0.4897959183673469,0.5102040816326531,long,0.4897959183673469,0.0015532316233829624
has_tariff,329,0.0001554140050681667,0.0012284609935571122,0.010563043284668564,0.547112462006079,0.45288753799392095,long,0.547112462006079,0.001542285262398315
has_tariff&has_exclamation,329,0.0001554140050681667,0.0012284609935571122,0.010563043284668564,0.547112462006079,0.45288753799392095,long,0.547112462006079,0.001542285262398315
tariff_streak_3d,69,-0.00041226482529239597,0.0011959539804360375,0.011955794030565126,0.5507246376811594,0.4492753623188406,short,0.4492753623188406,0.0015385564333925013
posts_high&all_caps_heavy,27,0.0004179659644210323,0.004111201935699915,0.01676155393868726,0.7037037037037037,0.2962962962962963,long,0.7037037037037037,0.001528314159780369
uppercase_phrase_heavy&exclamation_heavy,46,-0.0004898489685890886,0.0005425884983069063,0.01903359016422661,0.5434782608695652,0.45652173913043476,short,0.45652173913043476,0.0015167100931339134
uppercase_phrase_heavy&lots_of_excl,46,-0.0004898489685890886,0.0005425884983069063,0.01903359016422661,0.5434782608695652,0.45652173913043476,short,0.45652173913043476,0.0015167100931339134
has_uppercase_phrase&uppercase_phrase_heavy,46,-0.0004898489685890886,0.0005425884983069063,0.01903359016422661,0.5434782608695652,0.45652173913043476,short,0.45652173913043476,0.0015167100931339134
uppercase_phrase_heavy&has_exclamation,46,-0.0004898489685890886,0.0005425884983069063,0.01903359016422661,0.5434782608695652,0.45652173913043476,short,0.45652173913043476,0.0015167100931339134
has_night_post&uppercase_phrase_heavy,46,-0.0004898489685890886,0.0005425884983069063,0.01903359016422661,0.5434782608695652,0.45652173913043476,short,0.45652173913043476,0.0015167100931339134
uppercase_phrase_heavy,46,-0.0004898489685890886,0.0005425884983069063,0.01903359016422661,0.5434782608695652,0.45652173913043476,short,0.45652173913043476,0.0015167100931339134
has_positive&uppercase_phrase_heavy,46,-0.0004898489685890886,0.0005425884983069063,0.01903359016422661,0.5434782608695652,0.45652173913043476,short,0.45652173913043476,0.0015167100931339134
attack_heavy&all_caps_heavy,25,0.0004112729063319254,0.004111201935699915,0.016981837389206063,0.72,0.28,long,0.72,0.001480582462794931
has_action&has_positive,181,0.00020526879309842703,0.0012608877102640026,0.013154676924764753,0.5359116022099447,0.46408839779005523,long,0.5359116022099447,0.0014799783954776307
has_tariff&has_uppercase_phrase,117,-0.0003261001600150692,0.0017534410926667299,0.011593966013539866,0.5811965811965812,0.4188034188034188,short,0.4188034188034188,0.0014772505524537397
has_action&short_posts,104,0.00024313040045977492,0.002333192778562143,0.014458465791414767,0.5865384615384616,0.41346153846153844,long,0.5865384615384616,0.0014542947314194854
tariff_heavy&deal_heavy,28,-0.0005895018252257371,0.0009333939256658264,0.016040990678421307,0.5357142857142857,0.4642857142857143,short,0.4642857142857143,0.0014482698536112514
tariff_heavy&has_uppercase_phrase,28,-0.0006351742119093435,0.000922174162376499,0.014068591063428724,0.5714285714285714,0.42857142857142855,short,0.42857142857142855,0.0014404397176401977
posts_high&uppercase_phrase_heavy,42,-0.0004649580311233626,0.0004762480489980403,0.018780912101053142,0.5238095238095238,0.47619047619047616,short,0.47619047619047616,0.001434891635882269
has_action&exclamation_heavy,180,0.00020242030705263771,0.0009092491356083032,0.013046304481243042,0.5277777777777778,0.4722222222222222,long,0.5277777777777778,0.001433314294220914
has_tariff&volume_spike,80,-0.0003642973196799071,0.0017990459047356744,0.01379533702899481,0.5625,0.4375,short,0.4375,0.0014255387489441774
open_deal&has_exclamation,82,0.00031259981858206,1.0397023678443418e-05,0.016360584570042108,0.5,0.5,long,0.5,0.0014153558756862194
open_deal,82,0.00031259981858206,1.0397023678443418e-05,0.016360584570042108,0.5,0.5,long,0.5,0.0014153558756862194
has_deal&open_deal,82,0.00031259981858206,1.0397023678443418e-05,0.016360584570042108,0.5,0.5,long,0.5,0.0014153558756862194
has_tariff&has_positive,325,0.00014230470738471826,0.0012284609935571122,0.010625661586911275,0.5446153846153846,0.4553846153846154,long,0.5446153846153846,0.0013971751492483633
posts_very_high&all_caps_heavy,23,0.00037982999924710356,0.005959606136732187,0.017962271924162516,0.7391304347826086,0.2608695652173913,long,0.7391304347826086,0.0013464005054832518
lots_of_excl&china_streak_3d,71,-0.00028347249702456603,-0.0012080309368781572,0.014547279096940454,0.43661971830985913,0.5633802816901409,short,0.5633802816901409,0.0013456798402846667
exclamation_heavy&volume_spike,129,0.00020833420593183657,0.001844650716804619,0.015562114166541845,0.5658914728682171,0.43410852713178294,long,0.5658914728682171,0.001339024695148597
has_china&pre_action,45,-0.00047144698561775786,0.0038835325645327767,0.01601160506218114,0.5777777777777777,0.4222222222222222,short,0.4222222222222222,0.0013353041763296517
tariff_heavy&has_market_brag,26,-0.0006178560808887764,0.000922174162376499,0.014893628022300574,0.5769230769230769,0.4230769230769231,short,0.4230769230769231,0.0013328870132108524
open_deal&lots_of_excl,76,0.0003009372957520906,1.0397023678443418e-05,0.016939086684412793,0.5,0.5,long,0.5,0.0013117552605257752
has_action,188,0.00017366255305960635,0.0011715291381575454,0.012977930530506434,0.5319148936170213,0.46808510638297873,long,0.5319148936170213,0.0012665643412771072
has_tariff&has_night_post,289,0.00013276275160032449,0.0012555699951886101,0.010768137091638798,0.5467128027681661,0.4532871972318339,long,0.5467128027681661,0.0012339126325206628
lots_of_excl&volume_drop,81,0.00026650306501564946,0.0005091403541030992,0.009881113533524362,0.5061728395061729,0.49382716049382713,long,0.5061728395061729,0.0012140695184046253
has_russia&uppercase_phrase_heavy,25,-0.0005038282550722117,0.00048543067082995606,0.0185111997261582,0.52,0.48,short,0.48,0.001209187812173308
tariff_heavy&has_china,33,-0.0004928819868544674,0.0012555699951886101,0.014871666123318692,0.5757575757575758,0.42424242424242425,short,0.42424242424242425,0.0012011963730817789
pre_relief&deal_over_tariff,20,0.0004470659675092969,0.005162593685043015,0.021985239794396785,0.6,0.4,long,0.6,0.0011996038725330003
has_iran&deal_over_tariff,57,-0.00040544755718683597,0.0028783596425328017,0.013552255031720929,0.6140350877192983,0.38596491228070173,short,0.38596491228070173,0.0011814624988912767
has_uppercase_phrase&tariff_rising,37,-0.0004788944652559584,0.0012331304686099553,0.011853561644881123,0.5945945945945946,0.40540540540540543,short,0.40540540540540543,0.0011809464767133025
open_deal&has_night_post,74,0.00027445170495792975,1.0397023678443418e-05,0.017068954499522757,0.5,0.5,long,0.5,0.0011804614180712636
tariff_only,166,0.00016588180207985728,0.0009452641952618634,0.00922286573860021,0.5421686746987951,0.4578313253012048,long,0.5421686746987951,0.0011587432310045556
has_exclamation&tariff_only,166,0.00016588180207985728,0.0009452641952618634,0.00922286573860021,0.5421686746987951,0.4578313253012048,long,0.5421686746987951,0.0011587432310045556
has_tariff&tariff_only,166,0.00016588180207985728,0.0009452641952618634,0.00922286573860021,0.5421686746987951,0.4578313253012048,long,0.5421686746987951,0.0011587432310045556
has_night_post&tariff_streak_3d,58,0.00025030372756444316,0.0017729121581404605,0.012701390540524663,0.603448275862069,0.39655172413793105,long,0.603448275862069,0.0011503271359292594
posts_very_high&uppercase_phrase_heavy,37,-0.0003887017571362999,0.00048543067082995606,0.019862817237418076,0.5405405405405406,0.4594594594594595,short,0.4594594594594595,0.0010863369790293509
has_positive&tariff_streak_3d,64,-0.00028833145328547097,0.000894643863963207,0.01204693451652951,0.546875,0.453125,short,0.453125,0.0010452015181598323
tariff_heavy&tariff_rising,27,0.0003315997860473006,0.0012331304686099553,0.00902390709061236,0.5925925925925926,0.4074074074074074,long,0.5925925925925926,0.001021062537267367
all_caps_heavy&has_uppercase_phrase,27,-0.0006630400204017765,0.004111201935699915,0.018074038471638826,0.7037037037037037,0.2962962962962963,short,0.2962962962962963,0.0010208168913665616
has_tariff&has_deal,163,0.00014475354921577018,0.0018029954588836272,0.011801444356403411,0.5521472392638037,0.44785276073619634,long,0.5521472392638037,0.0010204175708648827
all_caps_heavy&exclamation_heavy,29,-0.0006068113514951263,0.004111201935699915,0.017486862924955753,0.6896551724137931,0.3103448275862069,short,0.3103448275862069,0.0010141383521300523
all_caps_heavy&lots_of_excl,29,-0.0006068113514951263,0.004111201935699915,0.017486862924955753,0.6896551724137931,0.3103448275862069,short,0.3103448275862069,0.0010141383521300523
all_caps_heavy,29,-0.0006068113514951263,0.004111201935699915,0.017486862924955753,0.6896551724137931,0.3103448275862069,short,0.3103448275862069,0.0010141383521300523
has_night_post&all_caps_heavy,29,-0.0006068113514951263,0.004111201935699915,0.017486862924955753,0.6896551724137931,0.3103448275862069,short,0.3103448275862069,0.0010141383521300523
all_caps_heavy&has_exclamation,29,-0.0006068113514951263,0.004111201935699915,0.017486862924955753,0.6896551724137931,0.3103448275862069,short,0.3103448275862069,0.0010141383521300523
has_all_caps&all_caps_heavy,29,-0.0006068113514951263,0.004111201935699915,0.017486862924955753,0.6896551724137931,0.3103448275862069,short,0.3103448275862069,0.0010141383521300523
has_positive&all_caps_heavy,29,-0.0006068113514951263,0.004111201935699915,0.017486862924955753,0.6896551724137931,0.3103448275862069,short,0.3103448275862069,0.0010141383521300523
lots_of_excl&tariff_streak_3d,61,-0.0002900917199205854,0.0011959539804360375,0.012219715975122496,0.5573770491803278,0.4426229508196721,short,0.4426229508196721,0.0010028458452509806
short_posts&tariff_only,78,0.00019576768778531073,0.0019315942004345388,0.01003866787300116,0.5769230769230769,0.4230769230769231,long,0.5769230769230769,0.0009974846560810357
has_positive&open_deal,80,0.000219677907722228,1.0397023678443418e-05,0.016516654760596612,0.5,0.5,long,0.5,0.0009824294696436557
posts_high&tariff_heavy,44,0.00024849660039358035,0.0015141685161513818,0.013082321864479156,0.5909090909090909,0.4090909090909091,long,0.5909090909090909,0.0009740190733997313
posts_very_high&has_iran,53,0.00023603188346515457,0.0014157440298172563,0.013296587477543993,0.5660377358490566,0.4339622641509434,long,0.5660377358490566,0.0009726441786793463
has_positive&sig_potus,59,0.00022597391652804256,0.0012713223160183418,0.01161586368856785,0.559322033898305,0.4406779661016949,long,0.559322033898305,0.0009708368373942959
has_positive&tariff_only,162,0.00013984074924606725,0.0009210886887104364,0.009331278232338126,0.5370370370370371,0.46296296296296297,long,0.5370370370370371,0.0009558626400883168
has_action&sig_potus,20,0.00034785809480662456,0.0036226714780577263,0.016825544665849415,0.6,0.4,long,0.6,0.0009334012158134149
volume_spike,168,-0.00016554792589476366,0.002028982150397818,0.016952470925916154,0.5654761904761905,0.43452380952380953,short,0.43452380952380953,0.0009323778833865934
tariff_heavy&lots_of_excl,56,0.00022470098845234012,0.0009111213690743414,0.011772865984958815,0.5535714285714286,0.44642857142857145,long,0.5535714285714286,0.0009308349111071872
has_action&has_uppercase_phrase,90,-0.000207072601813406,0.0016517899579906459,0.01527670233832098,0.5444444444444444,0.45555555555555555,short,0.45555555555555555,0.0008949221190882173
attack_heavy&china_streak_3d,34,0.00032353055071525767,-0.0009087867081865597,0.009232472493340258,0.47058823529411764,0.5294117647058824,long,0.47058823529411764,0.0008877605071686943
deal_heavy&open_tariff,23,0.0003529645418150412,0.001999808704666206,0.017245107247598486,0.5217391304347826,0.4782608695652174,long,0.5217391304347826,0.000883178335433846
tariff_heavy&has_deal,39,0.0002505425690645949,0.0017534410926667299,0.013708290942880372,0.5641025641025641,0.4358974358974359,long,0.5641025641025641,0.0008826162187457366
tariff_only&tariff_rising,60,-0.0002192886109573226,-0.0006051260962284255,0.00953548319794785,0.48333333333333334,0.5166666666666667,short,0.5166666666666667,0.0008776111761923567
all_caps_heavy&short_posts,26,-0.0006360599715443287,0.005035404036216051,0.018266160415143687,0.7307692307692307,0.2692307692307692,short,0.2692307692307692,0.0008731913633476394
has_action&tariff_rising,27,0.0003230267214995884,0.00048543067082995606,0.0142267379656326,0.5185185185185185,0.48148148148148145,long,0.5185185185185185,0.0008703313015284049
sig_potus&has_exclamation,62,0.00019455705150530205,0.001343533172917799,0.01161587162155288,0.5645161290322581,0.43548387096774194,long,0.5645161290322581,0.0008648069587484589
sig_potus,62,0.00019455705150530205,0.001343533172917799,0.01161587162155288,0.5645161290322581,0.43548387096774194,long,0.5645161290322581,0.0008648069587484589
tariff_heavy&positive_heavy,49,-0.00027170520254039566,0.0012110248820056402,0.012572163066374858,0.5510204081632653,0.4489795918367347,short,0.4489795918367347,0.0008539306365555292
posts_very_high&tariff_heavy,28,0.0002792259481122534,0.0015141685161513818,0.01502737463277778,0.5714285714285714,0.42857142857142855,long,0.5714285714285714,0.0008442999066299975
has_china&has_uppercase_phrase,127,0.0001247143037141732,0.002062925390447612,0.014468287699151547,0.5905511811023622,0.4094488188976378,long,0.5905511811023622,0.0008299953691355233
has_tariff&has_action,83,-0.00018662136772532067,0.00048543067082995606,0.013547158379651848,0.5180722891566265,0.4819277108433735,short,0.4819277108433735,0.0008193742530653482
has_all_caps&volume_spike,48,0.00018093842877286068,0.004465190846345779,0.017737264511290447,0.6458333333333334,0.3541666666666667,long,0.6458333333333334,0.0008096025918303825
has_night_post&tariff_only,138,0.00013027173773535894,0.0009452641952618634,0.00922797716565876,0.5289855072463768,0.47101449275362317,long,0.5289855072463768,0.0008095310728997609
has_deal&sig_potus,24,0.0002683977542879967,0.001888065250948534,0.015627105785086068,0.5833333333333334,0.4166666666666667,long,0.5833333333333334,0.0007670104704669024
lots_of_excl&tariff_only,148,0.0001141419170732252,0.0006553280019666596,0.009528248618099533,0.5405405405405406,0.4594594594594595,long,0.5405405405405406,0.0007505926230372118
posts_high&pre_action,59,0.00016780471555265312,0.0024152654698612608,0.015362149248833546,0.576271186440678,0.423728813559322,long,0.576271186440678,0.0007427746479583922
open_deal&exclamation_heavy,80,0.00016582395436043202,-0.0005834077055599796,0.016520413351832557,0.4875,0.5125,long,0.4875,0.0007230475867831099
has_night_post&china_streak_3d,74,0.0001860131463366109,-0.0009220432745842277,0.01462892870471645,0.44594594594594594,0.5540540540540541,long,0.44594594594594594,0.0007135784382190047
positive_heavy&volume_spike,123,0.00011244271174486165,0.0018282568487855144,0.015906327539705015,0.5528455284552846,0.44715447154471544,long,0.5528455284552846,0.0006894260159760327
has_iran&deal_only,43,0.0001497542921274082,0.0025578225031641644,0.011216939992481759,0.627906976744186,0.37209302325581395,long,0.627906976744186,0.0006166075171662264
has_tariff&deal_over_tariff,62,-0.00016093600149649868,0.0024157489557071754,0.014697696591539916,0.5483870967741935,0.45161290322580644,short,0.45161290322580644,0.000572288993610829
has_action&has_iran,35,0.00015783630941004211,0.0038835325645327767,0.015182228743335708,0.6,0.4,long,0.6,0.0005602633194838834
high_emotion&has_exclamation,42,0.00016322667599773707,0.0007325035243726519,0.012327788759756151,0.5,0.5,long,0.5,0.0005289148811021841
has_positive&china_streak_3d,77,-0.00010303418998402026,-0.0011976086754924564,0.014613220655399163,0.44155844155844154,0.5584415584415584,short,0.5584415584415584,0.0005048989344821245
has_relief&has_market_brag,22,-0.0003269853610086087,0.003968493671385298,0.017803444929544554,0.6818181818181818,0.3181818181818182,short,0.3181818181818182,0.0004879945924338329
has_tariff&tariff_heavy,57,-0.0001379662745267523,0.0006112178561430426,0.011984257875123328,0.543859649122807,0.45614035087719296,short,0.45614035087719296,0.0004751260664654455
tariff_heavy&exclamation_heavy,57,-0.0001379662745267523,0.0006112178561430426,0.011984257875123328,0.543859649122807,0.45614035087719296,short,0.45614035087719296,0.0004751260664654455
tariff_heavy&has_exclamation,57,-0.0001379662745267523,0.0006112178561430426,0.011984257875123328,0.543859649122807,0.45614035087719296,short,0.45614035087719296,0.0004751260664654455
tariff_heavy,57,-0.0001379662745267523,0.0006112178561430426,0.011984257875123328,0.543859649122807,0.45614035087719296,short,0.45614035087719296,0.0004751260664654455
has_china&uppercase_phrase_heavy,34,-0.00020147434744227318,0.0033382344667710617,0.01941899727152906,0.6176470588235294,0.38235294117647056,short,0.38235294117647056,0.00044918335187518125
pre_deal&sig_potus,20,-0.0002470235113301744,0.001888065250948534,0.016548402442068802,0.6,0.4,short,0.4,0.0004418890906999676
has_china&sig_potus,28,-0.00020754618259081442,0.001888065250948534,0.014562176748580189,0.6071428571428571,0.39285714285714285,short,0.39285714285714285,0.00043144795940407713
positive_heavy&sig_potus,51,-0.00013901616659818674,0.0014157440298172563,0.011572382485422852,0.5686274509803921,0.43137254901960786,short,0.43137254901960786,0.00042825545277979364
has_tariff&uppercase_phrase_heavy,25,-0.0002641087520437413,0.0038835325645327767,0.019319447974871635,0.68,0.32,short,0.32,0.0004225740032699861
high_emotion&has_uppercase_phrase,21,0.00016878803229952456,0.002051960735528935,0.011726126028214578,0.5238095238095238,0.47619047619047616,long,0.5238095238095238,0.00040515825136035465
tariff_heavy&has_positive,56,-0.00011946732632959835,0.0009111213690743414,0.012091893696339107,0.5535714285714286,0.44642857142857145,short,0.44642857142857145,0.0003991123250350667
has_night_post&sig_potus,60,8.285061805120564e-05,0.001343533172917799,0.011698508485599265,0.5666666666666667,0.43333333333333335,long,0.5666666666666667,0.0003636629391266858
has_deal&volume_drop,29,-0.00012382840816258436,-0.0006857609727091152,0.011705745881481922,0.4827586206896552,0.5172413793103449,short,0.5172413793103449,0.0003449153719451567
has_action&open_deal,28,-0.00013460507366229644,0.0026204912779485,0.019087446898485072,0.5357142857142857,0.4642857142857143,short,0.4642857142857143,0.00033069358225239757
posts_low&has_night_post,99,-7.240300570725936e-05,0.0012959866440354073,0.01418177017020226,0.5858585858585859,0.41414141414141414,short,0.41414141414141414,0.0002983478105643193
attack_heavy&tariff_streak_3d,20,-0.00014193086322730197,0.0011576503016359485,0.01746730985389015,0.55,0.45,short,0.45,0.0002856303524533252
has_action&has_market_brag,41,7.540828510317452e-05,0.001844650716804619,0.01505064760205401,0.5853658536585366,0.4146341463414634,long,0.5853658536585366,0.0002826430934911511
sig_potus&lots_of_excl,56,6.272113849355363e-05,0.0015644745706333563,0.011283279065069514,0.5892857142857143,0.4107142857142857,long,0.5892857142857143,0.00027658833457114713
has_attack&uppercase_phrase_heavy,41,7.000463533634337e-05,0.0005997463257838564,0.01889595205802996,0.5609756097560976,0.43902439024390244,long,0.5609756097560976,0.0002514564067526861
has_uppercase_phrase&volume_drop,30,7.33441023248386e-05,0.003091110235737937,0.01151893078268903,0.6,0.4,long,0.6,0.00024103331581968722
posts_high&tariff_streak_3d,28,6.6196941830616e-05,0.0014909032553548363,0.017267377142050646,0.6071428571428571,0.39285714285714285,long,0.6071428571428571,0.00021267078398756555
exclamation_heavy&tariff_streak_3d,64,-5.046945102802139e-05,0.0012034894312208388,0.012040180886155417,0.5625,0.4375,short,0.4375,0.00017664307859807486
has_tariff&deal_heavy,86,2.8984087976465247e-05,0.001888462603904184,0.013619007248924696,0.5581395348837209,0.4418604651162791,long,0.5581395348837209,0.0001500208600931848
positive_heavy&tariff_streak_3d,50,3.550960581818252e-05,0.0014909032553548363,0.013176400090852063,0.58,0.42,long,0.58,0.00014563268181352922
uppercase_phrase_heavy&deal_over_tariff,21,5.536482397565445e-05,0.0038835325645327767,0.024022435127440574,0.5714285714285714,0.42857142857142855,long,0.5714285714285714,0.0001449791409750528
tariff_heavy&volume_spike,23,4.6303441401373135e-05,0.001844650716804619,0.01642717013774405,0.6086956521739131,0.391304347826087,long,0.6086956521739131,0.00013516908933686783
positive_heavy&volume_drop,54,2.152438391300337e-05,0.0010640315600802808,0.00861137369142921,0.5185185185185185,0.48148148148148145,long,0.5185185185185185,8.201473406720067e-05
deal_heavy&pre_action,27,3.0058761016512654e-05,0.0006711108179473513,0.018353863571865216,0.5185185185185185,0.48148148148148145,long,0.5185185185185185,8.098735756715431e-05
high_emotion&volume_spike,22,-3.0860226766859054e-05,0.0006307707077144453,0.014689598702573888,0.5,0.5,short,0.5,7.237364698950027e-05
has_russia&china_streak_3d,28,-1.1494141825635351e-05,0.0007808072860795989,0.015238928886930113,0.5,0.5,short,0.5,3.0410640804737078e-05
china_streak_3d,80,-3.580448453291418e-07,-0.0009220432745842277,0.014362588470158267,0.45,0.55,short,0.55,1.7613477489285903e-06
has_exclamation&china_streak_3d,80,-3.580448453291418e-07,-0.0009220432745842277,0.014362588470158267,0.45,0.55,short,0.55,1.7613477489285903e-06
