event,n,mean_ret,median_ret,std,hit_up,hit_down,direction,directional_hit,score
deal_heavy&deal_only,87,0.024540617618813966,0.023728816487924353,0.04834842003581056,0.7011494252873564,0.28735632183908044,long,0.7011494252873564,0.16049285294692933
deal_heavy&deal_over_tariff,131,0.020044540654768444,0.017037797284971123,0.04445386678249458,0.6946564885496184,0.2900763358778626,long,0.6946564885496184,0.15936826800420242
deal_heavy&has_attack,117,0.01931877997427271,0.014563148296276918,0.04475929150886008,0.7008547008547008,0.29914529914529914,long,0.7008547008547008,0.14645379091500169
short_posts,524,0.010304116590472952,0.011447805436562986,0.050916360990796626,0.6087786259541985,0.3816793893129771,long,0.6087786259541985,0.14359383802320214
posts_high&deal_only,154,0.017944552638693153,0.0130267421144169,0.05201451472265527,0.6363636363636364,0.35714285714285715,long,0.6363636363636364,0.14170929943512753
has_action,186,0.015312717114985988,0.015743914257452807,0.042940458584697104,0.6774193548387096,0.3064516129032258,long,0.6774193548387096,0.14147064464720008
posts_high&deal_over_tariff,192,0.01582989658456282,0.011219893589787477,0.04902201765780591,0.640625,0.3541666666666667,long,0.640625,0.14051819896049722
deal_heavy,145,0.01716081492579954,0.01418446896831016,0.044177407510108575,0.6758620689655173,0.3103448275862069,long,0.6758620689655173,0.1396625547990361
deal_heavy&has_exclamation,145,0.01716081492579954,0.01418446896831016,0.044177407510108575,0.6758620689655173,0.3103448275862069,long,0.6758620689655173,0.1396625547990361
has_deal&deal_heavy,145,0.01716081492579954,0.01418446896831016,0.044177407510108575,0.6758620689655173,0.3103448275862069,long,0.6758620689655173,0.1396625547990361
has_action&has_exclamation,185,0.015020276031253417,0.0153847125705171,0.04287085936619905,0.6756756756756757,0.3081081081081081,long,0.6756756756756757,0.13803908207578325
deal_heavy&positive_heavy,127,0.018007600181213168,0.014563148296276918,0.045420817478036356,0.6771653543307087,0.31496062992125984,long,0.6771653543307087,0.13742078666195573
deal_heavy&exclamation_heavy,143,0.017082910474297518,0.01418446896831016,0.04442564465820053,0.6713286713286714,0.3146853146853147,long,0.6713286713286714,0.13714029496125832
has_action&has_attack,150,0.016161150806253567,0.01534542930398397,0.04407806647436958,0.6866666666666666,0.3,long,0.6866666666666666,0.13591390108478302
has_action&has_positive,181,0.01488302775633916,0.01530614603745084,0.043239027016696165,0.6740331491712708,0.30939226519337015,long,0.6740331491712708,0.13496210239859616
has_attack&has_exclamation,604,0.008961631745104845,0.010394032535226971,0.04327421797103922,0.6125827814569537,0.37748344370860926,long,0.6125827814569537,0.13491814098958602
has_attack,604,0.008961631745104845,0.010394032535226971,0.04327421797103922,0.6125827814569537,0.37748344370860926,long,0.6125827814569537,0.13491814098958602
has_attack&has_positive,584,0.009088705979642895,0.010650178435608781,0.043541471742489256,0.613013698630137,0.3767123287671233,long,0.613013698630137,0.13464141193465146
deal_heavy&short_posts,62,0.025763374504697095,0.017004704497842305,0.05244063151480083,0.6612903225806451,0.3225806451612903,long,0.6612903225806451,0.13415002519605004
deal_heavy&lots_of_excl,139,0.01700493143107027,0.013440714960731182,0.044977762314055224,0.6690647482014388,0.3237410071942446,long,0.6690647482014388,0.1341375696851473
posts_high&positive_heavy,361,0.011317495059270849,0.011553398953642935,0.04680420889611983,0.6204986149584487,0.37119113573407203,long,0.6204986149584487,0.13342731017245632
has_action&deal_only,70,0.0218692669464573,0.016570456614679818,0.050362447976829684,0.7285714285714285,0.2571428571428571,long,0.7285714285714285,0.13330774494984157
has_action&has_night_post,181,0.014692256802827352,0.015209318653673254,0.043270796732133424,0.6685082872928176,0.3149171270718232,long,0.6685082872928176,0.13214008856809029
has_action&exclamation_heavy,179,0.014711169045353136,0.01530614603745084,0.043340051692560534,0.6703910614525139,0.3128491620111732,long,0.6703910614525139,0.13194772799883514
has_action&deal_over_tariff,86,0.02002333581636132,0.015005987066627369,0.04834069542367403,0.7093023255813954,0.27906976744186046,long,0.7093023255813954,0.1317094816215805
has_attack&exclamation_heavy,588,0.00884444648575106,0.010290737581097886,0.04336257478686183,0.6105442176870748,0.3792517006802721,long,0.6105442176870748,0.13094123841557137
has_attack&deal_over_tariff,232,0.013498013346542277,0.009780451512493293,0.046401320858635985,0.6336206896551724,0.3620689655172414,long,0.6336206896551724,0.13026963476721334
deal_heavy&has_positive,140,0.01642851978787282,0.013039534935198271,0.044539989195678656,0.6642857142857143,0.32142857142857145,long,0.6642857142857143,0.12912709059779476
posts_high&has_positive,389,0.010666337125473225,0.010186675425841507,0.04624944328706502,0.6118251928020566,0.38046272493573263,long,0.6118251928020566,0.12871153286394124
deal_heavy&has_night_post,138,0.016220480802177608,0.013039534935198271,0.044295057970440206,0.6739130434782609,0.3115942028985507,long,0.6739130434782609,0.1284124489985755
pre_action&deal_only,30,0.026959607448042048,0.015656217299030883,0.048232118942738385,0.8666666666666667,0.1,long,0.8666666666666667,0.1279753378867333
has_attack&lots_of_excl,559,0.008780319373829077,0.010111315639256269,0.04338795159248626,0.6082289803220036,0.3810375670840787,long,0.6082289803220036,0.126265099773432
posts_high&lots_of_excl,388,0.01047663804158213,0.010148995532548888,0.046249273227172365,0.6108247422680413,0.38144329896907214,long,0.6108247422680413,0.12605335896930883
posts_high,391,0.010406402304935366,0.010111315639256269,0.04628377995984513,0.6086956521739131,0.3836317135549872,long,0.6086956521739131,0.12525330372488677
posts_high&exclamation_heavy,391,0.010406402304935366,0.010111315639256269,0.04628377995984513,0.6086956521739131,0.3836317135549872,long,0.6086956521739131,0.12525330372488677
posts_high&has_exclamation,391,0.010406402304935366,0.010111315639256269,0.04628377995984513,0.6086956521739131,0.3836317135549872,long,0.6086956521739131,0.12525330372488677
has_attack&deal_only,193,0.014375082448078239,0.010067164022748099,0.04860838652319244,0.6217616580310881,0.37305699481865284,long,0.6217616580310881,0.12416892917325383
posts_high&deal_heavy,108,0.01757280948901235,0.01381259196452067,0.046937199383251804,0.6759259259259259,0.32407407407407407,long,0.6759259259259259,0.12343893984827471
has_exclamation,906,0.006944512836715398,0.009748321752308775,0.044638782643467934,0.5894039735099338,0.3984547461368653,long,0.5894039735099338,0.12320233622481232
has_action&lots_of_excl,173,0.014003288979349344,0.014802655479581484,0.04322902202415592,0.6647398843930635,0.3179190751445087,long,0.6647398843930635,0.12243478981841109
posts_high&has_attack,340,0.010769905660724966,0.010025269913367718,0.04716616220688609,0.611764705882353,0.37941176470588234,long,0.611764705882353,0.12148866941352979
posts_very_high&deal_over_tariff,120,0.017283981484015873,0.010584612340023725,0.04985433254186811,0.6333333333333333,0.36666666666666664,long,0.6333333333333333,0.11991313620243006
has_exclamation&short_posts,469,0.009339235880002992,0.01088638822593202,0.04751148109989312,0.5927505330490405,0.39658848614072495,long,0.5927505330490405,0.11988634473899475
has_attack&has_night_post,557,0.008355972565776451,0.009852137494135382,0.043554910285887725,0.6032315978456014,0.3859964093357271,long,0.6032315978456014,0.11896211731174869
posts_low,402,0.010514483433290533,0.008323332795410532,0.06309093281680833,0.5637755102040817,0.42857142857142855,long,0.5637755102040817,0.1188521860911408
posts_high&has_deal,220,0.012886303133198298,0.009503091478252679,0.04813592059759464,0.6181818181818182,0.37272727272727274,long,0.6181818181818182,0.11815603568084236
has_positive&has_exclamation,829,0.0068996252487722965,0.009852137494135382,0.04398286062039322,0.5922798552472859,0.3944511459589867,long,0.5922798552472859,0.11766023992624632
has_night_post,820,0.006980816718705405,0.009685177304101567,0.045016727512727214,0.5865853658536585,0.4,long,0.5865853658536585,0.1172585139476851
posts_very_high&deal_only,95,0.01904241912496931,0.013440714960731182,0.052982648978065074,0.631578947368421,0.3684210526315789,long,0.631578947368421,0.117222658761305
has_positive,837,0.006835034730485641,0.009787877973766346,0.04411441112419449,0.5925925925925926,0.3942652329749104,long,0.5925925925925926,0.11718166734233089
attack_heavy&deal_only,113,0.016578902412899683,0.013440714960731182,0.044931024691048635,0.6637168141592921,0.3274336283185841,long,0.6637168141592921,0.1169708960603243
exclamation_heavy,797,0.007018011965557893,0.009852137494135382,0.044201591905190865,0.589711417816813,0.397741530740276,long,0.589711417816813,0.11683764685794117
has_exclamation&exclamation_heavy,797,0.007018011965557893,0.009852137494135382,0.044201591905190865,0.589711417816813,0.397741530740276,long,0.589711417816813,0.11683764685794117
has_positive&short_posts,419,0.009530359921383479,0.009692994117766807,0.046512757290709764,0.5966587112171837,0.3914081145584726,long,0.5966587112171837,0.11639713738129362
attack_heavy&deal_over_tariff,142,0.014703933515190715,0.011219893589787477,0.0425377573510695,0.6619718309859155,0.33098591549295775,long,0.6619718309859155,0.11598910885607037
posts_high&has_night_post,383,0.00982751900909383,0.009536710026981421,0.04643999766563556,0.6005221932114883,0.391644908616188,long,0.6005221932114883,0.11549743557719541
has_deal&has_action,98,0.01701956794847365,0.013256615033952479,0.04762601714369196,0.6836734693877551,0.29591836734693877,long,0.6836734693877551,0.11518881113121036
lots_of_excl,723,0.007211849036738903,0.009787877973766346,0.04390182849804841,0.5905947441217151,0.3969571230982019,long,0.5905947441217151,0.11452633253657737
has_exclamation&lots_of_excl,723,0.007211849036738903,0.009787877973766346,0.04390182849804841,0.5905947441217151,0.3969571230982019,long,0.5905947441217151,0.11452633253657737
deal_heavy&open_deal,50,0.023128100263623965,0.014373808632293539,0.05315936042175736,0.7,0.3,long,0.7,0.11447825572659617
has_attack&short_posts,295,0.01097116046654761,0.01088638822593202,0.047553099691200675,0.6067796610169491,0.3864406779661017,long,0.6067796610169491,0.11433905281044368
has_positive&lots_of_excl,703,0.007260916151264554,0.009852137494135382,0.04409983513073813,0.5931721194879089,0.3940256045519203,long,0.5931721194879089,0.11419571657320444
exclamation_heavy&short_posts,400,0.009645561314031652,0.010981148073324953,0.04710167035213983,0.59,0.3975,long,0.59,0.11381762350557348
exclamation_heavy&lots_of_excl,722,0.00713279939652322,0.009748321752308775,0.043880742412601086,0.590027700831025,0.3975069252077562,long,0.590027700831025,0.11308396053816844
has_night_post&has_exclamation,793,0.006854088561063454,0.00961517333406503,0.043704453864955396,0.5851197982345523,0.4010088272383354,long,0.5851197982345523,0.11293566111041763
has_night_post&exclamation_heavy,732,0.007093340743459991,0.009700879824309006,0.04364294264120865,0.587431693989071,0.3989071038251366,long,0.587431693989071,0.11273628973342849
has_positive&exclamation_heavy,767,0.006873562086503,0.009852137494135382,0.04432648424002456,0.590612777053455,0.3963494132985658,long,0.590612777053455,0.11243004380960958
has_night_post&short_posts,433,0.009189739572748053,0.009708765530851204,0.048271006061699165,0.5866050808314087,0.4018475750577367,long,0.5866050808314087,0.11217419784045474
pre_action&deal_over_tariff,40,0.02210253722844119,0.013256615033952479,0.04542738707241256,0.8,0.175,long,0.8,0.11183097553686322
has_deal&has_attack,262,0.01115334684907026,0.009093885594398277,0.045787787431774175,0.6183206106870229,0.37404580152671757,long,0.6183206106870229,0.11162708326079059
positive_heavy&deal_over_tariff,241,0.0116293181763685,0.010810930508843963,0.049220649999208055,0.6182572614107884,0.37344398340248963,long,0.6182572614107884,0.1116174252210878
short_posts&volume_drop,92,0.017491583361616693,0.012887065745949555,0.041210775491994145,0.6630434782608695,0.31521739130434784,long,0.6630434782608695,0.11124104129512845
posts_very_high&deal_heavy,76,0.019244303828994162,0.012459078978045546,0.048813710804732874,0.6578947368421053,0.34210526315789475,long,0.6578947368421053,0.11037365214391895
volume_drop,311,0.011266369283627517,0.0063998595961549665,0.05974665893260533,0.5530546623794212,0.4340836012861736,long,0.5530546623794212,0.10988343688313293
deal_only&china_streak_3d,24,0.03362320992885418,0.02243542832313372,0.06013977719392074,0.6666666666666666,0.3333333333333333,long,0.6666666666666666,0.10981294378689843
has_attack&has_all_caps,147,0.01476245673534768,0.012305388687988472,0.048133363864196387,0.6122448979591837,0.3877551020408163,long,0.6122448979591837,0.10958282190068383
has_china&deal_over_tariff,124,0.015214627351963477,0.011314155977150131,0.05100604780536579,0.6451612903225806,0.3467741935483871,long,0.6451612903225806,0.10930510963096922
has_night_post&deal_over_tariff,279,0.010792130365177455,0.008928449524101545,0.04598664721770133,0.6057347670250897,0.3835125448028674,long,0.6057347670250897,0.10919224263458478
has_attack&positive_heavy,455,0.008522322872166239,0.01028283645411543,0.04525340442664737,0.6,0.389010989010989,long,0.6,0.10907241582138882
has_russia&deal_over_tariff,114,0.015734588762138565,0.009887964776799651,0.0409620027308576,0.6491228070175439,0.34210526315789475,long,0.6491228070175439,0.10905226513411895
has_positive&has_night_post,748,0.006773854657306869,0.009685177304101567,0.044016135243018624,0.5882352941176471,0.39705882352941174,long,0.5882352941176471,0.10897772855054026
has_china&deal_only,92,0.017313693034687005,0.017213446284778167,0.054630839999346384,0.6521739130434783,0.34782608695652173,long,0.6521739130434783,0.10830463674875451
has_action&has_all_caps,56,0.022322129352381464,0.020060950077000705,0.05333101194700903,0.6428571428571429,0.35714285714285715,long,0.6428571428571429,0.10738512023125053
posts_high&has_action,136,0.014067067388735699,0.013195724649725737,0.045817082925487085,0.6544117647058824,0.33088235294117646,long,0.6544117647058824,0.1073554558651262
posts_very_high&open_deal,45,0.023978796670559323,0.009259321664695008,0.060913470604134066,0.6666666666666666,0.3333333333333333,long,0.6666666666666666,0.10723643874803254
has_night_post&lots_of_excl,673,0.0070083804002052125,0.009463674072286654,0.04341297397950656,0.586924219910847,0.399702823179792,long,0.586924219910847,0.10671051844778459
has_action&has_china,88,0.01721709813344541,0.014696893810991707,0.04643574449069607,0.6590909090909091,0.32954545454545453,long,0.6590909090909091,0.10645023201284674
deal_heavy&has_uppercase_phrase,67,0.020684216980859822,0.012499849560854148,0.0488583694367242,0.6268656716417911,0.373134328358209,long,0.6268656716417911,0.1061331304108697
has_attack&attack_heavy,289,0.009844307149569473,0.011075907920717887,0.04076607004548056,0.629757785467128,0.356401384083045,long,0.629757785467128,0.10539199418950847
attack_heavy,289,0.009844307149569473,0.011075907920717887,0.04076607004548056,0.629757785467128,0.356401384083045,long,0.629757785467128,0.10539199418950847
attack_heavy&has_exclamation,289,0.009844307149569473,0.011075907920717887,0.04076607004548056,0.629757785467128,0.356401384083045,long,0.629757785467128,0.10539199418950847
attack_heavy&exclamation_heavy,288,0.009864060656974347,0.01131465343718041,0.040835643772671196,0.6284722222222222,0.3576388888888889,long,0.6284722222222222,0.1052054080571117
has_night_post&deal_only,239,0.011310464721844568,0.009297417425654153,0.04785028949721755,0.5983263598326359,0.39330543933054396,long,0.5983263598326359,0.10462067951958572
has_russia&deal_only,92,0.01700555175130986,0.0121635515933316,0.04360162638890091,0.6413043478260869,0.34782608695652173,long,0.6413043478260869,0.10460412844467827
attack_heavy&has_positive,284,0.009882834663575205,0.010848659367387992,0.04090609240364128,0.6267605633802817,0.3591549295774648,long,0.6267605633802817,0.10438602549627195
attack_heavy&lots_of_excl,286,0.00979475813735999,0.01131465343718041,0.04096150211557306,0.6258741258741258,0.36013986013986016,long,0.6258741258741258,0.10367253805181259
attack_heavy&volume_spike,93,0.015113869104681505,0.01530614603745084,0.03733482552714783,0.7096774193548387,0.26881720430107525,long,0.7096774193548387,0.10343752440141979
posts_high&has_uppercase_phrase,198,0.01245269377879497,0.009038461886045845,0.046423926813239924,0.5858585858585859,0.4090909090909091,long,0.5858585858585859,0.1026570317222508
has_action&short_posts,102,0.01592153574576186,0.013195724649725737,0.04720778270971664,0.6372549019607843,0.35294117647058826,long,0.6372549019607843,0.10247035174402906
lots_of_excl&short_posts,355,0.009370228244878525,0.009259321664695008,0.046761668029384584,0.5802816901408451,0.4084507042253521,long,0.5802816901408451,0.10244793610740083
deal_heavy&uppercase_phrase_heavy,20,0.03523904246202826,0.017528610430549763,0.0617181731010892,0.65,0.35,long,0.65,0.10243596272922578
has_exclamation&deal_over_tariff,301,0.009744827187944831,0.009259321664695008,0.04695743434591253,0.6046511627906976,0.3853820598006645,long,0.6046511627906976,0.10222621524233494
has_action&attack_heavy,106,0.014356451695435467,0.01534542930398397,0.04091699548200337,0.6886792452830188,0.29245283018867924,long,0.6886792452830188,0.10179279552735755
uppercase_phrase_heavy&volume_spike,21,0.030999272800675798,0.01692714069392398,0.054768056672727515,0.7142857142857143,0.2857142857142857,long,0.7142857142857143,0.10146893864120182
has_action&positive_heavy,151,0.012707479344101104,0.012305388687988472,0.044273601664989046,0.6490066225165563,0.33112582781456956,long,0.6490066225165563,0.10134376029696333
has_uppercase_phrase,293,0.010313217689412206,0.007792071322260785,0.04501523759833498,0.5733788395904437,0.41638225255972694,long,0.5733788395904437,0.10122077458626602
posts_high&short_posts,226,0.011343547190365651,0.009622737778916313,0.04924619642464957,0.5929203539823009,0.40707964601769914,long,0.5929203539823009,0.1011112456810031
has_deal&deal_over_tariff,303,0.009602916497294415,0.008928449524101545,0.04684982527850157,0.6039603960396039,0.38613861386138615,long,0.6039603960396039,0.10095618433238995
deal_over_tariff,303,0.009602916497294415,0.008928449524101545,0.04684982527850157,0.6039603960396039,0.38613861386138615,long,0.6039603960396039,0.10095618433238995
has_deal&attack_heavy,161,0.012374120987862237,0.01028283645411543,0.04212329572864423,0.639751552795031,0.34782608695652173,long,0.639751552795031,0.10044738724153765
positive_heavy&deal_only,198,0.011775824410743917,0.011219893589787477,0.0519107579948665,0.6060606060606061,0.3888888888888889,long,0.6060606060606061,0.1004245680019395
uppercase_phrase_heavy&deal_over_tariff,25,0.03134494144570644,0.01088638822593202,0.05947190760400018,0.64,0.36,long,0.64,0.1003038126262606
has_attack&has_uppercase_phrase,219,0.011684988187138706,0.008368158241240486,0.04562182583255841,0.5799086757990868,0.410958904109589,long,0.5799086757990868,0.10027898770941711
has_action&has_uppercase_phrase,97,0.01643920278193394,0.01418446896831016,0.050755988672949594,0.6185567010309279,0.3711340206185567,long,0.6185567010309279,0.10014888901494329
posts_very_high&has_all_caps,102,0.01657572287273709,0.010297576878391612,0.04800455073467115,0.5980392156862745,0.4019607843137255,long,0.5980392156862745,0.10011570878056762
posts_high&open_deal,60,0.019305485792105042,0.009054530076045508,0.059374338298131886,0.6666666666666666,0.3333333333333333,long,0.6666666666666666,0.0996930999510223
has_positive&deal_over_tariff,290,0.009677211239433716,0.009093885594398277,0.04734409257128047,0.603448275862069,0.38620689655172413,long,0.603448275862069,0.09944644689543239
open_deal&has_all_caps,29,0.028160445058773655,0.014563148296276918,0.06074880148487036,0.6551724137931034,0.3448275862068966,long,0.6551724137931034,0.09935600399969999
has_action&volume_spike,58,0.018381335064411974,0.01615592663222054,0.04371967549166686,0.7068965517241379,0.2413793103448276,long,0.7068965517241379,0.09895708907879829
posts_very_high&has_deal,136,0.013859218810789834,0.008589721739926226,0.049428659877443,0.6102941176470589,0.38235294117647056,long,0.6102941176470589,0.09863871131508238
positive_heavy,586,0.006861281807325347,0.010025269913367718,0.04580461364305989,0.5887372013651877,0.3993174061433447,long,0.5887372013651877,0.0977857439375267
positive_heavy&has_exclamation,586,0.006861281807325347,0.010025269913367718,0.04580461364305989,0.5887372013651877,0.3993174061433447,long,0.5887372013651877,0.0977857439375267
has_positive&positive_heavy,586,0.006861281807325347,0.010025269913367718,0.04580461364305989,0.5887372013651877,0.3993174061433447,long,0.5887372013651877,0.0977857439375267
has_positive&has_russia,270,0.009672016288939574,0.011731198186765046,0.04182800793929574,0.6148148148148148,0.36666666666666664,long,0.6148148148148148,0.09771094762995501
deal_heavy&has_russia,62,0.018251213101420673,0.012970282260792665,0.03958332413728898,0.6774193548387096,0.3064516129032258,long,0.6774193548387096,0.09735206803509458
has_uppercase_phrase&has_exclamation,291,0.00999451003929973,0.007339536142569214,0.04499218989361926,0.570446735395189,0.41924398625429554,long,0.570446735395189,0.09725750005774908
positive_heavy&exclamation_heavy,582,0.006854962253266551,0.010025269913367718,0.04587718413706536,0.5876288659793815,0.40034364261168387,long,0.5876288659793815,0.0971783859279974
has_deal&positive_heavy,275,0.009682226853750335,0.009852137494135382,0.04801109624851004,0.6036363636363636,0.38545454545454544,long,0.6036363636363636,0.09692080107441563
has_uppercase_phrase&exclamation_heavy,276,0.010122971136917788,0.007565803732415,0.04572325152198259,0.5760869565217391,0.41304347826086957,long,0.5760869565217391,0.09688367002839711
deal_over_tariff&china_streak_3d,31,0.026849935015371692,0.01418446896831016,0.05469740018256128,0.6451612903225806,0.3225806451612903,long,0.6451612903225806,0.09644781375670222
posts_very_high&positive_heavy,216,0.01115203223895834,0.009302555485515396,0.04780074262282668,0.5879629629629629,0.4027777777777778,long,0.5879629629629629,0.0963675597145973
has_uppercase_phrase&lots_of_excl,266,0.010332283019488842,0.0072411428676096845,0.04594326514756388,0.5714285714285714,0.41729323308270677,long,0.5714285714285714,0.09629396362630496
posts_low&short_posts,126,0.012850160751367627,0.01311046056391263,0.060289916312202735,0.6666666666666666,0.3253968253968254,long,0.6666666666666666,0.09616179779317452
has_deal&has_russia,133,0.01302360992021433,0.009708765530851204,0.04099687704306614,0.6390977443609023,0.3458646616541353,long,0.6390977443609023,0.09598966700859414
posts_high&has_all_caps,134,0.013839724907962331,0.009622737778916313,0.04952652091442055,0.5970149253731343,0.40298507462686567,long,0.5970149253731343,0.09564561093376442
positive_heavy&has_night_post,558,0.0069077684539842876,0.009901200134398658,0.04542356400429716,0.5860215053763441,0.4014336917562724,long,0.5860215053763441,0.09562433433288663
has_attack&volume_spike,111,0.013541885714790435,0.014104185505770639,0.04062756818748412,0.6666666666666666,0.3153153153153153,long,0.6666666666666666,0.09511507936782315
exclamation_heavy&deal_over_tariff,292,0.009390526894652671,0.008619490390293971,0.047576299624763715,0.5924657534246576,0.3972602739726027,long,0.5924657534246576,0.09507025050552202
exclamation_heavy&volume_spike,125,0.01278542244161304,0.01261276926810262,0.04137443350374638,0.664,0.312,long,0.664,0.09491572468565368
has_positive&has_all_caps,174,0.0121454138968166,0.010003702119465774,0.04717571154902894,0.5919540229885057,0.40804597701149425,long,0.5919540229885057,0.0948363694904167
has_china&has_all_caps,86,0.0175669764317109,0.010297576878391612,0.050337596358705466,0.5813953488372093,0.4186046511627907,long,0.5813953488372093,0.09471478927154148
positive_heavy&lots_of_excl,567,0.006792358128224451,0.009950262774661933,0.045619027215213874,0.5855379188712522,0.4021164021164021,long,0.5855379188712522,0.0947037400067629
has_action&uppercase_phrase_heavy,27,0.028935412614028617,0.01418446896831016,0.05881260371721065,0.6296296296296297,0.37037037037037035,long,0.6296296296296297,0.09466658681699312
attack_heavy&positive_heavy,253,0.009566927120425686,0.01088638822593202,0.041827121174622235,0.6205533596837944,0.36363636363636365,long,0.6205533596837944,0.09443040610351358
lots_of_excl&deal_over_tariff,280,0.009459501311507395,0.008619490390293971,0.048171921935013004,0.5964285714285714,0.3964285714285714,long,0.5964285714285714,0.09440732608954129
has_action&has_russia,80,0.01591758574054555,0.01797301828341913,0.04424016719786853,0.6625,0.325,long,0.6625,0.09432092994688412
has_all_caps,179,0.011873215867245894,0.009708765530851204,0.04688462742393708,0.5921787709497207,0.40782122905027934,long,0.5921787709497207,0.09406925695178614
has_all_caps&has_exclamation,179,0.011873215867245894,0.009708765530851204,0.04688462742393708,0.5921787709497207,0.40782122905027934,long,0.5921787709497207,0.09406925695178614
has_uppercase_phrase&short_posts,160,0.013365577054519356,0.008080114781750636,0.04756897268022419,0.55625,0.4375,long,0.55625,0.09404110625985358
has_positive&has_uppercase_phrase,283,0.00974001930610893,0.007339536142569214,0.045281844750766506,0.5724381625441696,0.4169611307420495,long,0.5724381625441696,0.09379541612455855
has_all_caps&exclamation_heavy,174,0.012005792077407658,0.010003702119465774,0.0474360056348363,0.5919540229885057,0.40804597701149425,long,0.5919540229885057,0.09374614510062779
attack_heavy&has_night_post,277,0.009111693123643128,0.0104894263623736,0.040719179078949404,0.6173285198555957,0.36823104693140796,long,0.6173285198555957,0.09361712730025151
short_posts&deal_over_tariff,158,0.012911360453470414,0.008036123540707707,0.049571544351134963,0.5759493670886076,0.4177215189873418,long,0.5759493670886076,0.09347271440212929
has_night_post&has_all_caps,175,0.011987755919509338,0.009708765530851204,0.047390203237952254,0.5885714285714285,0.4114285714285714,long,0.5885714285714285,0.09333748448282016
pre_action&volume_spike,31,0.02343389035719256,0.01530614603745084,0.045958751842586555,0.7096774193548387,0.1935483870967742,long,0.7096774193548387,0.09259472101584974
has_deal&has_night_post,317,0.00881437107618829,0.008196686173504109,0.045103593376986245,0.5899053627760252,0.39747634069400634,long,0.5899053627760252,0.09257704309910365
has_night_post&has_uppercase_phrase,276,0.009740042247888766,0.0072411428676096845,0.044860815987464685,0.5688405797101449,0.42028985507246375,long,0.5688405797101449,0.09204621866562648
has_russia&has_exclamation,277,0.009100784671299657,0.011382269966374148,0.04191946775392483,0.6064981949458483,0.37545126353790614,long,0.6064981949458483,0.09186461009440984
has_russia,277,0.009100784671299657,0.011382269966374148,0.04191946775392483,0.6064981949458483,0.37545126353790614,long,0.6064981949458483,0.09186461009440984
deal_only&volume_spike,53,0.018931531391477765,0.020872751892789365,0.043672917209722745,0.660377358490566,0.32075471698113206,long,0.660377358490566,0.09101560399209932
short_posts&deal_only,143,0.013267681678872907,0.008368158241240486,0.05062046059471344,0.5734265734265734,0.4195804195804196,long,0.5734265734265734,0.09097894092125444
posts_low&volume_drop,215,0.011495747979740697,0.004279621931016608,0.06666178373179671,0.5395348837209303,0.4511627906976744,long,0.5395348837209303,0.09094440658188253
has_deal&has_china,154,0.011879774108029156,0.009484043597773106,0.04854411123988933,0.6168831168831169,0.37012987012987014,long,0.6168831168831169,0.09094345044499823
deal_heavy&has_china,80,0.015619488480584604,0.010725344629609723,0.04404740813796154,0.65,0.3375,long,0.65,0.09080821884254142
posts_high&volume_spike,114,0.01257080320499602,0.012856636334452665,0.03983069081094827,0.6754385964912281,0.30701754385964913,long,0.6754385964912281,0.09065699659928417
has_russia&lots_of_excl,256,0.009293775672673869,0.011520213835209958,0.042155153969833006,0.609375,0.375,long,0.609375,0.09061431280857021
has_exclamation&deal_only,257,0.009503470391570209,0.009259321664695008,0.04884469272570964,0.5914396887159533,0.40077821011673154,long,0.5914396887159533,0.09010714972400313
lots_of_excl&volume_spike,123,0.012291621588272576,0.01261276926810262,0.041241877678093286,0.6585365853658537,0.3170731707317073,long,0.6585365853658537,0.08977215377044127
positive_heavy&has_uppercase_phrase,236,0.010117277816769047,0.008080114781750636,0.04663598873443511,0.576271186440678,0.4110169491525424,long,0.576271186440678,0.08956670191178144
posts_high&posts_very_high,226,0.010278055018961797,0.008589721739926226,0.04751688460098222,0.5796460176991151,0.41150442477876104,long,0.5796460176991151,0.08956287254610239
posts_very_high,226,0.010278055018961797,0.008589721739926226,0.04751688460098222,0.5796460176991151,0.41150442477876104,long,0.5796460176991151,0.08956287254610239
posts_very_high&has_positive,226,0.010278055018961797,0.008589721739926226,0.04751688460098222,0.5796460176991151,0.41150442477876104,long,0.5796460176991151,0.08956287254610239
posts_very_high&exclamation_heavy,226,0.010278055018961797,0.008589721739926226,0.04751688460098222,0.5796460176991151,0.41150442477876104,long,0.5796460176991151,0.08956287254610239
posts_very_high&has_exclamation,226,0.010278055018961797,0.008589721739926226,0.04751688460098222,0.5796460176991151,0.41150442477876104,long,0.5796460176991151,0.08956287254610239
deal_heavy&has_action,52,0.018401739143653204,0.015143792456349336,0.04865359566725155,0.6730769230769231,0.3269230769230769,long,0.6730769230769231,0.08931517274636173
has_positive&volume_spike,131,0.011976626763193119,0.012305388687988472,0.04041263026548701,0.648854961832061,0.3282442748091603,long,0.648854961832061,0.08894423279899437
posts_very_high&lots_of_excl,224,0.010232683837642736,0.008589721739926226,0.047433434558081806,0.5803571428571429,0.4107142857142857,long,0.5803571428571429,0.0888809931927317
deal_only,259,0.009339315080086315,0.008849738487396008,0.048708346057939375,0.5907335907335908,0.4015444015444015,long,0.5907335907335908,0.0887884707966481
deal_over_tariff&deal_only,259,0.009339315080086315,0.008849738487396008,0.048708346057939375,0.5907335907335908,0.4015444015444015,long,0.5907335907335908,0.0887884707966481
has_deal&deal_only,259,0.009339315080086315,0.008849738487396008,0.048708346057939375,0.5907335907335908,0.4015444015444015,long,0.5907335907335908,0.0887884707966481
has_all_caps&short_posts,122,0.013796016392331939,0.009332256702263564,0.047075823686095086,0.5819672131147541,0.4180327868852459,long,0.5819672131147541,0.08868131719111567
posts_high&attack_heavy,238,0.009426106221780335,0.010047345721621803,0.04239444239553241,0.6092436974789915,0.37815126050420167,long,0.6092436974789915,0.08859553869756542
has_russia&volume_spike,81,0.01473801432260604,0.01418446896831016,0.043357064495799146,0.6666666666666666,0.32098765432098764,long,0.6666666666666666,0.08842808593563624
has_deal&has_exclamation,341,0.00809502218175478,0.008250993955750907,0.04593988201316322,0.5894428152492669,0.39882697947214074,long,0.5894428152492669,0.08811237572823373
has_russia&has_night_post,260,0.009162615809951683,0.011134329096153084,0.04233228841458583,0.5961538461538461,0.38461538461538464,long,0.5961538461538461,0.08807740306009378
pre_action,84,0.014677020318402173,0.011607574662763409,0.041786979105625295,0.6547619047619048,0.30952380952380953,long,0.6547619047619048,0.08807668124289418
has_action&pre_action,84,0.014677020318402173,0.011607574662763409,0.041786979105625295,0.6547619047619048,0.30952380952380953,long,0.6547619047619048,0.08807668124289418
has_uppercase_phrase&deal_over_tariff,120,0.013940535913988746,0.010175000238431764,0.052846245050748586,0.575,0.425,long,0.575,0.08780877881372914
has_deal&pre_action,46,0.01748855257234608,0.010369262860033701,0.04535048680704493,0.7391304347826086,0.21739130434782608,long,0.7391304347826086,0.08767057765387179
posts_very_high&has_night_post,224,0.010152949148147144,0.008223894924127007,0.04769800729556589,0.5758928571428571,0.41517857142857145,long,0.5758928571428571,0.08751004599864176
has_all_caps&lots_of_excl,167,0.011649135434016375,0.009536710026981421,0.04814043229608507,0.5808383233532934,0.41916167664670656,long,0.5808383233532934,0.08743940488645152
has_deal,343,0.007979280697047212,0.008196686173504109,0.045844488851747425,0.5889212827988338,0.39941690962099125,long,0.5889212827988338,0.08702981342539058
has_positive&deal_only,246,0.00941296815649564,0.009054530076045508,0.04936485054275715,0.5894308943089431,0.4024390243902439,long,0.5894308943089431,0.08702159481213124
has_all_caps&has_uppercase_phrase,131,0.013432389457523449,0.009708765530851204,0.047398576675547054,0.5648854961832062,0.4351145038167939,long,0.5648854961832062,0.08684590538170006
has_russia&exclamation_heavy,273,0.008684542185910558,0.01088638822593202,0.04190169904505743,0.6043956043956044,0.3772893772893773,long,0.6043956043956044,0.08672604665235678
has_action&open_deal,30,0.023733478628506964,0.013244928828149316,0.05318952109272139,0.6666666666666666,0.3333333333333333,long,0.6666666666666666,0.08666241075266691
volume_spike,163,0.010405640266775222,0.01261276926810262,0.05626512436403009,0.6503067484662577,0.3312883435582822,long,0.6503067484662577,0.08639346066433198
has_deal&has_positive,330,0.007980608605584133,0.008223840064627508,0.04624980890959524,0.5878787878787879,0.4,long,0.5878787878787879,0.0852277007145163
has_attack&pre_action,60,0.016470659373850588,0.009555729579415195,0.04359456103475443,0.6666666666666666,0.3,long,0.6666666666666666,0.08505411927463788
posts_very_high&has_attack,207,0.010282389933481366,0.008928449524101545,0.048321693248635784,0.5748792270531401,0.41545893719806765,long,0.5748792270531401,0.0850463849794205
has_deal&short_posts,163,0.011717758859836643,0.006329240060996222,0.04943673100807616,0.5644171779141104,0.4294478527607362,long,0.5644171779141104,0.0844381251121354
has_attack&has_china,227,0.009248765202613413,0.010186675425841507,0.04702880322786735,0.6035242290748899,0.3876651982378855,long,0.6035242290748899,0.0840991086383015
pre_deal&deal_over_tariff,148,0.011099638184618048,0.009780451512493293,0.04237989259284638,0.6216216216216216,0.36486486486486486,long,0.6216216216216216,0.08393938674232575
has_uppercase_phrase&deal_only,98,0.01477156572630225,0.010848659367387992,0.05494676773116742,0.5714285714285714,0.42857142857142855,long,0.5714285714285714,0.08356059435048886
positive_heavy&pre_deal,144,0.011141186688696899,0.011647661341005588,0.041832240586125384,0.625,0.3611111111111111,long,0.625,0.08355890016522674
has_positive&pre_deal,163,0.010438205107170232,0.009852137494135382,0.041771514157799214,0.6257668711656442,0.3619631901840491,long,0.6257668711656442,0.08339349893894926
has_uppercase_phrase&volume_drop,29,0.02361054246235094,0.02725973676056226,0.0451252486125578,0.6551724137931034,0.3448275862068966,long,0.6551724137931034,0.0833029856747081
silence_day&volume_drop,138,0.013970522883926808,0.0017652264413159369,0.07613330471447652,0.5072463768115942,0.4855072463768116,long,0.5072463768115942,0.0832474919014007
pre_action&has_exclamation,83,0.014017534808918933,0.01088638822593202,0.04159888520456813,0.6506024096385542,0.3132530120481928,long,0.6506024096385542,0.08308571409975846
pre_action&has_night_post,83,0.014017534808918933,0.01088638822593202,0.04159888520456813,0.6506024096385542,0.3132530120481928,long,0.6506024096385542,0.08308571409975846
has_deal&uppercase_phrase_heavy,28,0.025852412435117104,0.009995800992483317,0.05880083479552318,0.6071428571428571,0.39285714285714285,long,0.6071428571428571,0.08305599425747794
posts_high&has_china,198,0.00990270991505328,0.009302555485515396,0.047518285663597656,0.5959595959595959,0.3939393939393939,long,0.5959595959595959,0.08304308401154584
positive_heavy&volume_spike,119,0.011596676052247722,0.012499849560854148,0.04134779681024391,0.6554621848739496,0.31932773109243695,long,0.6554621848739496,0.0829191129594246
has_night_post&volume_spike,140,0.010868344815352501,0.012556309414478384,0.046735482541970796,0.6428571428571429,0.3357142857142857,long,0.6428571428571429,0.08266885076296603
has_attack&pre_deal,131,0.011395050006559082,0.008389242293191934,0.04254962660563278,0.6335877862595419,0.35877862595419846,long,0.6335877862595419,0.08263398175766427
positive_heavy&has_all_caps,150,0.011475718861562163,0.010003702119465774,0.049199455773160476,0.5866666666666667,0.41333333333333333,long,0.5866666666666667,0.08245498988454925
exclamation_heavy&deal_only,248,0.009077551452825523,0.008309576098495697,0.04960926609374816,0.5766129032258065,0.4153225806451613,long,0.5766129032258065,0.08242878839621179
pre_action&has_all_caps,30,0.02256527941794544,0.023006750790207198,0.05313019367426594,0.6666666666666666,0.3333333333333333,long,0.6666666666666666,0.0823967503574384
has_china&has_night_post,272,0.008492931104814591,0.009527277418593494,0.04625399764547209,0.5882352941176471,0.39705882352941174,long,0.5882352941176471,0.08239353415586884
positive_heavy&short_posts,276,0.00855181693803687,0.009302555485515396,0.04956733632664182,0.5797101449275363,0.41304347826086957,long,0.5797101449275363,0.08236142220151196
attack_heavy&has_uppercase_phrase,149,0.011393234194656612,0.01028283645411543,0.042618458601045656,0.5906040268456376,0.40268456375838924,long,0.5906040268456376,0.08213656994586331
has_china&open_deal,42,0.01895791231039617,0.013244928828149316,0.05750267924127846,0.6666666666666666,0.3333333333333333,long,0.6666666666666666,0.0819075425778879
has_positive&pre_action,81,0.013902247676847496,0.01088638822593202,0.041900450708321164,0.654320987654321,0.30864197530864196,long,0.654320987654321,0.08186879187476859
pre_deal&has_night_post,162,0.01031268836615521,0.009661969432458117,0.041048912613458104,0.6234567901234568,0.36419753086419754,long,0.6234567901234568,0.0818343732747965
pre_deal&has_exclamation,169,0.010121469800932335,0.009708765530851204,0.04157020646469721,0.621301775147929,0.3668639053254438,long,0.621301775147929,0.0817503330075304
deal_over_tariff&volume_spike,69,0.01505370528830836,0.014104185505770639,0.04110266333387839,0.6521739130434783,0.3333333333333333,long,0.6521739130434783,0.08155139189556407
has_deal&exclamation_heavy,332,0.007738685041101103,0.007521812491372071,0.04645658504983461,0.5783132530120482,0.40963855421686746,long,0.5783132530120482,0.0815453795356559
lots_of_excl&deal_only,236,0.009143471501204321,0.008309576098495697,0.050387733186462384,0.5805084745762712,0.4152542372881356,long,0.5805084745762712,0.08154093391683026
has_relief&deal_only,34,0.026372655192005053,0.005826090496048875,0.054060636294820705,0.5294117647058824,0.4411764705882353,long,0.5294117647058824,0.08141171493384192
pre_deal&deal_only,115,0.012438814040113388,0.010067164022748099,0.04574057391185501,0.6086956521739131,0.3826086956521739,long,0.6086956521739131,0.08119477730849
has_china&pre_action,46,0.018272972376720226,0.014696893810991707,0.043915191752484754,0.6521739130434783,0.32608695652173914,long,0.6521739130434783,0.0808260837596409
open_deal&deal_over_tariff,76,0.014669477298415293,0.010500622696531625,0.05737174909008202,0.631578947368421,0.3684210526315789,long,0.631578947368421,0.08076981359792376
deal_heavy&attack_heavy,80,0.013610226441147894,0.012556309414478384,0.036344794794421535,0.6625,0.3375,long,0.6625,0.0806484875056651
has_deal&lots_of_excl,320,0.007737093586340803,0.007521812491372071,0.046949268278609735,0.58125,0.409375,long,0.58125,0.0804481025141109
silence_day,216,0.010737542382210575,0.001771493508994193,0.06863075291762175,0.5097087378640777,0.48058252427184467,long,0.5097087378640777,0.08043662599316703
posts_low&silence_day,216,0.010737542382210575,0.001771493508994193,0.06863075291762175,0.5097087378640777,0.48058252427184467,long,0.5097087378640777,0.08043662599316703
has_deal&pre_deal,170,0.009905229949034826,0.009661969432458117,0.04154281974487337,0.6176470588235294,0.37058823529411766,long,0.6176470588235294,0.07976812806261743
pre_deal,170,0.009905229949034826,0.009661969432458117,0.04154281974487337,0.6176470588235294,0.37058823529411766,long,0.6176470588235294,0.07976812806261743
posts_very_high&has_action,102,0.012952284634592946,0.012317074893791635,0.0472102798708843,0.6078431372549019,0.38235294117647056,long,0.6078431372549019,0.07951297140263576
attack_heavy&has_russia,151,0.010590006069584629,0.012499849560854148,0.03944803884285806,0.609271523178808,0.3708609271523179,long,0.609271523178808,0.0792858274032494
has_uppercase_phrase&volume_spike,83,0.013615236605537987,0.012499849560854148,0.04444201311239688,0.6385542168674698,0.3493975903614458,long,0.6385542168674698,0.07920671764134529
pre_deal&exclamation_heavy,167,0.00993560683913199,0.009708765530851204,0.04174771104672503,0.6167664670658682,0.3712574850299401,long,0.6167664670658682,0.07919055503488756
attack_heavy&has_all_caps,102,0.01354743475230774,0.011240363265411668,0.04254870785447428,0.5784313725490197,0.4215686274509804,long,0.5784313725490197,0.07914235947844249
has_attack&open_deal,71,0.014814641145896729,0.008849738487396008,0.05716895317818353,0.6338028169014085,0.36619718309859156,long,0.6338028169014085,0.07911784973103395
has_attack&has_russia,245,0.008409518743122112,0.010067164022748099,0.04238636554794632,0.6,0.3836734693877551,long,0.6,0.07897787338425445
has_all_caps&volume_spike,47,0.016823070062041215,0.01754371845156233,0.04483230166788908,0.6808510638297872,0.3191489361702128,long,0.6808510638297872,0.07852470309018003
deal_heavy&pre_deal,96,0.011895108587629108,0.012152044115169236,0.041399364248158314,0.6666666666666666,0.3229166666666667,long,0.6666666666666666,0.07769852393250558
pre_action&exclamation_heavy,79,0.013501818952947527,0.01088638822593202,0.042094315328477,0.6455696202531646,0.31645569620253167,long,0.6455696202531646,0.0774727390367202
pre_deal&lots_of_excl,160,0.009876180882075695,0.00904900391202157,0.042087706913763165,0.61875,0.36875,long,0.61875,0.07729728477364578
deal_heavy&volume_spike,50,0.015123867527526954,0.012556309414478384,0.04096495454488692,0.72,0.28,long,0.72,0.0769981628626656
deal_heavy&has_all_caps,49,0.01793236896063395,0.009708765530851204,0.049790306447489364,0.6122448979591837,0.3877551020408163,long,0.6122448979591837,0.07685300983128837
positive_heavy&has_russia,214,0.008669521104788792,0.011731198186765046,0.04329526607361592,0.602803738317757,0.38317757009345793,long,0.602803738317757,0.07645007781447238
has_uppercase_phrase&uppercase_phrase_heavy,45,0.0196311004587905,0.009708765530851204,0.052452652778082504,0.5777777777777777,0.4222222222222222,long,0.5777777777777777,0.07608722350490363
has_night_post&uppercase_phrase_heavy,45,0.0196311004587905,0.009708765530851204,0.052452652778082504,0.5777777777777777,0.4222222222222222,long,0.5777777777777777,0.07608722350490363
uppercase_phrase_heavy,45,0.0196311004587905,0.009708765530851204,0.052452652778082504,0.5777777777777777,0.4222222222222222,long,0.5777777777777777,0.07608722350490363
uppercase_phrase_heavy&lots_of_excl,45,0.0196311004587905,0.009708765530851204,0.052452652778082504,0.5777777777777777,0.4222222222222222,long,0.5777777777777777,0.07608722350490363
has_positive&uppercase_phrase_heavy,45,0.0196311004587905,0.009708765530851204,0.052452652778082504,0.5777777777777777,0.4222222222222222,long,0.5777777777777777,0.07608722350490363
uppercase_phrase_heavy&has_exclamation,45,0.0196311004587905,0.009708765530851204,0.052452652778082504,0.5777777777777777,0.4222222222222222,long,0.5777777777777777,0.07608722350490363
uppercase_phrase_heavy&exclamation_heavy,45,0.0196311004587905,0.009708765530851204,0.052452652778082504,0.5777777777777777,0.4222222222222222,long,0.5777777777777777,0.07608722350490363
deal_heavy&pre_action,27,0.01971074636240373,0.01418446896831016,0.048592440252826004,0.7407407407407407,0.25925925925925924,long,0.7407407407407407,0.0758666981217482
open_deal&deal_only,60,0.016320195511509063,0.01739473358464505,0.0630483754553528,0.6,0.4,long,0.6,0.07584941450750836
has_exclamation&volume_spike,140,0.010195879882689822,0.011731198186765046,0.04536155037653792,0.6285714285714286,0.35,long,0.6285714285714286,0.0758304031192945
positive_heavy&uppercase_phrase_heavy,40,0.02081197584465546,0.00842575756175068,0.05390279243747862,0.575,0.425,long,0.575,0.07568523321914558
has_all_caps&deal_over_tariff,82,0.015229464200737342,0.00595398338992581,0.052615123397288334,0.5487804878048781,0.45121951219512196,long,0.5487804878048781,0.07568158378453506
deal_heavy&has_relief,31,0.024435627779891396,0.01910824940259892,0.05481222110601845,0.5483870967741935,0.41935483870967744,long,0.5483870967741935,0.07460906122956115
has_deal&has_all_caps,90,0.014311138046577371,0.00595398338992581,0.05102571993742617,0.5444444444444444,0.45555555555555555,long,0.5444444444444444,0.07391779382258634
has_all_caps&deal_only,64,0.016888857105825824,0.00595398338992581,0.05549374514306246,0.546875,0.453125,long,0.546875,0.07388874983798797
pre_deal&sig_potus,21,0.0238922988029505,0.030769375244817265,0.03667833335328774,0.6666666666666666,0.3333333333333333,long,0.6666666666666666,0.07299217852734897
sig_potus&deal_over_tariff,23,0.023226026168073514,0.02423265626571447,0.03431753267655752,0.6521739130434783,0.34782608695652173,long,0.6521739130434783,0.07264441855965201
posts_high&pre_deal,116,0.011155531104280676,0.00904900391202157,0.04435798553641601,0.603448275862069,0.3879310344827586,long,0.603448275862069,0.07250355423339072
has_deal&has_uppercase_phrase,137,0.01116056303339362,0.007142749592650155,0.05119156398643461,0.5547445255474452,0.44525547445255476,long,0.5547445255474452,0.07246685493927936
has_china,289,0.007310027598406843,0.009259321664695008,0.0469521403815389,0.5813148788927336,0.40484429065743943,long,0.5813148788927336,0.07224027273719705
has_china&has_exclamation,289,0.007310027598406843,0.009259321664695008,0.0469521403815389,0.5813148788927336,0.40484429065743943,long,0.5813148788927336,0.07224027273719705
has_attack&volume_drop,76,0.01307162135663622,0.012761949896878177,0.03901180086982014,0.631578947368421,0.35526315789473684,long,0.631578947368421,0.07197205455385937
attack_heavy&pre_action,45,0.016025367470988646,0.01088638822593202,0.041144262097446746,0.6666666666666666,0.28888888888888886,long,0.6666666666666666,0.071667622059089
positive_heavy&has_china,246,0.007751832378721492,0.009302555485515396,0.04698557125346103,0.5894308943089431,0.3983739837398374,long,0.5894308943089431,0.07166462321952652
has_deal&china_streak_3d,36,0.020473295984334807,0.00852415083671021,0.05354972298921362,0.5833333333333334,0.3888888888888889,long,0.5833333333333334,0.07165653594517182
pre_action&short_posts,50,0.01569669051786698,0.011607574662763409,0.04548572699868997,0.64,0.34,long,0.64,0.07103511236717007
has_china&exclamation_heavy,283,0.007216577701568448,0.009345789306335783,0.047334515362448766,0.5830388692579506,0.40636042402826855,long,0.5830388692579506,0.0707818677771085
has_positive&has_china,282,0.0072179954509839425,0.009302555485515396,0.04738294143604438,0.5815602836879432,0.40425531914893614,long,0.5815602836879432,0.0704913613553273
has_russia&pre_deal,70,0.0127352171935817,0.009887964776799651,0.03743132551773972,0.6571428571428571,0.34285714285714286,long,0.6571428571428571,0.07001888130493812
posts_very_high&volume_spike,85,0.011673745231232139,0.010186675425841507,0.041071642820102325,0.6470588235294118,0.3411764705882353,long,0.6470588235294118,0.06964074968041241
has_attack&uppercase_phrase_heavy,41,0.019350644846560006,0.009708765530851204,0.051954916712711796,0.5609756097560976,0.43902439024390244,long,0.5609756097560976,0.06950744901512583
positive_heavy&open_deal,71,0.013258140626026529,0.009259321664695008,0.05987319884014216,0.6197183098591549,0.38028169014084506,long,0.6197183098591549,0.06923187971358145
has_russia&pre_action,33,0.018890215952071316,0.014062688199856677,0.04748455487692041,0.6363636363636364,0.3333333333333333,long,0.6363636363636364,0.06905565478210361
has_china&lots_of_excl,270,0.007208687565616729,0.008824281978943471,0.046855495256671674,0.5814814814814815,0.4074074074074074,long,0.5814814814814815,0.06887696044246218
pre_action&lots_of_excl,74,0.012528213317554897,0.009555729579415195,0.04192703335819015,0.6351351351351351,0.32432432432432434,long,0.6351351351351351,0.06844963514469747
open_deal&has_uppercase_phrase,38,0.01748655466383206,0.009540729935468728,0.057226684186217014,0.631578947368421,0.3684210526315789,long,0.631578947368421,0.0680806499579424
open_deal&has_night_post,76,0.012578720566794308,0.008094637314982611,0.057272696279249524,0.618421052631579,0.3815789473684211,long,0.618421052631579,0.06781527563462036
has_china&volume_spike,67,0.012323307074330943,0.012499849560854148,0.041690303415775606,0.6716417910447762,0.31343283582089554,long,0.6716417910447762,0.06774892100564116
has_deal&volume_spike,82,0.011633334457734365,0.012054813678736398,0.04132226001867772,0.6341463414634146,0.34146341463414637,long,0.6341463414634146,0.06680371763034858
posts_high&uppercase_phrase_heavy,42,0.018035036235304773,0.00842575756175068,0.05099573616693821,0.5714285714285714,0.42857142857142855,long,0.5714285714285714,0.06678879618708577
open_deal&has_exclamation,81,0.011997630100090697,0.008849738487396008,0.057082999340676524,0.6172839506172839,0.38271604938271603,long,0.6172839506172839,0.06665350055605943
has_deal&open_deal,81,0.011997630100090697,0.008849738487396008,0.057082999340676524,0.6172839506172839,0.38271604938271603,long,0.6172839506172839,0.06665350055605943
open_deal,81,0.011997630100090697,0.008849738487396008,0.057082999340676524,0.6172839506172839,0.38271604938271603,long,0.6172839506172839,0.06665350055605943
has_action&has_iran,37,0.0162045415013598,0.020000030205822528,0.04234056711353116,0.6756756756756757,0.32432432432432434,long,0.6756756756756757,0.06660025531427961
posts_very_high&has_china,139,0.009825597323485053,0.007142749592650155,0.048931662455445876,0.5683453237410072,0.4172661870503597,long,0.5683453237410072,0.06583830673045808
positive_heavy&volume_drop,55,0.014012218823478478,0.01719179327491127,0.04228047753129069,0.6181818181818182,0.34545454545454546,long,0.6181818181818182,0.06423984482443948
posts_very_high&short_posts,155,0.009258247302544051,0.006689100047638563,0.04962156222496589,0.5548387096774193,0.44516129032258067,long,0.5548387096774193,0.0639530673924001
has_exclamation&volume_drop,157,0.00880018803318787,0.008196686173504109,0.03991533403350966,0.5796178343949044,0.4012738853503185,long,0.5796178343949044,0.06391216331623904
positive_heavy&pre_action,67,0.0124209423438778,0.009852137494135382,0.04209479133919647,0.6268656716417911,0.3283582089552239,long,0.6268656716417911,0.06373330423039668
has_positive&open_deal,79,0.01170458206308205,0.007339536142569214,0.05777259990580878,0.6075949367088608,0.3924050632911392,long,0.6075949367088608,0.063209681589933
attack_heavy&short_posts,142,0.008858342363212843,0.009302555485515396,0.04355321805898842,0.5985915492957746,0.39436619718309857,long,0.5985915492957746,0.06318692410125348
attack_heavy&pre_deal,90,0.010889455995591001,0.008979879743301056,0.041052273512188285,0.6111111111111112,0.37777777777777777,long,0.6111111111111112,0.06313171961478076
posts_very_high&uppercase_phrase_heavy,38,0.018419880079279045,0.006735994826823188,0.05294106356030614,0.5526315789473685,0.4473684210526316,long,0.5526315789473685,0.06275008159389626
pre_action&has_uppercase_phrase,43,0.015756315546536098,0.01088638822593202,0.04861901749252619,0.6046511627906976,0.37209302325581395,long,0.6046511627906976,0.06247320545845982
pre_deal&short_posts,68,0.01319462666574296,0.009661969432458117,0.046039352648539165,0.5735294117647058,0.4264705882352941,long,0.5735294117647058,0.06240325699719218
has_iran&volume_spike,38,0.015336165037416536,0.00876310578420536,0.04183584343917708,0.6578947368421053,0.34210526315789475,long,0.6578947368421053,0.06219636217664061
open_deal&exclamation_heavy,79,0.011458443784343735,0.007339536142569214,0.05770331308336688,0.6075949367088608,0.3924050632911392,long,0.6075949367088608,0.061880431032989465
attack_heavy&open_deal,45,0.013271572847620787,0.009259321664695008,0.046543138173939264,0.6888888888888889,0.3111111111111111,long,0.6888888888888889,0.06133068738161578
short_posts&china_streak_3d,43,0.01675665678087905,0.005337998202245453,0.050326269009420346,0.5581395348837209,0.4418604651162791,long,0.5581395348837209,0.061328788863316816
has_all_caps&uppercase_phrase_heavy,37,0.018482966729279397,0.006329240060996222,0.05281939533865696,0.5405405405405406,0.4594594594594595,long,0.5405405405405406,0.060771620253842897
posts_high&china_streak_3d,52,0.014088909673936147,0.009527277418593494,0.054064943260661996,0.5961538461538461,0.40384615384615385,long,0.5961538461538461,0.06056718744567229
open_deal&lots_of_excl,78,0.011375779050152036,0.0072411428676096845,0.05807209299288901,0.6025641025641025,0.3974358974358974,long,0.6025641025641025,0.06053850681075476
has_relief&deal_over_tariff,44,0.019121215432675434,-0.0015576920886881118,0.05050365957452348,0.4772727272727273,0.5,long,0.4772727272727273,0.060535265438204075
pre_deal&china_streak_3d,22,0.021554778927587722,0.00852415083671021,0.05594447833356895,0.5909090909090909,0.36363636363636365,long,0.5909090909090909,0.059741426007230744
posts_very_high&attack_heavy,168,0.00787238443466452,0.009302555485515396,0.041486150738530805,0.5833333333333334,0.40476190476190477,long,0.5833333333333334,0.05952202923245006
posts_high&has_russia,169,0.007889597029140836,0.008928449524101545,0.04415675049456072,0.5798816568047337,0.40828402366863903,long,0.5798816568047337,0.0594754237581386
posts_high&has_relief,63,0.014217065641089606,0.003284022750857263,0.047045502919419405,0.5238095238095238,0.4603174603174603,long,0.5238095238095238,0.05910900295049227
has_deal&sig_potus,26,0.01867459654033177,0.021990651013025886,0.03670904842552572,0.6153846153846154,0.38461538461538464,long,0.6153846153846154,0.058598235180076313
has_deal&has_relief,46,0.018004256774283176,-0.0015576920886881118,0.05059628363378167,0.4782608695652174,0.5,long,0.4782608695652174,0.05840082243413814
has_night_post&volume_drop,127,0.008666622934266751,0.008196686173504109,0.04199813282966707,0.5905511811023622,0.3858267716535433,long,0.5905511811023622,0.05767788206532436
posts_very_high&has_uppercase_phrase,139,0.009147475657482496,0.001788843698363518,0.04698491438743958,0.5323741007194245,0.460431654676259,long,0.5323741007194245,0.05741502814523313
exclamation_heavy&volume_drop,111,0.009411930353365724,0.008196686173504109,0.03915022621563754,0.5765765765765766,0.3963963963963964,long,0.5765765765765766,0.05717381728232141
short_posts&volume_spike,92,0.009041706096039716,0.013581595800329693,0.06650955638113756,0.6521739130434783,0.33695652173913043,long,0.6521739130434783,0.056559781460760065
pre_deal&pre_action,33,0.014083236401665254,0.012328761099594798,0.04344736599480931,0.696969696969697,0.2727272727272727,long,0.696969696969697,0.05638626596465241
lots_of_excl&volume_drop,83,0.010479832435913062,0.01251570353761644,0.03894118028138727,0.5903614457831325,0.3855421686746988,long,0.5903614457831325,0.05636524155505362
has_china&has_iran,45,0.012563718883386572,0.006837744506416943,0.0384838319625784,0.6666666666666666,0.3111111111111111,long,0.6666666666666666,0.05618665894690026
has_china&short_posts,144,0.0084658159511509,0.0070606556916285035,0.05038800095097382,0.5486111111111112,0.4513888888888889,long,0.5486111111111112,0.05573328834507676
attack_heavy&has_china,145,0.007677284150869448,0.009259321664695008,0.0420927493830419,0.6,0.38620689655172413,long,0.6,0.05546804592657454
has_attack&china_streak_3d,62,0.011730688885378078,0.009700879824309006,0.0539980598586459,0.5967741935483871,0.4032258064516129,long,0.5967741935483871,0.05512256219498135
has_china&has_russia,118,0.008635344746284631,0.009947720478346356,0.04535074816882126,0.5847457627118644,0.3983050847457627,long,0.5847457627118644,0.054851406412595755
posts_high&pre_action,62,0.01131036842493777,0.010072854945313514,0.04425365813143455,0.6129032258064516,0.3548387096774194,long,0.6129032258064516,0.054583892602669576
has_china&pre_deal,84,0.009394297931894183,0.008223840064627508,0.04051907661754096,0.6309523809523809,0.35714285714285715,long,0.6309523809523809,0.054325102686076814
has_iran&has_russia,57,0.011284205352962231,0.010186675425841507,0.03957102825071569,0.631578947368421,0.3508771929824561,long,0.631578947368421,0.053806662409554167
has_russia&uppercase_phrase_heavy,24,0.019979046433556844,0.010297576878391612,0.0509547955950853,0.5416666666666666,0.4583333333333333,long,0.5416666666666666,0.05301667508538518
has_night_post&china_streak_3d,70,0.010574956342163563,0.008342662724452499,0.05175809919655127,0.5857142857142857,0.4,long,0.5857142857142857,0.051821910486725936
has_relief&has_attack,75,0.011375192531309,0.004081600100973581,0.048096135797236046,0.52,0.4666666666666667,long,0.52,0.05122626966627356
posts_very_high&china_streak_3d,38,0.014182297961981333,0.0063387671724073336,0.04987815893592217,0.5789473684210527,0.42105263157894735,long,0.5789473684210527,0.05061479566643563
uppercase_phrase_heavy&short_posts,31,0.017569771387391776,0.0014124835688265058,0.05812483884047644,0.5161290322580645,0.4838709677419355,long,0.5161290322580645,0.0504899855451822
has_china&uppercase_phrase_heavy,34,0.016351367010634568,0.006735994826823188,0.053127694623654374,0.5294117647058824,0.47058823529411764,long,0.5294117647058824,0.050476253534455014
has_tariff&deal_over_tariff,44,0.01115457029404206,0.009318607527476375,0.0343145337091633,0.6818181818181818,0.29545454545454547,long,0.6818181818181818,0.050448442313157024
has_china&has_uppercase_phrase,130,0.008216229751875241,0.003311162949299229,0.04900836400147531,0.5384615384615384,0.45384615384615384,long,0.5384615384615384,0.050442771346458276
has_relief&has_action,28,0.015411478696630078,0.01724648098655801,0.04647560644578239,0.6071428571428571,0.39285714285714285,long,0.6071428571428571,0.049512427102850115
has_russia&open_deal,34,0.013091398764967128,0.010762002555439687,0.050067664510621016,0.6470588235294118,0.35294117647058826,long,0.6470588235294118,0.0493934400460215
pre_deal&open_deal,31,0.013746113460529596,0.007142749592650155,0.05076291922383253,0.6451612903225806,0.3548387096774194,long,0.6451612903225806,0.04937749719545467
has_uppercase_phrase&china_streak_3d,33,0.014602535678059964,0.0018903686532472097,0.038870721879144164,0.5757575757575758,0.42424242424242425,long,0.5757575757575758,0.04829752845507638
deal_heavy&has_iran,43,0.011711758831377908,0.006837744506416943,0.03449044314930305,0.627906976744186,0.32558139534883723,long,0.627906976744186,0.04822271490236547
pre_relief&deal_over_tariff,25,0.018278934720954383,0.008368158241240486,0.04037308799776256,0.52,0.48,long,0.52,0.0475252302744814
deal_heavy&pre_relief,20,0.018767467793025967,0.019990500647694143,0.0433243018857104,0.55,0.45,long,0.55,0.04616186712581842
has_relief&positive_heavy,81,0.0098743731694609,0.004081600100973581,0.04882273652733597,0.5185185185185185,0.4691358024691358,long,0.5185185185185185,0.046080408124150866
has_action&pre_deal,53,0.009751395949398478,0.011553398953642935,0.044107882758560035,0.6415094339622641,0.33962264150943394,long,0.6415094339622641,0.04554154639447544
pre_deal&has_uppercase_phrase,69,0.009686690672660031,0.007339536142569214,0.044437269990152746,0.5652173913043478,0.43478260869565216,long,0.5652173913043478,0.04547948028803951
has_china&sig_potus,27,0.014732042241411726,0.01418446896831016,0.041259950013731665,0.5925925925925926,0.4074074074074074,long,0.5925925925925926,0.04536292562022399
open_deal&volume_spike,25,0.013313667605490425,0.012305388687988472,0.04620418772873618,0.68,0.32,long,0.68,0.04526646985866745
has_attack&pre_relief,36,0.014065264259260564,0.006224879171107034,0.040602939967974656,0.5277777777777778,0.4444444444444444,long,0.5277777777777778,0.04454000348765845
lots_of_excl&tariff_only,48,0.009844413298927228,0.014479765534550215,0.04112324101372073,0.6458333333333334,0.3541666666666667,long,0.6458333333333334,0.04404847867815914
has_relief&exclamation_heavy,86,0.009225155730479346,0.0023482531598418843,0.04771736212374998,0.5116279069767442,0.46511627906976744,long,0.5116279069767442,0.043770061528651906
has_relief&has_night_post,86,0.009225155730479346,0.0023482531598418843,0.04771736212374998,0.5116279069767442,0.46511627906976744,long,0.5116279069767442,0.043770061528651906
has_positive&volume_drop,130,0.006819259620819866,0.006516652748442153,0.03986484653308601,0.5615384615384615,0.4153846153846154,long,0.5615384615384615,0.04366047025408972
china_streak_3d,77,0.008693233368421758,0.007339536142569214,0.05231793726009861,0.5714285714285714,0.4155844155844156,long,0.5714285714285714,0.043590178982394166
has_exclamation&china_streak_3d,77,0.008693233368421758,0.007339536142569214,0.05231793726009861,0.5714285714285714,0.4155844155844156,long,0.5714285714285714,0.043590178982394166
posts_very_high&has_relief,49,0.012650832129064258,0.0,0.05060618717111351,0.4897959183673469,0.4897959183673469,long,0.4897959183673469,0.04337428158536317
has_relief&volume_spike,28,0.014902933188689247,0.009622737778916313,0.0450257908112028,0.5357142857142857,0.4642857142857143,long,0.5357142857142857,0.0422458446671599
has_attack&has_market_brag,130,0.006154189659309589,0.00927836954517458,0.04136074427429191,0.6,0.38461538461538464,long,0.6,0.04210113486566418
positive_heavy&pre_relief,42,0.011855545245180248,0.0044917840717552115,0.04175170959607639,0.5476190476190477,0.42857142857142855,long,0.5476190476190477,0.04207505798004465
pre_relief&has_night_post,42,0.011855545245180248,0.0044917840717552115,0.04175170959607639,0.5476190476190477,0.42857142857142855,long,0.5476190476190477,0.04207505798004465
has_positive&pre_relief,42,0.011855545245180248,0.0044917840717552115,0.04175170959607639,0.5476190476190477,0.42857142857142855,long,0.5476190476190477,0.04207505798004465
pre_relief&exclamation_heavy,42,0.011855545245180248,0.0044917840717552115,0.04175170959607639,0.5476190476190477,0.42857142857142855,long,0.5476190476190477,0.04207505798004465
has_tariff&lots_of_excl,132,0.005988958421919271,0.009622737778916313,0.037612852120386085,0.6060606060606061,0.3787878787878788,long,0.6060606060606061,0.04170175374815368
exclamation_heavy&china_streak_3d,73,0.00859287692517825,0.007339536142569214,0.0520400547275022,0.5616438356164384,0.4246575342465753,long,0.5616438356164384,0.041234527094558875
has_iran&open_deal,23,0.012268523197821186,0.007142749592650155,0.04636287378844351,0.6956521739130435,0.30434782608695654,long,0.6956521739130435,0.040930622815029016
posts_high&pre_relief,33,0.013789455581260273,0.0014124835688265058,0.03925623899306666,0.5151515151515151,0.45454545454545453,long,0.5151515151515151,0.04080741377634706
lots_of_excl&china_streak_3d,72,0.00857759751972563,0.0063387671724073336,0.05240508768011635,0.5555555555555556,0.4305555555555556,long,0.5555555555555556,0.04043518248324603
positive_heavy&has_iran,92,0.0068789038701714145,0.006990247049533549,0.03769739830200437,0.6086956521739131,0.3804347826086957,long,0.6086956521739131,0.04016181707562461
has_russia&has_uppercase_phrase,116,0.006921235779833516,0.0025152344470135146,0.045821120260377685,0.5344827586206896,0.45689655172413796,long,0.5344827586206896,0.03984247778091817
has_russia&short_posts,134,0.006395741572289557,0.003710931633320702,0.0438243309770226,0.5373134328358209,0.44029850746268656,long,0.5373134328358209,0.039780570257849035
has_deal&pre_relief,26,0.015548163944321826,0.0026263870319321314,0.04193651893032308,0.5,0.5,long,0.5,0.03964019567631837
posts_very_high&pre_action,47,0.00962659118075932,0.007142749592650155,0.04211502290140596,0.5957446808510638,0.3829787234042553,long,0.5957446808510638,0.03931711394058461
open_deal&short_posts,45,0.011452434828105594,0.001769885090649792,0.06676842412813248,0.5111111111111111,0.4888888888888889,long,0.5111111111111111,0.03926624826807968
sig_potus&exclamation_heavy,61,0.00875676813875642,0.009692994117766807,0.04067849166174511,0.5737704918032787,0.4262295081967213,long,0.5737704918032787,0.03924162447737576
posts_very_high&pre_deal,75,0.00782678927445421,0.006837744506416943,0.04355378674797792,0.5733333333333334,0.4266666666666667,long,0.5733333333333334,0.038861670492670884
has_relief&has_uppercase_phrase,41,0.012438490451193832,0.0,0.04318606511637509,0.4878048780487805,0.4878048780487805,long,0.4878048780487805,0.03885131691956891
has_relief&has_positive,87,0.008197491130378067,0.0014124835688265058,0.04839783826133953,0.5057471264367817,0.47126436781609193,long,0.5057471264367817,0.03866998517843987
sig_potus&lots_of_excl,56,0.00896839694525032,0.00886065937522984,0.0415111025493028,0.5714285714285714,0.42857142857142855,long,0.5714285714285714,0.0383504784888191
has_relief&lots_of_excl,83,0.008123513999391038,0.0014124835688265058,0.047909910620234676,0.5060240963855421,0.4819277108433735,long,0.5060240963855421,0.03745020311167997
has_positive&sig_potus,59,0.008346576978868488,0.009692994117766807,0.0426763832283197,0.576271186440678,0.423728813559322,long,0.576271186440678,0.036945480088081115
high_emotion&has_exclamation,39,-0.009594219366221636,-0.01343566641625904,0.053021317379284706,0.38461538461538464,0.6153846153846154,short,0.6153846153846154,0.03687131122353801
attack_heavy&has_iran,51,0.007910147484175227,0.007339536142569214,0.033190579857526416,0.6470588235294118,0.35294117647058826,long,0.6470588235294118,0.036552192546588966
high_emotion&volume_spike,22,-0.017135023154993535,0.0019203143319013183,0.10940087473671178,0.5454545454545454,0.45454545454545453,short,0.45454545454545453,0.036531992114145935
posts_high&sig_potus,44,0.009657986033707459,0.005699854126549941,0.04191407143996714,0.5681818181818182,0.4318181818181818,long,0.5681818181818182,0.03639990443670498
pre_relief&lots_of_excl,41,0.010549081786568817,0.004081600100973581,0.041392096252279874,0.5365853658536586,0.43902439024390244,long,0.5365853658536586,0.03624477531573865
has_attack&has_iran,90,0.006120991525079818,0.006990247049533549,0.037742397464543005,0.6222222222222222,0.37777777777777777,long,0.6222222222222222,0.036131712881301126
pre_relief&has_uppercase_phrase,20,0.016082792257515542,0.0007062417844132529,0.041813392575369035,0.5,0.45,long,0.5,0.03596221675581206
has_tariff&exclamation_heavy,136,0.005073100860990277,0.009232579775541483,0.037847883044039576,0.6029411764705882,0.38235294117647056,long,0.6029411764705882,0.035671214417748114
has_positive&china_streak_3d,75,0.007345245821168151,0.005337998202245453,0.05234697641773005,0.56,0.4266666666666667,long,0.56,0.03562254907776941
has_iran&has_night_post,109,0.00579359124109211,0.0056497457551929475,0.03754447632905182,0.5871559633027523,0.3944954128440367,long,0.5871559633027523,0.03551522544988836
attack_heavy&uppercase_phrase_heavy,35,0.010992135109798615,0.007142749592650155,0.04019651695836187,0.5428571428571428,0.45714285714285713,long,0.5428571428571428,0.035302189075068637
has_tariff,139,0.0049481501308749655,0.008928449524101545,0.038340280286201886,0.60431654676259,0.381294964028777,long,0.60431654676259,0.035254515772582214
has_tariff&has_exclamation,139,0.0049481501308749655,0.008928449524101545,0.038340280286201886,0.60431654676259,0.381294964028777,long,0.60431654676259,0.035254515772582214
pre_relief&has_exclamation,43,0.009890499016317522,0.004081600100973581,0.04321736751003998,0.5348837209302325,0.4418604651162791,long,0.5348837209302325,0.03469060007688246
has_relief&pre_relief,43,0.009890499016317522,0.004081600100973581,0.04321736751003998,0.5348837209302325,0.4418604651162791,long,0.5348837209302325,0.03469060007688246
pre_relief,43,0.009890499016317522,0.004081600100973581,0.04321736751003998,0.5348837209302325,0.4418604651162791,long,0.5348837209302325,0.03469060007688246
has_relief&short_posts,44,0.010946134668054875,-0.0018740126493098641,0.053689738017355125,0.4772727272727273,0.5,long,0.4772727272727273,0.03465402970779223
posts_very_high&has_russia,120,0.005863149164781326,0.0023332492256022963,0.043608789520562075,0.5333333333333333,0.45,long,0.5333333333333333,0.03425470992606194
attack_heavy&china_streak_3d,39,0.009299689858156638,0.009692994117766807,0.037145016006111524,0.5897435897435898,0.41025641025641024,long,0.5897435897435898,0.03425026986276985
has_relief,88,0.00727886688348835,0.0007062417844132529,0.048884432912371115,0.5,0.4772727272727273,long,0.5,0.03414091194397061
has_relief&has_exclamation,88,0.00727886688348835,0.0007062417844132529,0.048884432912371115,0.5,0.4772727272727273,long,0.5,0.03414091194397061
has_action&has_market_brag,42,0.008810962288065795,0.008813739952967747,0.04306032022406483,0.5952380952380952,0.35714285714285715,long,0.5952380952380952,0.033989024935955264
positive_heavy&sig_potus,52,0.00872203520053032,0.008221464717694249,0.04220693188201523,0.5384615384615384,0.46153846153846156,long,0.5384615384615384,0.03386680246052266
has_tariff&has_action,42,0.008427525237953653,0.008339729809815788,0.03911558716088768,0.6190476190476191,0.35714285714285715,long,0.6190476190476191,0.03381027977876444
lots_of_excl&has_chips,31,0.009828066304143103,0.00510544327181095,0.048523125873727924,0.6129032258064516,0.3870967741935484,long,0.6129032258064516,0.033538283521001036
exclamation_heavy&has_chips,31,0.009828066304143103,0.00510544327181095,0.048523125873727924,0.6129032258064516,0.3870967741935484,long,0.6129032258064516,0.033538283521001036
has_relief&has_all_caps,25,0.011969136901393477,0.003284022750857263,0.04349796597702337,0.56,0.44,long,0.56,0.03351358332390174
has_attack&tariff_rising,21,0.010224481001521993,0.019018895872914277,0.030013079458283784,0.7142857142857143,0.23809523809523808,long,0.7142857142857143,0.03346747009365174
has_tariff&has_all_caps,41,0.008912153806602596,0.008928449524101545,0.03853189802691936,0.5853658536585366,0.4146341463414634,long,0.5853658536585366,0.03340427007616771
has_tariff&has_positive,137,0.004760431031640372,0.008928449524101545,0.03856154091327611,0.5985401459854015,0.38686131386861317,long,0.5985401459854015,0.033350307788498505
posts_low&has_exclamation,125,0.005314948895011666,0.008143264230276781,0.04523398378428662,0.56,0.432,long,0.56,0.033276843673313745
posts_very_high&sig_potus,31,0.010805237663288756,0.011658157704045768,0.04282419754165998,0.5483870967741935,0.45161290322580644,long,0.5483870967741935,0.032991525557763024
positive_heavy&china_streak_3d,67,0.007283116590644193,0.005337998202245453,0.05287610235371965,0.5522388059701493,0.43283582089552236,long,0.5522388059701493,0.032921649361264
exclamation_heavy&tariff_only,52,0.007152520072112325,0.013189773186174647,0.04160813228621811,0.6346153846153846,0.36538461538461536,long,0.6346153846153846,0.032731910371921163
has_market_brag&volume_drop,23,0.011922808675198817,0.013008196256139914,0.040481644953034336,0.5652173913043478,0.43478260869565216,long,0.5652173913043478,0.03231900704270795
has_tariff&positive_heavy,117,0.004909021646925831,0.008928449524101545,0.03709950984214654,0.6068376068376068,0.37606837606837606,long,0.6068376068376068,0.03222258403807993
has_attack&sig_potus,52,0.007943591815718723,0.005699854126549941,0.041946754441282506,0.5576923076923077,0.4423076923076923,long,0.5576923076923077,0.03194576155711418
has_positive&has_iran,111,0.005152562435292313,0.0062891707124772545,0.037769270722611444,0.5855855855855856,0.3963963963963964,long,0.5855855855855856,0.03178887292146584
has_tariff&tariff_only,55,0.006723312633577881,0.012820332371336729,0.042566885620259405,0.6363636363636364,0.36363636363636365,long,0.6363636363636364,0.031729995169989096
has_exclamation&tariff_only,55,0.006723312633577881,0.012820332371336729,0.042566885620259405,0.6363636363636364,0.36363636363636365,long,0.6363636363636364,0.031729995169989096
tariff_only,55,0.006723312633577881,0.012820332371336729,0.042566885620259405,0.6363636363636364,0.36363636363636365,long,0.6363636363636364,0.031729995169989096
has_russia&has_all_caps,68,0.007064386957335333,0.0033087366912543104,0.04899206484754352,0.5441176470588235,0.45588235294117646,long,0.5441176470588235,0.03169726186462311
has_china&china_streak_3d,45,0.008499087413832523,0.005337998202245453,0.03963430865485428,0.5555555555555556,0.4222222222222222,long,0.5555555555555556,0.03167422867340401
sig_potus,62,0.007102768742633705,0.00801602145092617,0.04239371500539147,0.5645161290322581,0.43548387096774194,long,0.5645161290322581,0.03157183863286124
sig_potus&has_exclamation,62,0.007102768742633705,0.00801602145092617,0.04239371500539147,0.5645161290322581,0.43548387096774194,long,0.5645161290322581,0.03157183863286124
has_market_brag&has_night_post,146,0.004434005523450778,0.006740899188367844,0.04089127554220433,0.5821917808219178,0.4041095890410959,long,0.5821917808219178,0.031191677191077953
attack_heavy&all_caps_heavy,24,0.011676221046114016,0.004049562575823007,0.038963205185221894,0.5416666666666666,0.4583333333333333,long,0.5416666666666666,0.030984182327502458
has_relief&attack_heavy,47,0.008814403274909892,0.008368158241240486,0.03648291313056377,0.5106382978723404,0.46808510638297873,long,0.5106382978723404,0.030857108610089886
has_iran&deal_only,57,0.0068485095007476135,0.006689100047638563,0.038105053718111,0.5964912280701754,0.38596491228070173,long,0.5964912280701754,0.03084164626678578
has_iran,117,0.004844865512704318,0.0056497457551929475,0.03728225078699274,0.5811965811965812,0.4017094017094017,long,0.5811965811965812,0.030457742306595217
has_iran&has_exclamation,117,0.004844865512704318,0.0056497457551929475,0.03728225078699274,0.5811965811965812,0.4017094017094017,long,0.5811965811965812,0.030457742306595217
has_night_post&sig_potus,61,0.006895459283327089,0.0063390487840855325,0.04271383686308722,0.5573770491803278,0.4426229508196721,long,0.5573770491803278,0.03001768513961179
has_night_post&has_chips,30,0.009057292456896663,0.0041735342337372305,0.04915924386914015,0.6,0.4,long,0.6,0.029765300331382135
positive_heavy&has_chips,30,0.009057292456896663,0.0041735342337372305,0.04915924386914015,0.6,0.4,long,0.6,0.029765300331382135
has_exclamation&has_chips,32,0.008846821722756418,0.0041735342337372305,0.04805573059641176,0.59375,0.40625,long,0.59375,0.029714326252520216
has_chips,32,0.008846821722756418,0.0041735342337372305,0.04805573059641176,0.59375,0.40625,long,0.59375,0.029714326252520216
has_tariff&deal_heavy,58,0.006091110886277901,0.007864389217880574,0.0345802576854889,0.6379310344827587,0.3448275862068966,long,0.6379310344827587,0.029592675577316454
attack_heavy&sig_potus,33,0.009351754462232421,0.011658157704045768,0.039413182682392356,0.5454545454545454,0.45454545454545453,long,0.5454545454545454,0.02930276692545583
posts_high&all_caps_heavy,27,0.010098871531430322,0.001769885090649792,0.03766870782826116,0.5555555555555556,0.4444444444444444,long,0.5555555555555556,0.029152930985913726
has_russia&volume_drop,23,0.00998639635059885,0.014705857710437309,0.033960720507270656,0.6086956521739131,0.30434782608695654,long,0.6086956521739131,0.0291523061702156
has_iran&exclamation_heavy,115,0.004641380116773864,0.0056497457551929475,0.0374277468775638,0.5826086956521739,0.4,long,0.5826086956521739,0.02899833214760953
pre_deal&volume_spike,46,0.0069735782885218195,0.010756502100167764,0.03687788922395771,0.6086956521739131,0.3695652173913043,long,0.6086956521739131,0.02878954467925135
posts_very_high&has_iran,55,0.0066492437390774164,0.006689100047638563,0.038626500543177046,0.5818181818181818,0.41818181818181815,long,0.5818181818181818,0.028690682971971634
has_positive&tariff_only,53,0.0063050637356583785,0.012820332371336729,0.04325671107112786,0.6226415094339622,0.37735849056603776,long,0.6226415094339622,0.02858021464526127
has_iran&deal_over_tariff,68,0.0058019836217162,0.00492867019558596,0.03534180276579935,0.5882352941176471,0.38235294117647056,long,0.5882352941176471,0.028143754482870112
posts_high&has_iran,76,0.005418172141455913,0.0063141097482813935,0.03700805231417488,0.5921052631578947,0.40789473684210525,long,0.5921052631578947,0.027967813606555685
posts_very_high&pre_relief,24,0.012407295742072727,-0.0015576920886881118,0.04267114039822298,0.4583333333333333,0.5,long,0.4583333333333333,0.027858915017894163
has_relief&pre_deal,29,0.011484368454402693,-0.005290926607711688,0.05196772315039596,0.4482758620689655,0.5517241379310345,long,0.4482758620689655,0.027723717890572267
tariff_heavy&has_night_post,21,-0.011462693785950408,-0.007604502964879689,0.029543689449510538,0.47619047619047616,0.5238095238095238,short,0.5238095238095238,0.0275150133983045
has_russia&sig_potus,36,0.008243994387298753,0.010537632042070477,0.0402554912877222,0.5555555555555556,0.4444444444444444,long,0.5555555555555556,0.027479981290995846
has_iran&lots_of_excl,109,0.004351627514531148,0.0056497457551929475,0.03743674868082964,0.5779816513761468,0.41284403669724773,long,0.5779816513761468,0.026259050266529985
has_positive&has_chips,31,0.008069258496989326,0.003241625195663511,0.04864503496565614,0.5806451612903226,0.41935483870967744,long,0.5806451612903226,0.026087068970709976
pre_deal&has_all_caps,45,0.007287164150171491,0.005300361489256389,0.0423805922697774,0.5333333333333333,0.4666666666666667,long,0.5333333333333333,0.026071351044772706
posts_high&has_market_brag,103,0.004394105965050416,0.006329240060996222,0.04313901187411861,0.5825242718446602,0.39805825242718446,long,0.5825242718446602,0.025977847552323245
has_attack&all_caps_heavy,25,0.009965926891650679,0.001769885090649792,0.039089685818803295,0.52,0.48,long,0.52,0.025911409918291765
posts_very_high&all_caps_heavy,24,0.009588697539019633,0.001591184329738149,0.038041834830288425,0.5416666666666666,0.4583333333333333,long,0.5416666666666666,0.025444700957518798
has_relief&has_russia,37,0.009065533272648984,0.0,0.04523944507842946,0.4594594594594595,0.4864864864864865,long,0.4594594594594595,0.025336196319910746
all_caps_heavy&short_posts,25,0.008939413429762922,0.001769885090649792,0.039472636692323836,0.56,0.44,long,0.56,0.025030357603336183
has_tariff&has_china,84,0.004655848519083643,0.007864389217880574,0.03879277025700624,0.5833333333333334,0.39285714285714285,long,0.5833333333333334,0.02489174130677365
has_attack&tariff_only,44,0.005844884577100309,0.013189773186174647,0.04213154621981076,0.6363636363636364,0.36363636363636365,long,0.6363636363636364,0.024672186108406866
pre_tariff&tariff_only,21,-0.009385327645288856,-0.025751069356999334,0.04101925595660622,0.42857142857142855,0.5714285714285714,short,0.5714285714285714,0.02457655677514162
has_market_brag&volume_spike,36,0.006129274882378759,0.009846070667419271,0.0399004398110552,0.6666666666666666,0.2777777777777778,long,0.6666666666666666,0.024517099529515037
attack_heavy&has_market_brag,76,0.005067477237945193,0.005847942703223863,0.039783904978689534,0.5526315789473685,0.42105263157894735,long,0.5526315789473685,0.024413739197726842
positive_heavy&all_caps_heavy,24,0.009120555905799346,0.001591184329738149,0.03845046028560026,0.5416666666666666,0.4583333333333333,long,0.5416666666666666,0.02420243381804737
positive_heavy&tariff_only,40,0.006083909530906878,0.011503503898589118,0.03985493787550185,0.625,0.375,long,0.625,0.02404876399509038
has_market_brag&pre_deal,39,0.006816396470360564,0.005337998202245453,0.040937204896351935,0.5641025641025641,0.41025641025641024,long,0.5641025641025641,0.02401293361285169
posts_low&has_positive,88,0.0045963665407975,0.008788559823851294,0.04015416974546012,0.5568181818181818,0.4318181818181818,long,0.5568181818181818,0.024008741658709157
has_iran&has_all_caps,25,0.007938120251415897,0.01088638822593202,0.04596172720888334,0.6,0.4,long,0.6,0.02381436075424769
has_deal&has_iran,76,0.004589871534800823,0.00492867019558596,0.03573429748898715,0.5921052631578947,0.3815789473684211,long,0.5921052631578947,0.023692246796878483
has_all_caps&china_streak_3d,20,0.008802001565163026,0.005573228006652053,0.05809699146423238,0.6,0.4,long,0.6,0.023618248605316885
has_tariff&has_attack,113,0.0035837246315904574,0.009708765530851204,0.03810570263101232,0.6194690265486725,0.37168141592920356,long,0.6194690265486725,0.023598991832342237
positive_heavy&has_market_brag,136,0.003388581017564777,0.00837870026721621,0.04268442723716802,0.5882352941176471,0.39705882352941174,long,0.5882352941176471,0.023245474006124887
tariff_heavy&has_positive,22,-0.009812822542557064,-0.0029173089371149485,0.029852167849109112,0.5,0.5,short,0.5,0.023013108750980137
has_tariff&tariff_heavy,22,-0.009812822542557064,-0.0029173089371149485,0.029852167849109112,0.5,0.5,short,0.5,0.023013108750980137
tariff_heavy&has_exclamation,22,-0.009812822542557064,-0.0029173089371149485,0.029852167849109112,0.5,0.5,short,0.5,0.023013108750980137
tariff_heavy&exclamation_heavy,22,-0.009812822542557064,-0.0029173089371149485,0.029852167849109112,0.5,0.5,short,0.5,0.023013108750980137
tariff_heavy,22,-0.009812822542557064,-0.0029173089371149485,0.029852167849109112,0.5,0.5,short,0.5,0.023013108750980137
tariff_heavy&lots_of_excl,22,-0.009812822542557064,-0.0029173089371149485,0.029852167849109112,0.5,0.5,short,0.5,0.023013108750980137
all_caps_heavy,28,0.00811681147743568,0.001591184329738149,0.038423668053880866,0.5357142857142857,0.4642857142857143,long,0.5357142857142857,0.02300899779438168
has_positive&all_caps_heavy,28,0.00811681147743568,0.001591184329738149,0.038423668053880866,0.5357142857142857,0.4642857142857143,long,0.5357142857142857,0.02300899779438168
all_caps_heavy&exclamation_heavy,28,0.00811681147743568,0.001591184329738149,0.038423668053880866,0.5357142857142857,0.4642857142857143,long,0.5357142857142857,0.02300899779438168
has_all_caps&all_caps_heavy,28,0.00811681147743568,0.001591184329738149,0.038423668053880866,0.5357142857142857,0.4642857142857143,long,0.5357142857142857,0.02300899779438168
all_caps_heavy&has_uppercase_phrase,28,0.00811681147743568,0.001591184329738149,0.038423668053880866,0.5357142857142857,0.4642857142857143,long,0.5357142857142857,0.02300899779438168
all_caps_heavy&has_exclamation,28,0.00811681147743568,0.001591184329738149,0.038423668053880866,0.5357142857142857,0.4642857142857143,long,0.5357142857142857,0.02300899779438168
all_caps_heavy&lots_of_excl,28,0.00811681147743568,0.001591184329738149,0.038423668053880866,0.5357142857142857,0.4642857142857143,long,0.5357142857142857,0.02300899779438168
has_night_post&all_caps_heavy,28,0.00811681147743568,0.001591184329738149,0.038423668053880866,0.5357142857142857,0.4642857142857143,long,0.5357142857142857,0.02300899779438168
has_night_post&high_emotion,39,-0.0062372162197974305,-0.013082056122699526,0.059801611900966944,0.41025641025641024,0.5897435897435898,short,0.5897435897435898,0.022971340117664066
has_attack&has_chips,27,0.007379199028251883,0.003241625195663511,0.0463881011442231,0.5925925925925926,0.4074074074074074,long,0.5925925925925926,0.02272204024194693
short_posts&tariff_only,20,0.007805839306461576,0.019743625913942187,0.04716160464100938,0.65,0.35,long,0.65,0.022690703503894266
posts_low&has_night_post,94,0.004285416166328379,0.004332895661932512,0.053155361067933206,0.5425531914893617,0.44680851063829785,long,0.5425531914893617,0.022542353343361184
has_market_brag&pre_action,23,0.008146257573297021,0.006329240060996222,0.04676464745283231,0.5652173913043478,0.34782608695652173,long,0.5652173913043478,0.022081957620502465
attack_heavy&pre_relief,25,0.00915147582706393,0.0,0.0335392337994386,0.48,0.48,long,0.48,0.02196354198495343
posts_high&has_chips,24,0.008240576607987063,0.0023332492256022963,0.05093930553858038,0.5416666666666666,0.4583333333333333,long,0.5416666666666666,0.02186730853220691
posts_low&has_uppercase_phrase,23,0.008728116134576995,0.010638297872340496,0.03350709051130104,0.5217391304347826,0.4782608695652174,long,0.5217391304347826,0.021839256259481063
has_china&volume_drop,29,0.00732889911368987,0.014492880660048613,0.041143883212429615,0.5517241379310345,0.41379310344827586,long,0.5517241379310345,0.021775078390114173
has_tariff&pre_deal,55,0.0046077359404160115,0.007339536142569214,0.03069222995897037,0.6363636363636364,0.34545454545454546,long,0.6363636363636364,0.021745744561067884
has_china&tariff_only,22,0.007021173734442746,0.026846920051426526,0.04500191022598225,0.6363636363636364,0.36363636363636365,long,0.6363636363636364,0.02095686977776546
has_positive&has_market_brag,160,0.0028187620417949796,0.006740899188367844,0.0415910664168543,0.58125,0.40625,long,0.58125,0.020724371644279878
pre_tariff&deal_over_tariff,20,0.007711203802225314,0.005657880158605244,0.029608503117897072,0.6,0.35,long,0.6,0.020691331068156776
tariff_heavy&positive_heavy,21,-0.009299036405432694,0.001769885090649792,0.030489533801918905,0.5238095238095238,0.47619047619047616,short,0.47619047619047616,0.020292161056212087
has_tariff&has_deal,84,0.003785841349343295,0.006215272551117645,0.03552112815869751,0.5833333333333334,0.39285714285714285,long,0.5833333333333334,0.02024038864453597
pre_tariff&has_night_post,60,-0.004893970566180213,-0.001793636562724299,0.03581408866948011,0.45,0.5166666666666667,short,0.5166666666666667,0.01958607538296676
posts_high&tariff_heavy,20,-0.009620433460323269,0.001779364394506655,0.03137684955873965,0.55,0.45,short,0.45,0.01936074887126672
has_deal&tariff_rising,22,0.0069608355332905015,0.006863620247718694,0.02491020551323612,0.5909090909090909,0.3181818181818182,long,0.5909090909090909,0.019292716587704595
attack_heavy&tariff_only,24,0.006261519132143105,0.011351189481728974,0.03943776868391111,0.625,0.375,long,0.625,0.01917190861053145
posts_high&pre_tariff,43,-0.005464550183259005,-0.0035650088050276363,0.03626793767235693,0.4418604651162791,0.5348837209302325,short,0.5348837209302325,0.019166730080528733
has_market_brag&has_exclamation,165,0.0026018206777099983,0.006329240060996222,0.04116997878086005,0.5696969696969697,0.41818181818181815,long,0.5696969696969697,0.019039837714651606
has_market_brag,165,0.0026018206777099983,0.006329240060996222,0.04116997878086005,0.5696969696969697,0.41818181818181815,long,0.5696969696969697,0.019039837714651606
has_tariff&attack_heavy,72,0.0037374161883276433,0.00813399283333538,0.03502418283666793,0.5972222222222222,0.3888888888888889,long,0.5972222222222222,0.018939725037993797
pre_tariff&pre_deal,32,0.005453023127701052,0.006642061991204096,0.03219066833514762,0.59375,0.375,long,0.59375,0.018315380749931335
has_tariff&has_russia,64,0.0036623089953920097,0.009318607527476375,0.03653768224901024,0.625,0.359375,long,0.625,0.018311544976960047
has_iran&has_uppercase_phrase,57,0.004606725498548083,0.001769885090649792,0.04172423301424677,0.5263157894736842,0.47368421052631576,long,0.5263157894736842,0.018305270948830592
lots_of_excl&tariff_rising,28,0.005968751395778639,0.006863620247718694,0.028488141944694036,0.5714285714285714,0.35714285714285715,long,0.5714285714285714,0.0180478078066285
has_exclamation&tariff_rising,28,0.005968751395778639,0.006863620247718694,0.028488141944694036,0.5714285714285714,0.35714285714285715,long,0.5714285714285714,0.0180478078066285
has_tariff&tariff_rising,28,0.005968751395778639,0.006863620247718694,0.028488141944694036,0.5714285714285714,0.35714285714285715,long,0.5714285714285714,0.0180478078066285
tariff_rising,28,0.005968751395778639,0.006863620247718694,0.028488141944694036,0.5714285714285714,0.35714285714285715,long,0.5714285714285714,0.0180478078066285
exclamation_heavy&tariff_rising,28,0.005968751395778639,0.006863620247718694,0.028488141944694036,0.5714285714285714,0.35714285714285715,long,0.5714285714285714,0.0180478078066285
has_positive&tariff_rising,28,0.005968751395778639,0.006863620247718694,0.028488141944694036,0.5714285714285714,0.35714285714285715,long,0.5714285714285714,0.0180478078066285
has_market_brag&exclamation_heavy,162,0.002463522934651488,0.006334144422540877,0.04144485334102632,0.5740740740740741,0.41358024691358025,long,0.5740740740740741,0.018000395651240057
has_action&china_streak_3d,22,0.006997149192053561,0.006570437417133479,0.03919971075381278,0.5454545454545454,0.45454545454545453,long,0.5454545454545454,0.0179015666423148
has_market_brag&lots_of_excl,155,0.002501136520423731,0.006329240060996222,0.042012659061803355,0.567741935483871,0.41935483870967744,long,0.567741935483871,0.017678858537368867
positive_heavy&tariff_rising,26,0.005966987837511595,0.006863620247718694,0.029348931683697788,0.5769230769230769,0.34615384615384615,long,0.5769230769230769,0.017553338896639865
open_tariff,29,0.004803485692858037,0.009983375803987338,0.032977286599432165,0.6551724137931034,0.3448275862068966,long,0.6551724137931034,0.016947713103114166
open_tariff&exclamation_heavy,29,0.004803485692858037,0.009983375803987338,0.032977286599432165,0.6551724137931034,0.3448275862068966,long,0.6551724137931034,0.016947713103114166
has_tariff&open_tariff,29,0.004803485692858037,0.009983375803987338,0.032977286599432165,0.6551724137931034,0.3448275862068966,long,0.6551724137931034,0.016947713103114166
open_tariff&has_exclamation,29,0.004803485692858037,0.009983375803987338,0.032977286599432165,0.6551724137931034,0.3448275862068966,long,0.6551724137931034,0.016947713103114166
sig_potus&has_uppercase_phrase,32,0.005783484530171166,0.0009726376458190633,0.03888381871093103,0.5,0.5,long,0.5,0.016358164520686103
has_night_post&tariff_only,51,0.0036099511794932516,0.01251570353761644,0.04194070924149354,0.6078431372549019,0.39215686274509803,long,0.6078431372549019,0.01567032249696925
sig_potus&has_all_caps,20,0.006966415446569807,8.431928674051958e-05,0.03959806974116615,0.5,0.5,long,0.5,0.015577378498034644
has_market_brag&has_all_caps,54,0.004186716204512682,-0.0001354624676455085,0.048927404597924995,0.5,0.5,long,0.5,0.0153829775983469
has_tariff&short_posts,40,0.004220825005094455,0.006023669881739302,0.04297755359926677,0.575,0.425,long,0.575,0.015349533714253823
brag_heavy&deal_over_tariff,24,-0.005343754177690979,-0.006213750495099701,0.025413866281309705,0.375,0.5833333333333334,short,0.5833333333333334,0.015271049553910279
has_market_brag&has_china,72,0.003071014725013551,0.0058336191316208375,0.04650371345863973,0.5833333333333334,0.4027777777777778,long,0.5833333333333334,0.015200747360265757
has_attack&brag_heavy,33,0.005123583551420635,0.001788843698363518,0.031683151983977406,0.5151515151515151,0.45454545454545453,long,0.5151515151515151,0.015162324050316055
sig_potus&short_posts,30,0.004875631920779137,0.004811535767471398,0.041279522445612934,0.5666666666666667,0.43333333333333335,long,0.5666666666666667,0.01513279698225019
has_iran&pre_deal,41,0.004205508031967113,0.001915747888142194,0.02954712469907677,0.5609756097560976,0.4146341463414634,long,0.5609756097560976,0.015106170230116202
has_attack&pre_tariff,51,-0.00424980796676857,0.0,0.03690973206106173,0.49019607843137253,0.49019607843137253,short,0.49019607843137253,0.014877303642023996
open_tariff&has_night_post,28,0.00426972997616235,0.00976004291548438,0.0334546155852555,0.6428571428571429,0.35714285714285715,long,0.6428571428571429,0.014524256162987127
has_tariff&has_night_post,129,0.002132264130116218,0.007142749592650155,0.03749962197861937,0.5813953488372093,0.40310077519379844,long,0.5813953488372093,0.014080154144148318
has_russia&china_streak_3d,33,0.004444959183698065,0.007339536142569214,0.053791535918568244,0.5454545454545454,0.45454545454545453,long,0.5454545454545454,0.013927825359304402
posts_very_high&open_tariff,21,0.004788006461865163,0.0062891707124772545,0.03362217438930807,0.6190476190476191,0.38095238095238093,long,0.6190476190476191,0.013582772691078687
posts_very_high&has_tariff,59,0.003005903558658146,0.005366645345451504,0.03955936590112024,0.576271186440678,0.4067796610169492,long,0.576271186440678,0.013305400567712958
open_tariff&lots_of_excl,28,0.003908765617392681,0.00976004291548438,0.033222044545416704,0.6428571428571429,0.35714285714285715,long,0.6428571428571429,0.013296370830249704
has_positive&open_tariff,28,0.003908765617392681,0.00976004291548438,0.033222044545416704,0.6428571428571429,0.35714285714285715,long,0.6428571428571429,0.013296370830249704
high_emotion&short_posts,58,-0.003730192447693505,0.0060060866451844275,0.07503204278396998,0.5344827586206896,0.46551724137931033,short,0.46551724137931033,0.013224553133046607
attack_heavy&brag_heavy,27,0.00476081958974313,0.001788843698363518,0.0331383237864806,0.5185185185185185,0.4444444444444444,long,0.5185185185185185,0.012827082201273385
brag_heavy&has_night_post,40,0.0036397042125113992,0.001779364394506655,0.029373652020701965,0.55,0.425,long,0.55,0.012660730852930097
has_positive&high_emotion,24,-0.004298984708697033,-0.01481994925587915,0.04651308822878678,0.4166666666666667,0.5833333333333334,short,0.5833333333333334,0.012285372106390963
has_attack&open_tariff,28,0.0035947764699696167,0.00976004291548438,0.032921751200377526,0.6428571428571429,0.35714285714285715,long,0.6428571428571429,0.012228280146522328
has_china&tariff_rising,21,0.00466953823985241,0.005337998202245453,0.025133095979540162,0.5714285714285714,0.3333333333333333,long,0.5714285714285714,0.012227721396922584
has_night_post&tariff_rising,25,0.00414734517890512,0.005337998202245453,0.028417849555851124,0.56,0.36,long,0.56,0.011612566500934337
pre_tariff&exclamation_heavy,62,-0.0027625848960772877,-0.00023594447403618712,0.03678858098163882,0.46774193548387094,0.5,short,0.5,0.010876307612169333
has_positive&pre_tariff,62,-0.0027625848960772877,-0.00023594447403618712,0.03678858098163882,0.46774193548387094,0.5,short,0.5,0.010876307612169333
positive_heavy&open_tariff,27,0.0033221033898762136,0.009536710026981421,0.03370677866068206,0.6296296296296297,0.37037037037037035,long,0.6296296296296297,0.0108687646230512
has_deal&brag_heavy,27,-0.003964150996047966,-0.0031153841773762236,0.024275268703235237,0.4444444444444444,0.5185185185185185,short,0.5185185185185185,0.010680617008490876
pre_tariff&has_exclamation,63,-0.0026273348334252457,0.0,0.03650648019022587,0.47619047619047616,0.49206349206349204,short,0.49206349206349204,0.010261405332588375
pre_tariff,63,-0.0026273348334252457,0.0,0.03650648019022587,0.47619047619047616,0.49206349206349204,short,0.49206349206349204,0.010261405332588375
has_tariff&pre_tariff,63,-0.0026273348334252457,0.0,0.03650648019022587,0.47619047619047616,0.49206349206349204,short,0.49206349206349204,0.010261405332588375
high_emotion,68,-0.0024824615381425644,0.0019203143319013183,0.07155445526027368,0.5147058823529411,0.4852941176470588,short,0.4852941176470588,0.009934408452904046
positive_heavy&brag_heavy,38,0.0030280019598557238,0.001591184329738149,0.029738280761519163,0.5263157894736842,0.4473684210526316,long,0.5263157894736842,0.009824135622290594
posts_low&volume_spike,38,0.0025774094284929296,0.012462006079027366,0.08967638107549229,0.6052631578947368,0.39473684210526316,long,0.6052631578947368,0.009616553467496838
posts_high&tariff_only,28,0.002919338902442666,0.010085025614914422,0.04228907272053726,0.6071428571428571,0.39285714285714285,long,0.6071428571428571,0.009378954313275163
posts_high&has_tariff,94,0.0016305007682263174,0.006715960152563705,0.037202248280215205,0.5851063829787234,0.40425531914893614,long,0.5851063829787234,0.009249532239144497
has_market_brag&short_posts,80,0.001834705077620445,0.0058336191316208375,0.04575593763579926,0.55,0.45,long,0.55,0.009025555598891358
has_iran&short_posts,49,0.002405272290158898,0.003289541096255455,0.03999444019511815,0.5306122448979592,0.4489795918367347,long,0.5306122448979592,0.00893386850630448
has_russia&pre_tariff,32,-0.0033385090332733007,0.000884942545324896,0.03501557822315826,0.5,0.46875,short,0.46875,0.00885255891180036
positive_heavy&pre_tariff,54,-0.0024067670302475937,-0.00023594447403618712,0.03696327685108647,0.46296296296296297,0.5,short,0.5,0.008843026730790318
posts_low&has_attack,27,0.002866829243975279,0.011713000357267855,0.03944445674085303,0.5925925925925926,0.4074074074074074,long,0.5925925925925926,0.008827544723892366
has_russia&tariff_only,23,0.002902539888569106,0.013559214001012565,0.042618012966173416,0.6086956521739131,0.391304347826087,long,0.6086956521739131,0.008473099657991838
deal_only&volume_drop,28,-0.002983569878706171,-0.0062336721360775615,0.03197778866615736,0.42857142857142855,0.5357142857142857,short,0.5357142857142857,0.008457625626685363
has_relief&has_china,35,0.003505132038325663,-0.005290926607711688,0.04136942217863728,0.4,0.5714285714285714,long,0.4,0.008294656315613281
deal_over_tariff&volume_drop,29,-0.0028806881587507857,-0.002020128747738714,0.031406452288508885,0.41379310344827586,0.5172413793103449,short,0.5172413793103449,0.00802395542732784
has_positive&brag_heavy,42,0.0023460152722760697,0.001591184329738149,0.029481030961081324,0.5238095238095238,0.4523809523809524,long,0.5238095238095238,0.007963956342637388
pre_tariff&lots_of_excl,61,-0.0019276875710213198,0.0,0.03649683196939018,0.47540983606557374,0.4918032786885246,short,0.4918032786885246,0.007404453062369778
brag_heavy,43,0.002061580191593054,0.0014124835688265058,0.029187607462745,0.5116279069767442,0.46511627906976744,long,0.5116279069767442,0.006916536700567074
brag_heavy&exclamation_heavy,43,0.002061580191593054,0.0014124835688265058,0.029187607462745,0.5116279069767442,0.46511627906976744,long,0.5116279069767442,0.006916536700567074
has_market_brag&brag_heavy,43,0.002061580191593054,0.0014124835688265058,0.029187607462745,0.5116279069767442,0.46511627906976744,long,0.5116279069767442,0.006916536700567074
brag_heavy&has_exclamation,43,0.002061580191593054,0.0014124835688265058,0.029187607462745,0.5116279069767442,0.46511627906976744,long,0.5116279069767442,0.006916536700567074
attack_heavy&open_tariff,22,0.0024682911034329402,0.005827908028964379,0.033389192103052905,0.5909090909090909,0.4090909090909091,long,0.5909090909090909,0.0068411386085390795
posts_low&exclamation_heavy,35,0.0021062180743105603,0.005376250227609569,0.034445405695349374,0.5428571428571428,0.42857142857142855,long,0.5428571428571428,0.006764300834180757
has_market_brag&has_russia,57,0.0016329151874437562,0.001788843698363518,0.0412032532744949,0.543859649122807,0.43859649122807015,long,0.543859649122807,0.0067048319065477775
brag_heavy&lots_of_excl,42,0.0020323430271963296,0.0007062417844132529,0.02954077225599035,0.5,0.47619047619047616,long,0.5,0.0065855440847383435
has_china&pre_tariff,38,-0.002216677707759392,0.0,0.036051776124435456,0.47368421052631576,0.47368421052631576,short,0.47368421052631576,0.006472666942948974
posts_very_high&has_market_brag,61,0.0014406745596792316,0.0028776547528410745,0.03905133236435383,0.5573770491803278,0.4262295081967213,long,0.5573770491803278,0.006271622171080936
posts_very_high&pre_tariff,26,-0.002357857524539388,-0.0015576920886881118,0.0381083336715752,0.46153846153846156,0.5,short,0.5,0.006011380763948959
posts_low&high_emotion,58,0.0011561667112206003,0.014297064909163493,0.07579319179018729,0.5689655172413793,0.43103448275862066,long,0.5689655172413793,0.005009800179170623
deal_heavy&has_market_brag,36,0.0015500680606757948,0.001779364394506655,0.03464552507019263,0.5277777777777778,0.4722222222222222,long,0.5277777777777778,0.004908548858806683
posts_high&open_tariff,25,0.0016014909500791496,0.0062891707124772545,0.034260329006048786,0.6,0.4,long,0.6,0.004804472850237449
has_market_brag&has_uppercase_phrase,69,0.0011077535618518616,0.0014124835688265058,0.04478006009659726,0.5072463768115942,0.4927536231884058,long,0.5072463768115942,0.004667525014331752
brag_heavy&has_china,20,0.001682039180669176,0.001779364394506655,0.0301971442248531,0.55,0.45,long,0.55,0.004137269343673761
attack_heavy&pre_tariff,33,0.0013414631879754186,0.001769885090649792,0.03533647874534556,0.5151515151515151,0.45454545454545453,long,0.5151515151515151,0.003969819044331515
deal_heavy&pre_tariff,26,0.0013181278610926354,0.0055594868836457145,0.03357836703950967,0.5769230769230769,0.38461538461538464,long,0.5769230769230769,0.003877592126031731
has_relief&has_market_brag,22,-0.0011272194351654719,-0.00390144879861154,0.026356171547996528,0.45454545454545453,0.5454545454545454,short,0.5454545454545454,0.002883887892806942
brag_heavy&has_uppercase_phrase,22,-0.000998879893231507,-0.00390144879861154,0.029809387545358373,0.45454545454545453,0.5454545454545454,short,0.5454545454545454,0.0025555429054820752
has_deal&pre_tariff,42,0.0007516615725065593,0.000884942545324896,0.03405111833492605,0.5,0.4523809523809524,long,0.5,0.002435661872186255
has_tariff&has_uppercase_phrase,58,0.0006059769092806588,0.001769885090649792,0.04059125516907462,0.5172413793103449,0.4827586206896552,long,0.5172413793103449,0.002387059990590091
has_deal&has_market_brag,76,0.0005172191471432728,0.0023332492256022963,0.04483113223769354,0.5263157894736842,0.4473684210526316,long,0.5263157894736842,0.0023731642042756
pre_tariff&has_uppercase_phrase,26,-0.0007858416519312448,-0.0006727495433632158,0.03543296584730261,0.5,0.5,short,0.5,0.002003510958895703
has_market_brag&deal_over_tariff,67,0.00047514189346951625,0.001788843698363518,0.04690634528221569,0.5074626865671642,0.47761194029850745,long,0.5074626865671642,0.0019736259179295016
has_tariff&has_market_brag,35,0.0005673404306032788,0.005337998202245453,0.030708209118878664,0.5714285714285714,0.4,long,0.5714285714285714,0.001917960715215479
has_tariff&has_iran,25,-0.0010356625955967003,0.001788843698363518,0.029726448688040412,0.6,0.36,short,0.36,0.0018641926720740604
has_market_brag&deal_only,51,0.00027344355492696235,0.0028776547528410745,0.051296474015963586,0.5098039215686274,0.47058823529411764,long,0.5098039215686274,0.000995533666582116
posts_high&brag_heavy,31,0.00028091646127854783,0.0,0.0307720176812896,0.4838709677419355,0.4838709677419355,long,0.4838709677419355,0.0007568112880833959
pre_tariff&volume_spike,22,-0.00037557202574807616,0.0072411428676096845,0.038266034122183934,0.5454545454545454,0.4090909090909091,short,0.4090909090909091,0.0007206500243935584
has_tariff&open_deal,21,-0.0003525567896760665,0.0062891707124772545,0.03303225707366232,0.6666666666666666,0.3333333333333333,short,0.3333333333333333,0.0005385393918204001
has_tariff&volume_spike,38,-0.0002048132904118988,0.0072411428676096845,0.036579524159203465,0.6052631578947368,0.3684210526315789,short,0.3684210526315789,0.00046515144251920126
has_market_brag&has_iran,27,1.5214282173239527e-05,0.003289541096255455,0.031549802123962814,0.5925925925925926,0.4074074074074074,long,0.5925925925925926,4.6847839510649414e-05
has_deal&volume_drop,32,3.181330838597507e-06,-0.001010064373869357,0.03221486039185957,0.4375,0.5,long,0.4375,7.873392132095642e-06
