event,n,mean_ret,median_ret,std,hit_up,hit_down,direction,directional_hit,score
lots_of_excl&deal_only,240,0.0064066864153072165,0.003529554771200538,0.024589726299960202,0.5666666666666667,0.43333333333333335,long,0.5666666666666667,0.056242776859278455
has_night_post&deal_only,242,0.005866133382358673,0.003529554771200538,0.024901124231291486,0.5619834710743802,0.4380165289256198,long,0.5619834710743802,0.05128414967140373
lots_of_excl&deal_over_tariff,283,0.005335464938575304,0.003508851724082662,0.023915680504724906,0.5653710247349824,0.43462897526501765,long,0.5653710247349824,0.05074567517771806
deal_only,266,0.005574079804809245,0.0033783691200611754,0.024465495739452236,0.556390977443609,0.44360902255639095,long,0.556390977443609,0.050581776624406966
has_deal&deal_only,266,0.005574079804809245,0.0033783691200611754,0.024465495739452236,0.556390977443609,0.44360902255639095,long,0.556390977443609,0.050581776624406966
deal_over_tariff&deal_only,266,0.005574079804809245,0.0033783691200611754,0.024465495739452236,0.556390977443609,0.44360902255639095,long,0.556390977443609,0.050581776624406966
has_exclamation&deal_only,264,0.0055451132016808916,0.0033783691200611754,0.024528029821898827,0.5568181818181818,0.4431818181818182,long,0.5568181818181818,0.050167884495840046
exclamation_heavy&deal_only,256,0.005588783310928485,0.0033783691200611754,0.024733117595718328,0.5546875,0.4453125,long,0.5546875,0.049600451884490304
has_attack&deal_only,196,0.006289721312019936,0.0033783691200611754,0.02451689958629342,0.5561224489795918,0.44387755102040816,long,0.5561224489795918,0.04896997307215521
positive_heavy&deal_only,201,0.006024374231098843,0.0033670574517676854,0.02460880267154467,0.5621890547263682,0.43781094527363185,long,0.5621890547263682,0.04801670525982704
has_positive&deal_only,252,0.005318052287625752,0.0033140006906774433,0.024365852170559442,0.5555555555555556,0.4444444444444444,long,0.5555555555555556,0.046900812707652936
has_all_caps&deal_only,67,0.008754444450841841,0.007853200922658843,0.023309738622638788,0.6417910447761194,0.3582089552238806,long,0.6417910447761194,0.045989601410921954
has_attack&deal_over_tariff,232,0.005309935736127352,0.0033783691200611754,0.023922769192407583,0.5603448275862069,0.4396551724137931,long,0.5603448275862069,0.04531986681464109
deal_heavy&deal_only,92,0.007625801089180318,0.0039698535722886286,0.027347708204477694,0.6195652173913043,0.3804347826086957,long,0.6195652173913043,0.04531754920604774
has_deal&deal_over_tariff,311,0.004602105639492063,0.0033670574517676854,0.02388822142936382,0.5562700964630225,0.4437299035369775,long,0.5562700964630225,0.04514633419553874
deal_over_tariff,311,0.004602105639492063,0.0033670574517676854,0.02388822142936382,0.5562700964630225,0.4437299035369775,long,0.5562700964630225,0.04514633419553874
has_exclamation&deal_over_tariff,309,0.004571066378791353,0.0033670574517676854,0.023937989833451506,0.5566343042071198,0.44336569579288027,long,0.5566343042071198,0.04472668750322145
deal_heavy&has_uppercase_phrase,65,0.008115859457714316,0.005788895423107787,0.024064453162028755,0.676923076923077,0.3230769230769231,long,0.676923076923077,0.04429253284724015
open_deal&deal_only,60,0.009765195672975511,0.0033140006906774433,0.02896026945448589,0.5833333333333334,0.4166666666666667,long,0.5833333333333334,0.044123846916206036
exclamation_heavy&deal_over_tariff,301,0.0045823194465131716,0.0033670574517676854,0.024101887885071498,0.5548172757475083,0.44518272425249167,long,0.5548172757475083,0.044108123831160424
has_night_post&deal_over_tariff,283,0.004693093848058117,0.0033896807883546654,0.024358795875396338,0.558303886925795,0.4416961130742049,long,0.558303886925795,0.044078124587020664
posts_very_high&pre_relief,22,-0.014405763282055966,-0.010607903895307913,0.02287884690682518,0.36363636363636365,0.6363636363636364,short,0.6363636363636364,0.04299846671937155
has_china&deal_only,93,0.007094297591341976,0.0049017445140207005,0.024103677818332687,0.6236559139784946,0.3763440860215054,long,0.6236559139784946,0.042667374679531404
has_positive&deal_over_tariff,297,0.00433905320634499,0.003260943929587201,0.023763814099075256,0.5555555555555556,0.4444444444444444,long,0.5555555555555556,0.041543271617517495
has_deal&pre_tariff,40,-0.010090864436259495,-0.009535572837277295,0.02328525797614738,0.35,0.65,short,0.65,0.041483149732142295
positive_heavy&deal_over_tariff,244,0.004636174092721478,0.003260943929587201,0.02394909119499583,0.5573770491803278,0.4426229508196721,long,0.5573770491803278,0.040364886064729225
has_uppercase_phrase&deal_over_tariff,120,0.005985033291659101,0.0037185874546019626,0.02208047140827367,0.6083333333333333,0.39166666666666666,long,0.6083333333333333,0.039884009185343204
has_deal&lots_of_excl,320,0.004030003684107225,0.003046944325615475,0.024554918783193182,0.546875,0.453125,long,0.546875,0.03942470956916775
pre_tariff&tariff_only,24,0.010051026548753972,0.007020274626948431,0.018875351223844077,0.7916666666666666,0.20833333333333334,long,0.7916666666666666,0.03898148685638925
has_all_caps&deal_over_tariff,82,0.007043672967703944,0.0043961399754116615,0.022886315775986744,0.6097560975609756,0.3902439024390244,long,0.6097560975609756,0.0388921777497845
deal_only&volume_spike,56,0.007694856813833578,0.004198227179107006,0.025660337806155988,0.6607142857142857,0.3392857142857143,long,0.6607142857142857,0.03804593428546369
pre_deal&deal_only,119,0.005646050572896827,0.004016063959838556,0.024631162712339172,0.6134453781512605,0.3865546218487395,long,0.6134453781512605,0.037782800342534485
has_attack&has_iran,89,0.006457516713766213,0.006147654026361193,0.0261553954005786,0.6179775280898876,0.38202247191011235,long,0.6179775280898876,0.037647247146838016
has_iran,118,0.005822940010764647,0.0041981968381640256,0.024509657401434036,0.5932203389830508,0.4067796610169492,long,0.5932203389830508,0.03752315542818167
has_iran&has_exclamation,118,0.005822940010764647,0.0041981968381640256,0.024509657401434036,0.5932203389830508,0.4067796610169492,long,0.5932203389830508,0.03752315542818167
has_deal&has_all_caps,92,0.006541329103265265,0.0043961399754116615,0.0223796121003211,0.5978260869565217,0.40217391304347827,long,0.5978260869565217,0.03750893864085079
has_china&deal_over_tariff,128,0.005263385719993521,0.005121855499867101,0.02323227003385374,0.625,0.375,long,0.625,0.03721775734607858
has_uppercase_phrase&deal_only,99,0.00621894571162937,0.0028329447216437487,0.022528651347632794,0.5858585858585859,0.41414141414141414,long,0.5858585858585859,0.03625159854514344
has_attack&has_all_caps,147,0.00509304371131248,0.004115129677129126,0.02051876540800118,0.5850340136054422,0.41496598639455784,long,0.5850340136054422,0.03612577622342686
posts_high&pre_relief,32,-0.010749810321201918,-0.006971455966655715,0.021447015578878837,0.40625,0.59375,short,0.59375,0.036106002929307324
pre_relief&has_uppercase_phrase,20,-0.013313430727263043,-0.009364701518664587,0.023773923930285278,0.4,0.6,short,0.6,0.035723683343873554
has_deal&has_night_post,319,0.003658607246122226,0.0028329447216437487,0.024845175985833193,0.5454545454545454,0.45454545454545453,long,0.5454545454545454,0.03564262627880821
has_deal,349,0.003501402852812177,0.002624858833304655,0.024419621816789597,0.5415472779369628,0.4584527220630373,long,0.5415472779369628,0.03542347575389595
posts_high&deal_only,159,0.005012933038104813,0.003260943929587201,0.023371263135521767,0.559748427672956,0.44025157232704404,long,0.559748427672956,0.03538207900521428
has_deal&has_attack,261,0.003999746839808599,0.003260943929587201,0.02474379193456085,0.5440613026819924,0.4559386973180077,long,0.5440613026819924,0.03515609218993367
short_posts&deal_only,144,0.005140762685228957,0.003690830070683937,0.021929475477786363,0.5694444444444444,0.4305555555555556,long,0.5694444444444444,0.035128545015731205
has_iran&has_night_post,110,0.005660754809208049,0.0041981968381640256,0.02453750193044945,0.5909090909090909,0.4090909090909091,long,0.5909090909090909,0.03508256659356765
has_deal&has_exclamation,347,0.003467418595953734,0.002624858833304655,0.024464603266536277,0.5417867435158501,0.45821325648414984,long,0.5417867435158501,0.03499446721754132
has_deal&positive_heavy,275,0.003852004216284622,0.002624858833304655,0.024170984350203397,0.5454545454545454,0.45454545454545453,long,0.5454545454545454,0.034842689117135735
has_iran&exclamation_heavy,115,0.0054739397317838554,0.004048584896911844,0.024508854643320907,0.591304347826087,0.40869565217391307,long,0.591304347826087,0.034710430815361744
has_china&pre_relief,21,-0.01297975366118013,-0.011538490643478005,0.02461608115952783,0.42857142857142855,0.5714285714285714,short,0.5714285714285714,0.03398897351670751
has_deal&exclamation_heavy,338,0.003428824718041319,0.0024847694531896503,0.02465212907054825,0.5384615384615384,0.46153846153846156,long,0.5384615384615384,0.03394363293477896
has_deal&has_china,157,0.004447564678203258,0.004444471171407116,0.02331606859010937,0.5987261146496815,0.4012738853503185,long,0.5987261146496815,0.03336570455245751
positive_heavy&has_iran,91,0.005682155584355439,0.004842704452577173,0.024716771736563982,0.6153846153846154,0.38461538461538464,long,0.6153846153846154,0.03335649821825764
pre_tariff&pre_deal,31,-0.009769669253807064,-0.007434819734729925,0.023448514527436088,0.3870967741935484,0.6129032258064516,short,0.6129032258064516,0.033339003543602565
pre_relief&has_night_post,41,-0.008886529633381704,-0.005219290660652298,0.020507134345334865,0.4146341463414634,0.5853658536585366,short,0.5853658536585366,0.0333082263115151
has_iran&deal_only,58,0.007241162211036708,0.0034699693033365397,0.0263339652759472,0.603448275862069,0.39655172413793105,long,0.603448275862069,0.03327839128914481
deal_heavy&deal_over_tariff,137,0.004745425737280013,0.00383140232304946,0.025281901640234167,0.5985401459854015,0.40145985401459855,long,0.5985401459854015,0.033245184705725364
has_russia&deal_only,91,0.006051542586747741,0.003508851724082662,0.023106973789135288,0.5714285714285714,0.42857142857142855,long,0.5714285714285714,0.03298744972881587
has_attack&pre_relief,35,-0.009719698984663789,-0.005219290660652298,0.02127460418683117,0.42857142857142855,0.5714285714285714,short,0.5714285714285714,0.03285857980627618
posts_high&deal_over_tariff,195,0.004161099241377016,0.003260943929587201,0.022717864513932175,0.5641025641025641,0.4358974358974359,long,0.5641025641025641,0.0327780756501471
posts_very_high&deal_only,93,0.005831189582007314,0.0033670574517676854,0.024058306432426842,0.5806451612903226,0.41935483870967744,long,0.5806451612903226,0.03265197436452718
has_all_caps&lots_of_excl,172,0.00436456390996184,0.004024314997322698,0.021881810296285848,0.563953488372093,0.436046511627907,long,0.563953488372093,0.03228110318513149
has_night_post&has_all_caps,180,0.004281645250480559,0.004024314997322698,0.021663647669422907,0.5611111111111111,0.4388888888888889,long,0.5611111111111111,0.03223263444656593
has_attack&tariff_only,47,0.006681862048394293,0.006550038925151602,0.0208050194606871,0.7021276595744681,0.2978723404255319,long,0.7021276595744681,0.03216344177901155
has_positive&has_all_caps,179,0.004340190922470427,0.003891111045419171,0.021494772481223293,0.553072625698324,0.44692737430167595,long,0.553072625698324,0.03211570894650816
has_iran&lots_of_excl,111,0.00528171444727133,0.0037037614227870552,0.024903088850568782,0.5765765765765766,0.42342342342342343,long,0.5765765765765766,0.03208436159301807
has_deal&has_positive,335,0.003222189683683224,0.0023446800730746453,0.02432196088548429,0.5402985074626866,0.4597014925373134,long,0.5402985074626866,0.03186451218305531
has_attack&exclamation_heavy,596,0.0024222276959702826,0.002272757611622933,0.023473040496683268,0.5385906040268457,0.46140939597315433,long,0.5385906040268457,0.03184907826923153
has_all_caps&exclamation_heavy,179,0.004259182334251016,0.003999984415847591,0.02162691130640817,0.5586592178770949,0.441340782122905,long,0.5586592178770949,0.03183462343048315
has_attack&positive_heavy,463,0.002708044348627651,0.0023446800730746453,0.02354805287704931,0.5442764578833693,0.4557235421166307,long,0.5442764578833693,0.031715080467143
positive_heavy&pre_relief,42,-0.008536842625442822,-0.0048849698346897785,0.02038188474157221,0.42857142857142855,0.5714285714285714,short,0.5714285714285714,0.03161432196492017
pre_relief&has_exclamation,42,-0.008536842625442822,-0.0048849698346897785,0.02038188474157221,0.42857142857142855,0.5714285714285714,short,0.5714285714285714,0.03161432196492017
pre_relief&exclamation_heavy,42,-0.008536842625442822,-0.0048849698346897785,0.02038188474157221,0.42857142857142855,0.5714285714285714,short,0.5714285714285714,0.03161432196492017
has_relief&pre_relief,42,-0.008536842625442822,-0.0048849698346897785,0.02038188474157221,0.42857142857142855,0.5714285714285714,short,0.5714285714285714,0.03161432196492017
pre_relief,42,-0.008536842625442822,-0.0048849698346897785,0.02038188474157221,0.42857142857142855,0.5714285714285714,short,0.5714285714285714,0.03161432196492017
has_positive&pre_relief,42,-0.008536842625442822,-0.0048849698346897785,0.02038188474157221,0.42857142857142855,0.5714285714285714,short,0.5714285714285714,0.03161432196492017
pre_deal&deal_over_tariff,151,0.004315730372358555,0.00383140232304946,0.023664103321278294,0.5960264900662252,0.40397350993377484,long,0.5960264900662252,0.031608824113741954
has_attack&lots_of_excl,569,0.002447424631830958,0.0022857280310093486,0.023761832360458045,0.5413005272407733,0.45869947275922673,long,0.5413005272407733,0.0316012244076083
has_positive&has_iran,112,0.004981915393985396,0.0041981968381640256,0.02382910949848364,0.5982142857142857,0.4017857142857143,long,0.5982142857142857,0.03154003269327614
has_attack&has_market_brag,132,0.0048352621558942314,0.0021946817930768026,0.021053490471861804,0.5606060606060606,0.4393939393939394,long,0.5606060606060606,0.031143310775086384
posts_high&deal_heavy,107,0.005107556914572771,0.0033896807883546654,0.02468078711523662,0.5887850467289719,0.411214953271028,long,0.5887850467289719,0.031107268326928394
has_all_caps&has_exclamation,184,0.004129906919224038,0.003945547730633381,0.021511005709288013,0.5543478260869565,0.44565217391304346,long,0.5543478260869565,0.031054999300309884
has_all_caps,184,0.004129906919224038,0.003945547730633381,0.021511005709288013,0.5543478260869565,0.44565217391304346,long,0.5543478260869565,0.031054999300309884
has_action&deal_only,72,0.0060971174316779226,0.0039063759947198795,0.02491622259247928,0.5972222222222222,0.4027777777777778,long,0.5972222222222222,0.03089774375168285
has_attack&has_exclamation,614,0.0023136521345246967,0.0022560830194184867,0.02329628775357496,0.5374592833876222,0.46254071661237783,long,0.5374592833876222,0.030812562403169708
has_attack,614,0.0023136521345246967,0.0022560830194184867,0.02329628775357496,0.5374592833876222,0.46254071661237783,long,0.5374592833876222,0.030812562403169708
has_action&deal_over_tariff,88,0.0051795029289778425,0.00408625436486465,0.024648574372921693,0.625,0.375,long,0.625,0.030367527707661608
deal_heavy&pre_tariff,24,-0.009180028416511476,-0.0085136293257283,0.0213744285673502,0.3333333333333333,0.6666666666666666,short,0.6666666666666666,0.029981847259603945
posts_very_high&has_all_caps,101,0.00517306080114618,0.004184165896900183,0.02213964331624427,0.5742574257425742,0.42574257425742573,long,0.5742574257425742,0.029854849729275993
deal_heavy&has_attack,116,0.004768356158723444,0.0033253123589709332,0.026643554792687138,0.5775862068965517,0.4224137931034483,long,0.5775862068965517,0.029662960566333055
has_attack&has_night_post,559,0.002300940749856757,0.0022857280310093486,0.02304578200462593,0.5402504472271914,0.4597495527728086,long,0.5402504472271914,0.029390466168828937
deal_heavy&lots_of_excl,138,0.004308589600062681,0.003449266256218664,0.02565766171764308,0.5797101449275363,0.42028985507246375,long,0.5797101449275363,0.029341720283300652
has_attack&has_positive,593,0.0022222542254479298,0.00222729677423672,0.02335968839969371,0.5345699831365935,0.4654300168634064,long,0.5345699831365935,0.028928482746805564
positive_heavy&open_deal,68,0.006272696736895102,0.002773335980298275,0.03037768731699253,0.5588235294117647,0.4411764705882353,long,0.5588235294117647,0.028905696051178178
open_deal&deal_over_tariff,78,0.006040115465039009,0.001738075903658487,0.028488771893075714,0.5384615384615384,0.46153846153846156,long,0.5384615384615384,0.028724152903510155
pre_relief&lots_of_excl,41,-0.007985828272011476,-0.004550649008727259,0.020315906385336625,0.43902439024390244,0.5609756097560976,short,0.5609756097560976,0.028685067389837633
short_posts&deal_over_tariff,159,0.004107342229379662,0.0033670574517676854,0.02206498841775242,0.5534591194968553,0.44654088050314467,long,0.5534591194968553,0.028664541559250415
posts_high&has_deal,221,0.0034454077768154446,0.0028329447216437487,0.02287643075179238,0.5520361990950227,0.4479638009049774,long,0.5520361990950227,0.028275111323382236
has_deal&short_posts,165,0.00398624890326267,0.0033670574517676854,0.02186891976196237,0.5515151515151515,0.4484848484848485,long,0.5515151515151515,0.02823994411743066
positive_heavy&has_all_caps,147,0.004110683418077881,0.00383140232304946,0.021699578155764274,0.5578231292517006,0.4421768707482993,long,0.5578231292517006,0.027801563227772687
posts_very_high&deal_over_tariff,117,0.004457176104316188,0.003260943929587201,0.023763559579265743,0.5726495726495726,0.42735042735042733,long,0.5726495726495726,0.02760842713303294
attack_heavy&pre_relief,24,-0.009583722147844064,-0.006970190208819116,0.019134690271542527,0.4166666666666667,0.5833333333333334,short,0.5833333333333334,0.027387767281966003
deal_heavy&has_night_post,139,0.004014922111953482,0.0036057725861544654,0.02581091197522768,0.5755395683453237,0.4244604316546763,long,0.5755395683453237,0.027243299911090174
deal_heavy,148,0.0038496068733512743,0.003557312155118564,0.02525063792532929,0.581081081081081,0.4189189189189189,long,0.581081081081081,0.027213473274615766
has_deal&deal_heavy,148,0.0038496068733512743,0.003557312155118564,0.02525063792532929,0.581081081081081,0.4189189189189189,long,0.581081081081081,0.027213473274615766
deal_heavy&has_exclamation,148,0.0038496068733512743,0.003557312155118564,0.02525063792532929,0.581081081081081,0.4189189189189189,long,0.581081081081081,0.027213473274615766
has_deal&has_market_brag,77,0.005757642253793146,0.0011764187064842169,0.02222931705174605,0.5324675324675324,0.4675324675324675,long,0.5324675324675324,0.026901913441916073
deal_over_tariff&volume_spike,71,0.005127455628522755,0.004016063959838556,0.025861962972339666,0.6197183098591549,0.38028169014084506,long,0.6197183098591549,0.02677474928978802
open_deal&lots_of_excl,76,0.005656046429251952,0.001738075903658487,0.029262159696753682,0.5394736842105263,0.4605263157894737,long,0.5394736842105263,0.026600513868642546
pre_deal&open_deal,31,0.007715770332310469,0.005681909425889975,0.03005799067263133,0.6129032258064516,0.3870967741935484,long,0.6129032258064516,0.02633007195717317
has_all_caps&has_uppercase_phrase,133,0.0041984366139398216,0.0033670574517676854,0.022599327629446234,0.5413533834586466,0.45864661654135336,long,0.5413533834586466,0.02621164495940862
has_tariff&has_market_brag,34,0.006363268568654549,0.008044062422617682,0.018969930849551373,0.7058823529411765,0.29411764705882354,long,0.7058823529411765,0.026190997353745263
deal_heavy&exclamation_heavy,146,0.003762725124883193,0.003449266256218664,0.02540312578119952,0.5753424657534246,0.4246575342465753,long,0.5753424657534246,0.026158049152581447
posts_high&has_all_caps,135,0.00404422751889169,0.004048645578797805,0.021746646478640295,0.5555555555555556,0.4444444444444444,long,0.5555555555555556,0.026105376381568762
attack_heavy&tariff_only,24,0.007374372227958892,0.0077953218573451055,0.01808688887176702,0.7083333333333334,0.2916666666666667,long,0.7083333333333334,0.025589886270121452
has_deal&has_uppercase_phrase,137,0.003837777414901836,0.003260943929587201,0.023400147739130687,0.5693430656934306,0.4306569343065693,long,0.5693430656934306,0.025574909279663785
has_deal&open_deal,81,0.0053180975998803805,0.0011904237763076253,0.02865474208750267,0.5308641975308642,0.4691358024691358,long,0.5308641975308642,0.02540868853276182
open_deal,81,0.0053180975998803805,0.0011904237763076253,0.02865474208750267,0.5308641975308642,0.4691358024691358,long,0.5308641975308642,0.02540868853276182
open_deal&has_exclamation,81,0.0053180975998803805,0.0011904237763076253,0.02865474208750267,0.5308641975308642,0.4691358024691358,long,0.5308641975308642,0.02540868853276182
posts_very_high&has_market_brag,60,0.005599993590760592,0.0035846619470516483,0.02230018328184606,0.5833333333333334,0.4166666666666667,long,0.5833333333333334,0.02530346223519805
has_positive&open_deal,79,0.005292765582147486,0.0011904237763076253,0.028923264547537117,0.5316455696202531,0.46835443037974683,long,0.5316455696202531,0.02501027137942964
has_russia&deal_over_tariff,113,0.004146845488668285,0.0033670574517676854,0.02287480790583011,0.5663716814159292,0.4336283185840708,long,0.5663716814159292,0.024966554170576846
deal_heavy&pre_deal,95,0.00417719605745751,0.0036057725861544654,0.02552539035867264,0.6105263157894737,0.3894736842105263,long,0.6105263157894737,0.024857133818727783
deal_heavy&has_iran,44,0.006212497927478477,0.003719132842633255,0.029693287648923136,0.5909090909090909,0.4090909090909091,long,0.5909090909090909,0.02435080184290787
has_night_post&tariff_only,50,0.005063383816092872,0.0059807922386811985,0.02093822282358976,0.68,0.32,long,0.68,0.024346400618344526
has_iran&deal_over_tariff,69,0.005134906042096381,0.0033670574517676854,0.0262190177174857,0.5652173913043478,0.43478260869565216,long,0.5652173913043478,0.024108631731328694
open_deal&exclamation_heavy,80,0.005121415603609972,0.001189775651869951,0.02878045848424111,0.525,0.475,long,0.525,0.024048850204470035
deal_heavy&positive_heavy,129,0.0037289383747189904,0.003260943929587201,0.025010652921431283,0.5581395348837209,0.4418604651162791,long,0.5581395348837209,0.023638659635906882
has_market_brag&deal_over_tariff,69,0.005401076321256159,0.001164209823793394,0.02204626615016113,0.5217391304347826,0.4782608695652174,long,0.5217391304347826,0.023407674498567746
pre_deal&has_all_caps,46,0.005467480145919084,0.004431254266608731,0.019080987771073414,0.6304347826086957,0.3695652173913043,long,0.6304347826086957,0.023377943070618794
has_iran&has_russia,55,0.00478716328325236,0.005966743464835167,0.024010457131261948,0.6545454545454545,0.34545454545454546,long,0.6545454545454545,0.023238034755536326
has_deal&pre_relief,25,-0.008286206618102053,-0.0026106698890862035,0.021833609068643053,0.44,0.56,short,0.56,0.02320137853068575
has_china&has_iran,45,0.00555173194571168,0.003999984415847591,0.027789856458565704,0.6222222222222222,0.37777777777777777,long,0.6222222222222222,0.02317289337714118
positive_heavy&lots_of_excl,578,0.0018428086516503225,0.0013003340541470898,0.023995405870259518,0.5224913494809689,0.47750865051903113,long,0.5224913494809689,0.023148521952433925
deal_heavy&has_action,55,0.004754850291038229,0.005681909425889975,0.025575901720207836,0.6545454545454545,0.34545454545454546,long,0.6545454545454545,0.023081179768209222
has_deal&has_iran,76,0.004693018899320376,0.0033140006906774433,0.026405108187535404,0.5526315789473685,0.4473684210526316,long,0.5526315789473685,0.022609699871976006
short_posts&tariff_only,20,0.007738237652928953,0.005322414572578316,0.020292790656935414,0.65,0.35,long,0.65,0.022494193043396837
exclamation_heavy&tariff_only,55,0.004617801869959851,0.005168053469056577,0.022235620307774512,0.6545454545454545,0.34545454545454546,long,0.6545454545454545,0.02241591397638792
has_tariff&pre_deal,53,-0.005783442623990987,-0.002254692067978792,0.022274832845844528,0.4716981132075472,0.5283018867924528,short,0.5283018867924528,0.02224367433109606
exclamation_heavy&lots_of_excl,742,0.0015758460985897868,0.001189775651869951,0.023867238569836875,0.5161725067385444,0.4838274932614555,long,0.5161725067385444,0.022156982882218602
has_china&has_all_caps,87,0.0040486355082388,0.004048645578797805,0.020817975928136237,0.5862068965517241,0.41379310344827586,long,0.5862068965517241,0.02213702367459824
has_market_brag&has_exclamation,173,0.0031514115518755013,0.0013736516728546366,0.021096519209518688,0.5317919075144508,0.4682080924855491,long,0.5317919075144508,0.02204295928216245
has_market_brag,173,0.0031514115518755013,0.0013736516728546366,0.021096519209518688,0.5317919075144508,0.4682080924855491,long,0.5317919075144508,0.02204295928216245
deal_heavy&has_positive,143,0.0032136080219560812,0.0033896807883546654,0.02485332334716702,0.5734265734265734,0.42657342657342656,long,0.5734265734265734,0.022036303059574807
short_posts&volume_spike,97,-0.003921826850003229,-0.004175390680456914,0.02384594471155572,0.4329896907216495,0.5670103092783505,short,0.5670103092783505,0.021901065188578615
has_iran&volume_spike,40,0.005517625221904058,0.006339096745593298,0.027529986222256032,0.625,0.375,long,0.625,0.021810328720511002
has_attack&pre_deal,130,0.003250679819256079,0.0035780152022364398,0.025011946321555283,0.5846153846153846,0.4153846153846154,long,0.5846153846153846,0.02166786450795332
has_attack&has_china,232,0.0024806517119854636,0.003915693369448525,0.022234583961189037,0.5732758620689655,0.4267241379310345,long,0.5732758620689655,0.021660747576633645
open_deal&has_night_post,73,0.0049775819340978885,0.0011764187064842169,0.029778725902107506,0.5068493150684932,0.4931506849315068,long,0.5068493150684932,0.021555530293693396
has_deal&has_action,100,0.003715898222292456,0.0039063759947198795,0.02473899922556239,0.58,0.42,long,0.58,0.021552209689296244
has_attack&open_deal,70,0.0048184644204245985,0.001189775651869951,0.02818936502104234,0.5285714285714286,0.4714285714285714,long,0.5285714285714286,0.021308916154899986
has_positive&has_market_brag,169,0.003037911068194225,0.0013736516728546366,0.021247210891826122,0.5325443786982249,0.46745562130177515,long,0.5325443786982249,0.021031692010575406
pre_deal&volume_spike,45,0.004860020715879597,0.004016063959838556,0.02568387999924908,0.6444444444444445,0.35555555555555557,long,0.6444444444444445,0.021010184272677014
has_tariff&open_deal,21,-0.007387896894677136,-0.00237261237748454,0.024111734931440157,0.38095238095238093,0.6190476190476191,short,0.6190476190476191,0.020958226557287296
positive_heavy&has_night_post,564,0.001683866944967878,0.0013880751689030468,0.024010119366397555,0.5230496453900709,0.4769503546099291,long,0.5230496453900709,0.020916558792245354
has_russia&pre_tariff,31,-0.0064692121970962605,-0.002254692067978792,0.02563196300141058,0.41935483870967744,0.5806451612903226,short,0.5806451612903226,0.02091428658962586
uppercase_phrase_heavy&deal_over_tariff,24,0.006385531935584059,0.006767555174274409,0.026459713752019425,0.6666666666666666,0.3333333333333333,long,0.6666666666666666,0.020855059971236753
posts_very_high&pre_deal,73,0.004013370950553006,0.0033896807883546654,0.02278520774937694,0.6027397260273972,0.3972602739726027,long,0.6027397260273972,0.020668099767759344
attack_heavy&deal_only,114,0.003499354319529414,0.002315204052041997,0.02206687881702025,0.5526315789473685,0.4473684210526316,long,0.5526315789473685,0.020647907313820685
has_china&lots_of_excl,277,0.0021997126396114657,0.0036057725861544654,0.02173410634703391,0.5595667870036101,0.4404332129963899,long,0.5595667870036101,0.020486028092179323
positive_heavy&has_exclamation,599,0.0016056458961701263,0.001227016435439543,0.024010958710771104,0.5208681135225376,0.4791318864774624,long,0.5208681135225376,0.020468732787145616
has_positive&positive_heavy,599,0.0016056458961701263,0.001227016435439543,0.024010958710771104,0.5208681135225376,0.4791318864774624,long,0.5208681135225376,0.020468732787145616
positive_heavy,599,0.0016056458961701263,0.001227016435439543,0.024010958710771104,0.5208681135225376,0.4791318864774624,long,0.5208681135225376,0.020468732787145616
has_market_brag&deal_only,54,0.005774162042416053,-0.001707132973515102,0.0234782986721597,0.48148148148148145,0.5185185185185185,long,0.48148148148148145,0.020429862116539903
lots_of_excl,745,0.0014486835544782926,0.0011891275274322766,0.024105223488826374,0.5154362416107383,0.48456375838926175,long,0.5154362416107383,0.02038105298410723
has_exclamation&lots_of_excl,745,0.0014486835544782926,0.0011891275274322766,0.024105223488826374,0.5154362416107383,0.48456375838926175,long,0.5154362416107383,0.02038105298410723
positive_heavy&exclamation_heavy,596,0.0015894879008333986,0.0012087201058735841,0.024040923513749812,0.5201342281879194,0.4798657718120805,long,0.5201342281879194,0.020183467997443607
posts_high&has_iran,76,0.0038859020424225794,0.0034699693033365397,0.024496114849893533,0.5921052631578947,0.40789473684210525,long,0.5921052631578947,0.020058459048258547
deal_heavy&has_all_caps,47,0.005281615360099308,0.00383140232304946,0.023455809275642704,0.5531914893617021,0.44680851063829785,long,0.5531914893617021,0.020030472269496908
has_uppercase_phrase&volume_drop,31,0.006156984891192426,0.006681667101947175,0.020291921599398473,0.5806451612903226,0.41935483870967744,long,0.5806451612903226,0.019904888357224298
has_deal&volume_spike,84,0.003717083685188165,0.0038537617389069467,0.02564782116491706,0.5833333333333334,0.4166666666666667,long,0.5833333333333334,0.019872786910503534
posts_very_high&has_deal,134,0.0031043919675184037,0.002315204052041997,0.02355725036120927,0.5522388059701493,0.44776119402985076,long,0.5522388059701493,0.01984521789011983
has_relief&short_posts,47,-0.00484929078544627,-0.003636207794838864,0.02708738974750645,0.40425531914893614,0.5957446808510638,short,0.5957446808510638,0.019805569257318276
posts_high&has_relief,67,-0.004752027536616105,-0.0011403148379782735,0.023745347353915546,0.4925373134328358,0.5074626865671642,short,0.5074626865671642,0.01973878716628455
has_market_brag&volume_drop,21,0.006871427366057915,0.007075396156115854,0.01823431772041652,0.6190476190476191,0.38095238095238093,long,0.6190476190476191,0.019493088975503264
posts_very_high&deal_heavy,73,0.003942590136429271,0.003260943929587201,0.025585712240535838,0.5753424657534246,0.4246575342465753,long,0.5753424657534246,0.01938070144465689
has_market_brag&exclamation_heavy,169,0.0028562537579931413,0.0011764187064842169,0.02121447416542145,0.5207100591715976,0.47928994082840237,long,0.5207100591715976,0.019334640823338186
has_night_post&lots_of_excl,686,0.0014202990328561873,0.001189775651869951,0.02367430460402181,0.5160349854227405,0.4839650145772595,long,0.5160349854227405,0.019196453246641227
has_deal&has_russia,132,0.003010105237498205,0.0033140006906774433,0.02445630719654794,0.553030303030303,0.44696969696969696,long,0.553030303030303,0.019125710333213464
pre_deal&short_posts,68,0.0038382646655689854,0.003973266000089293,0.020186456546739524,0.6029411764705882,0.39705882352941174,long,0.6029411764705882,0.01908377635423223
has_china&open_deal,44,0.004668124929716567,0.005735402424498881,0.026857102352348686,0.6136363636363636,0.38636363636363635,long,0.6136363636363636,0.019001150426913575
has_positive&lots_of_excl,724,0.0013690549177932567,0.0011827731169582467,0.0241881239942487,0.5151933701657458,0.48480662983425415,long,0.5151933701657458,0.018978435942245523
has_market_brag&lots_of_excl,162,0.002829797176846687,0.0011703142651388054,0.021409115059328215,0.5185185185185185,0.48148148148148145,long,0.5185185185185185,0.018675708549221175
open_deal&has_uppercase_phrase,36,0.004867141466998037,0.003857433115591946,0.02770041306652445,0.6388888888888888,0.3611111111111111,long,0.6388888888888888,0.018657375623492473
posts_very_high&has_attack,205,0.002419977415715302,0.0022857280310093486,0.023360658337777583,0.5365853658536586,0.4634146341463415,long,0.5365853658536586,0.018592040964351117
attack_heavy&has_all_caps,102,0.003411630102770917,0.0030585651770294042,0.019486339718170854,0.5392156862745098,0.46078431372549017,long,0.5392156862745098,0.01857909440092135
has_market_brag&has_all_caps,51,0.004717125885822844,0.001227016435439543,0.021821299484587456,0.5490196078431373,0.45098039215686275,long,0.5490196078431373,0.018494832808957994
has_relief&has_all_caps,24,-0.006468963933708526,-0.0030228701444505734,0.022936070309298798,0.4166666666666667,0.5833333333333334,short,0.5833333333333334,0.018486604269062245
has_attack&tariff_rising,20,0.005506711166933781,0.010336191480024182,0.019623230264453,0.75,0.25,long,0.75,0.01847007075258169
posts_very_high&sig_potus,29,-0.005496578073937901,-0.005681802503525124,0.015989880923352236,0.3793103448275862,0.6206896551724138,short,0.6206896551724138,0.018372400636616406
has_all_caps&volume_spike,49,0.00476309129216914,0.004048645578797805,0.023874453085296593,0.5510204081632653,0.4489795918367347,long,0.5510204081632653,0.01837192355550954
deal_only&china_streak_3d,26,0.006216546713135292,0.00408625436486465,0.02479817256276909,0.5769230769230769,0.4230769230769231,long,0.5769230769230769,0.018287476729291118
has_relief&has_china,39,-0.00670778943866885,0.003260943929587201,0.020943450889019714,0.5641025641025641,0.4358974358974359,short,0.4358974358974359,0.018259800961764182
has_uppercase_phrase&has_exclamation,296,0.0020427100955306907,0.001634103150829791,0.02319432690420298,0.5168918918918919,0.4831081081081081,long,0.5168918918918919,0.01816570723113573
has_china&pre_deal,83,0.0032196261673941564,0.004347808779416207,0.02313881049984636,0.6144578313253012,0.3855421686746988,long,0.6144578313253012,0.018023394069080587
posts_very_high&positive_heavy,212,0.002268885560669444,0.002315204052041997,0.02366737317671718,0.5424528301886793,0.45754716981132076,long,0.5424528301886793,0.01792018550854406
deal_heavy&has_china,84,0.0031206652018758467,0.005511937955801738,0.02474363650410355,0.6190476190476191,0.38095238095238093,long,0.6190476190476191,0.017705609388641838
has_action&has_attack,144,0.0025288144452198374,0.003960807078810968,0.023503558226811546,0.5833333333333334,0.4166666666666667,long,0.5833333333333334,0.017701701116538862
has_deal&open_tariff,20,-0.007183650458040957,-0.0057318141767262465,0.023545119864906327,0.45,0.55,short,0.55,0.01766944382585479
high_emotion&short_posts,62,-0.0037423706011033052,-0.0038025681585051596,0.022170850267372175,0.4032258064516129,0.5967741935483871,short,0.5967741935483871,0.017585417040010265
has_attack&has_uppercase_phrase,219,0.0021569919475457875,0.0033670574517676854,0.02295326977333358,0.54337899543379,0.45662100456621,long,0.54337899543379,0.017344964997974364
posts_low&high_emotion,60,-0.0037310358674702447,-0.003817331679420388,0.02270074815876129,0.4,0.6,short,0.6,0.01734028773457776
has_attack&short_posts,296,0.0019621818681713754,0.0011708757974956407,0.02171829873736661,0.5135135135135135,0.4864864864864865,long,0.5135135135135135,0.017335524681025245
posts_very_high&lots_of_excl,224,0.0021433765949520423,0.002315204052041997,0.02327783886378455,0.5401785714285714,0.45982142857142855,long,0.5401785714285714,0.01732845509225041
posts_very_high&has_relief,48,-0.004899947886812211,-5.7141453124742725e-08,0.024411037427987257,0.5,0.5,short,0.5,0.016973917388797007
short_posts&china_streak_3d,47,0.004636752259298862,0.0022597871922365176,0.02182188698137565,0.5319148936170213,0.46808510638297873,long,0.5319148936170213,0.016908495722011797
pre_action&short_posts,50,-0.004254315383253806,-0.007292601061316961,0.027358958566905175,0.44,0.56,short,0.56,0.01684622943810807
has_all_caps&short_posts,124,0.002882379432721182,0.002272757611622933,0.021661641703332908,0.5241935483870968,0.47580645161290325,long,0.5241935483870968,0.016824945428513687
pre_relief&deal_over_tariff,23,-0.006661842798389091,-0.0011919621042538742,0.021977641999774828,0.4782608695652174,0.5217391304347826,short,0.5217391304347826,0.016669082971757333
has_iran&has_uppercase_phrase,57,0.0036669893223366433,0.0033896807883546654,0.025635877090938567,0.5964912280701754,0.40350877192982454,long,0.5964912280701754,0.016513956435519467
has_relief&has_action,30,-0.0064423540261211035,0.0011766686756128353,0.022572183296000747,0.5333333333333333,0.4666666666666667,short,0.4666666666666667,0.01646690557652352
has_night_post&has_uppercase_phrase,277,0.0019089955225926557,0.0020790787742273054,0.02351661551147677,0.516245487364621,0.48375451263537905,long,0.516245487364621,0.016402160705493395
has_market_brag&has_china,72,0.0033592572412857753,0.0018004742235456783,0.020905197844815888,0.5694444444444444,0.4305555555555556,long,0.5694444444444444,0.016231582762931768
attack_heavy&deal_over_tariff,139,0.0025172365044650283,0.0011904237763076253,0.02194061967355587,0.5467625899280576,0.45323741007194246,long,0.5467625899280576,0.016226700237198934
deal_heavy&open_deal,51,0.004272489447243341,0.0011891275274322766,0.03101659759096361,0.5294117647058824,0.47058823529411764,long,0.5294117647058824,0.016153241081925666
high_emotion,72,-0.0032604583073598072,-0.0038025681585051596,0.021658476067710427,0.4166666666666667,0.5833333333333334,short,0.5833333333333334,0.016138445252370928
has_uppercase_phrase,298,0.0018138008468236175,0.0011827731169582467,0.02330595049834776,0.5134228187919463,0.4865771812080537,long,0.5134228187919463,0.016075811276297543
pre_deal&lots_of_excl,158,0.0022675236941743916,0.0033253123589709332,0.024527416927139833,0.5632911392405063,0.43670886075949367,long,0.5632911392405063,0.01605511042827933
has_relief&volume_spike,30,-0.006714243526608976,0.003127367328174868,0.023891905371779612,0.5666666666666667,0.43333333333333335,short,0.43333333333333335,0.015936018089796024
has_exclamation&tariff_only,59,0.0032208080338504675,0.005168053469056577,0.025540280958293422,0.6440677966101694,0.3559322033898305,long,0.6440677966101694,0.01593391263540067
has_tariff&tariff_only,59,0.0032208080338504675,0.005168053469056577,0.025540280958293422,0.6440677966101694,0.3559322033898305,long,0.6440677966101694,0.01593391263540067
tariff_only,59,0.0032208080338504675,0.005168053469056577,0.025540280958293422,0.6440677966101694,0.3559322033898305,long,0.6440677966101694,0.01593391263540067
posts_very_high&china_streak_3d,35,0.004706304738993304,0.004048645578797805,0.02464484220287633,0.5714285714285714,0.42857142857142855,long,0.5714285714285714,0.015910213896836684
pre_deal,172,0.0021241718552511635,0.003449266256218664,0.02444480588926387,0.5697674418604651,0.43023255813953487,long,0.5697674418604651,0.015872725382261386
has_deal&pre_deal,172,0.0021241718552511635,0.003449266256218664,0.02444480588926387,0.5697674418604651,0.43023255813953487,long,0.5697674418604651,0.015872725382261386
has_iran&pre_deal,40,0.004552226839533028,0.001760549389779431,0.02672151348823893,0.55,0.45,long,0.55,0.015834945762541623
has_market_brag&has_night_post,152,0.0024707565839775865,0.0011703142651388054,0.021489363312591964,0.5197368421052632,0.48026315789473684,long,0.5197368421052632,0.015831980950680776
posts_low&volume_spike,38,-0.004879507104682072,-0.0032498103807860335,0.026246039209458057,0.47368421052631576,0.5263157894736842,short,0.5263157894736842,0.015831211538783564
pre_deal&has_night_post,165,0.0021530497181875105,0.003508851724082662,0.024847993290176486,0.5696969696969697,0.4303030303030303,long,0.5696969696969697,0.01575578116396067
posts_high&positive_heavy,366,0.001569276730088358,0.001694541623678214,0.02320728201715346,0.5245901639344263,0.47540983606557374,long,0.5245901639344263,0.015749262473071086
posts_high&has_attack,348,0.0016307054132340298,0.0011827731169582467,0.022732096200059816,0.5172413793103449,0.4827586206896552,long,0.5172413793103449,0.015734697427404448
has_china&exclamation_heavy,294,0.0016454136123051407,0.0033140006906774433,0.02186630472828572,0.5510204081632653,0.4489795918367347,long,0.5510204081632653,0.015545920240198
has_exclamation&exclamation_heavy,826,0.0010604383896757022,0.001153543963385073,0.02360952835892817,0.5096852300242131,0.49031476997578693,long,0.5096852300242131,0.015533793006410218
exclamation_heavy,826,0.0010604383896757022,0.001153543963385073,0.02360952835892817,0.5096852300242131,0.49031476997578693,long,0.5096852300242131,0.015533793006410218
has_uppercase_phrase&exclamation_heavy,279,0.0017968292622436047,0.0011764187064842169,0.023344345591410708,0.5125448028673835,0.4874551971326165,long,0.5125448028673835,0.015382989638006932
has_action&open_deal,27,0.0046956835451023105,0.004347808779416207,0.03266152740616786,0.6296296296296297,0.37037037037037035,long,0.6296296296296297,0.015362640233166655
has_market_brag&volume_spike,36,0.004521356286542815,0.0049914037123368615,0.021457122635993628,0.5555555555555556,0.4444444444444444,long,0.5555555555555556,0.015071187621809387
pre_action&has_uppercase_phrase,41,-0.004589563604834675,-0.0022223038427763298,0.02916747308894718,0.4878048780487805,0.5121951219512195,short,0.5121951219512195,0.015052157685475324
pre_deal&has_exclamation,171,0.0020029726142190593,0.0033896807883546654,0.02446471157072005,0.5672514619883041,0.4327485380116959,long,0.5672514619883041,0.014857600974909733
has_market_brag&short_posts,84,0.0032335940402201126,-6.124525352418919e-05,0.021707148706479343,0.5,0.5,long,0.5,0.014818189456066744
has_china&has_night_post,281,0.0016124191147068357,0.003260943929587201,0.022047479809721902,0.5480427046263345,0.45195729537366547,long,0.5480427046263345,0.014813084451440688
pre_tariff&has_uppercase_phrase,25,-0.005194448523142428,-0.002254692067978792,0.02610912831605267,0.44,0.56,short,0.56,0.0145444558647988
has_exclamation,937,0.0009210547740765722,0.0012437383032266602,0.023620773413918897,0.5154749199573105,0.48452508004268946,long,0.5154749199573105,0.01453325163802056
posts_very_high,226,0.001801548487158259,0.002253926127184225,0.023524357107659315,0.5353982300884956,0.4646017699115044,long,0.5353982300884956,0.01450030395594068
posts_very_high&exclamation_heavy,226,0.001801548487158259,0.002253926127184225,0.023524357107659315,0.5353982300884956,0.4646017699115044,long,0.5353982300884956,0.01450030395594068
posts_very_high&has_exclamation,226,0.001801548487158259,0.002253926127184225,0.023524357107659315,0.5353982300884956,0.4646017699115044,long,0.5353982300884956,0.01450030395594068
posts_very_high&has_positive,226,0.001801548487158259,0.002253926127184225,0.023524357107659315,0.5353982300884956,0.4646017699115044,long,0.5353982300884956,0.01450030395594068
posts_high&posts_very_high,226,0.001801548487158259,0.002253926127184225,0.023524357107659315,0.5353982300884956,0.4646017699115044,long,0.5353982300884956,0.01450030395594068
has_tariff&has_deal,83,-0.0031411521981663795,-0.0011097347814855718,0.0231893386357832,0.4939759036144578,0.5060240963855421,short,0.5060240963855421,0.014481022354962316
pre_action&exclamation_heavy,78,-0.0031930611420693776,-0.00166795500637823,0.025399883928168842,0.48717948717948717,0.5128205128205128,short,0.5128205128205128,0.014461719199138683
positive_heavy&pre_deal,146,0.0021516274154410597,0.002942901381445928,0.022891768869354484,0.5547945205479452,0.4452054794520548,long,0.5547945205479452,0.014423666104688248
has_action&has_russia,77,0.0027407061680638648,0.0044791979756346745,0.02500411437352301,0.5974025974025974,0.4025974025974026,long,0.5974025974025974,0.014367292921675998
open_deal&has_all_caps,27,0.004954900236154796,0.0022857280310093486,0.02865265914139383,0.5555555555555556,0.4444444444444444,long,0.5555555555555556,0.01430356492575856
has_china&has_exclamation,300,0.0014971068557668098,0.0032127970481625745,0.021764761575395652,0.5466666666666666,0.4533333333333333,long,0.5466666666666666,0.014175422757394671
has_china,300,0.0014971068557668098,0.0032127970481625745,0.021764761575395652,0.5466666666666666,0.4533333333333333,long,0.5466666666666666,0.014175422757394671
deal_heavy&short_posts,62,0.0033492347126138087,0.0011708757974956407,0.024609823410122803,0.532258064516129,0.46774193548387094,long,0.532258064516129,0.014036656717228207
has_iran&has_all_caps,28,0.0039039581213434643,0.007052032349434634,0.02201864103159685,0.6785714285714286,0.32142857142857145,long,0.6785714285714286,0.014017796002844916
posts_high&open_deal,61,0.0036086980344521608,-0.0011062567478002938,0.029104556247498678,0.4918032786885246,0.5081967213114754,long,0.4918032786885246,0.01386139310853687
posts_high&pre_action,58,-0.0038975956297147025,0.0011827731169582467,0.024200619877792096,0.5344827586206896,0.46551724137931033,short,0.46551724137931033,0.013818043229422004
pre_tariff&exclamation_heavy,61,-0.0034751890858561478,-0.0010999513533944683,0.023859785494880808,0.4918032786885246,0.5081967213114754,short,0.5081967213114754,0.013793523399626098
posts_very_high&has_uppercase_phrase,129,0.0022320647143085214,0.0023446800730746453,0.02264109181346823,0.5426356589147286,0.4573643410852713,long,0.5426356589147286,0.013756563804832674
has_action&volume_spike,60,0.0030424174998240684,0.0040323547693181805,0.028789844159722685,0.5833333333333334,0.4166666666666667,long,0.5833333333333334,0.013747104360533394
has_positive&has_uppercase_phrase,286,0.0015987248182990346,0.0011179977076476444,0.02338177376015247,0.506993006993007,0.493006993006993,long,0.506993006993007,0.013707514141116386
has_positive&has_exclamation,857,0.0009075648270269725,0.0011653328885070646,0.02363684534123071,0.5110851808634772,0.48891481913652274,long,0.5110851808634772,0.01357879887894034
lots_of_excl&tariff_only,52,0.002879943105151894,0.005807127575526261,0.02676870541501038,0.6538461538461539,0.34615384615384615,long,0.6538461538461539,0.013578792547134634
has_night_post&exclamation_heavy,750,0.0009680420482399204,0.0011708757974956407,0.023639784103330088,0.512,0.488,long,0.512,0.01357359274072342
has_deal&uppercase_phrase_heavy,27,0.004144844847842331,0.005681909425889975,0.026374900221549334,0.6296296296296297,0.37037037037037035,long,0.6296296296296297,0.013560487969022353
pre_deal&exclamation_heavy,168,0.0018661553556413553,0.0033253123589709332,0.024648428618979683,0.5595238095238095,0.44047619047619047,long,0.5595238095238095,0.013533839077482528
has_attack&china_streak_3d,63,0.003068971340791717,0.004048645578797805,0.022196300075691136,0.5555555555555556,0.4444444444444444,long,0.5555555555555556,0.013532891580865567
lots_of_excl&short_posts,361,0.001419687171347609,0.0010694715972054958,0.021685232651362036,0.5013850415512465,0.4986149584487535,long,0.5013850415512465,0.01352438831652196
has_night_post&china_streak_3d,79,0.0027941384943071025,0.0022597871922365176,0.02138592241569894,0.5443037974683544,0.45569620253164556,long,0.5443037974683544,0.013517701077863289
has_positive,865,0.0008958554230505045,0.0011653328885070646,0.02356491467006081,0.5109826589595375,0.4890173410404624,long,0.5109826589595375,0.013463319203237753
posts_very_high&has_iran,53,0.0030575008660181945,0.003550257818318414,0.02295837987365637,0.6037735849056604,0.39622641509433965,long,0.6037735849056604,0.013439361383355657
has_positive&exclamation_heavy,793,0.0009289451989123532,0.001142878102976752,0.023751205612976767,0.5094577553593947,0.4905422446406053,long,0.5094577553593947,0.013327075741658496
posts_high&pre_deal,114,0.002155720141860562,0.0033253123589709332,0.021180384791747782,0.5789473684210527,0.42105263157894735,long,0.5789473684210527,0.01332551153080936
pre_tariff&deal_over_tariff,20,-0.004956248550244441,-0.0034052641435468045,0.02085445425922871,0.4,0.6,short,0.6,0.013299010406077623
positive_heavy&tariff_only,43,0.00310381156465804,0.005800324700051318,0.021384504624335138,0.6511627906976745,0.3488372093023256,long,0.6511627906976745,0.013253151133380365
posts_very_high&has_night_post,223,0.0016313651749130745,0.0022857280310093486,0.02349698706353168,0.5381165919282511,0.4618834080717489,long,0.5381165919282511,0.013109315075238121
lots_of_excl&tariff_rising,25,0.004035670973033935,0.007490510328745259,0.020891708101160675,0.64,0.36,long,0.64,0.012914147113708594
positive_heavy&has_market_brag,140,0.0021476372635660427,0.0010989970365821167,0.021757441371419977,0.5071428571428571,0.4928571428571429,long,0.5071428571428571,0.012887101873506081
has_action&lots_of_excl,170,0.0017459869759932215,0.003804289914685066,0.024312111718430836,0.5647058823529412,0.43529411764705883,long,0.5647058823529412,0.012855464463074834
attack_heavy&has_market_brag,75,0.002853343846700708,0.0011285224759587376,0.02134905167097585,0.52,0.48,long,0.52,0.012849554936269087
has_positive&pre_action,79,-0.002927178630063013,0.0010617862914199527,0.025305496613090814,0.5063291139240507,0.4936708860759494,short,0.4936708860759494,0.012843999716079127
sig_potus&deal_over_tariff,21,0.00531247649242394,0.0011764187064842169,0.024397060908413957,0.5238095238095238,0.47619047619047616,long,0.5238095238095238,0.01275205153315563
has_russia&volume_spike,82,0.0025101598473638524,0.0037409468704594495,0.027060436453655853,0.5609756097560976,0.43902439024390244,long,0.5609756097560976,0.01275123600126493
has_relief&attack_heavy,47,-0.003956886577889337,0.001164209823793394,0.01773092129404565,0.5319148936170213,0.46808510638297873,short,0.46808510638297873,0.012697766994923147
has_positive&has_night_post,766,0.0008984592405625463,0.0011647713561502293,0.02343558462577708,0.5104438642297651,0.489556135770235,long,0.5104438642297651,0.012692896895830239
deal_heavy&uppercase_phrase_heavy,20,0.004353570556755943,0.008621417585370716,0.027085689488791597,0.65,0.35,long,0.65,0.012655343622672262
has_positive&china_streak_3d,82,0.0025458859343246297,0.0029886223869706185,0.021628308463249965,0.5487804878048781,0.45121951219512196,long,0.5487804878048781,0.012651573102297996
silence_day&volume_drop,145,-0.001939900839931122,-0.0034721897812385327,0.024771261917512777,0.46206896551724136,0.5379310344827586,short,0.5379310344827586,0.012565799697418754
has_night_post,847,0.0008424834728619086,0.0011891275274322766,0.023605123413008886,0.512396694214876,0.48760330578512395,long,0.512396694214876,0.012563464425293446
posts_very_high&attack_heavy,161,0.0018712518625197347,0.0011764187064842169,0.02242309479450231,0.5279503105590062,0.4720496894409938,long,0.5279503105590062,0.012535401057141866
deal_heavy&has_russia,60,0.002747496695485844,0.0033848978268349317,0.02527016624267189,0.5833333333333334,0.4166666666666667,long,0.5833333333333334,0.012414510436272683
posts_high&lots_of_excl,398,0.001195957057182252,0.0011708757974956407,0.022670535353849313,0.5150753768844221,0.4849246231155779,long,0.5150753768844221,0.012289321640661275
has_night_post&has_exclamation,818,0.0008338489075561175,0.001189775651869951,0.023655190327305866,0.5134474327628362,0.48655256723716384,long,0.5134474327628362,0.012245034206897544
positive_heavy&brag_heavy,35,-0.003141461934727298,-0.004255320898984172,0.017002735767680112,0.34285714285714286,0.6571428571428571,short,0.6571428571428571,0.012213091632931286
has_relief&positive_heavy,86,-0.0027604086925417603,0.0011766686756128353,0.024217786988072663,0.5232558139534884,0.47674418604651164,short,0.47674418604651164,0.01220416350415788
positive_heavy&has_china,255,0.0013893518424709817,0.002624858833304655,0.02132823727586125,0.5490196078431373,0.45098039215686275,long,0.5490196078431373,0.012180642216669316
brag_heavy&has_night_post,36,-0.0030307219897647408,-0.004325445180866028,0.016745838258029267,0.3333333333333333,0.6666666666666666,short,0.6666666666666666,0.012122887959058963
has_relief&lots_of_excl,89,-0.002618354599239723,0.001164209823793394,0.02342503816751194,0.5168539325842697,0.48314606741573035,short,0.48314606741573035,0.011934436394485737
pre_action&has_exclamation,82,-0.0026887999482299546,0.0011191024989520848,0.02488871010054575,0.5121951219512195,0.4878048780487805,short,0.4878048780487805,0.011877131263720092
has_action&has_night_post,180,0.0015404804700400116,0.0039063759947198795,0.02483947023694627,0.5666666666666667,0.43333333333333335,long,0.5666666666666667,0.011711704766669
pre_deal&pre_action,33,-0.004195809494235635,0.0011764187064842169,0.019342134217628707,0.5151515151515151,0.48484848484848486,short,0.48484848484848486,0.011686346905491224
sig_potus&has_all_caps,20,-0.004346512109351936,-0.003916647526650496,0.01497561100473288,0.4,0.6,short,0.6,0.011662915849844314
has_positive&pre_tariff,63,-0.002983895120843026,0.001140200555072024,0.02363120040736388,0.5079365079365079,0.49206349206349204,short,0.49206349206349204,0.011653998917597132
lots_of_excl&volume_spike,129,0.001943568177532676,0.002993790726762535,0.0252213793420278,0.5271317829457365,0.4728682170542636,long,0.5271317829457365,0.011636271271217143
has_positive&tariff_only,57,0.0024335484040144775,0.004842704452577173,0.02563186333412444,0.631578947368421,0.3684210526315789,long,0.631578947368421,0.011603928972964216
has_all_caps&china_streak_3d,22,0.004508354136642079,0.003154216385517161,0.02098074286238521,0.5454545454545454,0.45454545454545453,long,0.5454545454545454,0.011534211978202449
has_china&pre_tariff,39,-0.0035850872084619142,-0.0010999513533944683,0.020002286610736747,0.48717948717948717,0.5128205128205128,short,0.5128205128205128,0.011481467918424797
has_positive&has_china,292,0.00122331597206829,0.0032127970481625745,0.02155065576206764,0.547945205479452,0.4520547945205479,long,0.547945205479452,0.011454264380337779
positive_heavy&has_russia,211,0.0014969542062345054,0.0013736516728546366,0.023256841782551663,0.5260663507109005,0.47393364928909953,long,0.5260663507109005,0.011439058106179846
has_action&pre_deal,54,0.002546983891752841,0.0039535931037519845,0.02456727069663112,0.6111111111111112,0.3888888888888889,long,0.6111111111111112,0.011437820016118037
pre_tariff&volume_spike,22,-0.004454381285253581,-0.0028327855003001945,0.021280447531703876,0.45454545454545453,0.5454545454545454,short,0.5454545454545454,0.011396127371245056
positive_heavy&short_posts,275,0.001387000366757063,-0.0011247613400371392,0.02281206052760098,0.49454545454545457,0.5054545454545455,long,0.49454545454545457,0.011374940597893037
has_relief&has_uppercase_phrase,41,-0.0036169699882752796,0.0011891275274322766,0.024868300943879814,0.5121951219512195,0.4878048780487805,short,0.4878048780487805,0.011297516194142756
has_night_post&high_emotion,44,-0.00287696780467047,-0.003678927770422724,0.01953617073524078,0.4090909090909091,0.5909090909090909,short,0.5909090909090909,0.011276699604210693
positive_heavy&volume_spike,125,0.0018833537710502277,0.002993790726762535,0.02561415303519235,0.528,0.472,long,0.528,0.011117850632457058
pre_deal&has_uppercase_phrase,67,0.002326332388531272,0.0033896807883546654,0.023332887049257716,0.582089552238806,0.417910447761194,long,0.582089552238806,0.011084062676502733
has_action&positive_heavy,147,0.0015933315711177815,0.003891122247665413,0.025769094790504005,0.5714285714285714,0.42857142857142855,long,0.5714285714285714,0.011038924937918165
attack_heavy&sig_potus,30,-0.003771111368998988,-0.002371232271319579,0.016935145754690926,0.4666666666666667,0.5333333333333333,short,0.5333333333333333,0.01101612140621298
attack_heavy&volume_spike,94,0.0020519022235919054,0.0037185874546019626,0.023398341758762833,0.5531914893617021,0.44680851063829785,long,0.5531914893617021,0.011005152853023432
lots_of_excl&china_streak_3d,77,0.0023375938590582453,0.00222729677423672,0.02146507783209844,0.5324675324675324,0.4675324675324675,long,0.5324675324675324,0.010922135291978278
posts_high&has_positive,399,0.0010627108664431418,0.0011653328885070646,0.022796948046202845,0.5137844611528822,0.48621553884711777,long,0.5137844611528822,0.010906427947290631
posts_high&brag_heavy,29,-0.0030719500120748003,-0.00559294353807771,0.016828781715124187,0.3448275862068966,0.6551724137931034,short,0.6551724137931034,0.010838489130749343
has_uppercase_phrase&lots_of_excl,269,0.0012910599453070525,0.0011235459050202845,0.023345525780810585,0.5092936802973977,0.49070631970260226,long,0.5092936802973977,0.010784272039313435
has_relief&has_night_post,91,-0.0023348299216348458,0.001164209823793394,0.0240856219095183,0.5164835164835165,0.4835164835164835,short,0.4835164835164835,0.010769293933967507
has_relief&has_attack,76,-0.0025266081474472346,0.001152205189432709,0.024327004877721273,0.5131578947368421,0.4868421052631579,short,0.4868421052631579,0.010723407753474037
posts_high&has_market_brag,107,0.0020777681370893492,-0.0011919621042538742,0.02248166784467325,0.4953271028037383,0.5046728971962616,long,0.4953271028037383,0.010645867651673746
pre_tariff&lots_of_excl,60,-0.0027474874239778067,2.0124600838777873e-05,0.023711507452972354,0.5,0.5,short,0.5,0.010640973036980361
posts_low,418,-0.0010145475427856905,-0.0016078110192763173,0.024260539519207074,0.4892086330935252,0.5107913669064749,short,0.5107913669064749,0.01059507639983219
pre_action,84,-0.0023480220199083367,0.0011191024989520848,0.02617424320171444,0.5119047619047619,0.4880952380952381,short,0.4880952380952381,0.010503798433947036
has_action&pre_action,84,-0.0023480220199083367,0.0011191024989520848,0.02617424320171444,0.5119047619047619,0.4880952380952381,short,0.4880952380952381,0.010503798433947036
exclamation_heavy&volume_spike,130,0.0017391335779913134,0.002913367724203142,0.02525611120267913,0.5230769230769231,0.47692307692307695,long,0.5230769230769231,0.010372183148319176
pre_action&lots_of_excl,74,-0.0024100773163303027,-2.590993928008878e-05,0.0255346394769057,0.5,0.5,short,0.5,0.010366134496897224
has_relief,92,-0.002246404327920866,0.0011766686756128353,0.023967929083450055,0.5217391304347826,0.4782608695652174,short,0.4782608695652174,0.010304969007777314
has_relief&has_exclamation,92,-0.002246404327920866,0.0011766686756128353,0.023967929083450055,0.5217391304347826,0.4782608695652174,short,0.4782608695652174,0.010304969007777314
has_relief&exclamation_heavy,92,-0.002246404327920866,0.0011766686756128353,0.023967929083450055,0.5217391304347826,0.4782608695652174,short,0.4782608695652174,0.010304969007777314
has_relief&has_positive,92,-0.002246404327920866,0.0011766686756128353,0.023967929083450055,0.5217391304347826,0.4782608695652174,short,0.4782608695652174,0.010304969007777314
attack_heavy&brag_heavy,25,-0.0032113626834480513,-0.00559294353807771,0.01745164410066822,0.36,0.64,short,0.64,0.010276360587033764
posts_low&has_attack,30,-0.003095229395690691,-0.0033112904598809334,0.015076397814011284,0.4,0.6,short,0.6,0.01017196176403725
pre_tariff&has_night_post,59,-0.0026827886142681214,0.001140200555072024,0.024144842248304228,0.5084745762711864,0.4915254237288136,short,0.4915254237288136,0.010128810514416288
has_exclamation&china_streak_3d,85,0.0020667016840968545,0.00222729677423672,0.02145518831343649,0.5294117647058824,0.47058823529411764,long,0.5294117647058824,0.010087437206378664
china_streak_3d,85,0.0020667016840968545,0.00222729677423672,0.02145518831343649,0.5294117647058824,0.47058823529411764,long,0.5294117647058824,0.010087437206378664
has_positive&pre_deal,164,0.001403655299882177,0.002942901381445928,0.023856162244248805,0.5609756097560976,0.43902439024390244,long,0.5609756097560976,0.010083849914564036
positive_heavy&has_uppercase_phrase,229,0.0013017286706439564,0.0011124495102750043,0.023389870262942144,0.5065502183406113,0.49344978165938863,long,0.5065502183406113,0.009978395612363564
has_market_brag&has_iran,28,0.0032885010105530577,0.002271738079125951,0.018773547585674514,0.5714285714285714,0.42857142857142855,long,0.5714285714285714,0.00994349241155198
posts_high&has_night_post,388,0.0009890116609412654,0.0011647713561502293,0.022816600502958195,0.5103092783505154,0.4896907216494845,long,0.5103092783505154,0.009941473052370533
has_market_brag&has_russia,54,0.0023552200317279036,0.0012750351896694267,0.01874609391511772,0.5740740740740741,0.42592592592592593,long,0.5740740740740741,0.00993565036673134
posts_low&short_posts,133,-0.0017234495164250294,0.001293436496183853,0.021936111879202306,0.5037593984962406,0.49624060150375937,short,0.49624060150375937,0.0098631737005802
posts_high&has_exclamation,401,0.0009606754287862932,0.001164209823793394,0.022800181566355358,0.5112219451371571,0.48877805486284287,long,0.5112219451371571,0.009834637521878563
posts_high&exclamation_heavy,401,0.0009606754287862932,0.001164209823793394,0.022800181566355358,0.5112219451371571,0.48877805486284287,long,0.5112219451371571,0.009834637521878563
posts_high,401,0.0009606754287862932,0.001164209823793394,0.022800181566355358,0.5112219451371571,0.48877805486284287,long,0.5112219451371571,0.009834637521878563
pre_tariff&has_exclamation,64,-0.0025376553168794443,0.0016227125014769417,0.02371315930841536,0.515625,0.484375,short,0.484375,0.009833414352907847
pre_tariff,64,-0.0025376553168794443,0.0016227125014769417,0.02371315930841536,0.515625,0.484375,short,0.484375,0.009833414352907847
has_tariff&pre_tariff,64,-0.0025376553168794443,0.0016227125014769417,0.02371315930841536,0.515625,0.484375,short,0.484375,0.009833414352907847
exclamation_heavy&china_streak_3d,80,0.0020645705820041852,0.0022247104987979105,0.02170715785113413,0.525,0.475,long,0.525,0.009694692347986093
has_russia&has_all_caps,70,0.0022483589645510165,0.0011229451518448563,0.02196072911788926,0.5142857142857142,0.4857142857142857,long,0.5142857142857142,0.009674290650545382
has_china&tariff_rising,20,0.0035774469120718076,0.008116455502769071,0.0233563492139083,0.6,0.4,long,0.6,0.00959929737754713
has_deal&attack_heavy,158,0.0014501130615383732,0.0011708757974956407,0.022255095363926388,0.5253164556962026,0.47468354430379744,long,0.5253164556962026,0.009575278474577339
attack_heavy&all_caps_heavy,24,0.003602030387551867,0.003154216385517161,0.022285390711761867,0.5416666666666666,0.4583333333333333,long,0.5416666666666666,0.00955839786146008
pre_action&has_all_caps,29,-0.003885286978576317,0.003999984415847591,0.025416210802849552,0.5517241379310345,0.4482758620689655,short,0.4482758620689655,0.009379235832221128
posts_low&volume_drop,222,-0.0012100621718597274,-0.0022089975329047107,0.023779522314998757,0.481981981981982,0.5180180180180181,short,0.5180180180180181,0.009339616369034529
has_positive&volume_spike,137,0.0015056694662445472,0.002993790726762535,0.025091582465663027,0.5255474452554745,0.4744525547445255,long,0.5255474452554745,0.009261937717029628
has_relief&has_russia,37,-0.0035206346898652326,0.003260943929587201,0.01943038623404486,0.5675675675675675,0.43243243243243246,short,0.43243243243243246,0.009260620442975277
has_uppercase_phrase&short_posts,158,0.0014550020544098344,0.0010965087511128901,0.022880893672407514,0.5063291139240507,0.4936708860759494,long,0.5063291139240507,0.009260299863011166
short_posts&volume_drop,104,0.0016526589771097128,0.0026307530938515233,0.01904226285570483,0.5480769230769231,0.4519230769230769,long,0.5480769230769231,0.009237223101827171
has_market_brag&has_uppercase_phrase,68,0.002173573158201557,0.0011229451518448563,0.02162059816579086,0.5147058823529411,0.4852941176470588,long,0.5147058823529411,0.00922545617851569
posts_very_high&pre_tariff,27,-0.003653292891398855,0.001140200555072024,0.02087191519171587,0.5185185185185185,0.48148148148148145,short,0.48148148148148145,0.009139995081869925
posts_very_high&pre_action,43,-0.003139474716201501,0.003260943929587201,0.024907268103970932,0.5581395348837209,0.4418604651162791,short,0.4418604651162791,0.009096542710505685
has_deal&has_relief,50,-0.002670109206790279,0.0011766686756128353,0.023961238783991923,0.52,0.48,short,0.48,0.00906265116782419
exclamation_heavy&short_posts,416,0.0008957917396175242,-0.0011074206056858604,0.021301519353357258,0.4951923076923077,0.5048076923076923,long,0.4951923076923077,0.009047479513918716
attack_heavy&has_iran,51,0.0023887463713524546,0.0011764187064842169,0.02411212059248043,0.5294117647058824,0.47058823529411764,long,0.5294117647058824,0.009031267717917351
has_positive&short_posts,433,0.0008730239482089206,-0.0011148898579772526,0.021168184779272237,0.4942263279445728,0.5057736720554272,long,0.4942263279445728,0.008978338649594263
posts_very_high&open_deal,44,0.0028224400379522592,-0.0016829327710014552,0.03140338016930389,0.4772727272727273,0.5227272727272727,long,0.4772727272727273,0.008935475753747549
has_attack&volume_spike,114,0.0015533497930401833,0.0034056008739528076,0.025618503295651362,0.5350877192982456,0.4649122807017544,long,0.5350877192982456,0.008874556797167258
has_china&sig_potus,27,-0.0035410850691327666,0.0011764187064842169,0.019638153307690004,0.5185185185185185,0.48148148148148145,short,0.48148148148148145,0.00885926781084439
has_russia&has_night_post,262,0.0010542441779741699,0.0012750351896694267,0.022744003919980296,0.5190839694656488,0.48091603053435117,long,0.5190839694656488,0.008857873504676966
has_russia&open_deal,32,0.0031093883536750765,3.508097934196153e-05,0.03068427966547627,0.5,0.5,long,0.5,0.008794678360904487
has_action&has_all_caps,55,0.0019525391888205396,0.004347808779416207,0.024674333022888198,0.6,0.4,long,0.6,0.008688250906875528
deal_heavy&volume_spike,47,0.0022833035671916057,0.003260943929587201,0.027220139982104995,0.5531914893617021,0.44680851063829785,long,0.5531914893617021,0.008659405440803413
sig_potus&short_posts,30,-0.002493121745589107,-0.004867137404689914,0.01565694347950473,0.36666666666666664,0.6333333333333333,short,0.6333333333333333,0.008648413784883463
has_attack&all_caps_heavy,25,0.0033046900992828566,0.0022597871922365176,0.021866770308375475,0.52,0.48,long,0.52,0.008592194258135427
has_tariff&deal_heavy,56,-0.0023541407669392983,0.0011647713561502293,0.020090998803021343,0.5178571428571429,0.48214285714285715,short,0.48214285714285715,0.008493802897619666
positive_heavy&open_tariff,28,-0.0032043026362549853,0.001229143158335444,0.022264357111641507,0.5,0.5,short,0.5,0.008477787900919352
posts_high&has_chips,23,0.00268155775864403,0.0058139304510012035,0.019662086157964286,0.6521739130434783,0.34782608695652173,long,0.6521739130434783,0.00838715167205794
has_night_post&tariff_rising,23,0.002661913062788628,0.007490510328745259,0.02321872194744078,0.6521739130434783,0.34782608695652173,long,0.6521739130434783,0.00832570863837366
has_exclamation&volume_drop,156,0.0011812945138896945,0.0032671529997797544,0.020082352590501822,0.5641025641025641,0.4358974358974359,long,0.5641025641025641,0.008322974422806325
posts_high&pre_tariff,43,-0.0024550842550960196,-0.0010999513533944683,0.021597555376025965,0.4883720930232558,0.5116279069767442,short,0.5116279069767442,0.008236730456861076
has_action&has_iran,33,0.0023536783410293667,0.004347808779416207,0.028024269355993853,0.6060606060606061,0.3939393939393939,long,0.6060606060606061,0.008194456169601756
has_all_caps&uppercase_phrase_heavy,38,0.0022793789107306297,0.004198227179107006,0.025037973187442126,0.5789473684210527,0.42105263157894735,long,0.5789473684210527,0.00813480989627267
pre_action&has_night_post,83,-0.0018408355797437654,0.0011764187064842169,0.02591474993571718,0.5180722891566265,0.4819277108433735,short,0.4819277108433735,0.008082318206930682
has_action,185,0.0010553949558123289,0.003891122247665413,0.025027395436238387,0.5621621621621622,0.43783783783783786,long,0.5621621621621622,0.008069794757411632
posts_high&sig_potus,41,-0.002232525555566081,-0.002409532494062283,0.01755267517865964,0.43902439024390244,0.5609756097560976,short,0.5609756097560976,0.008019224034079718
brag_heavy&exclamation_heavy,40,-0.0019465993851666974,-0.004165703672636856,0.01722109377297659,0.35,0.65,short,0.65,0.008002394073713195
brag_heavy&has_exclamation,40,-0.0019465993851666974,-0.004165703672636856,0.01722109377297659,0.35,0.65,short,0.65,0.008002394073713195
has_market_brag&brag_heavy,40,-0.0019465993851666974,-0.004165703672636856,0.01722109377297659,0.35,0.65,short,0.65,0.008002394073713195
brag_heavy,40,-0.0019465993851666974,-0.004165703672636856,0.01722109377297659,0.35,0.65,short,0.65,0.008002394073713195
has_tariff&has_all_caps,40,0.0022865207852532654,0.0029441757133279456,0.02021715614015472,0.55,0.45,long,0.55,0.007953674958588768
posts_low&has_uppercase_phrase,25,0.0030522752494507046,0.005689654845312919,0.021123840280972132,0.52,0.48,long,0.52,0.007935915648571832
has_deal&china_streak_3d,38,0.002321029708625431,0.00408625436486465,0.02444116095101812,0.5526315789473685,0.4473684210526316,long,0.5526315789473685,0.007906935494218678
has_russia,282,0.0009160100761290678,0.0011647713561502293,0.023301339615197363,0.5106382978723404,0.48936170212765956,long,0.5106382978723404,0.007854855297871978
has_russia&lots_of_excl,258,0.0009425679155229973,0.0011708757974956407,0.023355652471775186,0.5155038759689923,0.4844961240310077,long,0.5155038759689923,0.007804668126341036
has_positive&brag_heavy,39,-0.0019356060221049033,-0.004255320898984172,0.01744607347354116,0.358974358974359,0.6410256410256411,short,0.6410256410256411,0.007748625470341671
tariff_rising,26,0.002429077301365554,0.006652220389873231,0.022048007904586428,0.6153846153846154,0.38461538461538464,long,0.6153846153846154,0.007622100036731238
has_positive&tariff_rising,26,0.002429077301365554,0.006652220389873231,0.022048007904586428,0.6153846153846154,0.38461538461538464,long,0.6153846153846154,0.007622100036731238
has_exclamation&tariff_rising,26,0.002429077301365554,0.006652220389873231,0.022048007904586428,0.6153846153846154,0.38461538461538464,long,0.6153846153846154,0.007622100036731238
has_tariff&tariff_rising,26,0.002429077301365554,0.006652220389873231,0.022048007904586428,0.6153846153846154,0.38461538461538464,long,0.6153846153846154,0.007622100036731238
exclamation_heavy&tariff_rising,26,0.002429077301365554,0.006652220389873231,0.022048007904586428,0.6153846153846154,0.38461538461538464,long,0.6153846153846154,0.007622100036731238
high_emotion&has_uppercase_phrase,20,0.0033993441445197337,0.00034709853773773336,0.01666211329085281,0.5,0.5,long,0.5,0.007601164586061995
has_action&has_china,88,-0.0017379931385001679,0.0034892007556459603,0.02473031403759875,0.5340909090909091,0.4659090909090909,short,0.4659090909090909,0.007596098334062115
has_attack&has_russia,247,0.00093031557553936,0.0011764187064842169,0.023311493652623742,0.5182186234817814,0.4817813765182186,long,0.5182186234817814,0.007576904006076621
posts_low&exclamation_heavy,43,-0.0021538670342933866,-0.0013848816987518386,0.01824276586106875,0.46511627906976744,0.5348837209302325,short,0.5348837209302325,0.007554617798574178
attack_heavy&positive_heavy,256,0.0009086863593285527,0.0011647713561502293,0.022095382351408115,0.51953125,0.48046875,long,0.51953125,0.007553455361918595
deal_heavy&pre_action,28,-0.003616168496976086,0.003692403540259348,0.02187467824141461,0.6071428571428571,0.39285714285714285,short,0.39285714285714285,0.007517307711496746
brag_heavy&lots_of_excl,39,-0.0018735330152785945,-0.00407608644628954,0.01743993330163716,0.358974358974359,0.6410256410256411,short,0.6410256410256411,0.0075001345707359866
has_action&has_uppercase_phrase,89,-0.0016350018028839066,0.0011891275274322766,0.025110130121625968,0.5168539325842697,0.48314606741573035,short,0.48314606741573035,0.0074523233129131245
positive_heavy&pre_action,66,-0.0020041138059245537,0.0013997638829787995,0.027092985404050984,0.5454545454545454,0.45454545454545453,short,0.45454545454545453,0.007400680693905553
posts_high&tariff_only,29,0.0023387105402321966,0.004842704452577173,0.020726248938258994,0.5862068965517241,0.41379310344827586,long,0.5862068965517241,0.007382889959333107
has_russia&exclamation_heavy,276,0.0008561276715182251,0.0012750351896694267,0.02314603292463802,0.5181159420289855,0.48188405797101447,long,0.5181159420289855,0.007369194696152912
has_uppercase_phrase&china_streak_3d,38,0.0022685281640027594,0.0022409557077978093,0.01927325549620786,0.5263157894736842,0.47368421052631576,long,0.5263157894736842,0.007360077252793743
has_attack&pre_action,58,-0.0020287171942781393,0.0013997638829787995,0.02343866494536115,0.5344827586206896,0.46551724137931033,short,0.46551724137931033,0.007192357687669876
has_attack&brag_heavy,31,-0.0019923207073078227,-0.004255320898984172,0.016925191418652254,0.3548387096774194,0.6451612903225806,short,0.6451612903225806,0.007156627247404386
has_action&has_exclamation,183,0.0009398924630749993,0.003891122247665413,0.02444314159633892,0.5628415300546448,0.4371584699453552,long,0.5628415300546448,0.007156321561483726
attack_heavy&pre_deal,88,0.001312115886256191,0.0034333582578708333,0.021834946732429306,0.5795454545454546,0.42045454545454547,long,0.5795454545454546,0.0071334731957306136
uppercase_phrase_heavy&volume_spike,25,-0.00294724940010489,0.004048645578797805,0.026947333637544434,0.52,0.48,short,0.48,0.0070733985602517355
has_russia&uppercase_phrase_heavy,24,-0.003142511505232218,0.0025590585880016503,0.024994708061141437,0.5416666666666666,0.4583333333333333,short,0.4583333333333333,0.007056087223757405
has_tariff&has_attack,112,0.0011178220027559705,0.0048368015733663006,0.023301238725597712,0.5892857142857143,0.4107142857142857,long,0.5892857142857143,0.0069712005691313595
attack_heavy&has_night_post,282,0.0007841821904387205,0.001189775651869951,0.021948824250311322,0.524822695035461,0.475177304964539,long,0.524822695035461,0.006911210742550088
posts_very_high&short_posts,155,0.0011141808588026238,-0.0011148898579772526,0.023702382046238046,0.4967741935483871,0.5032258064516129,long,0.4967741935483871,0.006890973332962591
open_tariff&lots_of_excl,29,-0.0026017813288130268,0.004830898694155428,0.022102621902410177,0.5172413793103449,0.4827586206896552,short,0.4827586206896552,0.006763941292033442
has_positive&open_tariff,29,-0.0026017813288130268,0.004830898694155428,0.022102621902410177,0.5172413793103449,0.4827586206896552,short,0.4827586206896552,0.006763941292033442
positive_heavy&china_streak_3d,70,0.0015234097325861023,0.0022247104987979105,0.0224108614818343,0.5285714285714286,0.4714285714285714,long,0.5285714285714286,0.00673704471566386
has_positive&has_russia,272,0.0007985165132847622,0.0011647713561502293,0.02315180785175067,0.5110294117647058,0.4889705882352941,long,0.5110294117647058,0.00672998738238452
has_deal&volume_drop,31,-0.002496375525082983,0.004048584896911844,0.022907502628386506,0.5161290322580645,0.4838709677419355,short,0.4838709677419355,0.00672543420232167
posts_low&has_exclamation,134,-0.001226081180534187,0.0015513785225267362,0.02269400982404136,0.5298507462686567,0.4701492537313433,short,0.4701492537313433,0.006672788760096922
has_attack&pre_tariff,51,-0.002047122183552005,0.0036057725861544654,0.02376750034231879,0.5490196078431373,0.45098039215686275,short,0.45098039215686275,0.006593052173359551
pre_deal&china_streak_3d,22,0.0025378663067502816,0.006731989818603568,0.026766680960880754,0.5454545454545454,0.45454545454545453,long,0.5454545454545454,0.006492898975367129
positive_heavy&pre_tariff,53,-0.0018096345014992658,0.001140200555072024,0.02217466712394646,0.5094339622641509,0.49056603773584906,short,0.49056603773584906,0.00646288280734054
posts_very_high&open_tariff,20,-0.0028610915422007444,0.001229143158335444,0.021871829040679223,0.5,0.5,short,0.5,0.006397595178210573
has_action&china_streak_3d,26,-0.0029584557523308908,0.00408625436486465,0.02093659477406478,0.5769230769230769,0.4230769230769231,short,0.4230769230769231,0.006382209989369092
has_attack&sig_potus,51,0.0016860055815173269,0.0011764187064842169,0.02001500744250251,0.5294117647058824,0.47058823529411764,long,0.5294117647058824,0.006374376100868696
has_positive&volume_drop,125,0.001029546788690987,0.0029113156697531117,0.019907966795735633,0.552,0.448,long,0.552,0.006353897031261859
has_tariff&has_russia,63,-0.0017384894337431225,0.0013736516728546366,0.023834176381548024,0.5396825396825397,0.4603174603174603,short,0.4603174603174603,0.006351843345682682
has_action&has_market_brag,39,0.0017985766925426062,0.004016063959838556,0.021281259613709476,0.5641025641025641,0.4358974358974359,long,0.5641025641025641,0.006336060835581562
deal_heavy&attack_heavy,76,0.0013100718268841596,0.0011827731169582467,0.022579149906130688,0.5526315789473685,0.4473684210526316,long,0.5526315789473685,0.006311572881343318
has_russia&pre_deal,66,0.0014203588447384613,0.001760549389779431,0.026545773069716005,0.5454545454545454,0.45454545454545453,long,0.5454545454545454,0.006294027165283432
posts_low&has_night_post,106,-0.0012612287007674316,0.0015513785225267362,0.022926445500489327,0.5188679245283019,0.4811320754716981,short,0.4811320754716981,0.006247569391898597
deal_heavy&has_relief,33,0.0016061792137619178,0.003508851724082662,0.0260782043314184,0.6666666666666666,0.3333333333333333,long,0.6666666666666666,0.006151198076681689
has_action&exclamation_heavy,177,0.0008303358939833946,0.003508851724082662,0.02470672817219397,0.5536723163841808,0.4463276836158192,long,0.5536723163841808,0.006116363030883806
posts_high&short_posts,228,0.0008207820095596853,-0.0011074206056858604,0.02270913093616511,0.49122807017543857,0.5087719298245614,long,0.49122807017543857,0.006088053046648571
has_deal&pre_action,48,-0.0019082663367312968,0.002225035728509739,0.02273643646514306,0.5416666666666666,0.4583333333333333,short,0.4583333333333333,0.0060595594575852335
has_tariff&short_posts,41,0.0017616096444865806,0.0011653328885070646,0.020841558416293076,0.5365853658536586,0.4634146341463415,long,0.5365853658536586,0.006052578513491823
posts_high&open_tariff,24,-0.002450508461723372,0.001229143158335444,0.020773337382219148,0.5,0.5,short,0.5,0.006002495341594783
has_china&pre_action,44,-0.0020732525375724412,0.004024314997322698,0.024988419022748308,0.5681818181818182,0.4318181818181818,short,0.4318181818181818,0.005938537022400908
attack_heavy&pre_tariff,34,-0.0021623961218930066,0.0023729865706132447,0.021845912761886625,0.5294117647058824,0.47058823529411764,short,0.47058823529411764,0.0059335660067567795
has_action&attack_heavy,102,0.0010151626707370213,0.003804289914685066,0.022110562423103018,0.5784313725490197,0.4215686274509804,long,0.5784313725490197,0.005930448862496211
has_china&tariff_only,23,0.0018846869026587258,0.004830898694155428,0.015616730231845307,0.6521739130434783,0.34782608695652173,long,0.6521739130434783,0.005894765777833909
has_relief&has_market_brag,21,-0.002454081890015915,-0.0011919621042538742,0.023358551440145082,0.47619047619047616,0.5238095238095238,short,0.5238095238095238,0.0058907702975619265
positive_heavy&tariff_rising,25,0.0019554877822377035,0.0058139304510012035,0.022367274963297018,0.6,0.4,long,0.6,0.005866463346713111
has_russia&has_exclamation,281,0.0006783722378372719,0.001164209823793394,0.022998035508881434,0.5088967971530249,0.49110320284697506,long,0.5088967971530249,0.005786966173117534
has_action&has_positive,178,0.0007722534254974936,0.003804289914685066,0.02472463279915962,0.5561797752808989,0.4438202247191011,long,0.5561797752808989,0.005730401302025162
positive_heavy&all_caps_heavy,22,0.002667817677844994,-0.002721484393525486,0.023383814411709954,0.45454545454545453,0.5454545454545454,long,0.45454545454545453,0.005687806400227139
has_china&volume_drop,31,-0.001977753733942414,-0.0032503447376459604,0.020963255843762862,0.4838709677419355,0.5161290322580645,short,0.5161290322580645,0.005683440907508944
posts_high&volume_spike,117,0.0009727984913980118,0.003260943929587201,0.023618534735262143,0.5384615384615384,0.46153846153846156,long,0.5384615384615384,0.005665920897693882
has_tariff&has_uppercase_phrase,55,-0.001545845376057569,0.0036057725861544654,0.02436364322147659,0.509090909090909,0.4909090909090909,short,0.4909090909090909,0.00562792719560824
has_exclamation&short_posts,488,0.0005050624523323127,0.0010965087511128901,0.021364892167290605,0.5020491803278688,0.4979508196721312,long,0.5020491803278688,0.00560146022519631
deal_over_tariff&china_streak_3d,36,0.001756669150112923,0.003135384901078453,0.025003356492850855,0.5277777777777778,0.4722222222222222,long,0.5277777777777778,0.0055627856420242565
has_russia&tariff_only,22,0.001992347714475666,0.0041860906582810165,0.018466402538365637,0.5909090909090909,0.4090909090909091,long,0.5909090909090909,0.005522009479423778
has_russia&short_posts,138,-0.000877075694931429,-0.0011774090598252185,0.01878536092051227,0.47101449275362317,0.5289855072463768,short,0.5289855072463768,0.005450299816945071
posts_low&has_positive,98,-0.001121725793208212,0.0013661012907768555,0.020512230306779025,0.5102040816326531,0.4897959183673469,short,0.4897959183673469,0.005438947988635787
has_relief&deal_over_tariff,46,-0.001755994274488374,0.001766903800253461,0.024334954693995665,0.5434782608695652,0.45652173913043476,short,0.45652173913043476,0.00543705184737467
has_night_post&volume_drop,125,0.0008928225890558652,0.002350190517949935,0.020314281598843378,0.544,0.456,long,0.544,0.005430240642655467
brag_heavy&deal_over_tariff,20,0.002661304816394844,-0.0031813702506631736,0.01961671552742094,0.45,0.55,long,0.45,0.005355772630475822
attack_heavy&has_exclamation,295,0.0006003922673026072,0.0011653328885070646,0.02224669023623873,0.5186440677966102,0.48135593220338985,long,0.5186440677966102,0.005348296958266577
attack_heavy,295,0.0006003922673026072,0.0011653328885070646,0.02224669023623873,0.5186440677966102,0.48135593220338985,long,0.5186440677966102,0.005348296958266577
has_attack&attack_heavy,295,0.0006003922673026072,0.0011653328885070646,0.02224669023623873,0.5186440677966102,0.48135593220338985,long,0.5186440677966102,0.005348296958266577
posts_high&china_streak_3d,57,0.001325337568472077,0.00222729677423672,0.02194893848466202,0.5263157894736842,0.47368421052631576,long,0.5263157894736842,0.0052663574804255224
open_tariff&has_night_post,28,-0.0021099473223624115,0.005256404060022701,0.022921200212879352,0.5357142857142857,0.4642857142857143,short,0.4642857142857143,0.005183653330530604
has_china&has_uppercase_phrase,127,0.0008976607730340222,0.0011764187064842169,0.022824356978581373,0.5118110236220472,0.4881889763779528,long,0.5118110236220472,0.005177543346295061
attack_heavy&has_positive,291,0.0005882875464248474,0.001164209823793394,0.022269097809551594,0.5154639175257731,0.4845360824742268,long,0.5154639175257731,0.0051729040076202975
attack_heavy&exclamation_heavy,294,0.0005832447862024669,0.0011647713561502293,0.022282668606741288,0.5170068027210885,0.48299319727891155,long,0.5170068027210885,0.005170360058163714
has_tariff&has_china,87,0.0009407560602788316,0.00402677782453531,0.020217411440096457,0.5862068965517241,0.41379310344827586,long,0.5862068965517241,0.005143841458692732
positive_heavy&sig_potus,50,-0.0013424175545099625,-0.0018722365273681207,0.020568623143670688,0.46,0.54,short,0.54,0.005125855802280425
attack_heavy&open_deal,45,0.0014970965146950165,-0.0011062567478002938,0.02565868809720253,0.4888888888888889,0.5111111111111111,long,0.4888888888888889,0.004909827377746236
deal_over_tariff&volume_drop,27,-0.0018717201599587382,0.004048584896911844,0.02346073597417471,0.5185185185185185,0.48148148148148145,short,0.48148148148148145,0.004682765265532583
deal_only&volume_drop,27,-0.0018717201599587382,0.004048584896911844,0.02346073597417471,0.5185185185185185,0.48148148148148145,short,0.48148148148148145,0.004682765265532583
has_tariff&has_positive,140,-0.000871452667278459,0.0023650416405932573,0.024279086343689665,0.55,0.45,short,0.45,0.004640025156132895
has_russia&volume_drop,23,0.0015638179269284627,0.003512843319934955,0.01370162350341785,0.6086956521739131,0.391304347826087,long,0.6086956521739131,0.004565100102156129
sig_potus&has_uppercase_phrase,30,-0.0014673287972588379,-0.004867137404689914,0.020140791188360353,0.43333333333333335,0.5666666666666667,short,0.5666666666666667,0.0045542381287016764
has_attack&has_chips,26,0.001515644096427165,0.0025593363763265486,0.01881049404797955,0.5769230769230769,0.4230769230769231,long,0.5769230769230769,0.00445863393654451
open_deal&short_posts,45,0.001413700445004561,-0.002409532494062283,0.028899097483737857,0.4666666666666667,0.5333333333333333,long,0.4666666666666667,0.004425582412792662
has_deal&sig_potus,23,0.001928883733629828,-0.0011062567478002938,0.025825276974416424,0.4782608695652174,0.5217391304347826,long,0.4782608695652174,0.004424200676522509
has_tariff&volume_spike,34,-0.001517284375560058,0.0012480189023344468,0.023431142957577856,0.5,0.5,short,0.5,0.004423606102345544
has_china&uppercase_phrase_heavy,34,0.0012777700907143103,0.005014859102653091,0.02852130955339478,0.5882352941176471,0.4117647058823529,long,0.5882352941176471,0.004382715253898388
open_deal&volume_spike,24,-0.0017546583192209753,3.334196249932253e-05,0.03386315087972166,0.5,0.5,short,0.5,0.00429801755502095
silence_day,222,-0.0005441996640405238,-0.003460175395588627,0.02556383523975098,0.47058823529411764,0.5294117647058824,short,0.5294117647058824,0.0042926783160761066
posts_low&silence_day,222,-0.0005441996640405238,-0.003460175395588627,0.02556383523975098,0.47058823529411764,0.5294117647058824,short,0.5294117647058824,0.0042926783160761066
attack_heavy&open_tariff,20,-0.0018982204159232075,0.0016546485242027176,0.022749767042229013,0.5,0.5,short,0.5,0.004244549886282216
open_tariff,30,-0.0016570565300017214,0.005256404060022701,0.022326113025103157,0.5333333333333333,0.4666666666666667,short,0.4666666666666667,0.0042355004558681675
has_tariff&open_tariff,30,-0.0016570565300017214,0.005256404060022701,0.022326113025103157,0.5333333333333333,0.4666666666666667,short,0.4666666666666667,0.0042355004558681675
open_tariff&has_exclamation,30,-0.0016570565300017214,0.005256404060022701,0.022326113025103157,0.5333333333333333,0.4666666666666667,short,0.4666666666666667,0.0042355004558681675
open_tariff&exclamation_heavy,30,-0.0016570565300017214,0.005256404060022701,0.022326113025103157,0.5333333333333333,0.4666666666666667,short,0.4666666666666667,0.0042355004558681675
posts_very_high&has_tariff,59,-0.0011740817074524187,0.0011653328885070646,0.01975103399344594,0.5423728813559322,0.4576271186440678,short,0.4576271186440678,0.0041270153101848886
posts_very_high&uppercase_phrase_heavy,37,0.0011310527629229848,0.005681909425889975,0.026412135187741957,0.5945945945945946,0.40540540540540543,long,0.5945945945945946,0.0040907664338962315
has_relief&deal_only,36,-0.0013563780773257236,2.440634472700154e-05,0.02505947377648404,0.5,0.5,short,0.5,0.00406913423197717
attack_heavy&has_russia,144,0.0006678629755071309,0.0010989970365821167,0.02288489175459004,0.5069444444444444,0.4930555555555556,long,0.5069444444444444,0.004062833101001713
has_market_brag&pre_deal,38,0.0011856139104531637,0.0011703142651388054,0.015285203880001458,0.5526315789473685,0.4473684210526316,long,0.5526315789473685,0.00403897144278837
all_caps_heavy&short_posts,24,0.001642516700410666,2.547562128862868e-06,0.02362597332369712,0.5,0.5,long,0.5,0.0040233278100059965
has_relief&pre_deal,31,-0.0016409531829450503,0.0023446800730746453,0.02417500754657708,0.5806451612903226,0.41935483870967744,short,0.41935483870967744,0.0038314105964503634
has_tariff&lots_of_excl,132,-0.0007442918128145569,0.0023650416405932573,0.024723778713554787,0.553030303030303,0.44696969696969696,short,0.44696969696969696,0.0038221549365923648
short_posts,545,0.00032786675451630735,-0.001078701181932984,0.0215440248049943,0.4990825688073395,0.5009174311926605,long,0.4990825688073395,0.0038200410918878087
posts_very_high&all_caps_heavy,22,0.0017862077756051905,-0.002721484393525486,0.02446244995300205,0.45454545454545453,0.5454545454545454,long,0.45454545454545453,0.0038082077731898803
deal_heavy&china_streak_3d,23,-0.001502845706458432,-0.004555836219114817,0.027506413790889046,0.4782608695652174,0.5217391304347826,short,0.5217391304347826,0.0037603799028044457
has_russia&sig_potus,35,-0.001294950458818489,0.0011285224759587376,0.018276143090872873,0.5142857142857142,0.4857142857142857,short,0.4857142857142857,0.0037210718257725084
tariff_heavy&has_exclamation,20,-0.0016454826779114806,-0.0006042012768455729,0.022903715832703092,0.5,0.5,short,0.5,0.0036794111236084625
has_tariff&tariff_heavy,20,-0.0016454826779114806,-0.0006042012768455729,0.022903715832703092,0.5,0.5,short,0.5,0.0036794111236084625
tariff_heavy&exclamation_heavy,20,-0.0016454826779114806,-0.0006042012768455729,0.022903715832703092,0.5,0.5,short,0.5,0.0036794111236084625
tariff_heavy&has_positive,20,-0.0016454826779114806,-0.0006042012768455729,0.022903715832703092,0.5,0.5,short,0.5,0.0036794111236084625
tariff_heavy,20,-0.0016454826779114806,-0.0006042012768455729,0.022903715832703092,0.5,0.5,short,0.5,0.0036794111236084625
has_exclamation&volume_spike,147,0.0005834076030140479,0.002762405091241371,0.026166681712603054,0.5170068027210885,0.48299319727891155,long,0.5170068027210885,0.0036570172550292926
posts_high&attack_heavy,241,0.0004703619229547104,-0.0011062567478002938,0.021651281535859723,0.4979253112033195,0.5020746887966805,long,0.4979253112033195,0.003635840993734966
positive_heavy&has_chips,30,0.0010951854689246051,0.0025593363763265486,0.01808820845629775,0.6,0.4,long,0.6,0.0035991467158912756
has_night_post&has_chips,30,0.0010951854689246051,0.0025593363763265486,0.01808820845629775,0.6,0.4,long,0.6,0.0035991467158912756
exclamation_heavy&has_chips,30,0.0010951854689246051,0.0025593363763265486,0.01808820845629775,0.6,0.4,long,0.6,0.0035991467158912756
lots_of_excl&has_chips,30,0.0010951854689246051,0.0025593363763265486,0.01808820845629775,0.6,0.4,long,0.6,0.0035991467158912756
attack_heavy&lots_of_excl,292,0.00040896653118283435,0.001152205189432709,0.022258685493626473,0.5136986301369864,0.4863013698630137,long,0.5136986301369864,0.003589943398084578
posts_high&has_russia,169,0.0005383291874639849,0.0010694715972054958,0.021610794916427735,0.5029585798816568,0.4970414201183432,long,0.5029585798816568,0.003519844687264517
has_tariff&deal_over_tariff,45,-0.0011433416488272786,0.001227016435439543,0.019391495258432596,0.5555555555555556,0.4444444444444444,short,0.4444444444444444,0.00340878619771265
has_uppercase_phrase&volume_spike,81,0.000716762457025581,0.0011891275274322766,0.026255508862162137,0.5185185185185185,0.48148148148148145,long,0.5185185185185185,0.003344891466119378
has_action&uppercase_phrase_heavy,28,-0.0014728658025910113,0.005014859102653091,0.029404426400532258,0.5714285714285714,0.42857142857142855,short,0.42857142857142855,0.0033401456813377446
posts_very_high&has_china,134,0.0004978814126714495,0.0033783691200611754,0.02303323880214712,0.5671641791044776,0.43283582089552236,long,0.5671641791044776,0.0032687906438893842
has_china&volume_spike,72,-0.0007489661993009128,3.334196249932253e-05,0.024103746693607743,0.5,0.5,short,0.5,0.003177594470431144
pre_action&volume_spike,34,-0.0012194098191459256,0.002225035728509739,0.02841166002516827,0.5588235294117647,0.4411764705882353,short,0.4411764705882353,0.0031369058803861326
has_market_brag&pre_action,22,-0.0013319213061650413,-0.0005229425681460564,0.02488017540550159,0.5,0.5,short,0.5,0.0031236323426405586
has_china&short_posts,147,-0.0004949416746717629,0.001140200555072024,0.02111218116945445,0.5102040816326531,0.4897959183673469,short,0.4897959183673469,0.0029391912936504666
has_night_post&short_posts,453,0.00027685056949657797,-0.0010999513533944683,0.02179386269285255,0.4966887417218543,0.5033112582781457,long,0.4966887417218543,0.0029267042506549105
has_attack&open_tariff,28,-0.001182297620472684,0.005256404060022701,0.02274458187412524,0.5357142857142857,0.4642857142857143,short,0.4642857142857143,0.002904632230903139
has_positive&has_chips,31,0.0008823709084141071,0.0022857280310093486,0.01782361261936879,0.5806451612903226,0.41935483870967744,long,0.5806451612903226,0.0028526128830963977
has_exclamation&has_chips,31,0.0008823709084141071,0.0022857280310093486,0.01782361261936879,0.5806451612903226,0.41935483870967744,long,0.5806451612903226,0.0028526128830963977
has_chips,31,0.0008823709084141071,0.0022857280310093486,0.01782361261936879,0.5806451612903226,0.41935483870967744,long,0.5806451612903226,0.0028526128830963977
posts_high&has_china,204,0.0003769179242048178,0.001724570329399322,0.021762687988779218,0.5294117647058824,0.47058823529411764,long,0.5294117647058824,0.002850069577916801
deal_heavy&has_market_brag,35,0.0009338985092470172,-0.0011919621042538742,0.017958157414866924,0.4857142857142857,0.5142857142857142,long,0.4857142857142857,0.0026835802151541003
has_tariff,142,-0.0004978025243002248,0.0030771678486447573,0.024309568445901028,0.5563380281690141,0.44366197183098594,short,0.44366197183098594,0.002631803570586434
has_tariff&has_exclamation,142,-0.0004978025243002248,0.0030771678486447573,0.024309568445901028,0.5563380281690141,0.44366197183098594,short,0.44366197183098594,0.002631803570586434
attack_heavy&uppercase_phrase_heavy,35,-0.0009546358082504116,0.0022597871922365176,0.022774812570172172,0.5428571428571428,0.45714285714285713,short,0.45714285714285713,0.002581806448188901
has_russia&has_uppercase_phrase,112,0.0004702655186288209,0.001760549389779431,0.022519593148682866,0.5178571428571429,0.48214285714285715,long,0.5178571428571429,0.002577283054382822
high_emotion&has_exclamation,41,0.0008608397180531854,-0.0013928388731104802,0.019413354615851287,0.4634146341463415,0.5365853658536586,long,0.4634146341463415,0.0025543709658783663
has_positive&sig_potus,59,-0.0005950269892313027,-0.0015221261066881153,0.020064569974834495,0.4745762711864407,0.5254237288135594,short,0.5254237288135594,0.002401443387698873
posts_high&uppercase_phrase_heavy,42,-0.000814409980308353,0.003154216385517161,0.025824081814835316,0.5476190476190477,0.4523809523809524,short,0.4523809523809524,0.0023876575758786634
posts_high&all_caps_heavy,26,0.0009662838968510715,-0.002721484393525486,0.022739082686854296,0.46153846153846156,0.5384615384615384,long,0.46153846153846156,0.00227404635956035
positive_heavy&volume_drop,46,0.0005266085930985277,0.002931516918942445,0.01891419375426314,0.5652173913043478,0.43478260869565216,long,0.5652173913043478,0.0020187492284550546
volume_drop,316,-0.00023279569021901603,0.0013045750860223304,0.022255518521033135,0.5126582278481012,0.4873417721518987,short,0.4873417721518987,0.00201675023128916
has_deal&brag_heavy,23,0.0009378823325719999,-0.0031882767190721806,0.019685745875400527,0.43478260869565216,0.5652173913043478,long,0.43478260869565216,0.0019556198503073306
posts_very_high&has_russia,114,0.0003478236863746302,0.0011708757974956407,0.02240189695096117,0.5263157894736842,0.47368421052631576,long,0.5263157894736842,0.0019546003775431173
has_action&short_posts,102,-0.00041118017064496667,0.0027769912020899623,0.02539070641413814,0.5392156862745098,0.46078431372549017,short,0.46078431372549017,0.0019135064677187638
posts_high&has_tariff,91,0.00035386122290419436,0.002624858833304655,0.02098517304663716,0.5494505494505495,0.45054945054945056,long,0.5494505494505495,0.0018547367713717085
volume_spike,168,0.00024206009024376184,0.001975766309336824,0.025555049758923674,0.5119047619047619,0.4880952380952381,long,0.5119047619047619,0.0016060793611197652
has_tariff&has_action,40,-0.0006023783485214568,0.005698089641095194,0.02243874706444735,0.6,0.4,short,0.4,0.0015239100755988202
high_emotion&volume_spike,22,-0.0005276199729378862,-0.0032498103807860335,0.022460309162823315,0.45454545454545453,0.5454545454545454,short,0.5454545454545454,0.0013498674743266216
has_russia&pre_action,32,-0.0005415962152740227,0.003630464172717396,0.02657433939083531,0.5625,0.4375,short,0.4375,0.0013403822476983074
has_attack&uppercase_phrase_heavy,41,0.00036336918849969236,0.004048645578797805,0.02606583290732641,0.5609756097560976,0.43902439024390244,long,0.5609756097560976,0.0013052208618153603
attack_heavy&pre_action,45,-0.0004558556461265301,0.004016063959838556,0.0236315138554896,0.5777777777777777,0.4222222222222222,short,0.4222222222222222,0.0012911440027102794
exclamation_heavy&volume_drop,107,0.00022463498843850423,0.003374655282452288,0.01913560929693785,0.5514018691588785,0.4485981308411215,long,0.5514018691588785,0.0012812607562351316
attack_heavy&has_uppercase_phrase,148,-0.00019366498102385855,-2.2709130385878407e-05,0.020745528028727808,0.5,0.5,short,0.5,0.0011780180900028425
posts_very_high&has_action,94,0.000203619709475678,0.003819543661739533,0.02410760871737872,0.574468085106383,0.425531914893617,long,0.574468085106383,0.0011340955503553894
has_china&has_russia,115,0.00019137170156153407,0.0013736516728546366,0.0221642105362505,0.5391304347826087,0.4608695652173913,long,0.5391304347826087,0.0011064211975770173
has_tariff&has_iran,23,0.00044098982405215776,0.004842704452577173,0.02459333806524309,0.5217391304347826,0.4782608695652174,long,0.5217391304347826,0.001103432817208418
has_iran&short_posts,46,0.0003109275218589131,0.0011229451518448563,0.02376092561096471,0.5217391304347826,0.4782608695652174,long,0.5217391304347826,0.0011002502890865443
pre_action&deal_only,32,0.00034302773732784383,0.002225035728509739,0.02121954584114078,0.5625,0.4375,long,0.5625,0.001091507576398183
attack_heavy&has_china,144,-0.00019216129701787028,0.001183421241395921,0.022843956388478262,0.5347222222222222,0.4652777777777778,short,0.4652777777777778,0.0010729005750164423
has_night_post&sig_potus,60,-0.00025024975045530583,-0.0018722365273681207,0.020657213407085758,0.4666666666666667,0.5333333333333333,short,0.5333333333333333,0.0010338273236330255
has_china&china_streak_3d,50,0.000254916272577117,0.0022247104987979105,0.020179973010653315,0.54,0.46,long,0.54,0.0009733663348600201
posts_high&has_action,131,-0.00018914108917145517,0.003508851724082662,0.024102812286989357,0.5572519083969466,0.44274809160305345,short,0.44274809160305345,0.0009584693539642477
lots_of_excl&volume_drop,80,0.00018650617711200995,0.0023012846822751953,0.018201762568927183,0.55,0.45,long,0.55,0.0009174890785413534
has_attack&volume_drop,66,0.00020284865870626252,0.0018274387557759564,0.018682403151227236,0.5454545454545454,0.45454545454545453,long,0.5454545454545454,0.0008988819783592196
has_russia&china_streak_3d,34,0.0002799613422008675,0.0031379711765172624,0.019198154202182457,0.5294117647058824,0.47058823529411764,long,0.5294117647058824,0.0008642335334768375
posts_very_high&volume_spike,88,-0.000186995677316447,0.0034056008739528076,0.024801718073533048,0.5340909090909091,0.4659090909090909,short,0.4659090909090909,0.000817286053365016
attack_heavy&short_posts,146,-0.0001229854764705762,-0.0011515854266874181,0.02089856842452258,0.4863013698630137,0.5136986301369864,short,0.5136986301369864,0.0007633762840471263
sig_potus,62,0.00019652953910388602,-0.0013141914272442046,0.02046535664408973,0.4838709677419355,0.5161290322580645,long,0.4838709677419355,0.0007487782927644729
sig_potus&has_exclamation,62,0.00019652953910388602,-0.0013141914272442046,0.02046535664408973,0.4838709677419355,0.5161290322580645,long,0.4838709677419355,0.0007487782927644729
has_tariff&positive_heavy,117,-0.0001549928520709471,0.002624858833304655,0.021846959298363944,0.5555555555555556,0.4444444444444444,short,0.4444444444444444,0.0007451129006296063
has_tariff&exclamation_heavy,137,-0.00012997569380974154,0.002624858833304655,0.023114304671613475,0.5547445255474452,0.44525547445255476,short,0.44525547445255476,0.0006773789488727503
has_iran&open_deal,22,0.0002624715054962726,3.262261623004914e-05,0.034660376939666254,0.5,0.5,long,0.5,0.0006155502429421496
sig_potus&exclamation_heavy,60,0.00013927983395938814,-0.0013141914272442046,0.020707746955972845,0.48333333333333334,0.5166666666666667,long,0.48333333333333334,0.000521447528141003
has_tariff&attack_heavy,68,0.00010553536423122335,0.002385552737330765,0.021336033387812266,0.5441176470588235,0.45588235294117646,long,0.5441176470588235,0.00047352758225425095
has_night_post&volume_spike,145,7.485027694103663e-05,0.0011891275274322766,0.026380867406462397,0.5103448275862069,0.4896551724137931,long,0.5103448275862069,0.00045998231026577493
has_positive&high_emotion,26,-0.00013671057681748837,-0.0025033770526470267,0.017372228369816962,0.38461538461538464,0.6153846153846154,short,0.6153846153846154,0.00042897839932732224
has_uppercase_phrase&uppercase_phrase_heavy,46,-0.000104424552793414,0.003154216385517161,0.025981228906823105,0.5434782608695652,0.45652173913043476,short,0.45652173913043476,0.00032332776702368707
uppercase_phrase_heavy&exclamation_heavy,46,-0.000104424552793414,0.003154216385517161,0.025981228906823105,0.5434782608695652,0.45652173913043476,short,0.45652173913043476,0.00032332776702368707
has_positive&uppercase_phrase_heavy,46,-0.000104424552793414,0.003154216385517161,0.025981228906823105,0.5434782608695652,0.45652173913043476,short,0.45652173913043476,0.00032332776702368707
uppercase_phrase_heavy&lots_of_excl,46,-0.000104424552793414,0.003154216385517161,0.025981228906823105,0.5434782608695652,0.45652173913043476,short,0.45652173913043476,0.00032332776702368707
uppercase_phrase_heavy,46,-0.000104424552793414,0.003154216385517161,0.025981228906823105,0.5434782608695652,0.45652173913043476,short,0.45652173913043476,0.00032332776702368707
uppercase_phrase_heavy&has_exclamation,46,-0.000104424552793414,0.003154216385517161,0.025981228906823105,0.5434782608695652,0.45652173913043476,short,0.45652173913043476,0.00032332776702368707
has_night_post&uppercase_phrase_heavy,46,-0.000104424552793414,0.003154216385517161,0.025981228906823105,0.5434782608695652,0.45652173913043476,short,0.45652173913043476,0.00032332776702368707
attack_heavy&china_streak_3d,42,9.075912993474396e-05,0.0029886223869706185,0.020462941869807384,0.5476190476190477,0.4523809523809524,long,0.5476190476190477,0.0003221020691372427
positive_heavy&uppercase_phrase_heavy,38,-9.085285605224462e-05,0.003154216385517161,0.026471527852832702,0.5526315789473685,0.4473684210526316,short,0.4473684210526316,0.00025055075018392333
pre_action&deal_over_tariff,42,6.10655187560279e-05,0.0040323547693181805,0.022030878331726057,0.5952380952380952,0.40476190476190477,long,0.5952380952380952,0.00023556535278070154
has_all_caps&all_caps_heavy,28,9.407194584746101e-05,-0.002721484393525486,0.022753450092359965,0.4642857142857143,0.5357142857142857,long,0.4642857142857143,0.00023111304734172307
has_positive&all_caps_heavy,28,9.407194584746101e-05,-0.002721484393525486,0.022753450092359965,0.4642857142857143,0.5357142857142857,long,0.4642857142857143,0.00023111304734172307
all_caps_heavy&exclamation_heavy,28,9.407194584746101e-05,-0.002721484393525486,0.022753450092359965,0.4642857142857143,0.5357142857142857,long,0.4642857142857143,0.00023111304734172307
all_caps_heavy&has_uppercase_phrase,28,9.407194584746101e-05,-0.002721484393525486,0.022753450092359965,0.4642857142857143,0.5357142857142857,long,0.4642857142857143,0.00023111304734172307
all_caps_heavy,28,9.407194584746101e-05,-0.002721484393525486,0.022753450092359965,0.4642857142857143,0.5357142857142857,long,0.4642857142857143,0.00023111304734172307
all_caps_heavy&has_exclamation,28,9.407194584746101e-05,-0.002721484393525486,0.022753450092359965,0.4642857142857143,0.5357142857142857,long,0.4642857142857143,0.00023111304734172307
all_caps_heavy&lots_of_excl,28,9.407194584746101e-05,-0.002721484393525486,0.022753450092359965,0.4642857142857143,0.5357142857142857,long,0.4642857142857143,0.00023111304734172307
has_night_post&all_caps_heavy,28,9.407194584746101e-05,-0.002721484393525486,0.022753450092359965,0.4642857142857143,0.5357142857142857,long,0.4642857142857143,0.00023111304734172307
posts_high&has_uppercase_phrase,196,3.115379454115994e-05,-1.5239878094486237e-05,0.022389452484257277,0.5,0.5,long,0.5,0.0002180765617881196
uppercase_phrase_heavy&short_posts,31,5.584866443944962e-05,0.0022597871922365176,0.028136547984528654,0.5483870967741935,0.45161290322580644,long,0.5483870967741935,0.00017052217615546897
sig_potus&lots_of_excl,56,1.0865072470431225e-05,1.1132864079221871e-05,0.019879099937572666,0.5,0.5,long,0.5,4.065337866682319e-05
has_tariff&has_night_post,127,5.201762101062656e-06,0.0035294768639848595,0.02281156650775974,0.5669291338582677,0.4330708661417323,long,0.5669291338582677,3.3233885717846314e-05
