event,n,mean_ret,median_ret,std,hit_up,hit_down,direction,directional_hit,score
deal_heavy&has_iran,44,0.04235655049080395,0.019846075470536295,0.08401862532703525,0.7272727272727273,0.2727272727272727,long,0.7272727272727273,0.20433568784253173
has_exclamation&deal_over_tariff,309,0.018838033199356213,0.01229503480030325,0.07723559430737033,0.5857605177993528,0.4045307443365696,long,0.5857605177993528,0.1939701461849266
has_attack&deal_over_tariff,232,0.02123882025797125,0.015559110777639606,0.07557598573465132,0.5991379310344828,0.3922413793103448,long,0.5991379310344828,0.19382116397249974
has_all_caps&has_uppercase_phrase,133,0.025067218809189933,0.018324601472547997,0.06238843063852845,0.6616541353383458,0.3233082706766917,long,0.6616541353383458,0.19127711097168193
deal_heavy&deal_only,92,0.030719660236474496,0.01705961377558174,0.08815099262464822,0.6413043478260869,0.34782608695652173,long,0.6413043478260869,0.18896201265010645
has_iran&deal_only,58,0.0366467711068861,0.019439611018176484,0.08887958119248153,0.6724137931034483,0.3275862068965517,long,0.6724137931034483,0.18766631480500645
deal_heavy&has_uppercase_phrase,65,0.03083152624074175,0.0171036940235183,0.059290756212253805,0.7538461538461538,0.24615384615384617,long,0.7538461538461538,0.1873848285382803
deal_heavy&deal_over_tariff,137,0.02512825095998315,0.016304392823635494,0.07805251674744594,0.635036496350365,0.35036496350364965,long,0.635036496350365,0.18677606860440432
deal_over_tariff,311,0.018193200730550856,0.011293526102404083,0.07746425195084006,0.5819935691318328,0.40836012861736337,long,0.5819935691318328,0.18672715985713756
has_deal&deal_over_tariff,311,0.018193200730550856,0.011293526102404083,0.07746425195084006,0.5819935691318328,0.40836012861736337,long,0.5819935691318328,0.18672715985713756
has_night_post&deal_over_tariff,283,0.019266367335194986,0.011283585209711955,0.07657866173319,0.5759717314487632,0.4134275618374558,long,0.5759717314487632,0.18667846578745997
has_exclamation&deal_only,264,0.0197143584046933,0.011794280451353667,0.08094673021128664,0.5795454545454546,0.4128787878787879,long,0.5795454545454546,0.1856402373846998
has_night_post&deal_only,242,0.02061368557562771,0.01128855565605802,0.08006609681278842,0.5743801652892562,0.41735537190082644,long,0.5743801652892562,0.18418860754114003
pre_deal&deal_over_tariff,151,0.02329998921817724,0.018038327505265794,0.07743945440364465,0.6423841059602649,0.3443708609271523,long,0.6423841059602649,0.18392424445787733
has_attack&deal_only,196,0.021956931790217724,0.015559110777639606,0.07900200629545803,0.5918367346938775,0.4030612244897959,long,0.5918367346938775,0.1819288634046611
has_deal&deal_only,266,0.018953848824959693,0.01128855565605802,0.08118227843165324,0.575187969924812,0.41729323308270677,long,0.575187969924812,0.17780666034327533
deal_only,266,0.018953848824959693,0.01128855565605802,0.08118227843165324,0.575187969924812,0.41729323308270677,long,0.575187969924812,0.17780666034327533
deal_over_tariff&deal_only,266,0.018953848824959693,0.01128855565605802,0.08118227843165324,0.575187969924812,0.41729323308270677,long,0.575187969924812,0.17780666034327533
pre_deal&deal_only,119,0.025443731686068664,0.018478210188115796,0.08376532334570203,0.6386554621848739,0.35294117647058826,long,0.6386554621848739,0.17726415252510244
has_iran&deal_over_tariff,69,0.03246416660898092,0.018038327505265794,0.08490231001967867,0.6521739130434783,0.34782608695652173,long,0.6521739130434783,0.175870187637332
pre_deal&has_exclamation,171,0.0212865212498344,0.01739123511766505,0.07595109714228494,0.631578947368421,0.3508771929824561,long,0.631578947368421,0.1758046641869544
has_china&deal_over_tariff,128,0.024803034813143415,0.013393748654984994,0.07597010999737114,0.6171875,0.375,long,0.6171875,0.17319164183999974
has_exclamation&volume_drop,156,0.020864918342031132,0.01468337423950794,0.06456067037920986,0.6538461538461539,0.34615384615384615,long,0.6538461538461539,0.1703941035235706
has_china&deal_only,93,0.028716435665531972,0.013088898519113323,0.08337611765029561,0.6129032258064516,0.3870967741935484,long,0.6129032258064516,0.16973207279094646
deal_heavy,148,0.02254311655373848,0.015315799469513003,0.07737340624161125,0.6148648648648649,0.3716216216216216,long,0.6148648648648649,0.16862598171242651
deal_heavy&has_exclamation,148,0.02254311655373848,0.015315799469513003,0.07737340624161125,0.6148648648648649,0.3716216216216216,long,0.6148648648648649,0.16862598171242651
has_deal&deal_heavy,148,0.02254311655373848,0.015315799469513003,0.07737340624161125,0.6148648648648649,0.3716216216216216,long,0.6148648648648649,0.16862598171242651
has_deal&pre_deal,172,0.020467276090319564,0.017247464570591675,0.07648708915339494,0.627906976744186,0.3546511627906977,long,0.627906976744186,0.16854643848832754
pre_deal,172,0.020467276090319564,0.017247464570591675,0.07648708915339494,0.627906976744186,0.3546511627906977,long,0.627906976744186,0.16854643848832754
exclamation_heavy&deal_over_tariff,301,0.01664324219674485,0.011283585209711955,0.07474997378860969,0.5813953488372093,0.40863787375415284,long,0.5813953488372093,0.16787759313035397
has_attack&has_all_caps,147,0.021847944260028212,0.01739123511766505,0.06653393267520352,0.6326530612244898,0.35374149659863946,long,0.6326530612244898,0.16758489063976462
posts_low&high_emotion,60,-0.033046815286821546,-0.015151787567971864,0.07062190606161156,0.31666666666666665,0.65,short,0.65,0.1663866948263683
high_emotion,72,-0.030551422273295412,-0.015151787567971864,0.06748670380589271,0.3333333333333333,0.6388888888888888,short,0.6388888888888888,0.16562390362661364
deal_heavy&has_night_post,139,0.023168331312061603,0.014689069748874184,0.0783853865800059,0.60431654676259,0.381294964028777,long,0.60431654676259,0.16506942595960727
has_deal&has_exclamation,347,0.01554984416805123,0.010843318399379687,0.07646703084946546,0.5677233429394812,0.41786743515850144,long,0.5677233429394812,0.16444759631068057
has_attack,614,0.011808527932881216,0.011022913996472816,0.07645525006290839,0.5602605863192183,0.43322475570032576,long,0.5602605863192183,0.1639343708391235
has_attack&has_exclamation,614,0.011808527932881216,0.011022913996472816,0.07645525006290839,0.5602605863192183,0.43322475570032576,long,0.5602605863192183,0.1639343708391235
posts_high&has_all_caps,135,0.021764321286078928,0.0171036940235183,0.06623889021130627,0.6444444444444445,0.34074074074074073,long,0.6444444444444445,0.16296618417281647
exclamation_heavy,826,0.01028602322981484,0.007619784230491478,0.07493340972481885,0.5508474576271186,0.437046004842615,long,0.5508474576271186,0.1628429171903093
has_exclamation&exclamation_heavy,826,0.01028602322981484,0.007619784230491478,0.07493340972481885,0.5508474576271186,0.437046004842615,long,0.5508474576271186,0.1628429171903093
has_attack&has_china,232,0.018228347691313977,0.01220487807515458,0.07632272764357136,0.5862068965517241,0.40086206896551724,long,0.5862068965517241,0.1627579532345774
has_exclamation,937,0.009591864017617704,0.007751906963223698,0.07636981774424177,0.5496264674493063,0.439701173959445,long,0.5496264674493063,0.16137655749526503
has_positive&deal_over_tariff,297,0.016068734433412453,0.011283585209711955,0.07412228621020683,0.5824915824915825,0.4074074074074074,long,0.5824915824915825,0.1613056396704491
has_all_caps&exclamation_heavy,179,0.019433837884466766,0.017015533527645177,0.06529832821671791,0.6201117318435754,0.3687150837988827,long,0.6201117318435754,0.16123340988089777
has_attack&pre_deal,130,0.02173534366363344,0.017247464570591675,0.07741581354523527,0.6461538461538462,0.3384615384615385,long,0.6461538461538462,0.16013052268570505
lots_of_excl&deal_over_tariff,283,0.0163974530481827,0.011070210700173222,0.07435149534928459,0.5795053003533569,0.4098939929328622,long,0.5795053003533569,0.15985529501124066
has_attack&exclamation_heavy,596,0.011712655222353954,0.010876241184206381,0.07676041303345855,0.5587248322147651,0.43456375838926176,long,0.5587248322147651,0.1597630941859035
has_attack&has_positive,593,0.011749240795803279,0.01097561729277241,0.07679191176883814,0.5581787521079258,0.4350758853288364,long,0.5581787521079258,0.15970203555504295
pre_deal&exclamation_heavy,168,0.01971112861272823,0.017247464570591675,0.07393427426114656,0.625,0.35714285714285715,long,0.625,0.15967839176507437
pre_deal&has_night_post,165,0.019915820805772203,0.017015533527645177,0.07618538513662883,0.6181818181818182,0.36363636363636365,long,0.6181818181818182,0.15814534378791825
deal_heavy&pre_deal,95,0.02485873258318534,0.018038327505265794,0.07731288847299096,0.6526315789473685,0.3263157894736842,long,0.6526315789473685,0.1581280332418565
has_deal,349,0.01499406617453875,0.009615282684235282,0.07665331428593171,0.5644699140401146,0.42120343839541546,long,0.5644699140401146,0.15811495030982678
has_deal&has_night_post,319,0.015829306913349956,0.009615282684235282,0.0760326286476328,0.5579937304075235,0.4263322884012539,long,0.5579937304075235,0.15775624502043337
exclamation_heavy&deal_only,256,0.017161149458820944,0.011197325887942644,0.07829433491028333,0.57421875,0.41796875,long,0.57421875,0.1576680606529174
has_china&open_deal,44,0.03601864218778714,0.017714781311465422,0.07950675449828205,0.6590909090909091,0.3181818181818182,long,0.6590909090909091,0.15747042392062338
high_emotion&short_posts,62,-0.031786774601133,-0.010568109822699845,0.0705327399675716,0.3387096774193548,0.6290322580645161,short,0.6290322580645161,0.1574400520395425
has_positive&has_all_caps,179,0.019056959338886032,0.01673658208052209,0.06516611430753855,0.6145251396648045,0.3743016759776536,long,0.6145251396648045,0.15668224188133167
has_attack&has_uppercase_phrase,219,0.01732076380463151,0.016304392823635494,0.07011306966761008,0.6027397260273972,0.3881278538812785,long,0.6027397260273972,0.1544965953328829
has_positive&has_exclamation,857,0.009568991752181044,0.007128289738475901,0.07469439141757338,0.5495915985997666,0.4387397899649942,long,0.5495915985997666,0.15395602036519987
has_deal&has_iran,76,0.02786492311548826,0.017714781311465422,0.08511307400715601,0.631578947368421,0.3684210526315789,long,0.631578947368421,0.1534236428588765
has_deal&has_attack,261,0.016613437786023214,0.01229503480030325,0.07598832334191208,0.5708812260536399,0.41762452107279696,long,0.5708812260536399,0.15322355141529662
has_attack&positive_heavy,463,0.012704332256800791,0.011320857631195835,0.07966557388689349,0.5593952483801296,0.4319654427645788,long,0.5593952483801296,0.1529188811964775
has_uppercase_phrase&deal_over_tariff,120,0.020893622732694715,0.016358459169203865,0.07004349276346748,0.6666666666666666,0.3333333333333333,long,0.6666666666666666,0.1525854463826617
posts_high&deal_heavy,107,0.022404870591504027,0.017015533527645177,0.06754807696934906,0.6542056074766355,0.3364485981308411,long,0.6542056074766355,0.15161724153207132
deal_heavy&uppercase_phrase_heavy,20,0.04232184535653341,0.02255503192837438,0.06655843761176872,0.8,0.2,long,0.8,0.15141523704070806
posts_high&deal_over_tariff,195,0.017755788002990713,0.014689069748874184,0.07190404312157629,0.6102564102564103,0.37948717948717947,long,0.6102564102564103,0.15131068828186758
has_positive&deal_only,252,0.016492271773656593,0.011197325887942644,0.07764721657532762,0.5753968253968254,0.4166666666666667,long,0.5753968253968254,0.15064274289999743
has_positive&exclamation_heavy,793,0.009680847321751401,0.007434987580473562,0.07446080371261457,0.5510718789407314,0.43631778058007564,long,0.5510718789407314,0.1502305351052336
has_all_caps,184,0.018025153634683863,0.016876057804083633,0.0666260111989966,0.6141304347826086,0.375,long,0.6141304347826086,0.15015801102180437
has_all_caps&has_exclamation,184,0.018025153634683863,0.016876057804083633,0.0666260111989966,0.6141304347826086,0.375,long,0.6141304347826086,0.15015801102180437
pre_deal&short_posts,68,0.027181883838273135,0.02245640777256619,0.07046997786085087,0.6617647058823529,0.3382352941176471,long,0.6617647058823529,0.14833294169356287
deal_only&china_streak_3d,26,0.05015202554096355,0.019617291450746754,0.10538010030217257,0.5769230769230769,0.4230769230769231,long,0.5769230769230769,0.14753432127667893
lots_of_excl&deal_only,240,0.016665426160508298,0.011022913996472816,0.07794444993463587,0.5708333333333333,0.42083333333333334,long,0.5708333333333333,0.14737756271437388
has_iran,118,0.021925714157425294,0.016358459169203865,0.07955547246132419,0.6186440677966102,0.3813559322033898,long,0.6186440677966102,0.14734506830812344
has_iran&has_exclamation,118,0.021925714157425294,0.016358459169203865,0.07955547246132419,0.6186440677966102,0.3813559322033898,long,0.6186440677966102,0.14734506830812344
has_night_post&has_all_caps,180,0.017783097550860837,0.016876057804083633,0.06684933982652268,0.6166666666666667,0.37222222222222223,long,0.6166666666666667,0.14712759540466896
has_positive&pre_deal,164,0.018240167715354284,0.01705961377558174,0.07197991123806681,0.6280487804878049,0.35365853658536583,long,0.6280487804878049,0.14670473389367797
has_attack&lots_of_excl,569,0.01101817739672771,0.010296063982207615,0.07621972186266758,0.5536028119507909,0.43936731107205623,long,0.5536028119507909,0.14550039789948055
has_attack&has_night_post,559,0.01115448621285123,0.008939372078858643,0.0764632193565093,0.5509838998211091,0.4418604651162791,long,0.5509838998211091,0.1453096255331948
has_all_caps&lots_of_excl,172,0.017952277304215614,0.016701632490340512,0.06485189507632409,0.6162790697674418,0.37209302325581395,long,0.6162790697674418,0.14509792102468938
has_positive,865,0.009038120024929814,0.006756855684026508,0.07464687575328535,0.545664739884393,0.44277456647398844,long,0.545664739884393,0.1450481016683973
has_china&has_night_post,281,0.01548444660234595,0.00769235454357009,0.07722853427738204,0.5587188612099644,0.4234875444839858,long,0.5587188612099644,0.14502476860650035
has_china,300,0.014993436264047463,0.007619784230491478,0.07630642766110222,0.5566666666666666,0.42333333333333334,long,0.5566666666666666,0.14456295653419252
has_china&has_exclamation,300,0.014993436264047463,0.007619784230491478,0.07630642766110222,0.5566666666666666,0.42333333333333334,long,0.5566666666666666,0.14456295653419252
posts_very_high&has_all_caps,101,0.02328313898636433,0.01599986712881396,0.06355705480739575,0.6138613861386139,0.36633663366336633,long,0.6138613861386139,0.14363905301681582
deal_heavy&exclamation_heavy,146,0.019412631549218407,0.014705762849804849,0.07298687630215153,0.6095890410958904,0.3767123287671233,long,0.6095890410958904,0.14298747283227123
has_deal&has_china,157,0.019408800026636617,0.009615282684235282,0.07375950871051763,0.5796178343949044,0.4012738853503185,long,0.5796178343949044,0.14095816957507304
has_night_post&has_exclamation,818,0.0091135496765174,0.006772170466776584,0.07493286843673645,0.539119804400978,0.44987775061124696,long,0.539119804400978,0.1405236762321842
posts_high&deal_only,159,0.01837781683933923,0.014689069748874184,0.07614512870317804,0.6037735849056604,0.389937106918239,long,0.6037735849056604,0.13991574515016564
has_deal&exclamation_heavy,338,0.013519820947595157,0.009330702566234583,0.07424601600257334,0.5621301775147929,0.4230769230769231,long,0.5621301775147929,0.13972244952075147
deal_heavy&lots_of_excl,138,0.019478357391145788,0.014705762849804849,0.07229601210294355,0.6086956521739131,0.37681159420289856,long,0.6086956521739131,0.13928106307639265
has_china&lots_of_excl,277,0.014836056204034406,0.00769235454357009,0.07434797144341418,0.5631768953068592,0.4151624548736462,long,0.5631768953068592,0.1390603069697458
has_iran&exclamation_heavy,115,0.02063212229582547,0.016412525514772236,0.07641368572293528,0.6260869565217392,0.3739130434782609,long,0.6260869565217392,0.13852478336442792
positive_heavy&deal_over_tariff,244,0.015302686873011296,0.011202296334288708,0.0753376659232746,0.5778688524590164,0.4098360655737705,long,0.5778688524590164,0.1381312338676368
positive_heavy&has_all_caps,147,0.018563474396261114,0.016666682900158936,0.06837102094091364,0.6122448979591837,0.3741496598639456,long,0.6122448979591837,0.1377980606542639
has_night_post&exclamation_heavy,750,0.009311799835305556,0.006752259186850518,0.07383379169123463,0.5386666666666666,0.4493333333333333,long,0.5386666666666666,0.1373676173060651
exclamation_heavy&lots_of_excl,742,0.009249902800612747,0.006823072110111905,0.0746443081535964,0.5444743935309974,0.444743935309973,long,0.5444743935309974,0.1371881443074396
has_positive&has_night_post,766,0.009190267863127743,0.006710872433281723,0.07366151408125819,0.5391644908616188,0.4490861618798956,long,0.5391644908616188,0.13713990255061162
has_uppercase_phrase&exclamation_heavy,279,0.013842486208680218,0.014722455950735513,0.06800230628094968,0.5913978494623656,0.4014336917562724,long,0.5913978494623656,0.13674011539713124
has_china&pre_deal,83,0.023858311175412282,0.014722455950735513,0.06848870202359718,0.6265060240963856,0.3493975903614458,long,0.6265060240963856,0.13617707328019021
has_positive&has_uppercase_phrase,286,0.013663089174010863,0.014705762849804849,0.06855300598130562,0.5874125874125874,0.40559440559440557,long,0.5874125874125874,0.13572978713442724
has_action&uppercase_phrase_heavy,28,0.03419898599761488,0.026235703329594573,0.06536250192995688,0.75,0.25,long,0.75,0.1357230180604037
pre_deal&lots_of_excl,158,0.017570509915155394,0.016714029521208706,0.07363626772469493,0.6139240506329114,0.3670886075949367,long,0.6139240506329114,0.13558996735193252
posts_high&has_uppercase_phrase,196,0.015638631606104576,0.016152129976224727,0.06613545118752139,0.6173469387755102,0.37244897959183676,long,0.6173469387755102,0.1351624588813324
has_china&exclamation_heavy,294,0.01413069917833556,0.007619784230491478,0.07533159926628605,0.5578231292517006,0.4217687074829932,long,0.5578231292517006,0.1351555343355422
attack_heavy&volume_spike,94,0.022106743357769507,0.01637703368294774,0.06733640650229378,0.6276595744680851,0.3723404255319149,long,0.6276595744680851,0.13452805223028416
positive_heavy&has_exclamation,599,0.010033900043876165,0.007874061643451613,0.0770096253338039,0.5459098497495827,0.44073455759599334,long,0.5459098497495827,0.13406151155911222
has_positive&positive_heavy,599,0.010033900043876165,0.007874061643451613,0.0770096253338039,0.5459098497495827,0.44073455759599334,long,0.5459098497495827,0.13406151155911222
positive_heavy,599,0.010033900043876165,0.007874061643451613,0.0770096253338039,0.5459098497495827,0.44073455759599334,long,0.5459098497495827,0.13406151155911222
has_deal&has_positive,335,0.012976888938615537,0.009434012164320382,0.07354554902059127,0.564179104477612,0.4208955223880597,long,0.564179104477612,0.13400160138857467
positive_heavy&lots_of_excl,578,0.010159970005325607,0.007783208093510852,0.07666307415777072,0.5467128027681661,0.4411764705882353,long,0.5467128027681661,0.1335412967778812
has_action&has_night_post,180,0.01658892581519389,0.014403442496817354,0.06808151793636068,0.6,0.38333333333333336,long,0.6,0.13353827686730874
deal_heavy&has_positive,143,0.018241516384150884,0.014689069748874184,0.07269079044420257,0.6083916083916084,0.3776223776223776,long,0.6083916083916084,0.13271260424193868
pre_action&has_uppercase_phrase,41,0.02736867019003719,0.030588183412366465,0.056914977658989604,0.7560975609756098,0.21951219512195122,long,0.7560975609756098,0.1325023136254664
pre_action&has_all_caps,29,0.03227262086787591,0.030588183412366465,0.055600579300865594,0.7586206896551724,0.20689655172413793,long,0.7586206896551724,0.13184325541023995
uppercase_phrase_heavy&deal_over_tariff,24,0.03586168099408319,0.017203384322655113,0.06494451539425362,0.75,0.25,long,0.75,0.1317642296309538
has_china&has_iran,45,0.029450671842097303,0.018038327505265794,0.07322654870380378,0.6666666666666666,0.3333333333333333,long,0.6666666666666666,0.13170740844393702
positive_heavy&exclamation_heavy,596,0.009883383285920191,0.007783208093510852,0.07669636514195034,0.5453020134228188,0.4412751677852349,long,0.5453020134228188,0.13157272489644048
deal_heavy&has_attack,116,0.019954688070246997,0.016106767905962993,0.07795773796851606,0.6120689655172413,0.3793103448275862,long,0.6120689655172413,0.13154498550448449
has_deal&lots_of_excl,320,0.013126758724070842,0.008914157210836438,0.07384915364728412,0.559375,0.425,long,0.559375,0.13135165361989212
short_posts&deal_over_tariff,159,0.018157644549730994,0.009615282684235282,0.07375281143815858,0.5723270440251572,0.42138364779874216,long,0.5723270440251572,0.13103953410794228
sig_potus&deal_over_tariff,21,0.0352922966158088,0.028376948476004804,0.058058322878663665,0.8095238095238095,0.19047619047619047,long,0.8095238095238095,0.13092397865443905
positive_heavy&deal_only,201,0.01612715134376832,0.011293526102404083,0.07975404882191749,0.572139303482587,0.417910447761194,long,0.572139303482587,0.13081497821107346
has_all_caps&short_posts,124,0.0196137065918473,0.016920138052020195,0.0670770500008955,0.5967741935483871,0.3951612903225806,long,0.5967741935483871,0.13034085076285135
lots_of_excl,745,0.008799229380145514,0.006756855684026508,0.07487867943773271,0.5422818791946309,0.4469798657718121,long,0.5422818791946309,0.13024104371221787
has_exclamation&lots_of_excl,745,0.008799229380145514,0.006756855684026508,0.07487867943773271,0.5422818791946309,0.4469798657718121,long,0.5422818791946309,0.13024104371221787
high_emotion&volume_spike,22,-0.04353268229082114,-0.03215442610135638,0.08601935703119228,0.3181818181818182,0.6363636363636364,short,0.6363636363636364,0.12993678668997968
deal_heavy&positive_heavy,129,0.018440449545841543,0.015909142988290492,0.07204737153463862,0.6201550387596899,0.3643410852713178,long,0.6201550387596899,0.12988728412550501
has_action&pre_action,84,0.02154775199067404,0.02015501957503618,0.06642381748138126,0.6547619047619048,0.3333333333333333,long,0.6547619047619048,0.12930788691516557
pre_action,84,0.02154775199067404,0.02015501957503618,0.06642381748138126,0.6547619047619048,0.3333333333333333,long,0.6547619047619048,0.12930788691516557
short_posts&deal_only,144,0.019108545389201523,0.010252111432246802,0.07560539861232493,0.5625,0.4305555555555556,long,0.5625,0.12898268137711028
has_uppercase_phrase&deal_only,99,0.020023447888933447,0.016412525514772236,0.07326282754024882,0.6464646464646465,0.35353535353535354,long,0.6464646464646465,0.12879566284960228
has_positive&lots_of_excl,724,0.008746357004395938,0.006823072110111905,0.07452333573957155,0.5455801104972375,0.44337016574585636,long,0.5455801104972375,0.12839704025651918
exclamation_heavy&volume_drop,107,0.019775466335304952,0.010296063982207615,0.06212100880052469,0.6261682242990654,0.37383177570093457,long,0.6261682242990654,0.12808835479136396
pre_action&has_night_post,83,0.021584249459634348,0.021791577083104086,0.06682676600930626,0.6506024096385542,0.3373493975903614,long,0.6506024096385542,0.12793567514596046
deal_only&volume_spike,56,0.024494478921838665,0.01979078752025487,0.07048889243864294,0.6964285714285714,0.30357142857142855,long,0.6964285714285714,0.1276552847046419
has_china&has_all_caps,87,0.02243696851845877,0.011320857631195835,0.06678414109655287,0.6091954022988506,0.367816091954023,long,0.6091954022988506,0.12749126251972337
posts_low&volume_spike,38,-0.03568268273340571,-0.009458139399001864,0.08028862231338971,0.39473684210526316,0.5789473684210527,short,0.5789473684210527,0.12734690106096633
has_attack&has_iran,89,0.020997594110965016,0.016412525514772236,0.07907343421136605,0.6404494382022472,0.3595505617977528,long,0.6404494382022472,0.1268672098842846
has_night_post&has_uppercase_phrase,277,0.01311266280579588,0.014689069748874184,0.06904988088088479,0.5812274368231047,0.41155234657039713,long,0.5812274368231047,0.12684603163172153
has_all_caps&deal_over_tariff,82,0.02116947629290787,0.014210527370796089,0.06913958294922995,0.6585365853658537,0.34146341463414637,long,0.6585365853658537,0.1262399889544795
posts_high&has_deal,221,0.01452922049715995,0.011111066566173333,0.07142767547579801,0.583710407239819,0.40271493212669685,long,0.583710407239819,0.12607700636872868
has_uppercase_phrase&has_exclamation,296,0.012582051795983365,0.014306621767183114,0.06901204289664854,0.581081081081081,0.41216216216216217,long,0.581081081081081,0.1257865078178527
has_action,185,0.01564942378668711,0.012318046962385587,0.06752970026233554,0.5891891891891892,0.3891891891891892,long,0.5891891891891892,0.1254119686289336
has_positive&has_china,292,0.013303961373520138,0.007146823275585357,0.07455723458383365,0.5513698630136986,0.4280821917808219,long,0.5513698630136986,0.12534742756348935
has_russia&deal_only,91,0.020216528445656964,0.0171036940235183,0.08331236475083854,0.6483516483516484,0.3516483516483517,long,0.6483516483516484,0.12503681330236321
has_night_post,847,0.0080415458225836,0.0061968416737987475,0.07503145623714261,0.5336481700118064,0.4557260920897285,long,0.5336481700118064,0.12489247457396258
deal_heavy&has_action,55,0.026455444707615187,0.01739123511766505,0.07612599548442713,0.6363636363636364,0.36363636363636365,long,0.6363636363636364,0.12485380028294644
has_deal&short_posts,165,0.01697808771488987,0.009615282684235282,0.07319350793196103,0.5696969696969697,0.42424242424242425,long,0.5696969696969697,0.12424377958328078
has_russia&deal_over_tariff,113,0.018036419865490583,0.016412525514772236,0.07833856402573446,0.6460176991150443,0.34513274336283184,long,0.6460176991150443,0.12386082687628691
brag_heavy&exclamation_heavy,40,0.0269308821669756,0.022448478056465992,0.06342648396614395,0.725,0.275,long,0.725,0.12348624421561821
has_market_brag&brag_heavy,40,0.0269308821669756,0.022448478056465992,0.06342648396614395,0.725,0.275,long,0.725,0.12348624421561821
brag_heavy&has_exclamation,40,0.0269308821669756,0.022448478056465992,0.06342648396614395,0.725,0.275,long,0.725,0.12348624421561821
brag_heavy,40,0.0269308821669756,0.022448478056465992,0.06342648396614395,0.725,0.275,long,0.725,0.12348624421561821
has_uppercase_phrase,298,0.012295522269119898,0.014306621767183114,0.06898337843102757,0.5805369127516778,0.412751677852349,long,0.5805369127516778,0.123221063220216
pre_action&has_exclamation,82,0.020928148196051616,0.02013489363560994,0.06696850140504267,0.6463414634146342,0.34146341463414637,long,0.6463414634146342,0.12248974919015793
pre_deal&has_uppercase_phrase,67,0.02168464930385428,0.01739123511766505,0.06117843563198586,0.6865671641791045,0.29850746268656714,long,0.6865671641791045,0.12186327159960803
positive_heavy&has_uppercase_phrase,229,0.013549051676271635,0.014722455950735513,0.0700017345650308,0.5938864628820961,0.39737991266375544,long,0.5938864628820961,0.12176712898042215
posts_very_high&deal_heavy,73,0.021646812828713405,0.016412525514772236,0.0691593378233279,0.6575342465753424,0.3424657534246575,long,0.6575342465753424,0.12161125471740157
has_action&has_exclamation,183,0.015307324510364638,0.01229503480030325,0.06775399841945448,0.5846994535519126,0.39344262295081966,long,0.5846994535519126,0.12107584871028441
exclamation_heavy&short_posts,416,0.010961851254421277,0.006516692792586598,0.07024140190759995,0.5384615384615384,0.4495192307692308,long,0.5384615384615384,0.12038857051069829
positive_heavy&pre_deal,146,0.016106721088968254,0.016160834251531364,0.07159357758751958,0.6164383561643836,0.363013698630137,long,0.6164383561643836,0.11997015497375464
has_deal&sig_potus,23,0.03181583467102399,0.027718828739083712,0.05661466039883726,0.782608695652174,0.21739130434782608,long,0.782608695652174,0.11941308223497595
has_iran&lots_of_excl,111,0.018452877622071654,0.015748123286903004,0.07736431252857172,0.6126126126126126,0.38738738738738737,long,0.6126126126126126,0.11909993510949535
has_attack&volume_drop,66,0.022357814264466147,0.01430393806331598,0.059458189511166375,0.6515151515151515,0.3484848484848485,long,0.6515151515151515,0.11833843779264165
has_attack&short_posts,296,0.01241189580133719,0.011195534165684529,0.06821285748972367,0.5540540540540541,0.4391891891891892,long,0.5540540540540541,0.11831399349766139
open_deal&has_uppercase_phrase,36,0.02953649739337299,0.017714781311465422,0.08061284354321377,0.6666666666666666,0.3333333333333333,long,0.6666666666666666,0.11814598957349194
has_iran&has_night_post,110,0.018709156624179747,0.015743328562576653,0.078986395247978,0.6,0.4,long,0.6,0.11773397405544553
high_emotion&has_exclamation,41,-0.028905399730888338,-0.019512195121951237,0.06989220639114936,0.36585365853658536,0.6341463414634146,short,0.6341463414634146,0.11737089038653506
has_iran&has_russia,55,0.024175713674592345,0.01849404728366344,0.08111367769283999,0.6545454545454545,0.34545454545454546,long,0.6545454545454545,0.11735469240739833
posts_high&has_attack,348,0.011111285864150621,0.011195534165684529,0.07399242027579324,0.5660919540229885,0.4224137931034483,long,0.5660919540229885,0.11733860620325053
has_uppercase_phrase&lots_of_excl,269,0.012166862746559136,0.013924173785492044,0.06741457049269681,0.587360594795539,0.4052044609665427,long,0.587360594795539,0.11720862084926192
has_positive&brag_heavy,39,0.02591607545158972,0.021087527756846303,0.0639257992765274,0.717948717948718,0.28205128205128205,long,0.717948717948718,0.11619701284621925
has_action&exclamation_heavy,177,0.01477370236574422,0.01229503480030325,0.06653134066658674,0.5875706214689266,0.3898305084745763,long,0.5875706214689266,0.11548778490191945
deal_heavy&has_china,84,0.020299066558711682,0.013891513916877929,0.06776435602497574,0.6190476190476191,0.36904761904761907,long,0.6190476190476191,0.11517010643325327
has_deal&has_uppercase_phrase,137,0.01558328949157655,0.014722455950735513,0.07083120015561939,0.6277372262773723,0.36496350364963503,long,0.6277372262773723,0.11449784330209178
has_night_post&lots_of_excl,686,0.008215186916578882,0.005815126842343199,0.0738117805465882,0.532069970845481,0.4577259475218659,long,0.532069970845481,0.11448491230309482
has_deal&china_streak_3d,38,0.03347526365869071,0.01352756172302294,0.09267055800947306,0.5526315789473685,0.4473684210526316,long,0.5526315789473685,0.11403850171223531
attack_heavy&deal_over_tariff,139,0.016005557328872617,0.014722455950735513,0.06753378274220789,0.60431654676259,0.38848920863309355,long,0.60431654676259,0.11403618693354618
brag_heavy&lots_of_excl,39,0.02540780544732163,0.021087527756846303,0.06351025736910704,0.717948717948718,0.28205128205128205,long,0.717948717948718,0.11391813939851655
has_deal&positive_heavy,275,0.012287367822220332,0.008939372078858643,0.07511218665185294,0.5563636363636364,0.4254545454545455,long,0.5563636363636364,0.11336629227801552
has_market_brag&has_uppercase_phrase,68,0.021174337082264166,0.015694569425447225,0.07220091124328791,0.6470588235294118,0.35294117647058826,long,0.6470588235294118,0.11298168373749273
has_action&has_positive,178,0.014624362835972798,0.011215962098684584,0.06755856431807508,0.5786516853932584,0.398876404494382,long,0.5786516853932584,0.11290266078243047
positive_heavy&has_night_post,564,0.008891555863638888,0.0059654462489994176,0.076453688955423,0.5336879432624113,0.4521276595744681,long,0.5336879432624113,0.1126950148200981
positive_heavy&has_china,255,0.01258159806713649,0.007434987580473562,0.07343439042608696,0.5607843137254902,0.4196078431372549,long,0.5607843137254902,0.11266830332344495
deal_heavy&short_posts,62,0.02324543814711233,0.013891513916877929,0.07604058485115398,0.6129032258064516,0.3870967741935484,long,0.6129032258064516,0.11218259668061688
posts_very_high&open_deal,44,0.028609319415624213,0.016695551123239505,0.08120399147645548,0.5909090909090909,0.4090909090909091,long,0.5909090909090909,0.11213844673797448
deal_heavy&pre_action,28,0.032957238928917235,0.026846460212330392,0.07390094163929434,0.6428571428571429,0.35714285714285715,long,0.6428571428571429,0.11210998899246652
deal_over_tariff&volume_spike,71,0.020014113963406157,0.01739123511766505,0.06718515633046712,0.6619718309859155,0.323943661971831,long,0.6619718309859155,0.111636201776828
attack_heavy&has_all_caps,102,0.017840239121442697,0.016368224604668025,0.060468941089917454,0.6176470588235294,0.3627450980392157,long,0.6176470588235294,0.11128615427294082
has_positive&has_iran,112,0.016980179223418344,0.01602625805526925,0.07102421032261515,0.6160714285714286,0.38392857142857145,long,0.6160714285714286,0.11070885248323165
has_action&deal_over_tariff,88,0.019536493991792442,0.01320123800264239,0.0787377689772472,0.6022727272727273,0.3977272727272727,long,0.6022727272727273,0.11037765462437153
has_all_caps&deal_only,67,0.02133561090109231,0.011283585209711955,0.07306540699262265,0.6268656716417911,0.373134328358209,long,0.6268656716417911,0.1094755086091286
has_deal&uppercase_phrase_heavy,27,0.029608254329626108,0.017015533527645177,0.06574149905790001,0.7037037037037037,0.2962962962962963,long,0.7037037037037037,0.10826411284714874
deal_over_tariff&china_streak_3d,36,0.03415339256224823,0.011794280451353667,0.0952216245097881,0.5277777777777778,0.4722222222222222,long,0.5277777777777778,0.10815240978045275
attack_heavy&deal_only,114,0.016988692870333645,0.013905546987017403,0.0713802868694868,0.5877192982456141,0.40350877192982454,long,0.5877192982456141,0.10660617028781295
has_action&has_all_caps,55,0.02322307300616471,0.01673658208052209,0.06298094578883347,0.6181818181818182,0.34545454545454546,long,0.6181818181818182,0.10646754986176453
pre_deal&china_streak_3d,22,0.03559391486109452,0.01668235591498446,0.08350934800088894,0.6363636363636364,0.36363636363636365,long,0.6363636363636364,0.10624107404800344
posts_very_high&deal_over_tariff,117,0.01595481227651253,0.013698598790856664,0.06809393183641455,0.6153846153846154,0.37606837606837606,long,0.6153846153846154,0.10620165000621835
has_deal&has_all_caps,92,0.01786780616303702,0.010229300541807484,0.06705460809176766,0.6195652173913043,0.3695652173913043,long,0.6195652173913043,0.10618231127827503
pre_action&deal_over_tariff,42,0.02644740386985485,0.017934722652890422,0.0800901028922656,0.6190476190476191,0.38095238095238093,long,0.6190476190476191,0.10610399838789392
has_attack&has_market_brag,132,0.015219103900961302,0.011115010800114455,0.06871977147914515,0.6060606060606061,0.38636363636363635,long,0.6060606060606061,0.10597223731302242
has_attack&brag_heavy,31,0.02677151766950157,0.021087527756846303,0.06913981735376608,0.7096774193548387,0.2903225806451613,long,0.7096774193548387,0.10578274336841134
posts_high&open_deal,61,0.023550869866133334,0.013698598790856664,0.08049375931925022,0.5737704918032787,0.4098360655737705,long,0.5737704918032787,0.10553829640778799
pre_action&deal_only,32,0.02979530866478643,0.017934722652890422,0.08714941000083856,0.625,0.375,long,0.625,0.1053423240220839
pre_action&exclamation_heavy,78,0.0185877319467165,0.017934722652890422,0.0640126369049221,0.6410256410256411,0.34615384615384615,long,0.6410256410256411,0.10523231000051457
open_deal&has_all_caps,27,0.030357326483145264,0.018038327505265794,0.086458935698016,0.6666666666666666,0.3333333333333333,long,0.6666666666666666,0.10516086370152763
brag_heavy&has_night_post,36,0.025229638420293916,0.018093274154145522,0.06650661687820737,0.6944444444444444,0.3055555555555556,long,0.6944444444444444,0.10512349341789133
has_positive&pre_action,79,0.018684077534152084,0.01739123511766505,0.06631611414641544,0.6329113924050633,0.35443037974683544,long,0.6329113924050633,0.10510614786819125
has_positive&short_posts,433,0.009244456670597999,0.006674082176888918,0.06800206078223844,0.5450346420323325,0.44341801385681295,long,0.5450346420323325,0.10484541571296589
has_positive&volume_drop,125,0.0153716374692086,0.010089686307077184,0.06528635088607602,0.608,0.392,long,0.608,0.10449095997216512
has_action&has_iran,33,0.024954221392720764,0.030588183412366465,0.07717553579555544,0.7272727272727273,0.2727272727272727,long,0.7272727272727273,0.10425533678986465
posts_high&has_positive,399,0.00924988140061046,0.010465121428599788,0.07274718001314658,0.556390977443609,0.43107769423558895,long,0.556390977443609,0.10280226679509087
has_action&lots_of_excl,170,0.0134889156532426,0.011215962098684584,0.06575238823514959,0.5823529411764706,0.3941176470588235,long,0.5823529411764706,0.10242070783116809
has_night_post&high_emotion,44,-0.025106245773168355,-0.004994944879891938,0.06750781687204485,0.38636363636363635,0.6136363636363636,short,0.6136363636363636,0.10219254192496509
has_exclamation&short_posts,488,0.008502805850835527,0.006767573969600593,0.0713295682909019,0.5430327868852459,0.44672131147540983,long,0.5430327868852459,0.10199954292871141
pre_action&volume_spike,34,0.02377819200854661,0.018498336127542037,0.06417954275815563,0.7352941176470589,0.2647058823529412,long,0.7352941176470589,0.10194815716781636
attack_heavy&positive_heavy,256,0.011144921075201156,0.012306540881344419,0.0710159472772724,0.5703125,0.41796875,long,0.5703125,0.10169740481121055
has_action&deal_only,72,0.0199648041285085,0.012306540881344419,0.08250882117071166,0.5972222222222222,0.4027777777777778,long,0.5972222222222222,0.10117361342102836
deal_heavy&open_deal,51,0.023235502576822154,0.016304392823635494,0.08044896564155779,0.6078431372549019,0.37254901960784315,long,0.6078431372549019,0.10086225565218726
attack_heavy&has_positive,291,0.01023991464177241,0.011320857631195835,0.07077484176947635,0.570446735395189,0.41924398625429554,long,0.570446735395189,0.09964555490439077
has_china&has_uppercase_phrase,127,0.014957693330755131,0.010843318399379687,0.06859227998300393,0.5905511811023622,0.3937007874015748,long,0.5905511811023622,0.09954604907171666
lots_of_excl&short_posts,361,0.009766417621316473,0.006674082176888918,0.06874153127827758,0.5346260387811634,0.45706371191135736,long,0.5346260387811634,0.09920624215337259
posts_high,401,0.008925720280550898,0.009615282684235282,0.07271003492673184,0.5536159600997507,0.4339152119700748,long,0.5536159600997507,0.09895188247070281
posts_high&has_exclamation,401,0.008925720280550898,0.009615282684235282,0.07271003492673184,0.5536159600997507,0.4339152119700748,long,0.5536159600997507,0.09895188247070281
posts_high&exclamation_heavy,401,0.008925720280550898,0.009615282684235282,0.07271003492673184,0.5536159600997507,0.4339152119700748,long,0.5536159600997507,0.09895188247070281
attack_heavy&has_uppercase_phrase,148,0.013821000081820843,0.015173815247182754,0.06167485048051263,0.5878378378378378,0.39864864864864863,long,0.5878378378378378,0.0988388911394394
positive_heavy&brag_heavy,35,0.02432957625280233,0.021087527756846303,0.06657390641386207,0.6857142857142857,0.3142857142857143,long,0.6857142857142857,0.09869877545182928
has_iran&has_all_caps,28,0.02609279874296811,0.022878578122174753,0.05518362319684334,0.7142857142857143,0.2857142857142857,long,0.7142857142857143,0.0986215092622177
attack_heavy&has_exclamation,295,0.01006473489286558,0.011320857631195835,0.0704353429622741,0.5694915254237288,0.42033898305084744,long,0.5694915254237288,0.09844657551435404
attack_heavy,295,0.01006473489286558,0.011320857631195835,0.0704353429622741,0.5694915254237288,0.42033898305084744,long,0.5694915254237288,0.09844657551435404
has_attack&attack_heavy,295,0.01006473489286558,0.011320857631195835,0.0704353429622741,0.5694915254237288,0.42033898305084744,long,0.5694915254237288,0.09844657551435404
has_all_caps&uppercase_phrase_heavy,38,0.026294494748595954,0.017203384322655113,0.06509710565757719,0.6052631578947368,0.39473684210526316,long,0.6052631578947368,0.09810719703874998
posts_high&lots_of_excl,398,0.008850930127125161,0.010040202056417535,0.0725641788951321,0.5552763819095478,0.4321608040201005,long,0.5552763819095478,0.09804820558774864
has_positive&china_streak_3d,82,0.01927633159921119,0.00759344727184863,0.07901316605310041,0.5609756097560976,0.4268292682926829,long,0.5609756097560976,0.09792087691878125
attack_heavy&has_night_post,282,0.01036360242198448,0.009891345239119165,0.07011040918746667,0.5602836879432624,0.42907801418439717,long,0.5602836879432624,0.09750867984347117
has_iran&pre_deal,40,0.02458183108958756,0.01832147534474604,0.09456036412882442,0.625,0.375,long,0.625,0.0971682191257941
has_attack&china_streak_3d,63,0.021383904387392374,0.011293526102404083,0.07832593692125225,0.5714285714285714,0.4126984126984127,long,0.5714285714285714,0.09698827383192551
has_china&volume_spike,72,0.019028423439682116,0.015071769945999236,0.06334624225478504,0.5972222222222222,0.3888888888888889,long,0.5972222222222222,0.09642841195466595
has_uppercase_phrase&volume_drop,31,0.028111193168087408,0.023809663689959404,0.06821679262963704,0.6129032258064516,0.3870967741935484,long,0.6129032258064516,0.09592946744645964
has_deal&attack_heavy,158,0.013245100120556137,0.011134571697588247,0.06604049499862664,0.5759493670886076,0.41139240506329117,long,0.5759493670886076,0.095888846512962
silence_day,222,-0.010999805286710842,-0.009854368932038837,0.06217817897252029,0.3915094339622642,0.5849056603773585,short,0.5849056603773585,0.09586218175733036
posts_low&silence_day,222,-0.010999805286710842,-0.009854368932038837,0.06217817897252029,0.3915094339622642,0.5849056603773585,short,0.5849056603773585,0.09586218175733036
china_streak_3d,85,0.018787838298221143,0.007434987580473562,0.0782947284908404,0.5529411764705883,0.43529411764705883,long,0.5529411764705883,0.09577787754121588
has_exclamation&china_streak_3d,85,0.018787838298221143,0.007434987580473562,0.0782947284908404,0.5529411764705883,0.43529411764705883,long,0.5529411764705883,0.09577787754121588
has_attack&open_deal,70,0.021050360202380523,0.012384404745514943,0.08497915672960825,0.5428571428571428,0.44285714285714284,long,0.5428571428571428,0.09560797245258147
posts_high&positive_heavy,366,0.009005621417411345,0.00920900362215793,0.07339620372394634,0.5546448087431693,0.43169398907103823,long,0.5546448087431693,0.09555846858411947
attack_heavy&exclamation_heavy,294,0.009791934300119796,0.01130719186679996,0.07039915391456504,0.5680272108843537,0.4217687074829932,long,0.5680272108843537,0.09536989331512111
posts_low,418,-0.00839357716448875,-0.006942151433849686,0.06921236673399192,0.43137254901960786,0.5514705882352942,short,0.5514705882352942,0.09463626316540764
positive_heavy&open_deal,68,0.020516408723855045,0.012404832678514999,0.08576030980170406,0.5588235294117647,0.4264705882352941,long,0.5588235294117647,0.0945432402534801
open_deal&lots_of_excl,76,0.019381696264196394,0.011022913996472816,0.08189574308587669,0.5526315789473685,0.4342105263157895,long,0.5526315789473685,0.09337578751424579
posts_very_high&has_uppercase_phrase,129,0.013758584206095596,0.014689069748874184,0.06293572577430659,0.5968992248062015,0.3875968992248062,long,0.5968992248062015,0.09327593609190997
has_action&has_uppercase_phrase,89,0.015678315945924486,0.01673658208052209,0.06836327527947629,0.6292134831460674,0.34831460674157305,long,0.6292134831460674,0.09306629732259923
uppercase_phrase_heavy&short_posts,31,0.027144422719386108,0.01739123511766505,0.07068222326494095,0.6129032258064516,0.3870967741935484,long,0.6129032258064516,0.09263036257629804
has_attack&volume_spike,114,0.01469456290448663,0.01352025145656055,0.07212484737600461,0.5877192982456141,0.40350877192982454,long,0.5877192982456141,0.092210218129037
attack_heavy&lots_of_excl,292,0.009534776199702713,0.011134571697588247,0.0705678751041807,0.565068493150685,0.4246575342465753,long,0.565068493150685,0.09206679443540433
has_market_brag&has_night_post,152,0.012740677950126818,0.007202936444055008,0.06974267953582702,0.5855263157894737,0.40789473684210525,long,0.5855263157894737,0.09197308430413297
open_deal&has_night_post,73,0.019537995459135732,0.011070210700173222,0.08346669131469632,0.547945205479452,0.4383561643835616,long,0.547945205479452,0.09146997609800142
posts_very_high&uppercase_phrase_heavy,37,0.02303189064512851,0.017015533527645177,0.060410540845824076,0.6486486486486487,0.35135135135135137,long,0.6486486486486487,0.09087406794688462
has_night_post&china_streak_3d,79,0.018769452701206717,0.007434987580473562,0.0804150744699882,0.5443037974683544,0.4430379746835443,long,0.5443037974683544,0.0908043218068631
posts_high&has_action,131,0.013476854908571569,0.012318046962385587,0.06920130076753443,0.5877862595419847,0.3969465648854962,long,0.5877862595419847,0.09066582759581425
pre_action&lots_of_excl,74,0.016585337178623476,0.017028959008911992,0.06309485808943131,0.6351351351351351,0.35135135135135137,long,0.6351351351351351,0.09061629538489765
open_deal&deal_over_tariff,78,0.0186102180861047,0.011022913996472816,0.08106245953747847,0.5512820512820513,0.4358974358974359,long,0.5512820512820513,0.09060926691907062
posts_very_high&deal_only,93,0.015856879556693917,0.011111066566173333,0.0716799277497191,0.5913978494623656,0.3978494623655914,long,0.5913978494623656,0.09043549971197495
has_all_caps&volume_spike,49,0.020374479522451673,0.014722455950735513,0.06449463170746798,0.6326530612244898,0.3673469387755102,long,0.6326530612244898,0.09022983788514313
has_deal&pre_action,48,0.021496203935285424,0.01605684553420028,0.07765675637990044,0.6041666666666666,0.3958333333333333,long,0.6041666666666666,0.08997858368229296
posts_high&has_night_post,388,0.00839358848466172,0.007783208093510852,0.07292146520099094,0.5438144329896907,0.44329896907216493,long,0.5438144329896907,0.08991129762989583
posts_high&has_china,204,0.011124002814126727,0.008290648443192161,0.07160474787889885,0.5637254901960784,0.4166666666666667,long,0.5637254901960784,0.08956613767293585
has_action&open_deal,27,0.025840939809430467,0.01599986712881396,0.0783773970288755,0.6666666666666666,0.3333333333333333,long,0.6666666666666666,0.08951564133052559
deal_heavy&volume_spike,47,0.020427875540719516,0.017015533527645177,0.06258910596648869,0.6382978723404256,0.3404255319148936,long,0.6382978723404256,0.089391356762013
has_deal&volume_spike,84,0.01573215459742608,0.015868994739190345,0.06771661408654717,0.6190476190476191,0.36904761904761907,long,0.6190476190476191,0.08925897721303647
has_market_brag,173,0.011616088549336892,0.007547213917412865,0.07003291758158516,0.5838150289017341,0.41040462427745666,long,0.5838150289017341,0.08919864070125906
has_market_brag&has_exclamation,173,0.011616088549336892,0.007547213917412865,0.07003291758158516,0.5838150289017341,0.41040462427745666,long,0.5838150289017341,0.08919864070125906
positive_heavy&pre_action,66,0.016802048207610238,0.017028959008911992,0.06384365986119357,0.6515151515151515,0.3333333333333333,long,0.6515151515151515,0.08893213411139889
has_action&has_attack,144,0.01313496473043199,0.011807946215749543,0.06958749810402984,0.5625,0.4236111111111111,long,0.5625,0.08866101193041592
deal_heavy&has_relief,33,0.024233854864932083,0.017015533527645177,0.06920477081467287,0.6363636363636364,0.36363636363636365,long,0.6363636363636364,0.08859002564281719
attack_heavy&pre_deal,88,0.01538633527880192,0.014210527370796089,0.06696142679834441,0.6136363636363636,0.375,long,0.6136363636363636,0.0885701979952606
posts_high&pre_deal,114,0.013311524132233353,0.015315799469513003,0.07172457717454213,0.6228070175438597,0.35964912280701755,long,0.6228070175438597,0.08851843089271727
has_night_post&uppercase_phrase_heavy,46,0.02141348214968794,0.015868994739190345,0.06200563291369884,0.6086956521739131,0.391304347826087,long,0.6086956521739131,0.08840287949466293
has_positive&uppercase_phrase_heavy,46,0.02141348214968794,0.015868994739190345,0.06200563291369884,0.6086956521739131,0.391304347826087,long,0.6086956521739131,0.08840287949466293
uppercase_phrase_heavy,46,0.02141348214968794,0.015868994739190345,0.06200563291369884,0.6086956521739131,0.391304347826087,long,0.6086956521739131,0.08840287949466293
uppercase_phrase_heavy&lots_of_excl,46,0.02141348214968794,0.015868994739190345,0.06200563291369884,0.6086956521739131,0.391304347826087,long,0.6086956521739131,0.08840287949466293
has_uppercase_phrase&uppercase_phrase_heavy,46,0.02141348214968794,0.015868994739190345,0.06200563291369884,0.6086956521739131,0.391304347826087,long,0.6086956521739131,0.08840287949466293
uppercase_phrase_heavy&has_exclamation,46,0.02141348214968794,0.015868994739190345,0.06200563291369884,0.6086956521739131,0.391304347826087,long,0.6086956521739131,0.08840287949466293
uppercase_phrase_heavy&exclamation_heavy,46,0.02141348214968794,0.015868994739190345,0.06200563291369884,0.6086956521739131,0.391304347826087,long,0.6086956521739131,0.08840287949466293
posts_high&volume_spike,117,0.014226685004394148,0.01229503480030325,0.07037556448498314,0.5726495726495726,0.4188034188034188,long,0.5726495726495726,0.0881222520932202
positive_heavy&has_iran,91,0.015802827942978784,0.0157385338382503,0.07672199499348421,0.5824175824175825,0.4175824175824176,long,0.5824175824175825,0.08779908402273544
positive_heavy&uppercase_phrase_heavy,38,0.02162965593646021,0.017203384322655113,0.06179253196810802,0.6578947368421053,0.34210526315789475,long,0.6578947368421053,0.08771983811455024
posts_high&attack_heavy,241,0.010000975455210542,0.011320857631195835,0.0691773567309622,0.5643153526970954,0.42323651452282157,long,0.5643153526970954,0.08761384669526473
deal_heavy&has_all_caps,47,0.01875552735723642,0.014722455950735513,0.06944496904908135,0.6808510638297872,0.3191489361702128,long,0.6808510638297872,0.0875447948320582
has_positive&has_market_brag,169,0.011600182632482955,0.006858658970697151,0.07020767688558364,0.5798816568047337,0.41420118343195267,long,0.5798816568047337,0.08744753061410228
has_market_brag&volume_drop,21,0.026583080458671415,0.010909163969033076,0.0812382342519845,0.7142857142857143,0.2857142857142857,long,0.7142857142857143,0.0870135560049737
has_night_post&volume_drop,125,0.013142389484443342,0.010296063982207615,0.06243162242713208,0.592,0.408,long,0.592,0.08698633777102144
posts_high&brag_heavy,29,0.024425527179820487,0.020385174752689528,0.07145832071368823,0.6551724137931034,0.3448275862068966,long,0.6551724137931034,0.0861784240663812
posts_high&uppercase_phrase_heavy,42,0.02067546135694604,0.017203384322655113,0.06049471643652063,0.6428571428571429,0.35714285714285715,long,0.6428571428571429,0.08613790963349092
has_deal&brag_heavy,23,0.025712008066116707,0.020385174752689528,0.06640299869882237,0.6956521739130435,0.30434782608695654,long,0.6956521739130435,0.08578118873819367
attack_heavy&brag_heavy,25,0.02520852483660911,0.015801373555601517,0.07328506559260221,0.68,0.32,long,0.68,0.08570898444447099
has_deal&has_russia,132,0.012222505780925999,0.012306540881344419,0.07820443793340336,0.6060606060606061,0.38636363636363635,long,0.6060606060606061,0.08510660624994257
attack_heavy&has_iran,51,0.018935299467076883,0.015748123286903004,0.06973840456155456,0.6274509803921569,0.37254901960784315,long,0.6274509803921569,0.08484711273233264
has_action&short_posts,102,0.014480028977779828,0.008406716861155128,0.06532121479972616,0.5784313725490197,0.4117647058823529,long,0.5784313725490197,0.08459045417602047
has_attack&uppercase_phrase_heavy,41,0.020797051188236954,0.017015533527645177,0.06119498110156358,0.6341463414634146,0.36585365853658536,long,0.6341463414634146,0.08444679672667861
open_deal&exclamation_heavy,80,0.017108684898734287,0.011022913996472816,0.08250921624211188,0.55,0.4375,long,0.55,0.08416360136622675
deal_heavy&has_market_brag,35,0.019066391075982177,0.021087527756846303,0.05906353461475534,0.7428571428571429,0.2571428571428571,long,0.7428571428571429,0.08379301600895762
has_deal&has_action,100,0.01479508626174964,0.008406716861155128,0.07623685341095861,0.56,0.42,long,0.56,0.082852483065798
posts_high&short_posts,228,0.010300234512304145,0.007563671062021826,0.06980483179617522,0.5307017543859649,0.45614035087719296,long,0.5307017543859649,0.08254011307627478
has_market_brag&has_all_caps,51,0.020186502630674945,0.011320857631195835,0.06790545879780305,0.5686274509803921,0.43137254901960786,long,0.5686274509803921,0.08197359703974816
lots_of_excl&has_chips,30,0.028057314103019895,0.008610988556313148,0.06881537027750455,0.5333333333333333,0.43333333333333335,long,0.5333333333333333,0.08196066046523638
exclamation_heavy&has_chips,30,0.028057314103019895,0.008610988556313148,0.06881537027750455,0.5333333333333333,0.43333333333333335,long,0.5333333333333333,0.08196066046523638
has_night_post&has_chips,30,0.028057314103019895,0.008610988556313148,0.06881537027750455,0.5333333333333333,0.43333333333333335,long,0.5333333333333333,0.08196066046523638
positive_heavy&has_chips,30,0.028057314103019895,0.008610988556313148,0.06881537027750455,0.5333333333333333,0.43333333333333335,long,0.5333333333333333,0.08196066046523638
posts_high&has_chips,23,0.03023529098042913,0.010465121428599788,0.07525267274034714,0.5652173913043478,0.391304347826087,long,0.5652173913043478,0.08195842177418138
has_market_brag&exclamation_heavy,169,0.01068120207326168,0.007547213917412865,0.06926110004475054,0.5857988165680473,0.40828402366863903,long,0.5857988165680473,0.08134146194253125
short_posts&volume_drop,104,0.013025841814251761,0.013848958310225812,0.06713854933088302,0.6057692307692307,0.38461538461538464,long,0.6057692307692307,0.0804691992362708
has_iran&has_uppercase_phrase,57,0.01639615645226549,0.015748123286903004,0.06095673523346157,0.6491228070175439,0.3508771929824561,long,0.6491228070175439,0.08035378708434782
has_attack&has_chips,26,0.02925467972114465,0.008610988556313148,0.0731655704884658,0.5384615384615384,0.46153846153846156,long,0.5384615384615384,0.08032240610262813
deal_heavy&attack_heavy,76,0.014851622734745213,0.015567490732753875,0.06456807233108423,0.618421052631579,0.3815789473684211,long,0.618421052631579,0.08006910432821689
brag_heavy&deal_over_tariff,20,0.025502065041474294,0.017041886771773096,0.0698953029943265,0.7,0.3,long,0.7,0.07983409139910051
attack_heavy&pre_action,45,0.018299794143602714,0.015421083941262959,0.0599735344434173,0.6444444444444445,0.3333333333333333,long,0.6444444444444445,0.07911119511340657
has_china&uppercase_phrase_heavy,34,0.021950028068100466,0.015868994739190345,0.06898279487975216,0.6176470588235294,0.38235294117647056,long,0.6176470588235294,0.07905237390786933
has_deal&open_deal,81,0.016161057657542385,0.01097561729277241,0.08243428545680888,0.5432098765432098,0.4444444444444444,long,0.5432098765432098,0.07900961521465165
open_deal,81,0.016161057657542385,0.01097561729277241,0.08243428545680888,0.5432098765432098,0.4444444444444444,long,0.5432098765432098,0.07900961521465165
open_deal&has_exclamation,81,0.016161057657542385,0.01097561729277241,0.08243428545680888,0.5432098765432098,0.4444444444444444,long,0.5432098765432098,0.07900961521465165
silence_day&volume_drop,145,-0.011453806286969041,-0.006920350791177365,0.05816266484838837,0.41379310344827586,0.5724137931034483,short,0.5724137931034483,0.0789485076580096
has_positive&open_deal,79,0.016242290071066288,0.01097561729277241,0.08266939451990873,0.5443037974683544,0.4430379746835443,long,0.5443037974683544,0.07857821738183654
posts_high&has_market_brag,107,0.013060886391332984,0.009478635165457217,0.06307498322407792,0.5794392523364486,0.411214953271028,long,0.5794392523364486,0.07828389981344552
pre_relief&has_uppercase_phrase,20,0.022881302324463487,0.02413318338664272,0.06082151669785644,0.75,0.25,long,0.75,0.07674622111683646
has_market_brag&volume_spike,36,0.01916646376752036,0.015071769945999236,0.05815496362722975,0.6666666666666666,0.3333333333333333,long,0.6666666666666666,0.07666585507008145
has_night_post&short_posts,453,0.006888832709051869,0.0014183580473969837,0.06928125880669533,0.5209713024282561,0.46799116997792495,long,0.5209713024282561,0.07638508043378298
has_action&positive_heavy,147,0.01085530930311372,0.009478635165457217,0.06699061748145202,0.5782312925170068,0.4013605442176871,long,0.5782312925170068,0.07610311980065644
uppercase_phrase_heavy&volume_spike,25,0.021103044652186778,0.017015533527645177,0.05306920791298047,0.72,0.28,long,0.72,0.07597096074787239
posts_very_high&has_deal,134,0.011329080908005239,0.008406716861155128,0.06795749831436634,0.5746268656716418,0.41044776119402987,long,0.5746268656716418,0.07535863171207395
has_relief&deal_only,36,0.021416103541736793,0.016714029521208706,0.06705410018901632,0.5833333333333334,0.4166666666666667,long,0.5833333333333334,0.0749563623960788
positive_heavy&short_posts,275,0.008557036765706941,0.006747662689674527,0.07187159649838552,0.5272727272727272,0.4581818181818182,long,0.5272727272727272,0.07482126616406007
positive_heavy&has_market_brag,140,0.010735765960441923,0.0094563236648888,0.07081133097389179,0.5857142857142857,0.40714285714285714,long,0.5857142857142857,0.07440170188974399
has_iran&open_deal,22,0.024757892777735314,0.01684781397065027,0.06692791454481073,0.6363636363636364,0.36363636363636365,long,0.6363636363636364,0.07389760665935989
has_market_brag&pre_action,22,0.02459697764305614,0.016043883420710947,0.06330096275862224,0.6363636363636364,0.36363636363636365,long,0.6363636363636364,0.07341730555155504
has_uppercase_phrase&short_posts,158,0.010546750834870017,0.011819452296790711,0.06783150847251272,0.5506329113924051,0.4430379746835443,long,0.5506329113924051,0.07299773672428556
attack_heavy&has_market_brag,75,0.014126231986360361,0.011320857631195835,0.06351325395553405,0.5866666666666667,0.4,long,0.5866666666666667,0.07177089779165026
has_russia&has_uppercase_phrase,112,0.012231488036863636,0.010229300541807484,0.06960583647962737,0.5535714285714286,0.4375,long,0.5535714285714286,0.07165755291456338
open_deal&deal_only,60,0.017331665734368847,0.007665107512403346,0.08706822392786444,0.5333333333333333,0.4666666666666667,long,0.5333333333333333,0.07160026960132723
has_china&short_posts,147,0.011078321372787728,0.007434987580473562,0.07339485747284025,0.5306122448979592,0.4557823129251701,long,0.5306122448979592,0.07127051464090829
has_relief&has_uppercase_phrase,41,0.016867360564691448,0.017015533527645177,0.06241430847826861,0.6585365853658537,0.3170731707317073,long,0.6585365853658537,0.07112445711802343
has_china&sig_potus,27,0.020490547102395826,0.005568018714828815,0.05146083474850736,0.6666666666666666,0.3333333333333333,long,0.6666666666666666,0.07098133731246561
has_market_brag&pre_deal,38,0.017197246389396507,0.018498335372568397,0.0672806133217149,0.6578947368421053,0.34210526315789475,long,0.6578947368421053,0.06974404372059441
has_exclamation&has_chips,31,0.024268089430330726,0.006756855684026508,0.07087177350049875,0.5161290322580645,0.45161290322580644,long,0.5161290322580645,0.06973884050795733
has_chips,31,0.024268089430330726,0.006756855684026508,0.07087177350049875,0.5161290322580645,0.45161290322580644,long,0.5161290322580645,0.06973884050795733
has_positive&has_chips,31,0.024268089430330726,0.006756855684026508,0.07087177350049875,0.5161290322580645,0.45161290322580644,long,0.5161290322580645,0.06973884050795733
has_attack&pre_action,58,0.015026622841704026,0.015071769945999236,0.06861130738093364,0.603448275862069,0.3793103448275862,long,0.603448275862069,0.06905822851454041
has_russia&volume_spike,82,0.013019590153533055,0.01352025145656055,0.0727777664980824,0.5853658536585366,0.4024390243902439,long,0.5853658536585366,0.06901311405713764
has_relief&has_attack,76,0.0146125878122934,0.013503558355629885,0.06863929903810251,0.5394736842105263,0.4473684210526316,long,0.5394736842105263,0.06872332991245901
has_china&pre_action,44,0.016274579015638013,0.016406159529464004,0.05653136218007808,0.6363636363636364,0.3409090909090909,long,0.6363636363636364,0.06869758282018903
lots_of_excl&china_streak_3d,77,0.014508389551328292,0.006359303408284278,0.07517001131571423,0.5324675324675324,0.45454545454545453,long,0.5324675324675324,0.06778876190758476
has_russia&volume_drop,23,0.02162448100775106,0.016887806891480395,0.058768726127898234,0.6521739130434783,0.34782608695652173,long,0.6521739130434783,0.06763523979929331
positive_heavy&volume_spike,125,0.010752994732880633,0.008534688483622821,0.07171781062908555,0.56,0.432,long,0.56,0.06732439611637123
exclamation_heavy&china_streak_3d,80,0.013932784798715122,0.005963661061556547,0.07435618940206586,0.5375,0.45,long,0.5375,0.06698250594047589
lots_of_excl&volume_spike,129,0.010439726257814455,0.008534688483622821,0.07063770125145137,0.5581395348837209,0.43410852713178294,long,0.5581395348837209,0.06617999840748588
attack_heavy&all_caps_heavy,24,0.020078410841588335,0.018871441304943004,0.05189440825235075,0.6666666666666666,0.3333333333333333,long,0.6666666666666666,0.06557581521047623
positive_heavy&volume_drop,46,0.01588176868362801,0.011507837634271323,0.05946128178815128,0.6086956521739131,0.391304347826087,long,0.6086956521739131,0.06556589317358359
has_relief&deal_over_tariff,46,0.016431942342652942,0.01555079763182321,0.06369695431749117,0.5869565217391305,0.41304347826086957,long,0.5869565217391305,0.06541445850548129
lots_of_excl&volume_drop,80,0.012612079489046801,0.006824054911855004,0.05466376819329925,0.575,0.425,long,0.575,0.06486337427282077
pre_action&short_posts,50,0.01525776541717709,0.013993770265677385,0.06278219224732379,0.6,0.38,long,0.6,0.06473321635343707
has_market_brag&has_iran,28,0.01787780313903419,0.020736351254767915,0.05863259008589385,0.6785714285714286,0.32142857142857145,long,0.6785714285714286,0.06419315719907379
posts_high&pre_action,58,0.013556307934942424,0.016043883420710947,0.06670220427753346,0.6206896551724138,0.3620689655172414,long,0.6206896551724138,0.0640810957566687
deal_heavy&has_russia,60,0.012670407611062428,0.01675810976914527,0.07498104874297501,0.65,0.3333333333333333,long,0.65,0.06379396096749583
exclamation_heavy&volume_spike,130,0.01007658134823575,0.008113521513596456,0.07077614662481958,0.5538461538461539,0.43846153846153846,long,0.5538461538461539,0.06363177464642257
has_iran&short_posts,46,0.01656210158902861,0.015608859584840373,0.06939416856890454,0.5652173913043478,0.43478260869565216,long,0.5652173913043478,0.06349066506438521
posts_low&exclamation_heavy,43,0.016640602506462883,0.0040650403459243645,0.08481951571501188,0.5813953488372093,0.4186046511627907,long,0.5813953488372093,0.06344170229271869
has_china&volume_drop,31,0.01922540097171099,0.009478635165457217,0.07076310298307423,0.5806451612903226,0.41935483870967744,long,0.5806451612903226,0.06215371106598007
short_posts,545,0.005104355743098416,0.0023895008529697392,0.0710964148764792,0.5211009174311927,0.46605504587155966,long,0.5211009174311927,0.06209562796532401
open_deal&short_posts,45,0.01663584521015458,0.009434012164320382,0.08081791849429948,0.5555555555555556,0.4444444444444444,long,0.5555555555555556,0.06199813458844987
has_action&china_streak_3d,26,0.02246101004310574,0.009865011190388406,0.08041608829015241,0.5384615384615384,0.4230769230769231,long,0.5384615384615384,0.06166953073335367
posts_low&short_posts,133,-0.010290684862975828,-0.002551077266873203,0.07638724350151622,0.46616541353383456,0.518796992481203,short,0.518796992481203,0.061569772521629325
attack_heavy&has_china,144,0.009241361511659068,0.006476848678912628,0.06851335721816079,0.5486111111111112,0.4375,long,0.5486111111111112,0.06083896328508887
open_deal&volume_spike,24,0.02112540566763911,0.019533774205317656,0.07111980691706847,0.5833333333333334,0.375,long,0.5833333333333334,0.060370875244184885
has_market_brag&lots_of_excl,162,0.008103528169991247,0.00680775732736183,0.06709821625119801,0.5802469135802469,0.41358024691358025,long,0.5802469135802469,0.059847290414497815
high_emotion&has_uppercase_phrase,20,-0.02055124948612867,-0.020006060105341228,0.06363112572977626,0.35,0.65,short,0.65,0.05974018813560373
has_market_brag&short_posts,84,0.011816314026467514,0.004142851856728025,0.06340130404225901,0.5476190476190477,0.44047619047619047,long,0.5476190476190477,0.059306215696099215
has_deal&has_relief,50,0.014961596734439498,0.013503558355629885,0.06432826770809928,0.56,0.42,long,0.56,0.059244900446483784
posts_very_high&has_attack,205,0.007669735574038687,0.0061968416737987475,0.06809009266586331,0.5365853658536586,0.44878048780487806,long,0.5365853658536586,0.05892453253995326
posts_high&has_iran,76,0.011099817891298502,0.01602625805526925,0.07031353134253229,0.6052631578947368,0.39473684210526316,long,0.6052631578947368,0.05856887594932226
has_market_brag&has_china,72,0.0111745245791805,0.007202936444055008,0.06401350556640331,0.6111111111111112,0.3888888888888889,long,0.6111111111111112,0.05794493544747808
has_relief&has_all_caps,24,0.020198970238792427,0.01705961377558174,0.06340971526906282,0.5833333333333334,0.375,long,0.5833333333333334,0.05772336548382219
has_russia&pre_deal,66,0.011356307817136401,0.01675810976914527,0.08098535443586997,0.6212121212121212,0.36363636363636365,long,0.6212121212121212,0.057312459310494425
has_tariff&deal_over_tariff,45,0.013696925328045275,0.013698598790856664,0.05060038148291444,0.6222222222222222,0.35555555555555557,long,0.6222222222222222,0.05717087808366265
pre_deal&volume_spike,45,0.013652396737377044,0.017015533527645177,0.06658889725368759,0.6222222222222222,0.35555555555555557,long,0.6222222222222222,0.05698501603306664
pre_relief&lots_of_excl,41,0.015176698012185547,0.017015533527645177,0.0597608567998341,0.5853658536585366,0.4146341463414634,long,0.5853658536585366,0.056884848518648314
deal_heavy&china_streak_3d,23,0.024310939401656274,-0.0011522165237799475,0.08483803709882641,0.4782608695652174,0.5217391304347826,long,0.4782608695652174,0.0557609941296475
posts_very_high&short_posts,155,0.00865037286832471,0.0012708056187233918,0.06981735391150415,0.5161290322580645,0.4645161290322581,long,0.5161290322580645,0.055585173520417266
posts_very_high&has_iran,53,0.012571643678717175,0.0157385338382503,0.0645869697783747,0.6037735849056604,0.39622641509433965,long,0.6037735849056604,0.055259138095058
has_action&pre_deal,54,0.0118432119813676,0.014403442496817354,0.07342030265381116,0.6296296296296297,0.35185185185185186,long,0.6296296296296297,0.05479633850993724
has_action&attack_heavy,102,0.009530655636115343,0.010130114855027239,0.0615177082879246,0.5686274509803921,0.4117647058823529,long,0.5686274509803921,0.05473318051412712
pre_deal&pre_action,33,0.014187960507907429,0.01739123511766505,0.07446928878230871,0.6666666666666666,0.3333333333333333,long,0.6666666666666666,0.05433575197618782
has_attack&all_caps_heavy,25,0.016823162083817463,0.018038327505265794,0.05334544172412142,0.64,0.36,long,0.64,0.05383411866821588
positive_heavy&china_streak_3d,70,0.012432080599394725,0.004498326511879647,0.07720594734392829,0.5142857142857142,0.4714285714285714,long,0.5142857142857142,0.053493042261411536
has_relief&pre_deal,31,0.01563668476554035,0.017015533527645177,0.064256397818059,0.6129032258064516,0.3548387096774194,long,0.6129032258064516,0.053360198310234544
has_attack&tariff_rising,20,0.018290881435302987,0.030366128894929623,0.048253299790183134,0.65,0.3,long,0.65,0.053169550535044324
posts_very_high&positive_heavy,212,0.006789568577774383,0.005413216983072622,0.06846754870940683,0.5330188679245284,0.4481132075471698,long,0.5330188679245284,0.05269297173784341
has_uppercase_phrase&volume_spike,81,0.01004952333053105,0.012318046962385587,0.06535627365131565,0.5802469135802469,0.41975308641975306,long,0.5802469135802469,0.05248084405943993
has_action&volume_spike,60,0.011268061047521568,0.012306540881344419,0.06566047005787264,0.6,0.4,long,0.6,0.05236921533731944
has_action&has_china,88,0.010370859880454936,0.005803393669131962,0.06246878608733211,0.5340909090909091,0.42045454545454547,long,0.5340909090909091,0.05196025675981134
has_market_brag&deal_over_tariff,69,0.010720717952422174,0.00589620286048631,0.06995158020242402,0.5797101449275363,0.4057971014492754,long,0.5797101449275363,0.05162491105577057
has_china&pre_relief,21,0.016720223142164724,0.018478210188115796,0.060242302640625876,0.6666666666666666,0.3333333333333333,long,0.6666666666666666,0.05108112545701482
has_attack&pre_relief,35,0.014379941839386429,0.017015533527645177,0.062402984950366204,0.6,0.4,long,0.6,0.05104372991888541
has_positive&has_russia,272,0.005645635701825754,0.004793516674844289,0.07252473594803491,0.5404411764705882,0.4522058823529412,long,0.5404411764705882,0.05032059104986315
has_uppercase_phrase&china_streak_3d,38,0.016321810630871108,0.003179651704142139,0.07923048765368086,0.5,0.47368421052631576,long,0.5,0.050307199003374874
has_russia,282,0.0055202383686953245,0.004793516674844289,0.07208081582333109,0.5390070921985816,0.45390070921985815,long,0.5390070921985816,0.049966262489338456
posts_very_high&has_china,134,0.007918755391524201,0.007111236415000111,0.06770914950066308,0.5447761194029851,0.43283582089552236,long,0.5447761194029851,0.04993756809427141
has_positive&high_emotion,26,-0.014965117710998045,-0.01956001912960309,0.044312227485167006,0.34615384615384615,0.6538461538461539,short,0.6538461538461539,0.0498933178052717
posts_very_high&has_night_post,223,0.006375993830199058,0.0012708056187233918,0.06728924624520523,0.5201793721973094,0.4618834080717489,long,0.5201793721973094,0.04952830276493053
has_relief&lots_of_excl,89,0.010326149423997852,0.0023895008529697392,0.06675491813918956,0.5056179775280899,0.48314606741573035,long,0.5056179775280899,0.049255634241299785
all_caps_heavy&short_posts,24,0.016046939964314777,0.01876337656405791,0.0515810222249886,0.625,0.375,long,0.625,0.04913351855705812
has_iran&volume_spike,40,0.012908834558180909,0.017942641200664244,0.07704113366722538,0.6,0.4,long,0.6,0.048985582970574044
short_posts&china_streak_3d,47,0.013183054893499769,0.006359303408284278,0.08038366711241343,0.5319148936170213,0.44680851063829785,long,0.5319148936170213,0.04807365474891552
posts_very_high&has_action,94,0.008943903238054517,0.007654524611962588,0.06213175225490758,0.5531914893617021,0.425531914893617,long,0.5531914893617021,0.04796964548590369
has_russia&has_exclamation,281,0.005271610914230119,0.004767731260951313,0.07208817948689714,0.5373665480427047,0.4555160142348754,long,0.5373665480427047,0.04748616921957261
has_russia&has_night_post,262,0.00544792237032522,0.004496542722105645,0.07105128733504226,0.5381679389312977,0.4541984732824427,long,0.5381679389312977,0.0474569012967878
posts_very_high&exclamation_heavy,226,0.006027034671870329,0.0018301532358465655,0.0678675562695032,0.5221238938053098,0.46017699115044247,long,0.5221238938053098,0.04730766116630455
posts_very_high&has_exclamation,226,0.006027034671870329,0.0018301532358465655,0.0678675562695032,0.5221238938053098,0.46017699115044247,long,0.5221238938053098,0.04730766116630455
posts_very_high,226,0.006027034671870329,0.0018301532358465655,0.0678675562695032,0.5221238938053098,0.46017699115044247,long,0.5221238938053098,0.04730766116630455
posts_very_high&has_positive,226,0.006027034671870329,0.0018301532358465655,0.0678675562695032,0.5221238938053098,0.46017699115044247,long,0.5221238938053098,0.04730766116630455
posts_high&posts_very_high,226,0.006027034671870329,0.0018301532358465655,0.0678675562695032,0.5221238938053098,0.46017699115044247,long,0.5221238938053098,0.04730766116630455
has_action&has_market_brag,39,0.012831189811570196,0.009478635165457217,0.06158343987963723,0.5897435897435898,0.41025641025641024,long,0.5897435897435898,0.04725659891993573
has_night_post&all_caps_heavy,28,0.014486215202253164,0.017714781311465422,0.051096159071476556,0.6071428571428571,0.39285714285714285,long,0.6071428571428571,0.04653983490595192
all_caps_heavy&has_exclamation,28,0.014486215202253164,0.017714781311465422,0.051096159071476556,0.6071428571428571,0.39285714285714285,long,0.6071428571428571,0.04653983490595192
all_caps_heavy&has_uppercase_phrase,28,0.014486215202253164,0.017714781311465422,0.051096159071476556,0.6071428571428571,0.39285714285714285,long,0.6071428571428571,0.04653983490595192
has_positive&all_caps_heavy,28,0.014486215202253164,0.017714781311465422,0.051096159071476556,0.6071428571428571,0.39285714285714285,long,0.6071428571428571,0.04653983490595192
all_caps_heavy,28,0.014486215202253164,0.017714781311465422,0.051096159071476556,0.6071428571428571,0.39285714285714285,long,0.6071428571428571,0.04653983490595192
has_all_caps&all_caps_heavy,28,0.014486215202253164,0.017714781311465422,0.051096159071476556,0.6071428571428571,0.39285714285714285,long,0.6071428571428571,0.04653983490595192
all_caps_heavy&exclamation_heavy,28,0.014486215202253164,0.017714781311465422,0.051096159071476556,0.6071428571428571,0.39285714285714285,long,0.6071428571428571,0.04653983490595192
all_caps_heavy&lots_of_excl,28,0.014486215202253164,0.017714781311465422,0.051096159071476556,0.6071428571428571,0.39285714285714285,long,0.6071428571428571,0.04653983490595192
posts_high&all_caps_heavy,26,0.014766148595147598,0.017714781311465422,0.05234435141346768,0.6153846153846154,0.38461538461538464,long,0.6153846153846154,0.046334079893703556
has_russia&china_streak_3d,34,0.014207358147016798,0.008931526757566033,0.07520844679429237,0.5588235294117647,0.4117647058823529,long,0.5588235294117647,0.04629429459569927
lots_of_excl&tariff_rising,25,0.015307436024172753,0.018604623184226288,0.044134107691021836,0.6,0.32,long,0.6,0.04592230807251826
has_relief,92,0.009401199369808938,0.0011947504264848696,0.0678737104935137,0.5,0.4891304347826087,long,0.5,0.04508656829467737
has_relief&exclamation_heavy,92,0.009401199369808938,0.0011947504264848696,0.0678737104935137,0.5,0.4891304347826087,long,0.5,0.04508656829467737
has_relief&has_exclamation,92,0.009401199369808938,0.0011947504264848696,0.0678737104935137,0.5,0.4891304347826087,long,0.5,0.04508656829467737
has_relief&has_positive,92,0.009401199369808938,0.0011947504264848696,0.0678737104935137,0.5,0.4891304347826087,long,0.5,0.04508656829467737
posts_very_high&lots_of_excl,224,0.005685436214723622,0.0018301532358465655,0.06740897785862875,0.5223214285714286,0.45982142857142855,long,0.5223214285714286,0.044445279749156574
has_russia&exclamation_heavy,276,0.004998729486453577,0.004496542722105645,0.07255738485161477,0.532608695652174,0.4601449275362319,long,0.532608695652174,0.044230559047520164
attack_heavy&open_tariff,20,0.01643869718528309,0.020708713764970188,0.053600618471612474,0.6,0.35,long,0.6,0.04410965324139293
has_relief&positive_heavy,86,0.00948122181762797,0.0011947504264848696,0.06936880182386186,0.5,0.4883720930232558,long,0.5,0.04396261700392607
pre_relief&deal_over_tariff,23,0.014044917900529535,0.017015533527645177,0.04914330697153458,0.6521739130434783,0.34782608695652173,long,0.6521739130434783,0.04392851739762955
pre_relief,42,0.01185073762074064,0.016714029521208706,0.06283994104010017,0.5714285714285714,0.42857142857142855,long,0.5714285714285714,0.043886604345649706
has_relief&pre_relief,42,0.01185073762074064,0.016714029521208706,0.06283994104010017,0.5714285714285714,0.42857142857142855,long,0.5714285714285714,0.043886604345649706
positive_heavy&pre_relief,42,0.01185073762074064,0.016714029521208706,0.06283994104010017,0.5714285714285714,0.42857142857142855,long,0.5714285714285714,0.043886604345649706
has_positive&pre_relief,42,0.01185073762074064,0.016714029521208706,0.06283994104010017,0.5714285714285714,0.42857142857142855,long,0.5714285714285714,0.043886604345649706
pre_relief&has_exclamation,42,0.01185073762074064,0.016714029521208706,0.06283994104010017,0.5714285714285714,0.42857142857142855,long,0.5714285714285714,0.043886604345649706
pre_relief&exclamation_heavy,42,0.01185073762074064,0.016714029521208706,0.06283994104010017,0.5714285714285714,0.42857142857142855,long,0.5714285714285714,0.043886604345649706
has_china&has_russia,115,0.00783461619202879,0.0040927689262375555,0.07127879617045943,0.5217391304347826,0.4608695652173913,long,0.5217391304347826,0.04383490361870558
posts_very_high&pre_deal,73,0.00830822196333222,0.014689069748874184,0.0647625659001648,0.6164383561643836,0.3698630136986301,long,0.6164383561643836,0.04375817233868211
has_relief&has_night_post,91,0.009236795826138016,0.0,0.06823132301366672,0.4945054945054945,0.4945054945054945,long,0.4945054945054945,0.04357256851996554
posts_low&has_night_post,106,-0.007707222406720286,-0.003888082960043282,0.07270268300642363,0.46226415094339623,0.5377358490566038,short,0.5377358490566038,0.04266972212163609
posts_high&china_streak_3d,57,0.011433488353727107,0.0,0.0828200193224655,0.49122807017543857,0.49122807017543857,long,0.49122807017543857,0.042403270780186096
positive_heavy&has_russia,211,0.005454131214727956,0.0040927689262375555,0.0740316524347466,0.5308056872037915,0.4597156398104265,long,0.5308056872037915,0.042053522285427046
has_russia&pre_tariff,31,-0.014490678365596974,-0.002239655105459648,0.05986643962679105,0.45161290322580644,0.5161290322580645,short,0.5161290322580645,0.04164164263081436
has_deal&has_market_brag,77,0.00846883565606791,0.004629592292346496,0.07013581350799188,0.5584415584415584,0.42857142857142855,long,0.5584415584415584,0.04149987591221971
pre_relief&has_night_post,41,0.01154558678603034,0.016412525514772236,0.06358907890862237,0.5609756097560976,0.43902439024390244,long,0.5609756097560976,0.04147170759647199
has_russia&uppercase_phrase_heavy,24,0.014487313081113526,0.007353773907677663,0.05489597642510455,0.5833333333333334,0.4166666666666667,long,0.5833333333333334,0.0414009455914555
attack_heavy&uppercase_phrase_heavy,35,0.011055389764720923,0.014722455950735513,0.04725484248082093,0.6285714285714286,0.37142857142857144,long,0.6285714285714286,0.04111144266827832
has_relief&short_posts,47,0.01223750985972009,-0.0020718552578953275,0.0732707521788684,0.48936170212765956,0.5106382978723404,long,0.48936170212765956,0.041055558247799856
has_tariff&pre_deal,53,0.009293724847033826,0.01476008864574263,0.05596542857197286,0.6037735849056604,0.3584905660377358,long,0.6037735849056604,0.04085092115752032
has_positive&volume_spike,137,0.006543509415923233,0.0023895008529697392,0.0711270337153421,0.5328467153284672,0.45985401459854014,long,0.5328467153284672,0.040810630858200934
attack_heavy&short_posts,146,0.00619590042576784,0.007111236415000111,0.06651376665175225,0.541095890410959,0.4452054794520548,long,0.541095890410959,0.04050933305271913
has_russia&pre_action,32,0.011448151155585989,0.013508745375519382,0.07184817855081496,0.625,0.34375,long,0.625,0.040475326570817316
has_russia&has_all_caps,70,0.008464628051826023,0.008653818613902686,0.06693987698136077,0.5714285714285714,0.4142857142857143,long,0.5714285714285714,0.040468662459667654
posts_very_high&has_relief,48,0.010285784542526514,0.01555079763182321,0.06728666135703319,0.5625,0.4166666666666667,long,0.5625,0.04008487820256568
pre_deal&open_deal,31,0.013009888785416736,0.014084429042899194,0.07916940649623547,0.5483870967741935,0.41935483870967744,long,0.5483870967741935,0.039722965078871915
sig_potus&exclamation_heavy,60,0.009013681235514435,0.00519366040178304,0.051716774805319624,0.5666666666666667,0.43333333333333335,long,0.5666666666666667,0.039564482288259
posts_very_high&pre_action,43,0.0099107144824453,0.014722455950735513,0.05830942702346219,0.6046511627906976,0.37209302325581395,long,0.6046511627906976,0.03929561452823625
has_russia&lots_of_excl,258,0.004583265006228376,0.004496542722105645,0.07203485589412888,0.5310077519379846,0.46124031007751937,long,0.5310077519379846,0.03909180135419732
has_tariff&deal_heavy,56,0.009110223360672161,0.007122437488290889,0.053369512585473074,0.5714285714285714,0.4107142857142857,long,0.5714285714285714,0.03895695375156516
has_china&china_streak_3d,50,0.01096125198039752,0.0017143171544652391,0.073732794010091,0.5,0.48,long,0.5,0.0387538780281678
attack_heavy&has_russia,144,0.005938717379852016,0.00519366040178304,0.07152345638363533,0.5416666666666666,0.4513888888888889,long,0.5416666666666666,0.0386016629690381
posts_high&has_relief,67,0.00859053622770054,0.012318046962385587,0.06536928795276326,0.5373134328358209,0.44776119402985076,long,0.5373134328358209,0.03778203735579187
has_all_caps&china_streak_3d,22,0.01454464357095554,0.022846620156841135,0.0792840080845937,0.5454545454545454,0.4090909090909091,long,0.5454545454545454,0.03721114114157694
exclamation_heavy&tariff_rising,26,0.012437954684342637,0.014534872306413038,0.045650724916104765,0.5769230769230769,0.34615384615384615,long,0.5769230769230769,0.036589254025757245
has_exclamation&tariff_rising,26,0.012437954684342637,0.014534872306413038,0.045650724916104765,0.5769230769230769,0.34615384615384615,long,0.5769230769230769,0.036589254025757245
has_positive&tariff_rising,26,0.012437954684342637,0.014534872306413038,0.045650724916104765,0.5769230769230769,0.34615384615384615,long,0.5769230769230769,0.036589254025757245
tariff_rising,26,0.012437954684342637,0.014534872306413038,0.045650724916104765,0.5769230769230769,0.34615384615384615,long,0.5769230769230769,0.036589254025757245
has_tariff&tariff_rising,26,0.012437954684342637,0.014534872306413038,0.045650724916104765,0.5769230769230769,0.34615384615384615,long,0.5769230769230769,0.036589254025757245
attack_heavy&open_deal,45,0.009651769811650768,0.013698598790856664,0.06846830604640021,0.5555555555555556,0.4444444444444444,long,0.5555555555555556,0.0359700223367191
posts_very_high&has_market_brag,60,0.008702458428878347,0.0018301532358465655,0.05923473796989117,0.5333333333333333,0.45,long,0.5333333333333333,0.03595144167051542
has_russia&open_deal,32,0.011200948497852102,0.011090638633173278,0.0933738728935296,0.5625,0.40625,long,0.5625,0.035641199873486226
has_attack&has_russia,247,0.00421113633144929,0.005568018714828815,0.07301460732890212,0.5344129554655871,0.4574898785425101,long,0.5344129554655871,0.035369160849196654
posts_very_high&sig_potus,29,0.01186890615738813,0.006787485249526659,0.03661360365784485,0.5517241379310345,0.4482758620689655,long,0.5517241379310345,0.03526400868300611
posts_low&has_uppercase_phrase,25,-0.010923793218177092,-0.019512195121951237,0.07604001433992826,0.36,0.64,short,0.64,0.03495613829816669
short_posts&volume_spike,97,-0.007083706885726184,0.0011074819071330566,0.0731851583879914,0.5051546391752577,0.4845360824742268,short,0.4845360824742268,0.033804348720357646
has_tariff&open_deal,21,0.012816463152323912,0.018038327505265794,0.06929795093871718,0.5714285714285714,0.38095238095238093,long,0.5714285714285714,0.03356137859264952
posts_very_high&all_caps_heavy,22,0.0117574975971537,0.009249358512399053,0.05060717041667726,0.5909090909090909,0.4090909090909091,long,0.5909090909090909,0.03258718983341299
has_tariff&has_market_brag,34,0.008344048336934737,0.015315799469513003,0.06139665241177212,0.6470588235294118,0.35294117647058826,long,0.6470588235294118,0.03148183465119025
posts_very_high&volume_spike,88,0.005969896567509891,0.0018301532358465655,0.06643980326987044,0.5454545454545454,0.45454545454545453,long,0.5454545454545454,0.030546869394288207
volume_drop,316,0.003269364005863131,0.0028703356169270666,0.06438860473416133,0.5221518987341772,0.46835443037974683,long,0.5221518987341772,0.030346155565437086
positive_heavy&all_caps_heavy,22,0.010799190871359271,0.009249358512399053,0.05217871258383986,0.5909090909090909,0.4090909090909091,long,0.5909090909090909,0.029931137987851953
attack_heavy&china_streak_3d,42,0.008350905653016973,0.00759344727184863,0.06278910855514093,0.5476190476190477,0.42857142857142855,long,0.5476190476190477,0.029637172501991466
has_russia&sig_potus,35,0.008589441982880855,0.004819302088737265,0.04335462405101249,0.5714285714285714,0.42857142857142855,long,0.5714285714285714,0.029037613750301998
posts_very_high&open_tariff,20,0.01164164656498488,0.010243042020191662,0.05260499380647527,0.55,0.4,long,0.55,0.02863466439826643
has_attack&sig_potus,51,0.007526128047188909,0.002312036924923655,0.05658595179640584,0.5294117647058824,0.47058823529411764,long,0.5294117647058824,0.028454455478672768
has_night_post&volume_spike,145,0.004370193849006194,0.004225354183259977,0.07514031025303734,0.5379310344827586,0.45517241379310347,long,0.5379310344827586,0.028308137929077413
has_night_post&sig_potus,60,0.006525497073431001,0.00445603550748741,0.05138473775068953,0.55,0.45,long,0.55,0.02780045564023586
posts_high&pre_relief,32,0.008275585781608856,0.016714029521208706,0.052058175251656444,0.59375,0.40625,long,0.59375,0.027795683416216337
sig_potus,62,0.006397705621478326,0.00445603550748741,0.05291781825102403,0.5483870967741935,0.45161290322580644,long,0.5483870967741935,0.027625320498877722
sig_potus&has_exclamation,62,0.006397705621478326,0.00445603550748741,0.05291781825102403,0.5483870967741935,0.45161290322580644,long,0.5483870967741935,0.027625320498877722
has_china&tariff_rising,20,0.011056251462944349,0.011711962636481776,0.04763974955770526,0.55,0.35,long,0.55,0.02719478283222257
posts_high&pre_tariff,43,-0.007980140503878852,-0.001161265975512804,0.06146325680696799,0.46511627906976744,0.5116279069767442,short,0.5116279069767442,0.0267731203936864
has_tariff&has_uppercase_phrase,55,0.006171435306651548,0.010843318399379687,0.06203286933651171,0.5818181818181818,0.4,long,0.5818181818181818,0.026628997343649725
attack_heavy&sig_potus,30,0.008553684717986827,0.00519366040178304,0.0289134699159198,0.5666666666666667,0.43333333333333335,long,0.5666666666666667,0.026548594395695402
has_action&has_russia,77,0.0054999616816695344,0.0023895008529697392,0.07065642422553026,0.5454545454545454,0.44155844155844154,long,0.5454545454545454,0.026324709757457154
has_positive&sig_potus,59,0.00629973134186885,0.0040927689262375555,0.05394736886822919,0.5423728813559322,0.4576271186440678,long,0.5423728813559322,0.02624496521182943
positive_heavy&tariff_rising,25,0.009368285736317166,0.010465121428599788,0.04376778366720399,0.56,0.36,long,0.56,0.026231200061688064
has_deal&pre_relief,25,0.008609748374142457,0.016412525514772236,0.051952252039112676,0.6,0.4,long,0.6,0.025829245122427368
has_relief&has_action,30,0.00880466497665965,0.007353773907677663,0.05960793040337676,0.5333333333333333,0.43333333333333335,long,0.5333333333333333,0.025720072634625
posts_very_high&attack_heavy,161,0.003806428745661237,0.0012708056187233918,0.06047013658791015,0.5279503105590062,0.453416149068323,long,0.5279503105590062,0.025499031893037778
has_tariff&has_russia,63,-0.00659053036030091,0.0011988728911174196,0.06577227204590892,0.5079365079365079,0.47619047619047616,short,0.47619047619047616,0.024909863344824458
posts_high&open_tariff,24,0.009279746956711072,0.010243042020191662,0.06035965961503151,0.5416666666666666,0.4166666666666667,long,0.5416666666666666,0.024624865401594444
open_tariff,30,0.008371509360834561,0.010243042020191662,0.06219741785977123,0.5333333333333333,0.43333333333333335,long,0.5333333333333333,0.024454744092238637
open_tariff&has_exclamation,30,0.008371509360834561,0.010243042020191662,0.06219741785977123,0.5333333333333333,0.43333333333333335,long,0.5333333333333333,0.024454744092238637
open_tariff&exclamation_heavy,30,0.008371509360834561,0.010243042020191662,0.06219741785977123,0.5333333333333333,0.43333333333333335,long,0.5333333333333333,0.024454744092238637
has_tariff&open_tariff,30,0.008371509360834561,0.010243042020191662,0.06219741785977123,0.5333333333333333,0.43333333333333335,long,0.5333333333333333,0.024454744092238637
posts_low&volume_drop,222,-0.00322006297147366,-0.003460175395588627,0.06406375922069155,0.4774774774774775,0.509009009009009,short,0.509009009009009,0.024421161804667624
sig_potus&lots_of_excl,56,0.006029097571174222,0.0032024029255806052,0.05426084990047404,0.5357142857142857,0.4642857142857143,long,0.5357142857142857,0.02417016156724806
pre_tariff&tariff_only,24,-0.008493301702575081,-0.006070270201557371,0.06717535367201878,0.4583333333333333,0.5416666666666666,short,0.5416666666666666,0.022537943353055607
has_attack&open_tariff,28,0.007903782342301316,0.010243042020191662,0.0639975810628721,0.5357142857142857,0.42857142857142855,long,0.5357142857142857,0.02240511695840664
has_relief&volume_spike,30,0.007078601425441244,0.014666790245015382,0.06663229336380988,0.5666666666666667,0.43333333333333335,long,0.5666666666666667,0.02197028816571356
pre_tariff&has_night_post,59,-0.005714557283430248,0.0,0.06093743835525261,0.4745762711864407,0.4915254237288136,short,0.4915254237288136,0.02157518769455226
has_positive&open_tariff,29,0.007328806006447084,0.006787485249526659,0.063030931895181,0.5172413793103449,0.4482758620689655,long,0.5172413793103449,0.020413876647018003
open_tariff&lots_of_excl,29,0.007328806006447084,0.006787485249526659,0.063030931895181,0.5172413793103449,0.4482758620689655,long,0.5172413793103449,0.020413876647018003
has_russia&tariff_only,22,-0.008585003964836609,0.0022739150720335055,0.07247251980113346,0.5,0.5,short,0.5,0.02013361894740813
has_relief&has_china,39,0.005920765083675359,0.009615282684235282,0.0562449740817733,0.5384615384615384,0.4358974358974359,long,0.5384615384615384,0.019909704821213705
pre_tariff&has_exclamation,64,-0.005254222739948971,0.0005994364455587098,0.059805161403212244,0.5,0.46875,short,0.46875,0.019703335274808643
pre_tariff,64,-0.005254222739948971,0.0005994364455587098,0.059805161403212244,0.5,0.46875,short,0.46875,0.019703335274808643
has_tariff&pre_tariff,64,-0.005254222739948971,0.0005994364455587098,0.059805161403212244,0.5,0.46875,short,0.46875,0.019703335274808643
sig_potus&has_uppercase_phrase,30,0.006282030787753386,0.014210527370796089,0.04570403858158592,0.5666666666666667,0.43333333333333335,long,0.5666666666666667,0.019497923159902043
has_russia&short_posts,138,0.0029780564051273576,0.0013086154692572016,0.06368334138572666,0.5289855072463768,0.463768115942029,long,0.5289855072463768,0.018506156735977868
has_market_brag&deal_only,54,0.004952398314870605,0.0005313261980721684,0.07539995711085688,0.5,0.48148148148148145,long,0.5,0.018196273311678363
has_tariff&attack_heavy,68,0.003905679659183652,0.005803393669131962,0.05796213046999805,0.5588235294117647,0.4264705882352941,long,0.5588235294117647,0.017998062689304182
has_positive&pre_tariff,63,-0.004891067969513374,0.0011988728911174196,0.06021435715434659,0.5079365079365079,0.4603174603174603,short,0.4603174603174603,0.017870282632977855
positive_heavy&tariff_only,43,0.004835050485037662,0.0157385338382503,0.06925699339234473,0.5581395348837209,0.4418604651162791,long,0.5581395348837209,0.017696118874901044
has_attack&tariff_only,47,0.004649254199386985,0.010465121428599788,0.06955795203753982,0.5531914893617021,0.44680851063829785,long,0.5531914893617021,0.01763224903089346
has_attack&pre_tariff,51,-0.005196131678868006,0.0011988728911174196,0.0623150753762292,0.5098039215686274,0.47058823529411764,short,0.47058823529411764,0.017462495289374148
posts_high&tariff_only,29,-0.006692895293608289,0.006787485249526659,0.07524460039293313,0.5172413793103449,0.4827586206896552,short,0.4827586206896552,0.01739975236902266
deal_heavy&pre_tariff,24,-0.0075641455701339665,0.0005994364455587098,0.05132917368989627,0.5,0.4583333333333333,short,0.4583333333333333,0.016984272238048465
has_tariff&positive_heavy,117,0.002951930785211782,0.004629592292346496,0.06327314438474044,0.5299145299145299,0.4444444444444444,long,0.5299145299145299,0.016920178053269463
has_tariff&exclamation_heavy,137,0.002695423241168383,0.004629592292346496,0.06386289345020939,0.5328467153284672,0.43795620437956206,long,0.5328467153284672,0.01681084505422356
positive_heavy&sig_potus,50,0.004739743102502945,-5.451069301237732e-05,0.05426586124202541,0.5,0.5,long,0.5,0.01675752244430999
has_tariff&has_china,87,0.0033989570242234047,0.0040321832866025975,0.06102928408818451,0.5172413793103449,0.4367816091954023,long,0.5172413793103449,0.016398289939701972
pre_deal&has_all_caps,46,0.004107384680719989,0.0052508910425757005,0.05636214481330529,0.5652173913043478,0.41304347826086957,long,0.5652173913043478,0.01574562163215633
sig_potus&has_all_caps,20,0.005827879825626764,0.010243042020191662,0.03213553150824393,0.6,0.4,long,0.6,0.01563784254576128
posts_very_high&pre_relief,22,0.0055487584397133334,0.01555079763182321,0.05392026209791327,0.5909090909090909,0.4090909090909091,long,0.5909090909090909,0.015378990565004587
posts_high&sig_potus,41,0.004268823945813394,0.002312036924923655,0.04618429992409292,0.5365853658536586,0.4634146341463415,long,0.5365853658536586,0.014666922478072499
has_tariff&has_action,40,0.005037508937624174,0.0,0.05600896316243699,0.45,0.475,long,0.45,0.014337001778712725
has_market_brag&has_russia,54,0.003629798639440935,0.0032411348896036474,0.06106632525362422,0.5370370370370371,0.46296296296296297,long,0.5370370370370371,0.01432463786303824
exclamation_heavy&tariff_only,55,0.003505959367473932,0.010465121428599788,0.07123915435467103,0.5454545454545454,0.43636363636363634,long,0.5454545454545454,0.01418230394011584
pre_tariff&exclamation_heavy,61,-0.003915501909277082,0.0011988728911174196,0.060289168233621536,0.5081967213114754,0.45901639344262296,short,0.45901639344262296,0.01403720213938377
has_night_post&tariff_rising,23,0.005420007055910793,0.004819302088737265,0.04329234180009536,0.5217391304347826,0.391304347826087,long,0.5217391304347826,0.013561795145381396
attack_heavy&tariff_only,24,0.0045654743747772465,0.011745220400737,0.07278156650301466,0.5833333333333334,0.4166666666666667,long,0.5833333333333334,0.013046929760615692
posts_low&has_exclamation,134,0.002046527975200304,0.0020524885895308875,0.0818404511333819,0.5373134328358209,0.4626865671641791,long,0.5373134328358209,0.012729102478880367
has_tariff&has_attack,112,0.0022416390950051115,0.0047244471905418806,0.0660876977766512,0.5267857142857143,0.45535714285714285,long,0.5267857142857143,0.0124970841035022
sig_potus&short_posts,30,0.004077587954438863,0.003947483578329858,0.03688512482298679,0.5333333333333333,0.4666666666666667,long,0.5333333333333333,0.011911396815240068
has_relief&attack_heavy,47,0.003370088554070961,0.0023895008529697392,0.05239051293746876,0.5106382978723404,0.46808510638297873,long,0.5106382978723404,0.011797870518881098
positive_heavy&open_tariff,28,0.004405560564356643,0.0033937426247633296,0.062153429933470394,0.5,0.4642857142857143,long,0.5,0.011656017639121047
has_exclamation&volume_spike,147,0.0017873649222774864,0.0012708056187233918,0.07707561324461945,0.5238095238095238,0.46938775510204084,long,0.5238095238095238,0.011351291809187015
has_tariff&has_deal,83,0.002303678403310179,0.0023895008529697392,0.05850969973570595,0.5301204819277109,0.43373493975903615,long,0.5301204819277109,0.011125908428517224
posts_high&has_russia,169,0.001553444345467025,0.0023895008529697392,0.07107111871739949,0.5207100591715976,0.46745562130177515,long,0.5207100591715976,0.010515623261622937
has_relief&has_russia,37,0.0030051287797454914,0.012318046962385587,0.05626169252925398,0.5675675675675675,0.43243243243243246,long,0.5675675675675675,0.010374842690359199
pre_tariff&lots_of_excl,60,-0.0028246774629562986,0.0012487990699544538,0.06011763699411622,0.5166666666666667,0.45,short,0.45,0.009845935895193447
has_relief&has_market_brag,21,0.004485108628860398,-0.01257141781557769,0.05760906675299488,0.47619047619047616,0.5238095238095238,long,0.47619047619047616,0.009787309424691604
has_positive&tariff_only,57,-0.002727674550150257,0.006787485249526659,0.07440384706164407,0.5087719298245614,0.47368421052631576,short,0.47368421052631576,0.009754811643285503
open_tariff&has_night_post,28,0.0034210432093559062,0.0033937426247633296,0.06135189360964156,0.5,0.4642857142857143,long,0.5,0.009051229556362004
posts_very_high&has_russia,114,-0.0016952742581104131,-0.0005728388462559186,0.06346057413538836,0.49122807017543857,0.5,short,0.5,0.009050287956249604
has_tariff&tariff_only,59,-0.0024576358643709304,0.006787485249526659,0.07338633483071265,0.5084745762711864,0.4745762711864407,short,0.4745762711864407,0.008958794229556281
tariff_only,59,-0.0024576358643709304,0.006787485249526659,0.07338633483071265,0.5084745762711864,0.4745762711864407,short,0.4745762711864407,0.008958794229556281
has_exclamation&tariff_only,59,-0.0024576358643709304,0.006787485249526659,0.07338633483071265,0.5084745762711864,0.4745762711864407,short,0.4745762711864407,0.008958794229556281
has_deal&pre_tariff,40,-0.0033107753623733056,0.0012487990699544538,0.05573250809599758,0.525,0.425,short,0.425,0.008899152321328629
has_tariff&has_all_caps,40,0.002602594745572201,0.002914232591731958,0.05324629535799063,0.525,0.45,long,0.525,0.008641633583514307
positive_heavy&pre_tariff,53,-0.002366783613266948,0.0,0.05858847043802101,0.49056603773584906,0.4716981132075472,short,0.4716981132075472,0.008127568296571597
has_china&tariff_only,23,-0.003514948964349519,0.0,0.0766976297773083,0.4782608695652174,0.4782608695652174,short,0.4782608695652174,0.008062092761160478
has_night_post&tariff_only,50,-0.002202474934966503,0.002276473362087139,0.06763916750695845,0.5,0.5,short,0.5,0.007786924809541073
has_tariff&lots_of_excl,132,0.0012665115091097389,0.0032108420697861684,0.06492637319853467,0.5227272727272727,0.44696969696969696,long,0.5227272727272727,0.007606261738762419
posts_very_high&has_tariff,59,0.001654560299629562,0.004629592292346496,0.059874923781974745,0.5423728813559322,0.4406779661016949,long,0.5423728813559322,0.006892972913948105
attack_heavy&pre_tariff,34,0.0020101946101584675,0.005070703908096719,0.053154495178296964,0.5588235294117647,0.4411764705882353,long,0.5588235294117647,0.006550165098562212
has_china&pre_tariff,39,-0.0019470614663687847,0.0,0.055156123839206914,0.46153846153846156,0.48717948717948717,short,0.48717948717948717,0.005923807801138526
has_tariff&has_iran,23,0.0022138450323262206,0.004629592292346496,0.07128122119789121,0.5217391304347826,0.4782608695652174,long,0.5217391304347826,0.005539423196744011
posts_very_high&pre_tariff,27,-0.0021852170093060153,0.0011988728911174196,0.05547343606745573,0.5185185185185185,0.48148148148148145,short,0.48148148148148145,0.0054670877237625
posts_high&has_tariff,91,0.0010416581198106666,0.004629592292346496,0.06315807179403872,0.5274725274725275,0.45054945054945056,long,0.5274725274725275,0.005241381177819768
has_deal&volume_drop,31,0.00198958902088977,-0.00445922422750189,0.05976879078340153,0.45161290322580644,0.5483870967741935,long,0.45161290322580644,0.005002770318084874
has_tariff&volume_spike,34,-0.0015223941852242073,-0.0016926663989857427,0.05985576120784902,0.4411764705882353,0.5294117647058824,short,0.5294117647058824,0.004699592078312414
pre_tariff&volume_spike,22,-0.0017839724524753324,0.0005994364455587098,0.06018449722551706,0.5,0.45454545454545453,short,0.45454545454545453,0.0038034420482641602
deal_only&volume_drop,27,-0.0011392384641100068,-0.009615389763422466,0.06091589290863393,0.4074074074074074,0.5925925925925926,short,0.5925925925925926,0.003507944714267137
deal_over_tariff&volume_drop,27,-0.0011392384641100068,-0.009615389763422466,0.06091589290863393,0.4074074074074074,0.5925925925925926,short,0.5925925925925926,0.003507944714267137
has_tariff&short_posts,41,0.0009724207155269096,0.006787485249526659,0.05847045666095046,0.5609756097560976,0.43902439024390244,long,0.5609756097560976,0.003492931829491693
posts_low&has_positive,98,-0.0006272299290897316,-0.0014134698569507331,0.07216486153496966,0.4897959183673469,0.5102040816326531,short,0.5102040816326531,0.0031679895444464753
pre_tariff&has_uppercase_phrase,25,0.001050311754047284,0.014722455950735513,0.04864725386678797,0.6,0.4,long,0.6,0.0031509352621418517
tariff_heavy,20,0.0011067165444361982,0.004023177366215713,0.05867873605111426,0.5,0.5,long,0.5,0.002474693425183006
has_tariff&tariff_heavy,20,0.0011067165444361982,0.004023177366215713,0.05867873605111426,0.5,0.5,long,0.5,0.002474693425183006
tariff_heavy&has_positive,20,0.0011067165444361982,0.004023177366215713,0.05867873605111426,0.5,0.5,long,0.5,0.002474693425183006
tariff_heavy&exclamation_heavy,20,0.0011067165444361982,0.004023177366215713,0.05867873605111426,0.5,0.5,long,0.5,0.002474693425183006
tariff_heavy&has_exclamation,20,0.0011067165444361982,0.004023177366215713,0.05867873605111426,0.5,0.5,long,0.5,0.002474693425183006
lots_of_excl&tariff_only,52,-0.0006477114226575645,0.007269696106375179,0.07359199149158102,0.5192307692307693,0.46153846153846156,short,0.46153846153846156,0.00215571391947284
has_tariff&has_night_post,127,-0.0003865098479653129,0.0011988728911174196,0.0626717537602818,0.5039370078740157,0.47244094488188976,short,0.47244094488188976,0.0020578321772727172
has_tariff,142,0.0003253858554708448,0.0032108420697861684,0.0648982567990313,0.5211267605633803,0.4507042253521127,long,0.5211267605633803,0.0020206273068176972
has_tariff&has_exclamation,142,0.0003253858554708448,0.0032108420697861684,0.0648982567990313,0.5211267605633803,0.4507042253521127,long,0.5211267605633803,0.0020206273068176972
volume_spike,168,-0.00027372838451648435,0.0012348392549204057,0.07527504762425401,0.5178571428571429,0.47023809523809523,short,0.47023809523809523,0.0016683696650689032
has_tariff&has_positive,140,0.00025519898654414335,0.0032108420697861684,0.06523809377904524,0.5214285714285715,0.45,long,0.5214285714285715,0.001574482317745374
posts_very_high&china_streak_3d,35,0.000525751525868753,-0.00480767331143328,0.07440653705727591,0.42857142857142855,0.5428571428571428,long,0.42857142857142855,0.001333023417053959
short_posts&tariff_only,20,-0.0004942343787603054,0.0022739150720335055,0.06513988104684962,0.5,0.5,short,0.5,0.0011051416677254212
has_deal&open_tariff,20,0.0005331600852589158,-0.0005728388462559186,0.06976222631774442,0.45,0.5,long,0.45,0.0010729639741756673
pre_tariff&pre_deal,31,-0.00039786960781497806,0.014722455950735513,0.05696999213934874,0.5483870967741935,0.41935483870967744,short,0.41935483870967744,0.0009289733840254869
pre_tariff&deal_over_tariff,20,0.000297523560476981,0.0017941868720435794,0.0431045477675146,0.55,0.4,long,0.55,0.0007318111967477293
posts_low&has_attack,30,0.00014713744093571476,0.004059598227745154,0.07688625695684732,0.5333333333333333,0.4666666666666667,long,0.5333333333333333,0.0004298159757550667
attack_heavy&pre_relief,24,-2.597643861536325e-05,0.009401013183870988,0.04398569539165559,0.5416666666666666,0.4583333333333333,short,0.4583333333333333,5.8326601613838374e-05
