{
  "target": "2330.TW",
  "hold": 1,
  "window": 20,
  "device": "cpu",
  "rows": {
    "usable": 2442,
    "train": 1709,
    "val": 386,
    "test": 387
  },
  "features": {
    "market": 49,
    "event_regime": 149,
    "selected_events": 58
  },
  "test": {
    "loss": 1.2625018812979925,
    "accuracy": 0.4332425068119891,
    "regime_accuracy": 0.776566757493188,
    "strategy_mean_return_no_cost": 8.064681506774081e-05,
    "strategy_total_return_no_cost": 0.023485502837704786
  },
  "classification_report": {
    "down": {
      "precision": 0.25,
      "recall": 0.010752688172043012,
      "f1-score": 0.020618556701030927,
      "support": 93.0
    },
    "flat": {
      "precision": 0.4373259052924791,
      "recall": 0.9874213836477987,
      "f1-score": 0.6061776061776062,
      "support": 159.0
    },
    "up": {
      "precision": 0.25,
      "recall": 0.008695652173913044,
      "f1-score": 0.01680672268907563,
      "support": 115.0
    },
    "accuracy": 0.4332425068119891,
    "macro avg": {
      "precision": 0.3124419684308264,
      "recall": 0.3356232413312516,
      "f1-score": 0.2145342951892376,
      "support": 367.0
    },
    "weighted avg": {
      "precision": 0.3311575447997389,
      "recall": 0.4332425068119891,
      "f1-score": 0.273113183282504,
      "support": 367.0
    }
  },
  "confusion_matrix_labels": [
    "down",
    "flat",
    "up"
  ],
  "confusion_matrix": [
    [
      1,
      91,
      1
    ],
    [
      0,
      157,
      2
    ],
    [
      3,
      111,
      1
    ]
  ]
}