epoch,train_loss,val_loss,val_acc,val_regime_acc
1,1.3129390013719042,1.2139987509107328,0.505464480874317,0.6994535519125683
2,1.192936631403709,1.2083307608880631,0.5,0.7595628415300546
