event,n,mean_ret,median_ret,std,hit_up,hit_down,direction,directional_hit,score
has_action&deal_only,70,0.006505919825089393,0.005190659405191145,0.020033483042979718,0.6285714285714286,0.37142857142857144,long,0.6285714285714286,0.034214670621923696
has_attack&short_posts,295,0.0033214002981911675,0.0027099679336444193,0.0180795501037841,0.5627118644067797,0.43728813559322033,long,0.5627118644067797,0.03210098068988011
posts_low&volume_drop,215,0.003362751363545772,0.0019230192194934492,0.020523942603308132,0.5488372093023256,0.4511627906976744,long,0.5488372093023256,0.02706185326082103
posts_high&deal_only,154,0.0038161351416952233,0.0031621176680489693,0.019959838353494026,0.5714285714285714,0.42857142857142855,long,0.5714285714285714,0.027061138112819884
silence_day&volume_drop,138,0.004108954964162149,0.0028321629165835027,0.023472345928676985,0.5434782608695652,0.45652173913043476,long,0.5434782608695652,0.026233310608774565
has_tariff&has_iran,25,-0.007521116528647891,-0.00760448729777552,0.013916646203916893,0.32,0.68,short,0.68,0.02557179619740283
posts_very_high&deal_only,95,0.004466131758716012,0.003508743690312288,0.0195699914080228,0.5789473684210527,0.42105263157894735,long,0.5789473684210527,0.025201849761014434
deal_heavy&short_posts,62,0.005290918710413724,0.0042336243554196296,0.025827103461380025,0.5967741935483871,0.4032258064516129,long,0.5967741935483871,0.024862051882298404
short_posts&deal_only,143,0.0037715114814302958,0.0034482241452427065,0.02097344447421194,0.5454545454545454,0.45454545454545453,long,0.5454545454545454,0.02460039146756951
has_attack&has_exclamation,604,0.0018270556769965102,0.0018535666639644122,0.015489193009291637,0.5397350993377483,0.4602649006622517,long,0.5397350993377483,0.024235440222595023
has_attack,604,0.0018270556769965102,0.0018535666639644122,0.015489193009291637,0.5397350993377483,0.4602649006622517,long,0.5397350993377483,0.024235440222595023
has_action&deal_over_tariff,86,0.0044425193687468575,0.0036566274793646825,0.01962636921174654,0.5813953488372093,0.4186046511627907,long,0.5813953488372093,0.023952459177098116
pre_relief&has_uppercase_phrase,20,-0.008899572213291528,-0.004434458976933009,0.019584688082061045,0.4,0.6,short,0.6,0.023880058127505738
has_attack&exclamation_heavy,588,0.001817027144368998,0.0018535666639644122,0.015578722462811842,0.5408163265306123,0.45918367346938777,long,0.5408163265306123,0.023828673805325915
volume_drop,311,0.0024076918801152415,0.0017921510745697589,0.018505246308996456,0.5466237942122186,0.4533762057877814,long,0.5466237942122186,0.023209705772662344
has_attack&has_positive,584,0.0017584849871568446,0.0018535666639644122,0.015568054680079529,0.541095890410959,0.4589041095890411,long,0.541095890410959,0.022994253980159852
attack_heavy&deal_only,113,0.003604267820645348,0.0034482241452427065,0.015131761841899903,0.5929203539823009,0.40707964601769914,long,0.5929203539823009,0.02271708669263447
posts_high&deal_over_tariff,192,0.0028842310186223477,0.0018140726032176424,0.0190407975235998,0.5520833333333334,0.4479166666666667,long,0.5520833333333334,0.022064053103838525
has_attack&has_night_post,557,0.0017197323138179034,0.0018551604540026911,0.01567409650194923,0.5421903052064632,0.4578096947935368,long,0.5421903052064632,0.022005953813323355
has_night_post&high_emotion,39,-0.005962879300018922,-0.003891058329049457,0.020203188485934283,0.41025641025641024,0.5897435897435898,short,0.5897435897435898,0.021960971634515807
short_posts&deal_over_tariff,158,0.00320843690409657,0.003003533105243039,0.02085580069191535,0.5443037974683544,0.45569620253164556,long,0.5443037974683544,0.021951460008901393
posts_high&short_posts,226,0.0025550455299605274,0.002708163286662457,0.018939152954561046,0.5575221238938053,0.4424778761061947,long,0.5575221238938053,0.021414846662516897
has_attack&lots_of_excl,559,0.001668772389806829,0.0018551604540026911,0.015667447815678047,0.5402504472271914,0.4597495527728086,long,0.5402504472271914,0.0213156286050159
positive_heavy&deal_only,198,0.002655908267178684,0.0018367196155687493,0.01891733299857467,0.5606060606060606,0.4393939393939394,long,0.5606060606060606,0.020950937170079485
has_russia&volume_drop,23,0.005908470021128892,0.0063695014463391875,0.01272539546289361,0.7391304347826086,0.2608695652173913,long,0.7391304347826086,0.020944019795301208
pre_action&deal_only,30,0.005955910817956889,0.004839484104297909,0.018697405448809223,0.6333333333333333,0.36666666666666664,long,0.6333333333333333,0.020660515801398875
has_action&has_attack,150,0.0029011711596866802,0.0027856411728539587,0.017663440253173956,0.58,0.42,long,0.58,0.02060852809336161
deal_heavy&deal_only,87,0.003883818182310826,0.0030349163677048097,0.022154130105506712,0.5632183908045977,0.4367816091954023,long,0.5632183908045977,0.020403061765803244
has_market_brag&pre_action,23,-0.006767369227339332,-0.00851581033437876,0.0201952318836974,0.391304347826087,0.6086956521739131,short,0.6086956521739131,0.019755316408051553
attack_heavy&short_posts,142,0.0028633736624188075,0.002993153820309735,0.01736785163581633,0.5774647887323944,0.4225352112676056,long,0.5774647887323944,0.019703696354584556
posts_very_high&deal_over_tariff,120,0.003201763088322491,0.0016564714591169594,0.01890557294699485,0.5583333333333333,0.44166666666666665,long,0.5583333333333333,0.019582736184421582
lots_of_excl&short_posts,355,0.001923183578103617,0.0019047717537183928,0.01810512177330574,0.5352112676056338,0.4647887323943662,long,0.5352112676056338,0.01939367736454741
has_deal&has_action,98,0.003423545172685462,0.00293415178397316,0.018971823148419522,0.5612244897959183,0.4387755102040816,long,0.5612244897959183,0.01902066577167711
has_deal&short_posts,163,0.0027626631189754153,0.0016181851577214967,0.02077176892676427,0.5337423312883436,0.4662576687116564,long,0.5337423312883436,0.018825797392284214
has_attack&volume_drop,76,0.0034785072475054407,0.004769559958374026,0.012291420554668002,0.618421052631579,0.3815789473684211,long,0.618421052631579,0.018753570884572423
attack_heavy&deal_over_tariff,142,0.0027564918386328912,0.0017988193448602585,0.015195501973484831,0.5633802816901409,0.43661971830985913,long,0.5633802816901409,0.0185055725222215
attack_heavy&volume_spike,93,0.0031232972807109967,0.003508743690312288,0.017666876093398908,0.6129032258064516,0.3870967741935484,long,0.6129032258064516,0.018460637927767122
has_attack&deal_only,193,0.002465238068886213,0.001694757760512422,0.019373461790395924,0.538860103626943,0.46113989637305697,long,0.538860103626943,0.018454978789827752
has_russia&tariff_only,23,0.00631675132469424,0.003333450631651358,0.014643339343714529,0.6086956521739131,0.391304347826087,long,0.6086956521739131,0.018439871816980185
has_action&short_posts,102,0.0029560986429396597,0.0037737396065805617,0.023310124647951683,0.6078431372549019,0.39215686274509803,long,0.6078431372549019,0.018147237610240986
posts_high&has_attack,340,0.001756250483392734,0.002503582848763175,0.016889911122467852,0.5588235294117647,0.4411764705882353,long,0.5588235294117647,0.018096750516814548
positive_heavy&deal_over_tariff,241,0.0021155355825692337,0.0016778606704579424,0.01831847810807766,0.5435684647302904,0.45643153526970953,long,0.5435684647302904,0.01785184505707315
attack_heavy&has_russia,151,0.0024796975168182465,0.001968432611006099,0.015270943878148265,0.5695364238410596,0.4304635761589404,long,0.5695364238410596,0.017354363295699653
deal_heavy&has_attack,117,0.0029248328980944365,0.001694757760512422,0.02031769046123583,0.5470085470085471,0.452991452991453,long,0.5470085470085471,0.01730565741332256
has_positive&short_posts,419,0.0015824655719751308,0.0016181851577214967,0.01835592615757706,0.5274463007159904,0.47255369928400953,long,0.5274463007159904,0.017085178971831143
deal_heavy&uppercase_phrase_heavy,20,0.005872753786336632,0.004146102270561003,0.031193348282410386,0.65,0.35,long,0.65,0.017071439685778383
deal_heavy&positive_heavy,127,0.002784375115691639,0.0016181851577214967,0.019960415502375473,0.5433070866141733,0.4566929133858268,long,0.5433070866141733,0.017048060346600023
attack_heavy&tariff_only,24,0.005494339498329208,0.0034912128846871227,0.01635561029266119,0.625,0.375,long,0.625,0.016822910305657333
has_night_post&deal_only,239,0.00196561488771807,0.0017761723325091516,0.01832355537009163,0.5481171548117155,0.45188284518828453,long,0.5481171548117155,0.016656002526600037
exclamation_heavy&short_posts,400,0.001582330509695842,0.0016103570233662046,0.0183804100618356,0.5225,0.4775,long,0.5225,0.01653535382632155
has_action&attack_heavy,106,0.0026857209064175464,0.0033741007574712434,0.01578212936929711,0.5943396226415094,0.4056603773584906,long,0.5943396226415094,0.01643419730383641
has_attack&deal_over_tariff,232,0.002027918150845073,0.0016129390300317903,0.018575638415629165,0.5301724137931034,0.4698275862068966,long,0.5301724137931034,0.016376139958915504
posts_high&has_deal,220,0.00204025472333566,0.0017354650465107868,0.018384334680490905,0.5409090909090909,0.4590909090909091,long,0.5409090909090909,0.016368919500968297
posts_very_high&pre_tariff,26,-0.005141222633855998,-0.0036172231524434495,0.014284454390518097,0.38461538461538464,0.6153846153846154,short,0.6153846153846154,0.016132427405388693
attack_heavy&has_positive,284,0.0017181416490874837,0.0022203726861187434,0.014768804099687992,0.5563380281690141,0.44366197183098594,long,0.5563380281690141,0.01610856606299613
has_positive&pre_relief,42,-0.0045370506369193245,-0.002542319877585575,0.015525066274624863,0.4523809523809524,0.5476190476190477,short,0.5476190476190477,0.016101888581158776
positive_heavy&pre_relief,42,-0.0045370506369193245,-0.002542319877585575,0.015525066274624863,0.4523809523809524,0.5476190476190477,short,0.5476190476190477,0.016101888581158776
pre_relief&has_night_post,42,-0.0045370506369193245,-0.002542319877585575,0.015525066274624863,0.4523809523809524,0.5476190476190477,short,0.5476190476190477,0.016101888581158776
pre_relief&exclamation_heavy,42,-0.0045370506369193245,-0.002542319877585575,0.015525066274624863,0.4523809523809524,0.5476190476190477,short,0.5476190476190477,0.016101888581158776
open_deal&deal_only,60,0.0035393675338894685,0.0031650851142779324,0.023202291211454992,0.5833333333333334,0.4166666666666667,long,0.5833333333333334,0.01599256343400465
posts_high&attack_heavy,238,0.001807356456790629,0.002708163286662457,0.014918568300213413,0.5714285714285714,0.42857142857142855,long,0.5714285714285714,0.015932878517057155
has_attack&attack_heavy,289,0.0016953058264152136,0.001934165629254636,0.01471077686887566,0.5501730103806228,0.44982698961937717,long,0.5501730103806228,0.015856095670589352
attack_heavy&has_exclamation,289,0.0016953058264152136,0.001934165629254636,0.01471077686887566,0.5501730103806228,0.44982698961937717,long,0.5501730103806228,0.015856095670589352
attack_heavy,289,0.0016953058264152136,0.001934165629254636,0.01471077686887566,0.5501730103806228,0.44982698961937717,long,0.5501730103806228,0.015856095670589352
attack_heavy&has_night_post,277,0.001702029461182519,0.0025608179586069646,0.01467449476409584,0.5595667870036101,0.4404332129963899,long,0.5595667870036101,0.01585108105832433
pre_relief&lots_of_excl,41,-0.004602120941430665,-0.0032154716032167796,0.015712132095304563,0.4634146341463415,0.5365853658536586,short,0.5365853658536586,0.015812071881970327
attack_heavy&exclamation_heavy,288,0.0016819551226608298,0.0018930692515903846,0.014734629146174932,0.5486111111111112,0.4513888888888889,long,0.5486111111111112,0.0156594046596515
has_attack&pre_relief,36,-0.004662650941885393,-0.002542319877585575,0.01646523057114256,0.4444444444444444,0.5555555555555556,short,0.5555555555555556,0.015542169806284645
posts_high&open_deal,60,0.00353003547330345,0.003003533105243039,0.022774461663456008,0.5666666666666667,0.43333333333333335,long,0.5666666666666667,0.01549467107957577
deal_heavy&deal_over_tariff,131,0.0025118155205399225,0.0016104112338277687,0.020089237870590162,0.5343511450381679,0.46564885496183206,long,0.5343511450381679,0.015362083869159208
has_attack&positive_heavy,455,0.001358018016798741,0.0017123031052466153,0.015857871290834234,0.5296703296703297,0.4703296703296703,long,0.5296703296703297,0.015343232851082118
pre_relief,43,-0.004343780736864289,-0.0018691681519543701,0.015391397545767465,0.46511627906976744,0.5348837209302325,short,0.5348837209302325,0.015235668100832577
has_relief&pre_relief,43,-0.004343780736864289,-0.0018691681519543701,0.015391397545767465,0.46511627906976744,0.5348837209302325,short,0.5348837209302325,0.015235668100832577
pre_relief&has_exclamation,43,-0.004343780736864289,-0.0018691681519543701,0.015391397545767465,0.46511627906976744,0.5348837209302325,short,0.5348837209302325,0.015235668100832577
posts_high&deal_heavy,108,0.002670057948743326,0.0016564714591169594,0.019802535394688233,0.5462962962962963,0.4537037037037037,long,0.5462962962962963,0.015158660308678783
posts_very_high&pre_relief,24,-0.006181562657772806,6.684767249326429e-05,0.01912540523883411,0.5,0.5,short,0.5,0.015141674324586006
has_relief&deal_only,34,0.004389429218727249,0.0017272564957614422,0.023360219530346667,0.5882352941176471,0.4117647058823529,long,0.5882352941176471,0.015055618011898225
pre_action&has_uppercase_phrase,43,-0.004259281961057789,-0.0014286262111092851,0.025440094608152147,0.46511627906976744,0.5348837209302325,short,0.5348837209302325,0.014939291423209607
deal_heavy&has_uppercase_phrase,67,0.0030422757378200985,0.0033725960220396534,0.02226586642316807,0.5970149253731343,0.40298507462686567,long,0.5970149253731343,0.014866925458725998
short_posts&tariff_only,20,0.00440499674372079,0.0034011816187659027,0.0080499773191131,0.75,0.25,long,0.75,0.014774808239437363
tariff_heavy&has_night_post,21,-0.005134437251666127,-0.0037593042866138626,0.014461457779349759,0.38095238095238093,0.6190476190476191,short,0.6190476190476191,0.0145655388398997
has_action&open_deal,30,0.004424857686697677,0.004839484104297909,0.02613297267317299,0.6,0.4,long,0.6,0.014541566212526669
short_posts,524,0.0012118088858880701,0.0016168292940517137,0.01900748096470248,0.5229007633587787,0.4770992366412214,long,0.5229007633587787,0.014505044051126707
lots_of_excl&deal_only,236,0.001748551092401542,0.001680685365777812,0.018656777219391116,0.5338983050847458,0.4661016949152542,long,0.5338983050847458,0.014341443638387462
has_positive&deal_only,246,0.0016934878699578716,0.001680685365777812,0.018305686032151137,0.5365853658536586,0.4634146341463415,long,0.5365853658536586,0.014252415272572937
has_china&deal_only,92,0.002506631158141807,0.004142956132234921,0.019902460717015402,0.5869565217391305,0.41304347826086957,long,0.5869565217391305,0.014112055634322931
deal_only&volume_spike,53,0.0031116738609375198,0.003508743690312288,0.019940416816066193,0.6226415094339622,0.37735849056603776,long,0.6226415094339622,0.014104902119971483
tariff_heavy&positive_heavy,21,-0.004970012004637319,-0.0037593042866138626,0.014579738707656349,0.38095238095238093,0.6190476190476191,short,0.6190476190476191,0.014099091943293642
has_deal&has_iran,76,-0.0027812456871333787,-0.003265465024570313,0.01621264983999866,0.42105263157894735,0.5789473684210527,short,0.5789473684210527,0.014037353448536858
posts_very_high&attack_heavy,168,0.0018897356488373485,0.002708226735970931,0.015571046542961289,0.5714285714285714,0.42857142857142855,long,0.5714285714285714,0.013996441975602729
attack_heavy&lots_of_excl,286,0.001515344736115127,0.0018519728739261332,0.014646911481363798,0.5454545454545454,0.45454545454545453,long,0.5454545454545454,0.013978257175922205
has_china&short_posts,144,0.0020134370822563266,0.0028233208979268065,0.018853642662539676,0.5763888888888888,0.4236111111111111,long,0.5763888888888888,0.013926273152272925
deal_heavy&has_positive,140,0.002142649960722203,0.0016564714591169594,0.019734583816975074,0.5428571428571428,0.45714285714285713,long,0.5428571428571428,0.013762609953306767
posts_low&has_uppercase_phrase,23,0.004379367294210806,0.005226480836237002,0.015032146040362961,0.6521739130434783,0.34782608695652173,long,0.6521739130434783,0.013697418079396248
has_deal&positive_heavy,275,0.0015301505951387563,0.0016778606704579424,0.01765889080635972,0.5381818181818182,0.4618181818181818,long,0.5381818181818182,0.013656189795063849
posts_very_high&has_attack,207,0.0017344297668639218,0.0025348529362949623,0.0172869092693565,0.5458937198067633,0.45410628019323673,long,0.5458937198067633,0.013622285847122691
short_posts&china_streak_3d,43,0.003718693545425714,0.002706358639680495,0.01763378285488823,0.5581395348837209,0.4418604651162791,long,0.5581395348837209,0.013610290780380148
has_attack&volume_spike,111,0.0021713051782331198,0.0027854542824070627,0.01839774810057714,0.5945945945945946,0.40540540540540543,long,0.5945945945945946,0.013602017029515885
has_action&lots_of_excl,173,0.001824660320623456,0.002706358639680495,0.019065330678079268,0.5606936416184971,0.4393063583815029,long,0.5606936416184971,0.01345645646283396
uppercase_phrase_heavy&deal_over_tariff,25,0.004776164374372041,0.0016181851577214967,0.030627941905428634,0.56,0.44,long,0.56,0.013373260248241715
posts_high&tariff_heavy,20,-0.004959180259303547,-0.004361889094331606,0.01499316637679685,0.4,0.6,short,0.6,0.013306877006973318
open_deal&short_posts,45,0.0035579180100758705,0.00312512012717292,0.028175657638930887,0.5555555555555556,0.4444444444444444,long,0.5555555555555556,0.013259577548167383
deal_heavy&lots_of_excl,139,0.0020826286788724097,0.0016181851577214967,0.01984473436824006,0.539568345323741,0.460431654676259,long,0.539568345323741,0.013248469425402008
high_emotion&short_posts,58,-0.003246274660289139,-0.0030989261960175374,0.02100918347266793,0.46551724137931033,0.5344827586206896,short,0.5344827586206896,0.013213959117489708
posts_very_high&open_deal,45,0.0035249047336966557,0.00312512012717292,0.023637387521943158,0.5555555555555556,0.4444444444444444,long,0.5555555555555556,0.01313654433126086
exclamation_heavy&deal_only,248,0.001575556557362283,0.0016402003940273469,0.018301281183032606,0.5282258064516129,0.4717741935483871,long,0.5282258064516129,0.013106280328705033
positive_heavy&tariff_rising,26,-0.0037112546453163487,-0.0035061339070325825,0.008835924906218451,0.3076923076923077,0.6923076923076923,short,0.6923076923076923,0.013101064515955337
has_night_post&deal_over_tariff,279,0.0014664924827526165,0.0016104112338277687,0.017824913408177413,0.5340501792114696,0.4659498207885305,long,0.5340501792114696,0.013081694655810676
has_deal&attack_heavy,161,0.001882500282154578,0.001694757760512422,0.014969089786557935,0.546583850931677,0.453416149068323,long,0.546583850931677,0.013055838946603782
positive_heavy&pre_action,67,-0.0030392097333886204,-0.0014286262111092851,0.021917298896515298,0.47761194029850745,0.5223880597014925,short,0.5223880597014925,0.01299544975436268
has_russia&volume_spike,81,0.0023856551397922125,0.003333450631651358,0.017934726560989146,0.6049382716049383,0.3950617283950617,long,0.6049382716049383,0.012988566872202047
has_night_post&tariff_rising,25,-0.0037910966826096137,-0.0035460462757336275,0.00900855065019444,0.32,0.68,short,0.68,0.01288972872087269
has_deal&has_attack,262,0.0014921082737662475,0.0016480229140897196,0.017984628096039863,0.5305343511450382,0.46946564885496184,long,0.5305343511450382,0.012813403224018612
deal_heavy&pre_tariff,26,-0.004351090040892578,-0.0026769522196332662,0.014936181996671738,0.4230769230769231,0.5769230769230769,short,0.5769230769230769,0.01279978443687143
posts_very_high&short_posts,155,0.001897080386445769,0.0025608179586069646,0.01913154555405587,0.5419354838709678,0.45806451612903226,long,0.5419354838709678,0.012799681732950537
has_deal&deal_only,259,0.0014914639527098348,0.0016778606704579424,0.017987184714425744,0.5328185328185329,0.4671814671814672,long,0.5328185328185329,0.012789158380664585
deal_over_tariff&deal_only,259,0.0014914639527098348,0.0016778606704579424,0.017987184714425744,0.5328185328185329,0.4671814671814672,long,0.5328185328185329,0.012789158380664585
deal_only,259,0.0014914639527098348,0.0016778606704579424,0.017987184714425744,0.5328185328185329,0.4671814671814672,long,0.5328185328185329,0.012789158380664585
posts_high&pre_relief,33,-0.0045865841474330565,0.0013850408670330605,0.01675859468681636,0.5151515151515151,0.48484848484848486,short,0.48484848484848486,0.012774749075659349
tariff_heavy,22,-0.004600036921823606,-0.003668629393252132,0.014333801039882797,0.4090909090909091,0.5909090909090909,short,0.5909090909090909,0.01274950517093565
tariff_heavy&exclamation_heavy,22,-0.004600036921823606,-0.003668629393252132,0.014333801039882797,0.4090909090909091,0.5909090909090909,short,0.5909090909090909,0.01274950517093565
tariff_heavy&has_exclamation,22,-0.004600036921823606,-0.003668629393252132,0.014333801039882797,0.4090909090909091,0.5909090909090909,short,0.5909090909090909,0.01274950517093565
has_tariff&tariff_heavy,22,-0.004600036921823606,-0.003668629393252132,0.014333801039882797,0.4090909090909091,0.5909090909090909,short,0.5909090909090909,0.01274950517093565
tariff_heavy&lots_of_excl,22,-0.004600036921823606,-0.003668629393252132,0.014333801039882797,0.4090909090909091,0.5909090909090909,short,0.5909090909090909,0.01274950517093565
tariff_heavy&has_positive,22,-0.004600036921823606,-0.003668629393252132,0.014333801039882797,0.4090909090909091,0.5909090909090909,short,0.5909090909090909,0.01274950517093565
posts_high&lots_of_excl,388,0.0012058776813718768,0.0018140726032176424,0.016710612221012,0.5360824742268041,0.4639175257731959,long,0.5360824742268041,0.012733586105772014
has_attack&tariff_only,44,0.0032476706846250518,0.0027674584052765905,0.013672695015492207,0.5909090909090909,0.4090909090909091,long,0.5909090909090909,0.012729724213272111
lots_of_excl&deal_over_tariff,280,0.001442191818344471,0.0016051165099694176,0.018130043716599473,0.525,0.475,long,0.525,0.012669554572534774
positive_heavy&open_deal,71,0.002736635379585183,0.001694757760512422,0.021728148291963213,0.5492957746478874,0.4507042253521127,long,0.5492957746478874,0.01266637582725867
has_positive&deal_over_tariff,290,0.001406047128756291,0.0016051165099694176,0.017842178543414803,0.5275862068965518,0.4724137931034483,long,0.5275862068965518,0.012632587345023203
posts_very_high&has_action,102,0.0021496183711202242,0.0027856411728539587,0.0191469232681309,0.5784313725490197,0.4215686274509804,long,0.5784313725490197,0.012557792156163044
has_exclamation&short_posts,469,0.0011130770817619198,0.0016025288890109124,0.018730795217013044,0.5181236673773987,0.48187633262260127,long,0.5181236673773987,0.012489501168429739
has_attack&has_china,227,0.0014473669292527338,0.0028611875134465503,0.01719908989230229,0.5726872246696035,0.42731277533039647,long,0.5726872246696035,0.01248846522799079
posts_very_high&has_deal,136,0.0020201726165138445,0.0015825083978634469,0.018495031620378095,0.5294117647058824,0.47058823529411764,long,0.5294117647058824,0.01247244283712752
posts_very_high&lots_of_excl,224,0.0015548870772967942,0.002083535260871905,0.017060862367556592,0.5357142857142857,0.4642857142857143,long,0.5357142857142857,0.012466831539357631
has_exclamation&deal_only,257,0.0014690745130004504,0.0016778606704579424,0.018053805229652074,0.5291828793774319,0.4708171206225681,long,0.5291828793774319,0.012462815648310544
posts_high&has_positive,389,0.0011742060591812126,0.0017761723325091516,0.016684251065015306,0.5347043701799485,0.4652956298200514,long,0.5347043701799485,0.012383198978541295
posts_high&has_action,136,0.0018994868021972996,0.0026206057879877287,0.01897800961546589,0.5514705882352942,0.4485294117647059,long,0.5514705882352942,0.012215973715263955
attack_heavy&positive_heavy,253,0.0014067061416484941,0.0018519728739261332,0.014723235929137442,0.5454545454545454,0.45454545454545453,long,0.5454545454545454,0.012204562320899505
deal_heavy&exclamation_heavy,143,0.0019102026825311182,0.0016104112338277687,0.019640074076808685,0.5314685314685315,0.46853146853146854,long,0.5314685314685315,0.012140177153781769
posts_high&tariff_only,28,0.003979671173536814,0.0030835498878021284,0.014236056140442587,0.5714285714285714,0.42857142857142855,long,0.5714285714285714,0.01203339454284684
has_attack&has_all_caps,147,0.001693988793895875,0.00312512012717292,0.017002905262449422,0.5782312925170068,0.4217687074829932,long,0.5782312925170068,0.011876016474799913
has_china&tariff_only,22,0.0042617749187362445,0.0031788192444103247,0.012459454784823415,0.5909090909090909,0.4090909090909091,long,0.5909090909090909,0.011811975053072231
deal_heavy,145,0.0018446954750039918,0.0016104112338277687,0.019519109968274558,0.5310344827586206,0.4689655172413793,long,0.5310344827586206,0.011795908809741153
deal_heavy&has_exclamation,145,0.0018446954750039918,0.0016104112338277687,0.019519109968274558,0.5310344827586206,0.4689655172413793,long,0.5310344827586206,0.011795908809741153
has_deal&deal_heavy,145,0.0018446954750039918,0.0016104112338277687,0.019519109968274558,0.5310344827586206,0.4689655172413793,long,0.5310344827586206,0.011795908809741153
has_russia&open_deal,34,-0.003600211865011298,-0.003539781269640385,0.020850582054054836,0.4411764705882353,0.5588235294117647,short,0.5588235294117647,0.011731193580191502
has_iran&deal_over_tariff,68,-0.0024690274131786427,-0.0032208158672775156,0.016750828596581873,0.4264705882352941,0.5735294117647058,short,0.5735294117647058,0.011677128584298885
exclamation_heavy&deal_over_tariff,292,0.0013078550601216923,0.0015936457880884047,0.017840027710763356,0.5205479452054794,0.4794520547945205,long,0.5205479452054794,0.011633537101820943
has_positive&volume_spike,131,0.0017018982745127017,0.0027854542824070627,0.02001160927688206,0.5954198473282443,0.40458015267175573,long,0.5954198473282443,0.011598252326436114
has_positive&has_russia,270,0.0012410268760279476,0.0019512991201303675,0.015401742389329207,0.5666666666666667,0.43333333333333335,long,0.5666666666666667,0.01155555304600146
has_night_post&short_posts,433,0.0010358200657517697,0.0018017021172065384,0.019607434096669794,0.5311778290993071,0.46882217090069284,long,0.5311778290993071,0.011449017196712782
deal_over_tariff,303,0.0012456924590149676,0.0016025401175967513,0.01758131220034762,0.5247524752475248,0.4752475247524752,long,0.5247524752475248,0.01137854274828037
has_deal&deal_over_tariff,303,0.0012456924590149676,0.0016025401175967513,0.01758131220034762,0.5247524752475248,0.4752475247524752,long,0.5247524752475248,0.01137854274828037
has_russia,277,0.0012128641523036906,0.001934165629254636,0.015443185771444152,0.5631768953068592,0.4368231046931408,long,0.5631768953068592,0.011368335291564025
has_russia&has_exclamation,277,0.0012128641523036906,0.001934165629254636,0.015443185771444152,0.5631768953068592,0.4368231046931408,long,0.5631768953068592,0.011368335291564025
posts_high&exclamation_heavy,391,0.0010802615620365882,0.0017123031052466153,0.016715054001526237,0.5319693094629157,0.4680306905370844,long,0.5319693094629157,0.011363284483734458
posts_high&has_exclamation,391,0.0010802615620365882,0.0017123031052466153,0.016715054001526237,0.5319693094629157,0.4680306905370844,long,0.5319693094629157,0.011363284483734458
posts_high,391,0.0010802615620365882,0.0017123031052466153,0.016715054001526237,0.5319693094629157,0.4680306905370844,long,0.5319693094629157,0.011363284483734458
exclamation_heavy&volume_spike,125,0.0017146114809806355,0.0027854542824070627,0.02013148604479728,0.592,0.408,long,0.592,0.011348603966363894
has_deal&pre_tariff,42,-0.003192128880005209,-0.0017793383675114849,0.013528686489816347,0.4523809523809524,0.5476190476190477,short,0.5476190476190477,0.01132879213299752
has_action&has_russia,80,0.0021543565319422824,0.003319681446904532,0.017041152965479398,0.5875,0.4125,long,0.5875,0.011320625985005056
has_action&exclamation_heavy,179,0.001526689042587588,0.0025348529362949623,0.01899744702471759,0.553072625698324,0.44692737430167595,long,0.553072625698324,0.011296899564883198
deal_heavy&has_action,52,0.0029063715759944588,0.0016051165099694176,0.0222093023367575,0.5384615384615384,0.46153846153846156,long,0.5384615384615384,0.011285154184552882
posts_high&posts_very_high,226,0.0014130840777052023,0.0016564714591169594,0.017063675027056285,0.5309734513274337,0.4690265486725664,long,0.5309734513274337,0.01127963455630197
posts_very_high&has_exclamation,226,0.0014130840777052023,0.0016564714591169594,0.017063675027056285,0.5309734513274337,0.4690265486725664,long,0.5309734513274337,0.01127963455630197
posts_very_high&exclamation_heavy,226,0.0014130840777052023,0.0016564714591169594,0.017063675027056285,0.5309734513274337,0.4690265486725664,long,0.5309734513274337,0.01127963455630197
posts_very_high,226,0.0014130840777052023,0.0016564714591169594,0.017063675027056285,0.5309734513274337,0.4690265486725664,long,0.5309734513274337,0.01127963455630197
posts_very_high&has_positive,226,0.0014130840777052023,0.0016564714591169594,0.017063675027056285,0.5309734513274337,0.4690265486725664,long,0.5309734513274337,0.01127963455630197
positive_heavy&pre_tariff,54,-0.002671614542798776,-0.002630795183652057,0.013987383987304418,0.42592592592592593,0.5740740740740741,short,0.5740740740740741,0.01127038138871862
has_attack&has_russia,245,0.001293555741514673,0.0018551604540026911,0.015637108160893358,0.5551020408163265,0.4448979591836735,long,0.5551020408163265,0.011239345303337886
has_russia&exclamation_heavy,273,0.0012041312683479053,0.001934165629254636,0.015378480317437418,0.5641025641025641,0.4358974358974359,long,0.5641025641025641,0.011223110306893998
posts_very_high&has_night_post,224,0.0014107971406615483,0.0016564714591169594,0.017132016819573194,0.53125,0.46875,long,0.53125,0.011217279028016156
has_all_caps&deal_only,64,0.0024894222832933972,0.0025424438520977866,0.020762407378818515,0.5625,0.4375,long,0.5625,0.011202400274820288
has_china&deal_over_tariff,124,0.0017798222926218219,0.0024450384108537504,0.019138753973266774,0.5645161290322581,0.43548387096774194,long,0.5645161290322581,0.011188293214711525
has_china&open_deal,42,0.0026637243773680965,0.005012282179147953,0.021364062347098423,0.6428571428571429,0.35714285714285715,long,0.6428571428571429,0.01109758305969679
has_exclamation&deal_over_tariff,301,0.0012249428610325705,0.0016025401175967513,0.01763647856476659,0.521594684385382,0.47840531561461797,long,0.521594684385382,0.011084911639149826
has_russia&lots_of_excl,256,0.00121986863723631,0.0019963252697869915,0.015455316971636554,0.5625,0.4375,long,0.5625,0.01097881773512679
has_positive&has_china,282,0.0011625122345276476,0.0019963252697869915,0.016187803996357397,0.5531914893617021,0.44680851063829785,long,0.5531914893617021,0.01079934899993212
has_positive&lots_of_excl,703,0.0007792542374783624,0.0016778606704579424,0.016026835566370887,0.5220483641536273,0.4779516358463727,long,0.5220483641536273,0.0107861777847091
has_china&china_streak_3d,45,-0.0028419625400721675,-0.0014286262111092851,0.016099500865882264,0.4444444444444444,0.5555555555555556,short,0.5555555555555556,0.010591369048515563
exclamation_heavy&lots_of_excl,722,0.0007617518938205963,0.0016051165099694176,0.015587199133580134,0.5166204986149584,0.48337950138504154,long,0.5166204986149584,0.010574352304154471
pre_action&has_night_post,83,-0.002237955604579015,-0.0014286262111092851,0.021077579383849087,0.4819277108433735,0.5180722891566265,short,0.5180722891566265,0.010562844255535013
pre_action&has_exclamation,83,-0.002237955604579015,-0.0014286262111092851,0.021077579383849087,0.4819277108433735,0.5180722891566265,short,0.5180722891566265,0.010562844255535013
open_deal&deal_over_tariff,76,0.0021823859473569154,0.0017354650465107868,0.022445312806253306,0.5526315789473685,0.4473684210526316,long,0.5526315789473685,0.010514147147735449
pre_tariff&volume_spike,22,-0.0037895367342202727,-0.0036172231524434495,0.015715025953964193,0.4090909090909091,0.5909090909090909,short,0.5909090909090909,0.010503115303091615
has_iran&pre_deal,41,-0.0029219331118048946,-0.0032467912195509596,0.014735285768457004,0.43902439024390244,0.5609756097560976,short,0.5609756097560976,0.010495573579321382
lots_of_excl&volume_spike,123,0.001593247486458693,0.0027854542824070627,0.02008958917128879,0.5934959349593496,0.4065040650406504,long,0.5934959349593496,0.010487055017065107
short_posts&volume_drop,92,0.0020115339645112415,0.0017934438804572128,0.014160515214115679,0.5434782608695652,0.45652173913043476,long,0.5434782608695652,0.010485845649149153
has_russia&uppercase_phrase_heavy,24,-0.003417050658667533,-0.003539781269640385,0.02287012260253901,0.375,0.625,short,0.625,0.010462538173720781
has_action&has_positive,181,0.001402548645782051,0.0024723127612313878,0.01892903054994761,0.5524861878453039,0.44751381215469616,long,0.5524861878453039,0.01042506198236689
posts_high&has_night_post,383,0.001002639070677356,0.001694757760512422,0.01681152532249445,0.5300261096605744,0.4699738903394256,long,0.5300261096605744,0.010400190038327366
has_action&has_night_post,181,0.0013931390018278365,0.0024723127612313878,0.019016635785287075,0.5524861878453039,0.44751381215469616,long,0.5524861878453039,0.010355120649672513
posts_very_high&has_all_caps,102,0.0017415497560658484,0.002993153820309735,0.0194894286780655,0.5882352941176471,0.4117647058823529,long,0.5882352941176471,0.010346347271641358
pre_deal&short_posts,68,0.0021794289564769052,0.00333244515423603,0.01753180255922741,0.5735294117647058,0.4264705882352941,long,0.5735294117647058,0.010307488701537477
deal_heavy&attack_heavy,80,0.002048314044328704,0.0016564714591169594,0.016754947088832243,0.5625,0.4375,long,0.5625,0.010305381245369625
has_uppercase_phrase&china_streak_3d,33,-0.0032870275495243146,-0.0012531808517389775,0.0157947283612085,0.45454545454545453,0.5454545454545454,short,0.5454545454545454,0.010299564915893894
has_iran&volume_spike,38,0.0027500341665610377,0.004056063229752271,0.02005069153229633,0.6052631578947368,0.39473684210526316,long,0.6052631578947368,0.010260632365126723
has_action&has_market_brag,42,-0.0030172646185257818,-0.0011478361279926297,0.017621552213964317,0.47619047619047616,0.5238095238095238,short,0.5238095238095238,0.010242628843933673
volume_spike,163,0.001346440325697031,0.003333450631651358,0.022090905477973995,0.5950920245398773,0.4049079754601227,long,0.5950920245398773,0.010229750517257667
has_attack&has_uppercase_phrase,219,0.0012476560091245683,0.0026211636240907055,0.018140235373900426,0.5525114155251142,0.4474885844748858,long,0.5525114155251142,0.010201362389077432
has_china&lots_of_excl,270,0.0011149294047912762,0.002248265344899636,0.016430344274548276,0.5555555555555556,0.4444444444444444,long,0.5555555555555556,0.010177866417166507
lots_of_excl&tariff_rising,28,-0.002957396522331227,-0.0033382659741438836,0.008942057410477391,0.35714285714285715,0.6428571428571429,short,0.6428571428571429,0.010060117362380192
exclamation_heavy&tariff_rising,28,-0.002957396522331227,-0.0033382659741438836,0.008942057410477391,0.35714285714285715,0.6428571428571429,short,0.6428571428571429,0.010060117362380192
tariff_rising,28,-0.002957396522331227,-0.0033382659741438836,0.008942057410477391,0.35714285714285715,0.6428571428571429,short,0.6428571428571429,0.010060117362380192
has_exclamation&tariff_rising,28,-0.002957396522331227,-0.0033382659741438836,0.008942057410477391,0.35714285714285715,0.6428571428571429,short,0.6428571428571429,0.010060117362380192
has_tariff&tariff_rising,28,-0.002957396522331227,-0.0033382659741438836,0.008942057410477391,0.35714285714285715,0.6428571428571429,short,0.6428571428571429,0.010060117362380192
has_positive&tariff_rising,28,-0.002957396522331227,-0.0033382659741438836,0.008942057410477391,0.35714285714285715,0.6428571428571429,short,0.6428571428571429,0.010060117362380192
has_positive&has_night_post,748,0.0006952002457059918,0.0016764713294580291,0.01593347895269963,0.5280748663101604,0.47192513368983957,long,0.5280748663101604,0.010040520186391151
pre_action,84,-0.0021338417845256008,-0.0011457130146056427,0.020971940870415748,0.4880952380952381,0.5119047619047619,short,0.5119047619047619,0.010011312724806504
has_action&pre_action,84,-0.0021338417845256008,-0.0011457130146056427,0.020971940870415748,0.4880952380952381,0.5119047619047619,short,0.5119047619047619,0.010011312724806504
pre_deal&sig_potus,21,-0.004148555597643695,-0.0015478818587040255,0.01408507745167273,0.47619047619047616,0.5238095238095238,short,0.5238095238095238,0.009958179550489759
has_deal&has_positive,330,0.0010311185069595248,0.0016142981957746327,0.017177520386905676,0.5303030303030303,0.4696969696969697,long,0.5303030303030303,0.009933210994994262
has_deal&lots_of_excl,320,0.0010510285909180333,0.0016142981957746327,0.017418793822672824,0.528125,0.471875,long,0.528125,0.009929474061861582
pre_action&deal_over_tariff,40,0.0028526637319307878,0.0017499842065782367,0.019192385241149076,0.55,0.45,long,0.55,0.009923006270603017
posts_low&silence_day,216,0.0013659639611179864,-0.0017211703958691649,0.023549699890904333,0.4930232558139535,0.5069767441860465,long,0.4930232558139535,0.00989768258923587
silence_day,216,0.0013659639611179864,-0.0017211703958691649,0.023549699890904333,0.4930232558139535,0.5069767441860465,long,0.4930232558139535,0.00989768258923587
has_russia&has_night_post,260,0.0010965792379982358,0.0018946630416286636,0.015469088524090839,0.5576923076923077,0.4423076923076923,long,0.5576923076923077,0.009861008818733204
has_china&exclamation_heavy,283,0.0010631168507695193,0.001968432611006099,0.016198129689923565,0.5512367491166078,0.44876325088339225,long,0.5512367491166078,0.00985853499761284
has_attack&open_deal,71,0.0021808214429867323,0.0017761723325091516,0.02302024251980003,0.5352112676056338,0.4647887323943662,long,0.5352112676056338,0.009835003775663523
posts_very_high&deal_heavy,76,0.0020387753259647977,0.0016129390300317903,0.020614775006509652,0.5526315789473685,0.4473684210526316,long,0.5526315789473685,0.009822269889671565
has_deal&has_night_post,317,0.0010330754816817746,0.0016181851577214967,0.01718681127477701,0.5331230283911672,0.4668769716088328,long,0.5331230283911672,0.009805937659369832
posts_low,402,0.0009415027324810039,0.0017331022530329143,0.02170339961260363,0.5187032418952618,0.48129675810473815,long,0.5187032418952618,0.009791597971338672
positive_heavy&short_posts,276,0.0011287916692706943,0.0015860593973794357,0.019590520564287454,0.5217391304347826,0.4782608695652174,long,0.5217391304347826,0.009784119460410863
has_action,186,0.001294106108849046,0.002503582848763175,0.018857375172165493,0.553763440860215,0.44623655913978494,long,0.553763440860215,0.00977351176080243
has_positive&exclamation_heavy,767,0.0006811267233588369,0.0016104112338277687,0.01579204013239143,0.5176010430247718,0.48239895697522817,long,0.5176010430247718,0.009763842034951273
posts_high&volume_spike,114,0.00154215129292901,0.0025911403474379036,0.017329582300991374,0.5877192982456141,0.41228070175438597,long,0.5877192982456141,0.009677192035806827
deal_heavy&open_deal,50,0.0027260730051342484,-0.00021567524124566084,0.025557389692616332,0.5,0.5,long,0.5,0.009638123539700085
deal_heavy&has_iran,43,-0.002631387140366099,-0.003533516263547143,0.018477990651596714,0.4418604651162791,0.5581395348837209,short,0.5581395348837209,0.009630786645538346
has_china&sig_potus,27,-0.0035742755317443495,-0.0014286262111092851,0.014153433646504707,0.48148148148148145,0.5185185185185185,short,0.5185185185185185,0.009630175055248966
has_china&tariff_rising,21,-0.0033942978109492215,-0.0034662215383315376,0.009238376124998981,0.38095238095238093,0.6190476190476191,short,0.6190476190476191,0.009629054592793822
has_tariff&pre_deal,55,-0.0023796966379677803,-0.0017152037129847253,0.01404521319030464,0.45454545454545453,0.5454545454545454,short,0.5454545454545454,0.009626346876132702
posts_very_high&positive_heavy,216,0.0012494359291608135,0.0016051165099694176,0.01700802955293748,0.5231481481481481,0.47685185185185186,long,0.5231481481481481,0.009606508213335906
deal_over_tariff&volume_spike,69,0.002029036800825074,0.001694757760512422,0.019910812644347933,0.5652173913043478,0.43478260869565216,long,0.5652173913043478,0.00952642572218011
has_action&has_exclamation,185,0.0012659250322487284,0.0024723127612313878,0.018904620898964716,0.5513513513513514,0.4486486486486487,long,0.5513513513513514,0.009493411260675171
has_exclamation&exclamation_heavy,797,0.0006494080764131322,0.0016025401175967513,0.01570885034098518,0.5144291091593476,0.48557089084065247,long,0.5144291091593476,0.009431317849689555
exclamation_heavy,797,0.0006494080764131322,0.0016025401175967513,0.01570885034098518,0.5144291091593476,0.48557089084065247,long,0.5144291091593476,0.009431317849689555
has_positive,837,0.0006243663863625997,0.0016181851577214967,0.015937113458333565,0.5209080047789725,0.47909199522102747,long,0.5209080047789725,0.009409429105251147
has_night_post&lots_of_excl,673,0.00069835033102062,0.0016076929023420838,0.015709351685394404,0.5185735512630015,0.4814264487369985,long,0.5185735512630015,0.009394880019927445
has_action&has_uppercase_phrase,97,0.0016181267697081526,0.0034422892527847804,0.021752204944409447,0.5876288659793815,0.41237113402061853,long,0.5876288659793815,0.009364865218842373
has_positive&pre_action,81,-0.0019889456863286105,-0.0014286262111092851,0.02103269827933906,0.48148148148148145,0.5185185185185185,short,0.5185185185185185,0.009281746536200182
has_deal&has_all_caps,90,0.0017156590405871907,0.0031472799722186418,0.01943487124346022,0.5666666666666667,0.43333333333333335,long,0.5666666666666667,0.00922316343607514
has_positive&has_exclamation,829,0.0006151959305186076,0.0016181851577214967,0.01594148993909907,0.5199034981905911,0.48009650180940894,long,0.5199034981905911,0.009209020905306104
has_market_brag&volume_drop,23,0.0031152975483764818,0.004792355820976368,0.013247305629741933,0.6086956521739131,0.391304347826087,long,0.6086956521739131,0.009094182200784291
has_deal&exclamation_heavy,332,0.0009470154141953402,0.0016090520680849263,0.017177825289610288,0.5240963855421686,0.4759036144578313,long,0.5240963855421686,0.009043514814004401
has_action&has_all_caps,56,0.0019834434398138235,0.003929360000445858,0.022322339547397013,0.6071428571428571,0.39285714285714285,long,0.6071428571428571,0.009011658468790788
has_china&has_night_post,272,0.0009806670044743462,0.001936602182362246,0.01615289174753563,0.5514705882352942,0.4485294117647059,long,0.5514705882352942,0.008919250683101022
high_emotion,68,-0.0020993657607147756,-0.0018659917406785853,0.020188147723616108,0.4852941176470588,0.5147058823529411,short,0.5147058823529411,0.008910492271709607
has_positive&open_deal,79,0.0018374090045779107,0.001694757760512422,0.022265628430294022,0.5443037974683544,0.45569620253164556,long,0.5443037974683544,0.008889160552443489
has_exclamation&lots_of_excl,723,0.0006388514621439383,0.0016025401175967513,0.015923091132173744,0.5159059474412172,0.48409405255878285,long,0.5159059474412172,0.008862159788193642
lots_of_excl,723,0.0006388514621439383,0.0016025401175967513,0.015923091132173744,0.5159059474412172,0.48409405255878285,long,0.5159059474412172,0.008862159788193642
has_deal,343,0.0009036742129412651,0.0016104112338277687,0.016961641258822678,0.5276967930029155,0.47230320699708456,long,0.5276967930029155,0.008831681618230515
pre_action&exclamation_heavy,79,-0.0019141455699853086,-0.0014286262111092851,0.021295185275623175,0.4810126582278481,0.5189873417721519,short,0.5189873417721519,0.008829686287746637
has_iran&has_all_caps,25,-0.003996062402173459,0.0025608179586069646,0.01731022697966256,0.56,0.44,short,0.44,0.008791337284781611
has_uppercase_phrase&short_posts,160,0.001248557235023704,0.002751841760755047,0.021520555373603062,0.55625,0.44375,long,0.55625,0.00878493335015946
deal_heavy&has_relief,31,0.0027103919698277003,0.0016076929023420838,0.02317727864222282,0.5806451612903226,0.41935483870967744,long,0.5806451612903226,0.00876241383033329
has_all_caps&deal_over_tariff,82,0.0017584511519637056,0.0016508476094095892,0.020095970572031392,0.5487804878048781,0.45121951219512196,long,0.5487804878048781,0.008738479990774076
open_deal,81,0.0017862733522425844,0.001694757760512422,0.022024559119547534,0.5432098765432098,0.4567901234567901,long,0.5432098765432098,0.00873289194429708
has_deal&open_deal,81,0.0017862733522425844,0.001694757760512422,0.022024559119547534,0.5432098765432098,0.4567901234567901,long,0.5432098765432098,0.00873289194429708
open_deal&has_exclamation,81,0.0017862733522425844,0.001694757760512422,0.022024559119547534,0.5432098765432098,0.4567901234567901,long,0.5432098765432098,0.00873289194429708
has_china,289,0.0009343471658820232,0.0018901832947837427,0.016120853745538986,0.5432525951557093,0.45674740484429066,long,0.5432525951557093,0.00862897088491045
has_china&has_exclamation,289,0.0009343471658820232,0.0018901832947837427,0.016120853745538986,0.5432525951557093,0.45674740484429066,long,0.5432525951557093,0.00862897088491045
has_deal&has_exclamation,341,0.0008833526132789516,0.0016104112338277687,0.01700800819352464,0.5249266862170088,0.4750733137829912,long,0.5249266862170088,0.008562684447278696
has_relief&has_china,35,-0.003163206810944162,0.0015624766781301425,0.020215223895600785,0.5428571428571428,0.45714285714285713,short,0.45714285714285713,0.00855487262353818
has_deal&uppercase_phrase_heavy,28,0.0029840101518425594,0.0015142629450405343,0.029571955444186827,0.5357142857142857,0.4642857142857143,long,0.5357142857142857,0.008458873683715179
has_tariff&open_deal,21,-0.0032225671667485134,-0.003577954499890401,0.01779438832863487,0.42857142857142855,0.5714285714285714,short,0.5714285714285714,0.00843866169925968
open_deal&lots_of_excl,78,0.0017738988012613722,0.0016525844971700954,0.022402540910760754,0.5384615384615384,0.46153846153846156,long,0.5384615384615384,0.008435888468972497
uppercase_phrase_heavy&short_posts,31,0.0025828892552738954,0.0026211636240907055,0.030340786322961975,0.5806451612903226,0.41935483870967744,long,0.5806451612903226,0.008350210886313235
deal_over_tariff&volume_drop,29,-0.002956803994126758,-0.0016392322510481172,0.013386388410401568,0.4827586206896552,0.5172413793103449,short,0.5172413793103449,0.00823597076418939
posts_high&positive_heavy,361,0.0008171064017367627,0.0016076929023420838,0.016661421721550034,0.5235457063711911,0.47645429362880887,long,0.5235457063711911,0.00812805841727622
attack_heavy&pre_relief,25,-0.003657218682363683,0.0016025401175967513,0.017378481386430767,0.56,0.44,short,0.44,0.008045881101200103
brag_heavy&has_china,20,-0.003969578418372322,0.0023437984026515313,0.01651344261739666,0.55,0.45,short,0.45,0.00798862246694695
positive_heavy&sig_potus,52,-0.0020491751082103568,-0.0015842843927129646,0.011861392437762443,0.46153846153846156,0.5384615384615384,short,0.5384615384615384,0.00795674484236898
pre_tariff&lots_of_excl,61,-0.0018809027215496283,-0.0017825044025138181,0.015057003532838245,0.45901639344262296,0.5409836065573771,short,0.5409836065573771,0.007947222225508732
has_uppercase_phrase&deal_over_tariff,120,0.0013801142881294554,0.0015903309179258196,0.021432690330460087,0.525,0.475,long,0.525,0.007937157139208714
exclamation_heavy&tariff_only,52,0.002031329148369928,0.0017009517576195288,0.01306200578319029,0.5384615384615384,0.46153846153846156,long,0.5384615384615384,0.007887450740391785
has_deal&tariff_rising,22,-0.0028430638069235526,-0.001780918568297818,0.009759111855752128,0.4090909090909091,0.5909090909090909,short,0.5909090909090909,0.007879862123650536
attack_heavy&has_uppercase_phrase,149,0.0011338962528858211,0.0028611875134465503,0.016061461203185967,0.5637583892617449,0.436241610738255,long,0.5637583892617449,0.007802961641336355
pre_tariff&pre_deal,32,-0.002752192127274223,-4.850927763161428e-05,0.014889720717434583,0.5,0.5,short,0.5,0.007784374865295331
open_deal&exclamation_heavy,79,0.0016468310147086118,0.0016104112338277687,0.022287106380950217,0.5316455696202531,0.46835443037974683,long,0.5316455696202531,0.00778188452797722
pre_action&lots_of_excl,74,-0.0017592023760434848,-0.0011457130146056427,0.021684525639265893,0.4864864864864865,0.5135135135135135,short,0.5135135135135135,0.0077711186469277185
high_emotion&volume_spike,22,-0.0033009072038462524,-7.409944474812136e-05,0.025829793182860404,0.5,0.5,short,0.5,0.007741313585317576
has_china&has_iran,45,-0.0021602904989346965,-0.002531515432214748,0.01646046969827842,0.4666666666666667,0.5333333333333333,short,0.5333333333333333,0.00772889025082387
has_deal&sig_potus,26,-0.002809156958905524,-0.0016947865367774595,0.015264944572435536,0.46153846153846156,0.5384615384615384,short,0.5384615384615384,0.007712894080879201
has_night_post&exclamation_heavy,732,0.0005523292739484056,0.0016025345033038318,0.01592184010012179,0.5150273224043715,0.4849726775956284,long,0.5150273224043715,0.007696333377416545
has_night_post&tariff_only,51,0.0020300342857020445,0.0016777914426175933,0.013252840894195242,0.5294117647058824,0.47058823529411764,long,0.5294117647058824,0.0076750647664390196
pre_tariff&exclamation_heavy,62,-0.0018235044285791892,-0.0017793383675114849,0.014939913184979428,0.46774193548387094,0.532258064516129,short,0.532258064516129,0.007642314702493905
has_positive&pre_tariff,62,-0.0018235044285791892,-0.0017793383675114849,0.014939913184979428,0.46774193548387094,0.532258064516129,short,0.532258064516129,0.007642314702493905
positive_heavy&volume_spike,119,0.0011866502555133375,0.0027099679336444193,0.020109074455667134,0.5882352941176471,0.4117647058823529,long,0.5882352941176471,0.007614603540090536
pre_tariff&has_night_post,60,-0.0018381188837594208,-0.0017889366157431974,0.015265300247415133,0.4666666666666667,0.5333333333333333,short,0.5333333333333333,0.007593604080159577
has_deal&has_uppercase_phrase,137,0.0012170751667026328,0.0016778606704579424,0.020428544379791663,0.5328467153284672,0.46715328467153283,long,0.5328467153284672,0.007590667667431873
pre_tariff&deal_over_tariff,20,-0.0030515961824721604,-0.0017488540577492717,0.015487457852044457,0.45,0.55,short,0.55,0.007505934154275264
deal_heavy&has_night_post,138,0.0012284732654300294,0.0015825083978634469,0.019575727587635774,0.5144927536231884,0.4855072463768116,long,0.5144927536231884,0.00742479581942485
positive_heavy&has_russia,214,0.0009092305017725039,0.001911796532504395,0.01489254788728271,0.5560747663551402,0.4439252336448598,long,0.5560747663551402,0.007396292387655755
open_deal&has_night_post,76,0.0015939545140167368,0.0015815132421234113,0.02268707538494426,0.5263157894736842,0.47368421052631576,long,0.5263157894736842,0.0073135648917888865
has_relief&deal_over_tariff,44,0.0019392897670565325,0.0016051165099694176,0.022510265172361866,0.5681818181818182,0.4318181818181818,long,0.5681818181818182,0.007308973314888914
has_action&positive_heavy,151,0.0010951852595085503,0.0018017021172065384,0.019695138429344047,0.543046357615894,0.45695364238410596,long,0.543046357615894,0.007308242820115715
posts_high&pre_tariff,43,-0.0019624814838767697,-0.0035714000367527143,0.01630826112270968,0.4418604651162791,0.5581395348837209,short,0.5581395348837209,0.007182614894289982
deal_heavy&pre_relief,20,-0.003556243380298424,0.0031898543458771522,0.018008866054006815,0.55,0.45,short,0.45,0.007156801748592821
posts_high&has_market_brag,103,-0.0013915898045616173,-0.0008627998181020002,0.014262896579717828,0.49514563106796117,0.5048543689320388,short,0.5048543689320388,0.0071301057236733386
has_iran&open_deal,23,-0.003104147004913354,0.001694757760512422,0.02417402176450408,0.5217391304347826,0.4782608695652174,short,0.4782608695652174,0.007119853332641847
has_attack&pre_tariff,51,-0.0018830851112466808,-0.0017825044025138181,0.01600816457378511,0.47058823529411764,0.5294117647058824,short,0.5294117647058824,0.0071194857600826705
has_action&has_china,88,0.0013233507811812116,0.0032688505103315446,0.019019777774800756,0.5681818181818182,0.4318181818181818,long,0.5681818181818182,0.007053483363439776
pre_action&has_all_caps,30,-0.002748721740265873,0.0019413267467954798,0.02349887503037684,0.5333333333333333,0.4666666666666667,short,0.4666666666666667,0.007025838873426216
has_positive&high_emotion,24,-0.002633503602406629,-0.003415918416210695,0.013710303753810287,0.4583333333333333,0.5416666666666666,short,0.5416666666666666,0.006988301733484052
posts_high&has_uppercase_phrase,198,0.0009217113375306663,0.0016863092154851822,0.01844511408100959,0.5303030303030303,0.4696969696969697,long,0.5303030303030303,0.0068778331102119054
has_market_brag&has_iran,27,-0.0025482911848243913,-0.0014025315453263243,0.01495255054787317,0.48148148148148145,0.5185185185185185,short,0.5185185185185185,0.006865864140482259
has_all_caps&exclamation_heavy,174,0.0009373379214220801,0.002600903714026881,0.016606669951849097,0.5517241379310345,0.4482758620689655,long,0.5517241379310345,0.00682170282626299
deal_only&china_streak_3d,24,0.0023807856961648166,0.0035100965097086823,0.02302977177880524,0.5833333333333334,0.4166666666666667,long,0.5833333333333334,0.00680366183294073
has_russia&deal_only,92,0.0012733508405539916,0.0016863092154851822,0.0182316789244388,0.5543478260869565,0.44565217391304346,long,0.5543478260869565,0.006770556112383579
positive_heavy&lots_of_excl,567,0.0005546212606169092,0.0015624766781301425,0.015868336282353467,0.5114638447971781,0.48853615520282184,long,0.5114638447971781,0.006754652046860796
has_deal&has_relief,46,0.0017403657202965397,0.0016051165099694176,0.022145640007220253,0.5652173913043478,0.43478260869565216,long,0.5652173913043478,0.006671676081861657
brag_heavy&lots_of_excl,42,-0.002159294404393724,0.002136222305887281,0.0141018021110252,0.5238095238095238,0.47619047619047616,short,0.47619047619047616,0.006663727203047033
has_all_caps&lots_of_excl,167,0.0009297050901156843,0.0025806438039630564,0.01680230470446478,0.5508982035928144,0.4491017964071856,long,0.5508982035928144,0.0066187320628581904
has_action&volume_spike,58,0.0014752725826742772,0.003850176545271644,0.022699560449834625,0.5862068965517241,0.41379310344827586,long,0.5862068965517241,0.006586234531108122
has_china&volume_drop,29,0.0023619315334457063,0.0016638685414209764,0.011044512233208062,0.5172413793103449,0.4827586206896552,long,0.5172413793103449,0.006578995122813646
positive_heavy&has_market_brag,136,-0.0010942282824423998,-0.0014134559665535118,0.013631028890325797,0.4852941176470588,0.5147058823529411,short,0.5147058823529411,0.006568051079162618
has_exclamation,906,0.00042267196212257384,0.0016090520680849263,0.016253150248219505,0.5154525386313465,0.4845474613686534,long,0.5154525386313465,0.006557770619432409
has_action&china_streak_3d,22,0.002364274973226756,0.0023018934676201086,0.01306096999079681,0.5909090909090909,0.4090909090909091,long,0.5909090909090909,0.00655284653339662
has_china&pre_tariff,38,-0.002009388741854447,-0.0017793383675114849,0.015455773601205909,0.47368421052631576,0.5263157894736842,short,0.5263157894736842,0.006519317946155666
has_uppercase_phrase&deal_only,98,0.0012618954263961693,0.0014864087052448571,0.02203499056821665,0.5204081632653061,0.47959183673469385,long,0.5204081632653061,0.006501005067257726
has_attack&tariff_rising,21,-0.002120298286690327,-0.0032103104099562296,0.008353947333901593,0.3333333333333333,0.6666666666666666,short,0.6666666666666666,0.0064776182630957345
pre_tariff,63,-0.001550827890517032,-0.0017761723325091516,0.014976154275952351,0.47619047619047616,0.5238095238095238,short,0.5238095238095238,0.006447736310040097
pre_tariff&has_exclamation,63,-0.001550827890517032,-0.0017761723325091516,0.014976154275952351,0.47619047619047616,0.5238095238095238,short,0.5238095238095238,0.006447736310040097
has_tariff&pre_tariff,63,-0.001550827890517032,-0.0017761723325091516,0.014976154275952351,0.47619047619047616,0.5238095238095238,short,0.5238095238095238,0.006447736310040097
has_tariff&has_action,42,-0.001897561890921239,-0.0013179428034777452,0.012475725470640705,0.47619047619047616,0.5238095238095238,short,0.5238095238095238,0.006441603443650075
has_exclamation&volume_drop,157,0.0009284807884757023,0.0017921510745697589,0.01259428661773825,0.5477707006369427,0.45222929936305734,long,0.5477707006369427,0.006372671721958485
attack_heavy&has_china,145,0.0009282040310264625,0.0024723127612313878,0.015629002977647004,0.5655172413793104,0.43448275862068964,long,0.5655172413793104,0.006320818231019003
deal_only&volume_drop,28,-0.002360870473545753,-3.7160534056668304e-05,0.01323449477268575,0.5,0.5,short,0.5,0.006246276150637357
has_market_brag&has_china,72,-0.001558123442668688,0.0015091757972075515,0.01593799581486836,0.5277777777777778,0.4722222222222222,short,0.4722222222222222,0.006243304696008295
has_deal&has_china,154,0.0009055610998095682,0.0018156663932559214,0.017908648249880785,0.551948051948052,0.44805194805194803,long,0.551948051948052,0.006202636401214351
open_deal&has_all_caps,29,0.0019585582169253466,0.00353977018129914,0.02643426374895389,0.5862068965517241,0.41379310344827586,long,0.5862068965517241,0.006182817217333729
has_market_brag&lots_of_excl,155,-0.0009559043890350819,-0.0014243803877806993,0.013403419940624947,0.4838709677419355,0.5161290322580645,short,0.5161290322580645,0.006142407054845694
posts_very_high&china_streak_3d,38,0.0020949878723213453,-0.0012522631868927547,0.017533207343835178,0.47368421052631576,0.5263157894736842,long,0.47368421052631576,0.00611733437819426
posts_low&high_emotion,58,-0.0016603798035066148,0.0018004500470194529,0.021070924593086217,0.5172413793103449,0.4827586206896552,short,0.4827586206896552,0.006104519377341859
has_night_post,820,0.00039670483238726,0.001628719397469336,0.016591554569526892,0.5207317073170732,0.4792682926829268,long,0.5207317073170732,0.0059154588774626635
deal_heavy&has_all_caps,49,0.001533044606003521,0.00312512012717292,0.022571914341190873,0.5510204081632653,0.4489795918367347,long,0.5510204081632653,0.005913172051727866
has_uppercase_phrase&has_exclamation,291,0.0006581905638971732,0.0016778606704579424,0.018127310079696764,0.5257731958762887,0.4742268041237113,long,0.5257731958762887,0.005903323568520301
brag_heavy&has_exclamation,43,-0.0019178258661371628,0.0027099679336444193,0.014022597642641034,0.5348837209302325,0.46511627906976744,short,0.46511627906976744,0.005849314054656132
brag_heavy,43,-0.0019178258661371628,0.0027099679336444193,0.014022597642641034,0.5348837209302325,0.46511627906976744,short,0.46511627906976744,0.005849314054656132
has_market_brag&brag_heavy,43,-0.0019178258661371628,0.0027099679336444193,0.014022597642641034,0.5348837209302325,0.46511627906976744,short,0.46511627906976744,0.005849314054656132
brag_heavy&exclamation_heavy,43,-0.0019178258661371628,0.0027099679336444193,0.014022597642641034,0.5348837209302325,0.46511627906976744,short,0.46511627906976744,0.005849314054656132
has_uppercase_phrase&volume_drop,29,0.0016445645988349125,0.005305172895694321,0.013766311166705965,0.6551724137931034,0.3448275862068966,long,0.6551724137931034,0.0058023716073584775
has_night_post&has_all_caps,175,0.000809030109087179,0.0024723127612313878,0.0168082442438797,0.5371428571428571,0.46285714285714286,long,0.5371428571428571,0.005748751209998985
has_all_caps&has_exclamation,179,0.0007927478535513128,0.0025608179586069646,0.01666610822992808,0.5418994413407822,0.4581005586592179,long,0.5418994413407822,0.0057475173848458285
has_all_caps,179,0.0007927478535513128,0.0025608179586069646,0.01666610822992808,0.5418994413407822,0.4581005586592179,long,0.5418994413407822,0.0057475173848458285
has_uppercase_phrase,293,0.0006384028955118575,0.0016778606704579424,0.018081207202832898,0.5255972696245734,0.47440273037542663,long,0.5255972696245734,0.0057435678886928005
posts_very_high&has_tariff,59,-0.001408392084620901,-0.00177308578885349,0.013458635340155081,0.4745762711864407,0.5254237288135594,short,0.5254237288135594,0.005684067983655031
posts_high&has_china,198,0.0007254693686795789,0.0019963252697869915,0.017880120023089436,0.5555555555555556,0.4444444444444444,long,0.5555555555555556,0.005671254933539752
posts_low&has_attack,27,0.0024543744892128305,-0.00156022541057943,0.013968717588001216,0.4444444444444444,0.5555555555555556,long,0.4444444444444444,0.0056681350881567115
positive_heavy&exclamation_heavy,582,0.00045300917149503105,0.0015860593973794357,0.016233185199249392,0.5137457044673539,0.48625429553264604,long,0.5137457044673539,0.005614572455120384
posts_very_high&has_iran,55,-0.0013719262959942585,-0.0018797376692317735,0.015995470993495357,0.45454545454545453,0.5454545454545454,short,0.5454545454545454,0.005549715120414205
pre_action&volume_spike,31,-0.0021862157593975024,0.0016025401175967513,0.027373635745666362,0.5483870967741935,0.45161290322580644,short,0.45161290322580644,0.005497183184671968
has_russia&sig_potus,36,-0.0016386703441131972,-0.0016947865367774595,0.015107507543564238,0.4444444444444444,0.5555555555555556,short,0.5555555555555556,0.0054622344803773246
has_deal&volume_spike,82,0.0010974398286476526,0.0016564714591169594,0.019029335999493295,0.5487804878048781,0.45121951219512196,long,0.5487804878048781,0.005453637977379528
has_night_post&has_exclamation,793,0.000369549823187587,0.0016181851577214967,0.016359025925418547,0.519546027742749,0.48045397225725095,long,0.519546027742749,0.005406716788365865
posts_high&has_all_caps,134,0.0008238530524715392,0.002600903714026881,0.017984500247885584,0.5597014925373134,0.44029850746268656,long,0.5597014925373134,0.0053377547951173965
positive_heavy,586,0.00042756340162680516,0.0015736140683551003,0.016193389455155763,0.5119453924914675,0.4880546075085324,long,0.5119453924914675,0.005298744396469356
positive_heavy&has_exclamation,586,0.00042756340162680516,0.0015736140683551003,0.016193389455155763,0.5119453924914675,0.4880546075085324,long,0.5119453924914675,0.005298744396469356
has_positive&positive_heavy,586,0.00042756340162680516,0.0015736140683551003,0.016193389455155763,0.5119453924914675,0.4880546075085324,long,0.5119453924914675,0.005298744396469356
has_positive&brag_heavy,42,-0.0018065899757680945,0.0029175440304086697,0.014173360336793195,0.5476190476190477,0.4523809523809524,short,0.4523809523809524,0.005296494820110077
has_positive&has_all_caps,174,0.0007347944744810844,0.0025707308812850105,0.016795013948682037,0.5459770114942529,0.4540229885057471,long,0.5459770114942529,0.005291939408598637
has_deal&volume_drop,32,-0.0019759967642648674,0.0016785311287522697,0.013096124120917204,0.53125,0.46875,short,0.46875,0.005239652668553864
positive_heavy&brag_heavy,38,-0.0018409677209665209,0.0029175440304086697,0.014534891833808747,0.5526315789473685,0.4473684210526316,short,0.4473684210526316,0.0050769547991678515
has_positive&has_market_brag,160,-0.0007717353713605331,-0.0011326656817141623,0.013392480687068553,0.49375,0.50625,short,0.50625,0.004941894086940703
has_china&has_uppercase_phrase,130,0.0008218716864074357,0.0020452489594764423,0.019881728200474416,0.5230769230769231,0.47692307692307695,long,0.5230769230769231,0.0049016382431542275
has_relief&has_market_brag,22,-0.002843538812646641,0.0016129390300317903,0.018400133604369845,0.6363636363636364,0.36363636363636365,short,0.36363636363636365,0.004849956094729967
posts_high&all_caps_heavy,27,0.0013118657682207654,0.00436690245889193,0.020346630579967023,0.7037037037037037,0.2962962962962963,long,0.7037037037037037,0.0047969050113451225
attack_heavy&sig_potus,33,-0.0016194368112781483,-0.0014286262111092851,0.013509907313351124,0.48484848484848486,0.5151515151515151,short,0.5151515151515151,0.004792431989286388
has_tariff&deal_heavy,58,-0.0012139885859562597,-0.001249793473579952,0.014357425591773346,0.4827586206896552,0.5172413793103449,short,0.5172413793103449,0.004782135322630055
attack_heavy&pre_tariff,33,-0.001522155786772317,-0.0017825044025138181,0.017854054459272208,0.45454545454545453,0.5454545454545454,short,0.5454545454545454,0.004769519604493067
has_relief&short_posts,44,0.001206909114006318,0.002922417120080678,0.025856841194576277,0.5909090909090909,0.4090909090909091,long,0.5909090909090909,0.004730658266713631
positive_heavy&tariff_only,40,0.001482663794931044,-8.527844992128886e-05,0.011721404785101126,0.5,0.5,long,0.5,0.004688594596250911
has_iran&lots_of_excl,109,-0.0008013545210978339,-0.002645568616963301,0.015809441997271023,0.44036697247706424,0.5596330275229358,short,0.5596330275229358,0.00468210638693871
has_market_brag&has_uppercase_phrase,69,-0.0012103117979281183,0.0016181851577214967,0.014994492910748223,0.5362318840579711,0.463768115942029,short,0.463768115942029,0.004662541385387124
attack_heavy&china_streak_3d,39,0.0013840619210150596,0.0016181851577214967,0.015761979914849813,0.5384615384615384,0.46153846153846156,long,0.5384615384615384,0.00465417288344534
has_deal&pre_relief,26,-0.0021548539701670786,0.0017272564957614422,0.016200472054539637,0.5769230769230769,0.4230769230769231,short,0.4230769230769231,0.00464861795657973
has_deal&china_streak_3d,36,-0.0013893686130537516,-0.0017777525332954847,0.02012822995937097,0.4444444444444444,0.5555555555555556,short,0.5555555555555556,0.004631228710179172
deal_heavy&has_china,80,0.0008765178154782352,0.003080018247438865,0.018413376342151212,0.5875,0.4125,long,0.5875,0.004605890534412536
has_china&has_all_caps,86,0.0008195491821150048,0.003524256935805714,0.01884237568623006,0.6046511627906976,0.3953488372093023,long,0.6046511627906976,0.004595461576371679
has_all_caps&short_posts,122,0.0007787336188495013,0.0016103570233662046,0.019031156108987923,0.5327868852459017,0.4672131147540984,long,0.5327868852459017,0.004582709894810442
pre_action&short_posts,50,-0.001447806150861588,0.002503582848763175,0.025516808300650097,0.56,0.44,short,0.44,0.004504515607318419
posts_high&uppercase_phrase_heavy,42,0.001324579757776662,0.0015142629450405343,0.026126166083302746,0.5238095238095238,0.47619047619047616,long,0.5238095238095238,0.0044965160661721345
has_russia&short_posts,134,0.0007505613802333128,0.001573707488244147,0.017528856313798077,0.5149253731343284,0.48507462686567165,long,0.5149253731343284,0.00447386531712584
positive_heavy&has_china,246,0.0005276429273445474,0.0017591347625373066,0.016423662977465392,0.5365853658536586,0.4634146341463415,long,0.5365853658536586,0.004440649531394399
has_action&uppercase_phrase_heavy,27,0.001769068552776143,-0.0014286262111092851,0.030757902062847304,0.48148148148148145,0.5185185185185185,long,0.48148148148148145,0.004425946222360901
has_market_brag&exclamation_heavy,162,-0.0006786307566492841,-0.0011326656817141623,0.013489903780761734,0.49382716049382713,0.5061728395061729,short,0.5061728395061729,0.00437209795730825
high_emotion&has_exclamation,39,-0.0014293155098460836,0.0017421602787457413,0.018164527340376463,0.5128205128205128,0.48717948717948717,short,0.48717948717948717,0.004348599422135974
has_night_post&sig_potus,61,-0.0010606394837459558,-0.0015478818587040255,0.014935118888102672,0.47540983606557374,0.5245901639344263,short,0.5245901639344263,0.004345631047439031
has_exclamation&volume_spike,140,0.0006252898473701228,0.0025911403474379036,0.022314520756773,0.5857142857142857,0.4142857142857143,long,0.5857142857142857,0.004333424274535913
pre_deal&deal_only,115,0.0007862050530639129,0.0013850408670330605,0.015426444011738347,0.5130434782608696,0.48695652173913045,long,0.5130434782608696,0.004325525954245086
pre_deal&volume_spike,46,-0.001363599326099305,0.001610362637659124,0.01788736470396957,0.5434782608695652,0.45652173913043476,short,0.45652173913043476,0.004222086793083201
pre_tariff&tariff_only,21,0.0017317740884593227,0.0016777914426175933,0.017410076159644645,0.5238095238095238,0.47619047619047616,long,0.5238095238095238,0.004156944967438474
attack_heavy&pre_action,45,0.001114335238390507,0.0024723127612313878,0.019562656357621926,0.5555555555555556,0.4444444444444444,long,0.5555555555555556,0.004152882237941012
positive_heavy&pre_deal,144,-0.0006755496837893391,-0.0010732154349495926,0.0156428889303074,0.4930555555555556,0.5069444444444444,short,0.5069444444444444,0.004109593909718479
pre_deal&has_all_caps,45,-0.0012441750910688542,0.0012920548991999237,0.0159886247904521,0.5111111111111111,0.4888888888888889,short,0.4888888888888889,0.004080354783328193
has_tariff&has_deal,84,-0.000908677484678491,0.0016090520680849263,0.013241984227048002,0.5119047619047619,0.4880952380952381,short,0.4880952380952381,0.004064938514035516
has_deal&pre_action,46,0.0011977807483097027,0.0002737704571287858,0.01862893473892732,0.5,0.5,long,0.5,0.004061872141235558
has_relief&has_all_caps,25,-0.0020290315589177378,0.0025608179586069646,0.02513803590311303,0.6,0.4,short,0.4,0.0040580631178354755
has_night_post&has_uppercase_phrase,276,0.000466515585455539,0.0016585571538375588,0.01813942127526972,0.5217391304347826,0.4782608695652174,long,0.5217391304347826,0.0040436551247667925
posts_low&has_night_post,94,-0.000911208876575583,0.0018109316274519394,0.02087641746024242,0.5425531914893617,0.4574468085106383,short,0.4574468085106383,0.004041312838842551
deal_heavy&volume_spike,50,0.0010509821219634196,0.0015825083978634469,0.020888697443821033,0.54,0.46,long,0.54,0.00401304556086927
posts_high&has_russia,169,0.0005704905681433766,0.001694757760512422,0.015637493459363647,0.5384615384615384,0.46153846153846156,long,0.5384615384615384,0.003993433977003636
has_iran&exclamation_heavy,115,-0.0006770350944871289,-0.0018866172423885885,0.015520843885450851,0.45217391304347826,0.5478260869565217,short,0.5478260869565217,0.003977432430027102
has_china&pre_deal,84,-0.0009110482888214208,0.0015825083978634469,0.01631168677539833,0.5238095238095238,0.47619047619047616,short,0.47619047619047616,0.003976140709794429
has_china&uppercase_phrase_heavy,34,-0.0013597143893579206,-9.142739374856657e-06,0.025230791304161792,0.5,0.5,short,0.5,0.003964214597537494
posts_high&pre_deal,116,-0.0007015646245380843,-0.0014039992387753775,0.016232016726753982,0.4827586206896552,0.5172413793103449,short,0.5172413793103449,0.00390831840619968
has_market_brag&has_russia,57,-0.0011330310926995924,0.0016181851577214967,0.013776828736718295,0.543859649122807,0.45614035087719296,short,0.45614035087719296,0.0039019144939875707
has_attack&brag_heavy,33,-0.001577949325534745,0.00312512012717292,0.01485645721283677,0.5757575757575758,0.42424242424242425,short,0.42424242424242425,0.003845600077283479
posts_very_high&has_russia,120,0.0006703268687214621,0.0015825083978634469,0.015410527777693419,0.5166666666666667,0.48333333333333334,long,0.5166666666666667,0.0037939158513056732
sig_potus,62,-0.0009277031560745351,-0.0014882540349066553,0.014849133291654092,0.4838709677419355,0.5161290322580645,short,0.5161290322580645,0.0037701893964781925
sig_potus&has_exclamation,62,-0.0009277031560745351,-0.0014882540349066553,0.014849133291654092,0.4838709677419355,0.5161290322580645,short,0.5161290322580645,0.0037701893964781925
posts_very_high&uppercase_phrase_heavy,38,0.0012139557305301165,-9.142739374856657e-06,0.02736503790145394,0.5,0.5,long,0.5,0.0037416628521321415
has_attack&uppercase_phrase_heavy,41,0.0010796836971042896,0.0016181851577214967,0.025933171547118678,0.5365853658536586,0.4634146341463415,long,0.5365853658536586,0.003709601821784654
posts_very_high&has_uppercase_phrase,139,0.0005949439899362198,0.0016181851577214967,0.01819583421022486,0.5251798561151079,0.4748201438848921,long,0.5251798561151079,0.0036837618141177956
has_market_brag&volume_spike,36,0.0009591554198309032,0.003263275236815577,0.01453846142611604,0.6388888888888888,0.3611111111111111,long,0.6388888888888888,0.0036767624426851282
posts_very_high&has_china,139,0.0005684529138320567,0.0024723127612313878,0.01749154998665346,0.5467625899280576,0.45323741007194246,long,0.5467625899280576,0.003664381561030714
has_tariff&volume_spike,38,-0.0010738578993744635,-0.0024786145639202894,0.01588649470883242,0.4473684210526316,0.5526315789473685,short,0.5526315789473685,0.0036582578451094384
has_tariff&has_uppercase_phrase,58,0.0008884855732068653,0.002993153820309735,0.01376494490465429,0.5344827586206896,0.46551724137931033,long,0.5344827586206896,0.0036165800092187003
deal_heavy&has_market_brag,36,-0.0012764200147303993,0.0015850847902361132,0.012399062438261318,0.5277777777777778,0.4722222222222222,short,0.4722222222222222,0.0036165233750694646
has_iran&has_night_post,109,-0.0006274128007606438,-0.0018866172423885885,0.015797692269919023,0.44954128440366975,0.5504587155963303,short,0.5504587155963303,0.0036057148335165955
has_market_brag&has_all_caps,54,0.0007754515631007379,0.0032127121254283963,0.015874335217534803,0.6296296296296297,0.37037037037037035,long,0.6296296296296297,0.0035878701163652754
has_china&volume_spike,67,0.0007503317261217097,0.0018519728739261332,0.0179630112167593,0.582089552238806,0.417910447761194,long,0.582089552238806,0.00357503679246467
has_deal&brag_heavy,27,-0.001546052957253971,0.00312512012717292,0.014022546709028364,0.5555555555555556,0.4444444444444444,short,0.4444444444444444,0.003570456364207988
sig_potus&has_all_caps,20,0.0012271511679746495,0.002993153820309735,0.017859336916121075,0.65,0.35,long,0.65,0.0035671914593374534
has_uppercase_phrase&volume_spike,83,0.0006928550110107154,0.0024723127612313878,0.02245483826673922,0.5542168674698795,0.4457831325301205,long,0.5542168674698795,0.003498333007932037
has_tariff&has_all_caps,41,0.0009317273825563431,0.00312512012717292,0.013360533611124586,0.5853658536585366,0.4146341463414634,long,0.5853658536585366,0.0034922728893227637
posts_very_high&open_tariff,21,-0.0015950109820232245,0.0028611875134465503,0.015950295114155535,0.5238095238095238,0.47619047619047616,short,0.47619047619047616,0.003480599314003464
posts_high&pre_action,62,-0.0009104770088891878,0.0015064404249781616,0.019460578882816396,0.5161290322580645,0.4838709677419355,short,0.4838709677419355,0.003468920872790413
positive_heavy&has_night_post,558,0.0002855237004071562,0.0015736140683551003,0.016315412809546802,0.5125448028673835,0.4874551971326165,long,0.5125448028673835,0.0034569340723320427
has_russia&pre_deal,70,-0.0009035983468613593,0.0016051165099694176,0.015046753395677036,0.5428571428571428,0.45714285714285713,short,0.45714285714285713,0.003456021105651071
has_all_caps&uppercase_phrase_heavy,37,0.0010007963930764292,0.0026211636240907055,0.02735120540002969,0.5675675675675675,0.43243243243243246,long,0.5675675675675675,0.003455128183933004
brag_heavy&has_night_post,40,-0.001280990666657178,0.004013459880805592,0.014314442444274749,0.575,0.425,short,0.425,0.003443220942846064
pre_relief&deal_over_tariff,25,-0.0016968308874589378,0.0018519728739261332,0.016361822975498534,0.6,0.4,short,0.4,0.0033936617749178756
pre_tariff&has_uppercase_phrase,26,-0.0014223671900633894,0.0022396863355840235,0.014572448989328775,0.5384615384615384,0.46153846153846156,short,0.46153846153846156,0.0033473898727510894
uppercase_phrase_heavy,45,0.0009174804895790306,0.0016181851577214967,0.025769966123279992,0.5333333333333333,0.4666666666666667,long,0.5333333333333333,0.0032824779883655997
uppercase_phrase_heavy&has_exclamation,45,0.0009174804895790306,0.0016181851577214967,0.025769966123279992,0.5333333333333333,0.4666666666666667,long,0.5333333333333333,0.0032824779883655997
has_uppercase_phrase&uppercase_phrase_heavy,45,0.0009174804895790306,0.0016181851577214967,0.025769966123279992,0.5333333333333333,0.4666666666666667,long,0.5333333333333333,0.0032824779883655997
uppercase_phrase_heavy&lots_of_excl,45,0.0009174804895790306,0.0016181851577214967,0.025769966123279992,0.5333333333333333,0.4666666666666667,long,0.5333333333333333,0.0032824779883655997
uppercase_phrase_heavy&exclamation_heavy,45,0.0009174804895790306,0.0016181851577214967,0.025769966123279992,0.5333333333333333,0.4666666666666667,long,0.5333333333333333,0.0032824779883655997
has_positive&uppercase_phrase_heavy,45,0.0009174804895790306,0.0016181851577214967,0.025769966123279992,0.5333333333333333,0.4666666666666667,long,0.5333333333333333,0.0032824779883655997
has_night_post&uppercase_phrase_heavy,45,0.0009174804895790306,0.0016181851577214967,0.025769966123279992,0.5333333333333333,0.4666666666666667,long,0.5333333333333333,0.0032824779883655997
has_positive&has_uppercase_phrase,283,0.00037472292859952266,0.001634093712287621,0.018215194766862768,0.519434628975265,0.48056537102473496,long,0.519434628975265,0.003274420002034697
has_market_brag,165,-0.0004977213591776053,-0.0008627998181020002,0.013477633295276664,0.49696969696969695,0.503030303030303,short,0.503030303030303,0.0032160470866331526
has_market_brag&has_exclamation,165,-0.0004977213591776053,-0.0008627998181020002,0.013477633295276664,0.49696969696969695,0.503030303030303,short,0.503030303030303,0.0032160470866331526
has_tariff&has_positive,137,-0.0005697571980933386,0.0016104112338277687,0.015044466384117872,0.5182481751824818,0.48175182481751827,short,0.48175182481751827,0.00321272440651991
has_attack&pre_action,60,0.0007751764737052839,0.0015949537268877823,0.019007367803762946,0.5333333333333333,0.4666666666666667,long,0.5333333333333333,0.0032023952779011797
attack_heavy&has_all_caps,102,0.0005458818678389115,0.0027856411728539587,0.016160191521333182,0.5784313725490197,0.4215686274509804,long,0.5784313725490197,0.003188971182157674
has_uppercase_phrase&exclamation_heavy,276,0.00036885832056101584,0.0016261394350045588,0.018182899293087515,0.5181159420289855,0.48188405797101447,long,0.5181159420289855,0.0031749806365793235
deal_heavy&pre_action,27,-0.001145679783581784,-0.0008627998181020002,0.020235985353575466,0.48148148148148145,0.5185185185185185,short,0.5185185185185185,0.003086806480128257
posts_high&brag_heavy,31,-0.0013080664734477507,0.00312512012717292,0.015010981359311658,0.5806451612903226,0.41935483870967744,short,0.41935483870967744,0.0030541637624508606
posts_low&has_exclamation,125,-0.0005719320583835916,0.0016835100610976816,0.018855914009936022,0.528,0.472,short,0.472,0.003018154348094731
has_attack&china_streak_3d,62,0.0007658311494852807,7.949760515651993e-05,0.017791267862904393,0.5,0.5,long,0.5,0.0030150802506053085
posts_very_high&has_market_brag,61,-0.0007812537665535,0.0013850408670330605,0.014917513475547648,0.5081967213114754,0.4918032786885246,short,0.4918032786885246,0.0030008788411599965
has_tariff&lots_of_excl,132,-0.0005382232780029323,0.0016090520680849263,0.01529590887194847,0.5151515151515151,0.48484848484848486,short,0.48484848484848486,0.002998164691697356
pre_deal&has_night_post,162,-0.0004642205134568608,-0.0010732154349495926,0.015158219089680318,0.49382716049382713,0.5061728395061729,short,0.5061728395061729,0.002990753865395808
pre_deal&china_streak_3d,22,-0.0010784590843109282,-0.001780918568297818,0.023220339795250355,0.4090909090909091,0.5909090909090909,short,0.5909090909090909,0.0029890672413589725
posts_very_high&pre_action,47,-0.0009313187030795876,0.0016025401175967513,0.020404324170001494,0.5319148936170213,0.46808510638297873,short,0.46808510638297873,0.002988629483543753
has_iran&short_posts,49,-0.0007689087861367952,-0.0018866172423885885,0.019630706428654512,0.4489795918367347,0.5510204081632653,short,0.5510204081632653,0.002965791032241924
has_attack&sig_potus,52,-0.0007593345727013056,-0.0015842843927129646,0.013702796477590316,0.46153846153846156,0.5384615384615384,short,0.5384615384615384,0.002948421255346103
has_tariff&has_attack,113,0.0005136188544709737,0.0019047717537183928,0.013442752974871448,0.5398230088495575,0.46017699115044247,long,0.5398230088495575,0.002947349046256349
has_market_brag&short_posts,80,-0.0006345511301365875,-0.0014134559665535118,0.014820315138501959,0.4875,0.5125,short,0.5125,0.002908743897478686
positive_heavy&open_tariff,27,-0.0012563587161674922,0.0016104112338277687,0.014505290951296065,0.5555555555555556,0.4444444444444444,short,0.4444444444444444,0.002901436171912137
has_iran&deal_only,57,-0.0007032773797053833,-0.0018797376692317735,0.016239725747991273,0.45614035087719296,0.543859649122807,short,0.543859649122807,0.002887692300776268
attack_heavy&uppercase_phrase_heavy,35,-0.0009347846201603417,-0.0014286262111092851,0.022414719140545936,0.4857142857142857,0.5142857142857142,short,0.5142857142857142,0.0028441339163398547
has_relief&pre_deal,29,-0.001171154492254957,0.0015624766781301425,0.019155755754633588,0.5517241379310345,0.4482758620689655,short,0.4482758620689655,0.00282721308345915
posts_very_high&volume_spike,85,0.000574685860398266,0.0016025401175967513,0.018943885888557468,0.5294117647058824,0.47058823529411764,long,0.5294117647058824,0.0028050045029573436
posts_low&short_posts,126,0.00048338193061633146,0.001595170883813779,0.020502402999812527,0.5158730158730159,0.48412698412698413,long,0.5158730158730159,0.002799100527048499
has_positive&has_iran,111,-0.0004894699462169137,-0.0018797376692317735,0.015687980285779373,0.4594594594594595,0.5405405405405406,short,0.5405405405405406,0.002787505878793976
has_all_caps&volume_spike,47,-0.000860874755551243,0.0016181851577214967,0.02086114484175316,0.5319148936170213,0.46808510638297873,short,0.46808510638297873,0.00276257275578315
attack_heavy&open_deal,45,0.0007708209366563492,0.001694757760512422,0.016948179385436808,0.5333333333333333,0.4666666666666667,long,0.5333333333333333,0.00275777282054985
has_attack&all_caps_heavy,25,0.0007572917109103639,0.00436690245889193,0.020061518108243238,0.72,0.28,long,0.72,0.0027262501592773096
has_action&pre_deal,53,0.0007620454186385761,-0.0008627998181020002,0.014225604972109368,0.49056603773584906,0.5094339622641509,long,0.49056603773584906,0.0027215496999264503
has_market_brag&has_night_post,146,-0.0004551244088547423,0.0014204578916590105,0.013507123023360821,0.5068493150684932,0.4931506849315068,short,0.4931506849315068,0.002711978213866966
has_iran&has_exclamation,117,-0.00045166284128183464,-0.0018866172423885885,0.015704863590066478,0.452991452991453,0.5470085470085471,short,0.5470085470085471,0.002672399644657901
has_iran,117,-0.00045166284128183464,-0.0018866172423885885,0.015704863590066478,0.452991452991453,0.5470085470085471,short,0.5470085470085471,0.002672399644657901
open_deal&volume_spike,25,-0.001006543625690366,-0.003533516263547143,0.021820847713582354,0.48,0.52,short,0.52,0.002617013426794952
has_exclamation&tariff_only,55,0.0006465945867868457,0.0017241120726214643,0.017689027741643396,0.5454545454545454,0.45454545454545453,long,0.5454545454545454,0.002615603888887009
tariff_only,55,0.0006465945867868457,0.0017241120726214643,0.017689027741643396,0.5454545454545454,0.45454545454545453,long,0.5454545454545454,0.002615603888887009
has_tariff&tariff_only,55,0.0006465945867868457,0.0017241120726214643,0.017689027741643396,0.5454545454545454,0.45454545454545453,long,0.5454545454545454,0.002615603888887009
posts_high&has_iran,76,-0.0005556171596595993,-0.0018264117290426318,0.01675312184800603,0.4605263157894737,0.5394736842105263,short,0.5394736842105263,0.002613080027904874
lots_of_excl&china_streak_3d,72,-0.0005823438321131136,-0.0013409035314241313,0.016967022099460743,0.4722222222222222,0.5277777777777778,short,0.5277777777777778,0.002607935393572505
posts_high&open_tariff,25,-0.0011794769232648906,0.0028611875134465503,0.01506063394807685,0.56,0.44,short,0.44,0.0025948492311827593
has_tariff&has_market_brag,35,-0.0008968006965462453,0.0016076929023420838,0.012747599183601408,0.5142857142857142,0.4857142857142857,short,0.4857142857142857,0.002576978742720492
has_relief&positive_heavy,81,-0.0005985310847583227,0.0016025401175967513,0.019840291826515494,0.5308641975308642,0.4691358024691358,short,0.4691358024691358,0.0025271312467573625
positive_heavy&volume_drop,55,-0.0007187917939906404,0.0016638685414209764,0.011674379761746454,0.5272727272727272,0.4727272727272727,short,0.4727272727272727,0.002519968508970623
positive_heavy&uppercase_phrase_heavy,40,0.0007915724664466384,-9.142739374856657e-06,0.026425914280447126,0.5,0.5,long,0.5,0.0025031719270485887
has_positive&has_chips,31,0.0007234045030975485,0.0027854542824070627,0.012746378145697604,0.6129032258064516,0.3870967741935484,long,0.6129032258064516,0.00246861840106092
brag_heavy&has_uppercase_phrase,22,-0.0014350168877715795,0.005103486265066293,0.016940522385399632,0.6363636363636364,0.36363636363636365,short,0.36363636363636365,0.002447573027642395
sig_potus&deal_over_tariff,23,-0.0010246258157056056,0.0012920548991999237,0.015166240312635424,0.5217391304347826,0.4782608695652174,short,0.4782608695652174,0.0023501417674856727
posts_very_high&pre_deal,75,-0.0005037776082130119,-0.0015478818587040255,0.01696226318003584,0.4666666666666667,0.5333333333333333,short,0.5333333333333333,0.002326849101707906
attack_heavy&has_iran,51,0.0006122962433720971,0.001694757760512422,0.014180266244560546,0.5294117647058824,0.47058823529411764,long,0.5294117647058824,0.0023149428348216102
posts_high&has_chips,24,0.0007898613928464943,0.0022401060214597424,0.012732436324419564,0.5833333333333334,0.4166666666666667,long,0.5833333333333334,0.002257216943330909
brag_heavy&deal_over_tariff,24,-0.001101934331568304,0.004013459880805592,0.014053423590403956,0.5833333333333334,0.4166666666666667,short,0.4166666666666667,0.0022493140353309986
positive_heavy&has_all_caps,150,0.0003295766453354839,0.0020779114111645347,0.01678425132697593,0.54,0.46,long,0.54,0.002179695452967424
posts_low&exclamation_heavy,35,0.0006782952268298947,0.0016835100610976816,0.013024958829151225,0.5428571428571428,0.45714285714285713,long,0.5428571428571428,0.002178403568285853
has_tariff&positive_heavy,117,-0.00039121257641863005,-0.001636787129057904,0.013005031661858756,0.48717948717948717,0.5128205128205128,short,0.5128205128205128,0.0021700569290519153
has_russia&deal_over_tariff,114,0.0003792501514266447,0.0016051165099694176,0.017684011549487733,0.5350877192982456,0.4649122807017544,long,0.5350877192982456,0.0021667218962850665
open_tariff&lots_of_excl,28,-0.0009550097323085775,0.0022357993736371595,0.014323179064590293,0.5714285714285714,0.42857142857142855,short,0.42857142857142855,0.002165758501144168
has_positive&open_tariff,28,-0.0009550097323085775,0.0022357993736371595,0.014323179064590293,0.5714285714285714,0.42857142857142855,short,0.42857142857142855,0.002165758501144168
has_uppercase_phrase&lots_of_excl,266,0.0002562204282611279,0.0015165214348290545,0.01840318964703345,0.5112781954887218,0.48872180451127817,long,0.5112781954887218,0.0021365440083935287
has_relief&attack_heavy,47,0.0005000905790029145,0.0017123031052466153,0.019835268952906493,0.6170212765957447,0.3829787234042553,long,0.6170212765957447,0.0021154255335786814
has_china&pre_action,46,-0.0006469775337450991,0.0020374264394140695,0.018814693779044236,0.5434782608695652,0.45652173913043476,short,0.45652173913043476,0.0020032242964366158
exclamation_heavy&volume_drop,111,0.00033509914426867394,0.0017241120726214643,0.01256217241619034,0.5495495495495496,0.45045045045045046,long,0.5495495495495496,0.0019401783961298356
posts_high&china_streak_3d,52,0.0005280354251992,7.949760515651993e-05,0.018602252362633194,0.5,0.5,long,0.5,0.0019038588008171455
has_positive&sig_potus,59,-0.0004954924939781629,0.0012920548991999237,0.015080704080401275,0.5084745762711864,0.4915254237288136,short,0.4915254237288136,0.0018707212175154942
deal_heavy&pre_deal,96,-0.00037397697814558925,-0.0011935836219277851,0.015861274859606308,0.4895833333333333,0.5104166666666666,short,0.5104166666666666,0.0018702744095095336
pre_deal&has_exclamation,169,-0.0002819043592525125,-0.001283631051797185,0.015059271658601759,0.4911242603550296,0.5088757396449705,short,0.5088757396449705,0.0018649057612089288
pre_deal&deal_over_tariff,148,0.000302508027578883,0.00021462754054896171,0.015326360851994358,0.5,0.5,long,0.5,0.00184008449527125
has_russia&has_uppercase_phrase,116,0.0003039686865308353,0.0021277878595596933,0.016777139628235165,0.5603448275862069,0.4396551724137931,long,0.5603448275862069,0.001834480961318776
pre_deal&open_deal,31,0.0006731697820840036,-0.0018416912148508935,0.019208096909767464,0.4838709677419355,0.5161290322580645,long,0.4838709677419355,0.0018135729303974356
pre_deal&has_uppercase_phrase,69,-0.0004559875045000455,0.0015624766781301425,0.01691146207076556,0.5217391304347826,0.4782608695652174,short,0.4782608695652174,0.0018115166759477372
has_market_brag&deal_only,51,0.0005054156211285498,-0.0014025315453263243,0.012868508638494688,0.49019607843137253,0.5098039215686274,long,0.49019607843137253,0.0017693085710573863
sig_potus&lots_of_excl,56,-0.00045235758539094055,-0.0014882540349066553,0.013434171183634965,0.48214285714285715,0.5178571428571429,short,0.5178571428571429,0.001753015925871281
has_relief&has_action,28,0.0005446427971811583,0.003929360000445858,0.025169952144507252,0.6071428571428571,0.39285714285714285,long,0.6071428571428571,0.0017497728364262075
has_tariff&has_night_post,129,-0.00030050606124567403,0.0016025288890109124,0.013058854065841584,0.5038759689922481,0.49612403100775193,short,0.49612403100775193,0.0016933173374726214
has_relief&has_russia,37,0.000465386364386542,0.0016181851577214967,0.0225047827565195,0.5945945945945946,0.40540540540540543,long,0.5945945945945946,0.0016831990342391291
has_iran&has_uppercase_phrase,57,-0.0004800847883870569,0.001694757760512422,0.016455963607929502,0.543859649122807,0.45614035087719296,short,0.45614035087719296,0.0016533083745187912
has_tariff,139,-0.0002932820607173866,0.0016181851577214967,0.015115773287495284,0.5251798561151079,0.4748201438848921,short,0.4748201438848921,0.0016418067413498279
has_tariff&has_exclamation,139,-0.0002932820607173866,0.0016181851577214967,0.015115773287495284,0.5251798561151079,0.4748201438848921,short,0.4748201438848921,0.0016418067413498279
has_tariff&attack_heavy,72,0.0003842281896369963,0.0003724465421200418,0.015094179874929928,0.5,0.5,long,0.5,0.0016301421504921047
has_night_post&has_chips,30,0.0004907150251949691,0.0022401060214597424,0.012897140005584519,0.6,0.4,long,0.6,0.0016126541316360031
positive_heavy&has_chips,30,0.0004907150251949691,0.0022401060214597424,0.012897140005584519,0.6,0.4,long,0.6,0.0016126541316360031
lots_of_excl&volume_drop,83,-0.0003576177697802852,0.0014705661915279666,0.012784718773414678,0.5060240963855421,0.4939759036144578,short,0.4939759036144578,0.0016093996442229546
has_chips,32,0.0004769458228662572,0.0022401060214597424,0.012616375202817586,0.59375,0.40625,long,0.59375,0.00160194522163481
has_exclamation&has_chips,32,0.0004769458228662572,0.0022401060214597424,0.012616375202817586,0.59375,0.40625,long,0.59375,0.00160194522163481
has_action&has_iran,37,0.0006079632617482519,-0.0018797376692317735,0.020661788606500697,0.43243243243243246,0.5675675675675675,long,0.43243243243243246,0.0015991767128043914
has_iran&has_russia,57,-0.00044007014167767445,0.001639253637217175,0.015641372370016542,0.5263157894736842,0.47368421052631576,short,0.47368421052631576,0.0015737952834817505
has_deal&pre_deal,170,-0.0002380572587404585,-0.0010732154349495926,0.015025531476617855,0.49411764705882355,0.5058823529411764,short,0.5058823529411764,0.0015702016120362375
pre_deal,170,-0.0002380572587404585,-0.0010732154349495926,0.015025531476617855,0.49411764705882355,0.5058823529411764,short,0.5058823529411764,0.0015702016120362375
has_russia&pre_tariff,32,0.0005195452555873357,0.001647988300169545,0.017742069563508694,0.53125,0.46875,long,0.53125,0.0015613393867761885
all_caps_heavy&short_posts,25,0.0004493769796261171,0.005337998202245453,0.021964442046632823,0.68,0.32,long,0.68,0.0015278817307287985
posts_high&sig_potus,44,-0.00045849079836128695,-6.828565595468072e-05,0.014343022317166535,0.5,0.5,short,0.5,0.0015206419479948832
has_deal&has_market_brag,76,-0.00034230765940855486,0.00026112052446553013,0.013099517217159604,0.5,0.5,short,0.5,0.0014920844949618307
attack_heavy&brag_heavy,27,-0.000761533898409737,0.004901799634438264,0.015409769474888622,0.6296296296296297,0.37037037037037035,short,0.37037037037037035,0.001465572670812956
deal_heavy&has_russia,62,0.00033207073264924207,0.0016051165099694176,0.018067134281854406,0.5483870967741935,0.45161290322580644,long,0.5483870967741935,0.0014338828574630015
posts_high&has_tariff,94,-0.00029146787051264223,0.0003698645354544561,0.013774105953672655,0.5,0.5,short,0.5,0.0014129429249681667
has_attack&pre_deal,131,0.0002378829106028994,-0.0008627998181020002,0.015620365128220069,0.4961832061068702,0.5038167938931297,long,0.4961832061068702,0.0013509552160265736
has_relief&volume_spike,28,0.0004182847700520568,0.001735079015823815,0.025427357136070063,0.6071428571428571,0.39285714285714285,long,0.6071428571428571,0.0013438226527843471
attack_heavy&open_tariff,22,-0.0006253156628045234,0.002993153820309735,0.016284242808968067,0.5454545454545454,0.45454545454545453,short,0.45454545454545453,0.0013331774725830773
has_china&has_russia,118,-0.00027779051938087537,0.001911796532504395,0.01567728679861296,0.559322033898305,0.4406779661016949,short,0.4406779661016949,0.0013297798864210957
has_tariff&exclamation_heavy,136,0.00021544269854590446,0.0016142981957746327,0.013202999444914612,0.5220588235294118,0.47794117647058826,long,0.5220588235294118,0.0013116581882866866
has_all_caps&has_uppercase_phrase,131,0.00020949928149244872,0.0016835100610976816,0.018435695854093916,0.5267175572519084,0.4732824427480916,long,0.5267175572519084,0.0012629785675419235
pre_deal&exclamation_heavy,167,-0.00019193665705502814,-0.0008627998181020002,0.015126973162667333,0.49700598802395207,0.5029940119760479,short,0.5029940119760479,0.0012476103729945906
has_night_post&volume_spike,140,0.00018187917904437522,0.0025911403474379036,0.02263050953941858,0.5785714285714286,0.42142857142857143,long,0.5785714285714286,0.0012450992923286554
sig_potus&has_uppercase_phrase,32,-0.00043849653257597293,-6.828565595468072e-05,0.0133227907290438,0.5,0.5,short,0.5,0.0012402554868450333
has_relief&has_attack,75,0.0002669882374683796,0.0015624766781301425,0.020756387541707857,0.52,0.48,long,0.52,0.0012023367000280952
uppercase_phrase_heavy&volume_spike,21,0.0005452160780444008,-0.003533516263547143,0.02728823063283152,0.47619047619047616,0.5238095238095238,long,0.47619047619047616,0.001189759022735913
has_relief&has_uppercase_phrase,41,-0.00037780798933624403,0.0016181851577214967,0.02392611935767704,0.5365853658536586,0.4634146341463415,short,0.4634146341463415,0.0011210702043580204
has_positive&pre_deal,163,-0.00016380011259021143,-0.0008627998181020002,0.015183010441120552,0.49693251533742333,0.5030674846625767,short,0.5030674846625767,0.001052044829142994
pre_deal&lots_of_excl,160,-0.00016424475980804794,0.00021462754054896171,0.015364498379333685,0.5,0.5,short,0.5,0.0010387750694814226
positive_heavy&china_streak_3d,67,-0.0002414163828166425,-0.0012531808517389775,0.017073690368558565,0.47761194029850745,0.5223880597014925,short,0.5223880597014925,0.00103227968715264
has_attack&has_iran,90,-0.00020265479704622741,-0.0016763783690458833,0.016266031428282163,0.4777777777777778,0.5222222222222223,short,0.5222222222222223,0.001003999488632879
attack_heavy&all_caps_heavy,24,0.00028208905458391537,0.00413912821026341,0.020348760962844974,0.7083333333333334,0.2916666666666667,long,0.7083333333333334,0.0009788801814858317
open_tariff&has_night_post,28,-0.00042808118238529813,0.0022357993736371595,0.014893621704521439,0.5714285714285714,0.42857142857142855,short,0.42857142857142855,0.0009707968710325566
has_russia&china_streak_3d,33,0.0002902526274640211,0.002706358639680495,0.017733724165665765,0.5757575757575758,0.42424242424242425,long,0.5757575757575758,0.0009600034434544648
deal_over_tariff&china_streak_3d,31,-0.0003312911944583765,-0.001251345522046532,0.02115741579176378,0.4838709677419355,0.5161290322580645,short,0.5161290322580645,0.0009520264806321234
attack_heavy&pre_deal,90,0.00020403135073951848,-0.0010732154349495926,0.014402032330208413,0.4888888888888889,0.5111111111111111,long,0.4888888888888889,0.0009462988808790856
positive_heavy&all_caps_heavy,24,-0.0005621654550933367,0.00413912821026341,0.020458239712701713,0.6666666666666666,0.3333333333333333,short,0.3333333333333333,0.0009180123439987769
positive_heavy&has_uppercase_phrase,236,0.0001176036669685275,0.0013511978157797477,0.018443842120659363,0.5042372881355932,0.4957627118644068,long,0.5042372881355932,0.0009109862531340529
has_tariff&has_russia,64,0.00020267276389195066,0.001647988300169545,0.01473098060474036,0.53125,0.46875,long,0.53125,0.0008613592465407903
has_night_post&china_streak_3d,70,0.00020084647277165255,7.949760515651993e-05,0.01729322804807283,0.5,0.5,long,0.5,0.0008402010761920316
lots_of_excl&has_chips,31,0.0002438121771466227,0.001694757760512422,0.012754664682138832,0.5806451612903226,0.41935483870967744,long,0.5806451612903226,0.0007882192748560449
exclamation_heavy&has_chips,31,0.0002438121771466227,0.001694757760512422,0.012754664682138832,0.5806451612903226,0.41935483870967744,long,0.5806451612903226,0.0007882192748560449
exclamation_heavy&china_streak_3d,73,-0.0001760231143080197,-0.0012531808517389775,0.017202719384004857,0.4794520547945205,0.5205479452054794,short,0.5205479452054794,0.0007828739948025574
posts_low&has_positive,88,-0.0001661599988791262,0.0015901923066583556,0.01618291395500663,0.5227272727272727,0.4772727272727273,short,0.4772727272727273,0.0007439340466042199
has_tariff&deal_over_tariff,44,-0.00020100792432527342,-0.001249793473579952,0.015072089326385884,0.4772727272727273,0.5227272727272727,short,0.5227272727272727,0.0006969709496421333
open_deal&has_uppercase_phrase,38,0.00018283646063603132,0.00333244515423603,0.024827644100057968,0.5789473684210527,0.42105263157894735,long,0.5789473684210527,0.0006525197905357059
pre_deal&pre_action,33,0.00023509539438078391,-0.0016101691466156032,0.016459091192829352,0.45454545454545453,0.5454545454545454,long,0.45454545454545453,0.000613872827696808
has_deal&has_russia,133,-0.00011402967103695829,0.0016076929023420838,0.01706358745025791,0.5338345864661654,0.46616541353383456,short,0.46616541353383456,0.0006130328403817544
short_posts&volume_spike,92,-0.0001373466115674665,0.002747711108025741,0.027356126453351746,0.5652173913043478,0.43478260869565216,short,0.43478260869565216,0.0005727749646742984
sig_potus&short_posts,30,0.00018296391090960224,0.0027110027360267575,0.01862950798391362,0.5666666666666667,0.43333333333333335,long,0.5666666666666667,0.0005678762802158099
sig_potus&exclamation_heavy,61,-0.0001416452957314556,-0.0014286262111092851,0.013609710900873501,0.4918032786885246,0.5081967213114754,short,0.5081967213114754,0.0005622104734014657
china_streak_3d,77,0.00012946381371757378,-0.001251345522046532,0.017016650431521944,0.4935064935064935,0.5064935064935064,long,0.4935064935064935,0.00056064329199288
has_exclamation&china_streak_3d,77,0.00012946381371757378,-0.001251345522046532,0.017016650431521944,0.4935064935064935,0.5064935064935064,long,0.4935064935064935,0.00056064329199288
posts_very_high&has_relief,49,0.00013928711400213129,0.0016076929023420838,0.02380582673736796,0.5714285714285714,0.42857142857142855,long,0.5714285714285714,0.0005571484560085251
has_positive&china_streak_3d,75,-0.00012585978069553565,-0.001251345522046532,0.016971430053794333,0.49333333333333335,0.5066666666666667,short,0.5066666666666667,0.0005522553548118323
has_attack&open_tariff,28,-0.00022911683959764284,0.002993153820309735,0.014958930986562747,0.5714285714285714,0.42857142857142855,short,0.42857142857142855,0.0005195881532163763
positive_heavy&has_iran,92,-9.928775453889497e-05,-0.0018072468177086631,0.016246885337325153,0.4673913043478261,0.532608695652174,short,0.532608695652174,0.0005072217350376486
posts_low&volume_spike,38,0.00013535099910622658,0.006172090577697076,0.027865661639243488,0.6052631578947368,0.39473684210526316,long,0.6052631578947368,0.0005050071228090548
has_relief&exclamation_heavy,86,-0.00010836395983195185,0.0015825083978634469,0.02002283398321099,0.5232558139534884,0.47674418604651164,short,0.47674418604651164,0.0004790926384634004
has_relief&has_night_post,86,-0.00010836395983195185,0.0015825083978634469,0.02002283398321099,0.5232558139534884,0.47674418604651164,short,0.47674418604651164,0.0004790926384634004
has_attack&has_chips,27,0.00015972345809421327,0.001694757760512422,0.01354895051236832,0.5555555555555556,0.4444444444444444,long,0.5555555555555556,0.00046108190763295974
all_caps_heavy&exclamation_heavy,28,0.000125660381520541,0.00413912821026341,0.020929665893170385,0.6785714285714286,0.32142857142857145,long,0.6785714285714286,0.00045120401885572235
has_positive&all_caps_heavy,28,0.000125660381520541,0.00413912821026341,0.020929665893170385,0.6785714285714286,0.32142857142857145,long,0.6785714285714286,0.00045120401885572235
has_all_caps&all_caps_heavy,28,0.000125660381520541,0.00413912821026341,0.020929665893170385,0.6785714285714286,0.32142857142857145,long,0.6785714285714286,0.00045120401885572235
has_night_post&all_caps_heavy,28,0.000125660381520541,0.00413912821026341,0.020929665893170385,0.6785714285714286,0.32142857142857145,long,0.6785714285714286,0.00045120401885572235
all_caps_heavy&has_uppercase_phrase,28,0.000125660381520541,0.00413912821026341,0.020929665893170385,0.6785714285714286,0.32142857142857145,long,0.6785714285714286,0.00045120401885572235
all_caps_heavy,28,0.000125660381520541,0.00413912821026341,0.020929665893170385,0.6785714285714286,0.32142857142857145,long,0.6785714285714286,0.00045120401885572235
all_caps_heavy&has_exclamation,28,0.000125660381520541,0.00413912821026341,0.020929665893170385,0.6785714285714286,0.32142857142857145,long,0.6785714285714286,0.00045120401885572235
all_caps_heavy&lots_of_excl,28,0.000125660381520541,0.00413912821026341,0.020929665893170385,0.6785714285714286,0.32142857142857145,long,0.6785714285714286,0.00045120401885572235
has_russia&has_all_caps,68,-0.00010042723130072954,0.0015142629450405343,0.015878747209905127,0.5147058823529411,0.4852941176470588,short,0.4852941176470588,0.0004018934916841486
lots_of_excl&tariff_only,48,0.00011007158367929565,0.0016633204808161883,0.018487274960337204,0.5208333333333334,0.4791666666666667,long,0.5208333333333334,0.000397186615421061
has_relief&has_positive,87,-8.973017297456685e-05,0.0015624766781301425,0.019906840517159928,0.5287356321839081,0.47126436781609193,short,0.47126436781609193,0.00039442345711670633
posts_very_high&all_caps_heavy,24,0.00011623147905822269,0.0037255620714670146,0.021268892366779053,0.6666666666666666,0.3333333333333333,long,0.6666666666666666,0.0003796104209888456
open_tariff&has_exclamation,29,-0.00016568483706573209,0.0028611875134465503,0.014693349829118128,0.5862068965517241,0.41379310344827586,short,0.41379310344827586,0.00036920282219677025
open_tariff,29,-0.00016568483706573209,0.0028611875134465503,0.014693349829118128,0.5862068965517241,0.41379310344827586,short,0.41379310344827586,0.00036920282219677025
has_tariff&open_tariff,29,-0.00016568483706573209,0.0028611875134465503,0.014693349829118128,0.5862068965517241,0.41379310344827586,short,0.41379310344827586,0.00036920282219677025
open_tariff&exclamation_heavy,29,-0.00016568483706573209,0.0028611875134465503,0.014693349829118128,0.5862068965517241,0.41379310344827586,short,0.41379310344827586,0.00036920282219677025
has_russia&pre_action,33,0.00011850540567164213,0.0014103407323595718,0.020519918668712996,0.5151515151515151,0.48484848484848486,long,0.5151515151515151,0.00035069543503577486
has_attack&has_market_brag,130,5.760108325780948e-05,0.0015165214348290545,0.014055219370970262,0.5153846153846153,0.4846153846153846,long,0.5153846153846153,0.0003384805963466255
attack_heavy&has_market_brag,76,6.418652518631081e-05,0.0020452489594764423,0.014592448486851409,0.5526315789473685,0.4473684210526316,long,0.5526315789473685,0.0003092333743845946
has_market_brag&pre_deal,39,9.651064679388036e-05,0.0013850408670330605,0.012723830088950802,0.5128205128205128,0.48717948717948717,long,0.5128205128205128,0.00030908143387277826
has_night_post&volume_drop,127,4.7877455217081196e-05,0.0016638685414209764,0.013194230788502941,0.5275590551181102,0.47244094488188976,long,0.5275590551181102,0.0002846452893257416
posts_high&has_relief,63,4.75326619229574e-05,0.0016181851577214967,0.02212875727388292,0.5714285714285714,0.42857142857142855,long,0.5714285714285714,0.00021558789017323628
has_market_brag&deal_over_tariff,67,-5.258706710277719e-05,0.0013850408670330605,0.013324176506060718,0.5074626865671642,0.4925373134328358,short,0.4925373134328358,0.0002120095813530429
has_relief&has_exclamation,88,-4.582920435613783e-05,0.0015825083978634469,0.019796386851678657,0.5340909090909091,0.4659090909090909,short,0.4659090909090909,0.00020030179357409305
has_relief,88,-4.582920435613783e-05,0.0015825083978634469,0.019796386851678657,0.5340909090909091,0.4659090909090909,short,0.4659090909090909,0.00020030179357409305
has_relief&lots_of_excl,83,-3.615498868171724e-05,0.0016025401175967513,0.02029147915308,0.5301204819277109,0.46987951807228917,short,0.46987951807228917,0.0001547724975257886
has_tariff&has_china,84,3.10165599264836e-05,0.0016801411751434792,0.013984508617865222,0.5238095238095238,0.47619047619047616,long,0.5238095238095238,0.00014890410192978053
has_all_caps&china_streak_3d,20,-7.519353850848898e-05,0.003040918604323095,0.012854894979956287,0.65,0.35,short,0.35,0.00011769650450161065
has_positive&tariff_only,53,-3.260051746781391e-05,0.0016777914426175933,0.017651916605754037,0.5283018867924528,0.4716981132075472,short,0.4716981132075472,0.00011195063660995016
posts_very_high&sig_potus,31,3.433535345233374e-05,0.0015624766781301425,0.015517515022908436,0.5483870967741935,0.45161290322580644,long,0.5483870967741935,0.00010483579595904197
has_tariff&short_posts,40,-2.2802964428095263e-05,0.0026042911167007965,0.014555924301959133,0.6,0.4,short,0.4,5.768744399726391e-05
has_positive&volume_drop,130,5.374440431577404e-06,0.0016406935353711072,0.012738741608340666,0.5307692307692308,0.46923076923076923,long,0.5307692307692308,3.252450295063996e-05
