event,n,mean_ret,median_ret,std,hit_up,hit_down,direction,directional_hit,score
posts_low,461,0.023059281730780756,0.020776329780866964,0.06757320489378353,0.6585365853658537,0.34146341463414637,long,0.6585365853658537,0.32604394970073386
silence_day,262,0.03066210602970823,0.025188470976764132,0.07323483779555724,0.6468253968253969,0.3531746031746032,long,0.6468253968253969,0.32102561776747346
posts_low&silence_day,262,0.03066210602970823,0.025188470976764132,0.07323483779555724,0.6468253968253969,0.3531746031746032,long,0.6468253968253969,0.32102561776747346
has_exclamation,1016,0.013156718770964375,0.01956070115783537,0.05300709746285863,0.6742125984251969,0.3257874015748031,long,0.6742125984251969,0.28274264025235335
short_posts,574,0.016368380888855432,0.021455514759826433,0.05506819013529031,0.7003484320557491,0.29965156794425085,long,0.7003484320557491,0.27464761328672926
has_positive,931,0.01334142467764979,0.02007024586051176,0.05293602454742602,0.6723952738990333,0.3276047261009667,long,0.6723952738990333,0.27371695586385114
has_positive&has_exclamation,924,0.0132403568238963,0.01999741189696702,0.052963641812478444,0.672077922077922,0.32792207792207795,long,0.672077922077922,0.27049254739950385
has_exclamation&short_posts,527,0.016620628554575703,0.020855785663556503,0.05272973007589883,0.7039848197343453,0.29601518026565465,long,0.7039848197343453,0.2686062079893219
exclamation_heavy&short_posts,450,0.017699002090202982,0.021990525418898565,0.05334751219075406,0.7066666666666667,0.29333333333333333,long,0.7066666666666667,0.26531978924220906
has_exclamation&exclamation_heavy,900,0.01312234887262118,0.01999741189696702,0.053451774463251785,0.6711111111111111,0.3288888888888889,long,0.6711111111111111,0.2641966239687731
exclamation_heavy,900,0.01312234887262118,0.01999741189696702,0.053451774463251785,0.6711111111111111,0.3288888888888889,long,0.6711111111111111,0.2641966239687731
has_positive&short_posts,464,0.017422746589106853,0.021730190282820305,0.0522206922361203,0.7025862068965517,0.2974137931034483,long,0.7025862068965517,0.2636788098167378
has_positive&exclamation_heavy,860,0.012886771172746501,0.01999741189696702,0.053797806380992456,0.6697674418604651,0.3302325581395349,long,0.6697674418604651,0.2531147038232944
lots_of_excl,795,0.01298646345068508,0.01878476929623263,0.054604269172156425,0.6666666666666666,0.3333333333333333,long,0.6666666666666666,0.24410866906177814
exclamation_heavy&lots_of_excl,795,0.01298646345068508,0.01878476929623263,0.054604269172156425,0.6666666666666666,0.3333333333333333,long,0.6666666666666666,0.24410866906177814
has_exclamation&lots_of_excl,795,0.01298646345068508,0.01878476929623263,0.054604269172156425,0.6666666666666666,0.3333333333333333,long,0.6666666666666666,0.24410866906177814
has_positive&lots_of_excl,779,0.013067419115936452,0.018994483674393603,0.0549268503413444,0.6675224646983312,0.3324775353016688,long,0.6675224646983312,0.24345821606124476
volume_drop,326,0.01989067222670243,0.021491247919974144,0.06317395231886286,0.6717791411042945,0.3282208588957055,long,0.6717791411042945,0.24125969565323704
lots_of_excl&short_posts,384,0.01764439977045239,0.021990525418898565,0.05507392668034343,0.6953125,0.3046875,long,0.6953125,0.240410005420045
posts_very_high&deal_only,96,0.031485162692117714,0.037531416405313545,0.05220059337607269,0.7708333333333334,0.22916666666666666,long,0.7708333333333334,0.23779463111462262
has_china&deal_only,93,0.031144411425102773,0.029900927129139276,0.04864078502272987,0.7849462365591398,0.21505376344086022,long,0.7849462365591398,0.23575532652308615
pre_deal&pre_action,27,0.048927081247867966,0.03673779318867121,0.052587313393270725,0.9259259259259259,0.07407407407407407,long,0.9259259259259259,0.23540052940932718
has_attack,643,0.01360489618694699,0.01850800734129221,0.05297293345156521,0.6702954898911353,0.3297045101088647,long,0.6702954898911353,0.23124215920649838
has_attack&has_exclamation,642,0.013619804726214615,0.01851249604587979,0.05301288786637391,0.6697819314641744,0.3302180685358255,long,0.6697819314641744,0.2311382508850827
has_night_post&deal_only,148,0.02548441731967579,0.028795442544506944,0.052609726929613757,0.7432432432432432,0.25675675675675674,long,0.7432432432432432,0.2304286819681994
has_attack&has_positive,619,0.013527366654058522,0.01871998498532923,0.05346285005891658,0.6704361873990307,0.3295638126009693,long,0.6704361873990307,0.22563997023933385
positive_heavy&short_posts,282,0.01882081643763754,0.024033466741161802,0.058923340701683084,0.7092198581560284,0.2907801418439716,long,0.7092198581560284,0.2241526618143867
has_attack&exclamation_heavy,632,0.013253571524893,0.01843288053833525,0.05302339077378624,0.6693037974683544,0.33069620253164556,long,0.6693037974683544,0.22300507903262184
has_deal&deal_only,273,0.018977527396991514,0.025545324688095672,0.05020203629537216,0.7106227106227107,0.2893772893772894,long,0.7106227106227107,0.222823008403134
deal_over_tariff&deal_only,273,0.018977527396991514,0.025545324688095672,0.05020203629537216,0.7106227106227107,0.2893772893772894,long,0.7106227106227107,0.222823008403134
deal_only,273,0.018977527396991514,0.025545324688095672,0.05020203629537216,0.7106227106227107,0.2893772893772894,long,0.7106227106227107,0.222823008403134
has_exclamation&deal_only,273,0.018977527396991514,0.025545324688095672,0.05020203629537216,0.7106227106227107,0.2893772893772894,long,0.7106227106227107,0.222823008403134
posts_very_high&pre_action,34,0.04603009689328334,0.041325022050475724,0.06305512803690183,0.8235294117647058,0.17647058823529413,long,0.8235294117647058,0.22103470175277917
positive_heavy,626,0.013131611995057947,0.02034257412965179,0.055886276484544486,0.6725239616613419,0.3274760383386581,long,0.6725239616613419,0.22095964892821177
has_positive&positive_heavy,626,0.013131611995057947,0.02034257412965179,0.055886276484544486,0.6725239616613419,0.3274760383386581,long,0.6725239616613419,0.22095964892821177
positive_heavy&has_exclamation,626,0.013131611995057947,0.02034257412965179,0.055886276484544486,0.6725239616613419,0.3274760383386581,long,0.6725239616613419,0.22095964892821177
posts_very_high&deal_over_tariff,115,0.027478694808309025,0.034096141940646696,0.05249616062161482,0.7478260869565218,0.25217391304347825,long,0.7478260869565218,0.2203665292830803
positive_heavy&exclamation_heavy,624,0.013106733652836556,0.02034257412965179,0.055973303410214566,0.6714743589743589,0.328525641025641,long,0.6714743589743589,0.21984480227003003
has_attack&short_posts,310,0.017735050815263664,0.020555506249709032,0.05529579862726078,0.7032258064516129,0.2967741935483871,long,0.7032258064516129,0.21958773741474477
has_attack&lots_of_excl,592,0.013382427123995977,0.01851249604587979,0.05393415913152585,0.6655405405405406,0.3344594594594595,long,0.6655405405405406,0.21670566048695933
positive_heavy&lots_of_excl,605,0.013040417971724142,0.02007024586051176,0.0565418141827749,0.6694214876033058,0.3305785123966942,long,0.6694214876033058,0.21471819492932676
exclamation_heavy&deal_only,259,0.01881563534139061,0.025545324688095672,0.05089159930504262,0.7065637065637066,0.29343629343629346,long,0.7065637065637066,0.21395384480516141
has_positive&deal_only,259,0.01854051135891348,0.025264474126150516,0.050633638030490966,0.7104247104247104,0.28957528957528955,long,0.7104247104247104,0.21197744296520418
has_night_post,489,0.014032656315752786,0.020380401241460788,0.05647694876454062,0.6789366053169734,0.3210633946830266,long,0.6789366053169734,0.21068011311144205
posts_very_high&positive_heavy,210,0.020592235337937383,0.027437675506525427,0.05968076482819727,0.7,0.3,long,0.7,0.20888688822977233
has_night_post&has_exclamation,486,0.013904360786436783,0.02034257412965179,0.056580742137982816,0.676954732510288,0.3230452674897119,long,0.676954732510288,0.20750510782525433
has_action,194,0.021204329965845217,0.024033466741161802,0.05687690741222451,0.7010309278350515,0.29896907216494845,long,0.7010309278350515,0.20704397507921574
has_attack&deal_only,192,0.020756584264350744,0.02664152123125796,0.050173023771364275,0.71875,0.28125,long,0.71875,0.20672088659028087
has_night_post&deal_over_tariff,179,0.021693928030826252,0.026920321671211278,0.05267336958549176,0.7094972067039106,0.2905027932960894,long,0.7094972067039106,0.2059279994954054
has_exclamation&deal_over_tariff,314,0.016722612977596595,0.023052140501655494,0.05058781570836725,0.6942675159235668,0.3057324840764331,long,0.6942675159235668,0.20572913888999145
has_deal&deal_over_tariff,314,0.016722612977596595,0.023052140501655494,0.05058781570836725,0.6942675159235668,0.3057324840764331,long,0.6942675159235668,0.20572913888999145
deal_over_tariff,314,0.016722612977596595,0.023052140501655494,0.05058781570836725,0.6942675159235668,0.3057324840764331,long,0.6942675159235668,0.20572913888999145
has_positive&has_night_post,466,0.014058903885997273,0.020794383998929966,0.05739314629119871,0.6738197424892703,0.3261802575107296,long,0.6738197424892703,0.20449756993315207
short_posts&deal_over_tariff,151,0.02303982021614449,0.02731754578856993,0.04869264426215099,0.7218543046357616,0.2781456953642384,long,0.7218543046357616,0.20436998364626302
short_posts&deal_only,138,0.02376811079107084,0.028696677744971977,0.04934276188151759,0.7318840579710145,0.26811594202898553,long,0.7318840579710145,0.20435087130043503
has_action&has_exclamation,192,0.020808787312722895,0.024033466741161802,0.056322792075399905,0.703125,0.296875,long,0.703125,0.20273555739111018
has_night_post&short_posts,258,0.017750432522986855,0.022971739917448275,0.058636567993703245,0.7093023255813954,0.29069767441860467,long,0.7093023255813954,0.20223213959742084
posts_high&deal_only,159,0.02214173243835054,0.03072053030935651,0.05265457739398064,0.7232704402515723,0.27672955974842767,long,0.7232704402515723,0.2019346642389788
pre_action&deal_only,38,0.03855294674922403,0.03637454039614041,0.05900044051316581,0.8421052631578947,0.15789473684210525,long,0.8421052631578947,0.20013164193400745
has_night_post&exclamation_heavy,464,0.013754206802497658,0.02034257412965179,0.05706228634111536,0.6724137931034483,0.3275862068965517,long,0.6724137931034483,0.19921918251665893
has_positive&has_uppercase_phrase,280,0.01790837380428907,0.019576601892109857,0.05288224782710307,0.6642857142857143,0.3357142857142857,long,0.6642857142857143,0.19906278667313046
posts_very_high&has_china,130,0.023855790436499644,0.027118933729890604,0.05542504650505488,0.7307692307692307,0.2692307692307692,long,0.7307692307692307,0.19876766693777945
posts_very_high&has_night_post,179,0.021251761447641595,0.029816950191495106,0.06174136895023511,0.6983240223463687,0.3016759776536313,long,0.6983240223463687,0.19855390360950012
has_night_post&lots_of_excl,435,0.014155039269716925,0.020092453004893596,0.05807349723984347,0.6689655172413793,0.3310344827586207,long,0.6689655172413793,0.19749651615258978
exclamation_heavy&deal_over_tariff,300,0.016477616830022725,0.023052140501655494,0.05118780261238357,0.69,0.31,long,0.69,0.19692647980703457
lots_of_excl&deal_only,242,0.017884450214449756,0.023595922814075854,0.05172550401049153,0.7024793388429752,0.2975206611570248,long,0.7024793388429752,0.19544152037756424
has_relief&deal_only,33,0.04152022618183648,0.040884836085413045,0.0636974796496424,0.8181818181818182,0.18181818181818182,long,0.8181818181818182,0.19514907850908117
has_positive&deal_over_tariff,300,0.016240093125150803,0.022800822486231276,0.05095573909282523,0.6933333333333334,0.30666666666666664,long,0.6933333333333334,0.19502542045938448
has_attack&has_uppercase_phrase,225,0.018988405241334626,0.022983543823701602,0.05176253655247104,0.6844444444444444,0.31555555555555553,long,0.6844444444444444,0.19494762714436883
has_uppercase_phrase&exclamation_heavy,279,0.01744271260905396,0.01941141676224145,0.05279595216290236,0.6666666666666666,0.3333333333333333,long,0.6666666666666666,0.19423382731155303
posts_very_high&has_action,88,0.028734193303574306,0.0314847808938169,0.05892436019405245,0.7159090909090909,0.2840909090909091,long,0.7159090909090909,0.19297374378101273
has_uppercase_phrase,298,0.017079108768011952,0.018288202109390417,0.053016627728983835,0.6543624161073825,0.34563758389261745,long,0.6543624161073825,0.19292641030766355
has_deal&short_posts,163,0.021229524733959004,0.026038262561894898,0.05243243663845151,0.7116564417177914,0.2883435582822086,long,0.7116564417177914,0.19288766631535392
has_uppercase_phrase&lots_of_excl,266,0.017605712824963277,0.01991712001343593,0.05314330269560722,0.6691729323308271,0.3308270676691729,long,0.6691729323308271,0.19214664136134757
posts_low&volume_drop,250,0.01910735703681183,0.018909483894291812,0.06440324370732066,0.636,0.364,long,0.636,0.1921444032015402
has_china&short_posts,143,0.02273917200728322,0.026038262561894898,0.056532446401909256,0.7062937062937062,0.2937062937062937,long,0.7062937062937062,0.19205605414320168
has_attack&deal_over_tariff,225,0.018178789722603027,0.023425814763349706,0.050798594645902015,0.7022222222222222,0.29777777777777775,long,0.7022222222222222,0.1914832517447519
posts_very_high&has_positive,223,0.018913096600827163,0.02619773718196372,0.059205473614685825,0.6771300448430493,0.32286995515695066,long,0.6771300448430493,0.1912437084208848
posts_very_high&exclamation_heavy,223,0.018878985678368616,0.02619773718196372,0.05924751691240146,0.6771300448430493,0.32286995515695066,long,0.6771300448430493,0.1908987887365881
posts_very_high&lots_of_excl,223,0.018878985678368616,0.02619773718196372,0.05924751691240146,0.6771300448430493,0.32286995515695066,long,0.6771300448430493,0.1908987887365881
has_uppercase_phrase&has_exclamation,294,0.016901456758314483,0.018288202109390417,0.05254515907973471,0.6564625850340136,0.3435374149659864,long,0.6564625850340136,0.19024260425580614
has_action&lots_of_excl,178,0.020296044779435713,0.02353188393260719,0.05721404350378466,0.702247191011236,0.29775280898876405,long,0.702247191011236,0.1901566090433261
positive_heavy&deal_only,198,0.019192822825089512,0.02622479603678518,0.052905996103892655,0.702020202020202,0.29797979797979796,long,0.702020202020202,0.18959245898405327
has_action&has_positive,185,0.019775566005444205,0.0238752803194604,0.05656503402542242,0.7027027027027027,0.2972972972972973,long,0.7027027027027027,0.1890107087359896
short_posts&china_streak_3d,39,0.03688198039918045,0.04407953774040019,0.06237989531365997,0.8205128205128205,0.1794871794871795,long,0.8205128205128205,0.18898698975987763
has_action&exclamation_heavy,185,0.02003653165336983,0.023188487545753977,0.05715074242752293,0.6918918918918919,0.3081081081081081,long,0.6918918918918919,0.18855873340931734
posts_very_high&has_exclamation,224,0.01857161231286237,0.02611799987192931,0.059293256829379394,0.6741071428571429,0.32589285714285715,long,0.6741071428571429,0.18737107445720053
posts_very_high,224,0.01857161231286237,0.02611799987192931,0.059293256829379394,0.6741071428571429,0.32589285714285715,long,0.6741071428571429,0.18737107445720053
posts_high&posts_very_high,224,0.01857161231286237,0.02611799987192931,0.059293256829379394,0.6741071428571429,0.32589285714285715,long,0.6741071428571429,0.18737107445720053
has_attack&positive_heavy,474,0.012898608525073295,0.019129853366060545,0.055369020889021806,0.6645569620253164,0.33544303797468356,long,0.6645569620253164,0.18662260401072134
has_attack&has_night_post,362,0.01460122870670837,0.01999741189696702,0.05687325309694588,0.6712707182320442,0.3287292817679558,long,0.6712707182320442,0.18648392094491553
positive_heavy&has_night_post,379,0.014122719213108266,0.02057902250592525,0.058884258121000746,0.6701846965699209,0.32981530343007914,long,0.6701846965699209,0.18426058100083997
silence_day&volume_drop,170,0.022836402979455824,0.020627854262078027,0.07096269134176605,0.6176470588235294,0.38235294117647056,long,0.6176470588235294,0.18390457634275015
posts_very_high&short_posts,147,0.022030277954876745,0.027834790533809883,0.06377990463321209,0.6870748299319728,0.3129251700680272,long,0.6870748299319728,0.18351969680922958
lots_of_excl&deal_over_tariff,282,0.015861748691700706,0.021152076573066947,0.05168443454998487,0.6879432624113475,0.3120567375886525,long,0.6879432624113475,0.1832433574810539
posts_high&lots_of_excl,419,0.013531383445941502,0.020304747017842795,0.05905643311777498,0.6587112171837709,0.3412887828162291,long,0.6587112171837709,0.18245016969381003
posts_very_high&has_deal,138,0.021606953609954387,0.0332556442643126,0.058878848145579,0.717391304347826,0.2826086956521739,long,0.717391304347826,0.18209129766572238
has_deal,359,0.014170057734338666,0.020449812484728547,0.05306750159199878,0.6768802228412256,0.3231197771587744,long,0.6768802228412256,0.18173169156959915
has_deal&has_exclamation,359,0.014170057734338666,0.020449812484728547,0.05306750159199878,0.6768802228412256,0.3231197771587744,long,0.6768802228412256,0.18173169156959915
posts_high&short_posts,241,0.017114539164556634,0.023766030864802,0.061988023958761504,0.6804979253112033,0.31950207468879666,long,0.6804979253112033,0.1808008784945894
posts_high&attack_heavy,229,0.017462388917187977,0.024009793987848083,0.05700692796632352,0.6812227074235808,0.31877729257641924,long,0.6812227074235808,0.18001575391579464
posts_high&has_night_post,300,0.015357902016480051,0.023595922814075854,0.06252453410720762,0.6766666666666666,0.3233333333333333,long,0.6766666666666666,0.1799978439270739
attack_heavy&short_posts,132,0.022143024044067927,0.027437675506525427,0.05824840948403093,0.7045454545454546,0.29545454545454547,long,0.7045454545454546,0.17923916604333306
attack_heavy&has_exclamation,277,0.016101153934443627,0.022983543823701602,0.054951700276783325,0.6678700361010831,0.33212996389891697,long,0.6678700361010831,0.1789735472785729
attack_heavy&exclamation_heavy,277,0.016101153934443627,0.022983543823701602,0.054951700276783325,0.6678700361010831,0.33212996389891697,long,0.6678700361010831,0.1789735472785729
attack_heavy,277,0.016101153934443627,0.022983543823701602,0.054951700276783325,0.6678700361010831,0.33212996389891697,long,0.6678700361010831,0.1789735472785729
has_attack&attack_heavy,277,0.016101153934443627,0.022983543823701602,0.054951700276783325,0.6678700361010831,0.33212996389891697,long,0.6678700361010831,0.1789735472785729
attack_heavy&lots_of_excl,275,0.01612622973632995,0.022983543823701602,0.05509349440886924,0.6690909090909091,0.33090909090909093,long,0.6690909090909091,0.17893047655636393
posts_high&has_positive,420,0.013313316613792222,0.020198600011368195,0.05913654486317603,0.6547619047619048,0.34523809523809523,long,0.6547619047619048,0.17864641650056778
has_uppercase_phrase&short_posts,150,0.021610546910496038,0.025827631929079664,0.05594416755832127,0.6733333333333333,0.32666666666666666,long,0.6733333333333333,0.1782138704104223
posts_high&exclamation_heavy,421,0.01323895127379686,0.020092453004893596,0.059071598508713984,0.6555819477434679,0.34441805225653205,long,0.6555819477434679,0.17808265337484502
posts_high,423,0.0131635809842467,0.020092453004893596,0.059031388657600325,0.6548463356973995,0.34515366430260047,long,0.6548463356973995,0.17728975301755684
posts_high&has_exclamation,423,0.0131635809842467,0.020092453004893596,0.059031388657600325,0.6548463356973995,0.34515366430260047,long,0.6548463356973995,0.17728975301755684
posts_high&positive_heavy,375,0.013837197358854164,0.02144328153884545,0.06024263918823286,0.6613333333333333,0.33866666666666667,long,0.6613333333333333,0.17720835016531739
posts_high&deal_over_tariff,191,0.018285799821590638,0.023766030864802,0.05284935591544652,0.6963350785340314,0.3036649214659686,long,0.6963350785340314,0.17597416716523695
has_night_post&has_uppercase_phrase,182,0.01942007468223353,0.02500221109214429,0.05494831244267605,0.6703296703296703,0.32967032967032966,long,0.6703296703296703,0.17562042847010048
attack_heavy&has_positive,274,0.015928909724350303,0.0220306913438032,0.05522655884191265,0.6642335766423357,0.3357664233576642,long,0.6642335766423357,0.1751387144259829
positive_heavy&deal_over_tariff,237,0.016551855527244863,0.022983543823701602,0.05281448221771815,0.6835443037974683,0.31645569620253167,long,0.6835443037974683,0.17417568550833556
has_action&deal_only,77,0.027220925309909716,0.0312793753967322,0.05685402604509956,0.7272727272727273,0.2727272727272727,long,0.7272727272727273,0.17371829104459538
has_positive&has_all_caps,178,0.01880275179521703,0.023858619989065355,0.05086308934485412,0.6910112359550562,0.3089887640449438,long,0.6910112359550562,0.17334707722331955
has_china&deal_over_tariff,125,0.021746523703976475,0.026411329511675463,0.05248671980405599,0.712,0.288,long,0.712,0.17311107078399082
has_deal&has_night_post,206,0.017612513816359626,0.02330715115455184,0.05658093894522612,0.6844660194174758,0.3155339805825243,long,0.6844660194174758,0.17302419975140254
has_china&has_uppercase_phrase,124,0.022606624582620707,0.02611799987192931,0.055473736462751264,0.6854838709677419,0.31451612903225806,long,0.6854838709677419,0.172561459528619
has_deal&exclamation_heavy,344,0.013844814693768493,0.020415106863094667,0.05372762841316654,0.6715116279069767,0.32848837209302323,long,0.6715116279069767,0.17243281011688688
posts_very_high&attack_heavy,157,0.019514852105675332,0.02619773718196372,0.05473252422781199,0.7006369426751592,0.29936305732484075,long,0.7006369426751592,0.17132002269651325
has_all_caps&exclamation_heavy,180,0.018358571014351264,0.023858619989065355,0.05043997436038489,0.6944444444444444,0.3055555555555556,long,0.6944444444444444,0.1710458864910279
has_deal&has_positive,344,0.013637671927891818,0.020415106863094667,0.05352482960491146,0.6744186046511628,0.32558139534883723,long,0.6744186046511628,0.17058820614669784
has_exclamation&volume_drop,147,0.01877504056682255,0.024651892265729725,0.053558685002222696,0.7482993197278912,0.25170068027210885,long,0.7482993197278912,0.17033931711187514
attack_heavy&has_night_post,202,0.017416287597813065,0.024033466741161802,0.05619623788500256,0.6881188118811881,0.3118811881188119,long,0.6881188118811881,0.17033139497071687
has_china&has_exclamation,307,0.014342582488818506,0.020024119069629087,0.05793121585125039,0.6742671009771987,0.3257328990228013,long,0.6742671009771987,0.16944490475776014
has_china,307,0.014342582488818506,0.020024119069629087,0.05793121585125039,0.6742671009771987,0.3257328990228013,long,0.6742671009771987,0.16944490475776014
positive_heavy&has_uppercase_phrase,220,0.01719883992432978,0.021355277076827273,0.05551021037239654,0.6636363636363637,0.33636363636363636,long,0.6636363636363637,0.16929365046805264
has_attack&has_all_caps,144,0.019905244335883174,0.025405443179080334,0.0515598662332557,0.7083333333333334,0.2916666666666667,long,0.7083333333333334,0.169194576855007
pre_deal&deal_only,131,0.020648641797865828,0.026411329511675463,0.052957477622321066,0.7099236641221374,0.2900763358778626,long,0.7099236641221374,0.1677794595610252
has_action&has_night_post,125,0.021798660389956367,0.026594241803403973,0.05774772252779249,0.688,0.312,long,0.688,0.1676769053892883
has_iran&deal_only,58,0.027133010186742936,0.029260478496176523,0.041580600719350595,0.8103448275862069,0.1896551724137931,long,0.8103448275862069,0.1674487226772833
has_all_caps,184,0.017949659516961237,0.023481348419139847,0.050725771060756535,0.6847826086956522,0.31521739130434784,long,0.6847826086956522,0.16673157342419326
has_all_caps&has_exclamation,184,0.017949659516961237,0.023481348419139847,0.050725771060756535,0.6847826086956522,0.31521739130434784,long,0.6847826086956522,0.16673157342419326
has_uppercase_phrase&volume_drop,28,0.04006156469137968,0.0524166685229942,0.04861937352667421,0.7857142857142857,0.21428571428571427,long,0.7857142857142857,0.16656033005152623
has_all_caps&lots_of_excl,177,0.018112423101937957,0.02384195965867031,0.050785074322630616,0.6892655367231638,0.3107344632768362,long,0.6892655367231638,0.16609239676135576
has_relief&has_action,26,0.04456081353247499,0.032247163430077386,0.05932212931233695,0.7307692307692307,0.2692307692307692,long,0.7307692307692307,0.16604279604344338
has_deal&pre_action,49,0.02978366709120304,0.03200527785609242,0.05937380456509994,0.7959183673469388,0.20408163265306123,long,0.7959183673469388,0.16593757379384552
has_night_post&has_all_caps,111,0.021741153246636377,0.026038262561894898,0.05076015487591312,0.7207207207207207,0.27927927927927926,long,0.7207207207207207,0.16508631552740255
has_action&has_china,88,0.024877951351442183,0.027521192022677776,0.06313974334936552,0.7045454545454546,0.29545454545454547,long,0.7045454545454546,0.16442390853721253
posts_high&has_uppercase_phrase,191,0.01772134762133114,0.020092453004893596,0.0551912067378531,0.6701570680628273,0.3298429319371728,long,0.6701570680628273,0.1641307790125373
attack_heavy&deal_only,107,0.02290039552482151,0.03072053030935651,0.04821769149876562,0.6915887850467289,0.308411214953271,long,0.6915887850467289,0.16382599495893
deal_heavy&deal_only,100,0.023070926624679834,0.029132818214915424,0.050406671897842224,0.71,0.29,long,0.71,0.1638035790352268
has_positive&has_china,299,0.014095009539233282,0.020024119069629087,0.058439365934583945,0.6688963210702341,0.3311036789297659,long,0.6688963210702341,0.16302708965490406
has_action&short_posts,104,0.023025127141644116,0.023498008749534893,0.05827844356473425,0.6923076923076923,0.3076923076923077,long,0.6923076923076923,0.16256156205904365
posts_very_high&has_attack,200,0.017215109336271198,0.02391158517963876,0.05934295863102382,0.665,0.335,long,0.665,0.1618998433222513
has_china&exclamation_heavy,300,0.013948086368415455,0.01909809302923704,0.058330217065683504,0.67,0.33,long,0.67,0.16186392153164475
has_deal&lots_of_excl,325,0.01332883852198678,0.01941141676224145,0.05424706133570212,0.6707692307692308,0.3292307692307692,long,0.6707692307692308,0.16117850369049
has_china&lots_of_excl,282,0.01439583323031095,0.01909809302923704,0.05937359099671682,0.6666666666666666,0.3333333333333333,long,0.6666666666666666,0.16116476601343088
has_relief&attack_heavy,45,0.030837875618749278,0.03933246648219324,0.05624865462994629,0.7777777777777778,0.2222222222222222,long,0.7777777777777778,0.16089636771881582
attack_heavy&deal_over_tariff,131,0.020440682280369236,0.02724477990062102,0.04865211183781865,0.6870229007633588,0.31297709923664124,long,0.6870229007633588,0.160731963263502
pre_action&deal_over_tariff,43,0.03097055506521622,0.03200527785609242,0.06097947151837888,0.7906976744186046,0.20930232558139536,long,0.7906976744186046,0.16058082257499118
posts_high&has_attack,359,0.013104932400511334,0.01941141676224145,0.05833449873494495,0.6462395543175488,0.35376044568245124,long,0.6462395543175488,0.16046323579858096
posts_very_high&has_uppercase_phrase,129,0.021111451167116498,0.02561700129626443,0.0567926526057832,0.6666666666666666,0.3333333333333333,long,0.6666666666666666,0.15985332829985704
has_all_caps&short_posts,113,0.02143484064325934,0.02561700129626443,0.05193358784834518,0.6991150442477876,0.3008849557522124,long,0.6991150442477876,0.1592971950383685
has_action&pre_deal,52,0.029446480927330234,0.02905700615740181,0.05503697990151945,0.75,0.25,long,0.75,0.15925619529819235
has_action&has_uppercase_phrase,88,0.024441270239339216,0.025325690648939747,0.060353772384839646,0.6931818181818182,0.3068181818181818,long,0.6931818181818182,0.1589323378718796
pre_deal&short_posts,81,0.023624080169251188,0.026038262561894898,0.049823086848576184,0.7407407407407407,0.25925925925925924,long,0.7407407407407407,0.1574938677950079
positive_heavy&has_china,246,0.014690995973775657,0.01971776791593527,0.06010375433120967,0.6829268292682927,0.3170731707317073,long,0.6829268292682927,0.15735950033305524
attack_heavy&positive_heavy,253,0.014796632354545251,0.02144328153884545,0.05627856469857505,0.6640316205533597,0.3359683794466403,long,0.6640316205533597,0.1562830593858095
has_deal&has_action,106,0.021640732439093615,0.028459511857160558,0.05678949509673778,0.6981132075471698,0.3018867924528302,long,0.6981132075471698,0.1555430972716942
has_action&deal_over_tariff,93,0.022789115462761075,0.02862406860642497,0.05749904791138799,0.6989247311827957,0.3010752688172043,long,0.6989247311827957,0.15360287735336334
has_deal&has_attack,261,0.014087983104842872,0.019970704724304955,0.054110901260178076,0.6743295019157088,0.32567049808429116,long,0.6743295019157088,0.15347627016400156
has_iran&deal_over_tariff,66,0.024403541966069742,0.028374036989428086,0.04592171110062214,0.7727272727272727,0.22727272727272727,long,0.7727272727272727,0.15319728665479232
has_china&pre_action,33,0.03505139507581546,0.0312793753967322,0.07432755302115905,0.7575757575757576,0.24242424242424243,long,0.7575757575757576,0.1525416173193761
attack_heavy&has_all_caps,92,0.023192240536870117,0.025405443179080334,0.049810296963613526,0.6847826086956522,0.31521739130434784,long,0.6847826086956522,0.15233136805581057
posts_high&has_deal,223,0.01502292131925465,0.023120737179609385,0.0568507360271654,0.6771300448430493,0.32286995515695066,long,0.6771300448430493,0.15190739227143685
has_action&positive_heavy,150,0.018410923310860708,0.024033466741161802,0.05920272761065821,0.6733333333333333,0.32666666666666666,long,0.6733333333333333,0.1518278049439074
pre_deal&deal_over_tariff,156,0.01752404224352533,0.023204679293525654,0.05308875711407551,0.6923076923076923,0.3076923076923077,long,0.6923076923076923,0.15152899670953568
posts_high&has_china,205,0.015554197796446973,0.023188487545753977,0.06174829857714975,0.6780487804878049,0.32195121951219513,long,0.6780487804878049,0.15100296924729065
has_deal&has_iran,76,0.022871684327218922,0.028211499611769275,0.04653983703275356,0.75,0.25,long,0.75,0.14954304097636553
has_attack&has_china,240,0.01433926897695751,0.01909533368640992,0.056666042441667806,0.6708333333333333,0.32916666666666666,long,0.6708333333333333,0.14902092901786268
posts_high&has_action,138,0.01878498883109586,0.02315461236268168,0.05969951547945704,0.6739130434782609,0.32608695652173914,long,0.6739130434782609,0.14871485313111468
has_action&attack_heavy,96,0.021579361810717842,0.027281162844595475,0.05517948626840525,0.6979166666666666,0.3020833333333333,long,0.6979166666666666,0.1475631042728227
pre_deal&has_exclamation,176,0.016132734641617606,0.022244386286562223,0.05383234005202318,0.6875,0.3125,long,0.6875,0.14714212603368929
has_deal&pre_deal,176,0.016132734641617606,0.022244386286562223,0.05383234005202318,0.6875,0.3125,long,0.6875,0.14714212603368929
pre_deal,176,0.016132734641617606,0.022244386286562223,0.05383234005202318,0.6875,0.3125,long,0.6875,0.14714212603368929
has_deal&positive_heavy,275,0.013300760977610593,0.020304747017842795,0.055604225302613844,0.6654545454545454,0.33454545454545453,long,0.6654545454545454,0.1467780899413656
has_positive&volume_drop,112,0.01863142569825169,0.025596226353667206,0.054539302904488496,0.7410714285714286,0.25892857142857145,long,0.7410714285714286,0.1461218526555932
attack_heavy&has_china,141,0.017869418273951363,0.025193885061896237,0.05978018530099362,0.6879432624113475,0.3120567375886525,long,0.6879432624113475,0.1459730197991682
has_deal&has_china,157,0.017007774414013754,0.025264474126150516,0.054915536327562194,0.6815286624203821,0.3184713375796178,long,0.6815286624203821,0.1452383941237496
has_relief&has_attack,74,0.023975814165262822,0.02728700877364809,0.05746638275943097,0.7027027027027027,0.2972972972972973,long,0.7027027027027027,0.14493085275096573
has_uppercase_phrase&deal_only,96,0.02113226181862743,0.025791793624995285,0.05876239033978083,0.6979166666666666,0.3020833333333333,long,0.6979166666666666,0.14450576349824765
pre_deal&has_night_post,101,0.02053931329710574,0.023425814763349706,0.056371821781658046,0.693069306930693,0.3069306930693069,long,0.693069306930693,0.14306166414396332
attack_heavy&has_uppercase_phrase,138,0.018447730989945645,0.022800822486231276,0.05072759132673393,0.6594202898550725,0.34057971014492755,long,0.6594202898550725,0.14290413849413325
posts_high&has_all_caps,128,0.018582320985001892,0.023588938337042453,0.053016371872466675,0.6796875,0.3203125,long,0.6796875,0.14289407631814416
has_action&has_attack,148,0.017337418192864332,0.022294791863968433,0.05850172327030388,0.6756756756756757,0.32432432432432434,long,0.6756756756756757,0.1425126996698187
deal_heavy&has_night_post,98,0.021340560790987475,0.026479292116553088,0.05315733284491476,0.673469387755102,0.32653061224489793,long,0.673469387755102,0.14227766378223508
positive_heavy&has_all_caps,146,0.01696964850713245,0.023481348419139847,0.05274331980306497,0.6917808219178082,0.3082191780821918,long,0.6917808219178082,0.1418462284233535
has_exclamation&china_streak_3d,72,0.02252354262372471,0.028544145616675842,0.059638054087353565,0.7361111111111112,0.2638888888888889,long,0.7361111111111112,0.14068452257595654
china_streak_3d,72,0.02252354262372471,0.028544145616675842,0.059638054087353565,0.7361111111111112,0.2638888888888889,long,0.7361111111111112,0.14068452257595654
has_all_caps&has_uppercase_phrase,132,0.01776129332654819,0.02530936155278274,0.052605143939510345,0.6893939393939394,0.3106060606060606,long,0.6893939393939394,0.14067891606073252
has_relief&deal_over_tariff,43,0.02880712196061042,0.032355354870430286,0.06451453401966754,0.7441860465116279,0.2558139534883721,long,0.7441860465116279,0.1405774372604822
has_deal&attack_heavy,151,0.016928188095467058,0.023766030864802,0.054079765288999194,0.6754966887417219,0.32450331125827814,long,0.6754966887417219,0.14051483381998395
volume_spike,177,0.015655172189301948,0.021854340661405347,0.05878309657578081,0.672316384180791,0.327683615819209,long,0.672316384180791,0.140029061126091
deal_heavy&pre_action,25,0.0349259775572474,0.03673779318867121,0.06217693693026756,0.8,0.2,long,0.8,0.13970391022898962
has_night_post&all_caps_heavy,26,0.03378871872301842,0.03454509182371701,0.05403914696740747,0.8076923076923077,0.19230769230769232,long,0.8076923076923077,0.13915677147182096
has_positive&pre_deal,172,0.015536863131092787,0.022244386286562223,0.05396807322921645,0.6802325581395349,0.31976744186046513,long,0.6802325581395349,0.13860694077428282
posts_very_high&has_all_caps,92,0.021081905790627443,0.024837070395369976,0.05215255760264554,0.6847826086956522,0.31521739130434784,long,0.6847826086956522,0.13847025884388267
pre_deal&exclamation_heavy,170,0.015671103949897958,0.021716678154215074,0.05456272961090446,0.6764705882352942,0.3235294117647059,long,0.6764705882352942,0.13822066276083392
has_china&has_night_post,186,0.015029667809061264,0.02016443304373594,0.06297905938751192,0.6612903225806451,0.3387096774193548,long,0.6612903225806451,0.13554953157158048
has_uppercase_phrase&deal_over_tariff,115,0.018616031906109016,0.02236533857344747,0.05826048181993343,0.6782608695652174,0.3217391304347826,long,0.6782608695652174,0.13540440624985364
posts_very_high&deal_heavy,80,0.02123457285044817,0.03137768770018401,0.056802798521622386,0.7125,0.2875,long,0.7125,0.13532355284530473
posts_very_high&pre_deal,71,0.022749315496046918,0.0312793753967322,0.05811075098416652,0.704225352112676,0.29577464788732394,long,0.704225352112676,0.1349923518358684
has_china&has_all_caps,87,0.020974117343379842,0.02405713949447552,0.05162972576605201,0.6896551724137931,0.3103448275862069,long,0.6896551724137931,0.13491968466597792
deal_heavy&deal_over_tariff,141,0.016859064950742082,0.023120737179609385,0.05138663620587143,0.6737588652482269,0.3262411347517731,long,0.6737588652482269,0.13487999238870027
has_relief&has_night_post,61,0.024395093862369925,0.027159238940057895,0.05783944791035031,0.7049180327868853,0.29508196721311475,long,0.7049180327868853,0.1343092832637434
deal_heavy&has_action,61,0.02371404542655534,0.03616300295131314,0.05914414435655389,0.7213114754098361,0.2786885245901639,long,0.7213114754098361,0.13359598502813672
pre_action&short_posts,37,0.031005978664390192,0.0312793753967322,0.06988016152554154,0.7027027027027027,0.2972972972972973,long,0.7027027027027027,0.13253113881376882
short_posts&volume_drop,83,0.01942171733944721,0.020855785663556503,0.047462161748882986,0.7469879518072289,0.25301204819277107,long,0.7469879518072289,0.13217224675258837
all_caps_heavy&short_posts,26,0.03354827689215041,0.03845623285879107,0.04916444790178015,0.7692307692307693,0.23076923076923078,long,0.7692307692307693,0.13158716809268373
has_russia&deal_only,97,0.018683350223320943,0.023826985439109993,0.049846313665269364,0.711340206185567,0.28865979381443296,long,0.711340206185567,0.1308934692075711
deal_over_tariff&volume_drop,21,0.03293349614224895,0.03252110926545404,0.052337649247191025,0.8571428571428571,0.14285714285714285,long,0.8571428571428571,0.12936020483262167
deal_only&volume_drop,21,0.03293349614224895,0.03252110926545404,0.052337649247191025,0.8571428571428571,0.14285714285714285,long,0.8571428571428571,0.12936020483262167
has_deal&has_uppercase_phrase,127,0.017072392809589693,0.01835775373537829,0.05844276488083679,0.6692913385826772,0.33070866141732286,long,0.6692913385826772,0.1287690405726353
deal_heavy&short_posts,67,0.02283889313158238,0.023120737179609385,0.05190237741255047,0.6865671641791045,0.31343283582089554,long,0.6865671641791045,0.12834988464552893
short_posts&volume_spike,102,0.01851681829291369,0.027486714951707958,0.06079773078793984,0.6862745098039216,0.3137254901960784,long,0.6862745098039216,0.1283406749553182
pre_deal&lots_of_excl,165,0.01485010148439265,0.020304747017842795,0.05454203616191843,0.6727272727272727,0.32727272727272727,long,0.6727272727272727,0.1283247504218317
has_action&has_iran,31,0.02940277071217769,0.03136224477670946,0.056976324581817804,0.7741935483870968,0.22580645161290322,long,0.7741935483870968,0.12674144434043244
attack_heavy&pre_deal,76,0.021239562326239657,0.027722794952106167,0.05065594215103141,0.6842105263157895,0.3157894736842105,long,0.6842105263157895,0.126689934232259
has_positive&volume_spike,144,0.015750741954590315,0.02091184139015312,0.05061657418008954,0.6666666666666666,0.3333333333333333,long,0.6666666666666666,0.12600593563672252
posts_high&has_relief,74,0.021244418675574826,0.0265590294265875,0.05904633893852861,0.6891891891891891,0.3108108108108108,long,0.6891891891891891,0.12595028888355417
has_relief&has_uppercase_phrase,41,0.028797794324972176,0.03641297035999491,0.06632419153075948,0.6829268292682927,0.3170731707317073,long,0.6829268292682927,0.12592887646710718
positive_heavy&pre_relief,26,0.035538473901201115,0.025154898275679405,0.06332037363607225,0.6923076923076923,0.3076923076923077,long,0.6923076923076923,0.1254540267038301
lots_of_excl&volume_drop,65,0.020887054688148138,0.029363452976566062,0.06037434511350221,0.7384615384615385,0.26153846153846155,long,0.7384615384615385,0.12435457366054736
posts_very_high&volume_spike,85,0.01976008056097927,0.028775692721452195,0.053327822280160704,0.6823529411764706,0.3176470588235294,long,0.6823529411764706,0.12431033635617608
posts_high&pre_relief,24,0.035804587294171346,0.025154898275679405,0.0631758550854476,0.7083333333333334,0.2916666666666667,long,0.7083333333333334,0.12424587320568162
attack_heavy&volume_spike,90,0.019022250390395685,0.023204679293525654,0.05111583766696132,0.6777777777777778,0.32222222222222224,long,0.6777777777777778,0.1223123961598776
posts_very_high&has_relief,46,0.026748495473836214,0.025907369239114075,0.06484477758464105,0.6739130434782609,0.32608695652173914,long,0.6739130434782609,0.12225936540274752
exclamation_heavy&volume_drop,100,0.01695361529505424,0.025596226353667206,0.057496947720800204,0.72,0.28,long,0.72,0.12206603012439052
deal_only&volume_spike,56,0.022829193618120778,0.03185879982356987,0.04582338025014791,0.7142857142857143,0.2857142857142857,long,0.7142857142857143,0.12202717276476305
exclamation_heavy&volume_spike,134,0.01567076807997231,0.02091184139015312,0.050413068823409034,0.6716417910447762,0.3283582089552239,long,0.6716417910447762,0.12183733574006683
has_action&volume_spike,53,0.024554477786922227,0.02892627190310093,0.05780571312177277,0.6792452830188679,0.32075471698113206,long,0.6792452830188679,0.121421408985979
has_positive&has_russia,290,0.011110834228852244,0.01650734727029246,0.05336569582447207,0.6413793103448275,0.3586206896551724,long,0.6413793103448275,0.12135582117636058
attack_heavy&has_market_brag,73,0.02073086729331568,0.02405713949447552,0.04224086022847327,0.684931506849315,0.3150684931506849,long,0.684931506849315,0.12131822451902045
pre_action&has_exclamation,74,0.020444290139832226,0.025325690648939747,0.06650947766699611,0.6891891891891891,0.3108108108108108,long,0.6891891891891891,0.12120662318200119
has_russia,301,0.010909783209770084,0.016497449556443833,0.052900945005258694,0.6378737541528239,0.36212624584717606,long,0.6378737541528239,0.12073525442576694
has_russia&has_exclamation,301,0.010909783209770084,0.016497449556443833,0.052900945005258694,0.6378737541528239,0.36212624584717606,long,0.6378737541528239,0.12073525442576694
has_positive&china_streak_3d,68,0.020223146380384995,0.028544145616675842,0.05959943091959083,0.7205882352941176,0.27941176470588236,long,0.7205882352941176,0.12016841946541428
has_attack&volume_drop,52,0.021632811718014608,0.023484205031920946,0.05600306196822076,0.7692307692307693,0.23076923076923078,long,0.7692307692307693,0.11999724904886139
has_russia&lots_of_excl,278,0.011164365122383437,0.01650734727029246,0.05366392585925927,0.6438848920863309,0.35611510791366907,long,0.6438848920863309,0.11985734805992845
has_attack&pre_relief,22,0.03743981399757652,0.022352872261627965,0.06509527815641598,0.6818181818181818,0.3181818181818182,long,0.6818181818181818,0.11973292746756187
lots_of_excl&volume_spike,129,0.015576294071614424,0.020380401241460788,0.04995471780007963,0.6744186046511628,0.32558139534883723,long,0.6744186046511628,0.11931321142316202
has_iran&exclamation_heavy,115,0.015983498846619197,0.023826985439109993,0.04910315943222866,0.6956521739130435,0.30434782608695654,long,0.6956521739130435,0.11923751621580728
pre_action&exclamation_heavy,73,0.020285920445088937,0.02405713949447552,0.06695570549490834,0.684931506849315,0.3150684931506849,long,0.684931506849315,0.1187143700411324
posts_high&volume_spike,115,0.016491797570313924,0.02144328153884545,0.05062105693309695,0.6695652173913044,0.33043478260869563,long,0.6695652173913044,0.11841584008749616
has_night_post&china_streak_3d,47,0.023844551589302588,0.029363452976566062,0.0643059786878367,0.723404255319149,0.2765957446808511,long,0.723404255319149,0.11825490070472083
has_uppercase_phrase&china_streak_3d,33,0.027079509177102758,0.03014409646732541,0.06458450055834668,0.7575757575757576,0.24242424242424243,long,0.7575757575757576,0.11784843704952142
exclamation_heavy&china_streak_3d,68,0.01982840050600913,0.02744203859842176,0.05946109731654308,0.7205882352941176,0.27941176470588236,long,0.7205882352941176,0.1178227909997938
deal_heavy&has_positive,159,0.0141483183404047,0.023120737179609385,0.0544989543672338,0.660377358490566,0.33962264150943394,long,0.660377358490566,0.11781363609858199
deal_heavy,159,0.0141483183404047,0.023120737179609385,0.0544989543672338,0.660377358490566,0.33962264150943394,long,0.660377358490566,0.11781363609858199
deal_heavy&has_exclamation,159,0.0141483183404047,0.023120737179609385,0.0544989543672338,0.660377358490566,0.33962264150943394,long,0.660377358490566,0.11781363609858199
has_deal&deal_heavy,159,0.0141483183404047,0.023120737179609385,0.0544989543672338,0.660377358490566,0.33962264150943394,long,0.660377358490566,0.11781363609858199
has_russia&exclamation_heavy,294,0.01071486545370115,0.016341201284282847,0.05289050979116201,0.6394557823129252,0.36054421768707484,long,0.6394557823129252,0.1174818849652106
deal_heavy&lots_of_excl,154,0.014238391070289545,0.023052140501655494,0.05436560324702933,0.6623376623376623,0.33766233766233766,long,0.6623376623376623,0.11703094945117493
has_russia&deal_over_tariff,116,0.015902496070669465,0.02330715115455184,0.04981773979513961,0.6810344827586207,0.31896551724137934,long,0.6810344827586207,0.11664426573523708
posts_high&pre_action,57,0.02255928404221609,0.02731754578856993,0.0690809104743348,0.6842105263157895,0.3157894736842105,long,0.6842105263157895,0.11653395649793159
pre_action,75,0.019785539264787537,0.02405713949447552,0.0663044485887281,0.68,0.32,long,0.68,0.11651650148998738
has_action&pre_action,75,0.019785539264787537,0.02405713949447552,0.0663044485887281,0.68,0.32,long,0.68,0.11651650148998738
open_deal&short_posts,47,0.023410937794909683,0.026038262561894898,0.0507939340852476,0.723404255319149,0.2765957446808511,long,0.723404255319149,0.11610443224201614
has_relief&positive_heavy,83,0.01910112329710384,0.02561700129626443,0.05879775936731535,0.6626506024096386,0.3373493975903614,long,0.6626506024096386,0.11531413650231406
posts_very_high&has_market_brag,67,0.020389878221486926,0.023425814763349706,0.04141221578593696,0.6865671641791045,0.31343283582089554,long,0.6865671641791045,0.1145869242693422
deal_over_tariff&volume_spike,69,0.019807901082827494,0.028775692721452195,0.04880924179935659,0.6956521739130435,0.30434782608695654,long,0.6956521739130435,0.11446037134534652
has_china&pre_deal,80,0.01795092826278455,0.02682805470614824,0.056823575603663135,0.7125,0.2875,long,0.7125,0.11439756318620413
deal_heavy&exclamation_heavy,158,0.013764940331890173,0.023052140501655494,0.05445673169648309,0.6582278481012658,0.34177215189873417,long,0.6582278481012658,0.113888304891707
has_deal&volume_drop,22,0.029639783456848513,0.030570569564333905,0.05336157774037018,0.8181818181818182,0.18181818181818182,long,0.8181818181818182,0.11374601518125495
positive_heavy&has_russia,231,0.011497731539988558,0.01651724498414109,0.05486060830025559,0.6493506493506493,0.35064935064935066,long,0.6493506493506493,0.113474279323918
has_market_brag&has_exclamation,177,0.012659395364527261,0.019680099117237004,0.044090643295153116,0.672316384180791,0.327683615819209,long,0.672316384180791,0.11323307248770563
has_market_brag,177,0.012659395364527261,0.019680099117237004,0.044090643295153116,0.672316384180791,0.327683615819209,long,0.672316384180791,0.11323307248770563
lots_of_excl&china_streak_3d,66,0.01955588227859168,0.02744203859842176,0.060222550832314446,0.7121212121212122,0.2878787878787879,long,0.7121212121212122,0.11313664723314357
has_iran,121,0.014954159041557103,0.023826985439109993,0.04986414815981461,0.6859504132231405,0.3140495867768595,long,0.6859504132231405,0.11283592731356724
positive_heavy&volume_spike,122,0.015189922870329773,0.02091184139015312,0.04998701820448825,0.6721311475409836,0.32786885245901637,long,0.6721311475409836,0.11276894195027688
has_positive&has_market_brag,173,0.012730131413327277,0.020024119069629087,0.04446463153540026,0.6705202312138728,0.32947976878612717,long,0.6705202312138728,0.11227106039780498
positive_heavy&pre_deal,138,0.014614724683079386,0.02037727975128567,0.05650095353879352,0.6521739130434783,0.34782608695652173,long,0.6521739130434783,0.11196791848541168
has_relief&exclamation_heavy,95,0.01754986260024817,0.02564712801923874,0.057166531250783664,0.6526315789473685,0.3473684210526316,long,0.6526315789473685,0.11163583048152567
has_positive&all_caps_heavy,30,0.027611076746519796,0.03454509182371701,0.05679082038612299,0.7333333333333333,0.26666666666666666,long,0.7333333333333333,0.11090353685455179
deal_heavy&has_uppercase_phrase,62,0.021207751462091026,0.024264434255898637,0.059999207259869354,0.6612903225806451,0.3387096774193548,long,0.6612903225806451,0.11042887229203548
has_market_brag&exclamation_heavy,175,0.012476731729094357,0.01941141676224145,0.04429939450274449,0.6685714285714286,0.3314285714285714,long,0.6685714285714286,0.11034881518903289
has_uppercase_phrase&volume_spike,83,0.018543045935523052,0.020092453004893596,0.05376177651322155,0.6506024096385542,0.3493975903614458,long,0.6506024096385542,0.10990964061364625
pre_action&lots_of_excl,70,0.018992754885535396,0.02362281352011475,0.06720507669279732,0.6857142857142857,0.3142857142857143,long,0.6857142857142857,0.10896328324448391
has_action&has_all_caps,53,0.020870691155707728,0.0238752803194604,0.057866439040593805,0.7169811320754716,0.2830188679245283,long,0.7169811320754716,0.10893877647158333
pre_action&has_uppercase_phrase,29,0.029135278684314033,0.026594241803403973,0.06765071332826356,0.6896551724137931,0.3103448275862069,long,0.6896551724137931,0.1082057085633269
positive_heavy&volume_drop,39,0.02177577377101914,0.03120646662593818,0.06289422335501933,0.7948717948717948,0.20512820512820512,long,0.7948717948717948,0.10809434800054657
has_iran&has_exclamation,120,0.014403226128286569,0.022618659193690327,0.049702034812560296,0.6833333333333333,0.31666666666666665,long,0.6833333333333333,0.1078159486345748
sig_potus&short_posts,30,0.025652566371085393,0.025907369239114075,0.035476387565244856,0.7666666666666667,0.23333333333333334,long,0.7666666666666667,0.10772041765495466
has_positive&pre_action,72,0.018649883109755135,0.02362281352011475,0.06641972162615536,0.6805555555555556,0.3194444444444444,long,0.6805555555555556,0.10769758032449521
has_relief&has_positive,93,0.01718682069315753,0.02561700129626443,0.05771982231616324,0.6451612903225806,0.3548387096774194,long,0.6451612903225806,0.10693141706878585
has_attack&volume_spike,122,0.014937110935425385,0.018815033622821997,0.05142268279342366,0.6475409836065574,0.3524590163934426,long,0.6475409836065574,0.10683505609842935
has_positive&has_iran,116,0.014514684721636103,0.020751392976582128,0.05003342199767613,0.6810344827586207,0.31896551724137934,long,0.6810344827586207,0.10646471687274141
has_china&has_iran,43,0.02249865083017928,0.02411205936939509,0.05071166738148437,0.7209302325581395,0.27906976744186046,long,0.7209302325581395,0.10636137466645908
has_iran&lots_of_excl,109,0.01479355495613875,0.020092453004893596,0.04887739232230235,0.6880733944954128,0.3119266055045872,long,0.6880733944954128,0.10627241841639999
has_deal&volume_spike,83,0.016938242624267873,0.023425814763349706,0.05220082869355647,0.6867469879518072,0.3132530120481928,long,0.6867469879518072,0.10597517902917983
has_attack&all_caps_heavy,28,0.02668027122981534,0.030027534059092198,0.05763720427402036,0.75,0.25,long,0.75,0.10588404387876421
uppercase_phrase_heavy&short_posts,38,0.024064255257554613,0.029459894594388802,0.050331896482473104,0.7105263157894737,0.2894736842105263,long,0.7105263157894737,0.1054009175310162
posts_high&pre_deal,115,0.014855925655462603,0.020304747017842795,0.05673800773453064,0.6608695652173913,0.3391304347826087,long,0.6608695652173913,0.10528448799480429
has_attack&has_market_brag,130,0.013726403917925333,0.019202950218317527,0.04598137201324096,0.6692307692307692,0.33076923076923076,long,0.6692307692307692,0.10473801790243538
positive_heavy&has_market_brag,140,0.013191102352054257,0.01971776791593527,0.043409962525448216,0.6642857142857143,0.3357142857142857,long,0.6642857142857143,0.10368120137980139
has_relief&has_exclamation,96,0.016381209042986167,0.025632064657751585,0.05800624341366783,0.6458333333333334,0.3541666666666667,long,0.6458333333333334,0.10365780910671929
has_relief,96,0.016381209042986167,0.025632064657751585,0.05800624341366783,0.6458333333333334,0.3541666666666667,long,0.6458333333333334,0.10365780910671929
attack_heavy&all_caps_heavy,25,0.02718972150805725,0.0312793753967322,0.058759061135613966,0.76,0.24,long,0.76,0.10332094173061755
has_market_brag&volume_spike,46,0.022604700152908143,0.02978554665973454,0.04240627527230403,0.6739130434782609,0.32608695652173914,long,0.6739130434782609,0.10331931747403005
has_relief&lots_of_excl,92,0.01676446476646054,0.02486453033282976,0.05791314019845343,0.6413043478260869,0.358695652173913,long,0.6413043478260869,0.10312116015889032
has_iran&pre_deal,42,0.022253115588438434,0.02396952240425254,0.04592622808147686,0.7142857142857143,0.2857142857142857,long,0.7142857142857143,0.10301190847169096
deal_heavy&positive_heavy,139,0.013324020679921325,0.022983543823701602,0.05590429991686915,0.6474820143884892,0.35251798561151076,long,0.6474820143884892,0.1017115815558264
has_night_post&volume_drop,40,0.020081590176725415,0.023276103739621523,0.055932570419926685,0.8,0.2,long,0.8,0.1016057023944249
has_market_brag&has_iran,30,0.02417796610032077,0.033077447813184224,0.04759280956785685,0.7666666666666667,0.23333333333333334,long,0.7666666666666667,0.10152826694601357
all_caps_heavy,32,0.024934754919761385,0.030027534059092198,0.056954745338624595,0.71875,0.28125,long,0.71875,0.10138132217318045
all_caps_heavy&lots_of_excl,32,0.024934754919761385,0.030027534059092198,0.056954745338624595,0.71875,0.28125,long,0.71875,0.10138132217318045
has_all_caps&all_caps_heavy,32,0.024934754919761385,0.030027534059092198,0.056954745338624595,0.71875,0.28125,long,0.71875,0.10138132217318045
all_caps_heavy&exclamation_heavy,32,0.024934754919761385,0.030027534059092198,0.056954745338624595,0.71875,0.28125,long,0.71875,0.10138132217318045
all_caps_heavy&has_exclamation,32,0.024934754919761385,0.030027534059092198,0.056954745338624595,0.71875,0.28125,long,0.71875,0.10138132217318045
attack_heavy&pre_action,42,0.021880925946338663,0.028661522456658317,0.062487386148052784,0.7142857142857143,0.2857142857142857,long,0.7142857142857143,0.10128900521377535
has_exclamation&volume_spike,153,0.012483314700242108,0.01941141676224145,0.0551307422635974,0.6535947712418301,0.3464052287581699,long,0.6535947712418301,0.1009216177782821
positive_heavy&tariff_only,44,0.020746701432966183,0.023318583300370843,0.0442761052571504,0.7272727272727273,0.2727272727272727,long,0.7272727272727273,0.10008585351371278
has_china&has_russia,132,0.013193954861621466,0.019858081890042123,0.05186912503810966,0.6590909090909091,0.3409090909090909,long,0.6590909090909091,0.09990961397669114
has_deal&has_relief,52,0.019877892032466798,0.025516190520303184,0.06560944491919908,0.6923076923076923,0.3076923076923077,long,0.6923076923076923,0.09923643549857925
has_attack&pre_action,64,0.018018344748270444,0.02362281352011475,0.06518574391978395,0.6875,0.3125,long,0.6875,0.09910089611548745
pre_action&has_night_post,47,0.021898088893948058,0.026594241803403973,0.07038013516761125,0.6595744680851063,0.3404255319148936,long,0.6595744680851063,0.09901910106041205
positive_heavy&has_chips,25,0.025933217081610494,0.026920321671211278,0.04922431625489476,0.76,0.24,long,0.76,0.09854622491011987
has_market_brag&has_china,70,0.017008658002309593,0.020874014278344122,0.04416608763730244,0.6857142857142857,0.3142857142857143,long,0.6857142857142857,0.09758032632357505
open_deal&deal_only,94,0.01431996659001108,0.02017555298288287,0.046981885976972546,0.7021276595744681,0.2978723404255319,long,0.7021276595744681,0.09748145739191319
has_market_brag&has_night_post,93,0.015341805552926545,0.01941141676224145,0.0437293514144242,0.6559139784946236,0.34408602150537637,long,0.6559139784946236,0.09704313873682414
has_iran&short_posts,50,0.019581449248201658,0.024084599431935305,0.05264800002213873,0.7,0.3,long,0.7,0.0969232288420453
pre_action&volume_spike,21,0.029471917301713852,0.03136224477670946,0.0669326219478713,0.7142857142857143,0.2857142857142857,long,0.7142857142857143,0.09646949422184456
lots_of_excl&has_chips,29,0.02349008851942034,0.035440658935864455,0.055789761679441684,0.7586206896551724,0.2413793103448276,long,0.7586206896551724,0.09596399849129815
posts_low&has_exclamation,140,0.01206238377901398,0.016713534040691536,0.050123454492319156,0.6714285714285714,0.32857142857142857,long,0.6714285714285714,0.09582900474621792
posts_high&tariff_only,26,0.02557460422338608,0.03263115811308148,0.045120208021112475,0.7307692307692307,0.2692307692307692,long,0.7307692307692307,0.09529625822160397
attack_heavy&has_russia,152,0.012171101739881784,0.01692112305280491,0.05328707924871478,0.631578947368421,0.3684210526315789,long,0.631578947368421,0.09477184420659453
has_night_post&volume_spike,102,0.014688022497705445,0.021681972532581195,0.05140176306589753,0.6372549019607843,0.3627450980392157,long,0.6372549019607843,0.09453151101737954
has_all_caps&uppercase_phrase_heavy,42,0.02109778696039379,0.02744203859842176,0.050481497420671845,0.6904761904761905,0.30952380952380953,long,0.6904761904761905,0.09440831693848376
has_positive&uppercase_phrase_heavy,52,0.020005957564532897,0.022111143906614728,0.049853665343156744,0.6538461538461539,0.34615384615384615,long,0.6538461538461539,0.09432712298712004
has_market_brag&lots_of_excl,164,0.011347246316036917,0.018651998940965475,0.0453144037912689,0.6463414634146342,0.35365853658536583,long,0.6463414634146342,0.09392353364536193
posts_very_high&has_russia,121,0.013413290579194449,0.01941141676224145,0.05672904236004055,0.6363636363636364,0.36363636363636365,long,0.6363636363636364,0.09389303405436114
posts_high&all_caps_heavy,31,0.023758740668921297,0.028775692721452195,0.057499909586068466,0.7096774193548387,0.2903225806451613,long,0.7096774193548387,0.09387830745958345
has_all_caps&volume_spike,48,0.01968652551177107,0.02459064050283266,0.054681728705489575,0.6875,0.3125,long,0.6875,0.09376967162994305
has_attack&pre_deal,129,0.012819151003731273,0.01850800734129221,0.056504931157333155,0.6434108527131783,0.35658914728682173,long,0.6434108527131783,0.09367905489234991
has_action&china_streak_3d,22,0.02928048259176993,0.02154572095195717,0.05687788395268856,0.6818181818181818,0.3181818181818182,long,0.6818181818181818,0.09363929795704995
positive_heavy&all_caps_heavy,28,0.02477194314178054,0.030027534059092198,0.05775875998609138,0.7142857142857143,0.2857142857142857,long,0.7142857142857143,0.09362914434997624
has_relief&short_posts,46,0.021878955220508766,0.019289126600901985,0.059753270124579094,0.6304347826086957,0.3695652173913043,long,0.6304347826086957,0.09355040273377913
has_russia&volume_spike,75,0.016383155562908844,0.022983543823701602,0.048807396704014086,0.6533333333333333,0.3466666666666667,long,0.6533333333333333,0.09269642888932518
has_china&volume_spike,74,0.016080083683594943,0.02042734915054345,0.05485400778489338,0.6621621621621622,0.33783783783783783,long,0.6621621621621622,0.09159431619202546
has_night_post&uppercase_phrase_heavy,45,0.021043833588912646,0.027159238940057895,0.05056007893786154,0.6444444444444445,0.35555555555555557,long,0.6444444444444445,0.09097385532987062
posts_low&has_attack,30,0.022531499690952566,0.012182614279367732,0.0403519650403001,0.7333333333333333,0.26666666666666666,long,0.7333333333333333,0.09050074465780626
has_china&all_caps_heavy,22,0.026467837106171142,0.030027534059092198,0.05814009275777976,0.7272727272727273,0.2727272727272727,long,0.7272727272727273,0.09028738930270871
posts_low&has_positive,86,0.01468271670304394,0.014691206149184066,0.0413574784575136,0.6627906976744186,0.3372093023255814,long,0.6627906976744186,0.09024684943423142
has_china&china_streak_3d,33,0.02249021431630973,0.027724838256785622,0.0637140881990772,0.696969696969697,0.30303030303030304,long,0.696969696969697,0.09004600717286294
positive_heavy&uppercase_phrase_heavy,51,0.0194685019753923,0.016497449556443833,0.05019735701931116,0.6470588235294118,0.35294117647058826,long,0.6470588235294118,0.08996247342060598
all_caps_heavy&has_uppercase_phrase,30,0.023448975297294044,0.030027534059092198,0.05822338670571851,0.7,0.3,long,0.7,0.0899047290449655
posts_very_high&all_caps_heavy,26,0.02529594215332272,0.030027534059092198,0.05827468984944896,0.6923076923076923,0.3076923076923077,long,0.6923076923076923,0.08929696337619704
posts_high&has_market_brag,112,0.01329862514787605,0.019858081890042123,0.04714248396594832,0.6339285714285714,0.36607142857142855,long,0.6339285714285714,0.08921873926231505
uppercase_phrase_heavy,54,0.018701660155416317,0.021828344248250864,0.050044051471497354,0.6481481481481481,0.35185185185185186,long,0.6481481481481481,0.08907407585165664
uppercase_phrase_heavy&lots_of_excl,54,0.018701660155416317,0.021828344248250864,0.050044051471497354,0.6481481481481481,0.35185185185185186,long,0.6481481481481481,0.08907407585165664
uppercase_phrase_heavy&exclamation_heavy,54,0.018701660155416317,0.021828344248250864,0.050044051471497354,0.6481481481481481,0.35185185185185186,long,0.6481481481481481,0.08907407585165664
uppercase_phrase_heavy&has_exclamation,54,0.018701660155416317,0.021828344248250864,0.050044051471497354,0.6481481481481481,0.35185185185185186,long,0.6481481481481481,0.08907407585165664
has_uppercase_phrase&uppercase_phrase_heavy,54,0.018701660155416317,0.021828344248250864,0.050044051471497354,0.6481481481481481,0.35185185185185186,long,0.6481481481481481,0.08907407585165664
has_relief&pre_deal,25,0.026195020537321274,0.02411205936939509,0.07360504282258992,0.68,0.32,long,0.68,0.08906306982689234
has_relief&has_all_caps,29,0.025198026286218547,0.02619773718196372,0.05941936311419187,0.6551724137931034,0.3448275862068966,long,0.6551724137931034,0.08890396423965831
has_market_brag&volume_drop,22,0.021935798762612688,0.030135885414348196,0.029844521533093513,0.8636363636363636,0.13636363636363635,long,0.8636363636363636,0.08885783219040921
has_positive&sig_potus,61,0.01688183481698994,0.020304747017842795,0.04398303338049624,0.6721311475409836,0.32786885245901637,long,0.6721311475409836,0.08862139575790687
has_relief&volume_spike,21,0.027022852818363845,0.03641297035999491,0.06784571640526087,0.7142857142857143,0.2857142857142857,long,0.7142857142857143,0.08845304895271648
positive_heavy&china_streak_3d,59,0.01655217181731277,0.023120737179609385,0.06166006203923882,0.6949152542372882,0.3050847457627119,long,0.6949152542372882,0.08835127815380078
posts_low&short_posts,127,0.01137409905617366,0.016766542288112696,0.061450014973651206,0.6850393700787402,0.31496062992125984,long,0.6850393700787402,0.08780806327528255
posts_high&has_chips,23,0.023369853775555588,0.04506828471102464,0.06248859366546873,0.782608695652174,0.21739130434782608,long,0.782608695652174,0.08771312459897082
deal_heavy&has_attack,123,0.012298872992454708,0.020380401241460788,0.05574519222330538,0.6422764227642277,0.35772357723577236,long,0.6422764227642277,0.08760721051162952
deal_heavy&attack_heavy,80,0.01504898605253469,0.021681972532581195,0.0533082935158018,0.65,0.35,long,0.65,0.08749144509537586
posts_high&has_iran,78,0.015149382545015327,0.017413379595839218,0.05049929917684742,0.6538461538461539,0.34615384615384615,long,0.6538461538461539,0.08748181947967851
has_attack&has_russia,268,0.008573817030957038,0.013878137486450393,0.05294628465462734,0.6231343283582089,0.376865671641791,long,0.6231343283582089,0.0874627816341681
has_attack&china_streak_3d,53,0.01764575479304887,0.02261810114876095,0.06316969460247106,0.6792452830188679,0.32075471698113206,long,0.6792452830188679,0.0872579098682451
has_positive&tariff_only,56,0.01700136883427621,0.02011402541753904,0.044686415165794094,0.6785714285714286,0.32142857142857145,long,0.6785714285714286,0.08633233202833708
has_relief&has_china,46,0.01950061350121004,0.025154898275679405,0.06745632863983293,0.6521739130434783,0.34782608695652173,long,0.6521739130434783,0.08625625802517017
exclamation_heavy&has_chips,30,0.021427010889519357,0.031180490303537867,0.055971945536798975,0.7333333333333333,0.26666666666666666,long,0.7333333333333333,0.08606441949672296
posts_high&china_streak_3d,41,0.019650640528615888,0.027724838256785622,0.06523203270368716,0.6829268292682927,0.3170731707317073,long,0.6829268292682927,0.08592960473649018
has_all_caps&china_streak_3d,22,0.023692702188284755,0.03318206092430631,0.063202103958032,0.7727272727272727,0.22727272727272727,long,0.7727272727272727,0.08587211834202163
has_relief&pre_relief,31,0.025110148754593536,0.01850800734129221,0.06456616288204857,0.6129032258064516,0.3870967741935484,long,0.6129032258064516,0.08568840116911433
pre_relief&has_exclamation,31,0.025110148754593536,0.01850800734129221,0.06456616288204857,0.6129032258064516,0.3870967741935484,long,0.6129032258064516,0.08568840116911433
pre_relief,31,0.025110148754593536,0.01850800734129221,0.06456616288204857,0.6129032258064516,0.3870967741935484,long,0.6129032258064516,0.08568840116911433
pre_relief&exclamation_heavy,31,0.025110148754593536,0.01850800734129221,0.06456616288204857,0.6129032258064516,0.3870967741935484,long,0.6129032258064516,0.08568840116911433
open_deal&deal_over_tariff,123,0.011442583398852282,0.01871998498532923,0.04831720437161372,0.6747967479674797,0.3252032520325203,long,0.6747967479674797,0.08563466894102653
deal_heavy&pre_deal,91,0.013803560771093775,0.020449812484728547,0.05754605249177305,0.6483516483516484,0.3516483516483517,long,0.6483516483516484,0.08537337434973198
posts_high&deal_heavy,117,0.012267832689720443,0.020380401241460788,0.05666937650764902,0.6410256410256411,0.358974358974359,long,0.6410256410256411,0.08506211500307764
positive_heavy&pre_action,62,0.01664923172541358,0.025325690648939747,0.07001942058816149,0.6451612903225806,0.3548387096774194,long,0.6451612903225806,0.08457818174332501
has_action&has_market_brag,40,0.01909471003891878,0.028459511857160558,0.04992480454749993,0.7,0.3,long,0.7,0.08453588497685204
posts_very_high&uppercase_phrase_heavy,45,0.01954790537642117,0.016497449556443833,0.051369647013231386,0.6444444444444445,0.35555555555555557,long,0.6444444444444445,0.08450686079619528
has_action&uppercase_phrase_heavy,25,0.02479495668432763,0.027724838256785622,0.047537204334927995,0.68,0.32,long,0.68,0.08430285272671395
has_iran&has_uppercase_phrase,49,0.018966849525529746,0.01651724498414109,0.05460059730181066,0.6326530612244898,0.3673469387755102,long,0.6326530612244898,0.0839960478987746
has_attack&has_iran,86,0.013857815464644523,0.018304848994517342,0.0503863863931776,0.6511627906976745,0.3488372093023256,long,0.6511627906976745,0.08368229363727042
has_attack&uppercase_phrase_heavy,50,0.018267818729752174,0.01576728838803998,0.050013088611123656,0.64,0.36,long,0.64,0.08267071040828407
has_night_post&sig_potus,41,0.0187313212973768,0.02261810114876095,0.044225948197221435,0.6829268292682927,0.3170731707317073,long,0.6829268292682927,0.081909545540354
deal_heavy&has_iran,39,0.019668332859652932,0.03348022685233465,0.05661003772263813,0.6666666666666666,0.3333333333333333,long,0.6666666666666666,0.081885799560244
has_exclamation&has_chips,31,0.020548273940397686,0.026920321671211278,0.05524823618602571,0.7096774193548387,0.2903225806451613,long,0.7096774193548387,0.08119273683826876
has_chips,31,0.020548273940397686,0.026920321671211278,0.05524823618602571,0.7096774193548387,0.2903225806451613,long,0.7096774193548387,0.08119273683826876
exclamation_heavy&tariff_only,56,0.01634893766955724,0.02011402541753904,0.04512706459356576,0.6607142857142857,0.3392857142857143,long,0.6607142857142857,0.08083459163202168
pre_relief&lots_of_excl,30,0.02455704092575105,0.01608032922089575,0.06559519757125118,0.6,0.4,long,0.6,0.0807026715636684
has_positive&pre_relief,30,0.02455704092575105,0.01608032922089575,0.06559519757125118,0.6,0.4,long,0.6,0.0807026715636684
pre_deal&has_uppercase_phrase,60,0.016303467155378636,0.015922728051409263,0.06295873156089721,0.6333333333333333,0.36666666666666664,long,0.6333333333333333,0.07998120525241334
sig_potus&exclamation_heavy,61,0.015592189166740022,0.020304747017842795,0.045051723086614835,0.6557377049180327,0.3442622950819672,long,0.6557377049180327,0.07985501008931573
pre_action&has_all_caps,20,0.025285236657581877,0.03859581315450622,0.07287378507257496,0.7,0.3,long,0.7,0.07915531119093171
sig_potus&has_exclamation,63,0.015281874954371456,0.01819979163851304,0.0443859962128797,0.6507936507936508,0.3492063492063492,long,0.6507936507936508,0.07893874612086618
sig_potus,63,0.015281874954371456,0.01819979163851304,0.0443859962128797,0.6507936507936508,0.3492063492063492,long,0.6507936507936508,0.07893874612086618
lots_of_excl&tariff_only,53,0.016382437822948365,0.01878476929623263,0.04600012645967182,0.660377358490566,0.33962264150943394,long,0.660377358490566,0.07876053143750822
has_attack&open_deal,104,0.011229769347202385,0.019691060743273203,0.048664278662344684,0.6826923076923077,0.3173076923076923,long,0.6826923076923077,0.07818303318176358
attack_heavy&has_iran,51,0.016279975650630333,0.01651724498414109,0.05353466159183899,0.6666666666666666,0.3333333333333333,long,0.6666666666666666,0.07750818728493122
posts_high&uppercase_phrase_heavy,51,0.017239420541091285,0.015037127219636126,0.051080912476798024,0.6274509803921569,0.37254901960784315,long,0.6274509803921569,0.07724805518039521
has_attack&has_chips,28,0.020406251484337657,0.031180490303537867,0.05686710068125192,0.7142857142857143,0.2857142857142857,long,0.7142857142857143,0.07712838088371445
has_deal&has_russia,138,0.009954447452070646,0.02037727975128567,0.05617690722072877,0.6594202898550725,0.34057971014492755,long,0.6594202898550725,0.0771114744733963
has_russia&short_posts,141,0.01061797558312324,0.01732500112146873,0.05514241594014671,0.6099290780141844,0.3900709219858156,long,0.6099290780141844,0.07690075740241581
has_positive&has_chips,30,0.020026145986176615,0.025479585250453685,0.05611487407510069,0.7,0.3,long,0.7,0.0767814032756433
has_positive&high_emotion,25,0.021286951719525594,0.04335259939304281,0.05392757099190792,0.72,0.28,long,0.72,0.07663302619029214
positive_heavy&has_iran,94,0.012176402029743955,0.01887540870298554,0.05083703730703178,0.648936170212766,0.35106382978723405,long,0.648936170212766,0.07660989851444634
sig_potus&lots_of_excl,60,0.015136743525616158,0.019252269328177918,0.045290076120528544,0.65,0.35,long,0.65,0.07621166226768161
has_iran&has_night_post,70,0.014134890722081971,0.017413379595839218,0.05284070509446414,0.6428571428571429,0.35714285714285715,long,0.6428571428571429,0.07602491601381446
has_iran&volume_spike,38,0.01774363452404828,0.01756479011226486,0.053550984165590676,0.6842105263157895,0.3157894736842105,long,0.6842105263157895,0.07483833782141532
pre_deal&volume_spike,41,0.017747406322423366,0.022983543823701602,0.05122218182321853,0.6585365853658537,0.34146341463414637,long,0.6585365853658537,0.07483533864673919
open_deal,137,0.009663532084901911,0.016594343562424285,0.050403615314882334,0.656934306569343,0.34306569343065696,long,0.656934306569343,0.07430501373594808
open_deal&has_exclamation,137,0.009663532084901911,0.016594343562424285,0.050403615314882334,0.656934306569343,0.34306569343065696,long,0.656934306569343,0.07430501373594808
has_deal&open_deal,137,0.009663532084901911,0.016594343562424285,0.050403615314882334,0.656934306569343,0.34306569343065696,long,0.656934306569343,0.07430501373594808
open_deal&lots_of_excl,128,0.009848429656190382,0.017657164273876758,0.05095157800909557,0.6640625,0.3359375,long,0.6640625,0.07399134606051601
pre_relief&short_posts,24,0.024125979836138362,0.01608032922089575,0.06809471068235345,0.625,0.375,long,0.625,0.07387042517901837
has_china&tariff_rising,25,-0.02449395575098298,-0.015559795572004487,0.05532289489109443,0.4,0.6,short,0.6,0.07348186725294893
has_all_caps&deal_only,59,0.014348471957498535,0.01850800734129221,0.05284807258593857,0.6610169491525424,0.3389830508474576,long,0.6610169491525424,0.07285246559703935
attack_heavy&uppercase_phrase_heavy,44,0.01723719750934851,0.01576728838803998,0.050569582867265116,0.6363636363636364,0.36363636363636365,long,0.6363636363636364,0.07276094836914607
has_tariff&short_posts,43,0.015877348333665147,0.017353418249324015,0.06707847032519784,0.6976744186046512,0.3023255813953488,long,0.6976744186046512,0.07263818764670094
deal_heavy&has_relief,32,0.01851646411081949,0.023650361456336033,0.06696870670175684,0.6875,0.3125,long,0.6875,0.07201214534996789
has_russia&has_all_caps,70,0.013679617175352014,0.01650734727029246,0.056011458667544076,0.6142857142857143,0.38571428571428573,long,0.6142857142857143,0.07030616019470837
positive_heavy&sig_potus,46,0.014776192051444018,0.021461424083301872,0.04517505954158446,0.6956521739130435,0.30434782608695654,long,0.6956521739130435,0.06971618113873115
has_russia&has_uppercase_phrase,115,0.011237154677960897,0.01218630806436094,0.05536136535908079,0.5739130434782609,0.4260869565217391,long,0.5739130434782609,0.06915942506971523
has_iran&open_deal,37,0.015949553075259797,0.027882437055499976,0.052332348887544226,0.7027027027027027,0.2972972972972973,long,0.7027027027027027,0.06817434971218969
has_positive&open_deal,131,0.009063141582014312,0.016594343562424285,0.051162949631346356,0.6564885496183206,0.3435114503816794,long,0.6564885496183206,0.06809913067017348
has_attack&sig_potus,54,0.014268523836402381,0.021461424083301872,0.043787144625695586,0.6481481481481481,0.35185185185185186,long,0.6481481481481481,0.06795950540929845
has_russia&pre_deal,68,0.012350295281410439,0.02362640010122985,0.0560581869686387,0.6617647058823529,0.3382352941176471,long,0.6617647058823529,0.06739619817285349
has_russia&has_night_post,175,0.00838531629786176,0.014652682528387917,0.054697698690566274,0.6057142857142858,0.3942857142857143,long,0.6057142857142858,0.0671902550973845
has_deal&has_all_caps,80,0.011733657257461592,0.015922728051409263,0.0547395750805628,0.6375,0.3625,long,0.6375,0.06690500089353807
has_deal&uppercase_phrase_heavy,23,0.022895683552320932,0.0312793753967322,0.05952277789482122,0.6086956521739131,0.391304347826087,long,0.6086956521739131,0.06683712056487764
has_iran&has_russia,47,0.014635379795006518,0.014652682528387917,0.04811289404609679,0.6595744680851063,0.3404255319148936,long,0.6595744680851063,0.06617847603037957
has_tariff&tariff_only,59,0.013275073406531987,0.01640243830235999,0.04734953319962892,0.6440677966101694,0.3559322033898305,long,0.6440677966101694,0.065674159299502
has_exclamation&tariff_only,59,0.013275073406531987,0.01640243830235999,0.04734953319962892,0.6440677966101694,0.3559322033898305,long,0.6440677966101694,0.065674159299502
tariff_only,59,0.013275073406531987,0.01640243830235999,0.04734953319962892,0.6440677966101694,0.3559322033898305,long,0.6440677966101694,0.065674159299502
has_market_brag&short_posts,88,0.010747154846155106,0.01602910033270566,0.044845088604959976,0.6477272727272727,0.3522727272727273,long,0.6477272727272727,0.06530208169157076
deal_over_tariff&china_streak_3d,20,0.022401138220666576,0.022869419164185167,0.07667871301213532,0.65,0.35,long,0.65,0.0651176081852129
open_deal&exclamation_heavy,133,0.00872326902833469,0.015559459178438262,0.05074891355535982,0.6466165413533834,0.3533834586466165,long,0.6466165413533834,0.06505068845526593
posts_high&has_russia,184,0.007849721051377139,0.014885163381789357,0.05651883866956692,0.6086956521739131,0.391304347826087,long,0.6086956521739131,0.064813180716778
has_china&uppercase_phrase_heavy,37,0.01630802033007069,0.016497449556443833,0.05260710835490797,0.6486486486486487,0.35135135135135137,long,0.6486486486486487,0.06434452865325119
posts_high&open_deal,96,0.009833532163723338,0.018002880162332868,0.053029502327051316,0.6666666666666666,0.3333333333333333,long,0.6666666666666666,0.06423236312098342
has_market_brag&has_all_caps,48,0.015135307961338662,0.02059166773110732,0.04601412377129916,0.6041666666666666,0.3958333333333333,long,0.6041666666666666,0.06335321241166401
uppercase_phrase_heavy&volume_spike,27,0.019306053960217694,0.028775692721452195,0.05043044752948782,0.6296296296296297,0.37037037037037035,long,0.6296296296296297,0.06316268088855305
has_attack&tariff_only,44,0.014841601020876656,0.011614519128023137,0.044426437823095306,0.6363636363636364,0.36363636363636365,long,0.6363636363636364,0.06264875511287722
posts_very_high&china_streak_3d,25,0.019575316113884824,0.03014409646732541,0.07374069095362593,0.64,0.36,long,0.64,0.06264101156443144
posts_very_high&has_iran,50,0.014157184083669522,0.014885163381789357,0.05374461236646794,0.62,0.38,long,0.62,0.06206597338202767
has_deal&sig_potus,27,0.016911889021561658,0.020304747017842795,0.05492859683133405,0.7037037037037037,0.2962962962962963,long,0.7037037037037037,0.06183919663432343
has_relief&has_market_brag,25,0.01812162687944666,0.026920321671211278,0.04487851991243178,0.68,0.32,long,0.68,0.061613531390118645
posts_low&volume_spike,43,0.014359149771909009,0.0250193035202535,0.08040438233485594,0.6511627906976745,0.3488372093023256,long,0.6511627906976745,0.061312994719420366
positive_heavy&open_deal,111,0.008811855939813993,0.015559459178438262,0.05189132226175022,0.6486486486486487,0.35135135135135137,long,0.6486486486486487,0.06021967336339394
has_russia&pre_action,35,0.01617797827224459,0.023188487545753977,0.06272029806016269,0.6285714285714286,0.37142857142857144,long,0.6285714285714286,0.06016070354664925
deal_heavy&open_deal,91,0.009677730920009196,0.019970704724304955,0.051637857509834476,0.6483516483516484,0.3516483516483517,long,0.6483516483516484,0.05985560960619095
all_caps_heavy&uppercase_phrase_heavy,21,0.018193440431231448,0.027159238940057895,0.05588493550199951,0.7142857142857143,0.2857142857142857,long,0.7142857142857143,0.05955201280556295
has_relief&has_russia,33,0.01781101756800592,0.02619773718196372,0.06350898606092421,0.5757575757575758,0.42424242424242425,long,0.5757575757575758,0.058909503580060266
deal_heavy&volume_spike,46,0.013743141282654544,0.021681972532581195,0.057233242791641846,0.6304347826086957,0.3695652173913043,long,0.6304347826086957,0.05876315339840353
has_russia&uppercase_phrase_heavy,29,0.01779434441017777,0.015037127219636126,0.046104407926006966,0.5862068965517241,0.41379310344827586,long,0.5862068965517241,0.05617355564907718
sig_potus&deal_over_tariff,21,0.01816987390019109,0.020304747017842795,0.05251071012353091,0.6666666666666666,0.3333333333333333,long,0.6666666666666666,0.0555098816769521
deal_heavy&tariff_rising,21,-0.021168606783905603,-0.0034048522238094847,0.05927392167063748,0.42857142857142855,0.5714285714285714,short,0.5714285714285714,0.05543242453943035
uppercase_phrase_heavy&deal_over_tariff,22,0.019850647275222868,0.030027534059092198,0.05906146415184863,0.5909090909090909,0.4090909090909091,long,0.5909090909090909,0.05501823884960081
has_night_post&tariff_only,35,0.014693092317930973,0.01878476929623263,0.052746038641846404,0.6285714285714286,0.37142857142857144,long,0.6285714285714286,0.054638889745520273
has_all_caps&deal_over_tariff,73,0.01007104619279586,0.015328211118677437,0.05525493090824806,0.6301369863013698,0.3698630136986301,long,0.6301369863013698,0.05422143279402231
has_china&volume_drop,27,0.014728018212829139,0.020024119069629087,0.05199507920289167,0.7037037037037037,0.2962962962962963,long,0.7037037037037037,0.05385376010544189
open_deal&has_uppercase_phrase,61,0.010743352869550157,0.0105128802585579,0.053782336899940116,0.639344262295082,0.36065573770491804,long,0.639344262295082,0.053646269875977745
has_china&open_deal,68,0.010108438000790235,0.01707230815309202,0.053319698606648314,0.6323529411764706,0.36764705882352944,long,0.6323529411764706,0.052710611066247616
has_tariff&has_all_caps,36,0.01369186152614952,0.015503034674911653,0.057938790331486585,0.6388888888888888,0.3611111111111111,long,0.6388888888888888,0.05248546918357316
sig_potus&has_uppercase_phrase,34,0.013753549040897794,0.020408946393636995,0.04571283718037281,0.6470588235294118,0.35294117647058826,long,0.6470588235294118,0.05189171242644579
has_action&has_russia,74,0.010129008206510864,0.021197480292971527,0.055695614749843525,0.5945945945945946,0.40540540540540543,long,0.5945945945945946,0.051808824620240855
deal_heavy&open_tariff,22,-0.01859614824489214,-0.02792220392881717,0.06737108268758799,0.4090909090909091,0.5909090909090909,short,0.5909090909090909,0.05154125765445972
has_attack&brag_heavy,31,0.014244187365072176,0.025001721809301047,0.04240039079671194,0.6451612903225806,0.3548387096774194,long,0.6451612903225806,0.05116663147659518
has_russia&sig_potus,29,0.014493657429832276,0.01732500112146873,0.04399875020504684,0.6551724137931034,0.3448275862068966,long,0.6551724137931034,0.051136687739245845
has_russia&open_tariff,20,-0.02072485435504215,-0.01646344343650158,0.057890818516409204,0.45,0.55,short,0.55,0.050976401477822494
deal_heavy&has_china,85,0.008827569234748396,0.014733199543942588,0.060505809828443884,0.611764705882353,0.38823529411764707,long,0.611764705882353,0.04978918452351621
posts_very_high&open_deal,60,0.009824077062460888,0.01707230815309202,0.05401197470895726,0.65,0.35,long,0.65,0.0494630329112001
has_market_brag&has_uppercase_phrase,67,0.010101398381099651,0.00893289258963903,0.04317378514464965,0.5970149253731343,0.40298507462686567,long,0.5970149253731343,0.04936328909762502
has_deal&has_market_brag,80,0.00849427698040181,0.0188604654848894,0.048720708786268,0.6375,0.3625,long,0.6375,0.04843414090711975
high_emotion,72,0.0089073501435048,0.022928753736428775,0.06891524455831102,0.6388888888888888,0.3611111111111111,long,0.6388888888888888,0.04828809894804328
posts_low&exclamation_heavy,48,0.011112992927191473,0.012603770297087036,0.044271335368514804,0.625,0.375,long,0.625,0.048120670935123025
has_china&sig_potus,26,0.014098239576718139,0.023251242099903258,0.05196619560937947,0.6538461538461539,0.34615384615384615,long,0.6538461538461539,0.04700316838664853
deal_heavy&has_russia,66,0.009296509620330249,0.02308601568472779,0.054987179296721436,0.6212121212121212,0.3787878787878788,long,0.6212121212121212,0.0469171704328766
has_market_brag&brag_heavy,38,0.011887447570287372,0.019867460676621818,0.04086271164820334,0.631578947368421,0.3684210526315789,long,0.631578947368421,0.04628156732326674
brag_heavy&exclamation_heavy,38,0.011887447570287372,0.019867460676621818,0.04086271164820334,0.631578947368421,0.3684210526315789,long,0.631578947368421,0.04628156732326674
brag_heavy&has_exclamation,38,0.011887447570287372,0.019867460676621818,0.04086271164820334,0.631578947368421,0.3684210526315789,long,0.631578947368421,0.04628156732326674
brag_heavy,38,0.011887447570287372,0.019867460676621818,0.04086271164820334,0.631578947368421,0.3684210526315789,long,0.631578947368421,0.04628156732326674
brag_heavy&lots_of_excl,38,0.011887447570287372,0.019867460676621818,0.04086271164820334,0.631578947368421,0.3684210526315789,long,0.631578947368421,0.04628156732326674
has_positive&brag_heavy,38,0.011887447570287372,0.019867460676621818,0.04086271164820334,0.631578947368421,0.3684210526315789,long,0.631578947368421,0.04628156732326674
posts_high&sig_potus,46,0.011204520412117662,0.016099405079296858,0.04765152498117303,0.6086956521739131,0.391304347826087,long,0.6086956521739131,0.046256459405522865
has_tariff&lots_of_excl,136,0.006412535090920037,0.011614519128023137,0.0549508596839512,0.6102941176470589,0.3897058823529412,long,0.6102941176470589,0.04563923885368324
positive_heavy&tariff_rising,29,-0.016368088652784614,-0.0012801975931628906,0.05354399762840633,0.4827586206896552,0.5172413793103449,short,0.5172413793103449,0.04559216636536206
has_china&open_tariff,37,-0.013757857212095752,-0.008738561369157072,0.05858474988280355,0.4594594594594595,0.5405405405405406,short,0.5405405405405406,0.045235555863204956
open_deal&has_night_post,81,0.008086191213922305,0.01871998498532923,0.051115625390463576,0.6172839506172839,0.38271604938271603,long,0.6172839506172839,0.04492328452179058
has_tariff&has_market_brag,32,0.011504000158512242,0.011946424188094773,0.040150627914736024,0.6875,0.3125,long,0.6875,0.04474006087570319
has_action&open_deal,45,0.010683645612739122,0.019970704724304955,0.05653854114083751,0.6222222222222222,0.37777777777777777,long,0.6222222222222222,0.04459346796352387
attack_heavy&sig_potus,34,0.011758480717608029,0.01899105575628124,0.047740282045726584,0.6470588235294118,0.35294117647058826,long,0.6470588235294118,0.04436438174289548
posts_low&has_night_post,23,0.01323872155759218,0.015140460664148758,0.04886423842636448,0.6956521739130435,0.30434782608695654,long,0.6956521739130435,0.044167428295137555
has_tariff&positive_heavy,121,0.006366819938228953,0.01325695317814346,0.05551228640623208,0.628099173553719,0.371900826446281,long,0.628099173553719,0.0439889377550364
has_tariff&has_positive,141,0.005967683375572067,0.009972085077902815,0.05458629532180991,0.6099290780141844,0.3900709219858156,long,0.6099290780141844,0.0432209857638708
attack_heavy&open_deal,67,0.008363780399115386,0.01941141676224145,0.05441216178758061,0.6268656716417911,0.373134328358209,long,0.6268656716417911,0.042915532971279514
deal_heavy&has_market_brag,41,0.010964095512976531,0.022983543823701602,0.050394105764647305,0.6097560975609756,0.3902439024390244,long,0.6097560975609756,0.04280760104918827
posts_very_high&has_tariff,56,0.00873872286217488,0.015240863103328728,0.06305516379688275,0.6428571428571429,0.35714285714285715,long,0.6428571428571429,0.04203939464772038
has_iran&has_all_caps,31,0.012258514013733934,0.014733199543942588,0.05630209836426631,0.6129032258064516,0.3870967741935484,long,0.6129032258064516,0.04183218812488658
deal_heavy&has_all_caps,44,0.0102440394183345,0.0166206034426174,0.05475188170725476,0.6136363636363636,0.38636363636363635,long,0.6136363636363636,0.04169737033555024
has_market_brag&pre_deal,44,0.009834752032532847,0.023204679293525654,0.04979749684713414,0.6363636363636364,0.36363636363636365,long,0.6363636363636364,0.041514050324850206
high_emotion&has_exclamation,44,0.009420561076477702,0.01914141208567366,0.060030468267642766,0.6590909090909091,0.3409090909090909,long,0.6590909090909091,0.04118588753426317
has_tariff&exclamation_heavy,141,0.0057085617782368725,0.009972085077902815,0.0546768243367146,0.6028368794326241,0.3971631205673759,long,0.6028368794326241,0.04086354827858722
has_tariff&attack_heavy,61,0.00795671681356905,0.014079287904297466,0.058397925583824506,0.6557377049180327,0.3442622950819672,long,0.6557377049180327,0.040750127812759794
posts_low&high_emotion,58,0.008368007844810078,0.017079103594807576,0.07143416986239154,0.6379310344827587,0.3620689655172414,long,0.6379310344827587,0.040654610629034894
posts_very_high&open_tariff,21,-0.015206073936376022,-0.024188325503846086,0.06315427598821835,0.42857142857142855,0.5714285714285714,short,0.5714285714285714,0.03981884847802184
open_tariff&has_night_post,32,-0.011799176386898168,-0.01214917847058078,0.06143325532068612,0.40625,0.59375,short,0.59375,0.03963056876906143
has_market_brag&has_russia,63,0.007981603662536895,0.013017072456586787,0.04499116214996377,0.6190476190476191,0.38095238095238093,long,0.6190476190476191,0.03921791408703059
open_tariff&open_deal,23,-0.013396567133482947,-0.026480031701535456,0.06310910928698531,0.391304347826087,0.6086956521739131,short,0.6086956521739131,0.03910728284700247
has_deal&tariff_rising,24,-0.015845890537637273,0.0015649816439194941,0.05739899767002901,0.5,0.5,short,0.5,0.03881434633720752
has_tariff&has_uppercase_phrase,49,0.009250126861485054,0.009972085077902815,0.05360365478929855,0.5918367346938775,0.40816326530612246,long,0.5918367346938775,0.03832195414043808
has_deal&china_streak_3d,24,0.011522569260066942,0.018240945799983477,0.07730894094089365,0.625,0.375,long,0.625,0.035280519016303406
attack_heavy&china_streak_3d,24,0.011466134603670686,0.018240945799983477,0.06213137495841644,0.625,0.375,long,0.625,0.03510772387632825
has_deal&open_tariff,38,-0.010221870835707969,-0.0074530848875539735,0.0584575212616222,0.4473684210526316,0.5526315789473685,short,0.5526315789473685,0.03482233468525648
has_tariff,145,0.004754586746443345,0.00981356047189208,0.054873387805878464,0.6,0.4,long,0.6,0.03435168359422193
has_tariff&has_exclamation,145,0.004754586746443345,0.00981356047189208,0.054873387805878464,0.6,0.4,long,0.6,0.03435168359422193
has_exclamation&tariff_rising,33,-0.011870182676910507,0.004410160881001879,0.055528457265960514,0.5151515151515151,0.48484848484848486,short,0.48484848484848486,0.03306133721860018
tariff_rising,33,-0.011870182676910507,0.004410160881001879,0.055528457265960514,0.5151515151515151,0.48484848484848486,short,0.48484848484848486,0.03306133721860018
has_positive&tariff_rising,33,-0.011870182676910507,0.004410160881001879,0.055528457265960514,0.5151515151515151,0.48484848484848486,short,0.48484848484848486,0.03306133721860018
exclamation_heavy&tariff_rising,33,-0.011870182676910507,0.004410160881001879,0.055528457265960514,0.5151515151515151,0.48484848484848486,short,0.48484848484848486,0.03306133721860018
has_tariff&tariff_rising,33,-0.011870182676910507,0.004410160881001879,0.055528457265960514,0.5151515151515151,0.48484848484848486,short,0.48484848484848486,0.03306133721860018
has_night_post&tariff_rising,23,-0.012953771930127613,-0.0012801975931628906,0.05409756233595768,0.4782608695652174,0.5217391304347826,short,0.5217391304347826,0.032412577966074496
posts_high&has_tariff,90,0.005494618958934321,0.013454802139321376,0.05968188983459693,0.6111111111111112,0.3888888888888889,long,0.6111111111111112,0.03185510310578868
high_emotion&short_posts,60,0.006482365521085979,0.01914141208567366,0.07214929830701956,0.6333333333333333,0.36666666666666664,long,0.6333333333333333,0.031801052029113874
has_russia&pre_tariff,27,-0.012590270311361465,0.004410160881001879,0.06955710138117488,0.5185185185185185,0.48148148148148145,short,0.48148148148148145,0.03149898246488368
pre_tariff&tariff_only,20,0.012483059724614286,0.005996105668744867,0.03261300720309873,0.55,0.45,long,0.55,0.03070426712257009
has_market_brag&deal_only,54,0.006689820886712679,0.019858081890042123,0.05132350740842495,0.6111111111111112,0.3888888888888889,long,0.6111111111111112,0.030042187345608855
open_deal&has_all_caps,32,0.008567663194979196,0.008906232597881036,0.04946625773403109,0.59375,0.40625,long,0.59375,0.02877670053443791
has_market_brag&deal_over_tariff,67,0.0058461896281896296,0.01941141676224145,0.05014007067858951,0.5970149253731343,0.40298507462686567,long,0.5970149253731343,0.028569029539100864
has_tariff&has_action,40,0.007139817813406518,0.019018812550634867,0.05189748257591558,0.625,0.375,long,0.625,0.0282226079612596
sig_potus&has_all_caps,23,0.008270125317209777,0.01819979163851304,0.04554485434155897,0.6956521739130435,0.30434782608695654,long,0.6956521739130435,0.027591045355145217
has_tariff&has_iran,22,0.009642377497550954,0.007191122979452347,0.055308754419504405,0.5909090909090909,0.4090909090909091,long,0.5909090909090909,0.026724903268038062
open_deal&volume_spike,38,0.006826381626049795,0.014606055139468777,0.0573872378746866,0.631578947368421,0.3684210526315789,long,0.631578947368421,0.026577247885409355
lots_of_excl&tariff_rising,32,-0.009899229523810602,0.007191122979452347,0.05523174316270251,0.53125,0.46875,short,0.46875,0.02624929621803208
posts_high&brag_heavy,29,0.00824017922200458,0.006867709592661475,0.04079269662451226,0.5862068965517241,0.41379310344827586,long,0.5862068965517241,0.02601276874358416
has_russia&open_deal,57,0.0052927945355028625,0.014733199543942588,0.05006057780303161,0.6491228070175439,0.3508771929824561,long,0.6491228070175439,0.025938767199811186
positive_heavy&brag_heavy,34,0.00748541552386988,0.007872161565287694,0.040486638471196754,0.5882352941176471,0.4117647058823529,long,0.5882352941176471,0.025674763430949123
brag_heavy&has_night_post,21,0.008502703490509432,0.00563774593491706,0.040035257343030456,0.5714285714285714,0.42857142857142855,long,0.5714285714285714,0.022265304204014114
has_tariff&has_night_post,93,0.003986476494469348,0.00949132998455604,0.05878075582290581,0.5698924731182796,0.43010752688172044,long,0.5698924731182796,0.021909052851797877
posts_very_high&sig_potus,29,0.007070819756260617,0.009972085077902815,0.0460428160581413,0.5517241379310345,0.4482758620689655,long,0.5517241379310345,0.021008292253244715
has_market_brag&open_deal,33,0.00595325662568334,0.007233535369258526,0.04836827561390933,0.6060606060606061,0.3939393939393939,long,0.6060606060606061,0.020726579174033664
pre_deal&has_all_caps,47,0.004922615032778041,0.00949132998455604,0.05728088939265277,0.5957446808510638,0.40425531914893614,long,0.5957446808510638,0.02010504159730015
high_emotion&volume_spike,27,0.006367984191608642,0.017427038507790815,0.08857912303544141,0.5925925925925926,0.4074074074074074,long,0.5925925925925926,0.019608306065176166
has_tariff&has_russia,58,-0.0057398398662268525,0.006006506074582196,0.061058528788755,0.5517241379310345,0.4482758620689655,short,0.4482758620689655,0.019595625348527154
has_attack&tariff_rising,25,-0.008813530183619949,0.009972085077902815,0.052199930239181194,0.56,0.44,short,0.44,0.01938976640396389
has_tariff&has_attack,113,0.0030507066949311463,0.00893289258963903,0.05534447079894643,0.584070796460177,0.415929203539823,long,0.584070796460177,0.018941098778179264
high_emotion&has_uppercase_phrase,26,0.005996982729667067,0.013343750172489788,0.05368024374694877,0.5769230769230769,0.4230769230769231,long,0.5769230769230769,0.01764157613149113
has_positive&pre_tariff,55,0.003704994458105153,0.016594343562424285,0.06104541681377618,0.6181818181818182,0.38181818181818183,long,0.6181818181818182,0.016985765927754665
has_tariff&has_relief,23,-0.007357707238302202,0.0017601242188682864,0.054329049402839356,0.5217391304347826,0.4782608695652174,short,0.4782608695652174,0.016876068149578895
posts_high&open_tariff,33,-0.006019056648556731,0.0017601242188682864,0.06458921581908994,0.5151515151515151,0.48484848484848486,short,0.48484848484848486,0.01676453235912503
pre_tariff&exclamation_heavy,55,0.003591804166420083,0.016594343562424285,0.06110292932257013,0.6181818181818182,0.38181818181818183,long,0.6181818181818182,0.016466838349968173
positive_heavy&open_tariff,44,-0.005181277575462432,0.0030456896521499077,0.05651634901835568,0.5227272727272727,0.4772727272727273,short,0.4772727272727273,0.016403246668287078
has_tariff&pre_tariff,56,0.0031043305740873495,0.015123497331461788,0.06065469665200471,0.6071428571428571,0.39285714285714285,long,0.6071428571428571,0.014104343157134004
pre_tariff,56,0.0031043305740873495,0.015123497331461788,0.06065469665200471,0.6071428571428571,0.39285714285714285,long,0.6071428571428571,0.014104343157134004
pre_tariff&has_exclamation,56,0.0031043305740873495,0.015123497331461788,0.06065469665200471,0.6071428571428571,0.39285714285714285,long,0.6071428571428571,0.014104343157134004
has_china&pre_tariff,39,0.0034837690012494847,0.013652651100499291,0.057584553725515165,0.6153846153846154,0.38461538461538464,long,0.6153846153846154,0.013388387962883335
pre_tariff&pre_deal,30,0.003565707252698447,0.018522078023576416,0.060375119200038956,0.6666666666666666,0.3333333333333333,long,0.6666666666666666,0.01302012197175142
pre_tariff&lots_of_excl,52,0.002889960082195433,0.015123497331461788,0.06249265528636587,0.6153846153846154,0.38461538461538464,long,0.6153846153846154,0.012824491397415089
open_tariff,57,-0.003492979808451171,0.004331255085431529,0.057584463481150115,0.5263157894736842,0.47368421052631576,short,0.47368421052631576,0.012491724902944774
open_tariff&has_exclamation,57,-0.003492979808451171,0.004331255085431529,0.057584463481150115,0.5263157894736842,0.47368421052631576,short,0.47368421052631576,0.012491724902944774
has_tariff&open_tariff,57,-0.003492979808451171,0.004331255085431529,0.057584463481150115,0.5263157894736842,0.47368421052631576,short,0.47368421052631576,0.012491724902944774
has_tariff&pre_deal,45,0.002986427142317232,0.013652651100499291,0.05479366021491041,0.6222222222222222,0.37777777777777777,long,0.6222222222222222,0.012465327653467303
posts_high&pre_tariff,35,-0.0044957025561157705,0.00949132998455604,0.07003327551648529,0.5428571428571428,0.45714285714285713,short,0.45714285714285713,0.012158598858544355
has_attack&open_tariff,43,-0.0036391075653410625,0.0017601242188682864,0.05705830486987481,0.5116279069767442,0.4883720930232558,short,0.4883720930232558,0.011654132721022632
positive_heavy&pre_tariff,47,0.0025265829849503876,0.016594343562424285,0.06439778477828277,0.6382978723404256,0.3617021276595745,long,0.6382978723404256,0.011056200168555401
has_china&tariff_only,22,0.002947265002054808,0.013187261690131402,0.048062440183042454,0.6818181818181818,0.3181818181818182,long,0.6818181818181818,0.00942538514591857
has_tariff&volume_spike,37,0.0024515683093438868,0.009972085077902815,0.05762560990510505,0.6216216216216216,0.3783783783783784,long,0.6216216216216216,0.009269812989418962
pre_deal&open_deal,44,0.002193409641765355,0.00972436595820303,0.05067817753082468,0.5454545454545454,0.45454545454545453,long,0.5454545454545454,0.007936054683582036
has_tariff&has_china,86,-0.0018763935987115435,0.008493850579743167,0.054921515008888463,0.5697674418604651,0.43023255813953487,short,0.43023255813953487,0.007486458838699085
posts_low&has_uppercase_phrase,26,0.0034663951772365186,-0.0027240099302743292,0.049532372508702106,0.4230769230769231,0.5769230769230769,long,0.4230769230769231,0.007477976275233931
has_attack&pre_tariff,45,-0.0023673602409783395,0.00949132998455604,0.06260830897752906,0.5777777777777777,0.4222222222222222,short,0.4222222222222222,0.006705199339673277
has_tariff&deal_over_tariff,41,0.0017081828191865803,0.00949132998455604,0.05120288754509756,0.5853658536585366,0.4146341463414634,long,0.5853658536585366,0.006402560084780466
pre_tariff&has_night_post,34,0.001820588545880614,0.018318097462100447,0.0670066323087814,0.5882352941176471,0.4117647058823529,long,0.5882352941176471,0.006244567194903658
posts_very_high&pre_tariff,23,-0.00292587535860044,0.00949132998455604,0.0753405165859741,0.5652173913043478,0.43478260869565216,short,0.43478260869565216,0.006100871860026041
open_tariff&exclamation_heavy,55,-0.0016453706832020298,0.004331255085431529,0.056657468303238555,0.5272727272727272,0.4727272727272727,short,0.4727272727272727,0.005768405179242467
attack_heavy&pre_tariff,26,-0.0028471759378290887,0.013042836773490163,0.06787491812994309,0.6153846153846154,0.38461538461538464,short,0.38461538461538464,0.005583771409854754
has_deal&pre_tariff,36,-0.002106074509538727,0.018522078023576416,0.07159398720141139,0.6388888888888888,0.3611111111111111,short,0.3611111111111111,0.004563161437333909
has_tariff&has_deal,86,-0.001090863404082584,0.007644171969552915,0.05904536128506694,0.5697674418604651,0.43023255813953487,short,0.43023255813953487,0.004352340563789619
has_positive&open_tariff,55,-0.0010942674253550555,0.004410160881001879,0.056568947680987254,0.5454545454545454,0.45454545454545453,short,0.45454545454545453,0.003688774738361922
has_tariff&deal_heavy,59,-0.0009747465481972295,0.013652651100499291,0.058173944785425105,0.576271186440678,0.423728813559322,short,0.423728813559322,0.003172529789802861
open_tariff&lots_of_excl,53,0.00045232979125578183,0.004410160881001879,0.05655208317978169,0.5471698113207547,0.4528301886792453,long,0.5471698113207547,0.0018018359813129223
has_tariff&open_deal,43,-0.0005156503216158056,0.007233535369258526,0.05642926973999823,0.5581395348837209,0.4418604651162791,short,0.4418604651162791,0.0014940827999212047
tariff_heavy&lots_of_excl,22,0.00038385504570082556,0.010851673115269356,0.06503665639164823,0.5,0.5,long,0.5,0.0009002198779214475
has_tariff&tariff_heavy,22,0.00038385504570082556,0.010851673115269356,0.06503665639164823,0.5,0.5,long,0.5,0.0009002198779214475
tariff_heavy&has_positive,22,0.00038385504570082556,0.010851673115269356,0.06503665639164823,0.5,0.5,long,0.5,0.0009002198779214475
tariff_heavy&exclamation_heavy,22,0.00038385504570082556,0.010851673115269356,0.06503665639164823,0.5,0.5,long,0.5,0.0009002198779214475
tariff_heavy&has_exclamation,22,0.00038385504570082556,0.010851673115269356,0.06503665639164823,0.5,0.5,long,0.5,0.0009002198779214475
tariff_heavy,22,0.00038385504570082556,0.010851673115269356,0.06503665639164823,0.5,0.5,long,0.5,0.0009002198779214475
deal_heavy&pre_tariff,29,0.00022424462496306967,0.020449812484728547,0.06221613516274927,0.6551724137931034,0.3448275862068966,long,0.6551724137931034,0.0007911824478711644
posts_high&tariff_heavy,20,0.0002788129322509714,0.010851673115269356,0.06758742706307955,0.5,0.5,long,0.5,0.0006234446695192155
has_relief&open_deal,26,-0.00015008594417561868,0.011294251379173725,0.05677491007600974,0.6153846153846154,0.38461538461538464,short,0.38461538461538464,0.00029434275310287575
