event,n,mean_ret,median_ret,std,hit_up,hit_down,direction,directional_hit,score
silence_day,214,0.06757912159937891,0.07688160162940594,0.0923881924469483,0.7731958762886598,0.21649484536082475,long,0.7731958762886598,0.7643793717532817
posts_low&silence_day,214,0.06757912159937891,0.07688160162940594,0.0923881924469483,0.7731958762886598,0.21649484536082475,long,0.7731958762886598,0.7643793717532817
posts_low,386,0.051311588699476655,0.06153599450718461,0.09077081480876496,0.7486338797814208,0.24316939890710382,long,0.7486338797814208,0.7547073701855677
short_posts,518,0.041730076472796016,0.04144355908584041,0.08198952716867385,0.7586872586872587,0.23552123552123552,long,0.7586872586872587,0.7205711186345679
has_positive&short_posts,424,0.045211539496558865,0.0417740159551353,0.08038716562741345,0.7712264150943396,0.22169811320754718,long,0.7712264150943396,0.7179829312495802
has_exclamation,913,0.03396274338005252,0.029649742597790407,0.07905700168224496,0.6900328587075575,0.29791894852135814,long,0.6900328587075575,0.7081217342577367
has_positive,854,0.03496938029686704,0.029954345491715162,0.07916127721800369,0.689695550351288,0.297423887587822,long,0.689695550351288,0.7048136324159922
has_positive&has_exclamation,847,0.03502626593792246,0.029810446325240658,0.07911462482229169,0.6906729634002361,0.29634002361275086,long,0.6906729634002361,0.7040572932567387
has_exclamation&short_posts,466,0.04258547288229271,0.03924835451371833,0.08015244196537784,0.7639484978540773,0.2296137339055794,long,0.7639484978540773,0.7022932815416469
has_night_post&has_exclamation,807,0.03520169935637906,0.032710219272438223,0.079308309159655,0.6939281288723668,0.2936802973977695,long,0.6939281288723668,0.6939287629574251
exclamation_heavy&short_posts,404,0.04480597622887326,0.04250168953823019,0.08118165766446214,0.7648514851485149,0.2301980198019802,long,0.7648514851485149,0.6888168160820313
has_positive&has_night_post,765,0.035539223398231894,0.032848630832911896,0.07985320082423313,0.6901960784313725,0.29673202614379085,long,0.6901960784313725,0.6784395202022189
has_night_post,832,0.03390993693635994,0.03179701791067446,0.07997858968362126,0.6887019230769231,0.29927884615384615,long,0.6887019230769231,0.6736277055869146
exclamation_heavy,811,0.033988501708589955,0.02956993285991394,0.07943118230465002,0.6831072749691739,0.30456226880394577,long,0.6831072749691739,0.6611977361343804
has_exclamation&exclamation_heavy,811,0.033988501708589955,0.02956993285991394,0.07943118230465002,0.6831072749691739,0.30456226880394577,long,0.6831072749691739,0.6611977361343804
has_night_post&exclamation_heavy,743,0.034927103442937986,0.03219347658073746,0.07998000959740002,0.6877523553162853,0.3001345895020188,long,0.6877523553162853,0.6547704384809252
lots_of_excl,738,0.03514298495111533,0.03024262177441972,0.08057299498835982,0.6842818428184282,0.3021680216802168,long,0.6842818428184282,0.6532837322611337
has_exclamation&lots_of_excl,738,0.03514298495111533,0.03024262177441972,0.08057299498835982,0.6842818428184282,0.3021680216802168,long,0.6842818428184282,0.6532837322611337
has_night_post&short_posts,439,0.04103262267201813,0.04156468707321359,0.08179054346287117,0.7562642369020501,0.23917995444191345,long,0.7562642369020501,0.6501822366220801
has_attack,609,0.03764219010224273,0.029810446325240658,0.08010516957968854,0.6978653530377669,0.2857142857142857,long,0.6978653530377669,0.6482688702978389
has_attack&has_exclamation,609,0.03764219010224273,0.029810446325240658,0.08010516957968854,0.6978653530377669,0.2857142857142857,long,0.6978653530377669,0.6482688702978389
has_night_post&lots_of_excl,685,0.03591785142539403,0.032710219272438223,0.08076627121176537,0.689051094890511,0.29781021897810217,long,0.689051094890511,0.6477494643795098
has_attack&short_posts,290,0.04877336530099057,0.04336184367845475,0.0825402896228264,0.7793103448275862,0.21379310344827587,long,0.7793103448275862,0.6472799618945183
lots_of_excl&short_posts,356,0.045096425657359045,0.0417740159551353,0.0835737064448392,0.7584269662921348,0.23595505617977527,long,0.7584269662921348,0.6453285605009774
exclamation_heavy&lots_of_excl,735,0.0348271135759707,0.029810446325240658,0.08057452314436765,0.6829931972789116,0.3034013605442177,long,0.6829931972789116,0.6448779533319695
has_attack&has_positive,593,0.03781767216709583,0.030098244658189666,0.08087457300926644,0.6981450252951096,0.28499156829679595,long,0.6981450252951096,0.6429360639727022
has_positive&lots_of_excl,723,0.035062399172381624,0.030098244658189666,0.08110610310426018,0.6804979253112033,0.30567081604426005,long,0.6804979253112033,0.6415604507400238
has_attack&exclamation_heavy,594,0.03780932589912611,0.03114586061946356,0.08072642356808461,0.6952861952861953,0.2878787878787879,long,0.6952861952861953,0.6407015336702612
has_positive&exclamation_heavy,786,0.03363724519133092,0.02935029322953142,0.0802213299666,0.678117048346056,0.30916030534351147,long,0.678117048346056,0.639493827460506
has_attack&lots_of_excl,567,0.03846772169242055,0.03296720441464651,0.08117530814834864,0.6948853615520282,0.2874779541446208,long,0.6948853615520282,0.6365040299991658
has_attack&has_night_post,561,0.03798148005645432,0.032710219272438223,0.0809545438331435,0.696969696969697,0.28698752228163993,long,0.696969696969697,0.6269995238439684
volume_drop,306,0.046868795278573225,0.04645860403054469,0.08653601661304743,0.7189542483660131,0.27124183006535946,long,0.7189542483660131,0.5894483523580084
posts_high&lots_of_excl,406,0.04093869216656207,0.03830083867851641,0.08686957407209263,0.7142857142857143,0.27832512315270935,long,0.7142857142857143,0.589208421606889
posts_high,409,0.04069584797742703,0.03806211689493577,0.08671013692049369,0.7114914425427873,0.28117359413202936,long,0.7114914425427873,0.5855735305711348
posts_high&has_exclamation,409,0.04069584797742703,0.03806211689493577,0.08671013692049369,0.7114914425427873,0.28117359413202936,long,0.7114914425427873,0.5855735305711348
posts_high&exclamation_heavy,409,0.04069584797742703,0.03806211689493577,0.08671013692049369,0.7114914425427873,0.28117359413202936,long,0.7114914425427873,0.5855735305711348
posts_high&has_positive,407,0.0405216324062831,0.03806211689493577,0.08681599282938453,0.7100737100737101,0.28255528255528256,long,0.7100737100737101,0.5804804138283254
posts_high&positive_heavy,372,0.04160274339372152,0.03856492394315225,0.08491749002442187,0.7204301075268817,0.271505376344086,long,0.7204301075268817,0.5780764725852308
has_night_post&has_all_caps,178,0.05605489756229252,0.050326566611216705,0.09602136100623002,0.7696629213483146,0.2303370786516854,long,0.7696629213483146,0.575604432035065
has_positive&has_all_caps,176,0.05646814113279255,0.0528520746743788,0.09585827773723442,0.7670454545454546,0.23295454545454544,long,0.7670454545454546,0.574620249107988
posts_high&has_attack,353,0.04267021580133951,0.03859028742420745,0.08660191519866463,0.71671388101983,0.2747875354107649,long,0.71671388101983,0.5745899264031239
has_all_caps&exclamation_heavy,176,0.056542832714469686,0.05429826379321512,0.09614652910227033,0.7613636363636364,0.23863636363636365,long,0.7613636363636364,0.5711182348521731
posts_high&has_night_post,398,0.040189224580669265,0.037768619285265315,0.08660063931357778,0.7110552763819096,0.2814070351758794,long,0.7110552763819096,0.5701045752994259
has_attack&has_all_caps,146,0.06030755896691272,0.05494284605855493,0.09583027098322879,0.7808219178082192,0.2191780821917808,long,0.7808219178082192,0.5689841565820671
has_all_caps&has_exclamation,181,0.055172719149969934,0.049115816494326614,0.09565188549708736,0.7624309392265194,0.23756906077348067,long,0.7624309392265194,0.56593191663862
has_all_caps,181,0.055172719149969934,0.049115816494326614,0.09565188549708736,0.7624309392265194,0.23756906077348067,long,0.7624309392265194,0.56593191663862
has_all_caps&lots_of_excl,169,0.0572969507197812,0.05416683262065081,0.0976133972610119,0.757396449704142,0.24260355029585798,long,0.757396449704142,0.564154591702461
posts_high&short_posts,236,0.0481876148362146,0.047281600600472484,0.08919985999073521,0.7584745762711864,0.23728813559322035,long,0.7584745762711864,0.5614776322969702
positive_heavy&exclamation_heavy,601,0.03346330987901448,0.030098244658189666,0.08023209969968337,0.6772046589018302,0.30782029950083195,long,0.6772046589018302,0.5555537306885427
has_china&short_posts,151,0.05687342696390789,0.05545599715133043,0.08792765121535336,0.7947019867549668,0.2052980132450331,long,0.7947019867549668,0.5553952616879124
positive_heavy&has_night_post,572,0.03414176889922382,0.031548609081544,0.07991504411482223,0.6800699300699301,0.3041958041958042,long,0.6800699300699301,0.5553126991924737
positive_heavy&lots_of_excl,586,0.03367207347379116,0.02961111671147898,0.08062700108274809,0.6774744027303754,0.30716723549488056,long,0.6774744027303754,0.5522192720680794
positive_heavy,605,0.03320404412577603,0.029810446325240658,0.08013403108130174,0.6760330578512397,0.3090909090909091,long,0.6760330578512397,0.5521239711889702
has_positive&positive_heavy,605,0.03320404412577603,0.029810446325240658,0.08013403108130174,0.6760330578512397,0.3090909090909091,long,0.6760330578512397,0.5521239711889702
positive_heavy&has_exclamation,605,0.03320404412577603,0.029810446325240658,0.08013403108130174,0.6760330578512397,0.3090909090909091,long,0.6760330578512397,0.5521239711889702
has_uppercase_phrase,298,0.04507711854904103,0.04807539075946332,0.08739649623316967,0.7080536912751678,0.2785234899328859,long,0.7080536912751678,0.5509731942754318
positive_heavy&short_posts,280,0.04305516780739058,0.04381195007251071,0.0846310422010214,0.7535714285714286,0.24285714285714285,long,0.7535714285714286,0.5429111060195615
posts_high&has_all_caps,136,0.06027329069403779,0.05177275573005302,0.09732487637528213,0.7720588235294118,0.22794117647058823,long,0.7720588235294118,0.542681163985308
has_positive&has_uppercase_phrase,287,0.045205727367641765,0.049115816494326614,0.08723915528835556,0.7073170731707317,0.2787456445993031,long,0.7073170731707317,0.541687172144738
has_attack&positive_heavy,468,0.036497354716462274,0.031404231965313945,0.08092559504337266,0.6858974358974359,0.2948717948717949,long,0.6858974358974359,0.5415561527632013
has_uppercase_phrase&has_exclamation,296,0.04428180995213454,0.04647923586018199,0.08715037845868384,0.706081081081081,0.28040540540540543,long,0.706081081081081,0.5379300359318916
posts_very_high&lots_of_excl,231,0.046810099208641556,0.05514794365179676,0.0896662205157247,0.7532467532467533,0.24242424242424243,long,0.7532467532467533,0.5358988436107553
posts_very_high,233,0.046689674267873786,0.05514794365179676,0.08939320856291309,0.7510729613733905,0.2446351931330472,long,0.7510729613733905,0.5352798956946652
posts_very_high&has_exclamation,233,0.046689674267873786,0.05514794365179676,0.08939320856291309,0.7510729613733905,0.2446351931330472,long,0.7510729613733905,0.5352798956946652
posts_very_high&exclamation_heavy,233,0.046689674267873786,0.05514794365179676,0.08939320856291309,0.7510729613733905,0.2446351931330472,long,0.7510729613733905,0.5352798956946652
posts_high&posts_very_high,233,0.046689674267873786,0.05514794365179676,0.08939320856291309,0.7510729613733905,0.2446351931330472,long,0.7510729613733905,0.5352798956946652
posts_very_high&has_positive,233,0.046689674267873786,0.05514794365179676,0.08939320856291309,0.7510729613733905,0.2446351931330472,long,0.7510729613733905,0.5352798956946652
posts_very_high&positive_heavy,219,0.04779812670537364,0.05514794365179676,0.08994036926485717,0.7534246575342466,0.2420091324200913,long,0.7534246575342466,0.5329331837328781
has_night_post&has_uppercase_phrase,280,0.04454963839027448,0.04647923586018199,0.08674412121953883,0.7142857142857143,0.2714285714285714,long,0.7142857142857143,0.5324700233955789
posts_very_high&has_night_post,231,0.04635605839661074,0.05514794365179676,0.0887080918235959,0.7532467532467533,0.24242424242424243,long,0.7532467532467533,0.5307008211704508
posts_very_high&short_posts,161,0.052828507736101024,0.057317999663814234,0.09302005459158304,0.782608695652174,0.2111801242236025,long,0.782608695652174,0.524597178330591
has_uppercase_phrase&lots_of_excl,272,0.04529076093092021,0.04647923586018199,0.08787362425473365,0.7022058823529411,0.28308823529411764,long,0.7022058823529411,0.5245157487634013
silence_day&volume_drop,140,0.05943896647024694,0.0704287285691505,0.09628039181448943,0.7428571428571429,0.25,long,0.7428571428571429,0.5224449922535463
has_uppercase_phrase&exclamation_heavy,281,0.04441878202303778,0.04592350669576395,0.08756246735644004,0.701067615658363,0.2846975088967972,long,0.701067615658363,0.5220110689793311
positive_heavy&has_all_caps,146,0.0563888740438701,0.04814292247461116,0.09636425164604469,0.7602739726027398,0.23972602739726026,long,0.7602739726027398,0.5180121827350417
posts_low&volume_drop,206,0.04902576642856843,0.05416813713611213,0.09034520671533867,0.7281553398058253,0.2669902912621359,long,0.7281553398058253,0.5123680503259992
has_all_caps&short_posts,123,0.05853262270038737,0.05726864556753508,0.0962388509342659,0.7886178861788617,0.21138211382113822,long,0.7886178861788617,0.5119377587059338
has_attack&has_uppercase_phrase,223,0.047733853718892036,0.049115816494326614,0.08495692924582716,0.7174887892376681,0.2645739910313901,long,0.7174887892376681,0.5114392434664424
posts_very_high&has_attack,211,0.047022890893736145,0.05281069862648624,0.09136165525588257,0.7440758293838863,0.25118483412322273,long,0.7440758293838863,0.5082387218230814
has_attack&has_china,230,0.04653811992768191,0.03856492394315225,0.08461028498642251,0.717391304347826,0.27391304347826084,long,0.717391304347826,0.5063244045562694
has_uppercase_phrase&short_posts,158,0.05122360442617344,0.05704326997882048,0.0866875255491541,0.7848101265822784,0.21518987341772153,long,0.7848101265822784,0.5053162641249328
has_attack&attack_heavy,297,0.04018726951649244,0.041528170429531386,0.07836884571943649,0.7272727272727273,0.265993265993266,long,0.7272727272727273,0.5036908087217429
attack_heavy&has_exclamation,297,0.04018726951649244,0.041528170429531386,0.07836884571943649,0.7272727272727273,0.265993265993266,long,0.7272727272727273,0.5036908087217429
attack_heavy,297,0.04018726951649244,0.041528170429531386,0.07836884571943649,0.7272727272727273,0.265993265993266,long,0.7272727272727273,0.5036908087217429
attack_heavy&lots_of_excl,294,0.04034556146802791,0.04159987505921581,0.07868282821604444,0.7278911564625851,0.2653061224489796,long,0.7278911564625851,0.503542198626457
attack_heavy&exclamation_heavy,296,0.04025012308921737,0.04159987505921581,0.07849406297856769,0.7263513513513513,0.2668918918918919,long,0.7263513513513513,0.5029905400889819
attack_heavy&has_positive,294,0.04012518552534361,0.04159987505921581,0.07853988573945495,0.7278911564625851,0.2653061224489796,long,0.7278911564625851,0.5007917452267301
posts_high&has_china,203,0.04708150362990802,0.04312692685509001,0.08581867155442,0.7438423645320197,0.2561576354679803,long,0.7438423645320197,0.4989755352226263
attack_heavy&has_night_post,286,0.04042140403285487,0.041760938699660355,0.07906898652324834,0.7272727272727273,0.26573426573426573,long,0.7272727272727273,0.4971548871725318
has_action,187,0.049106756010147926,0.05514794365179676,0.08378811559952067,0.7379679144385026,0.25133689839572193,long,0.7379679144385026,0.4955637478181337
has_china&has_night_post,280,0.04238129814839208,0.03644625762909248,0.08433277812771482,0.6964285714285714,0.29642857142857143,long,0.6964285714285714,0.49388956546496754
has_china&has_all_caps,88,0.0689141416502609,0.057933540817204365,0.10264174892470772,0.7613636363636364,0.23863636363636365,long,0.7613636363636364,0.4922002362900657
posts_high&has_uppercase_phrase,204,0.04793138692277564,0.0539793211391415,0.0889611907897013,0.7156862745098039,0.27450980392156865,long,0.7156862745098039,0.48995677550696426
has_action&has_exclamation,185,0.04877246857889214,0.05514794365179676,0.08379001592151541,0.7351351351351352,0.25405405405405407,long,0.7351351351351352,0.4876719559454473
has_china,298,0.04089591879786739,0.034929043566053974,0.08375391895072416,0.6879194630872483,0.3053691275167785,long,0.6879194630872483,0.4856525784266533
has_china&has_exclamation,298,0.04089591879786739,0.034929043566053974,0.08375391895072416,0.6879194630872483,0.3053691275167785,long,0.6879194630872483,0.4856525784266533
positive_heavy&has_uppercase_phrase,235,0.04443226482335652,0.04703496502460003,0.08538625701929164,0.7106382978723405,0.2723404255319149,long,0.7106382978723405,0.48403970868346075
has_positive&has_china,291,0.041150150300479145,0.03553322656308988,0.08437518414215249,0.6872852233676976,0.30584192439862545,long,0.6872852233676976,0.48245290634295707
has_action&has_night_post,182,0.04833812646961092,0.05369673498787997,0.08367589979197566,0.7362637362637363,0.25274725274725274,long,0.7362637362637363,0.4801300830713116
has_all_caps&has_uppercase_phrase,133,0.05543006787343598,0.05545599715133043,0.09344435900171043,0.7443609022556391,0.2556390977443609,long,0.7443609022556391,0.4758332481981043
has_china&exclamation_heavy,291,0.04024687428060348,0.03432486056901807,0.08350327525937862,0.6872852233676976,0.30584192439862545,long,0.6872852233676976,0.47186271073402786
posts_high&attack_heavy,246,0.0411821819160644,0.04159987505921581,0.08116962263004229,0.7276422764227642,0.2682926829268293,long,0.7276422764227642,0.4699967232724922
has_china&lots_of_excl,276,0.04086012511958202,0.03390876309020918,0.0832892686430992,0.6920289855072463,0.3007246376811594,long,0.6920289855072463,0.4697626873825102
posts_high&has_action,134,0.05370174199812732,0.056267304627906634,0.08868739699219644,0.753731343283582,0.23880597014925373,long,0.753731343283582,0.4685515170400764
has_action&has_positive,181,0.04773885398530091,0.05281069862648624,0.0844082342172507,0.7292817679558011,0.2596685082872928,long,0.7292817679558011,0.4683889414488553
posts_high&deal_over_tariff,199,0.04467541187814943,0.042035326392186656,0.08314438388669751,0.7386934673366834,0.25125628140703515,long,0.7386934673366834,0.46554252915446653
has_action&has_attack,150,0.05128030454932868,0.05369673498787997,0.08400711067087799,0.74,0.24666666666666667,long,0.74,0.4647591460013991
has_action&exclamation_heavy,179,0.04731386095141003,0.05281069862648624,0.08440539863429582,0.7262569832402235,0.26256983240223464,long,0.7262569832402235,0.4597325206327016
posts_very_high&has_all_caps,104,0.05934050669647399,0.06010587333419726,0.09793819587230754,0.7596153846153846,0.2403846153846154,long,0.7596153846153846,0.45968641780293323
has_action&lots_of_excl,173,0.04773371522014553,0.051677133730548164,0.08466372047968568,0.7283236994219653,0.26011560693641617,long,0.7283236994219653,0.4572700228123538
has_attack&deal_over_tariff,239,0.04090093361092854,0.03747512167559486,0.07965880129471113,0.7196652719665272,0.26778242677824265,long,0.7196652719665272,0.455053771144954
attack_heavy&positive_heavy,262,0.038485771475070006,0.040904036975043745,0.07648567974267269,0.7213740458015268,0.27099236641221375,long,0.7213740458015268,0.4493775325106505
has_china&has_uppercase_phrase,132,0.05244384136088603,0.05472329142341659,0.08709972172768585,0.7348484848484849,0.25757575757575757,long,0.7348484848484849,0.4427710972106524
positive_heavy&has_china,254,0.039867051924750804,0.03241207623334763,0.079649350224526,0.6968503937007874,0.2952755905511811,long,0.6968503937007874,0.4427621930015484
has_russia&has_night_post,263,0.037516133568764994,0.038043598630368436,0.07796317850026135,0.7186311787072244,0.2661596958174905,long,0.7186311787072244,0.4372219967950915
has_action&has_uppercase_phrase,94,0.05973286915015107,0.06763717512159939,0.09337044428886244,0.7446808510638298,0.2553191489361702,long,0.7446808510638298,0.4312682523902358
posts_high&has_deal,225,0.039901811018479866,0.038539560462097056,0.08288237059082183,0.72,0.27111111111111114,long,0.72,0.43093955899958253
has_action&short_posts,102,0.05432873945858594,0.05706530980860236,0.08619553596640338,0.7745098039215687,0.21568627450980393,long,0.7745098039215687,0.4249683963147162
has_action&attack_heavy,102,0.05428900658779993,0.05706530980860236,0.08355495023032022,0.7745098039215687,0.22549019607843138,long,0.7745098039215687,0.4246575992200812
has_night_post&deal_over_tariff,285,0.035797070039151356,0.029810446325240658,0.07679936669690908,0.7017543859649122,0.28771929824561404,long,0.7017543859649122,0.4240870852950987
posts_very_high&has_china,135,0.04873006230363002,0.05514794365179676,0.08848215085473495,0.7481481481481481,0.2518518518518518,long,0.7481481481481481,0.4235956154649444
has_deal&deal_over_tariff,310,0.034652518442623285,0.029301528542683863,0.07706139697130861,0.6935483870967742,0.2967741935483871,long,0.6935483870967742,0.42314812062298013
deal_over_tariff,310,0.034652518442623285,0.029301528542683863,0.07706139697130861,0.6935483870967742,0.2967741935483871,long,0.6935483870967742,0.42314812062298013
attack_heavy&short_posts,150,0.04541876311898393,0.04558043136418444,0.08362700441878149,0.76,0.24,long,0.76,0.4227606186814301
has_exclamation&deal_over_tariff,309,0.034636635263374516,0.02895331448757732,0.07718588701707009,0.6925566343042071,0.2977346278317152,long,0.6925566343042071,0.4216675979719562
has_deal&has_attack,269,0.036588504988092525,0.03553322656308988,0.07913763544256901,0.6988847583643123,0.2862453531598513,long,0.6988847583643123,0.41939801803528204
has_positive&has_russia,271,0.03597467668476243,0.034090748624425515,0.07791732680265478,0.7047970479704797,0.2767527675276753,long,0.7047970479704797,0.4173934420617253
has_action&pre_action,85,0.0556888301209762,0.057317999663814234,0.0737820925598812,0.8117647058823529,0.18823529411764706,long,0.8117647058823529,0.4167808177667415
pre_action,85,0.0556888301209762,0.057317999663814234,0.0737820925598812,0.8117647058823529,0.18823529411764706,long,0.8117647058823529,0.4167808177667415
has_russia&lots_of_excl,258,0.036739456753598014,0.03373979566649277,0.07866220096689412,0.7054263565891473,0.2751937984496124,long,0.7054263565891473,0.41628835785631074
has_russia&exclamation_heavy,274,0.03579757685920851,0.033178023561603265,0.07778925271738812,0.7007299270072993,0.28102189781021897,long,0.7007299270072993,0.4152212557119926
has_russia&has_exclamation,279,0.035502535536038035,0.03338884270856002,0.0774037998986797,0.6989247311827957,0.2831541218637993,long,0.6989247311827957,0.41446883514831734
has_russia,280,0.035384346478203973,0.033178023561603265,0.07729026520369414,0.7,0.28214285714285714,long,0.7,0.4144653556868308
posts_high&deal_only,161,0.044797919122564554,0.04561363797579121,0.08664075069065509,0.7267080745341615,0.2608695652173913,long,0.7267080745341615,0.4130767629887035
has_deal&short_posts,160,0.04292869729876593,0.04284935966605108,0.0799178035463002,0.75625,0.2375,long,0.75625,0.410651192855255
exclamation_heavy&deal_over_tariff,299,0.03427191468703643,0.02895331448757732,0.07794278331128257,0.6923076923076923,0.2976588628762542,long,0.6923076923076923,0.41027317221913556
posts_very_high&has_uppercase_phrase,133,0.04770233089683239,0.0583374576237361,0.08473766933504963,0.7368421052631579,0.2631578947368421,long,0.7368421052631579,0.40535903356378183
pre_action&has_exclamation,83,0.05510233582506458,0.057317999663814234,0.0735855442696575,0.8072289156626506,0.1927710843373494,long,0.8072289156626506,0.40523389674128835
lots_of_excl&deal_over_tariff,287,0.034596082559328674,0.029649742597790407,0.07869612206959409,0.6898954703832753,0.29965156794425085,long,0.6898954703832753,0.4043441523721938
pre_action&has_night_post,84,0.05447504134312931,0.057027766133020075,0.07336652673130331,0.8095238095238095,0.19047619047619047,long,0.8095238095238095,0.40417257214214874
posts_very_high&has_action,96,0.05264060752762917,0.05782772864377517,0.08333466217398504,0.78125,0.20833333333333334,long,0.78125,0.4029457131025081
posts_high&open_deal,60,0.06347277189789373,0.0562329716578055,0.09046517753809671,0.8166666666666667,0.18333333333333332,long,0.8166666666666667,0.4015206812136688
has_positive&deal_over_tariff,299,0.033860334524549306,0.028070193767610663,0.0780295543095889,0.68561872909699,0.30434782608695654,long,0.68561872909699,0.4014297096668367
short_posts&deal_over_tariff,154,0.042880715445368346,0.04284935966605108,0.08099120648593479,0.7532467532467533,0.24025974025974026,long,0.7532467532467533,0.4008294765487013
has_attack&deal_only,202,0.03981727042202251,0.035947825666543975,0.08181745311534792,0.7079207920792079,0.27722772277227725,long,0.7079207920792079,0.40061927200719866
attack_heavy&has_china,147,0.045240230046543435,0.04561363797579121,0.07901522599861126,0.7278911564625851,0.272108843537415,long,0.7278911564625851,0.39925458750375026
has_deal&has_night_post,323,0.032377953054902625,0.028235373136043185,0.07622930966778785,0.6842105263157895,0.30340557275541796,long,0.6842105263157895,0.39814420740316525
has_deal,350,0.03139241926049077,0.027892027889907745,0.07630646501376703,0.6771428571428572,0.31142857142857144,long,0.6771428571428572,0.39768490781840865
has_night_post&deal_only,243,0.0364646836926409,0.03219347658073746,0.07855835532108092,0.6995884773662552,0.2880658436213992,long,0.6995884773662552,0.3976657934218148
has_deal&has_exclamation,349,0.031369015244530875,0.027713862012204826,0.0764147640808562,0.6762177650429799,0.3123209169054441,long,0.6762177650429799,0.39627819371956613
has_action&uppercase_phrase_heavy,26,0.08758344020244564,0.094056623369562,0.07859619336121335,0.8846153846153846,0.11538461538461539,long,0.8846153846153846,0.3950600932760274
posts_very_high&deal_over_tariff,127,0.046596189393980046,0.05545599715133043,0.08673865375102906,0.7480314960629921,0.2440944881889764,long,0.7480314960629921,0.3928006037409756
attack_heavy&has_uppercase_phrase,148,0.044536660853019897,0.04349335672275312,0.08523419077287768,0.7162162162162162,0.27702702702702703,long,0.7162162162162162,0.3880544429365269
positive_heavy&deal_over_tariff,250,0.0351664910649051,0.032090100516126374,0.07890264638335633,0.696,0.292,long,0.696,0.38699760760208995
short_posts&deal_only,138,0.04349745258296315,0.043516283624758345,0.08270048049347671,0.7536231884057971,0.2391304347826087,long,0.7536231884057971,0.3850859020592103
attack_heavy&has_all_caps,102,0.050453629256206466,0.04489164664309009,0.09014764875577783,0.7549019607843137,0.24509803921568626,long,0.7549019607843137,0.3846653352256244
posts_high&china_streak_3d,48,0.06661812525508753,0.054945872665252526,0.09116290760953642,0.8333333333333334,0.16666666666666666,long,0.8333333333333334,0.38461992548932994
has_deal&deal_only,265,0.03436210757107469,0.02895331448757732,0.0788016004749172,0.6867924528301886,0.3018867924528302,long,0.6867924528301886,0.38417424290762103
deal_over_tariff&deal_only,265,0.03436210757107469,0.02895331448757732,0.0788016004749172,0.6867924528301886,0.3018867924528302,long,0.6867924528301886,0.38417424290762103
deal_only,265,0.03436210757107469,0.02895331448757732,0.0788016004749172,0.6867924528301886,0.3018867924528302,long,0.6867924528301886,0.38417424290762103
has_positive&pre_action,80,0.05365598653664462,0.05594273812701134,0.07454550767050208,0.8,0.2,long,0.8,0.3839309865464029
has_russia&has_uppercase_phrase,115,0.049579844901130994,0.0604110844830783,0.08924918292951972,0.7217391304347827,0.26956521739130435,long,0.7217391304347827,0.38373758322554335
has_exclamation&deal_only,264,0.03434241699054659,0.028690666784873642,0.07895061809964937,0.6856060606060606,0.30303030303030304,long,0.6856060606060606,0.3825669676636316
posts_high&has_russia,176,0.03929203958414402,0.03856492394315225,0.08563112269683983,0.7329545454545454,0.26136363636363635,long,0.7329545454545454,0.3820656108805297
has_action&positive_heavy,150,0.04371835585431723,0.047281600600472484,0.0840967571674278,0.7133333333333334,0.2733333333333333,long,0.7133333333333334,0.38194600244349874
pre_action&exclamation_heavy,79,0.05381471195573669,0.056737532602225915,0.07437142187270662,0.7974683544303798,0.20253164556962025,long,0.7974683544303798,0.3814415722732759
posts_very_high&attack_heavy,166,0.040239575301225336,0.04639183321534346,0.08489315267202459,0.7349397590361446,0.26506024096385544,long,0.7349397590361446,0.3810300037957965
has_deal&exclamation_heavy,338,0.030707359097250257,0.027504463820707925,0.07703372091241018,0.6745562130177515,0.3136094674556213,long,0.6745562130177515,0.380819312446085
has_deal&has_positive,339,0.030587923441884334,0.026666957840752348,0.0771121415706258,0.6696165191740413,0.3185840707964602,long,0.6696165191740413,0.3771169064601731
short_posts&china_streak_3d,42,0.06780616290041779,0.05736802924820372,0.08807336336596992,0.8571428571428571,0.14285714285714285,long,0.8571428571428571,0.37665785100995197
pre_action&has_uppercase_phrase,45,0.0681724030312533,0.08144783580972903,0.08473722086023362,0.8222222222222222,0.17777777777777778,long,0.8222222222222222,0.37601404750624123
has_attack&open_deal,72,0.05687304041840865,0.04558043136418444,0.0870767106591233,0.7777777777777778,0.2222222222222222,long,0.7777777777777778,0.37534291710116463
has_deal&lots_of_excl,326,0.03086153551525774,0.027892027889907745,0.07768188228697422,0.6717791411042945,0.3159509202453988,long,0.6717791411042945,0.374328458130599
attack_heavy&pre_action,44,0.06494332978844115,0.07222755407745818,0.06656834467673799,0.8636363636363636,0.13636363636363635,long,0.8636363636363636,0.3720418630315304
open_deal&deal_over_tariff,78,0.0545855584472628,0.035922438191303474,0.08523618063193941,0.7692307692307693,0.23076923076923078,long,0.7692307692307693,0.37083584535475933
attack_heavy&deal_over_tariff,149,0.040750426679609486,0.04402713964320193,0.07797239245646596,0.7449664429530202,0.2550335570469799,long,0.7449664429530202,0.37056295844884574
has_action&has_china,86,0.05454274612222481,0.05886454207344627,0.07935481091960586,0.7325581395348837,0.2558139534883721,long,0.7325581395348837,0.3705342210669071
has_uppercase_phrase&uppercase_phrase_heavy,45,0.06901831328819641,0.0673761732342193,0.09014374893016298,0.8,0.2,long,0.8,0.37039113649148214
has_positive&uppercase_phrase_heavy,45,0.06901831328819641,0.0673761732342193,0.09014374893016298,0.8,0.2,long,0.8,0.37039113649148214
has_night_post&uppercase_phrase_heavy,45,0.06901831328819641,0.0673761732342193,0.09014374893016298,0.8,0.2,long,0.8,0.37039113649148214
uppercase_phrase_heavy,45,0.06901831328819641,0.0673761732342193,0.09014374893016298,0.8,0.2,long,0.8,0.37039113649148214
uppercase_phrase_heavy&has_exclamation,45,0.06901831328819641,0.0673761732342193,0.09014374893016298,0.8,0.2,long,0.8,0.37039113649148214
uppercase_phrase_heavy&exclamation_heavy,45,0.06901831328819641,0.0673761732342193,0.09014374893016298,0.8,0.2,long,0.8,0.37039113649148214
uppercase_phrase_heavy&lots_of_excl,45,0.06901831328819641,0.0673761732342193,0.09014374893016298,0.8,0.2,long,0.8,0.37039113649148214
has_attack&has_russia,244,0.03442642203498069,0.029530764847753854,0.0794990252515359,0.6885245901639344,0.29098360655737704,long,0.6885245901639344,0.3702595398274102
exclamation_heavy&deal_only,254,0.03390149716750185,0.028690666784873642,0.0798880252415603,0.6850393700787402,0.3031496062992126,long,0.6850393700787402,0.3701274268908554
posts_very_high&has_deal,142,0.041868188699588554,0.05152378803844848,0.08673314106132905,0.7394366197183099,0.2535211267605634,long,0.7394366197183099,0.3689175363545995
has_deal&positive_heavy,283,0.032052391978202324,0.028428019082169964,0.07718504157456493,0.6784452296819788,0.30742049469964666,long,0.6784452296819788,0.3658208513904853
pre_deal&short_posts,66,0.05501872619813085,0.06821043500705803,0.07839998150792435,0.8181818181818182,0.18181818181818182,long,0.8181818181818182,0.3657062001336265
open_deal&lots_of_excl,77,0.054253047235690084,0.045547224752577664,0.08632486913018898,0.7662337662337663,0.23376623376623376,long,0.7662337662337663,0.3647798037226014
volume_spike,169,0.04032648216710747,0.045547224752577664,0.07853577602882189,0.6923076923076923,0.3076923076923077,long,0.6923076923076923,0.3629383395039672
has_all_caps&china_streak_3d,20,0.08996866207970594,0.0873891041985474,0.09697015917198695,0.9,0.1,long,0.9,0.3621168796588742
attack_heavy&has_russia,150,0.03987306035196745,0.03856492394315225,0.07955452366930554,0.74,0.25333333333333335,long,0.74,0.36137401367841987
has_action&has_all_caps,53,0.06739124402287824,0.07964598265937184,0.09082903847230657,0.7358490566037735,0.2641509433962264,long,0.7358490566037735,0.36101907208326467
posts_very_high&open_deal,46,0.06610944824887055,0.05886454207344627,0.09110096388769691,0.8043478260869565,0.1956521739130435,long,0.8043478260869565,0.3606503356949733
has_positive&deal_only,254,0.03341699925969218,0.027892027889907745,0.07998526016472991,0.6771653543307087,0.3110236220472441,long,0.6771653543307087,0.36064427102361224
has_uppercase_phrase&china_streak_3d,32,0.07549260801118551,0.07338069634209266,0.086600489183651,0.84375,0.15625,long,0.84375,0.3603240116156284
pre_action&lots_of_excl,76,0.05233194542860896,0.05486535750053523,0.07544265687285164,0.7894736842105263,0.21052631578947367,long,0.7894736842105263,0.36017314996135547
attack_heavy&china_streak_3d,36,0.07189257704734056,0.05616902197791884,0.08735755493028258,0.8333333333333334,0.16666666666666666,long,0.8333333333333334,0.35946288523670283
has_night_post&china_streak_3d,73,0.05583818396089405,0.052365059589708274,0.09070322934104429,0.7534246575342466,0.2465753424657534,long,0.7534246575342466,0.3594450809472389
positive_heavy&uppercase_phrase_heavy,36,0.07184010379829416,0.0657354485218914,0.07387972706504604,0.8333333333333334,0.16666666666666666,long,0.8333333333333334,0.3592005189914708
positive_heavy&has_russia,222,0.03452132157595423,0.0342302516657188,0.07819585614841797,0.6981981981981982,0.28378378378378377,long,0.6981981981981982,0.3591225071502295
lots_of_excl&deal_only,244,0.03372207641270903,0.028690666784873642,0.08085816975253891,0.680327868852459,0.3073770491803279,long,0.680327868852459,0.35836656424558344
has_china&open_deal,42,0.07241062231637219,0.06126772521434953,0.09870148308113265,0.7619047619047619,0.23809523809523808,long,0.7619047619047619,0.3575424510801932
has_russia&short_posts,137,0.04099075725200244,0.03859028742420745,0.08662509083627448,0.7445255474452555,0.24817518248175183,long,0.7445255474452555,0.35721182700934284
posts_high&pre_action,60,0.056416552861498825,0.05594273812701134,0.07798487590298368,0.8166666666666667,0.18333333333333332,long,0.8166666666666667,0.356883937148925
has_russia&has_all_caps,72,0.05295622963295776,0.05762832966832332,0.09506391816825938,0.7916666666666666,0.20833333333333334,long,0.7916666666666666,0.355734236255596
open_deal&exclamation_heavy,80,0.05192265467799204,0.035922438191303474,0.08583924948750819,0.7625,0.2375,long,0.7625,0.3541128855683249
has_china&has_russia,119,0.0454023930377896,0.038539560462097056,0.08364699957395962,0.7142857142857143,0.2773109243697479,long,0.7142857142857143,0.3537725964034197
open_deal&has_exclamation,82,0.051669943269963145,0.035922438191303474,0.08530374203246538,0.7560975609756098,0.24390243902439024,long,0.7560975609756098,0.3537714226251722
has_deal&open_deal,82,0.051669943269963145,0.035922438191303474,0.08530374203246538,0.7560975609756098,0.24390243902439024,long,0.7560975609756098,0.3537714226251722
open_deal,82,0.051669943269963145,0.035922438191303474,0.08530374203246538,0.7560975609756098,0.24390243902439024,long,0.7560975609756098,0.3537714226251722
has_china&deal_over_tariff,127,0.04429265837290163,0.03594067915115651,0.08278604394822812,0.7086614173228346,0.29133858267716534,long,0.7086614173228346,0.3537304085388455
positive_heavy&deal_only,207,0.03529593719982058,0.03553322656308988,0.08141143483082898,0.6908212560386473,0.2946859903381642,long,0.6908212560386473,0.35081292264189107
posts_very_high&china_streak_3d,28,0.07138726133916273,0.05613430855236046,0.0897376828193264,0.9285714285714286,0.07142857142857142,long,0.9285714285714286,0.3507640319511721
has_deal&attack_heavy,167,0.03672842352844641,0.04132243109846723,0.07811601572629612,0.7305389221556886,0.2694610778443114,long,0.7305389221556886,0.34673995053211604
posts_very_high&has_russia,120,0.04158190490249598,0.05209057048641752,0.08656323242658448,0.7583333333333333,0.24166666666666667,long,0.7583333333333333,0.34542610070349744
open_deal&has_night_post,75,0.05248124155036257,0.03436975470701209,0.08607607451873607,0.76,0.24,long,0.76,0.34542067187618675
has_positive&open_deal,80,0.05142934444910692,0.035922438191303474,0.0861296233506228,0.75,0.25,long,0.75,0.34499853067936365
has_attack&pre_action,62,0.05506987020634139,0.05486535750053523,0.07236230631091113,0.7903225806451613,0.20967741935483872,long,0.7903225806451613,0.3427001449943788
has_uppercase_phrase&volume_spike,83,0.051920729443272626,0.059063204851147244,0.0752478869105688,0.7228915662650602,0.27710843373493976,long,0.7228915662650602,0.34194242672794484
has_attack&china_streak_3d,60,0.05874643779585872,0.054945872665252526,0.09074533656911223,0.75,0.25,long,0.75,0.34128596284855617
has_china&deal_only,94,0.047849253155370745,0.04346803453712922,0.08527438803503475,0.7340425531914894,0.26595744680851063,long,0.7340425531914894,0.3405338806222485
positive_heavy&open_deal,71,0.05301821970042587,0.03436975470701209,0.08865901466231334,0.7605633802816901,0.23943661971830985,long,0.7605633802816901,0.3397736737290102
short_posts&volume_spike,93,0.04640566458663492,0.05579707665358735,0.08112304403669539,0.7526881720430108,0.24731182795698925,long,0.7526881720430108,0.3368430277674193
pre_action&short_posts,51,0.05431489780769404,0.056737532602225915,0.06942457193970902,0.8627450980392157,0.13725490196078433,long,0.8627450980392157,0.33464670653097456
lots_of_excl&china_streak_3d,72,0.054565272481528565,0.050914460462611943,0.09269054235517095,0.7222222222222222,0.2777777777777778,long,0.7222222222222222,0.3343901096378315
has_positive&china_streak_3d,79,0.051846449320521557,0.04739317274604926,0.0908772365151022,0.7215189873417721,0.27848101265822783,long,0.7215189873417721,0.3324913331680105
has_all_caps&deal_over_tariff,85,0.04919691818919195,0.039906421603229214,0.09079671604529416,0.7294117647058823,0.27058823529411763,long,0.7294117647058823,0.33084160956749986
posts_very_high&deal_only,101,0.04487485784810617,0.05579707665358735,0.09096466792590976,0.7326732673267327,0.25742574257425743,long,0.7326732673267327,0.33042592823546657
open_deal&has_all_caps,27,0.07789861535804338,0.0713452913800976,0.11066295547184683,0.8148148148148148,0.18518518518518517,long,0.8148148148148148,0.3298151013407467
exclamation_heavy&china_streak_3d,75,0.05282511961916927,0.04739317274604926,0.09211074584045183,0.72,0.28,long,0.72,0.3293848479466968
open_deal&deal_only,62,0.054874973956489714,0.027974617574124006,0.08974477482938886,0.7580645161290323,0.24193548387096775,long,0.7580645161290323,0.327549047095498
posts_high&uppercase_phrase_heavy,41,0.06344025730553364,0.06409472380956349,0.08533205448584964,0.8048780487804879,0.1951219512195122,long,0.8048780487804879,0.3269542200733483
uppercase_phrase_heavy&volume_spike,22,0.08070231154561279,0.08742395673570214,0.07257667269791354,0.8636363636363636,0.13636363636363635,long,0.8636363636363636,0.3269100220284877
has_all_caps&deal_only,67,0.053402629449613305,0.04167157968890023,0.0939645002919725,0.746268656716418,0.2537313432835821,long,0.746268656716418,0.326208478351246
deal_heavy&deal_over_tariff,136,0.03874629572327738,0.0351552169290843,0.06975750617574608,0.7205882352941176,0.27205882352941174,long,0.7205882352941176,0.32560180990671034
china_streak_3d,80,0.05099859844069694,0.04660490663168204,0.09061810002643189,0.7125,0.2875,long,0.7125,0.3250035486812475
has_exclamation&china_streak_3d,80,0.05099859844069694,0.04660490663168204,0.09061810002643189,0.7125,0.2875,long,0.7125,0.3250035486812475
has_exclamation&volume_spike,147,0.03939881828668647,0.04185029771042048,0.07414255073689005,0.6802721088435374,0.3197278911564626,long,0.6802721088435374,0.3249559763367369
has_positive&volume_drop,129,0.04003902319119033,0.04244463710866553,0.0758212155451192,0.7131782945736435,0.2713178294573643,long,0.7131782945736435,0.324322027165101
posts_very_high&volume_spike,93,0.04588234598130408,0.05545599715133043,0.07397617599545879,0.7311827956989247,0.26881720430107525,long,0.7311827956989247,0.3235288796799427
has_deal&has_china,157,0.037783663329224705,0.02928879936134554,0.08066785364725784,0.6815286624203821,0.31210191082802546,long,0.6815286624203821,0.322654713807081
has_positive&volume_spike,139,0.03963490151894183,0.04185029771042048,0.07290682915998942,0.6834532374100719,0.31654676258992803,long,0.6834532374100719,0.31936990462456205
has_attack&uppercase_phrase_heavy,40,0.06297763868727309,0.06276419918985343,0.08592990799956081,0.8,0.2,long,0.8,0.3186444478574713
has_positive&high_emotion,25,0.06906373149044534,0.061274274085449054,0.06772734912076737,0.92,0.08,long,0.92,0.31769316485604854
open_deal&has_uppercase_phrase,36,0.06807272825467067,0.07639656359491331,0.08345947295614828,0.7777777777777778,0.2222222222222222,long,0.7777777777777778,0.3176727318551298
deal_heavy&has_attack,120,0.039964465221633924,0.04303123301769429,0.07338774497230025,0.725,0.26666666666666666,long,0.725,0.31739686695753416
attack_heavy&deal_only,121,0.03953100956341689,0.042035326392186656,0.08192710545981276,0.7272727272727273,0.2727272727272727,long,0.7272727272727273,0.3162480765073351
posts_high&deal_heavy,111,0.04095590768009908,0.04599644171376038,0.07693644576036701,0.7297297297297297,0.26126126126126126,long,0.7297297297297297,0.3148763807077245
has_deal&has_all_caps,94,0.04480430625739577,0.03645465758455457,0.09050295290575938,0.723404255319149,0.2765957446808511,long,0.723404255319149,0.3142423711047939
has_night_post&volume_drop,121,0.039709068260373175,0.04565215867076833,0.07755576469826313,0.71900826446281,0.2644628099173554,long,0.71900826446281,0.31406263078658786
pre_deal&deal_over_tariff,149,0.035680820630478574,0.03747512167559486,0.07435353114811773,0.7181208053691275,0.2751677852348993,long,0.7181208053691275,0.31277027915558525
has_all_caps&uppercase_phrase_heavy,37,0.06557466165915787,0.0673761732342193,0.09513557770571332,0.7837837837837838,0.21621621621621623,long,0.7837837837837838,0.3126318311200528
posts_very_high&deal_heavy,79,0.046276837752212634,0.057317999663814234,0.08039089665091892,0.759493670886076,0.22784810126582278,long,0.759493670886076,0.31239306148878654
positive_heavy&pre_action,67,0.04914954279229423,0.054582771349273695,0.0731002459872917,0.7761194029850746,0.22388059701492538,long,0.7761194029850746,0.3122377613316537
has_exclamation&volume_drop,156,0.03551776955483215,0.0353546093506002,0.07529885555991744,0.6987179487179487,0.28846153846153844,long,0.6987179487179487,0.3099630202018943
pre_deal,170,0.03365657632008919,0.038285548931676794,0.0735056233996291,0.7058823529411765,0.28823529411764703,long,0.7058823529411765,0.30976098818373454
has_deal&pre_deal,170,0.03365657632008919,0.038285548931676794,0.0735056233996291,0.7058823529411765,0.28823529411764703,long,0.7058823529411765,0.30976098818373454
pre_deal&has_exclamation,169,0.03362164232890336,0.03803153740125653,0.07372265012791564,0.7041420118343196,0.28994082840236685,long,0.7041420118343196,0.30776734131842315
short_posts&volume_drop,90,0.044208627752767,0.04579426760024341,0.07747027313574827,0.7333333333333333,0.26666666666666666,long,0.7333333333333333,0.3075599030444048
exclamation_heavy&volume_drop,114,0.040964973854883326,0.04276427136959271,0.07654267903291458,0.7017543859649122,0.2807017543859649,long,0.7017543859649122,0.30693770627439015
lots_of_excl&volume_spike,131,0.03946013402603295,0.03859028742420745,0.07308791333041849,0.6793893129770993,0.32061068702290074,long,0.6793893129770993,0.30684066465690585
has_market_brag&has_exclamation,171,0.033788991103339515,0.02524026689719916,0.07894788809103194,0.6900584795321637,0.2982456140350877,long,0.6900584795321637,0.3049012301682617
has_market_brag,171,0.033788991103339515,0.02524026689719916,0.07894788809103194,0.6900584795321637,0.2982456140350877,long,0.6900584795321637,0.3049012301682617
exclamation_heavy&volume_spike,131,0.03912429528596171,0.03859028742420745,0.07298165117850032,0.6793893129770993,0.32061068702290074,long,0.6793893129770993,0.30422919399760673
has_action&has_russia,77,0.04600901204744557,0.059063204851147244,0.08864146454330767,0.7532467532467533,0.23376623376623376,long,0.7532467532467533,0.30410638504538884
posts_high&volume_spike,120,0.04012720853409535,0.039537965137913855,0.07106670985576095,0.6916666666666667,0.30833333333333335,long,0.6916666666666667,0.3040369857597567
has_action&deal_over_tariff,89,0.04384051999860723,0.056737532602225915,0.08128952470058359,0.7303370786516854,0.25842696629213485,long,0.7303370786516854,0.3020605786698506
has_market_brag&exclamation_heavy,169,0.03383763007032473,0.02524026689719916,0.07937656024521314,0.6863905325443787,0.30177514792899407,long,0.6863905325443787,0.30193577601212834
pre_deal&lots_of_excl,159,0.033664094064079615,0.03803153740125653,0.07407859322137925,0.710691823899371,0.2830188679245283,long,0.710691823899371,0.30168020392589906
has_russia&deal_over_tariff,120,0.03921292039334356,0.0351552169290843,0.08056232710605714,0.7,0.2833333333333333,long,0.7,0.30068921463124065
has_attack&volume_spike,121,0.040303848549112606,0.04048564285162026,0.07091313113317231,0.6776859504132231,0.32231404958677684,long,0.6776859504132231,0.30044687100247575
has_action&volume_spike,59,0.051124678449847694,0.06143367457014337,0.079631168488039,0.7627118644067796,0.23728813559322035,long,0.7627118644067796,0.29951397952337094
pre_deal&exclamation_heavy,166,0.03297276817446278,0.037753329538425695,0.07387108073748203,0.7048192771084337,0.2891566265060241,long,0.7048192771084337,0.29942442682544723
has_night_post&volume_spike,147,0.03659180516603949,0.03859028742420745,0.07592102508062012,0.673469387755102,0.32653061224489793,long,0.673469387755102,0.29878608110171095
open_deal&short_posts,44,0.05629638174759363,0.03130256392152764,0.09591470748789978,0.7954545454545454,0.20454545454545456,long,0.7954545454545454,0.29704496072265046
has_uppercase_phrase&deal_over_tariff,123,0.040632612747636535,0.04310400458828645,0.08858371790574485,0.6585365853658537,0.3333333333333333,long,0.6585365853658537,0.296761264043132
has_positive&has_market_brag,168,0.03334495960903946,0.023548745617627542,0.0794910186771957,0.6845238095238095,0.30357142857142855,long,0.6845238095238095,0.29585124089146253
has_all_caps&volume_spike,50,0.05502726538975205,0.05349665693971861,0.08175433718954464,0.76,0.24,long,0.76,0.2957171590550657
has_action&open_deal,28,0.06514412716152712,0.08416775323910042,0.07005077548112207,0.8571428571428571,0.14285714285714285,long,0.8571428571428571,0.2954659883070322
has_deal&has_action,101,0.04065870998678193,0.051677133730548164,0.07788579644331767,0.7227722772277227,0.25742574257425743,long,0.7227722772277227,0.2953355783625153
has_russia&sig_potus,35,0.06469057197087355,0.0673761732342193,0.07928540559121315,0.7714285714285715,0.2,long,0.7714285714285715,0.29523696556682755
deal_heavy&short_posts,64,0.04800144538629619,0.05562653690245889,0.0755886744014302,0.765625,0.21875,long,0.765625,0.29400885299106416
has_market_brag&has_night_post,151,0.034404145648651095,0.02524026689719916,0.07933931343325897,0.695364238410596,0.2913907284768212,long,0.695364238410596,0.29397581495891983
has_positive&pre_deal,164,0.03263091575265789,0.03670790041337568,0.07419286670134022,0.7012195121951219,0.2926829268292683,long,0.7012195121951219,0.29302533985035856
deal_heavy&open_deal,49,0.05254764934590993,0.045547224752577664,0.07295539040500086,0.7959183673469388,0.20408163265306123,long,0.7959183673469388,0.29276547492721244
deal_heavy&positive_heavy,131,0.03681635955268631,0.03594067915115651,0.07087615780590667,0.6946564885496184,0.29770992366412213,long,0.6946564885496184,0.29271608450332787
has_attack&pre_deal,129,0.036134612561513964,0.038539560462097056,0.07567805267911858,0.7131782945736435,0.27906976744186046,long,0.7131782945736435,0.29269572189149423
pre_deal&has_night_post,164,0.032459650473420136,0.037753329538425695,0.07405225815150673,0.7012195121951219,0.2926829268292683,long,0.7012195121951219,0.2914873791313395
posts_high&pre_deal,114,0.03782458230928517,0.04159987505921581,0.08086628684923267,0.7192982456140351,0.2719298245614035,long,0.7192982456140351,0.29049293038301954
attack_heavy&volume_spike,99,0.04106306873151468,0.04185029771042048,0.06836821178639405,0.7070707070707071,0.29292929292929293,long,0.7070707070707071,0.2888895582003227
pre_action&has_all_caps,30,0.06870174800525168,0.07351107794679557,0.08699256319010579,0.7666666666666667,0.23333333333333334,long,0.7666666666666667,0.28849281127259124
posts_very_high&uppercase_phrase_heavy,35,0.06069000975457242,0.0673761732342193,0.08349586877614726,0.8,0.2,long,0.8,0.28723755179611554
positive_heavy&volume_spike,126,0.0378845793273201,0.037745698284562756,0.07343757983518967,0.6746031746031746,0.3253968253968254,long,0.6746031746031746,0.28687725874323106
attack_heavy&open_deal,47,0.0527251044246481,0.04561363797579121,0.07684132913025757,0.7872340425531915,0.2127659574468085,long,0.7872340425531915,0.2845576356191952
deal_heavy&lots_of_excl,139,0.03530028325816003,0.03436975470701209,0.07284992052214019,0.6834532374100719,0.30935251798561153,long,0.6834532374100719,0.28444244000431623
deal_heavy&exclamation_heavy,146,0.034323195084190586,0.030335661213986786,0.07255963946859663,0.684931506849315,0.3082191780821918,long,0.684931506849315,0.2840607836732398
pre_deal&deal_only,118,0.03673235586425605,0.04078900064606472,0.0779426092336418,0.711864406779661,0.2796610169491525,long,0.711864406779661,0.2840449454996391
uppercase_phrase_heavy&short_posts,30,0.062162903835458846,0.06276419918985343,0.07489880739307955,0.8333333333333334,0.16666666666666666,long,0.8333333333333334,0.2837335389225435
has_china&pre_action,44,0.05525767865447063,0.061267788608745044,0.07207782653432751,0.7727272727272727,0.22727272727272727,long,0.7727272727272727,0.2832338888190422
has_attack&volume_drop,75,0.0445352398889072,0.04405275337154335,0.07497030465038998,0.7333333333333333,0.24,long,0.7333333333333333,0.28283676012113645
posts_low&has_positive,83,0.04020574192804411,0.04156468707321359,0.06773710886950596,0.7710843373493976,0.21686746987951808,long,0.7710843373493976,0.28244182464436657
has_deal&deal_heavy,148,0.03398344827524543,0.028762154168722742,0.07214661052364053,0.6824324324324325,0.3108108108108108,long,0.6824324324324325,0.28213564632051413
deal_heavy&has_exclamation,148,0.03398344827524543,0.028762154168722742,0.07214661052364053,0.6824324324324325,0.3108108108108108,long,0.6824324324324325,0.28213564632051413
deal_heavy,148,0.03398344827524543,0.028762154168722742,0.07214661052364053,0.6824324324324325,0.3108108108108108,long,0.6824324324324325,0.28213564632051413
has_deal&has_russia,139,0.03501220654022832,0.029810446325240658,0.07836135674203529,0.6834532374100719,0.2949640287769784,long,0.6834532374100719,0.28212117691535815
has_deal&has_uppercase_phrase,139,0.036528183754080394,0.04132243109846723,0.0877988992251269,0.6546762589928058,0.3381294964028777,long,0.6546762589928058,0.28194348984189344
has_market_brag&short_posts,83,0.0412645134556906,0.027713862012204826,0.09320014746112665,0.7469879518072289,0.25301204819277107,long,0.7469879518072289,0.2808208645645069
lots_of_excl&volume_drop,84,0.042894579532938855,0.04147822731811501,0.07656499376899478,0.7142857142857143,0.2619047619047619,long,0.7142857142857143,0.2808109394471369
has_attack&sig_potus,53,0.054933669672622684,0.0604110844830783,0.07907196825217591,0.6981132075471698,0.2641509433962264,long,0.6981132075471698,0.27919163430209054
has_china&volume_spike,72,0.046401077316946315,0.04592804259898453,0.07435343817553323,0.7083333333333334,0.2916666666666667,long,0.7083333333333334,0.27888938961397924
has_market_brag&lots_of_excl,161,0.032693155628956555,0.023157737589499794,0.08065003792407013,0.6708074534161491,0.3167701863354037,long,0.6708074534161491,0.278270814570931
posts_very_high&pre_action,43,0.05055140938076887,0.056737532602225915,0.061132245072482806,0.8372093023255814,0.16279069767441862,long,0.8372093023255814,0.27752463571915703
deal_heavy&has_positive,144,0.03392635423195364,0.028762154168722742,0.07286284123988174,0.6805555555555556,0.3125,long,0.6805555555555556,0.2770652262276214
deal_heavy&has_night_post,140,0.03370235040276382,0.028762154168722742,0.07261241992332977,0.6857142857142857,0.30714285714285716,long,0.6857142857142857,0.2734433744375729
has_attack&has_market_brag,133,0.0342685215110188,0.02524026689719916,0.07839305980148274,0.6917293233082706,0.2932330827067669,long,0.6917293233082706,0.27337410511611665
sig_potus&has_exclamation,61,0.049642099801024187,0.0604110844830783,0.08158436174598892,0.7049180327868853,0.26229508196721313,long,0.7049180327868853,0.27330884158914465
sig_potus,61,0.049642099801024187,0.0604110844830783,0.08158436174598892,0.7049180327868853,0.26229508196721313,long,0.7049180327868853,0.27330884158914465
deal_over_tariff&volume_spike,74,0.04505309402756341,0.05810408056833283,0.06927903564890271,0.7027027027027027,0.2972972972972973,long,0.7027027027027027,0.2723404215379907
deal_heavy&deal_only,91,0.03992498909326701,0.03803153740125653,0.0715752615540217,0.7142857142857143,0.27472527472527475,long,0.7142857142857143,0.2720429443729386
has_action&deal_only,73,0.04283430996784506,0.05579707665358735,0.08167972946202147,0.7397260273972602,0.2465753424657534,long,0.7397260273972602,0.2707223460115267
has_russia&uppercase_phrase_heavy,24,0.06298665478827455,0.07188385346155879,0.06938134540429564,0.875,0.125,long,0.875,0.269999038463181
has_russia&open_deal,34,0.0581415807892051,0.052979154617827984,0.07588096449284903,0.7941176470588235,0.20588235294117646,long,0.7941176470588235,0.26922236876903377
positive_heavy&all_caps_heavy,21,0.07247642106998317,0.09602720534448972,0.06729827888945208,0.8095238095238095,0.19047619047619047,long,0.8095238095238095,0.2688660788617016
has_china&sig_potus,29,0.06883576426138158,0.08102023290374438,0.09481816068787757,0.7241379310344828,0.27586206896551724,long,0.7241379310344828,0.2684320909870545
positive_heavy&pre_deal,143,0.03164957451147706,0.038539560462097056,0.07167511871711031,0.7062937062937062,0.2867132867132867,long,0.7062937062937062,0.2673137084340023
has_night_post&all_caps_heavy,27,0.06590267025007265,0.08620667272797644,0.09011530141422468,0.7777777777777778,0.2222222222222222,long,0.7777777777777778,0.26634247086436214
all_caps_heavy&exclamation_heavy,27,0.06590267025007265,0.08620667272797644,0.09011530141422468,0.7777777777777778,0.2222222222222222,long,0.7777777777777778,0.26634247086436214
has_all_caps&all_caps_heavy,27,0.06590267025007265,0.08620667272797644,0.09011530141422468,0.7777777777777778,0.2222222222222222,long,0.7777777777777778,0.26634247086436214
all_caps_heavy,27,0.06590267025007265,0.08620667272797644,0.09011530141422468,0.7777777777777778,0.2222222222222222,long,0.7777777777777778,0.26634247086436214
all_caps_heavy&has_exclamation,27,0.06590267025007265,0.08620667272797644,0.09011530141422468,0.7777777777777778,0.2222222222222222,long,0.7777777777777778,0.26634247086436214
all_caps_heavy&lots_of_excl,27,0.06590267025007265,0.08620667272797644,0.09011530141422468,0.7777777777777778,0.2222222222222222,long,0.7777777777777778,0.26634247086436214
has_positive&all_caps_heavy,27,0.06590267025007265,0.08620667272797644,0.09011530141422468,0.7777777777777778,0.2222222222222222,long,0.7777777777777778,0.26634247086436214
has_uppercase_phrase&deal_only,101,0.039890312695645046,0.04310400458828645,0.09078486894402743,0.6633663366336634,0.32673267326732675,long,0.6633663366336634,0.26593870923052576
has_attack&all_caps_heavy,24,0.06797397939477112,0.09111693903623308,0.09233388494026998,0.7916666666666666,0.20833333333333334,long,0.7916666666666666,0.263627478397441
attack_heavy&all_caps_heavy,23,0.07007488575290513,0.09602720534448972,0.09382070505480887,0.782608695652174,0.21739130434782608,long,0.782608695652174,0.26300922737190247
sig_potus&exclamation_heavy,59,0.048913273129128375,0.0604110844830783,0.08240346247317915,0.6949152542372882,0.2711864406779661,long,0.6949152542372882,0.26108659620874153
pre_action&volume_spike,30,0.05950576818309257,0.07836245879003445,0.07667635523834734,0.8,0.2,long,0.8,0.26074121228442404
posts_high&has_market_brag,107,0.037400713362320474,0.028428019082169964,0.08589567517260713,0.6728971962616822,0.3177570093457944,long,0.6728971962616822,0.26032776713058914
has_russia&pre_action,32,0.054383351622383835,0.05390212861456378,0.07795356037319588,0.84375,0.15625,long,0.84375,0.25957014783192034
has_positive&sig_potus,59,0.04849415613885039,0.051723731267421025,0.08267516607715095,0.6949152542372882,0.2711864406779661,long,0.6949152542372882,0.25884945644268964
has_deal&pre_action,48,0.04682534022840681,0.05594273812701134,0.059636600919777766,0.7916666666666666,0.20833333333333334,long,0.7916666666666666,0.25682891646478156
positive_heavy&has_market_brag,141,0.031941425655829435,0.023206838151899722,0.07980160619656095,0.6737588652482269,0.3120567375886525,long,0.6737588652482269,0.25554556328777145
has_china&uppercase_phrase_heavy,33,0.05851094893833263,0.05545599715133043,0.0916104266312813,0.7575757575757576,0.24242424242424243,long,0.7575757575757576,0.25463622097321176
has_russia&deal_only,98,0.037602382882975884,0.029301528542683863,0.0846042241956779,0.6836734693877551,0.29591836734693877,long,0.6836734693877551,0.2544937564281127
high_emotion,69,0.040509577044281375,0.061274274085449054,0.09917622891435152,0.7536231884057971,0.2463768115942029,long,0.7536231884057971,0.2535925595122143
posts_high&has_chips,24,0.0652214022309658,0.0713491744807987,0.10498904115420779,0.7916666666666666,0.20833333333333334,long,0.7916666666666666,0.2529519966432538
has_russia&volume_spike,78,0.039704175776354836,0.039537965137913855,0.07555171161123186,0.717948717948718,0.28205128205128205,long,0.717948717948718,0.25175430779075786
sig_potus&lots_of_excl,57,0.048620408454757506,0.051723731267421025,0.0840372605615774,0.6842105263157895,0.2807017543859649,long,0.6842105263157895,0.2511572864269761
has_night_post&sig_potus,59,0.046996305909768346,0.051723731267421025,0.08164363876246887,0.6949152542372882,0.2711864406779661,long,0.6949152542372882,0.2508543133470903
positive_heavy&has_iran,95,0.03703454905771674,0.03747512167559486,0.08221806248447447,0.6947368421052632,0.28421052631578947,long,0.6947368421052632,0.2507778610421899
all_caps_heavy&has_uppercase_phrase,26,0.06364451375267667,0.07877598205403702,0.09111756541856132,0.7692307692307693,0.23076923076923078,long,0.7692307692307693,0.249634321198479
all_caps_heavy&short_posts,24,0.06386730408486913,0.07877598205403702,0.06379794314441266,0.7916666666666666,0.20833333333333334,long,0.7916666666666666,0.24770031823724337
pre_action&deal_over_tariff,41,0.0493295133128501,0.057317999663814234,0.06280289888968145,0.7804878048780488,0.21951219512195122,long,0.7804878048780488,0.24652722131845997
has_market_brag&has_china,70,0.04385033700746032,0.023969630290475386,0.08703964863841375,0.6714285714285714,0.32857142857142857,long,0.6714285714285714,0.24633253340527506
has_deal&volume_spike,88,0.03842565056059434,0.04301643380209896,0.06861295881894111,0.6818181818181818,0.3181818181818182,long,0.6818181818181818,0.24577128677847232
uppercase_phrase_heavy&deal_over_tariff,23,0.06524248945553851,0.0713452913800976,0.07689771543949364,0.782608695652174,0.21739130434782608,long,0.782608695652174,0.24487199028803683
deal_heavy&attack_heavy,85,0.03582295441352456,0.042035326392186656,0.07229417535848297,0.7411764705882353,0.25882352941176473,long,0.7411764705882353,0.24478933189229607
posts_very_high&pre_deal,76,0.03739400516493714,0.0522439161785172,0.07945835168099101,0.75,0.25,long,0.75,0.24449503441229853
posts_high&sig_potus,44,0.055619268678141515,0.06092237952661084,0.08491220500941327,0.6590909090909091,0.3181818181818182,long,0.6590909090909091,0.24316268701188595
has_iran&open_deal,22,0.05987031667204623,0.06587818793158795,0.06457760655542738,0.8636363636363636,0.13636363636363635,long,0.8636363636363636,0.24252349365543258
posts_high&all_caps_heavy,25,0.06370908787202433,0.08620667272797644,0.09321793048681827,0.76,0.24,long,0.76,0.24209453391369246
positive_heavy&china_streak_3d,64,0.043024211438808704,0.03650417411934237,0.08820790953004724,0.703125,0.296875,long,0.703125,0.24201118934329896
lots_of_excl&has_chips,31,0.0561381601123736,0.06428428804987107,0.09594774716045651,0.7741935483870968,0.22580645161290322,long,0.7741935483870968,0.24198506885304738
positive_heavy&has_chips,31,0.0561381601123736,0.06428428804987107,0.09594774716045651,0.7741935483870968,0.22580645161290322,long,0.7741935483870968,0.24198506885304738
positive_heavy&sig_potus,52,0.04816531501220929,0.04669765547816063,0.08465502688266004,0.6923076923076923,0.2692307692307692,long,0.6923076923076923,0.2404557871967022
posts_low&has_exclamation,115,0.030472647912563766,0.030206375592669366,0.07649399688734639,0.7304347826086957,0.2608695652173913,long,0.7304347826086957,0.23869348186555092
attack_heavy&uppercase_phrase_heavy,33,0.05441767484603299,0.05545599715133043,0.08696927468653387,0.7575757575757576,0.24242424242424243,long,0.7575757575757576,0.2368225319939191
deal_heavy&volume_spike,51,0.04431972031176447,0.05514794365179676,0.06955528838703479,0.7450980392156863,0.2549019607843137,long,0.7450980392156863,0.23582808239257072
posts_very_high&has_market_brag,63,0.04239669554786154,0.04561363797579121,0.0957741559245585,0.6984126984126984,0.30158730158730157,long,0.6984126984126984,0.235025188787842
pre_relief&has_uppercase_phrase,21,0.06723959981379181,0.08608036634712346,0.06575080824302974,0.7619047619047619,0.23809523809523808,long,0.7619047619047619,0.23476613778684918
has_iran&lots_of_excl,110,0.033710406211254165,0.03434730763801508,0.08152606681398192,0.6636363636363637,0.3181818181818182,long,0.6636363636363637,0.2346337616921326
posts_low&short_posts,112,0.030229609829844576,0.04170743736452309,0.08423492719929293,0.7321428571428571,0.25892857142857145,long,0.7321428571428571,0.23422723024654107
posts_high&has_relief,69,0.04212492135811086,0.04717002845489571,0.084778244431869,0.6666666666666666,0.3333333333333333,long,0.6666666666666666,0.2332772513178873
deal_heavy&has_action,54,0.043771045841205565,0.05886454207344627,0.08095275144518829,0.7222222222222222,0.25925925925925924,long,0.7222222222222222,0.23230291027433822
has_exclamation&has_chips,32,0.054303091448948584,0.06005471338506563,0.09495663572907224,0.75,0.25,long,0.75,0.23038850521766863
has_night_post&has_chips,32,0.054303091448948584,0.06005471338506563,0.09495663572907224,0.75,0.25,long,0.75,0.23038850521766863
exclamation_heavy&has_chips,32,0.054303091448948584,0.06005471338506563,0.09495663572907224,0.75,0.25,long,0.75,0.23038850521766863
has_positive&has_chips,32,0.054303091448948584,0.06005471338506563,0.09495663572907224,0.75,0.25,long,0.75,0.23038850521766863
has_chips,32,0.054303091448948584,0.06005471338506563,0.09495663572907224,0.75,0.25,long,0.75,0.23038850521766863
attack_heavy&pre_deal,93,0.03351712469905121,0.038539560462097056,0.0781816356160661,0.7096774193548387,0.2903225806451613,long,0.7096774193548387,0.22938721911053617
short_posts&has_chips,20,0.06394911385680899,0.06354737378525044,0.1098526974285027,0.8,0.2,long,0.8,0.22879130509551784
has_relief&has_attack,78,0.04035339579306971,0.02938188040640899,0.08705854634383073,0.6410256410256411,0.34615384615384615,long,0.6410256410256411,0.2284561165311999
pre_deal&pre_action,34,0.04923621214696581,0.061267788608745044,0.057347141583887595,0.7941176470588235,0.20588235294117646,long,0.7941176470588235,0.22798639946648816
has_attack&has_chips,28,0.056562624373712296,0.06005471338506563,0.1003209991294357,0.75,0.25,long,0.75,0.22447595639100493
deal_heavy&has_uppercase_phrase,66,0.04129894377427275,0.05655753815870079,0.08287568781095996,0.6666666666666666,0.3333333333333333,long,0.6666666666666666,0.223676136862062
deal_heavy&pre_action,27,0.05533506565332581,0.0673761732342193,0.06576037549258491,0.7777777777777778,0.2222222222222222,long,0.7777777777777778,0.22363400535401293
has_positive&has_iran,113,0.03207044674765392,0.03432486056901807,0.08154054359845965,0.6548672566371682,0.3274336283185841,long,0.6548672566371682,0.22325310500288154
pre_action&deal_only,31,0.049716194190198765,0.056737532602225915,0.06110172886655052,0.8064516129032258,0.1935483870967742,long,0.8064516129032258,0.223232301828811
has_iran&exclamation_heavy,113,0.031731218616443485,0.03432486056901807,0.08119267316997587,0.6548672566371682,0.3274336283185841,long,0.6548672566371682,0.2208916245348056
has_iran&has_night_post,108,0.03226955598059065,0.03434730763801508,0.0816858263605595,0.6574074074074074,0.32407407407407407,long,0.6574074074074074,0.22046490251228057
has_relief&has_night_post,90,0.03637854651265827,0.02938188040640899,0.08977422325096764,0.6333333333333333,0.35555555555555557,long,0.6333333333333333,0.21857422339811353
has_iran,116,0.031103087926091857,0.03358674570096498,0.08176436241105754,0.646551724137931,0.33620689655172414,long,0.646551724137931,0.21658869115448273
has_iran&has_exclamation,116,0.031103087926091857,0.03358674570096498,0.08176436241105754,0.646551724137931,0.33620689655172414,long,0.646551724137931,0.21658869115448273
has_relief&exclamation_heavy,91,0.03568267285871769,0.02895331448757732,0.089520545129969,0.6263736263736264,0.3626373626373626,long,0.6263736263736264,0.21321194788156425
has_tariff&lots_of_excl,133,0.02790764151937811,0.034090748624425515,0.07236301018253662,0.6616541353383458,0.3308270676691729,long,0.6616541353383458,0.21295114884875055
pre_tariff&has_uppercase_phrase,25,0.05311317249800096,0.0673761732342193,0.06909668671498304,0.8,0.2,long,0.8,0.21245268999200384
has_market_brag&volume_drop,21,0.05692109808238892,0.04244463710866553,0.06845652431770344,0.8095238095238095,0.14285714285714285,long,0.8095238095238095,0.21116043286873332
has_relief&lots_of_excl,89,0.035565566230264016,0.02895331448757732,0.08978396509259318,0.6292134831460674,0.3595505617977528,long,0.6292134831460674,0.2111167789097116
has_china&has_iran,46,0.043361989160343464,0.041806284853355136,0.07753500184311052,0.717391304347826,0.2826086956521739,long,0.717391304347826,0.21098142465076003
posts_very_high&has_relief,50,0.04368080545717097,0.05655540415034577,0.08315349823785483,0.68,0.32,long,0.68,0.21003155747590047
posts_low&has_uppercase_phrase,21,0.056534540472698395,0.05416683262065081,0.08414577943686409,0.8095238095238095,0.19047619047619047,long,0.8095238095238095,0.20972641850603063
has_relief&positive_heavy,86,0.03523635708060114,0.02938188040640899,0.08714395119310495,0.6395348837209303,0.3488372093023256,long,0.6395348837209303,0.20897987558733092
has_market_brag&has_uppercase_phrase,70,0.03861734739196259,0.041586364404443854,0.08608470825513467,0.6428571428571429,0.34285714285714286,long,0.6428571428571429,0.20770451288765382
has_iran&volume_spike,40,0.04373972269227159,0.059737144667112774,0.07200363878275715,0.75,0.25,long,0.75,0.20747572189759556
has_deal&uppercase_phrase_heavy,26,0.0526520062677556,0.06440492390218133,0.08855819297927638,0.7692307692307693,0.23076923076923078,long,0.7692307692307693,0.20651815953007338
has_tariff&has_positive,140,0.026543897800188256,0.0295496228432931,0.07219697813940128,0.6571428571428571,0.3357142857142857,long,0.6571428571428571,0.20638993109875375
posts_very_high&sig_potus,30,0.056479038358147,0.06344814114999231,0.08424378159358233,0.6666666666666666,0.3,long,0.6666666666666666,0.206232288899711
has_relief&has_positive,92,0.03467955690424613,0.028594343811810252,0.08954572623175414,0.6195652173913043,0.3695652173913043,long,0.6195652173913043,0.20608884339796407
has_market_brag&has_all_caps,53,0.04411945269926361,0.032848630832911896,0.09993576119802498,0.6415094339622641,0.3584905660377358,long,0.6415094339622641,0.2060492787318642
has_iran&has_russia,56,0.038487265024087426,0.059737144667112774,0.08457890516541844,0.7142857142857143,0.26785714285714285,long,0.7142857142857143,0.2057230849630044
attack_heavy&pre_tariff,33,0.04715987811127369,0.06360430203234846,0.06498227352183422,0.7575757575757576,0.24242424242424243,long,0.7575757575757576,0.20523702591917364
has_relief&deal_only,34,0.049539460339625134,0.0638757258230973,0.08672586181264733,0.7058823529411765,0.29411764705882354,long,0.7058823529411765,0.2039027365672594
has_tariff&has_attack,113,0.028832985539180612,0.03719025961109623,0.07383319640397226,0.6637168141592921,0.3274336283185841,long,0.6637168141592921,0.20342843395882268
posts_very_high&has_tariff,61,0.03446058660599694,0.04717002845489571,0.07801852585013917,0.7540983606557377,0.2459016393442623,long,0.7540983606557377,0.20296239552570286
posts_low&volume_spike,38,0.0444708632573731,0.06440288915956172,0.09627354724243009,0.7368421052631579,0.2631578947368421,long,0.7368421052631579,0.2019955458226405
has_uppercase_phrase&volume_drop,30,0.0501259848052704,0.054566799941767496,0.09144515455226002,0.7333333333333333,0.23333333333333334,long,0.7333333333333333,0.20133763903005716
has_relief&deal_over_tariff,45,0.043487214468814185,0.051677133730548164,0.08290506472978289,0.6888888888888889,0.3111111111111111,long,0.6888888888888889,0.20096342658905395
deal_heavy&pre_deal,96,0.029802645050428418,0.02538137278128083,0.06905211364911415,0.6875,0.3125,long,0.6875,0.2007535017367887
posts_low&high_emotion,56,0.036596347344026246,0.06327418696370268,0.10411694675552147,0.7321428571428571,0.26785714285714285,long,0.7321428571428571,0.20050609743276962
deal_only&volume_spike,57,0.0408660432757249,0.0604110844830783,0.07065939603090861,0.6491228070175439,0.3508771929824561,long,0.6491228070175439,0.20027506750849658
attack_heavy&has_market_brag,77,0.03301102068599967,0.032848630832911896,0.07505385140351271,0.6883116883116883,0.2857142857142857,long,0.6883116883116883,0.19938361218557044
high_emotion&has_exclamation,38,0.04059821347415379,0.04770866039946009,0.09297950288630474,0.7894736842105263,0.21052631578947367,long,0.7894736842105263,0.197576996554419
has_attack&has_iran,90,0.031709478682886656,0.03360919276996199,0.07881744817851949,0.6555555555555556,0.32222222222222224,long,0.6555555555555556,0.19720587957380656
deal_heavy&has_russia,63,0.034738776563665,0.03803153740125653,0.07394188012597265,0.7142857142857143,0.2857142857142857,long,0.7142857142857143,0.19695035065306407
posts_high&has_tariff,95,0.028625336433364193,0.0374644350157729,0.0736469768954059,0.7052631578947368,0.29473684210526313,long,0.7052631578947368,0.19677213586196698
has_relief&short_posts,48,0.04252250617867032,0.049423581092721935,0.07944940245929395,0.6666666666666666,0.3333333333333333,long,0.6666666666666666,0.19640304311098267
has_tariff,142,0.025237103208313696,0.028291932495278282,0.07278450869751524,0.647887323943662,0.34507042253521125,long,0.647887323943662,0.19484226025840307
has_tariff&has_exclamation,142,0.025237103208313696,0.028291932495278282,0.07278450869751524,0.647887323943662,0.34507042253521125,long,0.647887323943662,0.19484226025840307
has_relief&attack_heavy,50,0.0417492107859402,0.03132953857907628,0.08326708149355251,0.66,0.34,long,0.66,0.19483959036910412
has_relief&has_uppercase_phrase,43,0.045451587404702454,0.06143367457014337,0.08086558513490662,0.6511627906976745,0.3488372093023256,long,0.6511627906976745,0.19407645875980728
pre_relief&deal_over_tariff,23,0.054698286104371656,0.08608036634712346,0.08554139638284108,0.7391304347826086,0.2608695652173913,long,0.7391304347826086,0.19389147830864792
has_china&pre_deal,83,0.03139453933639419,0.03594067915115651,0.06733867836794873,0.6746987951807228,0.3253012048192771,long,0.6746987951807228,0.1929759091666858
has_relief&has_exclamation,93,0.03252130592294397,0.028235373136043185,0.09145752325676394,0.6129032258064516,0.3763440860215054,long,0.6129032258064516,0.19222123276236722
has_relief,93,0.03252130592294397,0.028235373136043185,0.09145752325676394,0.6129032258064516,0.3763440860215054,long,0.6129032258064516,0.19222123276236722
has_tariff&volume_spike,40,0.039385447726279714,0.043827835653257985,0.06738007005831348,0.75,0.25,long,0.75,0.18682158222081577
has_tariff&exclamation_heavy,137,0.024691518218384143,0.027295065629211024,0.07203179280180269,0.6423357664233577,0.35036496350364965,long,0.6423357664233577,0.18563941150065877
attack_heavy&sig_potus,29,0.04945054818229817,0.0604110844830783,0.07954952521803568,0.6896551724137931,0.27586206896551724,long,0.6896551724137931,0.1836547253550491
positive_heavy&volume_drop,54,0.03457475568478244,0.04276427136959271,0.06939837894706734,0.7222222222222222,0.24074074074074073,long,0.7222222222222222,0.18349610371973607
sig_potus&has_all_caps,20,0.06308028655323658,0.0638936288586488,0.11879996089507537,0.65,0.35,long,0.65,0.1833673514051638
pre_relief&lots_of_excl,41,0.04192391847894119,0.06693692486867975,0.08336193160058837,0.6829268292682927,0.3170731707317073,long,0.6829268292682927,0.18332764973508983
has_action&has_iran,35,0.041677155247677934,0.0604110844830783,0.09457171175310797,0.7428571428571429,0.2571428571428571,long,0.7428571428571429,0.1831628504292908
pre_relief&has_night_post,41,0.04170383987596312,0.06693692486867975,0.08355997169245398,0.6829268292682927,0.3170731707317073,long,0.6829268292682927,0.18236527564161814
posts_high&has_iran,81,0.029808010901501255,0.03594067915115651,0.0873033168910665,0.6790123456790124,0.32098765432098764,long,0.6790123456790124,0.18216006662028544
has_tariff&attack_heavy,71,0.030481698718159023,0.041528170429531386,0.07357804167578699,0.704225352112676,0.29577464788732394,long,0.704225352112676,0.1808756047465111
lots_of_excl&tariff_only,51,0.03684396840792681,0.05590085925311916,0.08000969590342483,0.6862745098039216,0.3137254901960784,long,0.6862745098039216,0.1805715631236198
has_market_brag&volume_spike,36,0.04160974631491411,0.055301970401563594,0.06174204182107985,0.7222222222222222,0.2777777777777778,long,0.7222222222222222,0.18030890069796116
sig_potus&has_uppercase_phrase,31,0.05283429822751288,0.0604110844830783,0.10360540704432344,0.6129032258064516,0.3870967741935484,long,0.6129032258064516,0.18029708171997783
has_china&china_streak_3d,43,0.04066107315495124,0.03553322656308988,0.08086005195293686,0.6744186046511628,0.32558139534883723,long,0.6744186046511628,0.17982191020526594
has_china&volume_drop,36,0.04310751715963203,0.022312074867659182,0.08117837216719749,0.6944444444444444,0.3055555555555556,long,0.6944444444444444,0.17961465483180014
has_tariff&deal_over_tariff,45,0.03636271579729834,0.029810446325240658,0.06665226686338772,0.7333333333333333,0.26666666666666666,long,0.7333333333333333,0.178880909612382
posts_very_high&pre_tariff,27,0.04389503266722695,0.06360430203234846,0.07052774548305264,0.7777777777777778,0.2222222222222222,long,0.7777777777777778,0.1773996624855763
has_deal&has_relief,47,0.039196824439197295,0.029810446325240658,0.08365849032841717,0.6595744680851063,0.3404255319148936,long,0.6595744680851063,0.17724077837060734
pre_deal&has_uppercase_phrase,68,0.03317806819431368,0.041078611270260246,0.08481638638748386,0.6470588235294118,0.3382352941176471,long,0.6470588235294118,0.17703099715413084
posts_high&pre_relief,33,0.04617958928854359,0.0769233293225009,0.07957184785484396,0.6666666666666666,0.3333333333333333,long,0.6666666666666666,0.17685436243962344
has_tariff&positive_heavy,122,0.02463140783312477,0.0295496228432931,0.06915535996757621,0.6475409836065574,0.3442622950819672,long,0.6475409836065574,0.1761718078557094
posts_very_high&all_caps_heavy,21,0.05351810505644992,0.08620667272797644,0.08917596988637481,0.7142857142857143,0.2857142857142857,long,0.7142857142857143,0.17517911962270044
has_action&pre_deal,55,0.033281580454903356,0.051677133730548164,0.08497761845864583,0.7090909090909091,0.2909090909090909,long,0.7090909090909091,0.17501980832899033
pre_deal&has_all_caps,46,0.03489544497419062,0.03645465758455457,0.06750134626105851,0.7391304347826086,0.2608695652173913,long,0.7391304347826086,0.17493179070826811
attack_heavy&has_iran,56,0.03264619419288487,0.0392585901264384,0.07926614862452089,0.7142857142857143,0.2857142857142857,long,0.7142857142857143,0.17450124807409176
has_tariff&has_night_post,129,0.023827268307651212,0.025396409563920752,0.07379176133497578,0.6434108527131783,0.3488372093023256,long,0.6434108527131783,0.1741235418069032
high_emotion&short_posts,59,0.03110142218240853,0.04388000407081338,0.09898238540857912,0.7288135593220338,0.2711864406779661,long,0.7288135593220338,0.174109592206952
positive_heavy&pre_relief,42,0.040069320926632214,0.0630000648599135,0.08321165195302138,0.6666666666666666,0.3333333333333333,long,0.6666666666666666,0.1731192525911941
has_positive&pre_relief,42,0.040069320926632214,0.0630000648599135,0.08321165195302138,0.6666666666666666,0.3333333333333333,long,0.6666666666666666,0.1731192525911941
pre_relief&exclamation_heavy,42,0.040069320926632214,0.0630000648599135,0.08321165195302138,0.6666666666666666,0.3333333333333333,long,0.6666666666666666,0.1731192525911941
has_deal&pre_relief,24,0.04981502436767695,0.08150184783481218,0.0870143412060794,0.7083333333333334,0.2916666666666667,long,0.7083333333333334,0.17286363756891823
deal_heavy&has_all_caps,49,0.03659217215895171,0.023206838151899722,0.08217818450094803,0.673469387755102,0.32653061224489793,long,0.673469387755102,0.17250595446362949
has_relief&has_china,37,0.04351631816210737,0.02895331448757732,0.07923525033401628,0.6486486486486487,0.35135135135135137,long,0.6486486486486487,0.17169692729059627
has_market_brag&has_russia,56,0.03042600326997279,0.02706443715590645,0.08472700231298652,0.75,0.23214285714285715,long,0.75,0.17076551982765267
pre_deal&open_deal,29,0.041784069388266454,0.03436975470701209,0.06930625053238731,0.7586206896551724,0.2413793103448276,long,0.7586206896551724,0.17070035170028586
pre_tariff&lots_of_excl,61,0.032348356804647004,0.04048564285162026,0.0707505067202998,0.6721311475409836,0.32786885245901637,long,0.6721311475409836,0.16981308972514572
has_relief&has_russia,39,0.0391634434375123,0.059063204851147244,0.08052706709801365,0.6923076923076923,0.3076923076923077,long,0.6923076923076923,0.1693215871460676
posts_very_high&has_iran,55,0.03137550240290475,0.05514794365179676,0.07993297155854762,0.7272727272727273,0.2727272727272727,long,0.7272727272727273,0.16922687523802804
has_positive&pre_tariff,63,0.0318646250895964,0.04048564285162026,0.07176183075387099,0.6666666666666666,0.3333333333333333,long,0.6666666666666666,0.16861174721476263
deal_only&china_streak_3d,21,0.048121526325247466,0.027713862012204826,0.093607182953873,0.7619047619047619,0.23809523809523808,long,0.7619047619047619,0.1680156471941003
has_tariff&has_action,41,0.03830061719558881,0.04717002845489571,0.07164437482760361,0.6829268292682927,0.2926829268292683,long,0.6829268292682927,0.16748344116253508
has_positive&tariff_only,55,0.033359226494352405,0.05582513872026018,0.0790199407689748,0.6727272727272727,0.32727272727272727,long,0.6727272727272727,0.16643181576635674
has_russia&pre_deal,67,0.029413191969240235,0.028428019082169964,0.08363633543249391,0.6865671641791045,0.29850746268656714,long,0.6865671641791045,0.16529609270286125
posts_high&pre_tariff,43,0.03461324084333164,0.05514794365179676,0.06949141522602834,0.7209302325581395,0.27906976744186046,long,0.7209302325581395,0.163632562038772
has_deal&china_streak_3d,31,0.04073280026813992,0.027713862012204826,0.08601474447844519,0.7096774193548387,0.2903225806451613,long,0.7096774193548387,0.1609481916802225
pre_tariff&tariff_only,23,0.04811733929120665,0.0690481300234469,0.08213711170184336,0.6956521739130435,0.30434782608695654,long,0.6956521739130435,0.16053054093266264
open_deal&volume_spike,24,0.04603317615342021,0.05034758420218721,0.06857419271244948,0.7083333333333334,0.2916666666666667,long,0.7083333333333334,0.15974020648867315
has_tariff&short_posts,42,0.03202009647293582,0.04559858404904882,0.07499626041664942,0.7619047619047619,0.23809523809523808,long,0.7619047619047619,0.15810586086026754
has_tariff&has_russia,65,0.02940771574523472,0.03436975470701209,0.06960275329988157,0.6615384615384615,0.3230769230769231,long,0.6615384615384615,0.1568458633454082
deal_over_tariff&china_streak_3d,28,0.04131950994386039,0.02632859087340844,0.08658696802395364,0.7142857142857143,0.2857142857142857,long,0.7142857142857143,0.1561730680093072
has_attack&pre_tariff,51,0.033785244292642194,0.05514794365179676,0.07202776209827934,0.6470588235294118,0.35294117647058826,long,0.6470588235294118,0.15611905556612593
deal_heavy&has_relief,32,0.04185931877456707,0.04806411170064595,0.08180492429175777,0.65625,0.34375,long,0.65625,0.15539479284706512
pre_tariff,64,0.029515315915495326,0.03898038226360756,0.07362914066748628,0.65625,0.34375,long,0.65625,0.15495540855635045
pre_tariff&has_exclamation,64,0.029515315915495326,0.03898038226360756,0.07362914066748628,0.65625,0.34375,long,0.65625,0.15495540855635045
has_tariff&pre_tariff,64,0.029515315915495326,0.03898038226360756,0.07362914066748628,0.65625,0.34375,long,0.65625,0.15495540855635045
has_iran&deal_over_tariff,69,0.027933347778720273,0.023857040578716626,0.07867625069217736,0.6666666666666666,0.3188405797101449,long,0.6666666666666666,0.15468787548660495
pre_deal&volume_spike,46,0.032591772815061607,0.03724011980662678,0.06577416176711366,0.6956521739130435,0.30434782608695654,long,0.6956521739130435,0.1537726316290778
deal_heavy&has_china,82,0.029596580927419996,0.02169485841640051,0.07724331142796098,0.573170731707317,0.4268292682926829,long,0.573170731707317,0.15361459312539627
has_action&has_market_brag,40,0.03321340104063729,0.028858409221757753,0.07631499079242951,0.725,0.275,long,0.725,0.15229349438707973
has_tariff&has_uppercase_phrase,57,0.031029776064879326,0.04048564285162026,0.08339062506781622,0.6491228070175439,0.3508771929824561,long,0.6491228070175439,0.15206978699253584
pre_relief&has_exclamation,43,0.03527613243166742,0.059063204851147244,0.08801833798288912,0.6511627906976745,0.3488372093023256,long,0.6511627906976745,0.1506276733554015
pre_relief,43,0.03527613243166742,0.059063204851147244,0.08801833798288912,0.6511627906976745,0.3488372093023256,long,0.6511627906976745,0.1506276733554015
has_relief&pre_relief,43,0.03527613243166742,0.059063204851147244,0.08801833798288912,0.6511627906976745,0.3488372093023256,long,0.6511627906976745,0.1506276733554015
pre_tariff&exclamation_heavy,61,0.029102786228831824,0.03747512167559486,0.07125219445064969,0.6557377049180327,0.3442622950819672,long,0.6557377049180327,0.14904919784374712
sig_potus&short_posts,28,0.04357481961297914,0.051041332085989266,0.09689513584783917,0.6428571428571429,0.32142857142857145,long,0.6428571428571429,0.1482276035834262
high_emotion&volume_spike,22,0.0434270366398014,0.06836823871288089,0.10872939051797778,0.7272727272727273,0.2727272727272727,long,0.7272727272727273,0.14813880513291203
has_deal&has_iran,76,0.025724986588407796,0.021382245771385144,0.07701514416709285,0.6578947368421053,0.32894736842105265,long,0.6578947368421053,0.14754291692474836
has_deal&has_market_brag,79,0.026095647852347727,0.02269899368375161,0.08333674770728916,0.6329113924050633,0.3670886075949367,long,0.6329113924050633,0.14679948832751305
has_exclamation&tariff_only,57,0.029864568784974937,0.04717002845489571,0.08037725059504987,0.6491228070175439,0.3508771929824561,long,0.6491228070175439,0.14635937443632774
has_tariff&tariff_only,57,0.029864568784974937,0.04717002845489571,0.08037725059504987,0.6491228070175439,0.3508771929824561,long,0.6491228070175439,0.14635937443632774
tariff_only,57,0.029864568784974937,0.04717002845489571,0.08037725059504987,0.6491228070175439,0.3508771929824561,long,0.6491228070175439,0.14635937443632774
posts_high&open_tariff,25,0.04016131298693743,0.038539560462097056,0.06512135085609458,0.72,0.28,long,0.72,0.14458072675297476
has_market_brag&deal_over_tariff,70,0.02686471990658049,0.022237141189400234,0.08680023326813038,0.6428571428571429,0.35714285714285715,long,0.6428571428571429,0.1444926681634509
has_iran&has_uppercase_phrase,57,0.030001731487201998,0.04048564285162026,0.08976779227671472,0.631578947368421,0.3684210526315789,long,0.631578947368421,0.14305775084199432
has_iran&short_posts,44,0.02963940537322469,0.03874834078105105,0.08951944688535056,0.7272727272727273,0.2727272727272727,long,0.7272727272727273,0.1429858714650619
has_relief&has_all_caps,26,0.04535836991825327,0.02938188040640899,0.09587186563684744,0.6153846153846154,0.38461538461538464,long,0.6153846153846154,0.14232813127257438
exclamation_heavy&tariff_only,53,0.03046473399233035,0.04717002845489571,0.0794258443421165,0.6415094339622641,0.3584905660377358,long,0.6415094339622641,0.14227820341893196
has_iran&deal_only,58,0.028458013825691384,0.017874692215270382,0.08275289897190158,0.6551724137931034,0.3275862068965517,long,0.6551724137931034,0.14199537070551968
has_tariff&pre_action,20,0.04229036155756377,0.05863621819310427,0.06894891425537303,0.75,0.25,long,0.75,0.14184618485363473
has_attack&tariff_only,46,0.031715394551718845,0.051497583587577944,0.07964539286058034,0.6521739130434783,0.34782608695652173,long,0.6521739130434783,0.1402853943878938
has_tariff&open_deal,20,0.041734348141730764,0.04631153266369581,0.07089733157612024,0.75,0.25,long,0.75,0.13998125916232804
has_attack&pre_relief,35,0.037515889458553935,0.026905704983845036,0.08151725284282217,0.6285714285714286,0.37142857142857144,long,0.6285714285714286,0.13950953982161488
deal_heavy&has_iran,42,0.03228755064134413,0.03670790041337568,0.07881021108221356,0.6666666666666666,0.3333333333333333,long,0.6666666666666666,0.13949816232884246
has_night_post&tariff_only,49,0.03013381453602443,0.05582513872026018,0.08324190186975304,0.6530612244897959,0.3469387755102041,long,0.6530612244897959,0.1377545807361117
pre_tariff&has_night_post,59,0.027653599613860554,0.03747512167559486,0.07480976106218816,0.6440677966101694,0.3559322033898305,long,0.6440677966101694,0.13680729670027297
has_tariff&has_china,87,0.023728127620571377,0.025396409563920752,0.07413577959503014,0.6091954022988506,0.3793103448275862,long,0.6091954022988506,0.134827882166301
has_tariff&pre_deal,52,0.02667692273909515,0.029113397642864358,0.06241692981360907,0.6923076923076923,0.3076923076923077,long,0.6923076923076923,0.1331792485025522
posts_very_high&open_tariff,22,0.03873807454112668,0.04285479445849638,0.0649438414861342,0.7272727272727273,0.2727272727272727,long,0.7272727272727273,0.1321437638784839
has_tariff&has_deal,85,0.02213397923337616,0.022248085925594463,0.06753590273948618,0.6470588235294118,0.3411764705882353,long,0.6470588235294118,0.13204219183223528
posts_very_high&pre_relief,22,0.04360955255808581,0.0816624253822642,0.08642296896765937,0.6363636363636364,0.36363636363636365,long,0.6363636363636364,0.13016622983464154
has_night_post&high_emotion,43,0.02745074908077585,0.04096380962379631,0.09454004508609581,0.7209302325581395,0.27906976744186046,long,0.7209302325581395,0.12977219967069872
open_tariff&lots_of_excl,29,0.034638798475210356,0.029810446325240658,0.06244819635203263,0.6896551724137931,0.27586206896551724,long,0.6896551724137931,0.1286452679380187
has_positive&open_tariff,29,0.034638798475210356,0.029810446325240658,0.06244819635203263,0.6896551724137931,0.27586206896551724,long,0.6896551724137931,0.1286452679380187
posts_low&has_night_post,90,0.02038308293687379,0.024721303618843393,0.083025445564138,0.6555555555555556,0.3333333333333333,long,0.6555555555555556,0.1267653700393827
has_relief&has_action,30,0.034115369402172774,0.049423581092721935,0.08013281039018903,0.6666666666666666,0.3333333333333333,long,0.6666666666666666,0.12457171586127708
brag_heavy&has_night_post,37,0.03288319595160478,0.023206838151899722,0.06754453631854967,0.6216216216216216,0.32432432432432434,long,0.6216216216216216,0.12433717461757134
has_exclamation&tariff_streak_3d,20,0.03961839376361117,0.049776281822824564,0.06041164377388009,0.7,0.3,long,0.7,0.12402519026070363
exclamation_heavy&tariff_streak_3d,20,0.03961839376361117,0.049776281822824564,0.06041164377388009,0.7,0.3,long,0.7,0.12402519026070363
lots_of_excl&tariff_streak_3d,20,0.03961839376361117,0.049776281822824564,0.06041164377388009,0.7,0.3,long,0.7,0.12402519026070363
has_positive&tariff_streak_3d,20,0.03961839376361117,0.049776281822824564,0.06041164377388009,0.7,0.3,long,0.7,0.12402519026070363
tariff_streak_3d,20,0.03961839376361117,0.049776281822824564,0.06041164377388009,0.7,0.3,long,0.7,0.12402519026070363
china_streak_3d&volume_drop,22,0.04452898032759684,0.03888073457681451,0.08496943702420359,0.5909090909090909,0.4090909090909091,long,0.5909090909090909,0.12341693655757091
brag_heavy,41,0.031607018429298694,0.023157737589499794,0.06582048577497024,0.6097560975609756,0.34146341463414637,long,0.6097560975609756,0.12340467425465194
brag_heavy&has_exclamation,41,0.031607018429298694,0.023157737589499794,0.06582048577497024,0.6097560975609756,0.34146341463414637,long,0.6097560975609756,0.12340467425465194
brag_heavy&exclamation_heavy,41,0.031607018429298694,0.023157737589499794,0.06582048577497024,0.6097560975609756,0.34146341463414637,long,0.6097560975609756,0.12340467425465194
has_market_brag&brag_heavy,41,0.031607018429298694,0.023157737589499794,0.06582048577497024,0.6097560975609756,0.34146341463414637,long,0.6097560975609756,0.12340467425465194
posts_low&has_attack,24,0.033488608377284144,0.02512452221246242,0.06402058283132167,0.75,0.25,long,0.75,0.12304500408036048
has_russia&pre_tariff,29,0.03312641154350724,0.041528170429531386,0.06955394157975399,0.6896551724137931,0.3103448275862069,long,0.6896551724137931,0.12302840388327545
has_attack&tariff_rising,22,0.03605876096684307,0.040745787329487415,0.06417455189853495,0.7272727272727273,0.22727272727272727,long,0.7272727272727273,0.12300405870442668
positive_heavy&pre_tariff,56,0.0254771913784255,0.03578293515001019,0.06964322018975544,0.6428571428571429,0.35714285714285715,long,0.6428571428571429,0.1225631845482932
posts_high&tariff_only,31,0.03077304712079105,0.05582513872026018,0.07863303796734747,0.7096774193548387,0.2903225806451613,long,0.7096774193548387,0.12159405329310474
deal_only&volume_drop,27,0.03152539757524219,0.039560420830494714,0.0564464152734462,0.7407407407407407,0.25925925925925924,long,0.7407407407407407,0.12134131184250703
has_market_brag&pre_action,22,0.037938698097859706,0.028501330686775184,0.061677664469296,0.6818181818181818,0.3181818181818182,long,0.6818181818181818,0.12132836418094385
open_tariff,30,0.03301797604627209,0.02855275597722584,0.06200092024471855,0.6666666666666666,0.3,long,0.6666666666666666,0.12056460189138973
has_tariff&open_tariff,30,0.03301797604627209,0.02855275597722584,0.06200092024471855,0.6666666666666666,0.3,long,0.6666666666666666,0.12056460189138973
open_tariff&has_exclamation,30,0.03301797604627209,0.02855275597722584,0.06200092024471855,0.6666666666666666,0.3,long,0.6666666666666666,0.12056460189138973
open_tariff&exclamation_heavy,30,0.03301797604627209,0.02855275597722584,0.06200092024471855,0.6666666666666666,0.3,long,0.6666666666666666,0.12056460189138973
has_attack&open_tariff,29,0.033936420917157525,0.029810446325240658,0.06289033214687012,0.6551724137931034,0.3103448275862069,long,0.6551724137931034,0.11973486801587652
positive_heavy&tariff_only,46,0.02696660491680056,0.042317231735334304,0.07770204886401594,0.6521739130434783,0.34782608695652173,long,0.6521739130434783,0.11928026939368025
has_market_brag&deal_only,55,0.025636270276797175,0.02112699650694494,0.09339549189829013,0.6181818181818182,0.38181818181818183,long,0.6181818181818182,0.11753099528387265
has_russia&china_streak_3d,30,0.03370563569006626,0.03634051802431648,0.07923024285565262,0.6333333333333333,0.36666666666666664,long,0.6333333333333333,0.1169218008891698
lots_of_excl&tariff_rising,28,0.03254409107142879,0.026572919970031084,0.061386395682905104,0.6785714285714286,0.2857142857142857,long,0.6785714285714286,0.11685484719808037
has_tariff&deal_heavy,57,0.02449783047805307,0.022248085925594463,0.07267120497999184,0.631578947368421,0.3684210526315789,long,0.631578947368421,0.1168134089258718
brag_heavy&lots_of_excl,40,0.03061667653841762,0.021405435373594406,0.06634891831985074,0.6,0.35,long,0.6,0.11618211869524726
posts_very_high&tariff_only,20,0.03445868151414812,0.061999530317327856,0.08433668005910977,0.75,0.25,long,0.75,0.11557793142097586
has_iran&has_all_caps,28,0.03197063624528169,0.03132953857907628,0.08553351700016525,0.6785714285714286,0.32142857142857145,long,0.6785714285714286,0.11479576446206714
sig_potus&deal_over_tariff,25,0.03581836504491823,0.023608641274812436,0.06960942087032441,0.64,0.32,long,0.64,0.11461876814373832
has_china&pre_tariff,39,0.028540311377953573,0.04048564285162026,0.0702916630304014,0.6410256410256411,0.358974358974359,long,0.6410256410256411,0.11425268424935073
has_positive&brag_heavy,40,0.030011304551565234,0.021405435373594406,0.06585094227614537,0.6,0.35,long,0.6,0.11388489352310921
deal_over_tariff&volume_drop,28,0.030051387565929157,0.03381530729905269,0.05593769950231088,0.7142857142857143,0.2857142857142857,long,0.7142857142857143,0.11358356864552457
tariff_heavy&positive_heavy,20,0.035998810308667265,0.04781679325170851,0.06243333387029423,0.7,0.3,long,0.7,0.11269410174302026
positive_heavy&open_tariff,28,0.031002121313176256,0.02855275597722584,0.06038601772772616,0.6785714285714286,0.2857142857142857,long,0.6785714285714286,0.11131815422087657
has_deal&sig_potus,27,0.033851087535199956,0.023608641274812436,0.07013627651969122,0.6296296296296297,0.3333333333333333,long,0.6296296296296297,0.11074896217125259
attack_heavy&pre_relief,25,0.03607440026430551,0.023157737589499794,0.08552867610797509,0.6,0.4,long,0.6,0.10822320079291652
positive_heavy&brag_heavy,37,0.02982257914773733,0.019653133157689018,0.06798331722948334,0.5945945945945946,0.35135135135135137,long,0.5945945945945946,0.10786163983588141
has_relief&pre_deal,30,0.032145231613109615,0.021856252862229697,0.09380153835312632,0.6,0.4,long,0.6,0.10564001082436988
attack_heavy&tariff_only,25,0.032552241476487345,0.05590085925311916,0.08532813695179904,0.64,0.36,long,0.64,0.1041671727247595
has_market_brag&pre_deal,39,0.02403759157527719,0.027713862012204826,0.07621260027559322,0.6923076923076923,0.3076923076923077,long,0.6923076923076923,0.10392556934348603
has_russia&volume_drop,24,0.031331248040714396,0.04147822731811501,0.0660254606975879,0.6666666666666666,0.3333333333333333,long,0.6666666666666666,0.10232742760576727
posts_high&brag_heavy,30,0.03286710358698711,0.023182287870699758,0.07505886471824924,0.5666666666666667,0.4,long,0.5666666666666667,0.1020116395285602
has_positive&tariff_rising,29,0.028695690518939918,0.023857040578716626,0.06374326020815209,0.6551724137931034,0.3103448275862069,long,0.6551724137931034,0.1012444631476328
exclamation_heavy&tariff_rising,29,0.028695690518939918,0.023857040578716626,0.06374326020815209,0.6551724137931034,0.3103448275862069,long,0.6551724137931034,0.1012444631476328
tariff_rising,29,0.028695690518939918,0.023857040578716626,0.06374326020815209,0.6551724137931034,0.3103448275862069,long,0.6551724137931034,0.1012444631476328
has_tariff&tariff_rising,29,0.028695690518939918,0.023857040578716626,0.06374326020815209,0.6551724137931034,0.3103448275862069,long,0.6551724137931034,0.1012444631476328
has_exclamation&tariff_rising,29,0.028695690518939918,0.023857040578716626,0.06374326020815209,0.6551724137931034,0.3103448275862069,long,0.6551724137931034,0.1012444631476328
posts_low&exclamation_heavy,35,0.023682495820534163,0.01449268600284559,0.06519438985975877,0.7142857142857143,0.2857142857142857,long,0.7142857142857143,0.10007681052657379
open_tariff&has_night_post,28,0.02916461026286516,0.026345737596565888,0.060962143215502286,0.6428571428571429,0.32142857142857145,long,0.6428571428571429,0.09920867893670998
deal_heavy&has_market_brag,35,0.025414033339158516,0.05514794365179676,0.07567018969484514,0.6571428571428571,0.34285714285714286,long,0.6571428571428571,0.09880238066945007
attack_heavy&open_tariff,23,0.030617607773579837,0.0374644350157729,0.0625583018742799,0.6521739130434783,0.34782608695652173,long,0.6521739130434783,0.09576318817106004
has_relief&volume_spike,30,0.0306194776492975,0.03849023739006818,0.08243734218513085,0.5666666666666667,0.43333333333333335,long,0.5666666666666667,0.09503554544275782
tariff_heavy&lots_of_excl,20,0.030324455597214372,0.04781679325170851,0.07691797722406982,0.7,0.3,long,0.7,0.09493056173446345
has_deal&volume_drop,31,0.02511022881777703,0.018102457777094294,0.055768971172534834,0.6774193548387096,0.3225806451612903,long,0.6774193548387096,0.09470853484634366
has_russia&tariff_only,24,0.0304099307033399,0.04495794367234285,0.08318813761142231,0.625,0.375,long,0.625,0.09311101667072288
has_tariff&has_market_brag,34,0.024282307800982745,0.03337661718855922,0.06421946711420447,0.6470588235294118,0.35294117647058826,long,0.6470588235294118,0.09161639150099582
positive_heavy&tariff_rising,28,0.02484675950132473,0.02327801713123412,0.06138539547402576,0.6428571428571429,0.32142857142857145,long,0.6428571428571429,0.08452073124814691
has_attack&brag_heavy,33,0.026131374200318684,0.019653133157689018,0.06963340772835289,0.5454545454545454,0.3939393939393939,long,0.5454545454545454,0.08187999061846814
has_deal&brag_heavy,24,0.028270887078422336,0.023182287870699758,0.067919849935601,0.5833333333333334,0.4166666666666667,long,0.5833333333333334,0.08079078923763984
has_china&tariff_only,24,0.02625590653776168,0.05586299898668967,0.08270392024201921,0.625,0.375,long,0.625,0.08039196718965128
short_posts&tariff_only,20,0.02394504702548352,0.051497583587577944,0.08882880716208158,0.75,0.25,long,0.75,0.08031412931011543
has_tariff&has_all_caps,40,0.020220916001546643,0.024047701623836182,0.08835843064809898,0.625,0.375,long,0.625,0.07993018867479032
pre_tariff&volume_spike,22,0.026383433182967285,0.04781679325170851,0.07224577373751118,0.6363636363636364,0.36363636363636365,long,0.6363636363636364,0.07874953596340611
has_deal&pre_tariff,41,0.01908003450960849,0.02928879936134554,0.06721089001552105,0.6341463414634146,0.36585365853658536,long,0.6341463414634146,0.07747481992457955
tariff_heavy,21,0.025115694618739953,0.04048564285162026,0.07867853245186282,0.6666666666666666,0.3333333333333333,long,0.6666666666666666,0.07672971448118059
tariff_heavy&exclamation_heavy,21,0.025115694618739953,0.04048564285162026,0.07867853245186282,0.6666666666666666,0.3333333333333333,long,0.6666666666666666,0.07672971448118059
tariff_heavy&has_positive,21,0.025115694618739953,0.04048564285162026,0.07867853245186282,0.6666666666666666,0.3333333333333333,long,0.6666666666666666,0.07672971448118059
tariff_heavy&has_exclamation,21,0.025115694618739953,0.04048564285162026,0.07867853245186282,0.6666666666666666,0.3333333333333333,long,0.6666666666666666,0.07672971448118059
has_tariff&tariff_heavy,21,0.025115694618739953,0.04048564285162026,0.07867853245186282,0.6666666666666666,0.3333333333333333,long,0.6666666666666666,0.07672971448118059
deal_heavy&pre_tariff,23,0.02365468481450962,0.03747512167559486,0.07128933648670058,0.6521739130434783,0.34782608695652173,long,0.6521739130434783,0.07398514115703386
has_iran&pre_deal,40,0.017933454987234407,0.026142529830443295,0.080904162185819,0.625,0.375,long,0.625,0.07088820509470822
has_night_post&tariff_rising,26,0.022515738368052266,0.01966539128515843,0.0629720859068565,0.6153846153846154,0.34615384615384615,long,0.6153846153846154,0.07065119341639894
has_tariff&has_iran,22,0.022083567368705318,0.026833743451978642,0.0576612179714232,0.6818181818181818,0.3181818181818182,long,0.6818181818181818,0.07062348574043034
pre_tariff&pre_deal,30,0.020260748305311656,0.03898038226360756,0.06573505053037944,0.6333333333333333,0.36666666666666664,long,0.6333333333333333,0.07028270289877381
brag_heavy&deal_over_tariff,21,0.026557566111638568,0.023157737589499794,0.07127827299364738,0.5714285714285714,0.42857142857142855,long,0.5714285714285714,0.06954403256021587
attack_heavy&brag_heavy,26,0.026736063753364923,0.011578868794749897,0.07764955006896876,0.5,0.4230769230769231,long,0.5,0.06816385539753424
tariff_heavy&has_night_post,20,0.02208277962128179,0.03159231826768594,0.0794530078113763,0.65,0.35,long,0.65,0.0641921752749331
has_china&tariff_rising,21,0.0225983677479081,0.02269899368375161,0.0641622181965488,0.5714285714285714,0.38095238095238093,long,0.5714285714285714,0.059176417592707205
has_deal&open_tariff,20,0.02187334900154491,0.006078327901431924,0.0635251559545347,0.6,0.35,long,0.6,0.058692354315637886
has_deal&tariff_rising,21,0.02202062558215299,0.02269899368375161,0.06608546666077114,0.5714285714285714,0.38095238095238093,long,0.5714285714285714,0.05766353347456976
pre_deal&sig_potus,20,0.021227456485496503,0.014785687614283338,0.06478226855172932,0.6,0.4,long,0.6,0.056959242829186754
has_relief&has_market_brag,22,0.017427529447031898,0.019982269165057076,0.07182790542262919,0.6363636363636364,0.36363636363636365,long,0.6363636363636364,0.05201786467381975
brag_heavy&has_uppercase_phrase,20,0.017014516992291707,-0.0007507580741906161,0.07760118815306102,0.45,0.5,long,0.45,0.034241054939180574
has_market_brag&has_iran,28,0.007775180810601364,0.017701210635779896,0.07614397233463026,0.5714285714285714,0.42857142857142855,long,0.5714285714285714,0.023509936941043207
