event,n,mean_ret,median_ret,std,hit_up,hit_down,direction,directional_hit,score
posts_very_high&deal_over_tariff,115,0.011180553942206625,0.010127882572037672,0.02485174753436603,0.7478260869565218,0.25217391304347825,long,0.7478260869565218,0.0896629146651217
posts_very_high&deal_only,96,0.010108643229979638,0.008716617667564708,0.02574020215549354,0.71875,0.28125,long,0.71875,0.07118792647770798
deal_heavy&short_posts,67,0.011424692490053718,0.011501924095290272,0.02625879396112307,0.7611940298507462,0.23880597014925373,long,0.7611940298507462,0.07118316500602731
posts_very_high&has_deal,138,0.008623068728508054,0.007556836899507369,0.024705110053478075,0.6884057971014492,0.3115942028985507,long,0.6884057971014492,0.06973421391807817
has_night_post&deal_over_tariff,179,0.007509729726172111,0.007698566703249643,0.023796907261245247,0.6759776536312849,0.3240223463687151,long,0.6759776536312849,0.06791772996652341
has_positive,931,0.0034624822145440403,0.004940221928050992,0.022399878700600104,0.6272824919441461,0.3727175080558539,long,0.6272824919441461,0.06627131036940273
posts_high&deal_over_tariff,191,0.006951368508671989,0.006288500196744984,0.02259161058042395,0.6858638743455497,0.31413612565445026,long,0.6858638743455497,0.06589082179624901
has_positive&has_exclamation,924,0.0034580750646471953,0.004933496024467576,0.022393366651781963,0.6255411255411255,0.37445887445887444,long,0.6255411255411255,0.06575461951739103
posts_very_high&deal_heavy,80,0.010086281672137239,0.007556836899507369,0.02542706181275744,0.725,0.275,long,0.725,0.06540547323141642
has_exclamation,1016,0.0032557838067375695,0.004882074517686852,0.02254055395051798,0.6240157480314961,0.37598425196850394,long,0.6240157480314961,0.06475867625904992
has_attack&deal_over_tariff,225,0.006299482080177744,0.006708464590806873,0.021922495579581067,0.68,0.32,long,0.68,0.06425471721781299
deal_heavy&deal_over_tariff,141,0.0074568637761681855,0.007818233441631017,0.024101674060676107,0.723404255319149,0.2765957446808511,long,0.723404255319149,0.06405408397316002
has_deal&deal_over_tariff,314,0.005452350711170135,0.0062741391651915945,0.021645871008865135,0.6624203821656051,0.3375796178343949,long,0.6624203821656051,0.06400034190299739
deal_over_tariff,314,0.005452350711170135,0.0062741391651915945,0.021645871008865135,0.6624203821656051,0.3375796178343949,long,0.6624203821656051,0.06400034190299739
has_exclamation&deal_over_tariff,314,0.005452350711170135,0.0062741391651915945,0.021645871008865135,0.6624203821656051,0.3375796178343949,long,0.6624203821656051,0.06400034190299739
exclamation_heavy&deal_over_tariff,300,0.00545327245219771,0.006017427208843462,0.021456531110895054,0.6666666666666666,0.3333333333333333,long,0.6666666666666666,0.06296896636481437
pre_deal&deal_over_tariff,156,0.0069964537211013875,0.006108744147115486,0.020129521942597164,0.717948717948718,0.28205128205128205,long,0.717948717948718,0.06273843618239104
has_positive&exclamation_heavy,860,0.003422105403841655,0.00493801140999095,0.022778461495434138,0.6232558139534884,0.3767441860465116,long,0.6232558139534884,0.06254735458836758
has_positive&deal_over_tariff,300,0.0053697244919302094,0.0062741391651915945,0.021553970888780027,0.6666666666666666,0.3333333333333333,long,0.6666666666666666,0.06200423761780066
has_exclamation&exclamation_heavy,900,0.003313571474341716,0.004933496024467576,0.022802540047269358,0.6233333333333333,0.37666666666666665,long,0.6233333333333333,0.06196378657019009
exclamation_heavy,900,0.003313571474341716,0.004933496024467576,0.022802540047269358,0.6233333333333333,0.37666666666666665,long,0.6233333333333333,0.06196378657019009
lots_of_excl&deal_over_tariff,282,0.005461248058392243,0.00576570761157591,0.021273543196006918,0.6737588652482269,0.3262411347517731,long,0.6737588652482269,0.061790391958542794
has_positive&lots_of_excl,779,0.0035490349948861396,0.004931191157004244,0.023068268129175555,0.6225930680359435,0.3774069319640565,long,0.6225930680359435,0.06167132672754646
deal_heavy&pre_deal,91,0.00845425952706474,0.0072574779867020656,0.023342990737269184,0.7472527472527473,0.25274725274725274,long,0.7472527472527473,0.06026481006194972
deal_heavy&lots_of_excl,154,0.006977273895870829,0.007112578890611343,0.02322022546367424,0.6948051948051948,0.3051948051948052,long,0.6948051948051948,0.06016018858798672
deal_heavy&has_night_post,98,0.008741580362471527,0.008714865134197392,0.025509058294044228,0.6938775510204082,0.30612244897959184,long,0.6938775510204082,0.0600462415965961
short_posts&deal_over_tariff,151,0.007435935517526984,0.006288500196744984,0.02348334197423253,0.6556291390728477,0.3443708609271523,long,0.6556291390728477,0.059907657192867086
has_attack&has_exclamation,642,0.003720315540001209,0.005582645756776139,0.02267429081025304,0.6355140186915887,0.3644859813084112,long,0.6355140186915887,0.05990629011216352
has_deal&has_action,106,0.00904347419551628,0.006710078006165854,0.02624465619260134,0.6415094339622641,0.3584905660377358,long,0.6415094339622641,0.05972983070234433
posts_high&deal_only,159,0.00690599872443797,0.006288500196744984,0.022674641651458,0.6855345911949685,0.31446540880503143,long,0.6855345911949685,0.05969726430927483
lots_of_excl,795,0.003392630869790776,0.004863191475416029,0.023309782093087424,0.6238993710691824,0.37610062893081764,long,0.6238993710691824,0.05968081175465519
has_exclamation&lots_of_excl,795,0.003392630869790776,0.004863191475416029,0.023309782093087424,0.6238993710691824,0.37610062893081764,long,0.6238993710691824,0.05968081175465519
exclamation_heavy&lots_of_excl,795,0.003392630869790776,0.004863191475416029,0.023309782093087424,0.6238993710691824,0.37610062893081764,long,0.6238993710691824,0.05968081175465519
pre_deal&exclamation_heavy,170,0.006541378182316938,0.004867182054015817,0.019778553702808985,0.6941176470588235,0.3058823529411765,long,0.6941176470588235,0.059200694926836286
has_attack&exclamation_heavy,632,0.003694837325348039,0.0055453785471044625,0.02266182642225605,0.634493670886076,0.36550632911392406,long,0.634493670886076,0.05893606769790135
has_action&deal_over_tariff,93,0.009410051522516142,0.006708464590806873,0.02719519318839941,0.6451612903225806,0.3548387096774194,long,0.6451612903225806,0.05854661324264239
pre_deal,176,0.006414871489545529,0.004867182054015817,0.01985287714948449,0.6875,0.3125,long,0.6875,0.058508234975219627
has_deal&pre_deal,176,0.006414871489545529,0.004867182054015817,0.01985287714948449,0.6875,0.3125,long,0.6875,0.058508234975219627
pre_deal&has_exclamation,176,0.006414871489545529,0.004867182054015817,0.01985287714948449,0.6875,0.3125,long,0.6875,0.058508234975219627
has_attack,643,0.003632488057838189,0.005567473877227558,0.022765819467405135,0.6345256609642301,0.3654743390357698,long,0.6345256609642301,0.05844654881857149
has_positive&pre_deal,172,0.006385090429192253,0.004901181894809925,0.0198786620640866,0.6918604651162791,0.3081395348837209,long,0.6918604651162791,0.05793617113282483
pre_deal&lots_of_excl,165,0.006407451031486782,0.004871172632615606,0.019753664237332196,0.703030303030303,0.296969696969697,long,0.703030303030303,0.0578630488082378
has_iran&volume_spike,38,0.011881918272567816,0.01009388815225698,0.019973507595284615,0.7894736842105263,0.21052631578947367,long,0.7894736842105263,0.057825050038065776
deal_heavy&deal_only,100,0.007918333774874794,0.008185484537767573,0.024295514710100063,0.73,0.27,long,0.73,0.057803836556586
deal_heavy&has_exclamation,159,0.006626164218771466,0.0072574779867020656,0.024041713665316922,0.6918238993710691,0.3081761006289308,long,0.6918238993710691,0.05780379045018092
deal_heavy&has_positive,159,0.006626164218771466,0.0072574779867020656,0.024041713665316922,0.6918238993710691,0.3081761006289308,long,0.6918238993710691,0.05780379045018092
has_deal&deal_heavy,159,0.006626164218771466,0.0072574779867020656,0.024041713665316922,0.6918238993710691,0.3081761006289308,long,0.6918238993710691,0.05780379045018092
deal_heavy,159,0.006626164218771466,0.0072574779867020656,0.024041713665316922,0.6918238993710691,0.3081761006289308,long,0.6918238993710691,0.05780379045018092
has_night_post&deal_only,148,0.007164150894345255,0.007206860499089696,0.02400706695135606,0.6621621621621622,0.33783783783783783,long,0.6621621621621622,0.05771117844472335
exclamation_heavy&china_streak_3d,68,0.010811873161874366,0.008440741421901432,0.023812519269626943,0.6470588235294118,0.35294117647058826,long,0.6470588235294118,0.057689817132832576
has_deal&deal_only,273,0.005320343254048307,0.006259778133638205,0.021334453654429084,0.6556776556776557,0.3443223443223443,long,0.6556776556776557,0.057638326148717875
deal_over_tariff&deal_only,273,0.005320343254048307,0.006259778133638205,0.021334453654429084,0.6556776556776557,0.3443223443223443,long,0.6556776556776557,0.057638326148717875
has_exclamation&deal_only,273,0.005320343254048307,0.006259778133638205,0.021334453654429084,0.6556776556776557,0.3443223443223443,long,0.6556776556776557,0.057638326148717875
deal_only,273,0.005320343254048307,0.006259778133638205,0.021334453654429084,0.6556776556776557,0.3443223443223443,long,0.6556776556776557,0.057638326148717875
has_attack&has_positive,619,0.003658184645623934,0.005567473877227558,0.02291004574500346,0.6332794830371568,0.3667205169628433,long,0.6332794830371568,0.05763766321909971
deal_heavy&has_iran,39,0.011581548520002613,0.014863021777655083,0.022235003099573634,0.7948717948717948,0.20512820512820512,long,0.7948717948717948,0.05749049146407379
posts_high&has_deal,223,0.0058685554163360075,0.004931191157004244,0.022365097305779055,0.6547085201793722,0.3452914798206278,long,0.6547085201793722,0.057376180510024424
has_positive&has_all_caps,178,0.006539000953669122,0.007337125167893532,0.023691911548748428,0.6573033707865169,0.34269662921348315,long,0.6573033707865169,0.05734390462104524
has_exclamation&china_streak_3d,72,0.010561914884697559,0.008245061290666045,0.024361753167668417,0.6388888888888888,0.3611111111111111,long,0.6388888888888888,0.05725774588584994
china_streak_3d,72,0.010561914884697559,0.008245061290666045,0.024361753167668417,0.6388888888888888,0.3611111111111111,long,0.6388888888888888,0.05725774588584994
attack_heavy&deal_over_tariff,131,0.007115463127580828,0.007698566703249643,0.020328488599525324,0.7022900763358778,0.29770992366412213,long,0.7022900763358778,0.05719464279622253
has_attack&pre_relief,22,0.019148943484623128,0.01869258081743741,0.046614314759671004,0.6363636363636364,0.36363636363636365,long,0.6363636363636364,0.057155958557246506
posts_very_high&has_positive,223,0.006075581569532023,0.006891620271364696,0.025764818098490707,0.6278026905829597,0.3721973094170404,long,0.6278026905829597,0.05695914481070968
positive_heavy&pre_relief,26,0.017054944973639484,0.008186548363952939,0.04269844837280865,0.6538461538461539,0.34615384615384615,long,0.6538461538461539,0.05686074818481775
exclamation_heavy&deal_only,259,0.005314275369525398,0.005775076284048719,0.021094406791904472,0.6602316602316602,0.33976833976833976,long,0.6602316602316602,0.05646642373235773
has_night_post&short_posts,258,0.005434365790323818,0.005915066478548003,0.02634571180886902,0.6434108527131783,0.35658914728682173,long,0.6434108527131783,0.05616258679084318
has_action&deal_only,77,0.010056573822052849,0.006369616780106613,0.026864141869726195,0.6363636363636364,0.36363636363636365,long,0.6363636363636364,0.05615659454853231
has_deal,359,0.004665209782617331,0.004871172632615606,0.021597231508944128,0.6350974930362117,0.3649025069637883,long,0.6350974930362117,0.05613824096729945
has_deal&has_exclamation,359,0.004665209782617331,0.004871172632615606,0.021597231508944128,0.6350974930362117,0.3649025069637883,long,0.6350974930362117,0.05613824096729945
posts_high&deal_heavy,117,0.0074787070934373215,0.006711691421524835,0.02409781504175275,0.6923076923076923,0.3076923076923077,long,0.6923076923076923,0.05600394394524939
has_deal&has_night_post,206,0.006083418485638113,0.006500095809134909,0.023724050897521252,0.6407766990291263,0.3592233009708738,long,0.6407766990291263,0.05594844418278708
has_positive&short_posts,464,0.004066104871813025,0.0049402897335520946,0.02312129653296013,0.6379310344827587,0.3620689655172414,long,0.6379310344827587,0.05587419722336615
has_positive&china_streak_3d,68,0.010425740260105901,0.008440741421901432,0.024297897071903322,0.6470588235294118,0.35294117647058826,long,0.6470588235294118,0.055629495469927404
has_deal&short_posts,163,0.006824438227884076,0.006259778133638205,0.023518581255499445,0.6380368098159509,0.3619631901840491,long,0.6380368098159509,0.05559125059578999
has_uppercase_phrase&deal_over_tariff,115,0.007948489024418278,0.007698566703249643,0.026021811175250823,0.6521739130434783,0.34782608695652173,long,0.6521739130434783,0.05559003175136554
deal_heavy&exclamation_heavy,158,0.006405123545787593,0.007112578890611343,0.02395553153269679,0.689873417721519,0.310126582278481,long,0.689873417721519,0.055542505352575114
has_deal&lots_of_excl,325,0.004763042491323468,0.004863191475416029,0.02117907285944526,0.6461538461538462,0.35384615384615387,long,0.6461538461538462,0.05548327269589087
has_positive&deal_only,259,0.005217501670373853,0.006259778133638205,0.021208551131653156,0.6602316602316602,0.33976833976833976,long,0.6602316602316602,0.055438162243731326
has_deal&exclamation_heavy,344,0.004660034165833956,0.004867182054015817,0.021455583643711654,0.6395348837209303,0.36046511627906974,long,0.6395348837209303,0.055275484805711206
pre_deal&pre_action,27,0.014280131486337054,0.0072574779867020656,0.029637135434269546,0.7407407407407407,0.25925925925925924,long,0.7407407407407407,0.05496425171799965
has_attack&lots_of_excl,592,0.003575228703675863,0.0055453785471044625,0.023089514979696947,0.6300675675675675,0.36993243243243246,long,0.6300675675675675,0.054808990973617557
posts_very_high&has_attack,200,0.006177445985146788,0.007074549129033381,0.025922979171475985,0.625,0.375,long,0.625,0.05460142433138633
deal_heavy&positive_heavy,139,0.006757743039428004,0.006711691421524835,0.02395892566491995,0.6834532374100719,0.31654676258992803,long,0.6834532374100719,0.05445250693881477
has_deal&has_positive,344,0.004587172572577414,0.004901181894809925,0.021537879223318505,0.6395348837209303,0.36046511627906974,long,0.6395348837209303,0.054411229363015075
short_posts&china_streak_3d,39,0.013050185577326748,0.008601759625368244,0.02768237593998154,0.6666666666666666,0.3333333333333333,long,0.6666666666666666,0.05433225520608879
has_attack&deal_only,192,0.0058128298160404325,0.006584806972967372,0.022225304124236074,0.671875,0.328125,long,0.671875,0.05411612660209138
has_attack&short_posts,310,0.004674252808171837,0.00576743058721485,0.02480053420011367,0.6516129032258065,0.34838709677419355,long,0.6516129032258065,0.05362690341300815
posts_very_high&positive_heavy,210,0.0059249957128932095,0.00678411519871458,0.02613767621115813,0.6238095238095238,0.3761904761904762,long,0.6238095238095238,0.05356112479741502
lots_of_excl&china_streak_3d,66,0.010283522130273412,0.008245061290666045,0.023964653724764286,0.6363636363636364,0.36363636363636365,long,0.6363636363636364,0.053164191004441363
has_deal&attack_heavy,151,0.006402276319700819,0.0072574779867020656,0.020578031207004247,0.6754966887417219,0.32450331125827814,long,0.6754966887417219,0.05314300550413149
has_deal&has_uppercase_phrase,127,0.007391779924684114,0.007415107095765094,0.0252200644886165,0.6377952755905512,0.36220472440944884,long,0.6377952755905512,0.05312906666195237
positive_heavy&deal_over_tariff,237,0.005226693217667957,0.004863191475416029,0.022649594022947927,0.6582278481012658,0.34177215189873417,long,0.6582278481012658,0.05296359246247868
attack_heavy&has_all_caps,92,0.008454217877252283,0.007830775257502642,0.021841944485267818,0.6521739130434783,0.34782608695652173,long,0.6521739130434783,0.052884788609583185
has_night_post&has_exclamation,486,0.0038219874923044773,0.005508231450351064,0.02359834319934337,0.6275720164609053,0.3724279835390947,long,0.6275720164609053,0.052877506363534305
deal_over_tariff&volume_spike,69,0.009337230143902977,0.004931191157004244,0.022849252289614135,0.6811594202898551,0.3188405797101449,long,0.6811594202898551,0.05283130956760021
pre_deal&deal_only,131,0.006640929284538749,0.005756338939103101,0.021119797584076814,0.6946564885496184,0.3053435114503817,long,0.6946564885496184,0.052800082388695366
has_exclamation&short_posts,527,0.0035964712590874828,0.004871172632615606,0.02358543211610684,0.6337760910815939,0.36622390891840606,long,0.6337760910815939,0.05232602606726426
attack_heavy&has_iran,51,0.009821917869055752,0.010173623359214456,0.018625915844254506,0.7450980392156863,0.2549019607843137,long,0.7450980392156863,0.05226305672019088
posts_very_high&has_night_post,179,0.006239231544172812,0.006891620271364696,0.02620649737425706,0.6256983240223464,0.3743016759776536,long,0.6256983240223464,0.05223031080869964
has_attack&has_all_caps,144,0.006528530782785338,0.007616670268698056,0.023619026545882875,0.6666666666666666,0.3333333333333333,long,0.6666666666666666,0.0522282462622827
posts_high&has_positive,420,0.004032491495998896,0.00576743058721485,0.024799059427167213,0.6309523809523809,0.36904761904761907,long,0.6309523809523809,0.05214284087270302
has_deal&has_attack,261,0.005040071158024296,0.005756338939103101,0.02177416073545102,0.6398467432950191,0.36015325670498083,long,0.6398467432950191,0.05209941964233213
lots_of_excl&deal_only,242,0.005028637233894514,0.0057090905397094716,0.02127112933509678,0.6652892561983471,0.3347107438016529,long,0.6652892561983471,0.052043740145677246
has_attack&has_uppercase_phrase,225,0.005395159887633307,0.006737388318100779,0.02645913135516894,0.64,0.36,long,0.64,0.05179353492127975
exclamation_heavy&short_posts,450,0.0038636858117807858,0.00493801140999095,0.02401904202937598,0.6311111111111111,0.3688888888888889,long,0.6311111111111111,0.05172659442394548
posts_very_high&has_china,130,0.0075589896768581445,0.006814504294732737,0.028081426511871937,0.6,0.4,long,0.6,0.05171144560879038
posts_high&posts_very_high,224,0.005498800677973248,0.006861231175346538,0.02711767914489685,0.625,0.375,long,0.625,0.051436570437840404
posts_very_high&has_exclamation,224,0.005498800677973248,0.006861231175346538,0.02711767914489685,0.625,0.375,long,0.625,0.051436570437840404
posts_very_high,224,0.005498800677973248,0.006861231175346538,0.02711767914489685,0.625,0.375,long,0.625,0.051436570437840404
has_night_post,489,0.003712188078340436,0.005448989023474571,0.02366931402685429,0.6257668711656442,0.37423312883435583,long,0.6257668711656442,0.05136850998506071
has_uppercase_phrase&volume_spike,83,0.00806503592751309,0.007779040678517646,0.02886270273846669,0.6987951807228916,0.30120481927710846,long,0.6987951807228916,0.05134465662167694
attack_heavy&has_positive,274,0.004850093569350891,0.006281657194512569,0.021746572837433194,0.6386861313868614,0.3613138686131387,long,0.6386861313868614,0.05127585189936108
has_attack&attack_heavy,277,0.004816761945293053,0.006259778133638205,0.021641144944936023,0.6389891696750902,0.36101083032490977,long,0.6389891696750902,0.051225778220188145
attack_heavy,277,0.004816761945293053,0.006259778133638205,0.021641144944936023,0.6389891696750902,0.36101083032490977,long,0.6389891696750902,0.051225778220188145
attack_heavy&has_exclamation,277,0.004816761945293053,0.006259778133638205,0.021641144944936023,0.6389891696750902,0.36101083032490977,long,0.6389891696750902,0.051225778220188145
attack_heavy&exclamation_heavy,277,0.004816761945293053,0.006259778133638205,0.021641144944936023,0.6389891696750902,0.36101083032490977,long,0.6389891696750902,0.051225778220188145
deal_heavy&has_uppercase_phrase,62,0.01005710899738496,0.011228580713029568,0.028100381879793117,0.6451612903225806,0.3548387096774194,long,0.6451612903225806,0.05109016479690594
posts_very_high&lots_of_excl,223,0.005471484018940368,0.006830842079328381,0.027175597350106887,0.6233183856502242,0.37668161434977576,long,0.6233183856502242,0.050929276167308496
posts_very_high&exclamation_heavy,223,0.005471484018940368,0.006830842079328381,0.027175597350106887,0.6233183856502242,0.37668161434977576,long,0.6233183856502242,0.050929276167308496
has_deal&uppercase_phrase_heavy,23,0.015229769101383257,0.016464812961545672,0.027405287194035018,0.6956521739130435,0.30434782608695654,long,0.6956521739130435,0.050810022086391536
has_attack&positive_heavy,474,0.003756796279559915,0.005683979009686535,0.02346986926899832,0.620253164556962,0.379746835443038,long,0.620253164556962,0.050731278199141416
has_positive&has_night_post,466,0.003733238321891096,0.005730381597967682,0.02381411074419046,0.628755364806867,0.37124463519313305,long,0.628755364806867,0.050671105240386094
has_iran&deal_over_tariff,66,0.008377530085516349,0.009108315382780674,0.020917945579134224,0.7424242424242424,0.25757575757575757,long,0.7424242424242424,0.05052893077857079
attack_heavy&lots_of_excl,275,0.004751060765722363,0.006259778133638205,0.021650386914930143,0.64,0.36,long,0.64,0.05042395493145503
short_posts,574,0.0033093773302891225,0.004817188239098491,0.023903649235238442,0.6341463414634146,0.36585365853658536,long,0.6341463414634146,0.050279589702297706
positive_heavy&exclamation_heavy,624,0.00330876612912133,0.004434664210438144,0.02307044428304634,0.6073717948717948,0.3926282051282051,long,0.6073717948717948,0.050201071451848045
attack_heavy&volume_spike,90,0.007928513474227345,0.005854077813365111,0.02351129302629629,0.6666666666666666,0.3333333333333333,long,0.6666666666666666,0.05014432207578623
positive_heavy&china_streak_3d,59,0.01008380191604096,0.00827972321843462,0.023232533565937217,0.6440677966101694,0.3559322033898305,long,0.6440677966101694,0.049886369219837266
posts_high&pre_relief,24,0.01622057607669504,0.008186548363952939,0.04474033519779193,0.625,0.375,long,0.625,0.04966516840237338
has_night_post&china_streak_3d,47,0.01171364440449308,0.00827972321843462,0.025862309639625315,0.6170212765957447,0.3829787234042553,long,0.6170212765957447,0.04954970860265155
positive_heavy&has_exclamation,626,0.0032657910460471918,0.004359244051800437,0.023046432293626178,0.6054313099041534,0.39456869009584666,long,0.6054313099041534,0.04946983221000211
has_positive&positive_heavy,626,0.0032657910460471918,0.004359244051800437,0.023046432293626178,0.6054313099041534,0.39456869009584666,long,0.6054313099041534,0.04946983221000211
positive_heavy,626,0.0032657910460471918,0.004359244051800437,0.023046432293626178,0.6054313099041534,0.39456869009584666,long,0.6054313099041534,0.04946983221000211
attack_heavy&has_night_post,202,0.005312200129733662,0.007556836899507369,0.022201842837754362,0.6534653465346535,0.3465346534653465,long,0.6534653465346535,0.049336992782834356
attack_heavy&positive_heavy,253,0.004870144812237371,0.006708464590806873,0.022092513630015825,0.6324110671936759,0.3675889328063241,long,0.6324110671936759,0.04898934096373128
has_night_post&exclamation_heavy,464,0.003621643407638679,0.005651966757690974,0.02385537094693411,0.625,0.375,long,0.625,0.048757866557016236
has_all_caps&deal_over_tariff,73,0.00801012524530085,0.007878961074195612,0.02012346269790384,0.7123287671232876,0.2876712328767123,long,0.7123287671232876,0.0487507408905243
positive_heavy&has_all_caps,146,0.006258125760087027,0.007830775257502642,0.02366459381561768,0.6438356164383562,0.3561643835616438,long,0.6438356164383562,0.04868506026822462
has_attack&has_night_post,362,0.004002407198418145,0.005974461722144886,0.024651450940250907,0.638121546961326,0.36187845303867405,long,0.638121546961326,0.04859358781916269
uppercase_phrase_heavy&deal_over_tariff,22,0.015173630744103146,0.016775337103373755,0.028048852102355335,0.6818181818181818,0.3181818181818182,long,0.6818181818181818,0.048525434165374574
posts_high&attack_heavy,229,0.004978650502543133,0.006737388318100779,0.022695041634508577,0.6419213973799127,0.35807860262008734,long,0.6419213973799127,0.04836277740151007
has_night_post&has_uppercase_phrase,182,0.005665779132916104,0.006861231175346538,0.02648405222291191,0.6318681318681318,0.36813186813186816,long,0.6318681318681318,0.048297181472208066
has_relief&deal_over_tariff,43,0.010551951064061727,0.004177470274257855,0.031045205536787683,0.6976744186046512,0.3023255813953488,long,0.6976744186046512,0.0482747235446706
lots_of_excl&short_posts,384,0.003871800524242204,0.00493801140999095,0.025361835363558943,0.6328125,0.3671875,long,0.6328125,0.048012424330558655
has_deal&has_iran,76,0.007609754123407932,0.008125651168576886,0.020155010671516146,0.7236842105263158,0.27631578947368424,long,0.7236842105263158,0.04800942648689452
posts_high&has_exclamation,423,0.0037095829010604315,0.00559781763632472,0.025476906244614128,0.6288416075650118,0.37115839243498816,long,0.6288416075650118,0.04797738067805379
posts_high,423,0.0037095829010604315,0.00559781763632472,0.025476906244614128,0.6288416075650118,0.37115839243498816,long,0.6288416075650118,0.04797738067805379
has_attack&volume_spike,122,0.006702776007969436,0.005318653518030736,0.025295519173465297,0.6475409836065574,0.3524590163934426,long,0.6475409836065574,0.04794042528855516
attack_heavy&has_russia,152,0.005937046870774288,0.006710078006165854,0.020877992798546432,0.6513157894736842,0.34868421052631576,long,0.6513157894736842,0.047674250944499105
deal_heavy&has_action,61,0.008840982639581461,0.006711691421524835,0.027429446541752795,0.6885245901639344,0.3114754098360656,long,0.6885245901639344,0.047542816973942185
has_all_caps&exclamation_heavy,180,0.00544399447700931,0.007090431786032192,0.025082621236095056,0.65,0.35,long,0.65,0.04747525270693232
has_russia&volume_spike,75,0.008203283018338661,0.006891620271364696,0.02175300217822934,0.6666666666666666,0.3333333333333333,long,0.6666666666666666,0.04736167658876512
has_action&pre_deal,52,0.009721225259796212,0.004662723429397109,0.024470768189594927,0.6730769230769231,0.3269230769230769,long,0.6730769230769231,0.04718319864263787
pre_action&deal_only,38,0.011626815976790734,0.006710078006165854,0.02994248885127879,0.6578947368421053,0.34210526315789475,long,0.6578947368421053,0.047152965274521196
deal_heavy&has_attack,123,0.006454475712050533,0.006711691421524835,0.023972317603729337,0.6585365853658537,0.34146341463414637,long,0.6585365853658537,0.047140418533760796
posts_high&lots_of_excl,419,0.0036657014777530536,0.00559781763632472,0.025581592737499294,0.6276849642004774,0.3723150357995227,long,0.6276849642004774,0.04709836506173893
has_deal&has_all_caps,80,0.007657828189846933,0.007830775257502642,0.019537643102420146,0.6875,0.3125,long,0.6875,0.047089417079407746
posts_high&exclamation_heavy,421,0.0036534920260946047,0.005523283216981367,0.025522992832208477,0.6270783847980997,0.37292161520190026,long,0.6270783847980997,0.04700792083961203
pre_deal&volume_spike,41,0.01003090691513589,0.007415107095765094,0.01830019354861462,0.7317073170731707,0.2682926829268293,long,0.7317073170731707,0.04699693404273613
has_uppercase_phrase&deal_only,96,0.007392920900020764,0.007217977510675211,0.02645061106444161,0.6458333333333334,0.3541666666666667,long,0.6458333333333334,0.04678128344400463
positive_heavy&lots_of_excl,605,0.003147405661145235,0.004251722567792271,0.02324618500467621,0.6033057851239669,0.39669421487603307,long,0.6033057851239669,0.046705486346314024
posts_very_high&volume_spike,85,0.007687699465656201,0.006891620271364696,0.02667260680048709,0.6588235294117647,0.3411764705882353,long,0.6588235294117647,0.04669549261039707
posts_high&has_attack,359,0.00391357159945349,0.005957113922982149,0.025010278173153756,0.6295264623955432,0.37047353760445684,long,0.6295264623955432,0.04668039245015765
short_posts&deal_only,138,0.006210862906463506,0.0052965166486600435,0.02345410538214554,0.6376811594202898,0.36231884057971014,long,0.6376811594202898,0.04652593097481403
pre_deal&has_night_post,101,0.00707575086808807,0.004462255383378189,0.022301884224467862,0.6534653465346535,0.3465346534653465,long,0.6534653465346535,0.04646819273189441
has_all_caps&lots_of_excl,177,0.005392298293771968,0.006921720332042414,0.0252839451177003,0.6440677966101694,0.3559322033898305,long,0.6440677966101694,0.046205335375249484
posts_very_high&pre_deal,71,0.007913903298642696,0.004871172632615606,0.024490563602544452,0.6901408450704225,0.30985915492957744,long,0.6901408450704225,0.046021168869790026
posts_high&pre_deal,115,0.00648240141803786,0.004572519993866875,0.021588363967837396,0.6608695652173913,0.3391304347826087,long,0.6608695652173913,0.045941015733607406
has_all_caps,184,0.005179083537094093,0.007090431786032192,0.02649535190960274,0.6521739130434783,0.34782608695652173,long,0.6521739130434783,0.04581685246792661
has_all_caps&has_exclamation,184,0.005179083537094093,0.007090431786032192,0.02649535190960274,0.6521739130434783,0.34782608695652173,long,0.6521739130434783,0.04581685246792661
positive_heavy&pre_deal,138,0.005837420091051848,0.0038895629438825408,0.020943888811558654,0.6666666666666666,0.3333333333333333,long,0.6666666666666666,0.04571610617266997
has_positive&volume_spike,144,0.005946694168474789,0.004788870139181278,0.023797855963844185,0.6388888888888888,0.3611111111111111,long,0.6388888888888888,0.04559132195830671
posts_very_high&short_posts,147,0.006275745095323412,0.010127882572037672,0.03126642537394145,0.5986394557823129,0.4013605442176871,long,0.5986394557823129,0.0455500963676056
has_china&deal_over_tariff,125,0.0064449305586198975,0.004462255383378189,0.02571140405148617,0.632,0.368,long,0.632,0.04553971697231372
has_attack&has_iran,86,0.0070361469404296335,0.009839024038478361,0.02062421654359562,0.6976744186046512,0.3023255813953488,long,0.6976744186046512,0.045523634235204946
has_night_post&lots_of_excl,435,0.0035114790055804554,0.00544649145991305,0.024244642023590727,0.6206896551724138,0.3793103448275862,long,0.6206896551724138,0.04545788356202991
attack_heavy&pre_deal,76,0.007464220835461834,0.007556836899507369,0.018916076085050835,0.6973684210526315,0.3026315789473684,long,0.6973684210526315,0.04537885706959448
posts_high&positive_heavy,375,0.0037733827311513353,0.004871172632615606,0.025102862407179946,0.6186666666666667,0.38133333333333336,long,0.6186666666666667,0.04520674195433148
posts_very_high&attack_heavy,157,0.005745142505245878,0.006891620271364696,0.02330720690543291,0.6242038216560509,0.37579617834394907,long,0.6242038216560509,0.044934204251775085
has_russia&has_all_caps,70,0.00834290442108307,0.008064859055832652,0.025010606406180007,0.6428571428571429,0.35714285714285715,long,0.6428571428571429,0.04487255122059397
has_deal&volume_spike,83,0.007712736800384826,0.004308098772126234,0.021939614428080605,0.6385542168674698,0.3614457831325301,long,0.6385542168674698,0.044868890911643096
attack_heavy&has_uppercase_phrase,138,0.006258246197331767,0.00462313279823845,0.02236197498822523,0.6086956521739131,0.391304347826087,long,0.6086956521739131,0.04474993275122807
attack_heavy&deal_only,107,0.006251560860651685,0.006737388318100779,0.020501478010948624,0.6915887850467289,0.308411214953271,long,0.6915887850467289,0.04472272878136456
posts_very_high&has_uppercase_phrase,129,0.006363872071706822,0.007415107095765094,0.031023318588424328,0.6124031007751938,0.3875968992248062,long,0.6124031007751938,0.04426430777286931
deal_heavy&has_all_caps,44,0.009174171803774328,0.007168413713903754,0.023339695120108604,0.7272727272727273,0.2727272727272727,long,0.7272727272727273,0.04425787001509447
has_iran&pre_deal,42,0.009211326231744185,0.008125651168576886,0.017469869284283217,0.7380952380952381,0.2619047619047619,long,0.7380952380952381,0.04406149334970643
positive_heavy&has_uppercase_phrase,220,0.00491509283347608,0.005235443871024814,0.026399219061974913,0.6,0.4,long,0.6,0.04374156484267205
has_deal&positive_heavy,275,0.004209799256069906,0.004177470274257855,0.022362268063569824,0.6254545454545455,0.37454545454545457,long,0.6254545454545455,0.04366399685304366
posts_very_high&has_russia,121,0.006190248419696979,0.007415107095765094,0.0225668007204285,0.6363636363636364,0.36363636363636365,long,0.6363636363636364,0.04333173893787886
has_attack&pre_deal,129,0.00565406711680079,0.004863191475416029,0.021193315770317526,0.6744186046511628,0.32558139534883723,long,0.6744186046511628,0.043309718101494504
has_uppercase_phrase&short_posts,150,0.005690816146043899,0.0053605476179686695,0.03227902219249971,0.62,0.38,long,0.62,0.04321274691117822
has_russia&has_uppercase_phrase,115,0.006322736941448191,0.007415107095765094,0.025651161890826474,0.6347826086956522,0.3652173913043478,long,0.6347826086956522,0.04304067297371538
has_positive&has_uppercase_phrase,280,0.004181431169688093,0.00462313279823845,0.02698521140505805,0.6142857142857143,0.38571428571428573,long,0.6142857142857143,0.04298078899297456
posts_very_high&pre_action,34,0.011928257563928105,0.0040542668393049874,0.03577177170773024,0.6176470588235294,0.38235294117647056,long,0.6176470588235294,0.04295926520401108
posts_high&china_streak_3d,41,0.01137360057502684,0.010844689043626676,0.025151517049779644,0.5853658536585366,0.4146341463414634,long,0.5853658536585366,0.04263019171248851
lots_of_excl&volume_spike,129,0.00594373946218194,0.004714548802946528,0.024874976542999975,0.627906976744186,0.37209302325581395,long,0.627906976744186,0.042388683451175864
posts_high&volume_spike,115,0.006209096934354438,0.004714548802946528,0.025563830874839467,0.6347826086956522,0.3652173913043478,long,0.6347826086956522,0.04226709304664465
has_action,194,0.0051847760483350325,0.00449698608845428,0.02747739662076962,0.5824742268041238,0.4175257731958763,long,0.5824742268041238,0.042063710588940095
posts_high&short_posts,241,0.0043250144761043515,0.0056618421403158425,0.028976039398837278,0.6224066390041494,0.3775933609958506,long,0.6224066390041494,0.04178980101093205
posts_high&has_all_caps,128,0.005622515958236891,0.007830775257502642,0.026701378235611622,0.65625,0.34375,long,0.65625,0.04174505119468829
attack_heavy&has_china,141,0.005748250007156841,0.006891620271364696,0.02435510722597946,0.6099290780141844,0.3900709219858156,long,0.6099290780141844,0.04163173816216078
pre_relief,31,0.012176230730792515,0.004871172632615606,0.04185968874746803,0.6129032258064516,0.3870967741935484,long,0.6129032258064516,0.041551396361082064
pre_relief&has_exclamation,31,0.012176230730792515,0.004871172632615606,0.04185968874746803,0.6129032258064516,0.3870967741935484,long,0.6129032258064516,0.041551396361082064
has_relief&pre_relief,31,0.012176230730792515,0.004871172632615606,0.04185968874746803,0.6129032258064516,0.3870967741935484,long,0.6129032258064516,0.041551396361082064
pre_relief&exclamation_heavy,31,0.012176230730792515,0.004871172632615606,0.04185968874746803,0.6129032258064516,0.3870967741935484,long,0.6129032258064516,0.041551396361082064
has_action&has_exclamation,192,0.005125500620485769,0.00449698608845428,0.027582821311824712,0.5833333333333334,0.4166666666666667,long,0.5833333333333334,0.041428928281566746
has_russia&deal_over_tariff,116,0.0054374587102027005,0.006281657194512569,0.018708882984558913,0.7068965517241379,0.29310344827586204,long,0.7068965517241379,0.04139814009460871
has_iran&deal_only,58,0.0074916207881234875,0.008125651168576886,0.018497219650712358,0.7241379310344828,0.27586206896551724,long,0.7241379310344828,0.04131531608510202
has_uppercase_phrase,298,0.0038404257530721725,0.0053605476179686695,0.028188530535310768,0.6208053691275168,0.37919463087248323,long,0.6208053691275168,0.04115692976411746
deal_only&volume_spike,56,0.008321938150407882,0.004897191316210137,0.022824949981719488,0.6607142857142857,0.3392857142857143,long,0.6607142857142857,0.041146433216133295
has_night_post&sig_potus,41,0.008757803905364962,0.007359491707242816,0.015643344211250805,0.7317073170731707,0.2682926829268293,long,0.7317073170731707,0.04103217545350715
positive_heavy&deal_only,198,0.004529456140049168,0.0044914546626707574,0.022911702710415552,0.6414141414141414,0.35858585858585856,long,0.6414141414141414,0.0408805927691649
has_iran&lots_of_excl,109,0.005644876983616135,0.007209397223503666,0.020173425037752782,0.6880733944954128,0.3119266055045872,long,0.6880733944954128,0.04055108663810566
deal_heavy&attack_heavy,80,0.006840229140214271,0.006997433152401422,0.02168981795510842,0.6625,0.3375,long,0.6625,0.04053232594886423
pre_deal&has_all_caps,47,0.008157858791299719,0.007415107095765094,0.018220330365208343,0.723404255319149,0.2765957446808511,long,0.723404255319149,0.04045816410995457
exclamation_heavy&volume_spike,134,0.005626700901495144,0.004273697311401259,0.024477532614343173,0.6194029850746269,0.3805970149253731,long,0.6194029850746269,0.04034405276663219
positive_heavy&has_chips,25,0.010595665446763403,0.010946433923590071,0.014271299045603184,0.76,0.24,long,0.76,0.04026352869770093
posts_low,461,0.003034323743017567,0.004818013874404725,0.022117443018834403,0.6179039301310044,0.38209606986899564,long,0.6179039301310044,0.04025625176981601
has_china&deal_only,93,0.006776639488277583,0.00441038933147464,0.025880808015029816,0.6129032258064516,0.3870967741935484,long,0.6129032258064516,0.0400541724710954
pre_relief&lots_of_excl,30,0.012139236416398884,0.004360208927729259,0.04257477538859916,0.6,0.4,long,0.6,0.03989360169689906
has_positive&pre_relief,30,0.012139236416398884,0.004360208927729259,0.04257477538859916,0.6,0.4,long,0.6,0.03989360169689906
posts_high&has_night_post,300,0.0037066632274251016,0.006500095809134909,0.026516998537156708,0.6166666666666667,0.38333333333333336,long,0.6166666666666667,0.03959079572475964
pre_action&deal_over_tariff,43,0.009572334687196664,0.004271489491850966,0.0289249414805788,0.627906976744186,0.37209302325581395,long,0.627906976744186,0.039413718572652676
has_russia&uppercase_phrase_heavy,29,0.011781449068892735,0.010008005204507509,0.025862105004948146,0.6206896551724138,0.3793103448275862,long,0.6206896551724138,0.039379683043147484
lots_of_excl&has_chips,29,0.009624885521788364,0.010946433923590071,0.021499360478082048,0.7586206896551724,0.2413793103448276,long,0.7586206896551724,0.03932052018144581
has_uppercase_phrase&has_exclamation,294,0.0036991323250270026,0.0051449921096716755,0.02833092440453418,0.6190476190476191,0.38095238095238093,long,0.6190476190476191,0.03926427564518911
positive_heavy&short_posts,282,0.003903998439056643,0.004515729541634261,0.02620952619249447,0.5957446808510638,0.40425531914893614,long,0.5957446808510638,0.039056593616755224
brag_heavy&has_night_post,21,0.009933561558726151,0.008621276326224558,0.01065958046058494,0.8571428571428571,0.14285714285714285,long,0.8571428571428571,0.03901825522574238
has_night_post&has_all_caps,111,0.005843878327746827,0.007415107095765094,0.024216178859017567,0.6306306306306306,0.36936936936936937,long,0.6306306306306306,0.03882734688689951
positive_heavy&has_night_post,379,0.0032710617944193433,0.005756338939103101,0.024614007556392866,0.6094986807387863,0.39050131926121373,long,0.6094986807387863,0.03881334954752013
pre_deal&short_posts,81,0.006837172816609074,0.004863191475416029,0.023532413624293837,0.6296296296296297,0.37037037037037035,long,0.6296296296296297,0.03874397929411809
pre_action&has_uppercase_phrase,29,0.013036888860354739,0.003837044186759009,0.03633330074924216,0.5517241379310345,0.4482758620689655,long,0.5517241379310345,0.038734231771203415
positive_heavy&has_russia,231,0.0040812169626059614,0.005567473877227558,0.021909728948710152,0.6233766233766234,0.37662337662337664,long,0.6233766233766234,0.038667508099850194
posts_low&has_positive,86,0.005805667915544961,0.006015742488328701,0.02042540686593542,0.7093023255813954,0.29069767441860467,long,0.7093023255813954,0.03818851756951777
has_uppercase_phrase&lots_of_excl,266,0.003892525231823601,0.00449698608845428,0.027706190526265027,0.6015037593984962,0.39849624060150374,long,0.6015037593984962,0.03818656559310218
has_action&has_iran,31,0.010123009421635448,0.008557266457127177,0.022210104325618076,0.6774193548387096,0.3225806451612903,long,0.6774193548387096,0.03818106945644717
has_relief&pre_deal,25,0.010967987387622622,0.0037190091181349416,0.03088358582150009,0.68,0.32,long,0.68,0.03729115711791692
has_relief&has_russia,33,0.010164674211548952,0.008313859763101394,0.024872239427944594,0.6363636363636364,0.36363636363636365,long,0.6363636363636364,0.037158295866295224
has_all_caps&short_posts,113,0.00548536729586304,0.00796983055129652,0.0309623272005128,0.6371681415929203,0.36283185840707965,long,0.6371681415929203,0.0371534362989643
has_china&short_posts,143,0.00504781717645058,0.004572519993866875,0.030220477479353955,0.6153846153846154,0.38461538461538464,long,0.6153846153846154,0.03714653167969349
has_uppercase_phrase&exclamation_heavy,279,0.0036466198496069562,0.004931191157004244,0.027816248962215188,0.6093189964157706,0.3906810035842294,long,0.6093189964157706,0.03711396136971109
has_iran&has_all_caps,31,0.009805137830808955,0.010644899652934914,0.022414996997254435,0.6774193548387096,0.3225806451612903,long,0.6774193548387096,0.03698214957184857
exclamation_heavy&has_chips,30,0.00919546383052291,0.010537158247813871,0.021255961133397738,0.7333333333333333,0.26666666666666666,long,0.7333333333333333,0.03693479508913523
has_chips,31,0.008939223317143736,0.010127882572037672,0.020947333707880326,0.7419354838709677,0.25806451612903225,long,0.7419354838709677,0.036927233786488954
has_exclamation&has_chips,31,0.008939223317143736,0.010127882572037672,0.020947333707880326,0.7419354838709677,0.25806451612903225,long,0.7419354838709677,0.036927233786488954
has_action&has_night_post,125,0.005648014178473108,0.00559781763632472,0.02912520808984274,0.584,0.416,long,0.584,0.036877683431569615
has_attack&china_streak_3d,53,0.008656213108695089,0.004462255383378189,0.02390472160453678,0.5849056603773585,0.41509433962264153,long,0.5849056603773585,0.03685969174238215
has_china&has_russia,132,0.005091684761646341,0.005731957603294702,0.023186753848393055,0.6287878787878788,0.3712121212121212,long,0.6287878787878788,0.03678346474916875
has_china,307,0.0035163803264364572,0.003837044186759009,0.02593150941988207,0.5960912052117264,0.40390879478827363,long,0.5960912052117264,0.03672634787500437
has_china&has_exclamation,307,0.0035163803264364572,0.003837044186759009,0.02593150941988207,0.5960912052117264,0.40390879478827363,long,0.5960912052117264,0.03672634787500437
has_russia&pre_deal,68,0.00628481007588104,0.0046967232701912165,0.017021057969180492,0.7058823529411765,0.29411764705882354,long,0.7058823529411765,0.03658296815972284
posts_very_high&has_action,88,0.0069879100839953115,0.0029359802943215163,0.031820321252070564,0.5568181818181818,0.4431818181818182,long,0.5568181818181818,0.03650077217554166
has_all_caps&deal_only,59,0.006983378406256682,0.007891076106882666,0.019089267321336933,0.6779661016949152,0.3220338983050847,long,0.6779661016949152,0.03636633718710235
has_action&lots_of_excl,178,0.004801035834744463,0.004007257230508432,0.0276696213783153,0.5674157303370787,0.43258426966292135,long,0.5674157303370787,0.03634513783127131
positive_heavy&volume_spike,122,0.005350203371891607,0.003995249304992954,0.025209944828834138,0.6147540983606558,0.38524590163934425,long,0.6147540983606558,0.036328849031505364
deal_heavy&has_relief,32,0.009784793708141028,0.007453788867581079,0.031847822655888584,0.65625,0.34375,long,0.65625,0.03632419341357443
has_action&exclamation_heavy,185,0.004696413775185962,0.004177470274257855,0.027763236715586576,0.5675675675675675,0.43243243243243246,long,0.5675675675675675,0.03625515682865475
volume_spike,177,0.004340116693634404,0.004308098772126234,0.024962645403089692,0.6271186440677966,0.3728813559322034,long,0.6271186440677966,0.036210769359613676
deal_heavy&volume_spike,46,0.00792094124822416,0.007556836899507369,0.023352869425144158,0.6739130434782609,0.32608695652173914,long,0.6739130434782609,0.03620425123901167
pre_deal&has_uppercase_phrase,60,0.007000035446070239,0.007556836899507369,0.02546826094418825,0.6666666666666666,0.3333333333333333,long,0.6666666666666666,0.03614802760732219
posts_very_high&has_iran,50,0.00750620220947902,0.007478022344975854,0.022315128502685574,0.68,0.32,long,0.68,0.03609226808630442
has_russia&deal_only,97,0.005219887213429551,0.006259778133638205,0.01922242711942529,0.7010309278350515,0.29896907216494845,long,0.7010309278350515,0.03603994875918281
has_deal&has_china,157,0.004874795562171144,0.003130882217233788,0.024609708684999516,0.5859872611464968,0.4140127388535032,long,0.5859872611464968,0.03579269570419378
attack_heavy&short_posts,132,0.005012920080079828,0.005402105095559051,0.02606792047834742,0.6212121212121212,0.3787878787878788,long,0.6212121212121212,0.03577813245837537
has_positive&has_chips,30,0.00890552250967006,0.010537158247813871,0.021304578949107852,0.7333333333333333,0.26666666666666666,long,0.7333333333333333,0.035770207476052945
has_action&volume_spike,53,0.008086517297686065,0.004863191475416029,0.03158533554573444,0.6037735849056604,0.39622641509433965,long,0.6037735849056604,0.03554459444451157
posts_high&has_uppercase_phrase,191,0.004191510014418518,0.004935800891930908,0.02831870474493653,0.612565445026178,0.387434554973822,long,0.612565445026178,0.03548458138986671
has_deal&pre_action,49,0.008236593077828308,0.003837044186759009,0.02775552651271449,0.6122448979591837,0.3877551020408163,long,0.6122448979591837,0.03529968461926418
has_tariff&has_all_caps,36,0.008117536953679276,0.007096035782745536,0.02361819805970205,0.7222222222222222,0.2777777777777778,long,0.7222222222222222,0.03517599346594353
has_action&has_positive,185,0.004510729510915222,0.004271489491850966,0.027615334892113902,0.572972972972973,0.42702702702702705,long,0.572972972972973,0.03515335550299017
posts_high&has_chips,23,0.009892480267072592,0.010946433923590071,0.023879148151869617,0.7391304347826086,0.2608695652173913,long,0.7391304347826086,0.03506632034981686
posts_high&has_iran,78,0.005919578667568379,0.004792860717781067,0.021058340525554903,0.6666666666666666,0.3333333333333333,long,0.6666666666666666,0.0348535354809197
posts_high&has_action,138,0.005237467188542745,0.0036167719987509894,0.029408705361381876,0.5652173913043478,0.43478260869565216,long,0.5652173913043478,0.03477573956127705
positive_heavy&has_iran,94,0.005346339298804691,0.004792860717781067,0.02127521371685288,0.6702127659574468,0.32978723404255317,long,0.6702127659574468,0.034740266037721644
pre_tariff&pre_deal,30,0.008248708958854326,0.005672493880343632,0.01709630058553944,0.7666666666666667,0.23333333333333334,long,0.7666666666666667,0.034638030414122584
has_action&has_uppercase_phrase,88,0.00675471677079091,0.0029359802943215163,0.0326652710667354,0.5454545454545454,0.45454545454545453,long,0.5454545454545454,0.034562650903485065
has_iran&exclamation_heavy,115,0.004802872654236101,0.005085087257899579,0.02096255294777094,0.6695652173913044,0.33043478260869563,long,0.6695652173913044,0.03448600419449633
has_iran&has_night_post,70,0.006133379239551044,0.006305830657057254,0.023830442357027897,0.6714285714285714,0.32857142857142857,long,0.6714285714285714,0.03445471459334246
posts_very_high&has_relief,46,0.008341864613233769,0.003948239696196398,0.037135873912396866,0.6086956521739131,0.391304347826087,long,0.6086956521739131,0.03443834342352604
has_action&has_china,88,0.006442574553878774,0.004149649785068599,0.03429252977022048,0.5681818181818182,0.4318181818181818,long,0.5681818181818182,0.03433903775153455
attack_heavy&uppercase_phrase_heavy,44,0.00875585273751791,0.005725968560523653,0.024651031957889848,0.5909090909090909,0.4090909090909091,long,0.5909090909090909,0.034319856113580925
has_iran&has_exclamation,120,0.00469640660092281,0.005219635292656011,0.020734268558344437,0.6666666666666666,0.3333333333333333,long,0.6666666666666666,0.03429770446055447
has_china&exclamation_heavy,300,0.0033102465960375763,0.0038431447048009604,0.025924145217220404,0.5966666666666667,0.4033333333333333,long,0.5966666666666667,0.03420997456318344
has_china&lots_of_excl,282,0.0034285666171765864,0.0038431447048009604,0.0261460203082161,0.5921985815602837,0.4078014184397163,long,0.5921985815602837,0.03409608454316856
has_positive&has_china,299,0.003347989621982328,0.0037190091181349416,0.026215727171518363,0.5886287625418061,0.411371237458194,long,0.5886287625418061,0.034076986072102834
has_exclamation&volume_spike,153,0.004522704107412796,0.004271489491850966,0.025595452548645578,0.6078431372549019,0.39215686274509803,long,0.6078431372549019,0.034004422893918335
positive_heavy&has_china,246,0.0037477201955392913,0.0032536869410245695,0.0259332744281843,0.573170731707317,0.4268292682926829,long,0.573170731707317,0.03369137364491776
has_attack&has_chips,28,0.008450711257173501,0.010039065056695828,0.02116929101729509,0.75,0.25,long,0.75,0.03353772058214263
pre_action&volume_spike,21,0.011803933074248683,0.004271489491850966,0.03336780016421181,0.6190476190476191,0.38095238095238093,long,0.6190476190476191,0.033485781835342183
has_action&positive_heavy,150,0.004870199574703927,0.0036167719987509894,0.028789738585367698,0.56,0.44,long,0.56,0.03340261092992395
posts_high&has_russia,184,0.0038392633059232376,0.005960810136977024,0.02325492709837608,0.6413043478260869,0.358695652173913,long,0.6413043478260869,0.033398041029123325
has_positive&uppercase_phrase_heavy,52,0.007265173049981812,0.008285795088332382,0.028185099900364333,0.6346153846153846,0.36538461538461536,long,0.6346153846153846,0.03324744156059005
has_iran&has_uppercase_phrase,49,0.006648647744205587,0.010014152945299504,0.0242778363578827,0.7142857142857143,0.2857142857142857,long,0.7142857142857143,0.03324323872102793
posts_very_high&has_all_caps,92,0.005665132232611457,0.007076247706932937,0.028960400970231934,0.6086956521739131,0.391304347826087,long,0.6086956521739131,0.033075328385087116
has_night_post&volume_spike,102,0.005213869826893932,0.004511323787536381,0.024301325619043614,0.6274509803921569,0.37254901960784315,long,0.6274509803921569,0.033040002550395166
has_all_caps&has_uppercase_phrase,132,0.004741247601011711,0.00462313279823845,0.029504925761060983,0.6060606060606061,0.3939393939393939,long,0.6060606060606061,0.033013810747587774
posts_high&has_china,205,0.003970569148192714,0.0037190091181349416,0.027582347880122864,0.5804878048780487,0.4195121951219512,long,0.5804878048780487,0.033000672836095014
posts_very_high&open_deal,60,0.00606335594642084,0.005599821850739484,0.018692062991327956,0.7,0.3,long,0.7,0.032876587243661874
posts_low&silence_day,262,0.003392525040961686,0.00457973999483019,0.021070790181951838,0.5984555984555985,0.4015444015444015,long,0.5984555984555985,0.032862881569190705
silence_day,262,0.003392525040961686,0.00457973999483019,0.021070790181951838,0.5984555984555985,0.4015444015444015,long,0.5984555984555985,0.032862881569190705
posts_high&pre_action,57,0.007507969194902139,0.0035945968603239287,0.032279135877127337,0.5789473684210527,0.42105263157894735,long,0.5789473684210527,0.03281700884383505
pre_action&has_exclamation,74,0.006716713188922912,0.0037158205235414687,0.030012331038621498,0.5675675675675675,0.43243243243243246,long,0.5675675675675675,0.032793686029933794
has_positive&sig_potus,61,0.0060894071190219536,0.006259778133638205,0.018045397163855566,0.6885245901639344,0.3114754098360656,long,0.6885245901639344,0.032746084902750904
has_night_post&uppercase_phrase_heavy,45,0.007553527404675046,0.008601759625368244,0.028240702508814927,0.6444444444444445,0.35555555555555557,long,0.6444444444444445,0.03265438811040454
deal_heavy&has_russia,66,0.005992467307709137,0.007556836899507369,0.019513677831641613,0.6666666666666666,0.3333333333333333,long,0.6666666666666666,0.032455356364236326
positive_heavy&uppercase_phrase_heavy,51,0.0072389654700722745,0.00796983055129652,0.028464915662512125,0.6274509803921569,0.37254901960784315,long,0.6274509803921569,0.03243705336546773
has_relief&short_posts,46,0.00808269703045332,0.0063703148017290046,0.03815743565698119,0.5869565217391305,0.41304347826086957,long,0.5869565217391305,0.032176673851790225
has_china&pre_action,33,0.010844194746656271,0.0002889026326551303,0.036567895014686054,0.5151515151515151,0.48484848484848486,long,0.5151515151515151,0.032091444037825274
sig_potus&deal_over_tariff,21,0.008632118226382626,0.007698566703249643,0.016014359074079658,0.8095238095238095,0.19047619047619047,long,0.8095238095238095,0.03202260466969084
has_action&pre_action,75,0.0065993713103032,0.0035945968603239287,0.029826171992920543,0.56,0.44,long,0.56,0.032005249940881116
pre_action,75,0.0065993713103032,0.0035945968603239287,0.029826171992920543,0.56,0.44,long,0.56,0.032005249940881116
has_relief&deal_only,33,0.008748568888933942,0.0032679477030372883,0.03434261557746098,0.6363636363636364,0.36363636363636365,long,0.6363636363636364,0.03198153766820386
pre_action&exclamation_heavy,73,0.006656920027022928,0.0035945968603239287,0.030215592851567743,0.5616438356164384,0.4383561643835616,long,0.5616438356164384,0.03194447582698206
has_china&has_all_caps,87,0.005610505759559316,0.004714548802946528,0.02851453367087376,0.6091954022988506,0.39080459770114945,long,0.6091954022988506,0.03187999582349689
deal_heavy&has_china,85,0.005647358723375125,0.004462255383378189,0.027566216827680953,0.611764705882353,0.38823529411764707,long,0.611764705882353,0.03185218694652664
has_china&pre_tariff,39,0.007081551429785837,0.007329638064628163,0.015787815921655398,0.717948717948718,0.28205128205128205,long,0.717948717948718,0.03175076118276667
has_iran,121,0.0043581474055072325,0.005085087257899579,0.02098027748834774,0.6611570247933884,0.33884297520661155,long,0.6611570247933884,0.03169561749459805
has_attack&uppercase_phrase_heavy,50,0.0072168452545154586,0.007353609434698649,0.028306167085979054,0.62,0.38,long,0.62,0.03163909735309939
has_deal&has_relief,52,0.006901450425379212,0.003493478410586115,0.029814454237889903,0.6346153846153846,0.36538461538461536,long,0.6346153846153846,0.03158294621787145
has_china&has_uppercase_phrase,124,0.004877620179015368,0.0037379956619685295,0.03193872051916481,0.5806451612903226,0.41935483870967744,long,0.5806451612903226,0.03153767203526209
posts_low&exclamation_heavy,48,0.006620013554138916,0.006194096031307383,0.024311444006639114,0.6875,0.3125,long,0.6875,0.03153204951204886
posts_low&has_exclamation,140,0.00405486877232941,0.005368463609079721,0.021416813494976775,0.6571428571428571,0.34285714285714286,long,0.6571428571428571,0.031528304276759976
has_relief&has_attack,74,0.006456294076924583,0.00305897182262449,0.03142669214738417,0.5675675675675675,0.43243243243243246,long,0.5675675675675675,0.03152221554208394
has_relief&positive_heavy,83,0.005848306399642028,0.0032679477030372883,0.0306448503371822,0.5903614457831325,0.40963855421686746,long,0.5903614457831325,0.0314548161833342
has_attack&sig_potus,54,0.006229704859896381,0.0060663985838760315,0.017565772958380473,0.6851851851851852,0.3148148148148148,long,0.6851851851851852,0.03136695176281444
has_positive&has_iran,116,0.004427040969529706,0.004792860717781067,0.02101374871781417,0.6551724137931034,0.3448275862068966,long,0.6551724137931034,0.031239073058498323
has_action&short_posts,104,0.005773513438244128,0.003400114429693124,0.03264630811704618,0.5288461538461539,0.47115384615384615,long,0.5288461538461539,0.031137676396112188
has_uppercase_phrase&china_streak_3d,33,0.009355139424256668,0.004462255383378189,0.02691493187642545,0.5757575757575758,0.42424242424242425,long,0.5757575757575758,0.030941894100153414
has_all_caps&china_streak_3d,22,0.010363472880586184,0.00885311075152373,0.023063288259437775,0.6363636363636364,0.36363636363636365,long,0.6363636363636364,0.030932997789020825
has_positive&pre_action,72,0.0063679287716242655,0.0037158205235414687,0.030170563777680792,0.5694444444444444,0.4305555555555556,long,0.5694444444444444,0.030769171712944333
deal_heavy&pre_action,25,0.009585221416817023,0.0035945968603239287,0.0333450743287035,0.64,0.36,long,0.64,0.030672708533814475
has_positive&has_russia,290,0.002932451486435342,0.0047867300170509886,0.022049121660636925,0.6103448275862069,0.3896551724137931,long,0.6103448275862069,0.030479308058779808
pre_relief&short_posts,24,0.010628485074576574,0.004069560167826447,0.04595335445049058,0.5833333333333334,0.4166666666666667,long,0.5833333333333334,0.03037342603341599
positive_heavy&pre_action,62,0.00680942561946032,0.00351596267023635,0.0316461788502149,0.5645161290322581,0.43548387096774194,long,0.5645161290322581,0.030267927146443406
has_attack&has_china,240,0.003250375017157679,0.0038685689755535435,0.02681238219889869,0.6,0.4,long,0.6,0.030212755944912812
short_posts&volume_spike,102,0.00478376555075033,0.00449522696694904,0.027945090530994282,0.6176470588235294,0.38235294117647056,long,0.6176470588235294,0.029840792349386944
posts_high&open_deal,96,0.004347162218776752,0.005373464699107711,0.019600526602195873,0.6979166666666666,0.3020833333333333,long,0.6979166666666666,0.029726585865093764
has_tariff&short_posts,43,0.007212579991434571,0.00796983055129652,0.025429742135797243,0.627906976744186,0.37209302325581395,long,0.627906976744186,0.029697519701789694
has_russia,301,0.002807574627841911,0.004462255383378189,0.021788306988987465,0.6079734219269103,0.3920265780730897,long,0.6079734219269103,0.029614141758340283
has_russia&has_exclamation,301,0.002807574627841911,0.004462255383378189,0.021788306988987465,0.6079734219269103,0.3920265780730897,long,0.6079734219269103,0.029614141758340283
has_china&volume_spike,74,0.005762239794700577,0.004216778960540735,0.027478141999940756,0.5945945945945946,0.40540540540540543,long,0.5945945945945946,0.02947325788042293
deal_heavy&pre_tariff,29,0.007551644987126923,0.00392988066492217,0.01712607473022978,0.7241379310344828,0.27586206896551724,long,0.7241379310344828,0.02944841066322902
has_russia&lots_of_excl,278,0.002903528179594072,0.0047867300170509886,0.02193853440855504,0.6079136690647482,0.3920863309352518,long,0.6079136690647482,0.029430006092106244
has_tariff&attack_heavy,61,0.0060213888813535925,0.007415107095765094,0.020253812806731223,0.6229508196721312,0.3770491803278688,long,0.6229508196721312,0.0292964741187835
pre_tariff&exclamation_heavy,55,0.005551676711784052,0.007329638064628163,0.01771471473081574,0.7090909090909091,0.2909090909090909,long,0.7090909090909091,0.0291949294690965
has_iran&short_posts,50,0.006231442963342473,0.004792860717781067,0.021911802069944128,0.66,0.34,long,0.66,0.029081550801313943
pre_action&short_posts,37,0.0097907488164557,-0.0007430002543752368,0.039080618458492186,0.4864864864864865,0.5135135135135135,long,0.4864864864864865,0.028972605426955966
pre_action&lots_of_excl,70,0.006208698882495359,0.00351596267023635,0.030589213251224268,0.5571428571428572,0.44285714285714284,long,0.5571428571428572,0.028941176671293634
has_deal&sig_potus,27,0.007506881258354579,0.007698566703249643,0.016274626894722113,0.7407407407407407,0.25925925925925924,long,0.7407407407407407,0.028893999435237152
has_russia&exclamation_heavy,294,0.002760232760895925,0.0047867300170509886,0.021656452027296397,0.608843537414966,0.391156462585034,long,0.608843537414966,0.028815427822763102
has_tariff&deal_over_tariff,41,0.006331327193956947,0.007415107095765094,0.023882278939343776,0.7073170731707317,0.2926829268292683,long,0.7073170731707317,0.02867482838320877
has_deal&has_russia,138,0.0037229105027029954,0.0050081392074519115,0.01914382723597599,0.6521739130434783,0.34782608695652173,long,0.6521739130434783,0.028522366909706342
has_tariff&pre_tariff,56,0.0054052119927660335,0.0056297593647751665,0.017587119391268443,0.6964285714285714,0.30357142857142855,long,0.6964285714285714,0.028169771564738315
pre_tariff&has_exclamation,56,0.0054052119927660335,0.0056297593647751665,0.017587119391268443,0.6964285714285714,0.30357142857142855,long,0.6964285714285714,0.028169771564738315
pre_tariff,56,0.0054052119927660335,0.0056297593647751665,0.017587119391268443,0.6964285714285714,0.30357142857142855,long,0.6964285714285714,0.028169771564738315
has_attack&brag_heavy,31,0.006483258447402736,0.004771185002780953,0.012085534439152175,0.7741935483870968,0.22580645161290322,long,0.7741935483870968,0.02794626219752179
has_relief&exclamation_heavy,95,0.004932372830364544,0.0032679477030372883,0.02973389875499078,0.5789473684210527,0.42105263157894735,long,0.5789473684210527,0.02783279261601851
has_relief&has_positive,93,0.0049605946149507306,0.0032679477030372883,0.03002091002799277,0.5806451612903226,0.41935483870967744,long,0.5806451612903226,0.02777704376135642
has_relief&has_china,46,0.006959540091895693,0.003244471539694871,0.03648235971103281,0.5869565217391305,0.41304347826086957,long,0.5869565217391305,0.027705461537363404
has_tariff&lots_of_excl,136,0.00398715635366087,0.003883462425840589,0.023034382968185916,0.5955882352941176,0.40441176470588236,long,0.5955882352941176,0.027693562772489556
has_exclamation&volume_drop,147,0.003599434653887686,0.004753418311788771,0.022802776090406453,0.6326530612244898,0.3673469387755102,long,0.6326530612244898,0.02760950209582638
has_relief&has_exclamation,96,0.004879232653849044,0.00305897182262449,0.029581573011948192,0.5729166666666666,0.4270833333333333,long,0.5729166666666666,0.027389152858503282
has_relief,96,0.004879232653849044,0.00305897182262449,0.029581573011948192,0.5729166666666666,0.4270833333333333,long,0.5729166666666666,0.027389152858503282
pre_tariff&lots_of_excl,52,0.0053088030434249095,0.0056297593647751665,0.01802917394881622,0.7115384615384616,0.28846153846153844,long,0.7115384615384616,0.02723934533165724
volume_drop,326,0.0024672192627095612,0.003784164565323933,0.022556529553130242,0.6104294478527608,0.3895705521472393,long,0.6104294478527608,0.02719268072005564
has_attack&pre_action,64,0.006206620747667547,0.0038544089859998687,0.03161252363074343,0.546875,0.453125,long,0.546875,0.027153965771045518
has_china&pre_deal,80,0.004954287771286252,0.002065457078969324,0.022814742445988172,0.6125,0.3875,long,0.6125,0.02714140437989538
attack_heavy&has_market_brag,73,0.004531567413866073,0.006711691421524835,0.017981682449044044,0.6986301369863014,0.3013698630136986,long,0.6986301369863014,0.02704937228448987
has_russia&short_posts,141,0.0037223369552042036,0.00392988066492217,0.024228253516134036,0.6099290780141844,0.3900709219858156,long,0.6099290780141844,0.026959049672066207
has_china&uppercase_phrase_heavy,37,0.00682421290804016,0.008601759625368244,0.030796494685365085,0.6486486486486487,0.35135135135135137,long,0.6486486486486487,0.02692544858971079
has_action&has_attack,148,0.004075402914104585,0.0033214802396055454,0.02886277013762085,0.5405405405405406,0.4594594594594595,long,0.5405405405405406,0.026799684477603832
has_relief&lots_of_excl,92,0.004807506299159168,0.00305897182262449,0.030177426166515548,0.5760869565217391,0.42391304347826086,long,0.5760869565217391,0.02656451051468905
has_action&attack_heavy,96,0.0048076614601769594,0.003715691118493014,0.02351971381444459,0.5625,0.4375,long,0.5625,0.02649671422532428
positive_heavy&sig_potus,46,0.005744744270653649,0.006305203676107318,0.01667397332753524,0.6739130434782609,0.32608695652173914,long,0.6739130434782609,0.02625750631911917
has_positive&pre_tariff,55,0.005112150252147101,0.00392988066492217,0.01761067957781911,0.6909090909090909,0.3090909090909091,long,0.6909090909090909,0.02619424357635643
has_deal&china_streak_3d,24,0.00981351304082539,0.0023028611696565005,0.0273032565918235,0.5416666666666666,0.4583333333333333,long,0.5416666666666666,0.02604127449535164
posts_low&volume_drop,250,0.0027232060296774043,0.004212763020502885,0.020955989634977006,0.604,0.396,long,0.604,0.026006831446887743
has_tariff&pre_deal,45,0.005756792130787493,0.003837044186759009,0.015783899295843767,0.6666666666666666,0.3333333333333333,long,0.6666666666666666,0.02574515707355339
uppercase_phrase_heavy&volume_spike,27,0.007802694599965656,0.008601759625368244,0.03449932989406133,0.6296296296296297,0.37037037037037035,long,0.6296296296296297,0.02552769769026946
has_all_caps&uppercase_phrase_heavy,42,0.006080270541366453,0.009166461595256692,0.03521379478566569,0.6428571428571429,0.35714285714285715,long,0.6428571428571429,0.02533156505663398
posts_low&has_attack,30,0.006553091016597819,0.0055010071719375775,0.02059346239040149,0.7,0.3,long,0.7,0.025124930398225602
posts_very_high&uppercase_phrase_heavy,45,0.006018229609659833,0.00973116356514514,0.035449821801027195,0.6222222222222222,0.37777777777777777,long,0.6222222222222222,0.025120051621282637
positive_heavy&pre_tariff,47,0.005153220461663767,0.007329638064628163,0.0187974441808746,0.7021276595744681,0.2978723404255319,long,0.7021276595744681,0.024805257141302935
posts_high&has_relief,74,0.005280727230888073,0.0012838114524618138,0.03233342809846478,0.5405405405405406,0.4594594594594595,long,0.5405405405405406,0.024554882857637038
has_relief&has_night_post,61,0.005616819648148033,0.0020738813259075783,0.03218744879748937,0.5573770491803278,0.4426229508196721,long,0.5573770491803278,0.02445144213841846
attack_heavy&open_deal,67,0.00450179622805039,0.004462255383378189,0.018080085973066186,0.6567164179104478,0.34328358208955223,long,0.6567164179104478,0.024199205526593985
has_relief&has_action,26,0.009467341616094194,-0.00024132096332790676,0.04577028120530632,0.5,0.5,long,0.5,0.02413707982115667
has_china&china_streak_3d,33,0.007650391425505283,0.002720901999490266,0.02503056413138399,0.5454545454545454,0.45454545454545453,long,0.5454545454545454,0.02397171971691953
has_china&has_night_post,186,0.003072553211531733,0.0038431447048009604,0.027460837451651697,0.5698924731182796,0.43010752688172044,long,0.5698924731182796,0.023880796403698293
has_iran&open_deal,37,0.005376185221594089,0.0072574779867020656,0.02306285206794144,0.7297297297297297,0.2702702702702703,long,0.7297297297297297,0.023863663961894592
has_action&open_deal,45,0.0052532050401524755,0.006708464590806873,0.021960490809527677,0.6666666666666666,0.3333333333333333,long,0.6666666666666666,0.023493047139050892
has_all_caps&volume_spike,48,0.005598653639758498,0.005210332341001878,0.03467166382183072,0.6041666666666666,0.3958333333333333,long,0.6041666666666666,0.023434785348601838
has_deal&has_market_brag,80,0.00391180867605531,0.004278864235027657,0.018663781138195015,0.6625,0.3375,long,0.6625,0.023179735803777784
has_tariff&exclamation_heavy,141,0.0033130039592202403,0.003837044186759009,0.023686784710595266,0.5886524822695035,0.41134751773049644,long,0.5886524822695035,0.02315743698469396
attack_heavy&pre_action,42,0.005996994583481455,0.004934653564087843,0.027616230426825684,0.5952380952380952,0.40476190476190477,long,0.5952380952380952,0.023133908848392715
has_attack&has_russia,268,0.0022932073311152795,0.004895051194079847,0.021639035954461025,0.6156716417910447,0.3843283582089552,long,0.6156716417910447,0.023113188898483145
attack_heavy&all_caps_heavy,25,0.007699349948390202,0.0009441565861529888,0.02549746868420905,0.6,0.4,long,0.6,0.023098049845170606
has_tariff&open_deal,43,0.005178662303542467,0.007415107095765094,0.024971267235383204,0.6744186046511628,0.32558139534883723,long,0.6744186046511628,0.0229024193282418
posts_very_high&china_streak_3d,25,0.00880808842358371,0.0032056319990623194,0.027590923477856986,0.52,0.48,long,0.52,0.022901029901317645
brag_heavy&lots_of_excl,38,0.004933280463289739,0.004493019147398747,0.013344066711454827,0.7368421052631579,0.2631578947368421,long,0.7368421052631579,0.022407945492561664
brag_heavy&has_exclamation,38,0.004933280463289739,0.004493019147398747,0.013344066711454827,0.7368421052631579,0.2631578947368421,long,0.7368421052631579,0.022407945492561664
has_market_brag&brag_heavy,38,0.004933280463289739,0.004493019147398747,0.013344066711454827,0.7368421052631579,0.2631578947368421,long,0.7368421052631579,0.022407945492561664
brag_heavy&exclamation_heavy,38,0.004933280463289739,0.004493019147398747,0.013344066711454827,0.7368421052631579,0.2631578947368421,long,0.7368421052631579,0.022407945492561664
brag_heavy,38,0.004933280463289739,0.004493019147398747,0.013344066711454827,0.7368421052631579,0.2631578947368421,long,0.7368421052631579,0.022407945492561664
has_positive&brag_heavy,38,0.004933280463289739,0.004493019147398747,0.013344066711454827,0.7368421052631579,0.2631578947368421,long,0.7368421052631579,0.022407945492561664
posts_high&uppercase_phrase_heavy,51,0.005149223129430536,0.00796983055129652,0.03358720142662293,0.6078431372549019,0.39215686274509803,long,0.6078431372549019,0.022352099248709685
uppercase_phrase_heavy&short_posts,38,0.005738963073688129,0.00972322433449746,0.03768569983446776,0.631578947368421,0.3684210526315789,long,0.631578947368421,0.022343585895135774
has_market_brag&open_deal,33,0.00511660524066761,0.0072574779867020656,0.02045457166475502,0.7575757575757576,0.24242424242424243,long,0.7575757575757576,0.022267166168651417
attack_heavy&pre_tariff,26,0.005964291102179788,0.010011079074903506,0.02056662574299113,0.7307692307692307,0.2692307692307692,long,0.7307692307692307,0.022224180676172635
sig_potus&exclamation_heavy,61,0.004130972453726409,0.006259778133638205,0.024457711884771083,0.6885245901639344,0.3114754098360656,long,0.6885245901639344,0.022214506610682493
has_tariff&has_exclamation,145,0.0031646963173202025,0.0037026923438299164,0.023374207091988574,0.5793103448275863,0.4206896551724138,long,0.5793103448275863,0.022076352838110477
has_tariff,145,0.0031646963173202025,0.0037026923438299164,0.023374207091988574,0.5793103448275863,0.4206896551724138,long,0.5793103448275863,0.022076352838110477
has_relief&has_uppercase_phrase,41,0.006402691788531768,0.0004416235917921174,0.038263470182410816,0.5365853658536586,0.4634146341463415,long,0.5365853658536586,0.02199851418222246
has_market_brag&deal_over_tariff,67,0.0038922004445303073,0.004286238978204349,0.019537453475407227,0.6865671641791045,0.31343283582089554,long,0.6865671641791045,0.021873366419055067
open_deal&volume_spike,38,0.005390340096486985,0.0035781687991418565,0.021833611297605367,0.6578947368421053,0.34210526315789475,long,0.6578947368421053,0.021860715770756257
sig_potus&lots_of_excl,60,0.004120289974921019,0.006498583225869492,0.024663966228156427,0.6833333333333333,0.31666666666666665,long,0.6833333333333333,0.021809013087699794
has_action&china_streak_3d,22,0.009297109260676041,0.00023043833338498576,0.029856787314503853,0.5,0.5,long,0.5,0.02180365389853763
open_deal&short_posts,47,0.004782372159238393,0.00441038933147464,0.02045077205128816,0.6595744680851063,0.3404255319148936,long,0.6595744680851063,0.021625000904759353
has_tariff&has_iran,22,0.0067401581652875775,0.00756774614442135,0.023352495466116643,0.6818181818181818,0.3181818181818182,long,0.6818181818181818,0.02155509823784143
has_china&has_iran,43,0.00543273634270794,0.0021993325739138037,0.0209411542177754,0.6046511627906976,0.3953488372093023,long,0.6046511627906976,0.02154059765668055
has_tariff&deal_heavy,59,0.004436046327070909,0.00392988066492217,0.023648915303578537,0.6271186440677966,0.3728813559322034,long,0.6271186440677966,0.021368389494128275
has_tariff&has_positive,141,0.003068880490102913,0.0037026923438299164,0.023632736054860794,0.5815602836879432,0.41843971631205673,long,0.5815602836879432,0.02119260152216257
has_attack&open_deal,104,0.0032588752560049426,0.004293929802866248,0.02006891324189837,0.6346153846153846,0.36538461538461536,long,0.6346153846153846,0.021090894663469927
pre_action&has_all_caps,20,0.008574595031868415,0.0018631155564019508,0.03312262167301068,0.55,0.45,long,0.55,0.021090715107868727
posts_very_high&has_tariff,56,0.004775809797727447,0.0040725714794426215,0.0210652048563888,0.5892857142857143,0.4107142857142857,long,0.5892857142857143,0.021060416151689673
deal_heavy&has_market_brag,41,0.00448704735455548,0.00696767979452062,0.02089644859681426,0.7317073170731707,0.2682926829268293,long,0.7317073170731707,0.021022771953997415
has_china&sig_potus,26,0.006283960063434043,0.003833943691220254,0.017710991936980825,0.6538461538461539,0.34615384615384615,long,0.6538461538461539,0.0209505613370575
has_relief&attack_heavy,45,0.005609270173730015,0.0032679477030372883,0.02505130778676251,0.5555555555555556,0.4444444444444444,long,0.5555555555555556,0.02090451568770395
has_deal&pre_tariff,36,0.005006191530965826,0.003883462425840589,0.019967408707703384,0.6944444444444444,0.3055555555555556,long,0.6944444444444444,0.020859131379024273
open_tariff&lots_of_excl,53,0.005061240179110444,0.0028499959422116916,0.02779453342009681,0.5660377358490566,0.4339622641509434,long,0.5660377358490566,0.02085644415847123
uppercase_phrase_heavy&exclamation_heavy,54,0.00460406888872283,0.007353609434698649,0.032883540242352204,0.6111111111111112,0.3888888888888889,long,0.6111111111111112,0.020675635782988484
uppercase_phrase_heavy&has_exclamation,54,0.00460406888872283,0.007353609434698649,0.032883540242352204,0.6111111111111112,0.3888888888888889,long,0.6111111111111112,0.020675635782988484
has_uppercase_phrase&uppercase_phrase_heavy,54,0.00460406888872283,0.007353609434698649,0.032883540242352204,0.6111111111111112,0.3888888888888889,long,0.6111111111111112,0.020675635782988484
uppercase_phrase_heavy&lots_of_excl,54,0.00460406888872283,0.007353609434698649,0.032883540242352204,0.6111111111111112,0.3888888888888889,long,0.6111111111111112,0.020675635782988484
uppercase_phrase_heavy,54,0.00460406888872283,0.007353609434698649,0.032883540242352204,0.6111111111111112,0.3888888888888889,long,0.6111111111111112,0.020675635782988484
has_tariff&has_attack,113,0.003352822523533094,0.0032056319990623194,0.020916585611059153,0.5752212389380531,0.4247787610619469,long,0.5752212389380531,0.020501455753181887
sig_potus&has_exclamation,63,0.0038471086791293896,0.005873019034113858,0.024117524509745344,0.6666666666666666,0.3333333333333333,long,0.6666666666666666,0.020356985663229098
sig_potus,63,0.0038471086791293896,0.005873019034113858,0.024117524509745344,0.6666666666666666,0.3333333333333333,long,0.6666666666666666,0.020356985663229098
pre_deal&open_deal,44,0.004114537192915738,0.00546170236925303,0.017336827867374352,0.7272727272727273,0.2727272727272727,long,0.7272727272727273,0.01984927426161986
pre_tariff&has_night_post,34,0.005002205418622119,0.008199367753190856,0.01941716055481889,0.6764705882352942,0.3235294117647059,long,0.6764705882352942,0.019731036493375344
pre_action&has_night_post,47,0.0053880622545670834,0.0019714853600889537,0.03238342569041503,0.5319148936170213,0.46808510638297873,long,0.5319148936170213,0.01964824137381385
exclamation_heavy&tariff_only,56,0.004294270105540197,0.0073445648859354895,0.025517944082360595,0.6071428571428571,0.39285714285714285,long,0.6071428571428571,0.019510763345739198
posts_high&sig_potus,46,0.004121804636456003,0.007048440012671797,0.025497001261797922,0.6956521739130435,0.30434782608695654,long,0.6956521739130435,0.019447262031596725
deal_heavy&open_deal,91,0.0031017989786033327,0.006461149355127871,0.023006280358064016,0.6483516483516484,0.3516483516483517,long,0.6483516483516484,0.019184256131393504
pre_tariff&tariff_only,20,0.006123448824006406,0.007603826183384399,0.012652051617024282,0.7,0.3,long,0.7,0.019169426958107257
has_tariff&has_night_post,93,0.003233221380985315,0.006776964469725977,0.023032082813690714,0.6021505376344086,0.3978494623655914,long,0.6021505376344086,0.018775088586527662
has_tariff&has_uppercase_phrase,49,0.004526224020048508,0.003837044186759009,0.023231621577922284,0.5918367346938775,0.40816326530612246,long,0.5918367346938775,0.018751499511629532
has_attack&pre_tariff,45,0.004171643354649807,0.007329638064628163,0.01857952903746958,0.6666666666666666,0.3333333333333333,long,0.6666666666666666,0.01865615623776446
has_tariff&has_relief,23,0.005963112939618714,0.008313859763101394,0.020411358122204928,0.6521739130434783,0.34782608695652173,long,0.6521739130434783,0.01865092500841135
positive_heavy&brag_heavy,34,0.0044968502881375235,0.004031962295829472,0.013896203598978215,0.7058823529411765,0.29411764705882354,long,0.7058823529411765,0.018508883088318447
has_market_brag&has_iran,30,0.0047841768602378655,0.004792860717781067,0.0171996583837692,0.7,0.3,long,0.7,0.018342811098125633
has_market_brag&has_russia,63,0.0034628819448838137,0.00559781763632472,0.016971917750603253,0.6666666666666666,0.3333333333333333,long,0.6666666666666666,0.0183238488914765
tariff_only,59,0.004008887498423643,0.006776964469725977,0.024882725038537307,0.5932203389830508,0.4067796610169492,long,0.5932203389830508,0.018266944418254463
has_exclamation&tariff_only,59,0.004008887498423643,0.006776964469725977,0.024882725038537307,0.5932203389830508,0.4067796610169492,long,0.5932203389830508,0.018266944418254463
has_tariff&tariff_only,59,0.004008887498423643,0.006776964469725977,0.024882725038537307,0.5932203389830508,0.4067796610169492,long,0.5932203389830508,0.018266944418254463
has_positive&volume_drop,112,0.0027410646717629084,0.004396460026173998,0.024997189624004768,0.625,0.375,long,0.625,0.018130438622573866
deal_over_tariff&china_streak_3d,20,0.007879804619391001,-0.00042996749623480657,0.028461722516761618,0.5,0.5,long,0.5,0.017619778778375138
lots_of_excl&tariff_only,53,0.003984805000381574,0.007329638064628163,0.02609427988088798,0.6037735849056604,0.39622641509433965,long,0.6037735849056604,0.017515361986495007
has_positive&high_emotion,25,0.005135802807420733,0.007432038270498875,0.012783238019596823,0.68,0.32,long,0.68,0.01746172954523049
has_uppercase_phrase&volume_drop,28,0.004824504916340087,0.006636862282828893,0.03543869290665447,0.6785714285714286,0.32142857142857145,long,0.6785714285714286,0.017323168853231617
posts_high&tariff_heavy,20,0.005148355907031799,0.005598267947000912,0.017043605908403505,0.75,0.25,long,0.75,0.01726811067072854
has_russia&sig_potus,29,0.005140170449662475,0.006259778133638205,0.01569964088090405,0.6206896551724138,0.3793103448275862,long,0.6206896551724138,0.017181102418879716
tariff_heavy,22,0.004995985278153405,0.005598267947000912,0.016276091507587534,0.7272727272727273,0.2727272727272727,long,0.7272727272727273,0.017042362243270236
tariff_heavy&has_exclamation,22,0.004995985278153405,0.005598267947000912,0.016276091507587534,0.7272727272727273,0.2727272727272727,long,0.7272727272727273,0.017042362243270236
tariff_heavy&lots_of_excl,22,0.004995985278153405,0.005598267947000912,0.016276091507587534,0.7272727272727273,0.2727272727272727,long,0.7272727272727273,0.017042362243270236
has_tariff&tariff_heavy,22,0.004995985278153405,0.005598267947000912,0.016276091507587534,0.7272727272727273,0.2727272727272727,long,0.7272727272727273,0.017042362243270236
tariff_heavy&exclamation_heavy,22,0.004995985278153405,0.005598267947000912,0.016276091507587534,0.7272727272727273,0.2727272727272727,long,0.7272727272727273,0.017042362243270236
tariff_heavy&has_positive,22,0.004995985278153405,0.005598267947000912,0.016276091507587534,0.7272727272727273,0.2727272727272727,long,0.7272727272727273,0.017042362243270236
has_russia&has_night_post,175,0.0021058297889791256,0.004931191157004244,0.023080000524111712,0.6114285714285714,0.38857142857142857,long,0.6114285714285714,0.017032877313786624
has_market_brag&has_night_post,93,0.002647896200199914,0.0057061158790572275,0.023159605203888368,0.6666666666666666,0.3333333333333333,long,0.6666666666666666,0.01702359080405884
has_iran&has_russia,47,0.0037279738776442375,0.005085087257899579,0.0218141513468003,0.6595744680851063,0.3404255319148936,long,0.6595744680851063,0.01685720721697544
open_deal&has_all_caps,32,0.004765819601443788,0.001410189368637127,0.022052205755905822,0.625,0.375,long,0.625,0.016849716790463362
has_attack&tariff_only,44,0.004078947672605943,0.007554339371572905,0.021820402006397163,0.6136363636363636,0.38636363636363635,long,0.6136363636363636,0.016602961462601724
open_deal&lots_of_excl,128,0.002343709045766974,0.003948239696196398,0.020975463540109544,0.625,0.375,long,0.625,0.016572525593900798
silence_day&volume_drop,170,0.0021055917362764035,0.0035040879570712447,0.022004625978837754,0.6,0.4,long,0.6,0.01647213445380954
has_market_brag&pre_deal,44,0.00362235472586759,0.004002624048169645,0.014702622440161208,0.6818181818181818,0.3181818181818182,long,0.6818181818181818,0.0163827156590093
has_tariff&volume_spike,37,0.004735746334456386,0.0018194440505734377,0.019074948193757043,0.5675675675675675,0.43243243243243246,long,0.5675675675675675,0.01634958993191344
has_tariff&positive_heavy,121,0.0025613131743688258,0.003837044186759009,0.022026188878460445,0.5785123966942148,0.4214876033057851,long,0.5785123966942148,0.016299265655074342
posts_high&brag_heavy,29,0.004168237740486545,0.003792435099807978,0.014336860106456397,0.7241379310344828,0.27586206896551724,long,0.7241379310344828,0.01625446865326199
has_market_brag&volume_drop,22,-0.006346074636429575,-0.0031567377683373588,0.02910553743708881,0.45454545454545453,0.5454545454545454,short,0.5454545454545454,0.016235851902395466
has_positive&tariff_only,56,0.003679602085084069,0.005239828406777947,0.025409676543911887,0.5892857142857143,0.4107142857142857,long,0.5892857142857143,0.01622634787955139
posts_low&short_posts,127,0.0020845003096899187,0.004940357539053197,0.02247411019356914,0.6692913385826772,0.33070866141732286,long,0.6692913385826772,0.01572240680880766
has_russia&pre_action,35,0.004843617731601545,0.004271489491850966,0.031102703450418025,0.5428571428571428,0.45714285714285713,long,0.5428571428571428,0.015555695709737818
posts_very_high&has_market_brag,67,0.0028746873865086106,0.006891620271364696,0.023648027622251263,0.6567164179104478,0.34328358208955223,long,0.6567164179104478,0.015452754271144793
has_china&open_deal,68,0.002958604714225734,0.004773671320638884,0.02301197269548655,0.6323529411764706,0.36764705882352944,long,0.6323529411764706,0.015427691437403865
attack_heavy&sig_potus,34,0.004262155835540006,0.005167637208746023,0.01720482248501861,0.6176470588235294,0.38235294117647056,long,0.6176470588235294,0.015350027604491973
has_attack&has_market_brag,130,0.0019940335419626407,0.006083632617092549,0.022902576806253513,0.6692307692307692,0.33076923076923076,long,0.6692307692307692,0.01521528304608614
positive_heavy&has_market_brag,140,0.0019525444470025735,0.004493019147398747,0.02047577689504222,0.6285714285714286,0.37142857142857144,long,0.6285714285714286,0.014521770972990719
has_attack&all_caps_heavy,28,0.004479451733451668,0.00273793668984168,0.03203597337834756,0.6071428571428571,0.39285714285714285,long,0.6071428571428571,0.014391125717336795
exclamation_heavy&volume_drop,100,0.002193490620788342,0.00473375884273064,0.024449323054062437,0.64,0.36,long,0.64,0.01403833997304539
high_emotion&has_uppercase_phrase,26,0.0037601685467352933,0.007997264716380292,0.02729097444594724,0.7307692307692307,0.2692307692307692,long,0.7307692307692307,0.014011164734223867
has_positive&all_caps_heavy,30,0.0042250289472686164,0.00273793668984168,0.03186056552004666,0.6,0.4,long,0.6,0.013884861963187957
has_tariff&has_deal,86,0.0025855419023771446,0.0030785484467954483,0.0224114778764835,0.5697674418604651,0.43023255813953487,long,0.5697674418604651,0.013661501524784047
has_market_brag&deal_only,54,0.0028525719598988695,0.004031962295829472,0.018743933399157107,0.6481481481481481,0.35185185185185186,long,0.6481481481481481,0.013586505637295089
open_deal&exclamation_heavy,133,0.0018572204847768464,0.004177470274257855,0.021826442053400587,0.6240601503759399,0.37593984962406013,long,0.6240601503759399,0.013366439503021708
open_deal&has_uppercase_phrase,61,0.0028031913611110556,0.0027050286967376103,0.021485630736977287,0.6065573770491803,0.39344262295081966,long,0.6065573770491803,0.013279739402065777
has_relief&volume_spike,21,0.004305518830257353,0.0032679477030372883,0.03988700328530164,0.6666666666666666,0.3333333333333333,long,0.6666666666666666,0.013153577297141361
positive_heavy&all_caps_heavy,28,0.0043312498227991115,0.0025780861973693225,0.03301324050936638,0.5714285714285714,0.42857142857142855,long,0.5714285714285714,0.013096468453964599
posts_high&has_tariff,90,0.0024196664495736765,0.0034623205585986305,0.02193805074441262,0.5666666666666667,0.43333333333333335,long,0.5666666666666667,0.013007817169527817
open_deal,137,0.0017785377540798753,0.004177470274257855,0.021788181749207748,0.6204379562043796,0.3795620437956204,long,0.6204379562043796,0.012915812472760343
has_deal&open_deal,137,0.0017785377540798753,0.004177470274257855,0.021788181749207748,0.6204379562043796,0.3795620437956204,long,0.6204379562043796,0.012915812472760343
open_deal&has_exclamation,137,0.0017785377540798753,0.004177470274257855,0.021788181749207748,0.6204379562043796,0.3795620437956204,long,0.6204379562043796,0.012915812472760343
has_tariff&has_market_brag,32,0.0035393441851202384,0.005488243552418504,0.01876346031830612,0.625,0.375,long,0.625,0.012513471371258479
deal_only&volume_drop,21,0.00426619048509395,0.0028479373159067123,0.021621654433399234,0.6190476190476191,0.38095238095238093,long,0.6190476190476191,0.012102468131026866
deal_over_tariff&volume_drop,21,0.00426619048509395,0.0028479373159067123,0.021621654433399234,0.6190476190476191,0.38095238095238093,long,0.6190476190476191,0.012102468131026866
has_positive&open_deal,131,0.001708886940118707,0.0037190091181349416,0.021938108699436545,0.6183206106870229,0.3816793893129771,long,0.6183206106870229,0.01209379776084994
open_tariff&exclamation_heavy,55,0.002978937504636391,0.0021993325739138037,0.029423301736433684,0.5454545454545454,0.45454545454545453,long,0.5454545454545454,0.012050395535474689
posts_high&pre_tariff,35,0.0030874945215144224,0.0032056319990623194,0.02018707121832058,0.6571428571428571,0.34285714285714286,long,0.6571428571428571,0.012003282004020939
has_tariff&open_tariff,57,0.002851528891315271,0.0008040878274619967,0.02890228109678082,0.543859649122807,0.45614035087719296,long,0.543859649122807,0.011708521079323951
open_tariff&has_exclamation,57,0.002851528891315271,0.0008040878274619967,0.02890228109678082,0.543859649122807,0.45614035087719296,long,0.543859649122807,0.011708521079323951
open_tariff,57,0.002851528891315271,0.0008040878274619967,0.02890228109678082,0.543859649122807,0.45614035087719296,long,0.543859649122807,0.011708521079323951
open_deal&deal_over_tariff,123,0.0016718712938848998,0.0037190091181349416,0.02178276189981536,0.6260162601626016,0.37398373983739835,long,0.6260162601626016,0.01160756195651487
posts_high&has_market_brag,112,0.0016774212374236486,0.0051972279247984865,0.022474790584657324,0.6517857142857143,0.3482142857142857,long,0.6517857142857143,0.011570602820816003
has_night_post&all_caps_heavy,26,0.003923584940866856,0.0006928900889725531,0.032891561183088724,0.5769230769230769,0.4230769230769231,long,0.5769230769230769,0.01154217471733782
short_posts&volume_drop,83,0.0020208771691540756,0.002937786745572657,0.02160783291835825,0.6265060240963856,0.37349397590361444,long,0.6265060240963856,0.011534644524117385
has_night_post&tariff_only,35,0.003079991792950887,0.00796983055129652,0.023488487887102425,0.6285714285714286,0.37142857142857144,long,0.6285714285714286,0.011453499940701958
has_positive&open_tariff,55,0.0027926201616271028,0.0008040878274619967,0.02940367536497394,0.5454545454545454,0.45454545454545453,long,0.5454545454545454,0.011296704773286417
has_action&has_russia,74,0.0023672920228344175,0.0032293818446943456,0.026614208582290112,0.5405405405405406,0.4594594594594595,long,0.5405405405405406,0.011007684314863223
has_china&all_caps_heavy,22,0.004227450259761168,0.00036526311222362384,0.03576394153539622,0.5454545454545454,0.45454545454545453,long,0.5454545454545454,0.01081554508486551
sig_potus&has_uppercase_phrase,34,0.002586538027896503,0.005599821850739484,0.02985639325863244,0.6764705882352942,0.3235294117647059,long,0.6764705882352942,0.010202515080635544
open_deal&has_night_post,81,0.0017758279194338754,0.00441038933147464,0.02299282378703435,0.6172839506172839,0.38271604938271603,long,0.6172839506172839,0.00986571066352153
high_emotion&has_exclamation,44,0.0021555110422875434,0.006961844133721362,0.023010983784276642,0.6818181818181818,0.3181818181818182,long,0.6818181818181818,0.009748665489185009
has_russia&pre_tariff,27,0.0027672601298712905,0.008983628410616618,0.01913611341804001,0.6666666666666666,0.3333333333333333,long,0.6666666666666666,0.00958607028539345
has_attack&tariff_rising,25,0.003626367442609193,0.001166366494351978,0.017978205890467395,0.52,0.48,long,0.52,0.009428555350783902
has_night_post&volume_drop,40,0.0022917679166876786,0.00500139312035075,0.02581196203587642,0.65,0.35,long,0.65,0.009421368430801696
posts_low&has_uppercase_phrase,26,0.002177639619067349,0.007346265753332082,0.02968377915827947,0.8076923076923077,0.19230769230769232,long,0.8076923076923077,0.00896847558212079
has_russia&open_deal,57,0.0018581100723370218,0.004462255383378189,0.017968516298631127,0.631578947368421,0.3684210526315789,long,0.631578947368421,0.008860056889675876
has_tariff&has_china,86,0.0016769591121988262,0.00299043907972274,0.022950866375070055,0.5581395348837209,0.4418604651162791,long,0.5581395348837209,0.008679895277624422
has_russia&open_tariff,20,-0.003780819293463372,-0.0016082413330778533,0.023876569373809383,0.5,0.5,short,0.5,0.008454168950826827
lots_of_excl&volume_drop,65,0.0015480063732989217,0.0028479373159067123,0.026981604792120473,0.6461538461538462,0.35384615384615387,long,0.6461538461538462,0.008064275505490465
positive_heavy&open_deal,111,0.001222425358786694,0.0030262146763571085,0.02171465438069894,0.6036036036036037,0.3963963963963964,long,0.6036036036036037,0.007773841183470154
attack_heavy&china_streak_3d,24,0.003406111067612872,-0.0039749645126708755,0.02030294300414317,0.4583333333333333,0.5416666666666666,long,0.4583333333333333,0.007647964612656491
has_action&has_all_caps,53,0.0019718421296778003,0.001645519072723367,0.0332304741967576,0.5283018867924528,0.4716981132075472,long,0.5283018867924528,0.007583893714609146
sig_potus&short_posts,30,0.0022433326472561578,0.004539325516588089,0.030065609801023456,0.6,0.4,long,0.6,0.007372343369339864
has_china&volume_drop,27,-0.0030316463153315354,0.001744500314364572,0.03270340875124679,0.5555555555555556,0.4444444444444444,short,0.4444444444444444,0.007001287264977596
has_attack&volume_drop,52,0.0015035496416855693,0.0027764830063221613,0.02779365014568121,0.6346153846153846,0.36538461538461536,long,0.6346153846153846,0.0068806590705382045
has_market_brag&exclamation_heavy,175,0.0008331872951404844,0.004251722567792271,0.02166509576691444,0.6228571428571429,0.37714285714285717,long,0.6228571428571429,0.006865151292981495
has_attack&open_tariff,43,0.0019177843187190497,0.0004416235917921174,0.023823246064271074,0.5116279069767442,0.4883720930232558,long,0.5116279069767442,0.006434106069840753
posts_very_high&open_tariff,21,0.002658240129769631,0.0004416235917921174,0.021367004734595792,0.5238095238095238,0.47619047619047616,long,0.5238095238095238,0.006380831081448774
posts_low&has_night_post,23,0.002149518471437068,0.0018194440505734377,0.021494437146892444,0.6086956521739131,0.391304347826087,long,0.6086956521739131,0.00627487818407183
has_market_brag,177,0.0007593542164603445,0.003792435099807978,0.021552778342394104,0.615819209039548,0.384180790960452,long,0.615819209039548,0.006221344829080839
has_market_brag&has_exclamation,177,0.0007593542164603445,0.003792435099807978,0.021552778342394104,0.615819209039548,0.384180790960452,long,0.615819209039548,0.006221344829080839
has_action&uppercase_phrase_heavy,25,0.002814968561505329,-0.0036128716230918734,0.0353412457333296,0.44,0.56,long,0.44,0.006192930835311724
has_deal&volume_drop,22,0.0022155981982284693,0.0027764830063221613,0.02318927900950964,0.5909090909090909,0.4090909090909091,long,0.5909090909090909,0.0061407725992406225
has_relief&has_all_caps,29,0.002165678415051105,0.0002889026326551303,0.03426570311804641,0.5172413793103449,0.4827586206896552,long,0.5172413793103449,0.006032345784984849
has_china&tariff_rising,25,-0.002230795046590037,-0.004458898867161887,0.026446353950802092,0.48,0.52,short,0.52,0.0058000671211340974
has_positive&has_market_brag,173,0.0006783261046579382,0.003792435099807978,0.021770713414834112,0.6127167630057804,0.3872832369942196,long,0.6127167630057804,0.005466650946452203
positive_heavy&open_tariff,44,0.0013300997628353593,0.00045821333842643863,0.025211116346569536,0.5227272727272727,0.4772727272727273,long,0.5227272727272727,0.0046119619310231175
has_action&has_market_brag,40,-0.0015789283394437748,0.0036167719987509894,0.025645478810968503,0.55,0.45,short,0.45,0.004493708833346825
deal_heavy&tariff_rising,21,-0.001867382837891684,-0.004458898867161887,0.02762910600730892,0.47619047619047616,0.5238095238095238,short,0.5238095238095238,0.004482459774623858
has_market_brag&lots_of_excl,164,0.0005569777573068004,0.0042616060298216185,0.022109524614911558,0.6280487804878049,0.3719512195121951,long,0.6280487804878049,0.004479743549814427
lots_of_excl&tariff_rising,32,0.0015648926797832696,0.0002640869684432112,0.02384929256828317,0.5,0.5,long,0.5,0.004426184902815754
positive_heavy&tariff_only,44,0.0011149185092986134,0.00705330126717707,0.023889711613068618,0.5681818181818182,0.4318181818181818,long,0.5681818181818182,0.00420200723541576
has_deal&tariff_rising,24,0.0014089928931441027,0.0028143109388650833,0.027343079127123793,0.5416666666666666,0.4583333333333333,long,0.5416666666666666,0.0037389231093617795
has_china&open_tariff,37,-0.001238155964998982,0.00047480308506075986,0.028854126230188352,0.5405405405405406,0.4594594594594595,short,0.4594594594594595,0.0034603769751226413
has_tariff&has_russia,58,0.0008169136345420602,0.004118989718524202,0.020847458951083985,0.5517241379310345,0.4482758620689655,long,0.5517241379310345,0.003432512489798047
has_relief&open_deal,26,0.0010261303714826577,0.003493478410586115,0.02265109544864886,0.6153846153846154,0.38461538461538464,long,0.6153846153846154,0.0032198515616494064
all_caps_heavy&has_uppercase_phrase,30,0.0010360352353678936,0.0006928900889725531,0.03839138503690968,0.5666666666666667,0.43333333333333335,long,0.5666666666666667,0.0032156059230932935
posts_very_high&pre_tariff,23,0.0010508834233010247,0.0032056319990623194,0.022119834840152494,0.6086956521739131,0.391304347826087,long,0.6086956521739131,0.0030677407775266848
open_tariff&has_night_post,32,-0.0010618538645598488,-7.590450789890513e-05,0.027650619443130766,0.5,0.5,short,0.5,0.0030033762730376436
has_market_brag&volume_spike,46,-0.0009595078297789842,0.0014463919179046325,0.024329059660791866,0.5434782608695652,0.45652173913043476,short,0.45652173913043476,0.002970905938739623
posts_very_high&sig_potus,29,0.0008840448327883703,0.004462255383378189,0.02987582927856031,0.6206896551724138,0.3793103448275862,long,0.6206896551724138,0.0029549340753896106
all_caps_heavy&uppercase_phrase_heavy,21,0.0009449561687468492,0.004714548802946528,0.044897568718505386,0.5714285714285714,0.42857142857142855,long,0.5714285714285714,0.0024744760981130856
high_emotion&volume_spike,27,-0.0014215495188615766,0.007175145880109479,0.029918736147764125,0.6666666666666666,0.3333333333333333,short,0.3333333333333333,0.0024621959921433427
sig_potus&has_all_caps,23,-0.0012742014633461043,0.0032056319990623194,0.033237796755889386,0.6086956521739131,0.391304347826087,short,0.391304347826087,0.0023912043436825213
high_emotion,72,0.0004238121425952214,0.005414107894043174,0.02555323156496403,0.6527777777777778,0.3472222222222222,long,0.6527777777777778,0.0023474967798298683
deal_heavy&open_tariff,22,-0.0010656833788844583,0.00045821333842643863,0.030347640459675376,0.5454545454545454,0.45454545454545453,short,0.45454545454545453,0.002272044597864339
has_deal&open_tariff,38,0.0006183598531550477,0.0013370678294872818,0.025702614164898118,0.5526315789473685,0.4473684210526316,long,0.5526315789473685,0.002106535497129451
posts_very_high&all_caps_heavy,26,-0.0008822958073354153,0.00036526311222362384,0.04235399893470882,0.5384615384615384,0.46153846153846156,short,0.46153846153846156,0.0020763893253989457
has_night_post&tariff_rising,23,0.000823941524105698,0.001166366494351978,0.022939861400219908,0.5217391304347826,0.4782608695652174,long,0.5217391304347826,0.0020616442093943127
has_market_brag&has_china,70,-0.0005263203291323714,0.003470344510082435,0.025773272949469905,0.6,0.4,short,0.4,0.0017614047221492528
has_relief&has_market_brag,25,-0.000975973045505949,0.0037190091181349416,0.02980385327899167,0.64,0.36,short,0.36,0.0017567514819107084
posts_low&high_emotion,58,-0.0005706110850855637,0.005414107894043174,0.027511863284898616,0.6724137931034483,0.3275862068965517,short,0.3275862068965517,0.0014235732165232189
open_tariff&open_deal,23,-0.0006587004264312792,0.00047480308506075986,0.02921948698957726,0.5652173913043478,0.43478260869565216,short,0.43478260869565216,0.0013734853345646345
positive_heavy&tariff_rising,29,-0.00046990588615413126,-0.0006381925574655556,0.02361466022390983,0.4827586206896552,0.5172413793103449,short,0.5172413793103449,0.0013088899866116797
open_deal&deal_only,94,0.0002231616303895409,0.003349491054655873,0.02012016719206783,0.5957446808510638,0.40425531914893614,long,0.5957446808510638,0.0012889724228277372
high_emotion&short_posts,60,-0.0004467258680112144,0.004952684599322077,0.027652070149667998,0.6333333333333333,0.36666666666666664,short,0.36666666666666664,0.0012687853545601565
exclamation_heavy&tariff_rising,33,-0.00040850791390426613,-0.0006381925574655556,0.026067725911303023,0.48484848484848486,0.5151515151515151,short,0.5151515151515151,0.0012089057015607135
tariff_rising,33,-0.00040850791390426613,-0.0006381925574655556,0.026067725911303023,0.48484848484848486,0.5151515151515151,short,0.5151515151515151,0.0012089057015607135
has_tariff&tariff_rising,33,-0.00040850791390426613,-0.0006381925574655556,0.026067725911303023,0.48484848484848486,0.5151515151515151,short,0.5151515151515151,0.0012089057015607135
has_exclamation&tariff_rising,33,-0.00040850791390426613,-0.0006381925574655556,0.026067725911303023,0.48484848484848486,0.5151515151515151,short,0.5151515151515151,0.0012089057015607135
has_positive&tariff_rising,33,-0.00040850791390426613,-0.0006381925574655556,0.026067725911303023,0.48484848484848486,0.5151515151515151,short,0.5151515151515151,0.0012089057015607135
has_china&tariff_only,22,0.00041377512718384935,0.005267635031845241,0.024586785607737263,0.5909090909090909,0.4090909090909091,long,0.5909090909090909,0.0011468229958344965
posts_high&open_tariff,33,-0.0003663265933231879,0.0004416235917921174,0.026673775498669536,0.5151515151515151,0.48484848484848486,short,0.48484848484848486,0.0010203083948789877
has_market_brag&short_posts,88,0.0001881754607142597,0.0033839790610372678,0.02284564027037051,0.5681818181818182,0.4318181818181818,long,0.5681818181818182,0.00100297857562068
posts_low&volume_spike,43,0.00017805667067377498,0.005354183327412443,0.026280504556236026,0.6511627906976745,0.3488372093023256,long,0.6511627906976745,0.0007602948560461549
posts_high&tariff_only,26,0.00027445845401301826,0.004991298234394148,0.023196491347364998,0.5384615384615384,0.46153846153846156,long,0.5384615384615384,0.0007535602375984781
posts_high&all_caps_heavy,31,-0.00022419764462881572,0.0004416235917921174,0.03879308986671623,0.5483870967741935,0.45161290322580644,short,0.45161290322580644,0.0005637391994814998
all_caps_heavy&short_posts,26,0.00014646848261323786,0.00462313279823845,0.0424277177245404,0.5769230769230769,0.4230769230769231,long,0.5769230769230769,0.0004308724909449377
has_market_brag&has_all_caps,48,-9.462448542953601e-05,0.003384914677205919,0.02333429462863241,0.5833333333333334,0.4166666666666667,short,0.4166666666666667,0.00027315736067336216
has_market_brag&has_uppercase_phrase,67,5.702362719704819e-05,0.0033017418829868195,0.026342084599786573,0.5671641791044776,0.43283582089552236,long,0.5671641791044776,0.00026472870429408994
all_caps_heavy,32,-7.557531843634113e-05,0.0006928900889725531,0.03817152566917614,0.5625,0.4375,short,0.4375,0.00018703937054834332
all_caps_heavy&lots_of_excl,32,-7.557531843634113e-05,0.0006928900889725531,0.03817152566917614,0.5625,0.4375,short,0.4375,0.00018703937054834332
has_all_caps&all_caps_heavy,32,-7.557531843634113e-05,0.0006928900889725531,0.03817152566917614,0.5625,0.4375,short,0.4375,0.00018703937054834332
all_caps_heavy&exclamation_heavy,32,-7.557531843634113e-05,0.0006928900889725531,0.03817152566917614,0.5625,0.4375,short,0.4375,0.00018703937054834332
all_caps_heavy&has_exclamation,32,-7.557531843634113e-05,0.0006928900889725531,0.03817152566917614,0.5625,0.4375,short,0.4375,0.00018703937054834332
positive_heavy&volume_drop,39,4.908537180372029e-05,0.002454846883059636,0.021823488685534465,0.5897435897435898,0.41025641025641024,long,0.5897435897435898,0.0001807788492126182
has_tariff&has_action,40,-4.0156612130332056e-06,0.003115923337709714,0.027074688590780892,0.525,0.475,short,0.475,1.2063703957540583e-05
