event,n,mean_ret,median_ret,std,hit_up,hit_down,direction,directional_hit,score
silence_day,211,0.03140634694077463,0.008891055150836547,0.09370107876901186,0.5388349514563107,0.44660194174757284,long,0.5388349514563107,0.24581841270459542
posts_low&silence_day,211,0.03140634694077463,0.008891055150836547,0.09370107876901186,0.5388349514563107,0.44660194174757284,long,0.5388349514563107,0.24581841270459542
posts_very_high&positive_heavy,215,0.020046852560775815,0.015837019525044793,0.05701141374554909,0.627906976744186,0.3488372093023256,long,0.627906976744186,0.18456983960375165
posts_very_high&has_night_post,226,0.019122302509161367,0.015771878375656856,0.05691391465616013,0.6238938053097345,0.35398230088495575,long,0.6238938053097345,0.17935152650024277
has_positive&short_posts,444,0.01465656510355656,0.01051293165335665,0.05369410971306714,0.5698198198198198,0.4144144144144144,long,0.5698198198198198,0.1759791588725932
posts_very_high&has_attack,208,0.0195964539772794,0.015771878375656856,0.057476718514745694,0.6201923076923077,0.3557692307692308,long,0.6201923076923077,0.1752812794725633
posts_very_high,229,0.01838283769549446,0.01570673722626892,0.057570797579858654,0.6200873362445415,0.35807860262008734,long,0.6200873362445415,0.17249763931228196
posts_very_high&has_exclamation,229,0.01838283769549446,0.01570673722626892,0.057570797579858654,0.6200873362445415,0.35807860262008734,long,0.6200873362445415,0.17249763931228196
posts_very_high&exclamation_heavy,229,0.01838283769549446,0.01570673722626892,0.057570797579858654,0.6200873362445415,0.35807860262008734,long,0.6200873362445415,0.17249763931228196
posts_high&posts_very_high,229,0.01838283769549446,0.01570673722626892,0.057570797579858654,0.6200873362445415,0.35807860262008734,long,0.6200873362445415,0.17249763931228196
posts_very_high&has_positive,229,0.01838283769549446,0.01570673722626892,0.057570797579858654,0.6200873362445415,0.35807860262008734,long,0.6200873362445415,0.17249763931228196
posts_very_high&lots_of_excl,227,0.01820514978730399,0.01538468397155901,0.05778936633592472,0.6167400881057269,0.36123348017621143,long,0.6167400881057269,0.16916455227004104
has_attack&short_posts,306,0.01669055426166246,0.011232249412576945,0.05611181214115419,0.5751633986928104,0.40522875816993464,long,0.5751633986928104,0.16792784454567045
posts_low,394,0.016874998763970157,0.0033223109545121865,0.07826133736635234,0.5012853470437018,0.4832904884318766,long,0.5012853470437018,0.16791011947392923
has_night_post&short_posts,458,0.013707830429287533,0.009026830041895861,0.05412368167075518,0.5633187772925764,0.4148471615720524,long,0.5633187772925764,0.16525541167376176
has_exclamation&short_posts,491,0.013274497640239196,0.008862455198670238,0.053581430553395676,0.5560081466395111,0.42362525458248473,long,0.5560081466395111,0.16354602597497517
lots_of_excl&short_posts,373,0.014713845250312912,0.01058211974353851,0.05571687084139671,0.5683646112600537,0.4128686327077748,long,0.5683646112600537,0.1615130540022776
posts_very_high&has_deal,134,0.021707598214048805,0.01620727915355369,0.05951344744080716,0.6417910447761194,0.34328358208955223,long,0.6417910447761194,0.16127157475397852
has_attack&has_night_post,574,0.011821367017672266,0.007955469491514044,0.052647742212710444,0.5662020905923345,0.4146341463414634,long,0.5662020905923345,0.1603596559671795
posts_very_high&has_russia,117,0.02184832596344115,0.019230615301893295,0.05143736381608107,0.6666666666666666,0.3162393162393162,long,0.6666666666666666,0.15755051908847648
has_positive&has_night_post,782,0.009961985740722051,0.007175054985212981,0.05240755321165682,0.5652173913043478,0.42071611253196933,long,0.5652173913043478,0.15745802819301127
exclamation_heavy&short_posts,424,0.013614238068380354,0.009290445290076055,0.05352352701674836,0.5613207547169812,0.41745283018867924,long,0.5613207547169812,0.15735747185474852
has_night_post&has_exclamation,828,0.009542133099505232,0.006602319926957145,0.052244626929633026,0.5591787439613527,0.42391304347826086,long,0.5591787439613527,0.1535363785402253
has_attack&lots_of_excl,579,0.011404619233787733,0.006791146139936366,0.05341070561366887,0.5561312607944733,0.42487046632124353,long,0.5561312607944733,0.15261505582903873
has_positive,877,0.009258043857449695,0.006493482734830636,0.05244905210575948,0.556442417331813,0.4298745724059293,long,0.556442417331813,0.15255950085830125
has_attack&exclamation_heavy,608,0.011016633214359153,0.006488183668967973,0.052632577148245374,0.5575657894736842,0.4243421052631579,long,0.5575657894736842,0.15145959769529724
has_night_post,855,0.009316949699384224,0.005706023069362187,0.05216818483151195,0.5555555555555556,0.4269005847953216,long,0.5555555555555556,0.15135065440137954
posts_very_high&deal_over_tariff,117,0.021692165823748593,0.016746428033124428,0.05968227083801194,0.6410256410256411,0.3418803418803419,long,0.6410256410256411,0.15040810798729445
has_positive&has_exclamation,870,0.009152278886134922,0.006488183668967973,0.0524644664262009,0.5563218390804597,0.4298850574712644,long,0.5563218390804597,0.1501809961610674
short_posts,545,0.011794707779043475,0.006791146139936366,0.05333545707082966,0.544954128440367,0.43302752293577984,long,0.544954128440367,0.15005324218814245
posts_very_high&short_posts,159,0.019645447826766547,0.014577226926154152,0.0632187347142071,0.6037735849056604,0.3710691823899371,long,0.6037735849056604,0.14956659409113868
has_attack,625,0.010662884640300657,0.005706023069362187,0.05256523918605318,0.5552,0.4272,long,0.5552,0.1480008388073731
has_attack&has_exclamation,625,0.010662884640300657,0.005706023069362187,0.05256523918605318,0.5552,0.4272,long,0.5552,0.1480008388073731
posts_high&has_attack,349,0.013401013951201052,0.01058211974353851,0.056013059108058885,0.5759312320916905,0.3982808022922636,long,0.5759312320916905,0.14418530593254247
has_night_post&exclamation_heavy,763,0.009396079956007563,0.005607318644072601,0.05213338317370827,0.5543905635648755,0.42857142857142855,long,0.5543905635648755,0.1438880749040401
has_attack&positive_heavy,470,0.011760913437369796,0.007955469491514044,0.05437431337529686,0.5617021276595745,0.41702127659574467,long,0.5617021276595745,0.14321748778787877
has_exclamation,941,0.008516873409695381,0.00549442293616087,0.052415039605878934,0.5462274176408076,0.43783209351753455,long,0.5462274176408076,0.14270805906417308
has_attack&has_positive,604,0.010351546053174353,0.006488183668967973,0.0524973991813224,0.5579470198675497,0.42549668874172186,long,0.5579470198675497,0.14194387273841771
posts_high&positive_heavy,368,0.012811953106320056,0.00998437506917893,0.05653582845485983,0.5760869565217391,0.3967391304347826,long,0.5760869565217391,0.1415882754292254
has_night_post&lots_of_excl,700,0.009613570162711877,0.00544153060342456,0.05327054134970087,0.5514285714285714,0.43142857142857144,long,0.5514285714285714,0.14025649603906373
positive_heavy&has_night_post,575,0.010356638197804807,0.00648288460310531,0.053620306979683036,0.5617391304347826,0.4191304347826087,long,0.5617391304347826,0.13950423911389867
positive_heavy&short_posts,285,0.014695419105037697,0.008862455198670238,0.0566712319240544,0.5614035087719298,0.41403508771929826,long,0.5614035087719298,0.1392770402410977
posts_very_high&deal_only,95,0.022622892158991024,0.015931513360075034,0.060825184763909135,0.631578947368421,0.35789473684210527,long,0.631578947368421,0.13926358570009056
positive_heavy&has_all_caps,148,0.018616980183072375,0.01097289551621361,0.05718124476984269,0.6148648648648649,0.3716216216216216,long,0.6148648648648649,0.13925787733953568
exclamation_heavy,834,0.00873533405003692,0.005550870790116735,0.0521186303769439,0.5503597122302158,0.43285371702637887,long,0.5503597122302158,0.13883826498961302
has_exclamation&exclamation_heavy,834,0.00873533405003692,0.005550870790116735,0.0521186303769439,0.5503597122302158,0.43285371702637887,long,0.5503597122302158,0.13883826498961302
attack_heavy&has_russia,145,0.018093721949729986,0.01932366025010457,0.04917501405662676,0.6344827586206897,0.3448275862068966,long,0.6344827586206897,0.13823936759230365
exclamation_heavy&lots_of_excl,753,0.009141330630102177,0.00549442293616087,0.05343544165748655,0.549800796812749,0.4342629482071713,long,0.549800796812749,0.13791524336493977
lots_of_excl,756,0.00906962817178374,0.00548309799582769,0.05349199161455009,0.548941798941799,0.4351851851851852,long,0.548941798941799,0.1368915628036168
has_exclamation&lots_of_excl,756,0.00906962817178374,0.00548309799582769,0.05349199161455009,0.548941798941799,0.4351851851851852,long,0.548941798941799,0.1368915628036168
has_attack&has_all_caps,148,0.018350541288358488,0.014472505698820637,0.05607558677307958,0.6081081081081081,0.3783783783783784,long,0.6081081081081081,0.13575646819400766
posts_high&has_positive,403,0.011869628529570454,0.009191204885121484,0.056838303980405465,0.5682382133995038,0.40694789081885857,long,0.5682382133995038,0.13540044348141336
positive_heavy&lots_of_excl,587,0.009979578425414809,0.006493482734830636,0.05454768490151651,0.5587734241908007,0.42248722316865417,long,0.5587734241908007,0.13510362086263425
has_positive&exclamation_heavy,803,0.008564863214248278,0.005689834469044142,0.05224187150462061,0.5529265255292652,0.43212951432129515,long,0.5529265255292652,0.1341978719074114
posts_high&has_russia,171,0.016816397534373213,0.015837019525044793,0.052284977316520896,0.6081871345029239,0.3742690058479532,long,0.6081871345029239,0.13374213428878765
has_positive&lots_of_excl,735,0.00885910638287241,0.00549442293616087,0.05343396855624981,0.5496598639455782,0.43537414965986393,long,0.5496598639455782,0.13201631694467092
posts_high&short_posts,236,0.015248429266479374,0.010867285481317768,0.06040820072538351,0.5635593220338984,0.4110169491525424,long,0.5635593220338984,0.13201423062467632
posts_high,405,0.011555594350374171,0.009090978010073858,0.05688015670373116,0.5654320987654321,0.40987654320987654,long,0.5654320987654321,0.13149228083816578
posts_high&has_exclamation,405,0.011555594350374171,0.009090978010073858,0.05688015670373116,0.5654320987654321,0.40987654320987654,long,0.5654320987654321,0.13149228083816578
posts_high&exclamation_heavy,405,0.011555594350374171,0.009090978010073858,0.05688015670373116,0.5654320987654321,0.40987654320987654,long,0.5654320987654321,0.13149228083816578
posts_high&has_night_post,396,0.01164138483556178,0.008976716604372048,0.05660829182910596,0.5656565656565656,0.4090909090909091,long,0.5656565656565656,0.131040358195317
posts_very_high&volume_spike,83,0.021209360987696282,0.020588256897426938,0.051994499734424375,0.6746987951807228,0.2891566265060241,long,0.6746987951807228,0.13036966956544666
posts_very_high&deal_heavy,75,0.0234981178718799,0.017377505907837154,0.06311023488009934,0.64,0.3333333333333333,long,0.64,0.1302397889162824
positive_heavy&has_exclamation,609,0.009505058600870406,0.005706023069362187,0.05396844361784823,0.555008210180624,0.42528735632183906,long,0.555008210180624,0.1301855711297393
has_positive&positive_heavy,609,0.009505058600870406,0.005706023069362187,0.05396844361784823,0.555008210180624,0.42528735632183906,long,0.555008210180624,0.1301855711297393
positive_heavy,609,0.009505058600870406,0.005706023069362187,0.05396844361784823,0.555008210180624,0.42528735632183906,long,0.555008210180624,0.1301855711297393
posts_very_high&has_action,99,0.02119894446454789,0.018394652559322155,0.05795425368527617,0.6161616161616161,0.35353535353535354,long,0.6161616161616161,0.12996501906574853
deal_only&volume_spike,55,0.024692056294157466,0.016393382052057426,0.0442748814824577,0.7090909090909091,0.2727272727272727,long,0.7090909090909091,0.12984957146815362
positive_heavy&exclamation_heavy,604,0.009494536950324355,0.005656670856717394,0.05417433882020298,0.554635761589404,0.42549668874172186,long,0.554635761589404,0.1294196219084672
has_deal&short_posts,171,0.01713453879942614,0.008620665560614471,0.058655589347751474,0.5730994152046783,0.4093567251461988,long,0.5730994152046783,0.12841047124466276
has_deal&has_night_post,325,0.012254832548891294,0.00797446014943115,0.05335533898505527,0.5784615384615385,0.40923076923076923,long,0.5784615384615385,0.12779785076805372
has_attack&deal_over_tariff,233,0.014341599254841532,0.011152451219097026,0.05461253417579245,0.5836909871244635,0.4034334763948498,long,0.5836909871244635,0.1277787192393238
posts_high&lots_of_excl,402,0.011249427226205764,0.008741560379642355,0.056953059378917384,0.5621890547263682,0.4129353233830846,long,0.5621890547263682,0.12680191812924116
has_russia&deal_only,94,0.021873927579423285,0.015541609704057824,0.05107469289301175,0.5957446808510638,0.39361702127659576,long,0.5957446808510638,0.1263429084094428
has_attack&deal_only,199,0.015376137251971784,0.011152451219097026,0.0553801409617514,0.5778894472361809,0.4120603015075377,long,0.5778894472361809,0.12534832909084018
has_russia&deal_over_tariff,113,0.019841533168135823,0.015931513360075034,0.05209480121728255,0.5929203539823009,0.39823008849557523,long,0.5929203539823009,0.12505780689033758
has_deal&has_attack,265,0.013285265728505828,0.008620665560614471,0.0546223176470664,0.5773584905660377,0.41132075471698115,long,0.5773584905660377,0.12486443010179739
posts_very_high&pre_deal,74,0.021971181876385568,0.016050059639163172,0.05999779573878447,0.6486486486486487,0.33783783783783783,long,0.6486486486486487,0.12259670464995931
posts_very_high&has_china,134,0.016883007333637432,0.01360934740252473,0.056149667897991015,0.6268656716417911,0.3582089552238806,long,0.6268656716417911,0.12251145450085858
positive_heavy&has_uppercase_phrase,229,0.013347935125751425,0.011107276987543102,0.05834426912424764,0.6026200873362445,0.36681222707423583,long,0.6026200873362445,0.12172378056094857
has_russia&short_posts,143,0.017667108012283682,0.015151706048040614,0.05371201425517913,0.5734265734265734,0.4125874125874126,long,0.5734265734265734,0.12114661890467678
has_russia&has_uppercase_phrase,111,0.018749122295368473,0.01538468397155901,0.057413931719465836,0.6036036036036037,0.36936936936936937,long,0.6036036036036037,0.1192323915779359
has_deal&has_russia,132,0.01762392606521655,0.011625407610945881,0.05219502447404103,0.5833333333333334,0.4090909090909091,long,0.5833333333333334,0.11811537191952275
posts_very_high&has_uppercase_phrase,130,0.01677680196296704,0.014265340194261178,0.05778993129352523,0.6153846153846154,0.36153846153846153,long,0.6153846153846154,0.1177138295995692
has_night_post&deal_over_tariff,285,0.012130927728714878,0.00796169123288859,0.05346492396670683,0.5719298245614035,0.41403508771929826,long,0.5719298245614035,0.1171275852483789
has_action&has_attack,151,0.016081457383691673,0.012047987396164306,0.05604838043421312,0.5894039735099338,0.3708609271523179,long,0.5894039735099338,0.1164734493297099
has_night_post&deal_only,245,0.013183558362777513,0.008230609549636725,0.053600098084871796,0.563265306122449,0.42448979591836733,long,0.563265306122449,0.1162327974417679
has_action&positive_heavy,155,0.015600681735791577,0.01158932106135735,0.05439301875096281,0.5935483870967742,0.36774193548387096,long,0.5935483870967742,0.11528307585104464
has_positive&has_china,291,0.011496558062087103,0.009389685695030625,0.053539244524238215,0.5876288659793815,0.3917525773195876,long,0.5876288659793815,0.11524376890769364
has_russia&has_night_post,269,0.01247024747012823,0.008620665560614471,0.05047542179535637,0.5613382899628253,0.42379182156133827,long,0.5613382899628253,0.11480898550223712
short_posts&deal_only,148,0.016622945091610514,0.006968316309499456,0.05661667188382564,0.5675675675675675,0.4189189189189189,long,0.5675675675675675,0.11477740424191978
has_attack&has_russia,251,0.012712263318781395,0.010326866137035706,0.05064108992833394,0.5697211155378487,0.41434262948207173,long,0.5697211155378487,0.1147419052425406
has_china,299,0.011263343837469254,0.009191204885121484,0.05299888761471991,0.5852842809364549,0.39464882943143814,long,0.5852842809364549,0.11399079868887205
has_china&has_exclamation,299,0.011263343837469254,0.009191204885121484,0.05299888761471991,0.5852842809364549,0.39464882943143814,long,0.5852842809364549,0.11399079868887205
has_russia&has_exclamation,288,0.011704985869074081,0.00897661397069982,0.05086019579959144,0.5625,0.4236111111111111,long,0.5625,0.11173511090315245
short_posts&deal_over_tariff,163,0.015501410444451929,0.005706023069362187,0.05791708744555694,0.5644171779141104,0.4171779141104294,long,0.5644171779141104,0.11170310382555883
has_deal&lots_of_excl,325,0.011025450090726625,0.005706023069362187,0.05429655312291384,0.56,0.4276923076923077,long,0.56,0.11130791178411503
posts_high&has_action,136,0.016350912600950136,0.011818654228760828,0.05997992428121409,0.5808823529411765,0.375,long,0.5808823529411765,0.11076425588564484
has_deal,353,0.010397321417690831,0.007936478833596938,0.05366967284562057,0.56657223796034,0.42209631728045327,long,0.56657223796034,0.11067871613554844
has_russia,289,0.011591552196662273,0.008862455198670238,0.050808427776577965,0.5605536332179931,0.42560553633217996,long,0.5605536332179931,0.1104606738740758
has_positive&has_all_caps,180,0.014200863590068422,0.009005175627822548,0.05730819982667208,0.5777777777777777,0.4111111111111111,long,0.5777777777777777,0.11008086726552828
deal_over_tariff&volume_spike,69,0.019785214025473476,0.016393382052057426,0.04632779608420264,0.6666666666666666,0.30434782608695654,long,0.6666666666666666,0.10956555397129292
has_china&short_posts,150,0.015414467809844977,0.011599038038555332,0.05932385603302826,0.58,0.38666666666666666,long,0.58,0.10949698429296256
has_china&has_night_post,282,0.011113513100649482,0.008741560379642355,0.05384617179380392,0.5851063829787234,0.3971631205673759,long,0.5851063829787234,0.10919701227074803
positive_heavy&has_russia,219,0.012602674110914782,0.010326866137035706,0.05247010291081619,0.5844748858447488,0.3972602739726027,long,0.5844748858447488,0.10900605394601762
has_all_caps,185,0.013849394080657709,0.009389685695030625,0.05764349577496912,0.5783783783783784,0.41081081081081083,long,0.5783783783783784,0.10895036427705704
has_all_caps&has_exclamation,185,0.013849394080657709,0.009389685695030625,0.05764349577496912,0.5783783783783784,0.41081081081081083,long,0.5783783783783784,0.10895036427705704
posts_high&has_all_caps,140,0.015521811659103681,0.010454492940287108,0.06048504044915559,0.5928571428571429,0.39285714285714285,long,0.5928571428571429,0.10888209886772522
has_positive&has_russia,279,0.011564913898762415,0.008862455198670238,0.05108615333690207,0.5627240143369175,0.4229390681003584,long,0.5627240143369175,0.10870260567701222
has_deal&has_exclamation,352,0.010231167687461972,0.007214980784213787,0.05365507515728103,0.5653409090909091,0.42329545454545453,long,0.5653409090909091,0.10851929093603302
has_all_caps&exclamation_heavy,180,0.013996063795196795,0.009005175627822548,0.05703873372345048,0.5777777777777777,0.4111111111111111,long,0.5777777777777777,0.10849332022007692
has_deal&volume_spike,84,0.01802335825358951,0.014552579755204409,0.048844436800198225,0.6547619047619048,0.32142857142857145,long,0.6547619047619048,0.10815802835930848
has_deal&exclamation_heavy,341,0.010441701895498272,0.005607318644072601,0.05386528245957171,0.5601173020527859,0.4281524926686217,long,0.5601173020527859,0.10800092321597488
has_night_post&has_uppercase_phrase,277,0.011298288936058807,0.010101133359857295,0.057635263737043314,0.5740072202166066,0.4007220216606498,long,0.5740072202166066,0.10793689402814567
has_night_post&has_all_caps,181,0.013823714069929906,0.009389685695030625,0.05812482957828872,0.580110497237569,0.4088397790055249,long,0.580110497237569,0.10788840034952164
posts_very_high&attack_heavy,163,0.014025789263288865,0.014577226926154152,0.05147326202768462,0.6012269938650306,0.36809815950920244,long,0.6012269938650306,0.10766129089603897
posts_high&has_deal,222,0.012393034875401426,0.010516623255006685,0.05783687150945052,0.581081081081081,0.40540540540540543,long,0.581081081081081,0.1072978191484448
has_all_caps&lots_of_excl,173,0.01413840432985797,0.00829863178627721,0.05788744204905984,0.5722543352601156,0.4161849710982659,long,0.5722543352601156,0.10641737463597563
has_deal&has_positive,341,0.010114083425231355,0.007936478833596938,0.05386525816868419,0.5659824046920822,0.4222873900293255,long,0.5659824046920822,0.10570770670950026
has_deal&positive_heavy,280,0.011036676064615213,0.007214980784213787,0.05578810425516781,0.5714285714285714,0.4142857142857143,long,0.5714285714285714,0.10553080787507382
posts_high&has_china,200,0.012630275878633078,0.010917513376678456,0.055065484372818545,0.59,0.385,long,0.59,0.10538525392005228
has_china&pre_deal,84,0.017178709901785265,0.01360934740252473,0.051097364056468995,0.6666666666666666,0.32142857142857145,long,0.6666666666666666,0.10496365128882451
has_deal&attack_heavy,160,0.013545055402939623,0.014033237948466892,0.04879716550805406,0.6125,0.375,long,0.6125,0.10494140396082449
deal_heavy&has_attack,117,0.016173393541500714,0.01570673722626892,0.05640572320515187,0.5982905982905983,0.38461538461538464,long,0.5982905982905983,0.10466615332948015
has_russia&exclamation_heavy,283,0.01117664982310965,0.008230609549636725,0.05106711882037037,0.5547703180212014,0.43109540636042404,long,0.5547703180212014,0.10430811061034363
posts_very_high&has_all_caps,101,0.017094705091051824,0.013265241342681255,0.06383739078786554,0.6039603960396039,0.38613861386138615,long,0.6039603960396039,0.10376019065973847
attack_heavy&deal_over_tariff,140,0.01403721870662596,0.01688544397994729,0.04743552349890917,0.6214285714285714,0.36428571428571427,long,0.6214285714285714,0.103213451495799
attack_heavy,293,0.010514321909850568,0.011107276987543102,0.04920465153948108,0.5733788395904437,0.3993174061433447,long,0.5733788395904437,0.10319454509886135
attack_heavy&has_exclamation,293,0.010514321909850568,0.011107276987543102,0.04920465153948108,0.5733788395904437,0.3993174061433447,long,0.5733788395904437,0.10319454509886135
has_attack&attack_heavy,293,0.010514321909850568,0.011107276987543102,0.04920465153948108,0.5733788395904437,0.3993174061433447,long,0.5733788395904437,0.10319454509886135
has_action&lots_of_excl,175,0.013921003612654609,0.008230609549636725,0.057150098499744006,0.56,0.4057142857142857,long,0.56,0.10312823796664435
attack_heavy&exclamation_heavy,292,0.010537357498813122,0.011129864103320064,0.049287540466925045,0.571917808219178,0.4006849315068493,long,0.571917808219178,0.10298091824141585
has_attack&has_uppercase_phrase,217,0.01222065797499874,0.010101133359857295,0.056673432285352494,0.5714285714285714,0.4009216589861751,long,0.5714285714285714,0.10286944759922129
has_russia&volume_spike,77,0.018399755237338725,0.019047819449301784,0.04654980569959808,0.6363636363636364,0.35064935064935066,long,0.6363636363636364,0.10274548896460482
has_action&exclamation_heavy,181,0.013549805528126804,0.008620665560614471,0.056880914455925746,0.56353591160221,0.40331491712707185,long,0.56353591160221,0.1027292095448103
has_action&deal_only,72,0.019333574050991845,0.018363994739101663,0.05592187199397866,0.625,0.3611111111111111,long,0.625,0.10253175987021453
has_russia&lots_of_excl,265,0.01121967152848819,0.008862455198670238,0.05190963100660383,0.5584905660377358,0.42641509433962266,long,0.5584905660377358,0.10200440359998186
deal_heavy&short_posts,64,0.022033368231400202,0.011430993654172883,0.06506601708690614,0.578125,0.390625,long,0.578125,0.10190432807022594
has_deal&has_china,158,0.01317234584965824,0.009005175627822548,0.0545901939162251,0.6139240506329114,0.37341772151898733,long,0.6139240506329114,0.10164975019666234
has_positive&volume_spike,133,0.014077487981610199,0.013667392475088747,0.05205891895321276,0.6240601503759399,0.3533834586466165,long,0.6240601503759399,0.10131586045009455
posts_high&deal_over_tariff,194,0.012577757719438828,0.009663522966796068,0.05807983384482242,0.5773195876288659,0.4072164948453608,long,0.5773195876288659,0.10113940224402942
lots_of_excl&deal_over_tariff,284,0.010841578177008775,0.005539545849783556,0.05459936017523539,0.5528169014084507,0.43309859154929575,long,0.5528169014084507,0.10100270109183784
has_china&lots_of_excl,274,0.01044809076623085,0.009026830041895861,0.05253321009640373,0.583941605839416,0.3978102189781022,long,0.583941605839416,0.10099075943998517
attack_heavy&lots_of_excl,290,0.010420375587225607,0.011129864103320064,0.0494042144868798,0.5689655172413793,0.40344827586206894,long,0.5689655172413793,0.1009644114559786
has_russia&has_all_caps,71,0.019735193644982246,0.015931513360075034,0.056924428367719736,0.6056338028169014,0.38028169014084506,long,0.6056338028169014,0.10071187310670596
posts_high&deal_heavy,108,0.01582068953609726,0.014485989284475087,0.058433259801207206,0.6111111111111112,0.37037037037037035,long,0.6111111111111112,0.10047487298674375
has_china&exclamation_heavy,291,0.01007574531726302,0.008862455198670238,0.051771219420883766,0.584192439862543,0.3951890034364261,long,0.584192439862543,0.10041061065223196
posts_high&has_uppercase_phrase,198,0.01228034302311664,0.010644250058258087,0.06029571112801749,0.5808080808080808,0.3838383838383838,long,0.5808080808080808,0.10036348730214179
posts_high&volume_spike,113,0.01519249101816321,0.013605644312467247,0.04873371237152192,0.6194690265486725,0.35398230088495575,long,0.6194690265486725,0.10004325340461548
has_uppercase_phrase&exclamation_heavy,277,0.010588671504287649,0.009090772742729403,0.05815859207171416,0.5667870036101083,0.40794223826714804,long,0.5667870036101083,0.09988522290726108
attack_heavy&has_positive,288,0.010211405827683817,0.011129864103320064,0.04883588999791103,0.5763888888888888,0.3993055555555556,long,0.5763888888888888,0.09988433456914228
has_deal&has_action,102,0.016239212821418013,0.013094595213768656,0.05522415260438632,0.6078431372549019,0.37254901960784315,long,0.6078431372549019,0.09969114338501457
has_deal&deal_over_tariff,311,0.010092870831138199,0.005706023069362187,0.05394117017705485,0.5594855305466238,0.42765273311897106,long,0.5594855305466238,0.09958267059412568
deal_over_tariff,311,0.010092870831138199,0.005706023069362187,0.05394117017705485,0.5594855305466238,0.42765273311897106,long,0.5594855305466238,0.09958267059412568
has_uppercase_phrase&lots_of_excl,268,0.010683953484190751,0.008855719151671937,0.05863495935223755,0.5671641791044776,0.40671641791044777,long,0.5671641791044776,0.09919920221260684
deal_heavy&deal_only,92,0.01779527572099154,0.011430993654172883,0.05728982264478175,0.5760869565217391,0.41304347826086957,long,0.5760869565217391,0.09833014448358594
has_uppercase_phrase&short_posts,162,0.01374760307830368,0.01097289551621361,0.06235253042933398,0.5617283950617284,0.41358024691358025,long,0.5617283950617284,0.09829034732415473
has_attack&has_china,232,0.011239671762944567,0.00998437506917893,0.05319813823240666,0.5732758620689655,0.40948275862068967,long,0.5732758620689655,0.09814344017947561
attack_heavy&has_night_post,279,0.010208079857846762,0.010706380372977664,0.0481771341604573,0.5734767025089605,0.3978494623655914,long,0.5734767025089605,0.09778268085237363
exclamation_heavy&deal_over_tariff,300,0.010187857563830833,0.005299959422281564,0.0540925041408185,0.5533333333333333,0.43333333333333335,long,0.5533333333333333,0.09764057429525873
has_action&has_night_post,183,0.012912100925297628,0.008230609549636725,0.056701830044121056,0.5573770491803278,0.4098360655737705,long,0.5573770491803278,0.09735797649826072
has_exclamation&deal_over_tariff,310,0.009903223851695907,0.005656670856717394,0.05392443384069768,0.5580645161290323,0.4290322580645161,long,0.5580645161290323,0.09730650007919488
posts_high&attack_heavy,236,0.010887019015444923,0.011818654228760828,0.05042868845887713,0.5805084745762712,0.3898305084745763,long,0.5805084745762712,0.09708978673720825
lots_of_excl&deal_only,243,0.011551421834879888,0.005128145789068617,0.055583510328361584,0.5390946502057613,0.448559670781893,long,0.5390946502057613,0.097074151363522
positive_heavy&has_china,255,0.010517348456923658,0.008620665560614471,0.05338436481657389,0.5764705882352941,0.4,long,0.5764705882352941,0.09681742049852786
deal_over_tariff&deal_only,268,0.010774373658670679,0.005539545849783556,0.05442890199113775,0.5485074626865671,0.44029850746268656,long,0.5485074626865671,0.0967479943727751
has_deal&deal_only,268,0.010774373658670679,0.005539545849783556,0.05442890199113775,0.5485074626865671,0.44029850746268656,long,0.5485074626865671,0.0967479943727751
deal_only,268,0.010774373658670679,0.005539545849783556,0.05442890199113775,0.5485074626865671,0.44029850746268656,long,0.5485074626865671,0.0967479943727751
deal_heavy&lots_of_excl,140,0.013593096779322805,0.011684375607389108,0.05439248226856053,0.6,0.38571428571428573,long,0.6,0.09650141405504177
pre_deal&short_posts,70,0.019210143240736516,0.01360934740252473,0.06059526247110503,0.6,0.38571428571428573,long,0.6,0.09643415372110804
deal_heavy&deal_over_tariff,135,0.013989007809566367,0.011152451219097026,0.05551388907415607,0.5925925925925926,0.3925925925925926,long,0.5925925925925926,0.09631856760251739
posts_high&deal_only,160,0.013512218915570386,0.008425637555125598,0.05939724708134937,0.5625,0.425,long,0.5625,0.09614112303602888
has_action&has_positive,183,0.012616586112272453,0.008620665560614471,0.05766222907233019,0.5628415300546448,0.40437158469945356,long,0.5628415300546448,0.09606242285652511
posts_very_high&pre_action,43,0.025177334233191594,0.01833333691888117,0.0625363282028135,0.5813953488372093,0.37209302325581395,long,0.5813953488372093,0.09598768688369659
has_uppercase_phrase&has_exclamation,294,0.009848065097032857,0.009240229218880014,0.05784292748362492,0.564625850340136,0.41156462585034015,long,0.564625850340136,0.0953422361257033
has_action&has_exclamation,186,0.012488969090713311,0.008425637555125598,0.05725159161699147,0.5591397849462365,0.40860215053763443,long,0.5591397849462365,0.09523650691068594
attack_heavy&positive_heavy,254,0.010415966071499815,0.010906828680260383,0.04864285425721687,0.5708661417322834,0.4015748031496063,long,0.5708661417322834,0.09476559647642756
attack_heavy&short_posts,148,0.013558020007798805,0.011323382093388457,0.05329856087166105,0.5743243243243243,0.38513513513513514,long,0.5743243243243243,0.09472930226378558
posts_high&pre_deal,114,0.014652366962107605,0.01360934740252473,0.059705160097018026,0.6052631578947368,0.38596491228070173,long,0.6052631578947368,0.09469007311930862
exclamation_heavy&deal_only,257,0.01091442249489888,0.005033531125608226,0.05462317299006415,0.5408560311284046,0.4474708171206226,long,0.5408560311284046,0.0946343927751425
has_positive&has_uppercase_phrase,284,0.00995003010483957,0.009240229218880014,0.05771234983097157,0.5633802816901409,0.4119718309859155,long,0.5633802816901409,0.09446810581520212
has_exclamation&deal_only,267,0.010556736726837051,0.005471773055494511,0.05441416033253562,0.5468164794007491,0.4419475655430712,long,0.5468164794007491,0.0943250221757126
has_positive&deal_over_tariff,299,0.009757628147301033,0.005706023069362187,0.05417195593609031,0.5585284280936454,0.4280936454849498,long,0.5585284280936454,0.09423780037124307
has_action,188,0.012302446782231993,0.008425637555125598,0.05699728785548966,0.5585106382978723,0.4095744680851064,long,0.5585106382978723,0.09421105550291241
has_uppercase_phrase,296,0.009705281263708444,0.009240229218880014,0.057701743735705795,0.5641891891891891,0.41216216216216217,long,0.5641891891891891,0.09420603852593654
pre_deal,172,0.012089590656944186,0.011878761742706523,0.05380339835319968,0.5930232558139535,0.4011627906976744,long,0.5930232558139535,0.09402590984561057
has_deal&pre_deal,172,0.012089590656944186,0.011878761742706523,0.05380339835319968,0.5930232558139535,0.4011627906976744,long,0.5930232558139535,0.09402590984561057
has_positive&pre_deal,166,0.012171939118154557,0.012485968240510181,0.0542006881140997,0.5963855421686747,0.39759036144578314,long,0.5963855421686747,0.09352784375966926
positive_heavy&pre_action,68,0.01917883526953876,0.012857689935626526,0.059840092102098966,0.5882352941176471,0.38235294117647056,long,0.5882352941176471,0.09303101599132901
attack_heavy&deal_only,115,0.014005892404584141,0.014367784471487122,0.04647967306488431,0.6173913043478261,0.3739130434782609,long,0.6173913043478261,0.09272999027789552
has_action&volume_spike,58,0.018994120752770675,0.013810422968728475,0.05396411261840523,0.6379310344827587,0.3275862068965517,long,0.6379310344827587,0.0922798589300664
positive_heavy&deal_only,204,0.01174595865275839,0.005539545849783556,0.05692834481513992,0.5490196078431373,0.4362745098039216,long,0.5490196078431373,0.09210673902793468
deal_heavy&has_positive,144,0.012817584886656585,0.011430993654172883,0.054464711748914235,0.5972222222222222,0.3888888888888889,long,0.5972222222222222,0.09185935835437219
has_china&has_uppercase_phrase,128,0.012956425689996772,0.011157567694365489,0.05993876797290021,0.625,0.3515625,long,0.625,0.0916157646533631
has_action&attack_heavy,101,0.01560432097873708,0.012923949084856057,0.05140025214803118,0.5841584158415841,0.37623762376237624,long,0.5841584158415841,0.09160859024072225
exclamation_heavy&volume_spike,126,0.01301556382521796,0.013435442827574251,0.04967574857154347,0.626984126984127,0.3492063492063492,long,0.626984126984127,0.091601968139112
has_positive&deal_only,256,0.010414766125323324,0.005539545849783556,0.05472355032611618,0.546875,0.44140625,long,0.546875,0.09112920359657908
has_action&short_posts,102,0.016404749954373226,0.011649428575303045,0.061936292662926294,0.5490196078431373,0.4117647058823529,long,0.5490196078431373,0.09096148801862841
positive_heavy&deal_over_tariff,245,0.010384097244169754,0.005607318644072601,0.055985754457188494,0.5591836734693878,0.42448979591836733,long,0.5591836734693878,0.09088794237833307
pre_deal&has_exclamation,171,0.011757462915416086,0.01170953608924874,0.05378428410350855,0.5906432748538012,0.40350877192982454,long,0.5906432748538012,0.09081068176760192
has_attack&volume_spike,111,0.014030878610793628,0.013605644312467247,0.05125607488803596,0.6126126126126126,0.36036036036036034,long,0.6126126126126126,0.0905591402218989
pre_deal&exclamation_heavy,168,0.01179077976953623,0.011207958231113202,0.05419704585764709,0.5892857142857143,0.40476190476190477,long,0.5892857142857143,0.09005816244668276
deal_heavy&exclamation_heavy,146,0.012634100858073108,0.010929415796037345,0.0544280236670458,0.589041095890411,0.3972602739726027,long,0.589041095890411,0.08992208389910279
pre_action&volume_spike,33,0.02345197778377814,0.013667392475088747,0.06508244448924774,0.6666666666666666,0.2727272727272727,long,0.6666666666666666,0.08981423704275439
deal_heavy,148,0.012539220532117363,0.010929415796037345,0.05413549537420658,0.5878378378378378,0.39864864864864863,long,0.5878378378378378,0.08967242933292073
has_deal&deal_heavy,148,0.012539220532117363,0.010929415796037345,0.05413549537420658,0.5878378378378378,0.39864864864864863,long,0.5878378378378378,0.08967242933292073
deal_heavy&has_exclamation,148,0.012539220532117363,0.010929415796037345,0.05413549537420658,0.5878378378378378,0.39864864864864863,long,0.5878378378378378,0.08967242933292073
has_china&deal_only,94,0.01547625890378479,0.009005175627822548,0.05535202032916524,0.5957446808510638,0.3829787234042553,long,0.5957446808510638,0.08939023657740656
pre_deal&has_night_post,165,0.011834339994942062,0.010706380372977664,0.054169474528402706,0.5878787878787879,0.40606060606060607,long,0.5878787878787879,0.08936630555183553
pre_action&has_uppercase_phrase,42,0.022189400969286573,0.01595577681332272,0.06667586650839585,0.6190476190476191,0.38095238095238093,long,0.6190476190476191,0.0890213714835382
has_china&has_russia,117,0.013873251814667427,0.012923949084856057,0.05437538017641028,0.5897435897435898,0.4017094017094017,long,0.5897435897435898,0.08849819829459744
has_attack&pre_deal,129,0.013197890529559555,0.012047987396164306,0.055002412545950015,0.5891472868217055,0.40310077519379844,long,0.5891472868217055,0.08831271955536178
deal_heavy&has_russia,61,0.018136196362832747,0.01932366025010457,0.05102900901268198,0.6229508196721312,0.3770491803278688,long,0.6229508196721312,0.08823987585360275
pre_deal&lots_of_excl,160,0.011900524336515768,0.010516623255006685,0.054382955676601376,0.58125,0.4125,long,0.58125,0.08749617223974542
has_action&deal_over_tariff,88,0.015452343673871672,0.014160618966927663,0.05487250469296123,0.6022727272727273,0.375,long,0.6022727272727273,0.08730294462702694
deal_heavy&has_night_post,141,0.012365111312946885,0.010706380372977664,0.05491569900463983,0.5886524822695035,0.3971631205673759,long,0.5886524822695035,0.08643040864511639
positive_heavy&volume_spike,120,0.01271964263452689,0.01265661436942278,0.050669451855039786,0.6166666666666667,0.35833333333333334,long,0.6166666666666667,0.08592430073012942
has_action&has_china,89,0.014990281965280284,0.01158932106135735,0.053667709272392054,0.6067415730337079,0.34831460674157305,long,0.6067415730337079,0.08580420236103123
deal_heavy&positive_heavy,130,0.012688694725160963,0.010929415796037345,0.056558605651918704,0.5923076923076923,0.3923076923076923,long,0.5923076923076923,0.08569115526695742
has_china&deal_over_tariff,126,0.01237871380118628,0.009005175627822548,0.05581857749539304,0.6031746031746031,0.38095238095238093,long,0.6031746031746031,0.08381154406918233
positive_heavy&pre_deal,145,0.011984481768427589,0.010706380372977664,0.05496514314483487,0.5793103448275863,0.41379310344827586,long,0.5793103448275863,0.08360159129762726
has_all_caps&has_uppercase_phrase,133,0.012515675540516127,0.009389685695030625,0.06271954886329457,0.5789473684210527,0.41353383458646614,long,0.5789473684210527,0.0835639961811325
has_russia&pre_deal,65,0.01814968567322775,0.010326866137035706,0.05098994728075895,0.5692307692307692,0.4307692307692308,long,0.5692307692307692,0.08329408347818543
volume_spike,166,0.01079677329217862,0.011407061470843805,0.053488756501386105,0.5963855421686747,0.3795180722891566,long,0.5963855421686747,0.08296122053989965
has_china&has_all_caps,90,0.014756734601459853,0.008297562855022811,0.06175878720794371,0.5888888888888889,0.4,long,0.5888888888888889,0.08244130949544007
has_attack&china_streak_3d,56,0.018131560298185388,0.010721269059750016,0.05193744954929936,0.6071428571428571,0.35714285714285715,long,0.6071428571428571,0.08237967649275157
deal_heavy&volume_spike,49,0.01801532080716191,0.01932366025010457,0.05086608957874748,0.6530612244897959,0.30612244897959184,long,0.6530612244897959,0.08235575226131159
attack_heavy&pre_action,44,0.02095805443757118,0.01595577681332272,0.06230092152946471,0.5909090909090909,0.36363636363636365,long,0.5909090909090909,0.08214818525167868
has_all_caps&short_posts,127,0.013008433434496949,0.01058211974353851,0.06253983489590115,0.5590551181102362,0.4330708661417323,long,0.5590551181102362,0.08195613840639028
attack_heavy&has_uppercase_phrase,144,0.011694645151677917,0.010454492940287108,0.052090042044223996,0.5833333333333334,0.3819444444444444,long,0.5833333333333334,0.08186251606174542
lots_of_excl&volume_spike,126,0.011916220284015929,0.011705829342526508,0.050379707489350584,0.6111111111111112,0.36507936507936506,long,0.6111111111111112,0.08174175835487507
has_exclamation&volume_spike,142,0.011194273270210005,0.01265661436942278,0.05376625197731777,0.6056338028169014,0.3732394366197183,long,0.6056338028169014,0.0807886188531367
has_russia&pre_action,32,0.02517728016075053,0.01589165438155704,0.06211397952418986,0.5625,0.4375,long,0.5625,0.08011361490075103
has_action&has_russia,79,0.015342045285898151,0.012923949084856057,0.05570786935544081,0.5822784810126582,0.4050632911392405,long,0.5822784810126582,0.0794012878224665
attack_heavy&volume_spike,88,0.013700822792964723,0.013435442827574251,0.04997703687156061,0.6136363636363636,0.3522727272727273,long,0.6136363636363636,0.07886768132127657
short_posts&volume_spike,101,0.013209359636988645,0.01136367128888871,0.05364206312297772,0.594059405940594,0.36633663366336633,long,0.594059405940594,0.07886282458597453
attack_heavy&pre_deal,89,0.01336625284650349,0.014367784471487122,0.05171275179823392,0.6179775280898876,0.3707865168539326,long,0.6179775280898876,0.0779250982450747
has_deal&has_uppercase_phrase,135,0.011286015052870314,0.010706380372977664,0.06001155180965131,0.5925925925925926,0.4,long,0.5925925925925926,0.07770764150188968
has_russia&uppercase_phrase_heavy,24,0.024873971345895612,0.020998572779137747,0.05791975349759792,0.625,0.375,long,0.625,0.07616067209256747
exclamation_heavy&has_chips,31,0.02214357932034889,0.015837019525044793,0.061871100822969816,0.6129032258064516,0.3548387096774194,long,0.6129032258064516,0.07556498078391707
lots_of_excl&has_chips,31,0.02214357932034889,0.015837019525044793,0.061871100822969816,0.6129032258064516,0.3548387096774194,long,0.6129032258064516,0.07556498078391707
has_action&has_uppercase_phrase,92,0.01388171172111954,0.009473765848825089,0.06335427839563716,0.5652173913043478,0.40217391304347827,long,0.5652173913043478,0.07525796162660016
has_attack&pre_action,61,0.01673495423193344,0.012047987396164306,0.05955132542046223,0.5737704918032787,0.39344262295081966,long,0.5737704918032787,0.07499419639867999
posts_very_high&has_relief,48,0.01911283329790052,0.009691530384366875,0.06484372497751444,0.5625,0.4166666666666667,long,0.5625,0.07448489628425532
has_exclamation&china_streak_3d,76,0.013789973665494426,0.01051293165335665,0.05083456799261892,0.618421052631579,0.35526315789473684,long,0.618421052631579,0.07434546782034043
china_streak_3d,76,0.013789973665494426,0.01051293165335665,0.05083456799261892,0.618421052631579,0.35526315789473684,long,0.618421052631579,0.07434546782034043
attack_heavy&has_china,141,0.011016147437115343,0.010706380372977664,0.05126770450270395,0.5673758865248227,0.41134751773049644,long,0.5673758865248227,0.07421815781534956
has_relief&positive_heavy,85,0.014228751206682513,0.00797446014943115,0.06216412146341225,0.5647058823529412,0.4235294117647059,long,0.5647058823529412,0.07407958832288145
deal_heavy&pre_deal,95,0.012404109902530842,0.012923949084856057,0.052281845620010856,0.6105263157894737,0.37894736842105264,long,0.6105263157894737,0.07381281977391406
pre_deal&deal_only,119,0.011932156978851456,0.010706380372977664,0.054422486232856095,0.5630252100840336,0.42857142857142855,long,0.5630252100840336,0.07328587547107933
pre_deal&deal_over_tariff,149,0.010392335507699572,0.010706380372977664,0.05260354359536337,0.5771812080536913,0.4161073825503356,long,0.5771812080536913,0.07321810359919806
has_china&volume_spike,72,0.013783058538336246,0.009759035511078595,0.05463153536613362,0.625,0.3611111111111111,long,0.625,0.07309570618461528
pre_deal&has_uppercase_phrase,67,0.014471949524362246,0.013953453462368204,0.05881555349636737,0.6119402985074627,0.3880597014925373,long,0.6119402985074627,0.07248923131789708
has_china&pre_action,45,0.018008338930882935,0.011128646380379248,0.06052996400179006,0.6,0.37777777777777777,long,0.6,0.07248216602035823
has_relief&has_attack,76,0.015199574294198466,0.005506449394762414,0.06147983761457634,0.5394736842105263,0.4473684210526316,long,0.5394736842105263,0.07148394057008518
has_action&pre_deal,56,0.014970109594981565,0.013094595213768656,0.05458231448454614,0.625,0.35714285714285715,long,0.625,0.07001627643359778
has_uppercase_phrase&deal_over_tariff,118,0.010963131243766295,0.011235474138215906,0.05979952491897272,0.5847457627118644,0.4067796610169492,long,0.5847457627118644,0.06963742445432536
deal_heavy&attack_heavy,79,0.012548740929251307,0.016393382052057426,0.047288244841323136,0.620253164556962,0.35443037974683544,long,0.620253164556962,0.06918033929764358
posts_high&pre_action,60,0.01621276275534227,0.011588316888271777,0.06394494343617248,0.55,0.4166666666666667,long,0.55,0.06907093616219774
has_uppercase_phrase&deal_only,98,0.01184970571519796,0.010906828680260383,0.059257154546605635,0.5816326530612245,0.40816326530612246,long,0.5816326530612245,0.06822905916829193
has_chips,32,0.02028401395363745,0.012969076442451044,0.06176733477401197,0.59375,0.375,long,0.59375,0.06812907812742307
has_exclamation&has_chips,32,0.02028401395363745,0.012969076442451044,0.06176733477401197,0.59375,0.375,long,0.59375,0.06812907812742307
pre_action&exclamation_heavy,79,0.013956211413219205,0.008620665560614471,0.058250978658010495,0.5443037974683544,0.43037974683544306,long,0.5443037974683544,0.06751844779624804
has_russia&china_streak_3d,27,0.020253335079871666,0.021248327919253684,0.04711192936304914,0.6296296296296297,0.3333333333333333,long,0.6296296296296297,0.06626185460865905
has_positive&china_streak_3d,73,0.012845680386299886,0.01044374356317479,0.05130902746221547,0.6027397260273972,0.3698630136986301,long,0.6027397260273972,0.06615281943280436
has_relief,93,0.01223379472501694,0.005607318644072601,0.06088347864526866,0.5591397849462365,0.43010752688172044,long,0.5591397849462365,0.06596644170007035
has_relief&has_positive,93,0.01223379472501694,0.005607318644072601,0.06088347864526866,0.5591397849462365,0.43010752688172044,long,0.5591397849462365,0.06596644170007035
has_relief&has_exclamation,93,0.01223379472501694,0.005607318644072601,0.06088347864526866,0.5591397849462365,0.43010752688172044,long,0.5591397849462365,0.06596644170007035
short_posts&china_streak_3d,38,0.018465296487102077,0.007848117261521348,0.058822972737220564,0.5789473684210527,0.42105263157894735,long,0.5789473684210527,0.06590026603024866
has_relief&lots_of_excl,89,0.012407016516844036,0.005607318644072601,0.06192548497820401,0.5617977528089888,0.42696629213483145,long,0.5617977528089888,0.06575705602529286
has_attack&has_chips,28,0.020441954741385153,0.012969076442451044,0.06202544705126818,0.6071428571428571,0.35714285714285715,long,0.6071428571428571,0.06567382753440196
has_relief&has_night_post,91,0.012259533245742917,0.005607318644072601,0.061457816953897244,0.5604395604395604,0.42857142857142855,long,0.5604395604395604,0.06554256231468276
deal_only&china_streak_3d,20,0.024413794713790203,0.009663522966796068,0.06776780978216335,0.6,0.4,long,0.6,0.0655090854825119
has_attack&open_deal,70,0.012668532141574405,0.01220884628088914,0.06040198857190357,0.6142857142857143,0.37142857142857144,long,0.6142857142857143,0.06510970583169279
deal_heavy&open_deal,48,0.015516541425936026,0.016699341081443553,0.0621536184969118,0.6041666666666666,0.375,long,0.6041666666666666,0.06494897542638203
has_relief&has_russia,37,0.019658710315937113,0.0020242613895955497,0.05722276558265941,0.5405405405405406,0.43243243243243246,long,0.5405405405405406,0.06463744135338884
has_deal&china_streak_3d,31,0.01797546564962293,0.013698691425446663,0.06483405127605102,0.6451612903225806,0.3548387096774194,long,0.6451612903225806,0.06456977874144887
positive_heavy&china_streak_3d,60,0.014286934163078852,0.00960139265207649,0.05253179227626724,0.5833333333333334,0.38333333333333336,long,0.5833333333333334,0.06455523442896056
has_deal&has_all_caps,94,0.011969746227153234,0.006099752902096411,0.05655434960503111,0.5531914893617021,0.43617021276595747,long,0.5531914893617021,0.06419842296926177
posts_high&open_deal,59,0.01297338786631297,0.015931513360075034,0.06503469082667593,0.6440677966101694,0.3389830508474576,long,0.6440677966101694,0.06418166704579055
pre_action&lots_of_excl,75,0.013825629829357365,0.0031949914851554517,0.05967397433935137,0.5333333333333333,0.44,long,0.5333333333333333,0.06385784882956476
has_relief&exclamation_heavy,92,0.011993130739580929,0.005506449394762414,0.061172594698794325,0.5543478260869565,0.43478260869565216,long,0.5543478260869565,0.06376888603627702
has_positive&pre_action,81,0.013037377176996396,0.008620665560614471,0.05838089782262613,0.5432098765432098,0.43209876543209874,long,0.5432098765432098,0.06373828842087126
has_all_caps&volume_spike,48,0.014713606820558535,0.01482931169736934,0.059966789019447894,0.625,0.3541666666666667,long,0.625,0.06371178643949837
has_night_post&volume_spike,144,0.008948461336692708,0.011258061253992868,0.05138879632728444,0.5902777777777778,0.3888888888888889,long,0.5902777777777778,0.06338493446824002
pre_action&has_exclamation,82,0.01286036932690272,0.005907828522884961,0.05804153941621809,0.5365853658536586,0.43902439024390244,long,0.5365853658536586,0.06248836926886464
positive_heavy&open_deal,69,0.012214318706819646,0.011152451219097026,0.06316879170398394,0.6086956521739131,0.37681159420289856,long,0.6086956521739131,0.06175810945004201
has_russia&open_deal,31,0.017027166877866352,0.01932366025010457,0.058255707992781534,0.6451612903225806,0.3548387096774194,long,0.6451612903225806,0.06116338899518967
pre_action,84,0.012434071773725736,0.005907828522884961,0.057457627028181614,0.5357142857142857,0.44047619047619047,long,0.5357142857142857,0.061050080463870005
has_action&pre_action,84,0.012434071773725736,0.005907828522884961,0.057457627028181614,0.5357142857142857,0.44047619047619047,long,0.5357142857142857,0.061050080463870005
has_relief&short_posts,48,0.015651467715187353,0.009691530384366875,0.06226745129649918,0.5625,0.4166666666666667,long,0.5625,0.06099555891538905
has_night_post&china_streak_3d,69,0.01233841471015881,0.00796169123288859,0.05178445385553521,0.5942028985507246,0.37681159420289856,long,0.5942028985507246,0.06090019380494735
attack_heavy&has_all_caps,101,0.010713396878503739,0.008620665560614471,0.05272269698648125,0.5643564356435643,0.4158415841584158,long,0.5643564356435643,0.06076330146726771
posts_very_high&china_streak_3d,25,0.021577725662600255,0.008620665560614471,0.064208171057749,0.56,0.44,long,0.56,0.06041763185528072
has_deal&pre_action,48,0.014937408476930156,0.010165100824931605,0.05492550547346531,0.5833333333333334,0.375,long,0.5833333333333334,0.06036881763605717
pre_action&has_night_post,83,0.012451481196964882,0.0031949914851554517,0.057806693835348054,0.5301204819277109,0.4457831325301205,long,0.5301204819277109,0.06013601525185735
has_uppercase_phrase&volume_spike,77,0.010746751740645509,0.013265241342681255,0.05248451870012044,0.6363636363636364,0.35064935064935066,long,0.6363636363636364,0.06001059514819641
has_tariff&pre_deal,53,0.012443073820963711,0.017377505907837154,0.05289848252357804,0.660377358490566,0.33962264150943394,long,0.660377358490566,0.059821567305596034
positive_heavy&has_chips,30,0.01808637884364461,0.012969076442451044,0.058584562843332036,0.6,0.36666666666666664,long,0.6,0.05943790605749012
has_night_post&has_chips,30,0.01808637884364461,0.012969076442451044,0.058584562843332036,0.6,0.36666666666666664,long,0.6,0.05943790605749012
positive_heavy&uppercase_phrase_heavy,38,0.01573433741356498,0.00960139265207649,0.06710102214378626,0.6052631578947368,0.39473684210526316,long,0.6052631578947368,0.05870627124292705
deal_heavy&has_relief,31,0.020337336653680937,0.001594944375012064,0.07206195844427452,0.5161290322580645,0.4838709677419355,long,0.5161290322580645,0.05844309587367302
lots_of_excl&china_streak_3d,67,0.012252189474444106,0.00796169123288859,0.05078092514187175,0.582089552238806,0.3880597014925373,long,0.582089552238806,0.058376884029399306
pre_deal&volume_spike,46,0.013990606379022193,0.01265661436942278,0.05396455962727471,0.6086956521739131,0.3695652173913043,long,0.6086956521739131,0.05775846642485401
exclamation_heavy&china_streak_3d,70,0.01177467913549728,0.007917902149958578,0.0522364130818526,0.5857142857142857,0.38571428571428573,long,0.5857142857142857,0.05770107681076437
pre_action&deal_only,31,0.016043317159105182,0.013953453462368204,0.051331348230386105,0.6451612903225806,0.3225806451612903,long,0.6451612903225806,0.05762929647744852
has_relief&deal_only,35,0.018882412953913814,0.005607318644072601,0.07358497852067175,0.5142857142857142,0.4857142857142857,long,0.5142857142857142,0.05745078593114802
short_posts&volume_drop,98,0.012028382654509893,-0.0006401974671472188,0.04819619280126602,0.47959183673469385,0.5,long,0.47959183673469385,0.05710735632291396
has_tariff&exclamation_heavy,138,0.008075962763707395,0.00796807569115987,0.047603997141935715,0.6014492753623188,0.37681159420289856,long,0.6014492753623188,0.05706014317159425
has_attack&uppercase_phrase_heavy,41,0.015192026453996262,0.01058211974353851,0.06452583002234162,0.5853658536585366,0.4146341463414634,long,0.5853658536585366,0.05694230212876359
pre_deal&pre_action,34,0.016572942455750837,0.013000720429266255,0.055600689344758224,0.5882352941176471,0.38235294117647056,long,0.5882352941176471,0.05684472365618969
posts_high&has_relief,66,0.012791558675673251,0.005506449394762414,0.06604777128451246,0.5454545454545454,0.4393939393939394,long,0.5454545454545454,0.05668315305617662
open_deal&lots_of_excl,76,0.01085619961620579,0.011129864103320064,0.06086851486237761,0.5921052631578947,0.39473684210526316,long,0.5921052631578947,0.05603811754493615
volume_drop,308,0.006488788053304229,0.0,0.0509743248728818,0.4902597402597403,0.4935064935064935,long,0.4902597402597403,0.055829685044461626
pre_action&short_posts,49,0.014996220677786621,0.008620665560614471,0.05756442925105161,0.5306122448979592,0.42857142857142855,long,0.5306122448979592,0.05570024823177888
has_market_brag&has_all_caps,53,0.012256067073507664,0.013265241342681255,0.05703519573430268,0.6226415094339622,0.3584905660377358,long,0.6226415094339622,0.05555550940532905
has_market_brag&short_posts,84,0.01105807669116933,0.004883758018667028,0.05469970852255164,0.5476190476190477,0.4523809523809524,long,0.5476190476190477,0.05550061380913982
deal_heavy&has_uppercase_phrase,64,0.011663902203396782,0.015018883980434938,0.057074277880786596,0.59375,0.40625,long,0.59375,0.05540353546613472
has_tariff,143,0.007790955653696585,0.00796169123288859,0.04776600151713567,0.5944055944055944,0.3776223776223776,long,0.5944055944055944,0.05537855753364839
has_tariff&has_exclamation,143,0.007790955653696585,0.00796169123288859,0.04776600151713567,0.5944055944055944,0.3776223776223776,long,0.5944055944055944,0.05537855753364839
has_all_caps&deal_only,69,0.012362925326683797,0.005128145789068617,0.05270488538568954,0.5362318840579711,0.4492753623188406,long,0.5362318840579711,0.05506788854727416
has_all_caps&deal_over_tariff,84,0.010955397561121957,0.005417084429215402,0.05557526664590188,0.5476190476190477,0.44047619047619047,long,0.5476190476190477,0.05498526607714511
has_action&has_all_caps,56,0.013154962811535217,0.00722867237626823,0.06659270296482166,0.5535714285714286,0.42857142857142855,long,0.5535714285714286,0.05449508132400123
open_deal&has_night_post,74,0.010634473941361341,0.011129864103320064,0.061303947527773565,0.5945945945945946,0.3918918918918919,long,0.5945945945945946,0.05439422933850106
posts_very_high&has_iran,54,0.011675723219848626,0.015545710598913964,0.04765693483769153,0.6296296296296297,0.3333333333333333,long,0.6296296296296297,0.054021399170234234
has_tariff&has_positive,141,0.007551751940352129,0.00796169123288859,0.047972711024126515,0.5957446808510638,0.3829787234042553,long,0.5957446808510638,0.053421668193477
has_tariff&has_china,86,0.009525325596055564,0.009150663143233428,0.05026712967777329,0.6046511627906976,0.38372093023255816,long,0.6046511627906976,0.053411398283795056
has_relief&has_action,29,0.01593280283657402,0.00797446014943115,0.06390077225674902,0.6206896551724138,0.3448275862068966,long,0.6206896551724138,0.053255649795226276
has_tariff&has_deal,85,0.009208497881424952,0.00797446014943115,0.05149728676157584,0.6235294117647059,0.36470588235294116,long,0.6235294117647059,0.052936497022850464
has_tariff&has_night_post,130,0.00782974351059921,0.007323817976340297,0.04716324478533133,0.5923076923076923,0.3769230769230769,long,0.5923076923076923,0.05287697288017921
pre_relief&has_uppercase_phrase,20,0.01967815067761492,0.018147497061847928,0.06658745498758613,0.6,0.4,long,0.6,0.05280201910395662
has_positive&has_chips,31,0.01629770493209423,0.010101133359857295,0.05845447763268895,0.5806451612903226,0.3870967741935484,long,0.5806451612903226,0.05268877590009678
posts_very_high&open_deal,44,0.012574072922609314,0.015976344807562493,0.07091717694144098,0.6136363636363636,0.36363636363636365,long,0.6136363636363636,0.05118154605514959
has_tariff&lots_of_excl,133,0.007437389468258282,0.007936478833596938,0.04763058410751621,0.5864661654135338,0.39097744360902253,long,0.5864661654135338,0.05030246953025151
has_positive&open_deal,79,0.00969966267905945,0.011107276987543102,0.06046295511684152,0.5822784810126582,0.4050632911392405,long,0.5822784810126582,0.05019967636705805
has_deal&open_deal,81,0.009527130485365791,0.011107276987543102,0.05987018563753048,0.5802469135802469,0.4074074074074074,long,0.5802469135802469,0.04975279253468803
open_deal&has_exclamation,81,0.009527130485365791,0.011107276987543102,0.05987018563753048,0.5802469135802469,0.4074074074074074,long,0.5802469135802469,0.04975279253468803
open_deal,81,0.009527130485365791,0.011107276987543102,0.05987018563753048,0.5802469135802469,0.4074074074074074,long,0.5802469135802469,0.04975279253468803
posts_very_high&has_tariff,57,0.01094088508791548,0.012923949084856057,0.05521951472459007,0.5789473684210527,0.38596491228070173,long,0.5789473684210527,0.04782213583578578
has_china&pre_tariff,38,0.01217462608166971,0.01672732686119971,0.048867344918784514,0.631578947368421,0.3684210526315789,long,0.631578947368421,0.04739964347289857
silence_day&volume_drop,139,0.00773231722350635,0.00386099532790829,0.05435919637001258,0.5179856115107914,0.460431654676259,long,0.5179856115107914,0.047220954262213365
deal_heavy&has_action,54,0.011535583926170587,0.008425637555125598,0.057448145414933656,0.5555555555555556,0.4074074074074074,long,0.5555555555555556,0.047093824173615594
open_deal&exclamation_heavy,79,0.009038551472252854,0.008620665560614471,0.06055170138495133,0.569620253164557,0.4177215189873418,long,0.569620253164557,0.04576124206497954
has_deal&uppercase_phrase_heavy,27,0.01577259111174367,0.008620665560614471,0.0667424038368112,0.5555555555555556,0.4444444444444444,long,0.5555555555555556,0.04553154862091553
pre_deal&open_deal,29,0.01271190532756007,0.020242916894797958,0.06384476867721867,0.6551724137931034,0.3448275862068966,long,0.6551724137931034,0.044850289614842755
has_deal&has_relief,47,0.012693168411961503,0.001594944375012064,0.06882144266235535,0.5106382978723404,0.48936170212765956,long,0.5106382978723404,0.0444357336598106
posts_high&china_streak_3d,44,0.012799136827332684,0.006326379416203398,0.05540597989561286,0.5227272727272727,0.4318181818181818,long,0.5227272727272727,0.04437947697380427
sig_potus&deal_over_tariff,21,0.015610143190181391,0.015931513360075034,0.055006756086381094,0.6190476190476191,0.38095238095238093,long,0.6190476190476191,0.044283362672160646
deal_heavy&has_china,85,0.008082469732636413,0.008620665560614471,0.053256533149318795,0.5882352941176471,0.4,long,0.5882352941176471,0.043833346485156216
has_iran&has_russia,58,0.009510665521317038,0.013264796698661652,0.04386496589476276,0.603448275862069,0.3620689655172414,long,0.603448275862069,0.043708404730413285
deal_over_tariff&china_streak_3d,28,0.013535180616987556,0.009663522966796068,0.06626255706199677,0.6071428571428571,0.39285714285714285,long,0.6071428571428571,0.04348444797636747
has_attack&has_market_brag,131,0.007000910912461218,0.004395638144735425,0.05351954858214825,0.5419847328244275,0.45038167938931295,long,0.5419847328244275,0.043428742278233255
has_relief&attack_heavy,47,0.011834907876265687,0.005405580145452227,0.056071219751045544,0.5319148936170213,0.44680851063829785,long,0.5319148936170213,0.04315746841874649
posts_very_high&has_market_brag,62,0.009183039756906207,0.012209131026267972,0.05552639515702877,0.5967741935483871,0.4032258064516129,long,0.5967741935483871,0.04315114696887081
pre_action&deal_over_tariff,41,0.011325408009069617,0.01170953608924874,0.05014389041813221,0.5853658536585366,0.36585365853658536,long,0.5853658536585366,0.042449557768794006
pre_relief&deal_over_tariff,23,0.016958064239787577,0.001594944375012064,0.062417431083016416,0.5217391304347826,0.4782608695652174,long,0.5217391304347826,0.04243200994201847
pre_relief&lots_of_excl,42,0.011949030774968167,0.0020473119243078486,0.058751287157643654,0.5476190476190477,0.4523809523809524,long,0.5476190476190477,0.04240683597968756
posts_low&has_attack,28,-0.01242816002388172,-0.010252270130232166,0.04033649434031522,0.35714285714285715,0.6428571428571429,short,0.6428571428571429,0.042276626585107197
posts_high&pre_relief,32,0.013884433804509821,0.0018096028823038068,0.06454962471116808,0.53125,0.46875,long,0.53125,0.04172555350844468
has_relief&deal_over_tariff,44,0.012514687717357418,-0.0006731508486946258,0.07052639682956316,0.5,0.5,long,0.5,0.041506523526943846
deal_heavy&pre_action,27,0.014360035211341972,0.008620665560614471,0.05652858507739233,0.5555555555555556,0.37037037037037035,long,0.5555555555555556,0.04145385097420396
open_deal&deal_over_tariff,77,0.008161207213263539,0.011107276987543102,0.06018648769041077,0.5714285714285714,0.4155844155844156,long,0.5714285714285714,0.04092245865972301
has_china&open_deal,42,0.010181588185361579,0.014643208798865603,0.061628751064866184,0.6190476190476191,0.38095238095238093,long,0.6190476190476191,0.04084738228832945
posts_low&volume_drop,209,0.005785245269540596,0.0,0.05194940363988801,0.4880382775119617,0.49760765550239233,long,0.4880382775119617,0.04081772586553098
pre_relief&has_night_post,42,0.011464287206627172,0.0020473119243078486,0.05903909814011383,0.5476190476190477,0.4523809523809524,long,0.5476190476190477,0.04068649218093289
open_deal&short_posts,45,0.010778663857806892,0.005607318644072601,0.07188592648538926,0.5555555555555556,0.4222222222222222,long,0.5555555555555556,0.0401697084877939
has_action&has_market_brag,45,0.010334409456333571,0.0031949914851554517,0.052777129070943014,0.5777777777777777,0.4222222222222222,long,0.5777777777777777,0.04005463288957608
attack_heavy&has_iran,52,0.008990141670262545,0.013435442827574251,0.040960521978922734,0.6153846153846154,0.34615384615384615,long,0.6153846153846154,0.03989466678869794
positive_heavy&all_caps_heavy,22,0.011620713710778486,0.01784061774537371,0.05692002570001926,0.7272727272727273,0.2727272727272727,long,0.7272727272727273,0.039640711803223
has_market_brag&has_night_post,153,0.0057573814025221395,0.004395638144735425,0.051160156144772484,0.5490196078431373,0.4444444444444444,long,0.5490196078431373,0.03909836271693146
has_china&china_streak_3d,40,0.009882388150691628,0.009663522966796068,0.04504819329318576,0.625,0.35,long,0.625,0.039063569097556046
has_action&has_iran,36,0.011075015763017802,0.013094595213768656,0.052477682315231367,0.5833333333333334,0.3888888888888889,long,0.5833333333333334,0.03876255517056231
has_positive&pre_relief,43,0.010912803845515838,0.0020242613895955497,0.05844400765571062,0.5348837209302325,0.46511627906976744,long,0.5348837209302325,0.03827630064951026
has_relief&pre_relief,43,0.010912803845515838,0.0020242613895955497,0.05844400765571062,0.5348837209302325,0.46511627906976744,long,0.5348837209302325,0.03827630064951026
pre_relief&exclamation_heavy,43,0.010912803845515838,0.0020242613895955497,0.05844400765571062,0.5348837209302325,0.46511627906976744,long,0.5348837209302325,0.03827630064951026
pre_relief,43,0.010912803845515838,0.0020242613895955497,0.05844400765571062,0.5348837209302325,0.46511627906976744,long,0.5348837209302325,0.03827630064951026
pre_relief&has_exclamation,43,0.010912803845515838,0.0020242613895955497,0.05844400765571062,0.5348837209302325,0.46511627906976744,long,0.5348837209302325,0.03827630064951026
open_deal&deal_only,61,0.008777770504819662,0.008620665560614471,0.060331750556632716,0.5573770491803278,0.4426229508196721,long,0.5573770491803278,0.03821186383893976
positive_heavy&pre_relief,42,0.011123338164241926,0.0018096028823038068,0.05913593989731752,0.5238095238095238,0.47619047619047616,long,0.5238095238095238,0.037760103513081726
posts_very_high&pre_relief,22,0.014726127238095042,0.006588356304346288,0.07126122710621846,0.5454545454545454,0.45454545454545453,long,0.5454545454545454,0.03767545051566876
has_tariff&positive_heavy,119,0.0059249740055086295,0.006493482734830636,0.04915348675896218,0.5798319327731093,0.3949579831932773,long,0.5798319327731093,0.03747676188388877
deal_heavy&has_all_caps,48,0.009948278579315363,0.006099752902096411,0.058260253102959694,0.5416666666666666,0.4375,long,0.5416666666666666,0.03733366855231723
has_relief&has_uppercase_phrase,41,0.010849491315372294,0.00797446014943115,0.05742574147509507,0.5365853658536586,0.43902439024390244,long,0.5365853658536586,0.03727692921258794
has_deal&pre_relief,24,0.01520457391119955,-0.0007206403756137569,0.061646903200045046,0.5,0.5,long,0.5,0.037243447838872006
has_china&uppercase_phrase_heavy,34,0.01195500811230025,0.0021257035826407478,0.06887284002682,0.5294117647058824,0.47058823529411764,long,0.5294117647058824,0.036904805579280754
positive_heavy&sig_potus,49,0.009728874532478048,0.0014144605557084855,0.052337315483449276,0.5306122448979592,0.42857142857142855,long,0.5306122448979592,0.036135819692061324
has_attack&sig_potus,50,0.009444871296821776,0.0035521475123763135,0.04655736598357393,0.54,0.42,long,0.54,0.03606407572365104
pre_action&has_all_caps,28,0.01466580582543972,-0.0026408453498614204,0.07752975512080067,0.4642857142857143,0.5,long,0.4642857142857143,0.036030498205441866
has_tariff&has_all_caps,40,0.009780343733103922,0.007233971442130893,0.058491305490864114,0.575,0.425,long,0.575,0.03556738687035669
attack_heavy&has_market_brag,75,0.0072793368198723896,0.011494312967679887,0.051475150721804,0.56,0.4266666666666667,long,0.56,0.03530290740879235
posts_high&has_chips,23,0.01298772369307176,0.008620665560614471,0.05590437783999054,0.5652173913043478,0.391304347826087,long,0.5652173913043478,0.03520565874534858
pre_deal&has_all_caps,45,0.00981746146541079,0.005706023069362187,0.05396351262935422,0.5333333333333333,0.4444444444444444,long,0.5333333333333333,0.035124017925029165
has_market_brag&has_exclamation,172,0.004990438406320521,0.002985912740732344,0.052631334509904634,0.5290697674418605,0.46511627906976744,long,0.5290697674418605,0.03462707986450447
has_market_brag,172,0.004990438406320521,0.002985912740732344,0.052631334509904634,0.5290697674418605,0.46511627906976744,long,0.5290697674418605,0.03462707986450447
posts_high&uppercase_phrase_heavy,43,0.009445917454320439,0.0050591162448136995,0.0698696951491736,0.5581395348837209,0.4418604651162791,long,0.5581395348837209,0.03457173377432792
has_positive&high_emotion,24,0.01409232576226506,-0.0009512449697522407,0.0681580993710493,0.5,0.5,long,0.5,0.03451900740662739
has_night_post&volume_drop,127,0.006374043849621687,-0.0012803949342944376,0.05026289439015957,0.48031496062992124,0.5039370078740157,long,0.48031496062992124,0.03450190073771984
positive_heavy&volume_drop,50,0.009753949688715225,0.0007962040062683418,0.04874131799956188,0.5,0.48,long,0.5,0.034485419841214754
has_tariff&open_deal,20,0.011812678426031481,0.016699341081443553,0.05992152508298052,0.65,0.3,long,0.65,0.0343381375440371
has_iran&volume_spike,38,0.00920146781072985,0.017216251710430397,0.055064854750998975,0.6052631578947368,0.34210526315789475,long,0.6052631578947368,0.03433152924914793
posts_low&high_emotion,56,-0.007870499891378373,-0.004203492443497103,0.05648448988958689,0.39285714285714285,0.5714285714285714,short,0.5714285714285714,0.03365567320706216
has_tariff&has_action,43,0.009562865036183086,0.0031348788718916776,0.048807789216107046,0.5348837209302325,0.3953488372093023,long,0.5348837209302325,0.033541434664936164
has_deal&sig_potus,23,0.01232951960248194,0.010706380372977664,0.05356903369692334,0.5652173913043478,0.43478260869565216,long,0.5652173913043478,0.0334214732217176
has_deal&pre_tariff,41,0.008548913965905345,0.01602117625504995,0.05047272742959486,0.6097560975609756,0.3902439024390244,long,0.6097560975609756,0.03337790135293701
posts_low&has_positive,95,0.006837005325084652,-0.002227201837377124,0.05206943663247414,0.49473684210526314,0.5052631578947369,long,0.49473684210526314,0.03296871144615053
deal_heavy&has_iran,43,0.008194816102848314,0.012923949084856057,0.048613467172228086,0.6046511627906976,0.37209302325581395,long,0.6046511627906976,0.03249214123539734
pre_tariff&has_night_post,60,0.007180852783231462,0.007336424175986123,0.04863911445446187,0.5833333333333334,0.4,long,0.5833333333333334,0.03244654378119307
has_market_brag&pre_deal,40,0.008192265985129482,0.012485968240510181,0.043429829478781906,0.625,0.375,long,0.625,0.032382774638665325
has_attack&pre_relief,35,0.010517672784760361,0.001594944375012064,0.0627021302122285,0.5142857142857142,0.4857142857142857,long,0.5142857142857142,0.03200060125397716
has_tariff&short_posts,43,0.00948986711472429,0.0011210633480362997,0.06216531078363824,0.5116279069767442,0.4186046511627907,long,0.5116279069767442,0.03183820568812079
open_deal&volume_spike,23,0.010165202519989685,0.01932366025010457,0.050486257423472916,0.6521739130434783,0.30434782608695654,long,0.6521739130434783,0.03179386870840723
has_market_brag&exclamation_heavy,168,0.004590808825565902,0.002985912740732344,0.052798861614550816,0.5297619047619048,0.4642857142857143,long,0.5297619047619048,0.031522784546505825
pre_tariff&lots_of_excl,60,0.007176029124553946,0.005548285052390134,0.04764350065907645,0.5666666666666667,0.43333333333333335,long,0.5666666666666667,0.03149832679680307
has_china&has_iran,45,0.0071560527770566104,0.01570673722626892,0.049755279266164736,0.6444444444444445,0.35555555555555557,long,0.6444444444444445,0.030936079556144476
has_attack&has_iran,90,0.0061102915288850845,0.007908580836516466,0.050630726108219365,0.5333333333333333,0.43333333333333335,long,0.5333333333333333,0.03091590143825503
positive_heavy&has_market_brag,138,0.004804229081524759,0.0031649351785235647,0.053246479653309225,0.5434782608695652,0.4492753623188406,long,0.5434782608695652,0.030672235356817915
has_iran&pre_deal,41,0.007517246846860758,0.013265241342681255,0.04274043149038899,0.6341463414634146,0.36585365853658536,long,0.6341463414634146,0.030523914697107173
attack_heavy&open_deal,44,0.00718296259486735,0.016699341081443553,0.048931805636333654,0.6363636363636364,0.3409090909090909,long,0.6363636363636364,0.030320425940423314
deal_heavy&uppercase_phrase_heavy,20,0.012063680373496966,0.015658782951681105,0.0650332661007192,0.55,0.45,long,0.55,0.029672730311366198
has_market_brag&lots_of_excl,161,0.004399911281993371,0.00283694660957301,0.05341944727853896,0.5279503105590062,0.4658385093167702,long,0.5279503105590062,0.02947473487687628
pre_tariff&exclamation_heavy,61,0.006512578189141318,0.006711157119083655,0.04838930550357734,0.5737704918032787,0.4262295081967213,long,0.5737704918032787,0.029184756707983938
has_action&uppercase_phrase_heavy,27,0.0100407726552978,0.00283694660957301,0.07648627980298978,0.5555555555555556,0.4444444444444444,long,0.5555555555555556,0.028985213977040094
has_iran&short_posts,49,0.008036358371676385,0.008230609549636725,0.05212303034161663,0.5102040816326531,0.4489795918367347,long,0.5102040816326531,0.02870127989884423
has_tariff&attack_heavy,68,0.0063954773348893785,0.004899666377942369,0.051310225424919684,0.5441176470588235,0.4264705882352941,long,0.5441176470588235,0.02869592521722728
has_relief&pre_deal,30,0.011181258186579102,-0.004140376031197934,0.07635176314887596,0.4666666666666667,0.5333333333333333,long,0.4666666666666667,0.028579727540367184
posts_high&open_tariff,24,0.010610817214683288,0.004547761748733725,0.04946924309659899,0.5416666666666666,0.375,long,0.5416666666666666,0.028157011924073373
exclamation_heavy&tariff_only,54,0.0066457240039948405,0.011274088322064224,0.04071031645046251,0.5740740740740741,0.3888888888888889,long,0.5740740740740741,0.028035423123097376
has_relief&volume_spike,26,0.010968561284904003,-0.0005059818683220141,0.06164553579828923,0.5,0.5,long,0.5,0.02796445401388193
open_deal&has_uppercase_phrase,36,0.006937867640831014,0.014643208798865603,0.062120597104423705,0.6666666666666666,0.3333333333333333,long,0.6666666666666666,0.027751470563324054
posts_very_high&pre_tariff,25,0.009801394085105808,0.01602117625504995,0.04767272855452533,0.56,0.44,long,0.56,0.027443903438296266
uppercase_phrase_heavy&short_posts,32,0.009033149770382429,0.0057288060850937406,0.07795835766040668,0.53125,0.46875,long,0.53125,0.02714645619697226
has_action&open_deal,28,0.008957037527516155,0.015829946951001705,0.0481876162120062,0.5714285714285714,0.39285714285714285,long,0.5714285714285714,0.02708353575049212
posts_high&has_market_brag,104,0.00517611171075274,0.0013580038615241818,0.052999942671496054,0.5096153846153846,0.4807692307692308,long,0.5096153846153846,0.02690065412954251
posts_very_high&uppercase_phrase_heavy,37,0.008123629149591872,0.00283694660957301,0.070347909518286,0.5405405405405406,0.4594594594594595,long,0.5405405405405406,0.026710328108743693
posts_very_high&open_tariff,21,0.01109948245154672,0.0011210633480362997,0.050767059440489516,0.5238095238095238,0.38095238095238093,long,0.5238095238095238,0.026643162076167404
has_positive&pre_tariff,63,0.005859416922909641,0.006711157119083655,0.048310366265589676,0.5714285714285714,0.42857142857142855,long,0.5714285714285714,0.026575817152906682
sig_potus&has_all_caps,20,-0.013165269657054246,0.0005605316740181499,0.057996092302175985,0.5,0.45,short,0.45,0.026494594105759776
lots_of_excl&tariff_rising,25,0.00826449933105943,0.00797446014943115,0.03192364469198058,0.64,0.36,long,0.64,0.026446397859390177
posts_high&has_tariff,91,0.005004785753629285,0.0050591162448136995,0.05051803511745586,0.5494505494505495,0.4175824175824176,long,0.5494505494505495,0.026232205082857292
has_positive&has_market_brag,167,0.0038219952118291023,0.00283694660957301,0.051637565871264,0.5269461077844312,0.46706586826347307,long,0.5269461077844312,0.026026428468018784
pre_tariff,64,0.005767863533489178,0.004923017995487666,0.047931013358247176,0.5625,0.421875,long,0.5625,0.025955385900701303
has_tariff&pre_tariff,64,0.005767863533489178,0.004923017995487666,0.047931013358247176,0.5625,0.421875,long,0.5625,0.025955385900701303
pre_tariff&has_exclamation,64,0.005767863533489178,0.004923017995487666,0.047931013358247176,0.5625,0.421875,long,0.5625,0.025955385900701303
has_exclamation&volume_drop,157,0.004414232817946374,-0.003603631262161233,0.04809114923246083,0.4585987261146497,0.5286624203821656,long,0.4585987261146497,0.02536517748232479
has_tariff&has_attack,112,0.00434666757912972,0.001747110779804606,0.0485015571620254,0.5446428571428571,0.42857142857142855,long,0.5446428571428571,0.025054010293603886
has_market_brag&volume_spike,37,0.007239077117262424,0.009191204885121484,0.04861833919950751,0.5675675675675675,0.43243243243243246,long,0.5675675675675675,0.024992035889169876
has_market_brag&has_uppercase_phrase,68,0.005618278510829403,0.003982546199320813,0.062354576356689985,0.5294117647058824,0.45588235294117646,long,0.5294117647058824,0.024527388424539734
has_tariff&deal_over_tariff,43,0.005845364836284601,0.00796169123288859,0.05120041581483549,0.627906976744186,0.3488372093023256,long,0.627906976744186,0.024068064076358798
has_tariff&tariff_only,58,0.005713523078577428,0.005885136681948677,0.04205244614617104,0.5517241379310345,0.39655172413793105,long,0.5517241379310345,0.024007114704310478
has_exclamation&tariff_only,58,0.005713523078577428,0.005885136681948677,0.04205244614617104,0.5517241379310345,0.39655172413793105,long,0.5517241379310345,0.024007114704310478
tariff_only,58,0.005713523078577428,0.005885136681948677,0.04205244614617104,0.5517241379310345,0.39655172413793105,long,0.5517241379310345,0.024007114704310478
positive_heavy&pre_tariff,54,0.00582300312941997,0.005548285052390134,0.050470767033246364,0.5555555555555556,0.4444444444444444,long,0.5555555555555556,0.023772310729514277
open_tariff&has_exclamation,30,0.008111539186963938,0.0021580274165958757,0.04768251960703752,0.5333333333333333,0.4,long,0.5333333333333333,0.02369532260686541
open_tariff&exclamation_heavy,30,0.008111539186963938,0.0021580274165958757,0.04768251960703752,0.5333333333333333,0.4,long,0.5333333333333333,0.02369532260686541
open_tariff,30,0.008111539186963938,0.0021580274165958757,0.04768251960703752,0.5333333333333333,0.4,long,0.5333333333333333,0.02369532260686541
has_tariff&open_tariff,30,0.008111539186963938,0.0021580274165958757,0.04768251960703752,0.5333333333333333,0.4,long,0.5333333333333333,0.02369532260686541
attack_heavy&pre_relief,24,0.009547124627312054,-0.0005059818683220141,0.06602062310401749,0.5,0.5,long,0.5,0.023385583847673544
uppercase_phrase_heavy&deal_over_tariff,24,0.00879288074110276,0.0057288060850937406,0.06010574914710155,0.5416666666666666,0.4583333333333333,long,0.5416666666666666,0.02333291045025087
posts_high&has_iran,76,0.004504548824069682,0.011300794977611495,0.0487886795963014,0.5526315789473685,0.42105263157894735,long,0.5526315789473685,0.02170170185882417
sig_potus&exclamation_heavy,59,0.005369786247122115,0.0014144605557084855,0.05570713779081124,0.5254237288135594,0.4406779661016949,long,0.5254237288135594,0.02167168533509163
lots_of_excl&volume_drop,86,0.0051261852302858955,-0.0026122775886824323,0.051118478998035746,0.45348837209302323,0.5348837209302325,long,0.45348837209302323,0.021558060004113155
has_deal&has_market_brag,80,0.004185825603261613,0.005080838457338421,0.048951700409127545,0.575,0.425,long,0.575,0.021527518358959677
has_china&pre_relief,20,0.009592543270923532,-0.0005059818683220141,0.0693699644811707,0.5,0.5,long,0.5,0.021449578830893202
has_relief&has_market_brag,21,0.00804075083173117,0.0031949914851554517,0.06137398423498945,0.5714285714285714,0.42857142857142855,long,0.5714285714285714,0.02105562818896412
has_positive&tariff_only,56,0.005037048279795168,0.005885136681948677,0.042392189890554224,0.5535714285714286,0.4107142857142857,long,0.5535714285714286,0.02086622057187891
sig_potus&has_uppercase_phrase,30,-0.00809750075211052,0.0,0.05191324165024882,0.4666666666666667,0.4666666666666667,short,0.4666666666666667,0.020697524499614574
open_tariff&has_night_post,29,0.0073965493816328335,0.0011210633480362997,0.048362583138534726,0.5172413793103449,0.41379310344827586,long,0.5172413793103449,0.02060257108148359
has_china&tariff_only,22,0.00875980427138849,0.008038573907281132,0.039674155809063485,0.5,0.45454545454545453,long,0.5,0.020543562003744582
has_tariff&has_uppercase_phrase,55,0.005198166446508046,0.001824872606453587,0.05471651376541268,0.5272727272727272,0.43636363636363634,long,0.5272727272727272,0.02032669799912123
has_night_post&tariff_only,50,0.005300357537374345,0.003364232598984662,0.0366802914174386,0.54,0.4,long,0.54,0.020238761289909396
has_positive&volume_drop,129,0.003786666719074349,-0.003603631262161233,0.04886926064750965,0.46511627906976744,0.5271317829457365,long,0.46511627906976744,0.02000384486857252
open_deal&has_all_caps,27,0.006412759458411425,0.008620665560614471,0.0692432890746646,0.5925925925925926,0.4074074074074074,long,0.5925925925925926,0.019746178130998156
posts_high&brag_heavy,29,0.006957567381943565,0.0011210633480362997,0.058153428135114336,0.5172413793103449,0.4827586206896552,long,0.5172413793103449,0.019379817418194535
high_emotion&short_posts,59,-0.004323385003891413,-0.010000071056275206,0.054817036246142564,0.3898305084745763,0.576271186440678,short,0.576271186440678,0.01913713070385323
attack_heavy&china_streak_3d,32,0.005897785264019278,0.007155250014829306,0.0401303425039674,0.5625,0.40625,long,0.5625,0.018766637793765556
has_iran&open_deal,22,0.006260087787307452,0.01835058307897086,0.0611438172608156,0.6363636363636364,0.3181818181818182,long,0.6363636363636364,0.0186851728098414
open_tariff&lots_of_excl,29,0.006690915197239885,0.0011210633480362997,0.0478760481099869,0.5172413793103449,0.41379310344827586,long,0.5172413793103449,0.01863707640398154
has_positive&open_tariff,29,0.006690915197239885,0.0011210633480362997,0.0478760481099869,0.5172413793103449,0.41379310344827586,long,0.5172413793103449,0.01863707640398154
has_tariff&has_market_brag,34,0.0054091241554940755,0.0031649351785235647,0.035075960929620745,0.5882352941176471,0.4117647058823529,long,0.5882352941176471,0.01855314279054804
has_attack&open_tariff,28,0.007001198393776069,0.0005605316740181499,0.048906534694495615,0.5,0.42857142857142855,long,0.5,0.01852342982935634
attack_heavy&open_tariff,21,0.007680461268212509,0.0011210633480362997,0.05076902260628902,0.5238095238095238,0.38095238095238093,long,0.5238095238095238,0.01843615459387447
positive_heavy&has_iran,92,0.0033782211268749167,0.011300794977611495,0.0493715109191042,0.5652173913043478,0.40217391304347827,long,0.5652173913043478,0.018314602769464405
has_uppercase_phrase&china_streak_3d,29,0.005761945505169481,0.008620665560614471,0.044210835825636174,0.5862068965517241,0.3793103448275862,long,0.5862068965517241,0.01818942912538324
posts_very_high&sig_potus,29,0.006054319885562425,0.0014144605557084855,0.06482679519958588,0.5517241379310345,0.41379310344827586,long,0.5517241379310345,0.01798814365730503
has_tariff&deal_heavy,56,0.003904272721824077,0.007227586983859613,0.047752290123521765,0.6071428571428571,0.375,long,0.6071428571428571,0.01773883319879157
pre_tariff&has_uppercase_phrase,25,0.006211370426450009,0.01602117625504995,0.04905762445796957,0.56,0.44,long,0.56,0.017391837194060025
has_market_brag&deal_over_tariff,70,0.003592645693137732,0.005080838457338421,0.04983042720126239,0.5714285714285714,0.42857142857142855,long,0.5714285714285714,0.01717613166256084
has_night_post&sig_potus,59,0.004396603909530273,0.0011210633480362997,0.05579141133105283,0.5084745762711864,0.4576271186440678,long,0.5084745762711864,0.017171672249873367
has_deal&has_iran,77,0.0036708169618416817,0.004709884685489829,0.04663218309662831,0.5324675324675324,0.44155844155844154,long,0.5324675324675324,0.01715146509902109
pre_tariff&pre_deal,30,0.005836158256500523,0.004893281919671089,0.053509668660922376,0.5333333333333333,0.4666666666666667,long,0.5333333333333333,0.01704850947336191
has_positive&uppercase_phrase_heavy,47,0.004591109790143223,0.00283694660957301,0.07025265295240833,0.5319148936170213,0.46808510638297873,long,0.5319148936170213,0.016742054762628543
uppercase_phrase_heavy&lots_of_excl,47,0.004591109790143223,0.00283694660957301,0.07025265295240833,0.5319148936170213,0.46808510638297873,long,0.5319148936170213,0.016742054762628543
has_night_post&uppercase_phrase_heavy,47,0.004591109790143223,0.00283694660957301,0.07025265295240833,0.5319148936170213,0.46808510638297873,long,0.5319148936170213,0.016742054762628543
uppercase_phrase_heavy,47,0.004591109790143223,0.00283694660957301,0.07025265295240833,0.5319148936170213,0.46808510638297873,long,0.5319148936170213,0.016742054762628543
uppercase_phrase_heavy&exclamation_heavy,47,0.004591109790143223,0.00283694660957301,0.07025265295240833,0.5319148936170213,0.46808510638297873,long,0.5319148936170213,0.016742054762628543
uppercase_phrase_heavy&has_exclamation,47,0.004591109790143223,0.00283694660957301,0.07025265295240833,0.5319148936170213,0.46808510638297873,long,0.5319148936170213,0.016742054762628543
has_uppercase_phrase&uppercase_phrase_heavy,47,0.004591109790143223,0.00283694660957301,0.07025265295240833,0.5319148936170213,0.46808510638297873,long,0.5319148936170213,0.016742054762628543
has_iran&deal_over_tariff,69,0.0037823643513611965,0.004709884685489829,0.047628815173445166,0.5217391304347826,0.4492753623188406,long,0.5217391304347826,0.01639235372831351
has_iran&exclamation_heavy,118,0.002796849779379295,0.008096150391262658,0.04852339533513339,0.5338983050847458,0.4406779661016949,long,0.5338983050847458,0.01622066617691796
has_iran&deal_only,60,0.004154409499255155,0.0023549423427449145,0.04929533615699325,0.5,0.48333333333333334,long,0.5,0.01608995880394111
has_positive&has_iran,115,0.0028115358370733113,0.00796169123288859,0.049135553124933756,0.5304347826086957,0.4434782608695652,long,0.5304347826086957,0.01599280118832599
sig_potus&lots_of_excl,55,0.004199018325227413,0.0011210633480362997,0.057248775197821365,0.509090909090909,0.45454545454545453,long,0.509090909090909,0.015853474433154147
lots_of_excl&tariff_only,51,0.004174451483686498,0.001669348953155625,0.04273791821489664,0.5294117647058824,0.43137254901960786,long,0.5294117647058824,0.015782583440737928
positive_heavy&open_tariff,28,0.005899653470656812,0.0005605316740181499,0.04856109488218603,0.5,0.42857142857142855,long,0.5,0.015609015904817022
has_positive&sig_potus,58,0.003904769374324567,0.0012677619518723926,0.05606049352496281,0.5172413793103449,0.4482758620689655,long,0.5172413793103449,0.01538164013047349
sig_potus&has_exclamation,61,0.0038198904272838882,0.0011210633480362997,0.05547802340896731,0.5081967213114754,0.45901639344262296,long,0.5081967213114754,0.015161692411843942
sig_potus,61,0.0038198904272838882,0.0011210633480362997,0.05547802340896731,0.5081967213114754,0.45901639344262296,long,0.5081967213114754,0.015161692411843942
has_night_post&high_emotion,41,-0.004217730770358772,-0.010000071056275206,0.057215602233233236,0.4146341463414634,0.5609756097560976,short,0.5609756097560976,0.015150074263925933
posts_high&pre_tariff,41,0.00436266894828774,0.001824872606453587,0.047498393550623796,0.5365853658536586,0.4634146341463415,long,0.5365853658536586,0.01498935727363151
has_market_brag&has_iran,29,0.004245612199738624,0.011494312967679887,0.052316582956774944,0.6551724137931034,0.3448275862068966,long,0.6551724137931034,0.014979417470782536
has_russia&sig_potus,35,0.004650351357705282,0.005689834469044142,0.044973327731282146,0.5428571428571428,0.42857142857142855,long,0.5428571428571428,0.014935004096599178
has_all_caps&uppercase_phrase_heavy,39,0.004210191607589173,0.00283694660957301,0.07367315877513457,0.5384615384615384,0.46153846153846156,long,0.5384615384615384,0.014157574395067448
exclamation_heavy&volume_drop,114,0.002944961051691587,-0.0033759880516227025,0.047916851026196916,0.4473684210526316,0.5350877192982456,long,0.4473684210526316,0.014066864557042725
has_attack&tariff_rising,20,0.005718775500488804,0.007233971442130893,0.03445230334181994,0.55,0.45,long,0.55,0.014066327843868683
has_iran&has_night_post,113,0.002521677898737755,0.004709884685489829,0.049230386078811805,0.5221238938053098,0.45132743362831856,long,0.5221238938053098,0.013995950633837406
all_caps_heavy&has_uppercase_phrase,27,-0.005996020922850713,0.00283694660957301,0.06633620878178371,0.5555555555555556,0.4444444444444444,short,0.4444444444444444,0.013847217175497948
posts_high&tariff_only,29,-0.004615972836813433,-0.00523577023169286,0.041470154686166785,0.3793103448275862,0.5517241379310345,short,0.5517241379310345,0.013714634191170492
attack_heavy&pre_tariff,33,0.004366984164338457,0.001824872606453587,0.04144256221038488,0.5454545454545454,0.45454545454545453,long,0.5454545454545454,0.01368349860462643
high_emotion,68,-0.0029692938986010924,-0.004203492443497103,0.05908485820511639,0.4117647058823529,0.5588235294117647,short,0.5588235294117647,0.01368303148066193
pre_tariff&volume_spike,20,-0.0055503707807490425,-0.011544931615287135,0.044058511157748656,0.45,0.55,short,0.55,0.013652107002691784
posts_low&volume_spike,39,0.0042414901607430704,0.003662967910337489,0.06503942220112219,0.5128205128205128,0.46153846153846156,long,0.5128205128205128,0.013583639776444601
deal_over_tariff&volume_drop,27,0.005850680323802422,-0.0039111835171633524,0.041361036352259586,0.4444444444444444,0.5185185185185185,long,0.4444444444444444,0.0135115674395591
deal_only&volume_drop,27,0.005850680323802422,-0.0039111835171633524,0.041361036352259586,0.4444444444444444,0.5185185185185185,long,0.4444444444444444,0.0135115674395591
posts_high&sig_potus,40,0.004051793255294936,0.0012677619518723926,0.05710171046388636,0.525,0.425,long,0.525,0.013453540059582096
has_tariff&tariff_rising,26,0.0042836265416250335,0.007233971442130893,0.03728787174283571,0.6153846153846154,0.38461538461538464,long,0.6153846153846154,0.013441412507501551
exclamation_heavy&tariff_rising,26,0.0042836265416250335,0.007233971442130893,0.03728787174283571,0.6153846153846154,0.38461538461538464,long,0.6153846153846154,0.013441412507501551
has_positive&tariff_rising,26,0.0042836265416250335,0.007233971442130893,0.03728787174283571,0.6153846153846154,0.38461538461538464,long,0.6153846153846154,0.013441412507501551
has_exclamation&tariff_rising,26,0.0042836265416250335,0.007233971442130893,0.03728787174283571,0.6153846153846154,0.38461538461538464,long,0.6153846153846154,0.013441412507501551
tariff_rising,26,0.0042836265416250335,0.007233971442130893,0.03728787174283571,0.6153846153846154,0.38461538461538464,long,0.6153846153846154,0.013441412507501551
has_market_brag&deal_only,55,0.003305065633940719,0.005128145789068617,0.053409990700018846,0.5454545454545454,0.45454545454545453,long,0.5454545454545454,0.013369648775008925
attack_heavy&tariff_only,23,-0.005288642572638497,-0.008639374041143233,0.042325389594151996,0.43478260869565216,0.5217391304347826,short,0.5217391304347826,0.0132330984862922
deal_heavy&has_market_brag,37,0.003813952185315583,0.0031949914851554517,0.04178607718227853,0.5675675675675675,0.43243243243243246,long,0.5675675675675675,0.013167207414835659
has_market_brag&pre_action,22,0.004689944073606501,0.0031649351785235647,0.05848140517814963,0.5909090909090909,0.4090909090909091,long,0.5909090909090909,0.012998692670088524
has_night_post&tariff_rising,24,0.004237384860827679,0.007233971442130893,0.038224864657257496,0.625,0.375,long,0.625,0.012974288441027656
uppercase_phrase_heavy&volume_spike,21,0.00534453007667955,0.00283694660957301,0.07728566670164247,0.5238095238095238,0.47619047619047616,long,0.5238095238095238,0.012828992853993998
brag_heavy&has_night_post,37,0.003819110738932176,0.001594944375012064,0.05639116331397491,0.5405405405405406,0.4594594594594595,long,0.5405405405405406,0.01255715875774929
has_relief&has_china,37,0.004069577164974494,0.0,0.05838699794927027,0.4864864864864865,0.4864864864864865,long,0.4864864864864865,0.012042618564290647
has_tariff&has_russia,61,0.002850083738324254,0.001669348953155625,0.04940869214003663,0.5245901639344263,0.45901639344262296,long,0.5245901639344263,0.011677306540880698
posts_low&has_uppercase_phrase,25,-0.0043665324244801075,-0.0034601998650573007,0.05090389318847569,0.48,0.52,short,0.52,0.01135298430364828
has_market_brag&has_china,70,0.0023915755136872355,0.004844237109993044,0.05829816038420502,0.5571428571428572,0.44285714285714284,long,0.5571428571428572,0.011148069953836073
has_china&volume_drop,32,0.005056402056354693,-0.006256853067291068,0.06233664977917775,0.375,0.59375,long,0.375,0.010726248547362021
has_positive&all_caps_heavy,28,-0.0046866393734411715,0.00670953317655576,0.06546385895646788,0.5714285714285714,0.42857142857142855,short,0.42857142857142855,0.010628299085801924
all_caps_heavy&has_exclamation,28,-0.0046866393734411715,0.00670953317655576,0.06546385895646788,0.5714285714285714,0.42857142857142855,short,0.42857142857142855,0.010628299085801924
has_night_post&all_caps_heavy,28,-0.0046866393734411715,0.00670953317655576,0.06546385895646788,0.5714285714285714,0.42857142857142855,short,0.42857142857142855,0.010628299085801924
has_all_caps&all_caps_heavy,28,-0.0046866393734411715,0.00670953317655576,0.06546385895646788,0.5714285714285714,0.42857142857142855,short,0.42857142857142855,0.010628299085801924
all_caps_heavy&exclamation_heavy,28,-0.0046866393734411715,0.00670953317655576,0.06546385895646788,0.5714285714285714,0.42857142857142855,short,0.42857142857142855,0.010628299085801924
all_caps_heavy&lots_of_excl,28,-0.0046866393734411715,0.00670953317655576,0.06546385895646788,0.5714285714285714,0.42857142857142855,short,0.42857142857142855,0.010628299085801924
all_caps_heavy,28,-0.0046866393734411715,0.00670953317655576,0.06546385895646788,0.5714285714285714,0.42857142857142855,short,0.42857142857142855,0.010628299085801924
attack_heavy&uppercase_phrase_heavy,34,0.003411052280204725,0.0021257035826407478,0.06076864154136824,0.5294117647058824,0.47058823529411764,long,0.5294117647058824,0.010529831518240301
has_uppercase_phrase&volume_drop,32,0.004461110420438098,-0.003931882364701655,0.05532546273573359,0.40625,0.5625,long,0.40625,0.010252064647219688
positive_heavy&tariff_rising,25,0.0033011218616273963,0.006493482734830636,0.037711724214599875,0.6,0.4,long,0.6,0.009903365584882189
has_deal&volume_drop,30,0.004165231129571497,-0.004345154942244078,0.04042038380642362,0.43333333333333335,0.5333333333333333,long,0.43333333333333335,0.009886027869852473
attack_heavy&brag_heavy,24,0.004014556855083891,-0.00043949843732349336,0.05576414548968105,0.5,0.5,long,0.5,0.009833615838347883
has_relief&has_all_caps,24,0.004009214205503177,0.0025166070385149175,0.06903375051025834,0.5,0.5,long,0.5,0.009820529073000638
has_russia&tariff_only,23,-0.00418930174369638,0.0,0.040596422812643154,0.4782608695652174,0.4782608695652174,short,0.4782608695652174,0.009608827782346454
has_iran&lots_of_excl,114,0.001716347109359951,0.003267378645971708,0.049450818827521545,0.5175438596491229,0.45614035087719296,long,0.5175438596491229,0.009484287467217129
posts_very_high&all_caps_heavy,22,-0.005359781919404611,0.013921234134417704,0.06352958467912079,0.6363636363636364,0.36363636363636365,short,0.36363636363636365,0.009141674757815294
posts_low&exclamation_heavy,42,-0.0023725753753922633,-0.010920307812085417,0.04013632228126054,0.42857142857142855,0.5714285714285714,short,0.5714285714285714,0.008786311883054254
has_attack&all_caps_heavy,25,0.002921819342937755,0.01058211974353851,0.05719107817925897,0.6,0.4,long,0.6,0.008765458028813265
deal_heavy&pre_tariff,23,-0.003420460801749659,-0.003921598436062768,0.04533701529205077,0.4782608695652174,0.5217391304347826,short,0.5217391304347826,0.008558584558584267
has_deal&open_tariff,20,0.0034229228645207,0.0021580274165958757,0.0525390285588053,0.55,0.4,long,0.55,0.008419277027487248
has_attack&brag_heavy,32,0.0029936931629045566,-0.00252915800842185,0.05754584879820625,0.46875,0.53125,long,0.46875,0.00793822776105606
has_iran,121,0.001375126666467129,0.004709884685489829,0.04897691120763003,0.5206611570247934,0.45454545454545453,long,0.5206611570247934,0.007875725453402649
has_iran&has_exclamation,121,0.001375126666467129,0.004709884685489829,0.04897691120763003,0.5206611570247934,0.45454545454545453,long,0.5206611570247934,0.007875725453402649
positive_heavy&brag_heavy,35,0.0025142367418792815,0.0011210633480362997,0.05817390461854305,0.5142857142857142,0.4857142857142857,long,0.5142857142857142,0.0076497043672585354
has_deal&tariff_rising,20,0.002702871378890964,0.007233971442130893,0.04137496757437893,0.6,0.4,long,0.6,0.0072525649651665434
short_posts&tariff_only,20,-0.0030872987605184863,-0.0006578295027682701,0.04757422522032379,0.4,0.5,short,0.5,0.00690340989537018
has_attack&volume_drop,70,0.0017278764379458427,-0.0026122775886824323,0.04723796982076662,0.4714285714285714,0.5285714285714286,long,0.4714285714285714,0.0068151842616913285
all_caps_heavy&short_posts,24,0.002209129304687562,0.013921234134417704,0.06709776823831674,0.625,0.375,long,0.625,0.006764049465392396
has_iran&has_all_caps,26,0.002265161753255465,0.012379777155180571,0.05688756987191873,0.5769230769230769,0.4230769230769231,long,0.5769230769230769,0.006663521527669419
has_china&sig_potus,27,0.0023877454370132105,0.0011210633480362997,0.046804580146058004,0.5185185185185185,0.48148148148148145,long,0.5185185185185185,0.006433305530474096
has_russia&pre_tariff,28,-0.002389110214917179,0.00013964268473776187,0.037436467774754074,0.5,0.5,short,0.5,0.006320991483394932
has_iran&has_uppercase_phrase,55,-0.0018715401641824926,0.011107276987543102,0.05356562072462579,0.5272727272727272,0.45454545454545453,short,0.45454545454545453,0.00630896060643135
high_emotion&has_uppercase_phrase,20,-0.0023185194868206526,-0.004203492443497103,0.05899664405060874,0.4,0.6,short,0.6,0.006221240615626689
posts_low&has_night_post,97,0.0013201022159366796,-0.002227201837377124,0.05039313623771138,0.4742268041237113,0.5051546391752577,long,0.4742268041237113,0.006165659323664221
attack_heavy&all_caps_heavy,24,-0.002957527510285935,0.00670953317655576,0.05011275742590724,0.5833333333333334,0.4166666666666667,short,0.4166666666666667,0.00603702775037039
has_tariff&has_iran,22,0.0019036314244083232,0.010442820158872324,0.036063228772368686,0.6363636363636364,0.3181818181818182,long,0.6363636363636364,0.005681978167052679
has_attack&pre_tariff,50,0.0015267579185707935,0.0015096476388037905,0.04773737597692069,0.52,0.48,long,0.52,0.005613820562748667
attack_heavy&sig_potus,30,0.0017365038218800125,0.0012677619518723926,0.035764739810847115,0.5333333333333333,0.4,long,0.5333333333333333,0.005072652343667285
brag_heavy,41,0.0014443283399544996,0.0011210633480362997,0.05467965720304051,0.5121951219512195,0.4878048780487805,long,0.5121951219512195,0.0047368899953134135
brag_heavy&exclamation_heavy,41,0.0014443283399544996,0.0011210633480362997,0.05467965720304051,0.5121951219512195,0.4878048780487805,long,0.5121951219512195,0.0047368899953134135
brag_heavy&has_exclamation,41,0.0014443283399544996,0.0011210633480362997,0.05467965720304051,0.5121951219512195,0.4878048780487805,long,0.5121951219512195,0.0047368899953134135
has_market_brag&brag_heavy,41,0.0014443283399544996,0.0011210633480362997,0.05467965720304051,0.5121951219512195,0.4878048780487805,long,0.5121951219512195,0.0047368899953134135
has_market_brag&has_russia,56,0.0011539029571961917,0.000797472187506032,0.05065560353306413,0.5,0.48214285714285715,long,0.5,0.004317509523413426
brag_heavy&lots_of_excl,40,0.0012385046704967817,-0.00043949843732349336,0.055360154264113184,0.5,0.5,long,0.5,0.003916495651526172
has_positive&brag_heavy,40,0.0012030959662460206,-0.00043949843732349336,0.055354141868600236,0.5,0.5,long,0.5,0.003804523497098482
has_russia&volume_drop,29,-0.0011906876395281017,-0.004761953939787178,0.04872743943542626,0.41379310344827586,0.5862068965517241,short,0.5862068965517241,0.0037587874460519094
posts_high&all_caps_heavy,26,-0.0018183373902576543,0.011923680543109882,0.0670983855921332,0.6153846153846154,0.38461538461538464,short,0.38461538461538464,0.0035660530135458303
has_deal&brag_heavy,24,0.001144757746657556,-0.00043949843732349336,0.03918292474172305,0.5,0.5,long,0.5,0.0028040723584092674
posts_low&short_posts,120,-0.0004503860733063155,-0.003937105360825588,0.05056942167149897,0.44166666666666665,0.5333333333333333,short,0.5333333333333333,0.00263132386065114
brag_heavy&deal_over_tariff,21,-0.0010530177711384045,-0.0020000602226832864,0.03730087811413851,0.47619047619047616,0.5238095238095238,short,0.5238095238095238,0.002527660480387127
has_market_brag&volume_drop,21,-0.000761911945058094,-0.01687107432296342,0.059980540067471874,0.42857142857142855,0.5714285714285714,short,0.5714285714285714,0.001995153806354143
high_emotion&has_exclamation,39,0.0006829355972459164,-0.003952581212239958,0.06877369202143707,0.46153846153846156,0.5384615384615384,long,0.46153846153846156,0.0019684298943857368
has_attack&tariff_only,46,0.0005670144337145362,0.0007121754512977585,0.04296840423570645,0.5,0.45652173913043476,long,0.5,0.001922839497323447
high_emotion&volume_spike,23,-0.0007588383983797286,-0.0039216295094112175,0.0736682598194181,0.43478260869565216,0.5217391304347826,short,0.5217391304347826,0.0018987449280258978
has_tariff&volume_spike,34,0.0006415373079899661,0.0009124363032267935,0.054593135080525955,0.5,0.47058823529411764,long,0.5,0.001870386590819023
pre_tariff&tariff_only,23,0.0008103388496168791,0.0,0.04366860947452853,0.4782608695652174,0.4782608695652174,long,0.4782608695652174,0.0018586406345710233
sig_potus&short_posts,29,-0.0007259911143361981,0.005689834469044142,0.06366347936786408,0.5517241379310345,0.4482758620689655,short,0.4482758620689655,0.0017525711513725355
positive_heavy&tariff_only,43,0.00025530636572044136,0.0,0.041651644277382646,0.4883720930232558,0.46511627906976744,long,0.4883720930232558,0.0008176109711527887
tariff_heavy&has_positive,20,-0.0005027095308658414,0.005842014395550099,0.037557932102264685,0.65,0.35,short,0.35,0.0007868648787671349
tariff_heavy&has_night_post,20,-0.0005027095308658414,0.005842014395550099,0.037557932102264685,0.65,0.35,short,0.35,0.0007868648787671349
tariff_heavy&has_exclamation,20,-0.0005027095308658414,0.005842014395550099,0.037557932102264685,0.65,0.35,short,0.35,0.0007868648787671349
tariff_heavy&exclamation_heavy,20,-0.0005027095308658414,0.005842014395550099,0.037557932102264685,0.65,0.35,short,0.35,0.0007868648787671349
has_tariff&tariff_heavy,20,-0.0005027095308658414,0.005842014395550099,0.037557932102264685,0.65,0.35,short,0.35,0.0007868648787671349
tariff_heavy,20,-0.0005027095308658414,0.005842014395550099,0.037557932102264685,0.65,0.35,short,0.35,0.0007868648787671349
posts_low&has_exclamation,125,9.113501777604505e-06,-0.005474535562312921,0.05228085336795532,0.448,0.544,long,0.448,4.564763725264702e-05
