event,n,mean_ret,median_ret,std,hit_up,hit_down,direction,directional_hit,score
has_attack&short_posts,295,0.0033214002981911675,0.0027099679336444193,0.0180795501037841,0.5627118644067797,0.43728813559322033,long,0.5627118644067797,0.03210098068988011
posts_low&volume_drop,215,0.003362751363545772,0.0019230192194934492,0.020523942603308132,0.5488372093023256,0.4511627906976744,long,0.5488372093023256,0.02706185326082103
silence_day&volume_drop,138,0.004108954964162149,0.0028321629165835027,0.023472345928676985,0.5434782608695652,0.45652173913043476,long,0.5434782608695652,0.026233310608774565
posts_high&deal_only,102,0.004288094835720036,0.0031621176680489693,0.019776723732668085,0.5882352941176471,0.4117647058823529,long,0.5882352941176471,0.025475079393834955
positive_heavy&pre_tariff,113,-0.003774669490358077,-0.0035714000367527143,0.014635671427812079,0.37168141592920356,0.6283185840707964,short,0.6283185840707964,0.025211463561898118
has_action&deal_only,47,0.00592946321722822,0.0038709657059445846,0.021491349784978717,0.6170212765957447,0.3829787234042553,long,0.6170212765957447,0.02508213195127411
deal_heavy&short_posts,62,0.005290918710413724,0.0042336243554196296,0.025827103461380025,0.5967741935483871,0.4032258064516129,long,0.5967741935483871,0.024862051882298404
has_attack,604,0.0018270556769965102,0.0018535666639644122,0.015489193009291637,0.5397350993377483,0.4602649006622517,long,0.5397350993377483,0.024235440222595023
has_attack&has_exclamation,604,0.0018270556769965102,0.0018535666639644122,0.015489193009291637,0.5397350993377483,0.4602649006622517,long,0.5397350993377483,0.024235440222595023
pre_tariff&deal_over_tariff,25,-0.007545585460698461,-0.00698074793812653,0.01953737673311988,0.36,0.64,short,0.64,0.024145873474235073
pre_relief&has_uppercase_phrase,20,-0.008899572213291528,-0.004434458976933009,0.019584688082061045,0.4,0.6,short,0.6,0.023880058127505738
pre_tariff&has_night_post,130,-0.003446240153605731,-0.0033408465707741586,0.015388005428364252,0.3923076923076923,0.6076923076923076,short,0.6076923076923076,0.023878165249104574
has_attack&exclamation_heavy,588,0.001817027144368998,0.0018535666639644122,0.015578722462811842,0.5408163265306123,0.45918367346938777,long,0.5408163265306123,0.023828673805325915
has_market_brag&pre_tariff,30,-0.006077456489242276,-0.004611556204639489,0.01271999939559558,0.3,0.7,short,0.7,0.023301320079899032
volume_drop,311,0.0024076918801152415,0.0017921510745697589,0.018505246308996456,0.5466237942122186,0.4533762057877814,long,0.5466237942122186,0.023209705772662344
has_attack&has_positive,584,0.0017584849871568446,0.0018535666639644122,0.015568054680079529,0.541095890410959,0.4589041095890411,long,0.541095890410959,0.022994253980159852
positive_heavy&deal_only,133,0.003355682954797954,0.0028819460833131583,0.018057689424878346,0.5864661654135338,0.41353383458646614,long,0.5864661654135338,0.02269601992840621
has_positive&pre_tariff,135,-0.003237673842215159,-0.0030581192077999697,0.015149087519478114,0.4,0.6,short,0.6,0.022571022368431243
pre_tariff&lots_of_excl,127,-0.00321425584852636,-0.0034662215383315376,0.014982058946433879,0.3858267716535433,0.6141732283464567,short,0.6141732283464567,0.022247088630925702
deal_heavy&pre_tariff,44,-0.005423114247096078,-0.0039502129226703375,0.016588188751587327,0.38636363636363635,0.6136363636363636,short,0.6136363636363636,0.022074261323950323
has_deal&pre_tariff,79,-0.004256477067972268,-0.0017825044025138181,0.014590848167412828,0.4177215189873418,0.5822784810126582,short,0.5822784810126582,0.02202898990882551
posts_high&deal_over_tariff,147,0.0031764700023028977,0.0018551604540026911,0.019612593647964447,0.5714285714285714,0.42857142857142855,long,0.5714285714285714,0.02200722973082819
has_attack&has_night_post,557,0.0017197323138179034,0.0018551604540026911,0.01567409650194923,0.5421903052064632,0.4578096947935368,long,0.5421903052064632,0.022005953813323355
has_night_post&high_emotion,39,-0.005962879300018922,-0.003891058329049457,0.020203188485934283,0.41025641025641024,0.5897435897435898,short,0.5897435897435898,0.021960971634515807
posts_very_high&deal_only,63,0.004810915393886297,0.001694757760512422,0.019841133750330923,0.5714285714285714,0.42857142857142855,long,0.5714285714285714,0.021820261218506557
pre_tariff&has_exclamation,137,-0.0030988875698482227,-0.0029411910821425247,0.01512096822395661,0.40145985401459855,0.5985401459854015,short,0.5985401459854015,0.021709978270765526
pre_tariff,137,-0.0030988875698482227,-0.0029411910821425247,0.01512096822395661,0.40145985401459855,0.5985401459854015,short,0.5985401459854015,0.021709978270765526
has_tariff&pre_tariff,137,-0.0030988875698482227,-0.0029411910821425247,0.01512096822395661,0.40145985401459855,0.5985401459854015,short,0.5985401459854015,0.021709978270765526
pre_tariff&has_uppercase_phrase,58,-0.004837027205174636,-0.004906072095967884,0.015564645626393146,0.41379310344827586,0.5862068965517241,short,0.5862068965517241,0.0215945147905351
posts_high&short_posts,226,0.0025550455299605274,0.002708163286662457,0.018939152954561046,0.5575221238938053,0.4424778761061947,long,0.5575221238938053,0.021414846662516897
has_attack&lots_of_excl,559,0.001668772389806829,0.0018551604540026911,0.015667447815678047,0.5402504472271914,0.4597495527728086,long,0.5402504472271914,0.0213156286050159
has_russia&volume_drop,23,0.005908470021128892,0.0063695014463391875,0.01272539546289361,0.7391304347826086,0.2608695652173913,long,0.7391304347826086,0.020944019795301208
pre_tariff&exclamation_heavy,133,-0.0029875835767945226,-0.0029411910821425247,0.014693217709427086,0.39849624060150374,0.6015037593984962,short,0.6015037593984962,0.02072450803380048
has_action&has_attack,150,0.0029011711596866802,0.0027856411728539587,0.017663440253173956,0.58,0.42,long,0.58,0.02060852809336161
has_action&deal_over_tariff,69,0.004212023047475654,0.003333450631651358,0.0210082586482643,0.5797101449275363,0.42028985507246375,long,0.5797101449275363,0.020282719511491118
has_market_brag&pre_action,23,-0.006767369227339332,-0.00851581033437876,0.0201952318836974,0.391304347826087,0.6086956521739131,short,0.6086956521739131,0.019755316408051553
attack_heavy&short_posts,142,0.0028633736624188075,0.002993153820309735,0.01736785163581633,0.5774647887323944,0.4225352112676056,long,0.5774647887323944,0.019703696354584556
short_posts&deal_over_tariff,124,0.003197507717362363,0.003053895148497743,0.021548850771335767,0.5483870967741935,0.45161290322580644,long,0.5483870967741935,0.019525837536533565
positive_heavy&deal_over_tariff,186,0.002551083615537676,0.0017354650465107868,0.018940980427195102,0.5591397849462365,0.44086021505376344,long,0.5591397849462365,0.019453670724635854
lots_of_excl&short_posts,355,0.001923183578103617,0.0019047717537183928,0.01810512177330574,0.5352112676056338,0.4647887323943662,long,0.5352112676056338,0.01939367736454741
has_deal&has_action,98,0.003423545172685462,0.00293415178397316,0.018971823148419522,0.5612244897959183,0.4387755102040816,long,0.5612244897959183,0.01902066577167711
has_deal&short_posts,163,0.0027626631189754153,0.0016181851577214967,0.02077176892676427,0.5337423312883436,0.4662576687116564,long,0.5337423312883436,0.018825797392284214
has_attack&volume_drop,76,0.0034785072475054407,0.004769559958374026,0.012291420554668002,0.618421052631579,0.3815789473684211,long,0.618421052631579,0.018753570884572423
tariff_streak_3d&tariff_rising,31,-0.005151467838309661,-0.0034662215383315376,0.01462733852811907,0.3548387096774194,0.6451612903225806,short,0.6451612903225806,0.018504618739616476
has_tariff&tariff_streak_3d,31,-0.005151467838309661,-0.0034662215383315376,0.01462733852811907,0.3548387096774194,0.6451612903225806,short,0.6451612903225806,0.018504618739616476
attack_heavy&volume_spike,93,0.0031232972807109967,0.003508743690312288,0.017666876093398908,0.6129032258064516,0.3870967741935484,long,0.6129032258064516,0.018460637927767122
deal_heavy&deal_only,58,0.004384895976216699,0.001796093028036072,0.022067103651542522,0.5517241379310345,0.4482758620689655,long,0.5517241379310345,0.0184244815711349
posts_very_high&deal_over_tariff,95,0.003360247920731132,0.0016076929023420838,0.02045192969287986,0.5578947368421052,0.4421052631578947,long,0.5578947368421052,0.018271970608839245
short_posts&deal_only,101,0.0033347748242469597,0.0034482241452427065,0.020335999380084964,0.5445544554455446,0.45544554455445546,long,0.5445544554455446,0.01825023734105938
has_relief&pre_tariff,20,-0.0067931406240240525,-0.004732772543325048,0.014777838657926297,0.4,0.6,short,0.6,0.018227909059239746
has_action&short_posts,102,0.0029560986429396597,0.0037737396065805617,0.023310124647951683,0.6078431372549019,0.39215686274509803,long,0.6078431372549019,0.018147237610240986
posts_very_high&pre_tariff,51,-0.004317677169920532,-0.0036630462681341847,0.015570632538148268,0.4117647058823529,0.5882352941176471,short,0.5882352941176471,0.01813787205090643
posts_high&has_attack,340,0.001756250483392734,0.002503582848763175,0.016889911122467852,0.5588235294117647,0.4411764705882353,long,0.5588235294117647,0.018096750516814548
has_relief&deal_only,22,0.005958608180084383,0.002242243100454955,0.023018990629282674,0.6363636363636364,0.36363636363636365,long,0.6363636363636364,0.01778531345466947
has_tariff&pre_relief,23,-0.006543519171802539,-0.006250073483433316,0.017608090493150947,0.43478260869565216,0.5652173913043478,short,0.5652173913043478,0.017737434857735334
pre_tariff&has_all_caps,34,-0.005087249679027337,-0.0032621703730657536,0.016329876746744583,0.4117647058823529,0.5882352941176471,short,0.5882352941176471,0.017449122444397412
attack_heavy&has_russia,151,0.0024796975168182465,0.001968432611006099,0.015270943878148265,0.5695364238410596,0.4304635761589404,long,0.5695364238410596,0.017354363295699653
deal_heavy&has_attack,117,0.0029248328980944365,0.001694757760512422,0.02031769046123583,0.5470085470085471,0.452991452991453,long,0.5470085470085471,0.01730565741332256
has_positive&short_posts,419,0.0015824655719751308,0.0016181851577214967,0.01835592615757706,0.5274463007159904,0.47255369928400953,long,0.5274463007159904,0.017085178971831143
uppercase_phrase_heavy&deal_over_tariff,21,0.006522692752944729,0.0016181851577214967,0.032646923196317006,0.5714285714285714,0.42857142857142855,long,0.5714285714285714,0.017080419014462347
deal_heavy&uppercase_phrase_heavy,20,0.005872753786336632,0.004146102270561003,0.031193348282410386,0.65,0.35,long,0.65,0.017071439685778383
deal_heavy&positive_heavy,127,0.002784375115691639,0.0016181851577214967,0.019960415502375473,0.5433070866141733,0.4566929133858268,long,0.5433070866141733,0.017048060346600023
pre_tariff&tariff_rising,46,-0.003814377904735991,-0.002653814692447687,0.01171073198471039,0.34782608695652173,0.6521739130434783,short,0.6521739130434783,0.016871980193648772
posts_high&pre_tariff,81,-0.003152429872338018,-0.004329025808587961,0.016051200631069056,0.4074074074074074,0.5925925925925926,short,0.5925925925925926,0.016812959319136095
has_iran&deal_over_tariff,54,-0.0038156972105192776,-0.003265465024570313,0.017757998778330685,0.4074074074074074,0.5925925925925926,short,0.5925925925925926,0.016616019873303745
exclamation_heavy&short_posts,400,0.001582330509695842,0.0016103570233662046,0.0183804100618356,0.5225,0.4775,long,0.5225,0.01653535382632155
attack_heavy&deal_over_tariff,110,0.0028337682224578824,0.0016129390300317903,0.016043065472677302,0.5545454545454546,0.44545454545454544,long,0.5545454545454546,0.01648154111891009
has_action&attack_heavy,106,0.0026857209064175464,0.0033741007574712434,0.01578212936929711,0.5943396226415094,0.4056603773584906,long,0.5943396226415094,0.01643419730383641
posts_high&has_deal,220,0.00204025472333566,0.0017354650465107868,0.018384334680490905,0.5409090909090909,0.4590909090909091,long,0.5409090909090909,0.016368919500968297
pre_tariff&pre_deal,51,-0.004140684854174323,-0.0016258283754968517,0.016297739645767046,0.45098039215686275,0.5490196078431373,short,0.5490196078431373,0.016234731899502843
attack_heavy&has_positive,284,0.0017181416490874837,0.0022203726861187434,0.014768804099687992,0.5563380281690141,0.44366197183098594,long,0.5563380281690141,0.01610856606299613
pre_relief&has_night_post,42,-0.0045370506369193245,-0.002542319877585575,0.015525066274624863,0.4523809523809524,0.5476190476190477,short,0.5476190476190477,0.016101888581158776
pre_relief&exclamation_heavy,42,-0.0045370506369193245,-0.002542319877585575,0.015525066274624863,0.4523809523809524,0.5476190476190477,short,0.5476190476190477,0.016101888581158776
has_positive&pre_relief,42,-0.0045370506369193245,-0.002542319877585575,0.015525066274624863,0.4523809523809524,0.5476190476190477,short,0.5476190476190477,0.016101888581158776
positive_heavy&pre_relief,42,-0.0045370506369193245,-0.002542319877585575,0.015525066274624863,0.4523809523809524,0.5476190476190477,short,0.5476190476190477,0.016101888581158776
has_attack&pre_tariff,101,-0.0027230976470883307,-0.0032154716032167796,0.015532429362498558,0.4158415841584158,0.5841584158415841,short,0.5841584158415841,0.015986542245414608
posts_high&attack_heavy,238,0.001807356456790629,0.002708163286662457,0.014918568300213413,0.5714285714285714,0.42857142857142855,long,0.5714285714285714,0.015932878517057155
has_attack&attack_heavy,289,0.0016953058264152136,0.001934165629254636,0.01471077686887566,0.5501730103806228,0.44982698961937717,long,0.5501730103806228,0.015856095670589352
attack_heavy,289,0.0016953058264152136,0.001934165629254636,0.01471077686887566,0.5501730103806228,0.44982698961937717,long,0.5501730103806228,0.015856095670589352
attack_heavy&has_exclamation,289,0.0016953058264152136,0.001934165629254636,0.01471077686887566,0.5501730103806228,0.44982698961937717,long,0.5501730103806228,0.015856095670589352
attack_heavy&has_night_post,277,0.001702029461182519,0.0025608179586069646,0.01467449476409584,0.5595667870036101,0.4404332129963899,long,0.5595667870036101,0.01585108105832433
pre_relief&lots_of_excl,41,-0.004602120941430665,-0.0032154716032167796,0.015712132095304563,0.4634146341463415,0.5365853658536586,short,0.5365853658536586,0.015812071881970327
attack_heavy&exclamation_heavy,288,0.0016819551226608298,0.0018930692515903846,0.014734629146174932,0.5486111111111112,0.4513888888888889,long,0.5486111111111112,0.0156594046596515
attack_heavy&deal_only,74,0.00320049217510968,0.0017354650465107868,0.01205225531793575,0.5675675675675675,0.43243243243243246,long,0.5675675675675675,0.01562608564333196
has_russia&tariff_only,46,0.0036512713035984044,0.003586482241295319,0.013286438302781966,0.6304347826086957,0.3695652173913043,long,0.6304347826086957,0.015612166920188913
has_attack&pre_relief,36,-0.004662650941885393,-0.002542319877585575,0.01646523057114256,0.4444444444444444,0.5555555555555556,short,0.5555555555555556,0.015542169806284645
posts_high&open_deal,60,0.00353003547330345,0.003003533105243039,0.022774461663456008,0.5666666666666667,0.43333333333333335,long,0.5666666666666667,0.01549467107957577
pre_tariff&volume_spike,44,-0.003950846380846728,-0.0036172231524434495,0.017009020893089546,0.4090909090909091,0.5909090909090909,short,0.5909090909090909,0.015485925058620748
has_attack&positive_heavy,455,0.001358018016798741,0.0017123031052466153,0.015857871290834234,0.5296703296703297,0.4703296703296703,long,0.5296703296703297,0.015343232851082118
pre_relief,43,-0.004343780736864289,-0.0018691681519543701,0.015391397545767465,0.46511627906976744,0.5348837209302325,short,0.5348837209302325,0.015235668100832577
has_relief&pre_relief,43,-0.004343780736864289,-0.0018691681519543701,0.015391397545767465,0.46511627906976744,0.5348837209302325,short,0.5348837209302325,0.015235668100832577
pre_relief&has_exclamation,43,-0.004343780736864289,-0.0018691681519543701,0.015391397545767465,0.46511627906976744,0.5348837209302325,short,0.5348837209302325,0.015235668100832577
posts_high&deal_heavy,108,0.002670057948743326,0.0016564714591169594,0.019802535394688233,0.5462962962962963,0.4537037037037037,long,0.5462962962962963,0.015158660308678783
posts_very_high&pre_relief,24,-0.006181562657772806,6.684767249326429e-05,0.01912540523883411,0.5,0.5,short,0.5,0.015141674324586006
has_all_caps&deal_only,41,0.003856536500952285,0.003508743690312288,0.020189530083817818,0.6097560975609756,0.3902439024390244,long,0.6097560975609756,0.015057245330361003
pre_action&has_uppercase_phrase,43,-0.004259281961057789,-0.0014286262111092851,0.025440094608152147,0.46511627906976744,0.5348837209302325,short,0.5348837209302325,0.014939291423209607
deal_heavy&has_uppercase_phrase,67,0.0030422757378200985,0.0033725960220396534,0.02226586642316807,0.5970149253731343,0.40298507462686567,long,0.5970149253731343,0.014866925458725998
pre_tariff&short_posts,53,-0.0036054230405030358,-0.0017825044025138181,0.01708718895629973,0.4339622641509434,0.5660377358490566,short,0.5660377358490566,0.01485728826351282
attack_heavy&pre_tariff,62,-0.00322854308774335,-0.0030161087213567694,0.017188464096344815,0.41935483870967744,0.5806451612903226,short,0.5806451612903226,0.014760913758083735
has_action&open_deal,30,0.004424857686697677,0.004839484104297909,0.02613297267317299,0.6,0.4,long,0.6,0.014541566212526669
short_posts,524,0.0012118088858880701,0.0016168292940517137,0.01900748096470248,0.5229007633587787,0.4770992366412214,long,0.5229007633587787,0.014505044051126707
has_china&tariff_streak_3d,21,-0.006037074989599944,-0.0014025315453263243,0.01627735018555976,0.47619047619047616,0.5238095238095238,short,0.5238095238095238,0.014491375441696729
deal_heavy&deal_over_tariff,114,0.002572049952031338,0.0016051165099694176,0.021294183461226773,0.5263157894736842,0.47368421052631576,long,0.5263157894736842,0.014453672950511568
has_china&tariff_rising,52,-0.003558836550767973,-0.001780918568297818,0.013698112437578961,0.4423076923076923,0.5576923076923077,short,0.5576923076923077,0.014312133164572713
tariff_heavy&open_tariff,26,-0.004546371058179228,-0.0022949158141751247,0.014802497051839801,0.38461538461538464,0.6153846153846154,short,0.6153846153846154,0.014265867533347302
has_china&pre_tariff,63,-0.0032255920232720477,-0.0017825044025138181,0.01644928577988897,0.4444444444444444,0.5555555555555556,short,0.5555555555555556,0.014223523874219176
tariff_heavy&pre_tariff,40,-0.003906759618204208,-0.0022212871074968055,0.013790381975238632,0.425,0.575,short,0.575,0.014207397463939382
deal_over_tariff&volume_spike,46,0.0034367635636244295,0.00251410419608189,0.022561657054789075,0.6086956521739131,0.391304347826087,long,0.6086956521739131,0.014188247994554514
has_deal&has_iran,76,-0.0027812456871333787,-0.003265465024570313,0.01621264983999866,0.42105263157894735,0.5789473684210527,short,0.5789473684210527,0.014037353448536858
posts_very_high&attack_heavy,168,0.0018897356488373485,0.002708226735970931,0.015571046542961289,0.5714285714285714,0.42857142857142855,long,0.5714285714285714,0.013996441975602729
attack_heavy&lots_of_excl,286,0.001515344736115127,0.0018519728739261332,0.014646911481363798,0.5454545454545454,0.45454545454545453,long,0.5454545454545454,0.013978257175922205
tariff_heavy&positive_heavy,53,-0.003355620479570205,-0.00177308578885349,0.012787930599301887,0.4339622641509434,0.5660377358490566,short,0.5660377358490566,0.013827897644146008
deal_heavy&has_positive,140,0.002142649960722203,0.0016564714591169594,0.019734583816975074,0.5428571428571428,0.45714285714285713,long,0.5428571428571428,0.013762609953306767
posts_low&has_uppercase_phrase,23,0.004379367294210806,0.005226480836237002,0.015032146040362961,0.6521739130434783,0.34782608695652173,long,0.6521739130434783,0.013697418079396248
has_deal&positive_heavy,275,0.0015301505951387563,0.0016778606704579424,0.01765889080635972,0.5381818181818182,0.4618181818181818,long,0.5381818181818182,0.013656189795063849
posts_very_high&has_attack,207,0.0017344297668639218,0.0025348529362949623,0.0172869092693565,0.5458937198067633,0.45410628019323673,long,0.5458937198067633,0.013622285847122691
short_posts&china_streak_3d,43,0.003718693545425714,0.002706358639680495,0.01763378285488823,0.5581395348837209,0.4418604651162791,long,0.5581395348837209,0.013610290780380148
has_china&short_posts,143,0.001984136149852999,0.0027854542824070627,0.01891662176244101,0.5734265734265734,0.42657342657342656,long,0.5734265734265734,0.013605587617062579
has_attack&volume_spike,111,0.0021713051782331198,0.0027854542824070627,0.01839774810057714,0.5945945945945946,0.40540540540540543,long,0.5945945945945946,0.013602017029515885
pre_deal&tariff_rising,33,-0.003898214958817222,-0.0017793327340818177,0.010177648718465219,0.3939393939393939,0.6060606060606061,short,0.6060606060606061,0.013571842448846783
has_action&lots_of_excl,173,0.001824660320623456,0.002706358639680495,0.019065330678079268,0.5606936416184971,0.4393063583815029,long,0.5606936416184971,0.01345645646283396
open_tariff&tariff_rising,26,-0.004287490974848523,-0.0033307152265549256,0.011817182553987211,0.38461538461538464,0.6153846153846154,short,0.6153846153846154,0.013453538550834197
open_deal&short_posts,45,0.0035579180100758705,0.00312512012717292,0.028175657638930887,0.5555555555555556,0.4444444444444444,long,0.5555555555555556,0.013259577548167383
deal_heavy&lots_of_excl,139,0.0020826286788724097,0.0016181851577214967,0.01984473436824006,0.539568345323741,0.460431654676259,long,0.539568345323741,0.013248469425402008
high_emotion&short_posts,58,-0.003246274660289139,-0.0030989261960175374,0.02100918347266793,0.46551724137931033,0.5344827586206896,short,0.5344827586206896,0.013213959117489708
has_attack&deal_over_tariff,179,0.001833582278805866,0.0016181851577214967,0.01922276953508844,0.5363128491620112,0.46368715083798884,long,0.5363128491620112,0.013156643910024657
posts_very_high&open_deal,45,0.0035249047336966557,0.00312512012717292,0.023637387521943158,0.5555555555555556,0.4444444444444444,long,0.5555555555555556,0.01313654433126086
has_deal&attack_heavy,161,0.001882500282154578,0.001694757760512422,0.014969089786557935,0.546583850931677,0.453416149068323,long,0.546583850931677,0.013055838946603782
has_night_post&deal_only,165,0.0018370610565383394,0.001694757760512422,0.01764226455171221,0.5515151515151515,0.4484848484848485,long,0.5515151515151515,0.013014365845165675
positive_heavy&pre_action,67,-0.0030392097333886204,-0.0014286262111092851,0.021917298896515298,0.47761194029850745,0.5223880597014925,short,0.5223880597014925,0.01299544975436268
has_russia&volume_spike,81,0.0023856551397922125,0.003333450631651358,0.017934726560989146,0.6049382716049383,0.3950617283950617,long,0.6049382716049383,0.012988566872202047
has_deal&has_attack,262,0.0014921082737662475,0.0016480229140897196,0.017984628096039863,0.5305343511450382,0.46946564885496184,long,0.5305343511450382,0.012813403224018612
has_relief&deal_over_tariff,36,0.0036576098777761634,0.0016051165099694176,0.02366441719846046,0.5833333333333334,0.4166666666666667,long,0.5833333333333334,0.012801634572216572
posts_very_high&short_posts,155,0.001897080386445769,0.0025608179586069646,0.01913154555405587,0.5419354838709678,0.45806451612903226,long,0.5419354838709678,0.012799681732950537
posts_high&pre_relief,33,-0.0045865841474330565,0.0013850408670330605,0.01675859468681636,0.5151515151515151,0.48484848484848486,short,0.48484848484848486,0.012774749075659349
posts_high&lots_of_excl,388,0.0012058776813718768,0.0018140726032176424,0.016710612221012,0.5360824742268041,0.4639175257731959,long,0.5360824742268041,0.012733586105772014
positive_heavy&open_deal,71,0.002736635379585183,0.001694757760512422,0.021728148291963213,0.5492957746478874,0.4507042253521127,long,0.5492957746478874,0.01266637582725867
has_exclamation&tariff_streak_3d,60,-0.0027926243549043217,-0.0032338768252837546,0.01567129418912338,0.4166666666666667,0.5833333333333334,short,0.5833333333333334,0.012618418888550614
posts_very_high&has_action,102,0.0021496183711202242,0.0027856411728539587,0.0191469232681309,0.5784313725490197,0.4215686274509804,long,0.5784313725490197,0.012557792156163044
has_exclamation&short_posts,469,0.0011130770817619198,0.0016025288890109124,0.018730795217013044,0.5181236673773987,0.48187633262260127,long,0.5181236673773987,0.012489501168429739
has_tariff&has_attack,240,0.0014762232692968114,0.002030658878869107,0.015605361199634578,0.5458333333333333,0.45416666666666666,long,0.5458333333333333,0.012482964099707077
posts_very_high&has_deal,136,0.0020201726165138445,0.0015825083978634469,0.018495031620378095,0.5294117647058824,0.47058823529411764,long,0.5294117647058824,0.01247244283712752
posts_very_high&lots_of_excl,224,0.0015548870772967942,0.002083535260871905,0.017060862367556592,0.5357142857142857,0.4642857142857143,long,0.5357142857142857,0.012466831539357631
lots_of_excl&deal_only,161,0.0018083355037338213,0.0016835100610976816,0.018043889369826222,0.5403726708074534,0.45962732919254656,long,0.5403726708074534,0.01239896184763898
has_positive&deal_only,167,0.00175878922318926,0.0016835100610976816,0.017712720911773786,0.5449101796407185,0.4550898203592814,long,0.5449101796407185,0.0123850268545141
posts_high&has_positive,389,0.0011742060591812126,0.0017761723325091516,0.016684251065015306,0.5347043701799485,0.4652956298200514,long,0.5347043701799485,0.012383198978541295
has_iran&deal_only,41,-0.003149679463199418,-0.0032467912195509596,0.017446267486681922,0.3902439024390244,0.6097560975609756,short,0.6097560975609756,0.012297432262778461
has_tariff&short_posts,132,0.0019285737907053235,0.0027674584052765905,0.01836628925892519,0.553030303030303,0.44696969696969696,long,0.553030303030303,0.012253838576060572
pre_deal&open_tariff,27,-0.003977425507658322,-0.0031153841773762236,0.015904271242086796,0.4074074074074074,0.5925925925925926,short,0.5925925925925926,0.01224729433348382
has_attack&has_china,226,0.001426322223559462,0.0028233208979268065,0.017234338337521363,0.5707964601769911,0.42920353982300885,long,0.5707964601769911,0.012239203046902538
posts_high&has_action,136,0.0018994868021972996,0.0026206057879877287,0.01897800961546589,0.5514705882352942,0.4485294117647059,long,0.5514705882352942,0.012215973715263955
attack_heavy&positive_heavy,253,0.0014067061416484941,0.0018519728739261332,0.014723235929137442,0.5454545454545454,0.45454545454545453,long,0.5454545454545454,0.012204562320899505
deal_heavy&exclamation_heavy,143,0.0019102026825311182,0.0016104112338277687,0.019640074076808685,0.5314685314685315,0.46853146853146854,long,0.5314685314685315,0.012140177153781769
open_tariff&short_posts,30,0.0038718999211172687,0.002993153820309735,0.023467094305092816,0.5666666666666667,0.43333333333333335,long,0.5666666666666667,0.012017452587457607
lots_of_excl&deal_over_tariff,216,0.001535379227586874,0.0016129390300317903,0.018705701449715204,0.5324074074074074,0.4675925925925926,long,0.5324074074074074,0.012013972276791301
has_positive&deal_over_tariff,223,0.0014915135792987013,0.0016076929023420838,0.018407648327373467,0.5336322869955157,0.4663677130044843,long,0.5336322869955157,0.011885617274893182
lots_of_excl&tariff_streak_3d,55,-0.0027538755234636247,-0.0032103104099562296,0.01571578752232852,0.41818181818181815,0.5818181818181818,short,0.5818181818181818,0.011882639994624413
has_attack&has_all_caps,147,0.001693988793895875,0.00312512012717292,0.017002905262449422,0.5782312925170068,0.4217687074829932,long,0.5782312925170068,0.011876016474799913
deal_heavy&has_exclamation,145,0.0018446954750039918,0.0016104112338277687,0.019519109968274558,0.5310344827586206,0.4689655172413793,long,0.5310344827586206,0.011795908809741153
deal_heavy,145,0.0018446954750039918,0.0016104112338277687,0.019519109968274558,0.5310344827586206,0.4689655172413793,long,0.5310344827586206,0.011795908809741153
has_deal&deal_heavy,145,0.0018446954750039918,0.0016104112338277687,0.019519109968274558,0.5310344827586206,0.4689655172413793,long,0.5310344827586206,0.011795908809741153
has_action&pre_tariff,35,-0.0033087840913944852,-0.0017761723325091516,0.013002263164944093,0.4,0.6,short,0.6,0.011745018401844328
has_russia&open_deal,34,-0.003600211865011298,-0.003539781269640385,0.020850582054054836,0.4411764705882353,0.5588235294117647,short,0.5588235294117647,0.011731193580191502
open_deal&deal_over_tariff,68,0.0025419329373314904,0.002329059207911155,0.023378357250346447,0.5588235294117647,0.4411764705882353,long,0.5588235294117647,0.011713676581366564
has_attack&deal_only,130,0.0019038061038735672,0.0016863092154851822,0.01916372537761263,0.5384615384615384,0.46153846153846156,long,0.5384615384615384,0.01168823887425588
tariff_streak_3d,61,-0.0026015538987470116,-0.0032103104099562296,0.01561163947000882,0.4262295081967213,0.5737704918032787,short,0.5737704918032787,0.011658319546048998
has_attack&tariff_only,108,0.0019523704667411257,0.002945616318352995,0.014061830366650757,0.5740740740740741,0.42592592592592593,long,0.5740740740740741,0.01164775001681893
has_positive&volume_spike,131,0.0017018982745127017,0.0027854542824070627,0.02001160927688206,0.5954198473282443,0.40458015267175573,long,0.5954198473282443,0.011598252326436114
has_positive&has_russia,270,0.0012410268760279476,0.0019512991201303675,0.015401742389329207,0.5666666666666667,0.43333333333333335,long,0.5666666666666667,0.01155555304600146
has_attack&tariff_rising,83,-0.0021882029954769138,-0.0017793327340818177,0.012852651998633351,0.42168674698795183,0.5783132530120482,short,0.5783132530120482,0.011528951160275865
has_night_post&short_posts,433,0.0010358200657517697,0.0018017021172065384,0.019607434096669794,0.5311778290993071,0.46882217090069284,long,0.5311778290993071,0.011449017196712782
has_russia&has_exclamation,277,0.0012128641523036906,0.001934165629254636,0.015443185771444152,0.5631768953068592,0.4368231046931408,long,0.5631768953068592,0.011368335291564025
has_russia,277,0.0012128641523036906,0.001934165629254636,0.015443185771444152,0.5631768953068592,0.4368231046931408,long,0.5631768953068592,0.011368335291564025
posts_high&exclamation_heavy,391,0.0010802615620365882,0.0017123031052466153,0.016715054001526237,0.5319693094629157,0.4680306905370844,long,0.5319693094629157,0.011363284483734458
posts_high&has_exclamation,391,0.0010802615620365882,0.0017123031052466153,0.016715054001526237,0.5319693094629157,0.4680306905370844,long,0.5319693094629157,0.011363284483734458
posts_high,391,0.0010802615620365882,0.0017123031052466153,0.016715054001526237,0.5319693094629157,0.4680306905370844,long,0.5319693094629157,0.011363284483734458
exclamation_heavy&volume_spike,125,0.0017146114809806355,0.0027854542824070627,0.02013148604479728,0.592,0.408,long,0.592,0.011348603966363894
has_action&has_russia,80,0.0021543565319422824,0.003319681446904532,0.017041152965479398,0.5875,0.4125,long,0.5875,0.011320625985005056
has_action&exclamation_heavy,179,0.001526689042587588,0.0025348529362949623,0.01899744702471759,0.553072625698324,0.44692737430167595,long,0.553072625698324,0.011296899564883198
deal_heavy&has_action,52,0.0029063715759944588,0.0016051165099694176,0.0222093023367575,0.5384615384615384,0.46153846153846156,long,0.5384615384615384,0.011285154184552882
posts_very_high&exclamation_heavy,226,0.0014130840777052023,0.0016564714591169594,0.017063675027056285,0.5309734513274337,0.4690265486725664,long,0.5309734513274337,0.01127963455630197
posts_very_high&has_exclamation,226,0.0014130840777052023,0.0016564714591169594,0.017063675027056285,0.5309734513274337,0.4690265486725664,long,0.5309734513274337,0.01127963455630197
posts_high&posts_very_high,226,0.0014130840777052023,0.0016564714591169594,0.017063675027056285,0.5309734513274337,0.4690265486725664,long,0.5309734513274337,0.01127963455630197
posts_very_high,226,0.0014130840777052023,0.0016564714591169594,0.017063675027056285,0.5309734513274337,0.4690265486725664,long,0.5309734513274337,0.01127963455630197
posts_very_high&has_positive,226,0.0014130840777052023,0.0016564714591169594,0.017063675027056285,0.5309734513274337,0.4690265486725664,long,0.5309734513274337,0.01127963455630197
has_attack&has_russia,245,0.001293555741514673,0.0018551604540026911,0.015637108160893358,0.5551020408163265,0.4448979591836735,long,0.5551020408163265,0.011239345303337886
has_russia&exclamation_heavy,273,0.0012041312683479053,0.001934165629254636,0.015378480317437418,0.5641025641025641,0.4358974358974359,long,0.5641025641025641,0.011223110306893998
posts_very_high&has_night_post,224,0.0014107971406615483,0.0016564714591169594,0.017132016819573194,0.53125,0.46875,long,0.53125,0.011217279028016156
has_china&open_deal,42,0.0026637243773680965,0.005012282179147953,0.021364062347098423,0.6428571428571429,0.35714285714285715,long,0.6428571428571429,0.01109758305969679
tariff_heavy&has_night_post,58,-0.0026387379498743367,-0.0016994570821751709,0.013125357584607564,0.4482758620689655,0.5517241379310345,short,0.5517241379310345,0.011087464558386448
has_russia&tariff_rising,41,-0.0029539086995886915,-0.0035460462757336275,0.011414007663083136,0.4146341463414634,0.5853658536585366,short,0.5853658536585366,0.011071752813365912
has_tariff&has_russia,118,0.001766463543164607,0.003265878237920017,0.015464346802851423,0.576271186440678,0.423728813559322,long,0.576271186440678,0.01105789820870452
has_market_brag&tariff_streak_3d,20,-0.0041172418059753964,-0.0015868551171004386,0.017452983562842514,0.4,0.6,short,0.6,0.011047719069557984
has_russia&lots_of_excl,256,0.00121986863723631,0.0019963252697869915,0.015455316971636554,0.5625,0.4375,long,0.5625,0.01097881773512679
open_deal&deal_only,45,0.0028193886410660513,0.0028819460833131583,0.02497724819218913,0.5777777777777777,0.4222222222222222,long,0.5777777777777777,0.01092753073778504
exclamation_heavy&tariff_streak_3d,57,-0.0024761739251802197,-0.0032103104099562296,0.015803853291350544,0.42105263157894735,0.5789473684210527,short,0.5789473684210527,0.010823249202552463
tariff_heavy&has_market_brag,26,-0.003934785664599884,-0.0011326656817141623,0.014809654004744679,0.46153846153846156,0.5384615384615384,short,0.5384615384615384,0.01080344939993844
tariff_heavy&lots_of_excl,60,-0.002535106053278067,-0.0016994570821751709,0.012962828503132955,0.45,0.55,short,0.55,0.010800265877737122
tariff_heavy,60,-0.002535106053278067,-0.0016994570821751709,0.012962828503132955,0.45,0.55,short,0.55,0.010800265877737122
tariff_heavy&has_exclamation,60,-0.002535106053278067,-0.0016994570821751709,0.012962828503132955,0.45,0.55,short,0.55,0.010800265877737122
tariff_heavy&exclamation_heavy,60,-0.002535106053278067,-0.0016994570821751709,0.012962828503132955,0.45,0.55,short,0.55,0.010800265877737122
has_tariff&tariff_heavy,60,-0.002535106053278067,-0.0016994570821751709,0.012962828503132955,0.45,0.55,short,0.55,0.010800265877737122
has_positive&lots_of_excl,703,0.0007792542374783624,0.0016778606704579424,0.016026835566370887,0.5220483641536273,0.4779516358463727,long,0.5220483641536273,0.0107861777847091
exclamation_heavy&deal_only,171,0.001545777528433438,0.0016778606704579424,0.017655508837955594,0.5321637426900585,0.4678362573099415,long,0.5321637426900585,0.010756979144614138
positive_heavy&tariff_rising,92,-0.0019418938099186286,-0.0017472682235332715,0.012789920096323227,0.42391304347826086,0.5760869565217391,short,0.5760869565217391,0.010730190523310448
attack_heavy&tariff_rising,47,-0.0028085090658164767,-0.0017152037129847253,0.013781961344878094,0.44680851063829785,0.5531914893617021,short,0.5531914893617021,0.010651241926184083
lots_of_excl&tariff_rising,102,-0.0018537374003423685,-0.0017472682235332715,0.012561409725600312,0.43137254901960786,0.5686274509803921,short,0.5686274509803921,0.010645746487183189
posts_high&tariff_rising,57,-0.0025901210123232855,-0.00152436742575357,0.014190295605071592,0.45614035087719296,0.543859649122807,short,0.543859649122807,0.010635167177562403
exclamation_heavy&tariff_only,143,0.001651061588494657,0.0019047717537183928,0.013305567205407251,0.5384615384615384,0.46153846153846156,long,0.5384615384615384,0.010631290372843695
has_china&china_streak_3d,45,-0.0028419625400721675,-0.0014286262111092851,0.016099500865882264,0.4444444444444444,0.5555555555555556,short,0.5555555555555556,0.010591369048515563
has_positive&has_china,281,0.0011445728815689127,0.001968432611006099,0.016213876641648372,0.5516014234875445,0.4483985765124555,long,0.5516014234875445,0.010583321520200306
deal_only,180,0.001463383044526762,0.001680685365777812,0.017281216858866324,0.5388888888888889,0.46111111111111114,long,0.5388888888888889,0.010580190819139895
deal_over_tariff&deal_only,180,0.001463383044526762,0.001680685365777812,0.017281216858866324,0.5388888888888889,0.46111111111111114,long,0.5388888888888889,0.010580190819139895
has_deal&deal_only,180,0.001463383044526762,0.001680685365777812,0.017281216858866324,0.5388888888888889,0.46111111111111114,long,0.5388888888888889,0.010580190819139895
exclamation_heavy&lots_of_excl,722,0.0007617518938205963,0.0016051165099694176,0.015587199133580134,0.5166204986149584,0.48337950138504154,long,0.5166204986149584,0.010574352304154471
pre_action&has_exclamation,83,-0.002237955604579015,-0.0014286262111092851,0.021077579383849087,0.4819277108433735,0.5180722891566265,short,0.5180722891566265,0.010562844255535013
pre_action&has_night_post,83,-0.002237955604579015,-0.0014286262111092851,0.021077579383849087,0.4819277108433735,0.5180722891566265,short,0.5180722891566265,0.010562844255535013
exclamation_heavy&deal_over_tariff,227,0.0013357607280754268,0.0016025401175967513,0.018352117901527003,0.5242290748898678,0.47577092511013214,long,0.5242290748898678,0.010550248853926601
tariff_heavy&has_positive,59,-0.0025303324975794452,-0.0016258283754968517,0.013074046269629625,0.4576271186440678,0.5423728813559322,short,0.5423728813559322,0.010541479432936195
has_night_post&deal_over_tariff,217,0.0013374128821820428,0.0016076929023420838,0.018341001199601525,0.5345622119815668,0.46543778801843316,long,0.5345622119815668,0.010531582262313835
has_iran&pre_deal,41,-0.0029219331118048946,-0.0032467912195509596,0.014735285768457004,0.43902439024390244,0.5609756097560976,short,0.5609756097560976,0.010495573579321382
lots_of_excl&volume_spike,123,0.001593247486458693,0.0027854542824070627,0.02008958917128879,0.5934959349593496,0.4065040650406504,long,0.5934959349593496,0.010487055017065107
short_posts&volume_drop,92,0.0020115339645112415,0.0017934438804572128,0.014160515214115679,0.5434782608695652,0.45652173913043476,long,0.5434782608695652,0.010485845649149153
has_russia&uppercase_phrase_heavy,24,-0.003417050658667533,-0.003539781269640385,0.02287012260253901,0.375,0.625,short,0.625,0.010462538173720781
has_positive&tariff_rising,110,-0.0017666016153411476,-0.0017472682235332715,0.012462276368392339,0.43636363636363634,0.5636363636363636,short,0.5636363636363636,0.010443209012037422
tariff_rising,110,-0.0017666016153411476,-0.0017472682235332715,0.012462276368392339,0.43636363636363634,0.5636363636363636,short,0.5636363636363636,0.010443209012037422
has_exclamation&tariff_rising,110,-0.0017666016153411476,-0.0017472682235332715,0.012462276368392339,0.43636363636363634,0.5636363636363636,short,0.5636363636363636,0.010443209012037422
has_tariff&tariff_rising,110,-0.0017666016153411476,-0.0017472682235332715,0.012462276368392339,0.43636363636363634,0.5636363636363636,short,0.5636363636363636,0.010443209012037422
has_action&has_positive,181,0.001402548645782051,0.0024723127612313878,0.01892903054994761,0.5524861878453039,0.44751381215469616,long,0.5524861878453039,0.01042506198236689
has_deal&deal_over_tariff,236,0.001280926592906022,0.0016051165099694176,0.018051496678413433,0.5296610169491526,0.4703389830508475,long,0.5296610169491526,0.010422652386050757
deal_over_tariff,236,0.001280926592906022,0.0016051165099694176,0.018051496678413433,0.5296610169491526,0.4703389830508475,long,0.5296610169491526,0.010422652386050757
posts_high&has_night_post,383,0.001002639070677356,0.001694757760512422,0.01681152532249445,0.5300261096605744,0.4699738903394256,long,0.5300261096605744,0.010400190038327366
tariff_heavy&has_attack,48,-0.002765202111139458,-0.001514179960411588,0.01334501229852111,0.4583333333333333,0.5416666666666666,short,0.5416666666666666,0.010377186190995568
has_action&has_night_post,181,0.0013931390018278365,0.0024723127612313878,0.019016635785287075,0.5524861878453039,0.44751381215469616,long,0.5524861878453039,0.010355120649672513
posts_very_high&has_all_caps,102,0.0017415497560658484,0.002993153820309735,0.0194894286780655,0.5882352941176471,0.4117647058823529,long,0.5882352941176471,0.010346347271641358
exclamation_heavy&tariff_rising,108,-0.0017605955966533836,-0.0017472682235332715,0.01247695897005264,0.4351851851851852,0.5648148148148148,short,0.5648148148148148,0.010334216806895991
pre_deal&short_posts,68,0.0021794289564769052,0.00333244515423603,0.01753180255922741,0.5735294117647058,0.4264705882352941,long,0.5735294117647058,0.010307488701537477
deal_heavy&attack_heavy,80,0.002048314044328704,0.0016564714591169594,0.016754947088832243,0.5625,0.4375,long,0.5625,0.010305381245369625
has_uppercase_phrase&china_streak_3d,33,-0.0032870275495243146,-0.0012531808517389775,0.0157947283612085,0.45454545454545453,0.5454545454545454,short,0.5454545454545454,0.010299564915893894
has_positive&tariff_streak_3d,58,-0.002374074960245536,-0.0024627570614704775,0.01566939747979257,0.43103448275862066,0.5689655172413793,short,0.5689655172413793,0.010287133374257157
has_iran&volume_spike,38,0.0027500341665610377,0.004056063229752271,0.02005069153229633,0.6052631578947368,0.39473684210526316,long,0.6052631578947368,0.010260632365126723
has_action&has_market_brag,42,-0.0030172646185257818,-0.0011478361279926297,0.017621552213964317,0.47619047619047616,0.5238095238095238,short,0.5238095238095238,0.010242628843933673
volume_spike,163,0.001346440325697031,0.003333450631651358,0.022090905477973995,0.5950920245398773,0.4049079754601227,long,0.5950920245398773,0.010229750517257667
deal_only&volume_spike,23,0.00326925006121668,0.003333450631651358,0.016804613157434256,0.6521739130434783,0.34782608695652173,long,0.6521739130434783,0.010225286413809776
has_attack&has_uppercase_phrase,219,0.0012476560091245683,0.0026211636240907055,0.018140235373900426,0.5525114155251142,0.4474885844748858,long,0.5525114155251142,0.010201362389077432
has_exclamation&deal_only,178,0.0014307412028319423,0.001680685365777812,0.017373245909990294,0.5337078651685393,0.46629213483146065,long,0.5337078651685393,0.010187665767608663
has_exclamation&deal_over_tariff,234,0.001254537017158503,0.0016051165099694176,0.018124667886181448,0.5256410256410257,0.47435897435897434,long,0.5256410256410257,0.010087432998909364
has_china&deal_only,61,0.0022472883821358495,0.0018551604540026911,0.01930055423550102,0.5737704918032787,0.4262295081967213,long,0.5737704918032787,0.010070752746534191
has_positive&has_night_post,748,0.0006952002457059918,0.0016764713294580291,0.01593347895269963,0.5280748663101604,0.47192513368983957,long,0.5280748663101604,0.010040520186391151
has_action&pre_action,84,-0.0021338417845256008,-0.0011457130146056427,0.020971940870415748,0.4880952380952381,0.5119047619047619,short,0.5119047619047619,0.010011312724806504
pre_action,84,-0.0021338417845256008,-0.0011457130146056427,0.020971940870415748,0.4880952380952381,0.5119047619047619,short,0.5119047619047619,0.010011312724806504
pre_deal&sig_potus,21,-0.004148555597643695,-0.0015478818587040255,0.01408507745167273,0.47619047619047616,0.5238095238095238,short,0.5238095238095238,0.009958179550489759
has_china&lots_of_excl,269,0.0010960128954561798,0.002024217928567884,0.016458023469109243,0.5539033457249071,0.44609665427509293,long,0.5539033457249071,0.009956937760205961
posts_very_high&tariff_only,34,0.002638562164240756,0.003997817111524249,0.014718146302082648,0.6470588235294118,0.35294117647058826,long,0.6470588235294118,0.009955212915512606
has_deal&has_positive,330,0.0010311185069595248,0.0016142981957746327,0.017177520386905676,0.5303030303030303,0.4696969696969697,long,0.5303030303030303,0.009933210994994262
has_deal&lots_of_excl,320,0.0010510285909180333,0.0016142981957746327,0.017418793822672824,0.528125,0.471875,long,0.528125,0.009929474061861582
posts_low&silence_day,216,0.0013659639611179864,-0.0017211703958691649,0.023549699890904333,0.4930232558139535,0.5069767441860465,long,0.4930232558139535,0.00989768258923587
silence_day,216,0.0013659639611179864,-0.0017211703958691649,0.023549699890904333,0.4930232558139535,0.5069767441860465,long,0.4930232558139535,0.00989768258923587
short_posts&tariff_only,70,0.0020152844175578993,0.003167978692708573,0.015099918539299335,0.5857142857142857,0.4142857142857143,long,0.5857142857142857,0.009875774926425107
has_russia&has_night_post,260,0.0010965792379982358,0.0018946630416286636,0.015469088524090839,0.5576923076923077,0.4423076923076923,long,0.5576923076923077,0.009861008818733204
has_tariff&china_streak_3d,29,-0.0031206091457053713,-0.0017793327340818177,0.012188483530710692,0.41379310344827586,0.5862068965517241,short,0.5862068965517241,0.009851203700712716
has_all_caps&deal_over_tariff,63,0.0021694613745409787,0.0016835100610976816,0.02194030361276544,0.5714285714285714,0.42857142857142855,long,0.5714285714285714,0.009839751901707057
has_attack&open_deal,71,0.0021808214429867323,0.0017761723325091516,0.02302024251980003,0.5352112676056338,0.4647887323943662,long,0.5352112676056338,0.009835003775663523
posts_very_high&deal_heavy,76,0.0020387753259647977,0.0016129390300317903,0.020614775006509652,0.5526315789473685,0.4473684210526316,long,0.5526315789473685,0.009822269889671565
has_deal&has_night_post,317,0.0010330754816817746,0.0016181851577214967,0.01718681127477701,0.5331230283911672,0.4668769716088328,long,0.5331230283911672,0.009805937659369832
posts_low,402,0.0009415027324810039,0.0017331022530329143,0.02170339961260363,0.5187032418952618,0.48129675810473815,long,0.5187032418952618,0.009791597971338672
positive_heavy&short_posts,276,0.0011287916692706943,0.0015860593973794357,0.019590520564287454,0.5217391304347826,0.4782608695652174,long,0.5217391304347826,0.009784119460410863
has_action,186,0.001294106108849046,0.002503582848763175,0.018857375172165493,0.553763440860215,0.44623655913978494,long,0.553763440860215,0.00977351176080243
has_positive&exclamation_heavy,767,0.0006811267233588369,0.0016104112338277687,0.01579204013239143,0.5176010430247718,0.48239895697522817,long,0.5176010430247718,0.009763842034951273
has_night_post&tariff_rising,98,-0.0017523083580950872,-0.0018119561245388272,0.012857838035286307,0.4387755102040816,0.5612244897959183,short,0.5612244897959183,0.009735543107234224
posts_high&volume_spike,114,0.00154215129292901,0.0025911403474379036,0.017329582300991374,0.5877192982456141,0.41228070175438597,long,0.5877192982456141,0.009677192035806827
posts_high&tariff_heavy,49,-0.002506354755168107,-0.0016258283754968517,0.013950966808334244,0.4489795918367347,0.5510204081632653,short,0.5510204081632653,0.009667368341362698
has_china&exclamation_heavy,282,0.001044888646637737,0.001936602182362246,0.016224018419513615,0.549645390070922,0.450354609929078,long,0.549645390070922,0.009644443080891248
deal_heavy&open_deal,50,0.0027260730051342484,-0.00021567524124566084,0.025557389692616332,0.5,0.5,long,0.5,0.009638123539700085
deal_heavy&has_iran,43,-0.002631387140366099,-0.003533516263547143,0.018477990651596714,0.4418604651162791,0.5581395348837209,short,0.5581395348837209,0.009630786645538346
has_china&sig_potus,27,-0.0035742755317443495,-0.0014286262111092851,0.014153433646504707,0.48148148148148145,0.5185185185185185,short,0.5185185185185185,0.009630175055248966
posts_very_high&positive_heavy,216,0.0012494359291608135,0.0016051165099694176,0.01700802955293748,0.5231481481481481,0.47685185185185186,long,0.5231481481481481,0.009606508213335906
has_action&has_exclamation,185,0.0012659250322487284,0.0024723127612313878,0.018904620898964716,0.5513513513513514,0.4486486486486487,long,0.5513513513513514,0.009493411260675171
has_iran&pre_tariff,25,-0.003150450296381773,-0.004329025808587961,0.015102794334775025,0.4,0.6,short,0.6,0.009451350889145319
exclamation_heavy,797,0.0006494080764131322,0.0016025401175967513,0.01570885034098518,0.5144291091593476,0.48557089084065247,long,0.5144291091593476,0.009431317849689555
has_exclamation&exclamation_heavy,797,0.0006494080764131322,0.0016025401175967513,0.01570885034098518,0.5144291091593476,0.48557089084065247,long,0.5144291091593476,0.009431317849689555
has_positive,837,0.0006243663863625997,0.0016181851577214967,0.015937113458333565,0.5209080047789725,0.47909199522102747,long,0.5209080047789725,0.009409429105251147
has_night_post&lots_of_excl,673,0.00069835033102062,0.0016076929023420838,0.015709351685394404,0.5185735512630015,0.4814264487369985,long,0.5185735512630015,0.009394880019927445
has_action&has_uppercase_phrase,97,0.0016181267697081526,0.0034422892527847804,0.021752204944409447,0.5876288659793815,0.41237113402061853,long,0.5876288659793815,0.009364865218842373
open_tariff&has_all_caps,23,0.0029888018596608977,0.003676513507216539,0.019616342747507294,0.6521739130434783,0.34782608695652173,long,0.6521739130434783,0.009348124027498312
has_positive&pre_action,81,-0.0019889456863286105,-0.0014286262111092851,0.02103269827933906,0.48148148148148145,0.5185185185185185,short,0.5185185185185185,0.009281746536200182
has_deal&has_all_caps,90,0.0017156590405871907,0.0031472799722186418,0.01943487124346022,0.5666666666666667,0.43333333333333335,long,0.5666666666666667,0.00922316343607514
has_positive&has_exclamation,829,0.0006151959305186076,0.0016181851577214967,0.01594148993909907,0.5199034981905911,0.48009650180940894,long,0.5199034981905911,0.009209020905306104
has_market_brag&volume_drop,23,0.0031152975483764818,0.004792355820976368,0.013247305629741933,0.6086956521739131,0.391304347826087,long,0.6086956521739131,0.009094182200784291
has_deal&exclamation_heavy,332,0.0009470154141953402,0.0016090520680849263,0.017177825289610288,0.5240963855421686,0.4759036144578313,long,0.5240963855421686,0.009043514814004401
has_action&has_all_caps,56,0.0019834434398138235,0.003929360000445858,0.022322339547397013,0.6071428571428571,0.39285714285714285,long,0.6071428571428571,0.009011658468790788
has_tariff&sig_potus,28,-0.0031709098075448756,-0.0024180792649693417,0.017663953628024958,0.4642857142857143,0.5357142857142857,short,0.5357142857142857,0.008988684407763667
high_emotion,68,-0.0020993657607147756,-0.0018659917406785853,0.020188147723616108,0.4852941176470588,0.5147058823529411,short,0.5147058823529411,0.008910492271709607
has_positive&open_deal,79,0.0018374090045779107,0.001694757760512422,0.022265628430294022,0.5443037974683544,0.45569620253164556,long,0.5443037974683544,0.008889160552443489
lots_of_excl,723,0.0006388514621439383,0.0016025401175967513,0.015923091132173744,0.5159059474412172,0.48409405255878285,long,0.5159059474412172,0.008862159788193642
has_exclamation&lots_of_excl,723,0.0006388514621439383,0.0016025401175967513,0.015923091132173744,0.5159059474412172,0.48409405255878285,long,0.5159059474412172,0.008862159788193642
has_deal,343,0.0009036742129412651,0.0016104112338277687,0.016961641258822678,0.5276967930029155,0.47230320699708456,long,0.5276967930029155,0.008831681618230515
pre_action&exclamation_heavy,79,-0.0019141455699853086,-0.0014286262111092851,0.021295185275623175,0.4810126582278481,0.5189873417721519,short,0.5189873417721519,0.008829686287746637
has_all_caps&tariff_only,30,0.002541881935017761,0.0035049820694339484,0.014351193907698278,0.6333333333333333,0.36666666666666664,long,0.6333333333333333,0.008817558470719354
has_iran&has_all_caps,25,-0.003996062402173459,0.0025608179586069646,0.01731022697966256,0.56,0.44,short,0.44,0.008791337284781611
has_uppercase_phrase&short_posts,160,0.001248557235023704,0.002751841760755047,0.021520555373603062,0.55625,0.44375,long,0.55625,0.00878493335015946
deal_heavy&has_relief,31,0.0027103919698277003,0.0016076929023420838,0.02317727864222282,0.5806451612903226,0.41935483870967744,long,0.5806451612903226,0.00876241383033329
open_deal,81,0.0017862733522425844,0.001694757760512422,0.022024559119547534,0.5432098765432098,0.4567901234567901,long,0.5432098765432098,0.00873289194429708
has_deal&open_deal,81,0.0017862733522425844,0.001694757760512422,0.022024559119547534,0.5432098765432098,0.4567901234567901,long,0.5432098765432098,0.00873289194429708
open_deal&has_exclamation,81,0.0017862733522425844,0.001694757760512422,0.022024559119547534,0.5432098765432098,0.4567901234567901,long,0.5432098765432098,0.00873289194429708
has_china&has_night_post,271,0.0009613946671626937,0.0019047717537183928,0.016179643562520506,0.5498154981549815,0.45018450184501846,long,0.5498154981549815,0.008701684477464914
has_china&tariff_only,47,0.00219944718232346,0.003676513507216539,0.015538025462163154,0.574468085106383,0.425531914893617,long,0.574468085106383,0.008662203302841351
has_tariff&exclamation_heavy,304,0.0009413913398206283,0.0017009517576195288,0.015180737676686486,0.5263157894736842,0.47368421052631576,long,0.5263157894736842,0.008638799403373634
has_tariff&has_relief,40,-0.0027207875681203838,0.0003724465421200418,0.019712921910744384,0.5,0.5,short,0.5,0.008603885744730942
has_deal&has_exclamation,341,0.0008833526132789516,0.0016104112338277687,0.01700800819352464,0.5249266862170088,0.4750733137829912,long,0.5249266862170088,0.008562684447278696
has_relief&has_china,35,-0.003163206810944162,0.0015624766781301425,0.020215223895600785,0.5428571428571428,0.45714285714285713,short,0.45714285714285713,0.00855487262353818
has_deal&uppercase_phrase_heavy,28,0.0029840101518425594,0.0015142629450405343,0.029571955444186827,0.5357142857142857,0.4642857142857143,long,0.5357142857142857,0.008458873683715179
open_deal&lots_of_excl,78,0.0017738988012613722,0.0016525844971700954,0.022402540910760754,0.5384615384615384,0.46153846153846156,long,0.5384615384615384,0.008435888468972497
has_china&has_exclamation,288,0.0009160515990415713,0.001872671874393217,0.01614590858501945,0.5416666666666666,0.4583333333333333,long,0.5416666666666666,0.008420701868787978
has_china,288,0.0009160515990415713,0.001872671874393217,0.01614590858501945,0.5416666666666666,0.4583333333333333,long,0.5416666666666666,0.008420701868787978
posts_high&tariff_streak_3d,29,-0.0028219706331664707,-0.0015478818587040255,0.020270506242052146,0.4482758620689655,0.5517241379310345,short,0.5517241379310345,0.008384428656824911
pre_tariff&pre_action,21,-0.0032004849706910995,-0.0016101691466156032,0.015532125718844837,0.42857142857142855,0.5714285714285714,short,0.5714285714285714,0.008380836936434563
tariff_heavy&has_china,34,-0.002865917221420717,0.0003724465421200418,0.013969176887850727,0.5,0.5,short,0.5,0.008355512726356455
uppercase_phrase_heavy&short_posts,31,0.0025828892552738954,0.0026211636240907055,0.030340786322961975,0.5806451612903226,0.41935483870967744,long,0.5806451612903226,0.008350210886313235
posts_high&positive_heavy,361,0.0008171064017367627,0.0016076929023420838,0.016661421721550034,0.5235457063711911,0.47645429362880887,long,0.5235457063711911,0.00812805841727622
tariff_heavy&tariff_rising,26,-0.0027508217782649283,-0.0025859373256152396,0.012303484172071655,0.4230769230769231,0.5769230769230769,short,0.5769230769230769,0.008092208034108966
attack_heavy&pre_relief,25,-0.003657218682363683,0.0016025401175967513,0.017378481386430767,0.56,0.44,short,0.44,0.008045881101200103
open_tariff&has_uppercase_phrase,30,0.002931041571627428,0.000999193847672275,0.02395905841380552,0.5,0.5,long,0.5,0.008026987928828682
brag_heavy&has_china,20,-0.003969578418372322,0.0023437984026515313,0.01651344261739666,0.55,0.45,short,0.45,0.00798862246694695
positive_heavy&sig_potus,52,-0.0020491751082103568,-0.0015842843927129646,0.011861392437762443,0.46153846153846156,0.5384615384615384,short,0.5384615384615384,0.00795674484236898
has_tariff&pre_deal,90,-0.0016059412414983346,-0.0015672682861845866,0.015543100211476918,0.4777777777777778,0.5222222222222223,short,0.5222222222222223,0.007956210308068768
positive_heavy&tariff_streak_3d,50,-0.002067822629033931,-0.0015868551171004386,0.016745811967199174,0.46,0.54,short,0.54,0.007895725577716792
has_night_post&tariff_streak_3d,54,-0.0020007159745893933,-0.0015868551171004386,0.016350347911764523,0.46296296296296297,0.5370370370370371,short,0.5370370370370371,0.007895625804521994
has_all_caps&tariff_rising,28,0.0024498111203872202,0.0059804753765702046,0.015587900475608141,0.6071428571428571,0.39285714285714285,long,0.6071428571428571,0.007870503337259051
attack_heavy&has_uppercase_phrase,149,0.0011338962528858211,0.0028611875134465503,0.016061461203185967,0.5637583892617449,0.436241610738255,long,0.5637583892617449,0.007802961641336355
open_deal&exclamation_heavy,79,0.0016468310147086118,0.0016104112338277687,0.022287106380950217,0.5316455696202531,0.46835443037974683,long,0.5316455696202531,0.00778188452797722
pre_action&lots_of_excl,74,-0.0017592023760434848,-0.0011457130146056427,0.021684525639265893,0.4864864864864865,0.5135135135135135,short,0.5135135135135135,0.0077711186469277185
high_emotion&volume_spike,22,-0.0033009072038462524,-7.409944474812136e-05,0.025829793182860404,0.5,0.5,short,0.5,0.007741313585317576
has_china&has_iran,45,-0.0021602904989346965,-0.002531515432214748,0.01646046969827842,0.4666666666666667,0.5333333333333333,short,0.5333333333333333,0.00772889025082387
has_deal&sig_potus,26,-0.002809156958905524,-0.0016947865367774595,0.015264944572435536,0.46153846153846156,0.5384615384615384,short,0.5384615384615384,0.007712894080879201
has_night_post&exclamation_heavy,732,0.0005523292739484056,0.0016025345033038318,0.01592184010012179,0.5150273224043715,0.4849726775956284,long,0.5150273224043715,0.007696333377416545
positive_heavy&volume_spike,119,0.0011866502555133375,0.0027099679336444193,0.020109074455667134,0.5882352941176471,0.4117647058823529,long,0.5882352941176471,0.007614603540090536
posts_high&tariff_only,62,0.0016636840127339505,0.0034011816187659027,0.015355120595817891,0.5806451612903226,0.41935483870967744,long,0.5806451612903226,0.007606370912594339
has_deal&has_uppercase_phrase,137,0.0012170751667026328,0.0016778606704579424,0.020428544379791663,0.5328467153284672,0.46715328467153283,long,0.5328467153284672,0.007590667667431873
has_china&deal_over_tariff,97,0.001325116809323318,0.0018551604540026911,0.019117033726898262,0.5773195876288659,0.422680412371134,long,0.5773195876288659,0.007534532715922956
tariff_only&tariff_rising,53,-0.0016462560373381766,-0.003496625922089436,0.014207653130207464,0.37735849056603776,0.6226415094339622,short,0.6226415094339622,0.007462311703859297
deal_heavy&has_night_post,138,0.0012284732654300294,0.0015825083978634469,0.019575727587635774,0.5144927536231884,0.4855072463768116,long,0.5144927536231884,0.00742479581942485
attack_heavy&china_streak_3d,38,0.0021780101679860367,0.002162271898700996,0.015162664007009522,0.5526315789473685,0.4473684210526316,long,0.5526315789473685,0.00741971799844686
positive_heavy&has_russia,214,0.0009092305017725039,0.001911796532504395,0.01489254788728271,0.5560747663551402,0.4439252336448598,long,0.5560747663551402,0.007396292387655755
has_tariff&has_uppercase_phrase,119,0.0012295038491486228,0.00312512012717292,0.01787926574031372,0.5462184873949579,0.453781512605042,long,0.5462184873949579,0.00732604814893213
open_deal&has_night_post,76,0.0015939545140167368,0.0015815132421234113,0.02268707538494426,0.5263157894736842,0.47368421052631576,long,0.5263157894736842,0.0073135648917888865
has_action&positive_heavy,151,0.0010951852595085503,0.0018017021172065384,0.019695138429344047,0.543046357615894,0.45695364238410596,long,0.543046357615894,0.007308242820115715
has_deal&tariff_rising,57,-0.0018785018896246121,-0.0014025315453263243,0.01071592747557248,0.49122807017543857,0.5087719298245614,short,0.5087719298245614,0.007215595953285316
pre_tariff&tariff_only,58,-0.0015221708396447819,-0.0031367954055083747,0.015805754578969905,0.3793103448275862,0.6206896551724138,short,0.6206896551724138,0.007195349633646423
deal_heavy&pre_relief,20,-0.003556243380298424,0.0031898543458771522,0.018008866054006815,0.55,0.45,short,0.45,0.007156801748592821
posts_high&has_market_brag,103,-0.0013915898045616173,-0.0008627998181020002,0.014262896579717828,0.49514563106796117,0.5048543689320388,short,0.5048543689320388,0.0071301057236733386
has_iran&open_deal,23,-0.003104147004913354,0.001694757760512422,0.02417402176450408,0.5217391304347826,0.4782608695652174,short,0.4782608695652174,0.007119853332641847
has_tariff&volume_spike,76,0.0014701879235724598,0.0028568283058093558,0.01848101116850684,0.5526315789473685,0.4473684210526316,long,0.5526315789473685,0.00708296906969428
has_action&has_china,88,0.0013233507811812116,0.0032688505103315446,0.019019777774800756,0.5681818181818182,0.4318181818181818,long,0.5681818181818182,0.007053483363439776
pre_action&has_all_caps,30,-0.002748721740265873,0.0019413267467954798,0.02349887503037684,0.5333333333333333,0.4666666666666667,short,0.4666666666666667,0.007025838873426216
has_positive&high_emotion,24,-0.002633503602406629,-0.003415918416210695,0.013710303753810287,0.4583333333333333,0.5416666666666666,short,0.5416666666666666,0.006988301733484052
has_tariff&brag_heavy,23,-0.003331623788487827,0.005305172895694321,0.01632755464993621,0.5652173913043478,0.43478260869565216,short,0.43478260869565216,0.006946915821151508
has_attack&tariff_streak_3d,44,-0.0019135740965697306,-0.0015868551171004386,0.01729430697981198,0.45454545454545453,0.5454545454545454,short,0.5454545454545454,0.006923571585671025
posts_high&has_uppercase_phrase,198,0.0009217113375306663,0.0016863092154851822,0.01844511408100959,0.5303030303030303,0.4696969696969697,long,0.5303030303030303,0.0068778331102119054
has_market_brag&has_iran,27,-0.0025482911848243913,-0.0014025315453263243,0.01495255054787317,0.48148148148148145,0.5185185185185185,short,0.5185185185185185,0.006865864140482259
has_all_caps&exclamation_heavy,174,0.0009373379214220801,0.002600903714026881,0.016606669951849097,0.5517241379310345,0.4482758620689655,long,0.5517241379310345,0.00682170282626299
positive_heavy&lots_of_excl,567,0.0005546212606169092,0.0015624766781301425,0.015868336282353467,0.5114638447971781,0.48853615520282184,long,0.5114638447971781,0.006754652046860796
has_deal&has_relief,46,0.0017403657202965397,0.0016051165099694176,0.022145640007220253,0.5652173913043478,0.43478260869565216,long,0.5652173913043478,0.006671676081861657
brag_heavy&lots_of_excl,42,-0.002159294404393724,0.002136222305887281,0.0141018021110252,0.5238095238095238,0.47619047619047616,short,0.47619047619047616,0.006663727203047033
has_all_caps&lots_of_excl,167,0.0009297050901156843,0.0025806438039630564,0.01680230470446478,0.5508982035928144,0.4491017964071856,long,0.5508982035928144,0.0066187320628581904
has_tariff&volume_drop,25,-0.0025453587364039753,-0.0016206869267219037,0.014590037566780898,0.48,0.52,short,0.52,0.006617932714650336
has_action&volume_spike,58,0.0014752725826742772,0.003850176545271644,0.022699560449834625,0.5862068965517241,0.41379310344827586,long,0.5862068965517241,0.006586234531108122
tariff_heavy&has_uppercase_phrase,33,-0.002224129408942434,-0.0008627998181020002,0.015388403894819576,0.48484848484848486,0.5151515151515151,short,0.5151515151515151,0.006581910978864121
has_china&volume_drop,29,0.0023619315334457063,0.0016638685414209764,0.011044512233208062,0.5172413793103449,0.4827586206896552,long,0.5172413793103449,0.006578995122813646
tariff_heavy&attack_heavy,36,-0.002190181770896286,0.0003724465421200418,0.01420678699538188,0.5,0.5,short,0.5,0.006570545312688858
positive_heavy&has_market_brag,136,-0.0010942282824423998,-0.0014134559665535118,0.013631028890325797,0.4852941176470588,0.5147058823529411,short,0.5147058823529411,0.006568051079162618
has_exclamation,906,0.00042267196212257384,0.0016090520680849263,0.016253150248219505,0.5154525386313465,0.4845474613686534,long,0.5154525386313465,0.006557770619432409
has_action&china_streak_3d,22,0.002364274973226756,0.0023018934676201086,0.01306096999079681,0.5909090909090909,0.4090909090909091,long,0.5909090909090909,0.00655284653339662
posts_very_high&open_tariff,34,0.001989670469681763,0.0034008168171947295,0.01756916507442891,0.5588235294117647,0.4411764705882353,long,0.5588235294117647,0.006483287738554814
has_tariff&attack_heavy,139,0.0010021891767700007,0.0028611875134465503,0.016623633723604547,0.5467625899280576,0.45323741007194246,long,0.5467625899280576,0.006460347815378626
has_exclamation&volume_drop,157,0.0009284807884757023,0.0017921510745697589,0.01259428661773825,0.5477707006369427,0.45222929936305734,long,0.5477707006369427,0.006372671721958485
deal_over_tariff&volume_drop,24,-0.002595076560985949,-3.7160534056668304e-05,0.011102809588650463,0.5,0.5,short,0.5,0.006356613417872126
has_attack&open_tariff,58,0.0016410487564080427,0.0003698645354544561,0.019160417751926364,0.5,0.5,long,0.5,0.006248927492231892
has_market_brag&has_china,72,-0.001558123442668688,0.0015091757972075515,0.01593799581486836,0.5277777777777778,0.4722222222222222,short,0.4722222222222222,0.006243304696008295
open_deal&has_all_caps,29,0.0019585582169253466,0.00353977018129914,0.02643426374895389,0.5862068965517241,0.41379310344827586,long,0.5862068965517241,0.006182817217333729
has_market_brag&lots_of_excl,155,-0.0009559043890350819,-0.0014243803877806993,0.013403419940624947,0.4838709677419355,0.5161290322580645,short,0.5161290322580645,0.006142407054845694
has_market_brag&tariff_rising,33,-0.0020704466860747748,-0.0014025315453263243,0.01482340737670796,0.48484848484848486,0.5151515151515151,short,0.5151515151515151,0.0061271146001833695
posts_very_high&china_streak_3d,38,0.0020949878723213453,-0.0012522631868927547,0.017533207343835178,0.47368421052631576,0.5263157894736842,long,0.47368421052631576,0.00611733437819426
posts_low&high_emotion,58,-0.0016603798035066148,0.0018004500470194529,0.021070924593086217,0.5172413793103449,0.4827586206896552,short,0.4827586206896552,0.006104519377341859
tariff_heavy&has_russia,21,-0.002529972960711277,-0.0035460462757336275,0.015325126852177627,0.47619047619047616,0.5238095238095238,short,0.5238095238095238,0.006072938980245743
attack_heavy&has_china,144,0.0008915702366868396,0.0022203726861187434,0.01567730621626413,0.5625,0.4375,long,0.5625,0.006018099097636166
tariff_heavy&volume_spike,25,-0.0021370032055597443,-0.0016258283754968517,0.015443778393350122,0.44,0.56,short,0.56,0.005983608975567285
pre_deal&deal_only,80,0.001300812221862152,0.001338547883116492,0.014362123535028257,0.5125,0.4875,long,0.5125,0.005962844335794935
has_night_post,820,0.00039670483238726,0.001628719397469336,0.016591554569526892,0.5207317073170732,0.4792682926829268,long,0.5207317073170732,0.0059154588774626635
has_deal&has_china,153,0.0008709342415342571,0.0017761723325091516,0.017962288726009214,0.5490196078431373,0.45098039215686275,long,0.5490196078431373,0.005914512257809557
deal_heavy&has_all_caps,49,0.001533044606003521,0.00312512012717292,0.022571914341190873,0.5510204081632653,0.4489795918367347,long,0.5510204081632653,0.005913172051727866
has_uppercase_phrase&has_exclamation,291,0.0006581905638971732,0.0016778606704579424,0.018127310079696764,0.5257731958762887,0.4742268041237113,long,0.5257731958762887,0.005903323568520301
has_market_brag&brag_heavy,43,-0.0019178258661371628,0.0027099679336444193,0.014022597642641034,0.5348837209302325,0.46511627906976744,short,0.46511627906976744,0.005849314054656132
brag_heavy&has_exclamation,43,-0.0019178258661371628,0.0027099679336444193,0.014022597642641034,0.5348837209302325,0.46511627906976744,short,0.46511627906976744,0.005849314054656132
brag_heavy&exclamation_heavy,43,-0.0019178258661371628,0.0027099679336444193,0.014022597642641034,0.5348837209302325,0.46511627906976744,short,0.46511627906976744,0.005849314054656132
brag_heavy,43,-0.0019178258661371628,0.0027099679336444193,0.014022597642641034,0.5348837209302325,0.46511627906976744,short,0.46511627906976744,0.005849314054656132
attack_heavy&tariff_only,52,0.0014049648288896022,0.0034074037391087497,0.01603428274816217,0.5769230769230769,0.4230769230769231,long,0.5769230769230769,0.005845006997059557
has_uppercase_phrase&volume_drop,29,0.0016445645988349125,0.005305172895694321,0.013766311166705965,0.6551724137931034,0.3448275862068966,long,0.6551724137931034,0.0058023716073584775
has_night_post&has_all_caps,175,0.000809030109087179,0.0024723127612313878,0.0168082442438797,0.5371428571428571,0.46285714285714286,long,0.5371428571428571,0.005748751209998985
has_all_caps,179,0.0007927478535513128,0.0025608179586069646,0.01666610822992808,0.5418994413407822,0.4581005586592179,long,0.5418994413407822,0.0057475173848458285
has_all_caps&has_exclamation,179,0.0007927478535513128,0.0025608179586069646,0.01666610822992808,0.5418994413407822,0.4581005586592179,long,0.5418994413407822,0.0057475173848458285
has_uppercase_phrase,293,0.0006384028955118575,0.0016778606704579424,0.018081207202832898,0.5255972696245734,0.47440273037542663,long,0.5255972696245734,0.0057435678886928005
pre_action&deal_over_tariff,30,0.001954600507841971,0.0015064404249781616,0.021155229684826162,0.5333333333333333,0.4666666666666667,long,0.5333333333333333,0.005709753541632538
posts_low&has_attack,27,0.0024543744892128305,-0.00156022541057943,0.013968717588001216,0.4444444444444444,0.5555555555555556,long,0.4444444444444444,0.0056681350881567115
has_night_post&tariff_only,129,0.0009522500784527584,0.0017241120726214643,0.014305845351166083,0.5193798449612403,0.4806201550387597,long,0.5193798449612403,0.005617343278969929
positive_heavy&exclamation_heavy,582,0.00045300917149503105,0.0015860593973794357,0.016233185199249392,0.5137457044673539,0.48625429553264604,long,0.5137457044673539,0.005614572455120384
has_tariff&has_action,80,0.0011633989719570012,0.0026980202248707563,0.01574493860965794,0.5375,0.4625,long,0.5375,0.005593094250435836
pre_relief&deal_over_tariff,20,-0.0027781183222955084,0.001493790492314906,0.018060383125705112,0.55,0.45,short,0.45,0.005590855276371384
posts_very_high&has_iran,55,-0.0013719262959942585,-0.0018797376692317735,0.015995470993495357,0.45454545454545453,0.5454545454545454,short,0.5454545454545454,0.005549715120414205
pre_action&volume_spike,31,-0.0021862157593975024,0.0016025401175967513,0.027373635745666362,0.5483870967741935,0.45161290322580644,short,0.45161290322580644,0.005497183184671968
has_russia&sig_potus,36,-0.0016386703441131972,-0.0016947865367774595,0.015107507543564238,0.4444444444444444,0.5555555555555556,short,0.5555555555555556,0.0054622344803773246
has_deal&volume_spike,82,0.0010974398286476526,0.0016564714591169594,0.019029335999493295,0.5487804878048781,0.45121951219512196,long,0.5487804878048781,0.005453637977379528
posts_high&has_china,197,0.0006976622567645912,0.001968432611006099,0.017921381812419018,0.5532994923857868,0.4467005076142132,long,0.5532994923857868,0.00541799516737993
has_night_post&has_exclamation,793,0.000369549823187587,0.0016181851577214967,0.016359025925418547,0.519546027742749,0.48045397225725095,long,0.519546027742749,0.005406716788365865
posts_high&has_all_caps,134,0.0008238530524715392,0.002600903714026881,0.017984500247885584,0.5597014925373134,0.44029850746268656,long,0.5597014925373134,0.0053377547951173965
tariff_heavy&has_action,21,-0.002034362608441946,-0.0016258283754968517,0.016284246991233618,0.42857142857142855,0.5714285714285714,short,0.5714285714285714,0.0053272117966703
positive_heavy,586,0.00042756340162680516,0.0015736140683551003,0.016193389455155763,0.5119453924914675,0.4880546075085324,long,0.5119453924914675,0.005298744396469356
has_positive&positive_heavy,586,0.00042756340162680516,0.0015736140683551003,0.016193389455155763,0.5119453924914675,0.4880546075085324,long,0.5119453924914675,0.005298744396469356
positive_heavy&has_exclamation,586,0.00042756340162680516,0.0015736140683551003,0.016193389455155763,0.5119453924914675,0.4880546075085324,long,0.5119453924914675,0.005298744396469356
has_positive&brag_heavy,42,-0.0018065899757680945,0.0029175440304086697,0.014173360336793195,0.5476190476190477,0.4523809523809524,short,0.4523809523809524,0.005296494820110077
has_positive&has_all_caps,174,0.0007347944744810844,0.0025707308812850105,0.016795013948682037,0.5459770114942529,0.4540229885057471,long,0.5459770114942529,0.005291939408598637
has_deal&volume_drop,32,-0.0019759967642648674,0.0016785311287522697,0.013096124120917204,0.53125,0.46875,short,0.46875,0.005239652668553864
positive_heavy&brag_heavy,38,-0.0018409677209665209,0.0029175440304086697,0.014534891833808747,0.5526315789473685,0.4473684210526316,short,0.4473684210526316,0.0050769547991678515
has_attack&china_streak_3d,61,0.0012502869300322864,0.0014103407323595718,0.017521727636968073,0.5081967213114754,0.4918032786885246,long,0.5081967213114754,0.004962567963808602
has_positive&has_market_brag,160,-0.0007717353713605331,-0.0011326656817141623,0.013392480687068553,0.49375,0.50625,short,0.50625,0.004941894086940703
has_uppercase_phrase&deal_over_tariff,94,0.0009518415930817061,0.0015903309179258196,0.02182550165347363,0.5319148936170213,0.46808510638297873,long,0.5319148936170213,0.004908748210886443
has_china&has_uppercase_phrase,130,0.0008218716864074357,0.0020452489594764423,0.019881728200474416,0.5230769230769231,0.47692307692307695,long,0.5230769230769231,0.0049016382431542275
has_relief&has_market_brag,22,-0.002843538812646641,0.0016129390300317903,0.018400133604369845,0.6363636363636364,0.36363636363636365,short,0.36363636363636365,0.004849956094729967
posts_high&all_caps_heavy,27,0.0013118657682207654,0.00436690245889193,0.020346630579967023,0.7037037037037037,0.2962962962962963,long,0.7037037037037037,0.0047969050113451225
attack_heavy&sig_potus,33,-0.0016194368112781483,-0.0014286262111092851,0.013509907313351124,0.48484848484848486,0.5151515151515151,short,0.5151515151515151,0.004792431989286388
has_tariff&has_iran,48,-0.0013184593202268276,-0.0015878086670899072,0.013697149517026668,0.4791666666666667,0.5208333333333334,short,0.5208333333333334,0.004757580271553312
has_relief&short_posts,44,0.001206909114006318,0.002922417120080678,0.025856841194576277,0.5909090909090909,0.4090909090909091,long,0.5909090909090909,0.004730658266713631
open_tariff&volume_spike,22,0.0018481686965961834,0.00693032420403894,0.021712146993217777,0.5454545454545454,0.45454545454545453,long,0.5454545454545454,0.004728370680723853
posts_very_high&tariff_rising,32,-0.0015612989512463135,-0.0016518500799176938,0.01618932326170081,0.46875,0.53125,short,0.53125,0.004692021572514281
tariff_heavy&has_deal,43,-0.001536460552286553,0.0016104112338277687,0.012555066569377916,0.5348837209302325,0.46511627906976744,short,0.46511627906976744,0.00468616075192287
has_iran&lots_of_excl,109,-0.0008013545210978339,-0.002645568616963301,0.015809441997271023,0.44036697247706424,0.5596330275229358,short,0.5596330275229358,0.00468210638693871
has_market_brag&has_uppercase_phrase,69,-0.0012103117979281183,0.0016181851577214967,0.014994492910748223,0.5362318840579711,0.463768115942029,short,0.463768115942029,0.004662541385387124
has_tariff&has_all_caps,79,0.0009183262679029911,0.0031694398172643634,0.01719681139499147,0.569620253164557,0.43037974683544306,long,0.569620253164557,0.004649389979040927
has_deal&pre_relief,26,-0.0021548539701670786,0.0017272564957614422,0.016200472054539637,0.5769230769230769,0.4230769230769231,short,0.4230769230769231,0.00464861795657973
has_deal&china_streak_3d,36,-0.0013893686130537516,-0.0017777525332954847,0.02012822995937097,0.4444444444444444,0.5555555555555556,short,0.5555555555555556,0.004631228710179172
has_tariff&has_china,139,0.0007161321238392598,0.0028611875134465503,0.01654178578333153,0.5467625899280576,0.45323741007194246,long,0.5467625899280576,0.004616356581177863
positive_heavy&tariff_only,108,0.0008714511154052188,0.0018093495646392954,0.013219517794688954,0.5092592592592593,0.49074074074074076,long,0.5092592592592593,0.004612048247260692
deal_heavy&has_china,80,0.0008765178154782352,0.003080018247438865,0.018413376342151212,0.5875,0.4125,long,0.5875,0.004605890534412536
has_all_caps&short_posts,122,0.0007787336188495013,0.0016103570233662046,0.019031156108987923,0.5327868852459017,0.4672131147540984,long,0.5327868852459017,0.004582709894810442
has_tariff&has_night_post,281,0.0005238794074188696,0.0016104112338277687,0.01561988928728823,0.5160142348754448,0.48398576512455516,long,0.5160142348754448,0.004531543672905889
tariff_heavy&pre_deal,27,-0.001961581257046999,0.0016104112338277687,0.014066492892331299,0.5555555555555556,0.4444444444444444,short,0.4444444444444444,0.004530077867173638
posts_high&has_tariff,180,0.0006367709704439247,0.001910202742466116,0.016381768401252987,0.5277777777777778,0.4722222222222222,long,0.5277777777777778,0.004508900057368564
pre_action&short_posts,50,-0.001447806150861588,0.002503582848763175,0.025516808300650097,0.56,0.44,short,0.44,0.004504515607318419
posts_high&uppercase_phrase_heavy,42,0.001324579757776662,0.0015142629450405343,0.026126166083302746,0.5238095238095238,0.47619047619047616,long,0.5238095238095238,0.0044965160661721345
has_russia&short_posts,134,0.0007505613802333128,0.001573707488244147,0.017528856313798077,0.5149253731343284,0.48507462686567165,long,0.5149253731343284,0.00447386531712584
lots_of_excl&tariff_only,131,0.0007360380723187688,0.0019047717537183928,0.015532884384695134,0.5267175572519084,0.4732824427480916,long,0.5267175572519084,0.004437248202528963
has_action&uppercase_phrase_heavy,27,0.001769068552776143,-0.0014286262111092851,0.030757902062847304,0.48148148148148145,0.5185185185185185,long,0.48148148148148145,0.004425946222360901
has_china&pre_deal,83,-0.0009967653816497773,0.0015624766781301425,0.01639180238337919,0.5180722891566265,0.4819277108433735,short,0.4819277108433735,0.004376368580005163
has_market_brag&exclamation_heavy,162,-0.0006786307566492841,-0.0011326656817141623,0.013489903780761734,0.49382716049382713,0.5061728395061729,short,0.5061728395061729,0.00437209795730825
high_emotion&has_exclamation,39,-0.0014293155098460836,0.0017421602787457413,0.018164527340376463,0.5128205128205128,0.48717948717948717,short,0.48717948717948717,0.004348599422135974
has_night_post&sig_potus,61,-0.0010606394837459558,-0.0015478818587040255,0.014935118888102672,0.47540983606557374,0.5245901639344263,short,0.5245901639344263,0.004345631047439031
has_exclamation&volume_spike,140,0.0006252898473701228,0.0025911403474379036,0.022314520756773,0.5857142857142857,0.4142857142857143,long,0.5857142857142857,0.004333424274535913
has_tariff&lots_of_excl,290,0.0004883038636771868,0.0016711486151714805,0.016204795646904316,0.5206896551724138,0.4793103448275862,long,0.5206896551724138,0.004329802720477773
short_posts&tariff_rising,35,-0.0013441787836534175,-0.00152436742575357,0.015794718160120232,0.45714285714285713,0.5428571428571428,short,0.5428571428571428,0.004316945988857854
deal_only&volume_drop,23,-0.0018538649953594734,0.0015649111829347806,0.010728040883997486,0.5217391304347826,0.4782608695652174,short,0.4782608695652174,0.004252133305731324
positive_heavy&has_china,245,0.0005044762845339857,0.0017420971925654616,0.016453255490786908,0.5346938775510204,0.46530612244897956,long,0.5346938775510204,0.004222104792809767
pre_deal&volume_spike,46,-0.001363599326099305,0.001610362637659124,0.01788736470396957,0.5434782608695652,0.45652173913043476,short,0.45652173913043476,0.004222086793083201
has_china&has_all_caps,85,0.0007562089323053911,0.003508743690312288,0.01894498856363943,0.6,0.4,long,0.6,0.004183141122234924
has_uppercase_phrase&tariff_rising,36,-0.0013139119590272073,-0.002319875801564897,0.015766098381034883,0.4722222222222222,0.5277777777777778,short,0.5277777777777778,0.004160721203586157
attack_heavy&pre_action,45,0.001114335238390507,0.0024723127612313878,0.019562656357621926,0.5555555555555556,0.4444444444444444,long,0.5555555555555556,0.004152882237941012
positive_heavy&pre_deal,144,-0.0006755496837893391,-0.0010732154349495926,0.0156428889303074,0.4930555555555556,0.5069444444444444,short,0.5069444444444444,0.004109593909718479
pre_deal&has_all_caps,45,-0.0012441750910688542,0.0012920548991999237,0.0159886247904521,0.5111111111111111,0.4888888888888889,short,0.4888888888888889,0.004080354783328193
has_deal&pre_action,46,0.0011977807483097027,0.0002737704571287858,0.01862893473892732,0.5,0.5,long,0.5,0.004061872141235558
has_relief&has_all_caps,25,-0.0020290315589177378,0.0025608179586069646,0.02513803590311303,0.6,0.4,short,0.4,0.0040580631178354755
has_night_post&has_uppercase_phrase,276,0.000466515585455539,0.0016585571538375588,0.01813942127526972,0.5217391304347826,0.4782608695652174,long,0.5217391304347826,0.0040436551247667925
posts_low&has_night_post,94,-0.000911208876575583,0.0018109316274519394,0.02087641746024242,0.5425531914893617,0.4574468085106383,short,0.4574468085106383,0.004041312838842551
has_tariff&has_market_brag,76,-0.0009257191287994845,0.0003724465421200418,0.014441021829767515,0.5,0.5,short,0.5,0.004035116132539466
deal_heavy&volume_spike,50,0.0010509821219634196,0.0015825083978634469,0.020888697443821033,0.54,0.46,long,0.54,0.00401304556086927
posts_high&has_russia,169,0.0005704905681433766,0.001694757760512422,0.015637493459363647,0.5384615384615384,0.46153846153846156,long,0.5384615384615384,0.003993433977003636
has_iran&exclamation_heavy,115,-0.0006770350944871289,-0.0018866172423885885,0.015520843885450851,0.45217391304347826,0.5478260869565217,short,0.5478260869565217,0.003977432430027102
has_china&uppercase_phrase_heavy,34,-0.0013597143893579206,-9.142739374856657e-06,0.025230791304161792,0.5,0.5,short,0.5,0.003964214597537494
has_action&tariff_only,29,0.0012499745532107305,0.003676513507216539,0.015217841761299006,0.5862068965517241,0.41379310344827586,long,0.5862068965517241,0.00394594560530999
posts_high&pre_deal,116,-0.0007015646245380843,-0.0014039992387753775,0.016232016726753982,0.4827586206896552,0.5172413793103449,short,0.5172413793103449,0.00390831840619968
has_market_brag&has_russia,57,-0.0011330310926995924,0.0016181851577214967,0.013776828736718295,0.543859649122807,0.45614035087719296,short,0.45614035087719296,0.0039019144939875707
has_tariff,313,0.00042060016577144977,0.001634093712287621,0.016124909971392435,0.5207667731629393,0.4792332268370607,long,0.5207667731629393,0.0038751174962322965
has_tariff&has_exclamation,313,0.00042060016577144977,0.001634093712287621,0.016124909971392435,0.5207667731629393,0.4792332268370607,long,0.5207667731629393,0.0038751174962322965
has_attack&brag_heavy,33,-0.001577949325534745,0.00312512012717292,0.01485645721283677,0.5757575757575758,0.42424242424242425,short,0.42424242424242425,0.003845600077283479
posts_very_high&has_russia,120,0.0006703268687214621,0.0015825083978634469,0.015410527777693419,0.5166666666666667,0.48333333333333334,long,0.5166666666666667,0.0037939158513056732
sig_potus&has_exclamation,62,-0.0009277031560745351,-0.0014882540349066553,0.014849133291654092,0.4838709677419355,0.5161290322580645,short,0.5161290322580645,0.0037701893964781925
sig_potus,62,-0.0009277031560745351,-0.0014882540349066553,0.014849133291654092,0.4838709677419355,0.5161290322580645,short,0.5161290322580645,0.0037701893964781925
open_tariff&has_night_post,63,0.0009644135758914139,-0.0008627998181020002,0.01903081598860943,0.49206349206349204,0.5079365079365079,long,0.49206349206349204,0.003766645379405674
posts_very_high&uppercase_phrase_heavy,38,0.0012139557305301165,-9.142739374856657e-06,0.02736503790145394,0.5,0.5,long,0.5,0.0037416628521321415
has_attack&uppercase_phrase_heavy,41,0.0010796836971042896,0.0016181851577214967,0.025933171547118678,0.5365853658536586,0.4634146341463415,long,0.5365853658536586,0.003709601821784654
has_russia&pre_tariff,50,-0.0010483284466990582,-9.887647196687999e-05,0.016494498957397033,0.5,0.5,short,0.5,0.003706400767858321
posts_very_high&has_uppercase_phrase,139,0.0005949439899362198,0.0016181851577214967,0.01819583421022486,0.5251798561151079,0.4748201438848921,long,0.5251798561151079,0.0036837618141177956
open_tariff&tariff_only,26,0.0013403538105321235,0.0022318582012287314,0.01201554765252423,0.5384615384615384,0.46153846153846156,long,0.5384615384615384,0.0036801101265501695
has_market_brag&volume_spike,36,0.0009591554198309032,0.003263275236815577,0.01453846142611604,0.6388888888888888,0.3611111111111111,long,0.6388888888888888,0.0036767624426851282
has_tariff&tariff_only,150,0.0005673102990828467,0.0017794363532120938,0.015608594059262071,0.5266666666666666,0.47333333333333333,long,0.5266666666666666,0.0036593346642572167
has_exclamation&tariff_only,150,0.0005673102990828467,0.0017794363532120938,0.015608594059262071,0.5266666666666666,0.47333333333333333,long,0.5266666666666666,0.0036593346642572167
tariff_only,150,0.0005673102990828467,0.0017794363532120938,0.015608594059262071,0.5266666666666666,0.47333333333333333,long,0.5266666666666666,0.0036593346642572167
deal_heavy&has_market_brag,36,-0.0012764200147303993,0.0015850847902361132,0.012399062438261318,0.5277777777777778,0.4722222222222222,short,0.4722222222222222,0.0036165233750694646
has_iran&has_night_post,109,-0.0006274128007606438,-0.0018866172423885885,0.015797692269919023,0.44954128440366975,0.5504587155963303,short,0.5504587155963303,0.0036057148335165955
has_market_brag&has_all_caps,54,0.0007754515631007379,0.0032127121254283963,0.015874335217534803,0.6296296296296297,0.37037037037037035,long,0.6296296296296297,0.0035878701163652754
has_china&volume_spike,67,0.0007503317261217097,0.0018519728739261332,0.0179630112167593,0.582089552238806,0.417910447761194,long,0.582089552238806,0.00357503679246467
has_deal&brag_heavy,27,-0.001546052957253971,0.00312512012717292,0.014022546709028364,0.5555555555555556,0.4444444444444444,short,0.4444444444444444,0.003570456364207988
sig_potus&has_all_caps,20,0.0012271511679746495,0.002993153820309735,0.017859336916121075,0.65,0.35,long,0.65,0.0035671914593374534
deal_over_tariff&china_streak_3d,25,0.0013511414625446562,0.0014103407323595718,0.022317715327043405,0.52,0.48,long,0.52,0.003512967802616106
has_uppercase_phrase&volume_spike,83,0.0006928550110107154,0.0024723127612313878,0.02245483826673922,0.5542168674698795,0.4457831325301205,long,0.5542168674698795,0.003498333007932037
posts_high&pre_action,62,-0.0009104770088891878,0.0015064404249781616,0.019460578882816396,0.5161290322580645,0.4838709677419355,short,0.4838709677419355,0.003468920872790413
positive_heavy&has_night_post,558,0.0002855237004071562,0.0015736140683551003,0.016315412809546802,0.5125448028673835,0.4874551971326165,long,0.5125448028673835,0.0034569340723320427
has_russia&pre_deal,70,-0.0009035983468613593,0.0016051165099694176,0.015046753395677036,0.5428571428571428,0.45714285714285713,short,0.45714285714285713,0.003456021105651071
has_all_caps&uppercase_phrase_heavy,37,0.0010007963930764292,0.0026211636240907055,0.02735120540002969,0.5675675675675675,0.43243243243243246,long,0.5675675675675675,0.003455128183933004
brag_heavy&has_night_post,40,-0.001280990666657178,0.004013459880805592,0.014314442444274749,0.575,0.425,short,0.425,0.003443220942846064
has_russia&deal_only,61,-0.0009122977766526638,0.0016025401175967513,0.017603820581886104,0.5245901639344263,0.47540983606557374,short,0.47540983606557374,0.0033874250658774267
posts_very_high&has_china,138,0.0005276194536719109,0.0020452489594764423,0.017548621250893313,0.5434782608695652,0.45652173913043476,long,0.5434782608695652,0.0033685462927018285
tariff_heavy&deal_heavy,32,-0.001439153410983933,0.0016801411751434792,0.01341211243957455,0.59375,0.40625,short,0.40625,0.0033073141922420903
has_tariff&open_tariff,69,0.0008075641787587096,-0.0008627998181020002,0.018442837065365883,0.4927536231884058,0.5072463768115942,long,0.4927536231884058,0.00330545628776678
open_tariff&has_exclamation,69,0.0008075641787587096,-0.0008627998181020002,0.018442837065365883,0.4927536231884058,0.5072463768115942,long,0.4927536231884058,0.00330545628776678
open_tariff&exclamation_heavy,69,0.0008075641787587096,-0.0008627998181020002,0.018442837065365883,0.4927536231884058,0.5072463768115942,long,0.4927536231884058,0.00330545628776678
open_tariff,69,0.0008075641787587096,-0.0008627998181020002,0.018442837065365883,0.4927536231884058,0.5072463768115942,long,0.4927536231884058,0.00330545628776678
uppercase_phrase_heavy,45,0.0009174804895790306,0.0016181851577214967,0.025769966123279992,0.5333333333333333,0.4666666666666667,long,0.5333333333333333,0.0032824779883655997
has_uppercase_phrase&uppercase_phrase_heavy,45,0.0009174804895790306,0.0016181851577214967,0.025769966123279992,0.5333333333333333,0.4666666666666667,long,0.5333333333333333,0.0032824779883655997
has_positive&uppercase_phrase_heavy,45,0.0009174804895790306,0.0016181851577214967,0.025769966123279992,0.5333333333333333,0.4666666666666667,long,0.5333333333333333,0.0032824779883655997
uppercase_phrase_heavy&lots_of_excl,45,0.0009174804895790306,0.0016181851577214967,0.025769966123279992,0.5333333333333333,0.4666666666666667,long,0.5333333333333333,0.0032824779883655997
has_night_post&uppercase_phrase_heavy,45,0.0009174804895790306,0.0016181851577214967,0.025769966123279992,0.5333333333333333,0.4666666666666667,long,0.5333333333333333,0.0032824779883655997
uppercase_phrase_heavy&has_exclamation,45,0.0009174804895790306,0.0016181851577214967,0.025769966123279992,0.5333333333333333,0.4666666666666667,long,0.5333333333333333,0.0032824779883655997
uppercase_phrase_heavy&exclamation_heavy,45,0.0009174804895790306,0.0016181851577214967,0.025769966123279992,0.5333333333333333,0.4666666666666667,long,0.5333333333333333,0.0032824779883655997
has_positive&has_uppercase_phrase,283,0.00037472292859952266,0.001634093712287621,0.018215194766862768,0.519434628975265,0.48056537102473496,long,0.519434628975265,0.003274420002034697
has_market_brag,165,-0.0004977213591776053,-0.0008627998181020002,0.013477633295276664,0.49696969696969695,0.503030303030303,short,0.503030303030303,0.0032160470866331526
has_market_brag&has_exclamation,165,-0.0004977213591776053,-0.0008627998181020002,0.013477633295276664,0.49696969696969695,0.503030303030303,short,0.503030303030303,0.0032160470866331526
posts_very_high&has_tariff,107,0.0005735226132264662,0.0028611875134465503,0.01631597184324498,0.5420560747663551,0.45794392523364486,long,0.5420560747663551,0.003215782377493318
has_attack&pre_action,60,0.0007751764737052839,0.0015949537268877823,0.019007367803762946,0.5333333333333333,0.4666666666666667,long,0.5333333333333333,0.0032023952779011797
attack_heavy&has_all_caps,102,0.0005458818678389115,0.0027856411728539587,0.016160191521333182,0.5784313725490197,0.4215686274509804,long,0.5784313725490197,0.003188971182157674
has_uppercase_phrase&exclamation_heavy,276,0.00036885832056101584,0.0016261394350045588,0.018182899293087515,0.5181159420289855,0.48188405797101447,long,0.5181159420289855,0.0031749806365793235
has_deal&tariff_streak_3d,26,0.0012329799648885338,0.00014611310759304885,0.01680532724911788,0.5,0.5,long,0.5,0.00314349445041779
has_tariff&pre_action,38,-0.0009079510687802713,-0.0016179987610562274,0.019544117496530768,0.4473684210526316,0.5526315789473685,short,0.5526315789473685,0.003093071366589337
deal_heavy&pre_action,27,-0.001145679783581784,-0.0008627998181020002,0.020235985353575466,0.48148148148148145,0.5185185185185185,short,0.5185185185185185,0.003086806480128257
posts_high&brag_heavy,31,-0.0013080664734477507,0.00312512012717292,0.015010981359311658,0.5806451612903226,0.41935483870967744,short,0.41935483870967744,0.0030541637624508606
posts_low&has_exclamation,125,-0.0005719320583835916,0.0016835100610976816,0.018855914009936022,0.528,0.472,short,0.472,0.003018154348094731
posts_very_high&has_market_brag,61,-0.0007812537665535,0.0013850408670330605,0.014917513475547648,0.5081967213114754,0.4918032786885246,short,0.4918032786885246,0.0030008788411599965
pre_deal&has_night_post,162,-0.0004642205134568608,-0.0010732154349495926,0.015158219089680318,0.49382716049382713,0.5061728395061729,short,0.5061728395061729,0.002990753865395808
pre_deal&china_streak_3d,22,-0.0010784590843109282,-0.001780918568297818,0.023220339795250355,0.4090909090909091,0.5909090909090909,short,0.5909090909090909,0.0029890672413589725
posts_very_high&pre_action,47,-0.0009313187030795876,0.0016025401175967513,0.020404324170001494,0.5319148936170213,0.46808510638297873,short,0.46808510638297873,0.002988629483543753
has_iran&short_posts,49,-0.0007689087861367952,-0.0018866172423885885,0.019630706428654512,0.4489795918367347,0.5510204081632653,short,0.5510204081632653,0.002965791032241924
has_attack&sig_potus,52,-0.0007593345727013056,-0.0015842843927129646,0.013702796477590316,0.46153846153846156,0.5384615384615384,short,0.5384615384615384,0.002948421255346103
has_market_brag&short_posts,80,-0.0006345511301365875,-0.0014134559665535118,0.014820315138501959,0.4875,0.5125,short,0.5125,0.002908743897478686
attack_heavy&uppercase_phrase_heavy,35,-0.0009347846201603417,-0.0014286262111092851,0.022414719140545936,0.4857142857142857,0.5142857142857142,short,0.5142857142857142,0.0028441339163398547
has_relief&pre_deal,29,-0.001171154492254957,0.0015624766781301425,0.019155755754633588,0.5517241379310345,0.4482758620689655,short,0.4482758620689655,0.00282721308345915
posts_very_high&volume_spike,85,0.000574685860398266,0.0016025401175967513,0.018943885888557468,0.5294117647058824,0.47058823529411764,long,0.5294117647058824,0.0028050045029573436
posts_low&short_posts,126,0.00048338193061633146,0.001595170883813779,0.020502402999812527,0.5158730158730159,0.48412698412698413,long,0.5158730158730159,0.002799100527048499
has_positive&has_iran,111,-0.0004894699462169137,-0.0018797376692317735,0.015687980285779373,0.4594594594594595,0.5405405405405406,short,0.5405405405405406,0.002787505878793976
has_all_caps&volume_spike,47,-0.000860874755551243,0.0016181851577214967,0.02086114484175316,0.5319148936170213,0.46808510638297873,short,0.46808510638297873,0.00276257275578315
attack_heavy&open_deal,45,0.0007708209366563492,0.001694757760512422,0.016948179385436808,0.5333333333333333,0.4666666666666667,long,0.5333333333333333,0.00275777282054985
has_attack&all_caps_heavy,25,0.0007572917109103639,0.00436690245889193,0.020061518108243238,0.72,0.28,long,0.72,0.0027262501592773096
has_action&pre_deal,53,0.0007620454186385761,-0.0008627998181020002,0.014225604972109368,0.49056603773584906,0.5094339622641509,long,0.49056603773584906,0.0027215496999264503
has_market_brag&has_night_post,146,-0.0004551244088547423,0.0014204578916590105,0.013507123023360821,0.5068493150684932,0.4931506849315068,short,0.4931506849315068,0.002711978213866966
has_tariff&has_positive,309,0.00029399641453551907,0.0016181851577214967,0.016155464045227167,0.517799352750809,0.48220064724919093,long,0.517799352750809,0.002675979468050598
has_iran&has_exclamation,117,-0.00045166284128183464,-0.0018866172423885885,0.015704863590066478,0.452991452991453,0.5470085470085471,short,0.5470085470085471,0.002672399644657901
has_iran,117,-0.00045166284128183464,-0.0018866172423885885,0.015704863590066478,0.452991452991453,0.5470085470085471,short,0.5470085470085471,0.002672399644657901
open_deal&volume_spike,25,-0.001006543625690366,-0.003533516263547143,0.021820847713582354,0.48,0.52,short,0.52,0.002617013426794952
has_night_post&china_streak_3d,69,0.0006209452834477934,0.0014103407323595718,0.017056322298762493,0.5072463768115942,0.4927536231884058,long,0.5072463768115942,0.002616355968360658
posts_high&has_iran,76,-0.0005556171596595993,-0.0018264117290426318,0.01675312184800603,0.4605263157894737,0.5394736842105263,short,0.5394736842105263,0.002613080027904874
has_tariff&deal_over_tariff,56,0.0006944594269822139,-5.701334669699909e-05,0.02049141298567243,0.5,0.5,long,0.5,0.0025984292447827993
has_relief&positive_heavy,81,-0.0005985310847583227,0.0016025401175967513,0.019840291826515494,0.5308641975308642,0.4691358024691358,short,0.4691358024691358,0.0025271312467573625
positive_heavy&volume_drop,55,-0.0007187917939906404,0.0016638685414209764,0.011674379761746454,0.5272727272727272,0.4727272727272727,short,0.4727272727272727,0.002519968508970623
positive_heavy&uppercase_phrase_heavy,40,0.0007915724664466384,-9.142739374856657e-06,0.026425914280447126,0.5,0.5,long,0.5,0.0025031719270485887
brag_heavy&has_uppercase_phrase,22,-0.0014350168877715795,0.005103486265066293,0.016940522385399632,0.6363636363636364,0.36363636363636365,short,0.36363636363636365,0.002447573027642395
posts_very_high&pre_deal,75,-0.0005037776082130119,-0.0015478818587040255,0.01696226318003584,0.4666666666666667,0.5333333333333333,short,0.5333333333333333,0.002326849101707906
attack_heavy&has_iran,51,0.0006122962433720971,0.001694757760512422,0.014180266244560546,0.5294117647058824,0.47058823529411764,long,0.5294117647058824,0.0023149428348216102
has_exclamation&china_streak_3d,76,0.0005099300673702006,7.949760515651993e-05,0.016796802092632176,0.5,0.5,long,0.5,0.002222733631939592
china_streak_3d,76,0.0005099300673702006,7.949760515651993e-05,0.016796802092632176,0.5,0.5,long,0.5,0.002222733631939592
has_positive&open_tariff,67,0.0005463173424494595,-0.0008627998181020002,0.018531425366292226,0.4925373134328358,0.5074626865671642,long,0.4925373134328358,0.002202528443585705
positive_heavy&has_all_caps,150,0.0003295766453354839,0.0020779114111645347,0.01678425132697593,0.54,0.46,long,0.54,0.002179695452967424
posts_low&exclamation_heavy,35,0.0006782952268298947,0.0016835100610976816,0.013024958829151225,0.5428571428571428,0.45714285714285713,long,0.5428571428571428,0.002178403568285853
has_tariff&positive_heavy,250,0.0002744092045551749,0.0002737704571287858,0.0155629131115696,0.5,0.5,long,0.5,0.0021693952432735118
has_uppercase_phrase&lots_of_excl,266,0.0002562204282611279,0.0015165214348290545,0.01840318964703345,0.5112781954887218,0.48872180451127817,long,0.5112781954887218,0.0021365440083935287
has_relief&attack_heavy,47,0.0005000905790029145,0.0017123031052466153,0.019835268952906493,0.6170212765957447,0.3829787234042553,long,0.6170212765957447,0.0021154255335786814
has_china&pre_action,46,-0.0006469775337450991,0.0020374264394140695,0.018814693779044236,0.5434782608695652,0.45652173913043476,short,0.45652173913043476,0.0020032242964366158
posts_high&open_tariff,50,0.0005821940998995823,-0.0009543343181351305,0.020267079484379148,0.48,0.52,long,0.48,0.0019760323008278058
has_market_brag&tariff_only,33,-0.0006967577578356031,0.001634093712287621,0.01597719492416775,0.5151515151515151,0.48484848484848486,short,0.48484848484848486,0.0019406393160475127
exclamation_heavy&volume_drop,111,0.00033509914426867394,0.0017241120726214643,0.01256217241619034,0.5495495495495496,0.45045045045045046,long,0.5495495495495496,0.0019401783961298356
has_market_brag&deal_over_tariff,46,-0.0005976138726399813,0.0014737587725816015,0.014043072821870483,0.5217391304347826,0.4782608695652174,short,0.4782608695652174,0.0019384938849615328
has_market_brag&deal_only,33,0.0006468565353071441,0.0013850408670330605,0.01292251116252519,0.5151515151515151,0.48484848484848486,long,0.5151515151515151,0.0019142555799001595
has_positive&tariff_only,146,0.0003033807196399906,0.0017009517576195288,0.01566249791298998,0.5205479452054794,0.4794520547945205,long,0.5205479452054794,0.0019082054924748502
posts_high&china_streak_3d,52,0.0005280354251992,7.949760515651993e-05,0.018602252362633194,0.5,0.5,long,0.5,0.0019038588008171455
has_tariff&uppercase_phrase_heavy,26,0.0005992237993323132,0.003015313665355457,0.02444330173430521,0.6153846153846154,0.38461538461538464,long,0.6153846153846154,0.001880279289725952
has_tariff&has_deal,163,0.00028559084063826235,0.0016076929023420838,0.0166327741318948,0.5153374233128835,0.48466257668711654,long,0.5153374233128835,0.0018790128869464208
has_positive&sig_potus,59,-0.0004954924939781629,0.0012920548991999237,0.015080704080401275,0.5084745762711864,0.4915254237288136,short,0.4915254237288136,0.0018707212175154942
deal_heavy&pre_deal,96,-0.00037397697814558925,-0.0011935836219277851,0.015861274859606308,0.4895833333333333,0.5104166666666666,short,0.5104166666666666,0.0018702744095095336
pre_deal&has_exclamation,169,-0.0002819043592525125,-0.001283631051797185,0.015059271658601759,0.4911242603550296,0.5088757396449705,short,0.5088757396449705,0.0018649057612089288
has_russia&has_uppercase_phrase,116,0.0003039686865308353,0.0021277878595596933,0.016777139628235165,0.5603448275862069,0.4396551724137931,long,0.5603448275862069,0.001834480961318776
pre_deal&deal_over_tariff,122,-0.00032137781789510204,-0.0015361246422287977,0.015766094585679014,0.48360655737704916,0.5163934426229508,short,0.5163934426229508,0.001833059371792933
pre_deal&open_deal,31,0.0006731697820840036,-0.0018416912148508935,0.019208096909767464,0.4838709677419355,0.5161290322580645,long,0.4838709677419355,0.0018135729303974356
pre_deal&has_uppercase_phrase,69,-0.0004559875045000455,0.0015624766781301425,0.01691146207076556,0.5217391304347826,0.4782608695652174,short,0.4782608695652174,0.0018115166759477372
has_russia&open_tariff,30,0.0006574469266071748,0.00028056466492015764,0.020045837699240593,0.5,0.5,long,0.5,0.0018004925603259652
sig_potus&lots_of_excl,56,-0.00045235758539094055,-0.0014882540349066553,0.013434171183634965,0.48214285714285715,0.5178571428571429,short,0.5178571428571429,0.001753015925871281
has_relief&has_action,28,0.0005446427971811583,0.003929360000445858,0.025169952144507252,0.6071428571428571,0.39285714285714285,long,0.6071428571428571,0.0017497728364262075
open_tariff&lots_of_excl,67,0.00043274866094986054,-0.0010458688181682607,0.01852832521114956,0.47761194029850745,0.5223880597014925,long,0.47761194029850745,0.0016917972305337467
has_relief&has_russia,37,0.000465386364386542,0.0016181851577214967,0.0225047827565195,0.5945945945945946,0.40540540540540543,long,0.5945945945945946,0.0016831990342391291
deal_heavy&open_tariff,25,-0.0006008935065616372,-0.0017889450148391717,0.019335990563051117,0.44,0.56,short,0.56,0.0016825018183725842
has_iran&has_uppercase_phrase,57,-0.0004800847883870569,0.001694757760512422,0.016455963607929502,0.543859649122807,0.45614035087719296,short,0.45614035087719296,0.0016533083745187912
lots_of_excl&volume_drop,83,-0.0003576177697802852,0.0014705661915279666,0.012784718773414678,0.5060240963855421,0.4939759036144578,short,0.4939759036144578,0.0016093996442229546
has_action&has_iran,37,0.0006079632617482519,-0.0018797376692317735,0.020661788606500697,0.43243243243243246,0.5675675675675675,long,0.43243243243243246,0.0015991767128043914
positive_heavy&open_tariff,62,0.0004186148543996854,-0.0009543343181351305,0.018734198273928193,0.4838709677419355,0.5161290322580645,long,0.4838709677419355,0.0015949241901877889
has_iran&has_russia,57,-0.00044007014167767445,0.001639253637217175,0.015641372370016542,0.5263157894736842,0.47368421052631576,short,0.47368421052631576,0.0015737952834817505
has_deal&pre_deal,170,-0.0002380572587404585,-0.0010732154349495926,0.015025531476617855,0.49411764705882355,0.5058823529411764,short,0.5058823529411764,0.0015702016120362375
pre_deal,170,-0.0002380572587404585,-0.0010732154349495926,0.015025531476617855,0.49411764705882355,0.5058823529411764,short,0.5058823529411764,0.0015702016120362375
short_posts&tariff_streak_3d,20,-0.0005795623254816918,-0.0023790961343301276,0.022013016336354677,0.4,0.6,short,0.6,0.0015551289083699056
all_caps_heavy&short_posts,25,0.0004493769796261171,0.005337998202245453,0.021964442046632823,0.68,0.32,long,0.68,0.0015278817307287985
posts_high&sig_potus,44,-0.00045849079836128695,-6.828565595468072e-05,0.014343022317166535,0.5,0.5,short,0.5,0.0015206419479948832
has_deal&has_market_brag,76,-0.00034230765940855486,0.00026112052446553013,0.013099517217159604,0.5,0.5,short,0.5,0.0014920844949618307
has_tariff&open_deal,36,0.0004948792412132505,-0.0010678527716870279,0.01792720253425743,0.5,0.5,long,0.5,0.0014846377236397514
has_deal&open_tariff,43,0.0004854123083840873,-0.0014025315453263243,0.021551832601015418,0.46511627906976744,0.5348837209302325,long,0.46511627906976744,0.0014804936610084544
attack_heavy&brag_heavy,27,-0.000761533898409737,0.004901799634438264,0.015409769474888622,0.6296296296296297,0.37037037037037035,short,0.37037037037037035,0.001465572670812956
deal_heavy&has_russia,62,0.00033207073264924207,0.0016051165099694176,0.018067134281854406,0.5483870967741935,0.45161290322580644,long,0.5483870967741935,0.0014338828574630015
deal_heavy&tariff_rising,34,-0.0005508483654116316,0.0023885067801351356,0.00978578578548912,0.5588235294117647,0.4411764705882353,short,0.4411764705882353,0.0014170457294423776
has_attack&pre_deal,131,0.0002378829106028994,-0.0008627998181020002,0.015620365128220069,0.4961832061068702,0.5038167938931297,long,0.4961832061068702,0.0013509552160265736
has_relief&volume_spike,28,0.0004182847700520568,0.001735079015823815,0.025427357136070063,0.6071428571428571,0.39285714285714285,long,0.6071428571428571,0.0013438226527843471
has_china&has_russia,118,-0.00027779051938087537,0.001911796532504395,0.01567728679861296,0.559322033898305,0.4406779661016949,short,0.4406779661016949,0.0013297798864210957
has_action&tariff_rising,26,-0.000506224246817314,-9.067736577383911e-06,0.016527439087745545,0.5,0.5,short,0.5,0.001290623656387647
has_all_caps&has_uppercase_phrase,131,0.00020949928149244872,0.0016835100610976816,0.018435695854093916,0.5267175572519084,0.4732824427480916,long,0.5267175572519084,0.0012629785675419235
pre_deal&exclamation_heavy,167,-0.00019193665705502814,-0.0008627998181020002,0.015126973162667333,0.49700598802395207,0.5029940119760479,short,0.5029940119760479,0.0012476103729945906
has_night_post&volume_spike,140,0.00018187917904437522,0.0025911403474379036,0.02263050953941858,0.5785714285714286,0.42142857142857143,long,0.5785714285714286,0.0012450992923286554
sig_potus&has_uppercase_phrase,32,-0.00043849653257597293,-6.828565595468072e-05,0.0133227907290438,0.5,0.5,short,0.5,0.0012402554868450333
has_relief&has_attack,75,0.0002669882374683796,0.0015624766781301425,0.020756387541707857,0.52,0.48,long,0.52,0.0012023367000280952
uppercase_phrase_heavy&volume_spike,21,0.0005452160780444008,-0.003533516263547143,0.02728823063283152,0.47619047619047616,0.5238095238095238,long,0.47619047619047616,0.001189759022735913
has_positive&china_streak_3d,74,0.00026143902583401204,7.949760515651993e-05,0.016750251025924773,0.5,0.5,long,0.5,0.0011244917688614658
has_relief&has_uppercase_phrase,41,-0.00037780798933624403,0.0016181851577214967,0.02392611935767704,0.5365853658536586,0.4634146341463415,short,0.4634146341463415,0.0011210702043580204
posts_very_high&tariff_heavy,30,0.00034755527485478275,0.0022396863355840235,0.01495890997516545,0.5666666666666667,0.43333333333333335,long,0.5666666666666667,0.0010787285627679444
has_positive&pre_deal,163,-0.00016380011259021143,-0.0008627998181020002,0.015183010441120552,0.49693251533742333,0.5030674846625767,short,0.5030674846625767,0.001052044829142994
pre_deal&lots_of_excl,160,-0.00016424475980804794,0.00021462754054896171,0.015364498379333685,0.5,0.5,short,0.5,0.0010387750694814226
positive_heavy&china_streak_3d,67,-0.0002414163828166425,-0.0012531808517389775,0.017073690368558565,0.47761194029850745,0.5223880597014925,short,0.5223880597014925,0.00103227968715264
has_china&open_tariff,36,-0.00034083254661802017,0.000999193847672275,0.01990901976862207,0.5,0.5,short,0.5,0.0010224976398540606
has_attack&has_iran,90,-0.00020265479704622741,-0.0016763783690458833,0.016266031428282163,0.4777777777777778,0.5222222222222223,short,0.5222222222222223,0.001003999488632879
attack_heavy&all_caps_heavy,24,0.00028208905458391537,0.00413912821026341,0.020348760962844974,0.7083333333333334,0.2916666666666667,long,0.7083333333333334,0.0009788801814858317
has_russia&china_streak_3d,33,0.0002902526274640211,0.002706358639680495,0.017733724165665765,0.5757575757575758,0.42424242424242425,long,0.5757575757575758,0.0009600034434544648
attack_heavy&pre_deal,90,0.00020403135073951848,-0.0010732154349495926,0.014402032330208413,0.4888888888888889,0.5111111111111111,long,0.4888888888888889,0.0009462988808790856
positive_heavy&all_caps_heavy,24,-0.0005621654550933367,0.00413912821026341,0.020458239712701713,0.6666666666666666,0.3333333333333333,short,0.3333333333333333,0.0009180123439987769
exclamation_heavy&china_streak_3d,72,0.00022133727943606427,-0.0012522631868927547,0.016982724568584358,0.4861111111111111,0.5138888888888888,long,0.4861111111111111,0.0009129696987752997
positive_heavy&has_uppercase_phrase,236,0.0001176036669685275,0.0013511978157797477,0.018443842120659363,0.5042372881355932,0.4957627118644068,long,0.5042372881355932,0.0009109862531340529
lots_of_excl&china_streak_3d,71,-0.0001851096401163678,-0.0012531808517389775,0.016747204673680266,0.4788732394366197,0.5211267605633803,short,0.5211267605633803,0.0008128334848863906
deal_over_tariff&tariff_rising,21,-0.0003370973297991303,-0.00152436742575357,0.009400702503378454,0.47619047619047616,0.5238095238095238,short,0.5238095238095238,0.0008091673492424802
has_action&open_tariff,26,0.000333768581155499,-0.0013179428034777452,0.01984185957975683,0.46153846153846156,0.5384615384615384,long,0.46153846153846156,0.0007854888500012614
posts_low&has_positive,88,-0.0001661599988791262,0.0015901923066583556,0.01618291395500663,0.5227272727272727,0.4772727272727273,short,0.4772727272727273,0.0007439340466042199
has_tariff&deal_heavy,87,0.00015122847419552009,0.0016076929023420838,0.017548294959887148,0.5172413793103449,0.4827586206896552,long,0.5172413793103449,0.00072960274264235
has_uppercase_phrase&tariff_only,47,-0.00022196495238281213,0.0020161702402676784,0.014348454422700305,0.5319148936170213,0.46808510638297873,short,0.46808510638297873,0.0007122921496272882
open_deal&has_uppercase_phrase,38,0.00018283646063603132,0.00333244515423603,0.024827644100057968,0.5789473684210527,0.42105263157894735,long,0.5789473684210527,0.0006525197905357059
has_russia&deal_over_tariff,90,0.00012591492161857632,0.0016051165099694176,0.01857056019354979,0.5333333333333333,0.4666666666666667,long,0.5333333333333333,0.0006370847099460423
has_uppercase_phrase&deal_only,65,0.0001537844158089603,0.0012920548991999237,0.02111339708839895,0.5076923076923077,0.49230769230769234,long,0.5076923076923077,0.0006294621035610884
pre_deal&pre_action,33,0.00023509539438078391,-0.0016101691466156032,0.016459091192829352,0.45454545454545453,0.5454545454545454,long,0.45454545454545453,0.000613872827696808
attack_heavy&open_tariff,41,-0.00017855346947469894,-0.0010458688181682607,0.017592288409662933,0.4634146341463415,0.5365853658536586,short,0.5365853658536586,0.0006134780745747747
has_deal&has_russia,133,-0.00011402967103695829,0.0016076929023420838,0.01706358745025791,0.5338345864661654,0.46616541353383456,short,0.46616541353383456,0.0006130328403817544
short_posts&volume_spike,92,-0.0001373466115674665,0.002747711108025741,0.027356126453351746,0.5652173913043478,0.43478260869565216,short,0.43478260869565216,0.0005727749646742984
sig_potus&short_posts,30,0.00018296391090960224,0.0027110027360267575,0.01862950798391362,0.5666666666666667,0.43333333333333335,long,0.5666666666666667,0.0005678762802158099
sig_potus&exclamation_heavy,61,-0.0001416452957314556,-0.0014286262111092851,0.013609710900873501,0.4918032786885246,0.5081967213114754,short,0.5081967213114754,0.0005622104734014657
posts_very_high&has_relief,49,0.00013928711400213129,0.0016076929023420838,0.02380582673736796,0.5714285714285714,0.42857142857142855,long,0.5714285714285714,0.0005571484560085251
positive_heavy&has_iran,92,-9.928775453889497e-05,-0.0018072468177086631,0.016246885337325153,0.4673913043478261,0.532608695652174,short,0.532608695652174,0.0005072217350376486
posts_low&volume_spike,38,0.00013535099910622658,0.006172090577697076,0.027865661639243488,0.6052631578947368,0.39473684210526316,long,0.6052631578947368,0.0005050071228090548
has_relief&has_night_post,86,-0.00010836395983195185,0.0015825083978634469,0.02002283398321099,0.5232558139534884,0.47674418604651164,short,0.47674418604651164,0.0004790926384634004
has_relief&exclamation_heavy,86,-0.00010836395983195185,0.0015825083978634469,0.02002283398321099,0.5232558139534884,0.47674418604651164,short,0.47674418604651164,0.0004790926384634004
all_caps_heavy,28,0.000125660381520541,0.00413912821026341,0.020929665893170385,0.6785714285714286,0.32142857142857145,long,0.6785714285714286,0.00045120401885572235
all_caps_heavy&has_exclamation,28,0.000125660381520541,0.00413912821026341,0.020929665893170385,0.6785714285714286,0.32142857142857145,long,0.6785714285714286,0.00045120401885572235
has_all_caps&all_caps_heavy,28,0.000125660381520541,0.00413912821026341,0.020929665893170385,0.6785714285714286,0.32142857142857145,long,0.6785714285714286,0.00045120401885572235
all_caps_heavy&has_uppercase_phrase,28,0.000125660381520541,0.00413912821026341,0.020929665893170385,0.6785714285714286,0.32142857142857145,long,0.6785714285714286,0.00045120401885572235
has_positive&all_caps_heavy,28,0.000125660381520541,0.00413912821026341,0.020929665893170385,0.6785714285714286,0.32142857142857145,long,0.6785714285714286,0.00045120401885572235
all_caps_heavy&lots_of_excl,28,0.000125660381520541,0.00413912821026341,0.020929665893170385,0.6785714285714286,0.32142857142857145,long,0.6785714285714286,0.00045120401885572235
all_caps_heavy&exclamation_heavy,28,0.000125660381520541,0.00413912821026341,0.020929665893170385,0.6785714285714286,0.32142857142857145,long,0.6785714285714286,0.00045120401885572235
has_night_post&all_caps_heavy,28,0.000125660381520541,0.00413912821026341,0.020929665893170385,0.6785714285714286,0.32142857142857145,long,0.6785714285714286,0.00045120401885572235
has_russia&has_all_caps,68,-0.00010042723130072954,0.0015142629450405343,0.015878747209905127,0.5147058823529411,0.4852941176470588,short,0.4852941176470588,0.0004018934916841486
has_relief&has_positive,87,-8.973017297456685e-05,0.0015624766781301425,0.019906840517159928,0.5287356321839081,0.47126436781609193,short,0.47126436781609193,0.00039442345711670633
posts_very_high&all_caps_heavy,24,0.00011623147905822269,0.0037255620714670146,0.021268892366779053,0.6666666666666666,0.3333333333333333,long,0.6666666666666666,0.0003796104209888456
has_russia&pre_action,33,0.00011850540567164213,0.0014103407323595718,0.020519918668712996,0.5151515151515151,0.48484848484848486,long,0.5151515151515151,0.00035069543503577486
has_attack&has_market_brag,130,5.760108325780948e-05,0.0015165214348290545,0.014055219370970262,0.5153846153846153,0.4846153846153846,long,0.5153846153846153,0.0003384805963466255
attack_heavy&has_market_brag,76,6.418652518631081e-05,0.0020452489594764423,0.014592448486851409,0.5526315789473685,0.4473684210526316,long,0.5526315789473685,0.0003092333743845946
has_market_brag&pre_deal,39,9.651064679388036e-05,0.0013850408670330605,0.012723830088950802,0.5128205128205128,0.48717948717948717,long,0.5128205128205128,0.00030908143387277826
has_night_post&volume_drop,127,4.7877455217081196e-05,0.0016638685414209764,0.013194230788502941,0.5275590551181102,0.47244094488188976,long,0.5275590551181102,0.0002846452893257416
posts_high&has_relief,63,4.75326619229574e-05,0.0016181851577214967,0.02212875727388292,0.5714285714285714,0.42857142857142855,long,0.5714285714285714,0.00021558789017323628
has_relief,88,-4.582920435613783e-05,0.0015825083978634469,0.019796386851678657,0.5340909090909091,0.4659090909090909,short,0.4659090909090909,0.00020030179357409305
has_relief&has_exclamation,88,-4.582920435613783e-05,0.0015825083978634469,0.019796386851678657,0.5340909090909091,0.4659090909090909,short,0.4659090909090909,0.00020030179357409305
has_relief&lots_of_excl,83,-3.615498868171724e-05,0.0016025401175967513,0.02029147915308,0.5301204819277109,0.46987951807228917,short,0.46987951807228917,0.0001547724975257886
has_all_caps&china_streak_3d,20,-7.519353850848898e-05,0.003040918604323095,0.012854894979956287,0.65,0.35,short,0.35,0.00011769650450161065
posts_very_high&sig_potus,31,3.433535345233374e-05,0.0015624766781301425,0.015517515022908436,0.5483870967741935,0.45161290322580644,long,0.5483870967741935,0.00010483579595904197
has_positive&volume_drop,130,5.374440431577404e-06,0.0016406935353711072,0.012738741608340666,0.5307692307692308,0.46923076923076923,long,0.5307692307692308,3.252450295063996e-05
