event,n,mean_ret,median_ret,std,hit_up,hit_down,direction,directional_hit,score
posts_low&silence_day,229,0.006803622916112224,0.0028513594257447705,0.031390779261111654,0.5482456140350878,0.4517543859649123,long,0.5482456140350878,0.056445996234645045
silence_day,229,0.006803622916112224,0.0028513594257447705,0.031390779261111654,0.5482456140350878,0.4517543859649123,long,0.5482456140350878,0.056445996234645045
silence_day&volume_drop,147,0.007857485949145065,0.0033333333333334103,0.032215168052260254,0.5782312925170068,0.4217687074829932,long,0.5782312925170068,0.055086334052981634
volume_drop,326,0.004778584459905636,0.0034306849204145395,0.025434138568620927,0.5766871165644172,0.4233128834355828,long,0.5766871165644172,0.049756327263685056
posts_low&volume_drop,222,0.005134076855373154,0.0031202503084220012,0.02781169182609148,0.5585585585585585,0.44144144144144143,long,0.5585585585585585,0.04272750794078157
posts_low,400,0.00403720748214585,0.0020811654526535772,0.028208451832233566,0.5238095238095238,0.47619047619047616,long,0.5238095238095238,0.042294554574861296
has_iran&open_deal,22,-0.010670743363486628,-0.010639518981587104,0.02206457655615149,0.3181818181818182,0.6818181818181818,short,0.6818181818181818,0.03412515193713337
pre_action&short_posts,51,-0.007499345925300285,-0.0062499933518253,0.021301530261303974,0.4117647058823529,0.5882352941176471,short,0.5882352941176471,0.03150355422730379
has_market_brag&has_all_caps,53,0.00583004554891832,0.0076045826089830015,0.021054726781372962,0.6226415094339622,0.37735849056603776,long,0.6226415094339622,0.026427005366716834
has_attack&has_all_caps,151,0.0036128836783682504,0.004807746041494365,0.019148923623302328,0.5827814569536424,0.41721854304635764,long,0.5827814569536424,0.025873082754981225
has_attack&lots_of_excl,559,0.001977519881113181,0.0033896549083554106,0.018624940993738265,0.5474060822898033,0.4525939177101968,long,0.5474060822898033,0.025593894824970376
has_attack&has_positive,577,0.0019365263412355728,0.0033333939468540574,0.01867392334081012,0.5407279029462738,0.4592720970537262,long,0.5407279029462738,0.025153017687758822
has_attack&exclamation_heavy,579,0.001869806175822827,0.0033333939468540574,0.018766099698889302,0.5440414507772021,0.45595854922279794,long,0.5440414507772021,0.02447754523433883
has_attack&positive_heavy,450,0.0020616933277503697,0.0034130117090703793,0.019323166122405613,0.5466666666666666,0.4533333333333333,long,0.5466666666666666,0.02390853225758127
has_deal&has_market_brag,79,0.004377353096470254,0.00471696025192081,0.019654921827059732,0.6075949367088608,0.3924050632911392,long,0.6075949367088608,0.023639553633214797
has_market_brag&pre_deal,42,0.005460068390742806,0.007329512907073066,0.01924041139791315,0.6666666666666666,0.3333333333333333,long,0.6666666666666666,0.023590191623984808
has_attack,595,0.0017126610934092249,0.003311202682402925,0.018725649792185352,0.5394957983193277,0.46050420168067224,long,0.5394957983193277,0.022538135289284233
has_attack&has_exclamation,595,0.0017126610934092249,0.003311202682402925,0.018725649792185352,0.5394957983193277,0.46050420168067224,long,0.5394957983193277,0.022538135289284233
has_attack&has_market_brag,133,0.003460415271708533,0.0036629998570292255,0.018435060660946908,0.5639097744360902,0.43609022556390975,long,0.5639097744360902,0.022504204355939892
has_attack&has_night_post,549,0.0017434784339346277,0.0033333786510487684,0.018694823382207112,0.5428051001821493,0.45719489981785066,long,0.5428051001821493,0.022174134198520618
has_market_brag&deal_over_tariff,71,0.004230600491979876,0.006689085249990345,0.018696940173076184,0.6197183098591549,0.38028169014084506,long,0.6197183098591549,0.02209151589492148
has_tariff&has_all_caps,43,0.004957744770318378,0.006944449503666128,0.018557495547563946,0.6744186046511628,0.32558139534883723,long,0.6744186046511628,0.0219254206968775
posts_low&volume_spike,41,0.006101794432242455,0.00635322520820969,0.03458245258649799,0.5609756097560976,0.43902439024390244,long,0.5609756097560976,0.021917624387347876
posts_very_high&has_market_brag,62,0.004703720444719232,0.0051318324373178514,0.018024914854592285,0.5806451612903226,0.41935483870967744,long,0.5806451612903226,0.02150543137869846
has_market_brag&has_night_post,151,0.002987050352764315,0.0036629998570292255,0.01817228147821319,0.5695364238410596,0.4304635761589404,long,0.5695364238410596,0.02090511308449211
has_positive,814,0.0014057112613348646,0.0030865734445064685,0.01911736771411163,0.5208845208845209,0.47911547911547914,long,0.5208845208845209,0.02089054538609525
has_positive&has_night_post,734,0.0014569054610529943,0.0030960310593703966,0.018910135071205852,0.5258855585831063,0.47411444141689374,long,0.5258855585831063,0.020757289666989403
has_russia&volume_drop,26,0.006156099360781631,0.006008400764462074,0.019972703456261846,0.6538461538461539,0.34615384615384615,long,0.6538461538461539,0.020524277040773354
has_positive&has_exclamation,807,0.0013734300206423656,0.0030958524594617565,0.01910306956685971,0.5229244114002478,0.4770755885997522,long,0.5229244114002478,0.020402445181315856
has_market_brag&deal_only,54,0.004430690945703086,0.0071556857730298296,0.017079071569768768,0.6111111111111112,0.3888888888888889,long,0.6111111111111112,0.01989704204572702
has_positive&lots_of_excl,701,0.0014184337847584457,0.0030960310593703966,0.019461656511383433,0.5235378031383737,0.4764621968616263,long,0.5235378031383737,0.019661476211461498
has_positive&exclamation_heavy,753,0.001371295524753141,0.0030960310593703966,0.018895256406827394,0.5219123505976095,0.47808764940239046,long,0.5219123505976095,0.019639305277818837
posts_very_high&attack_heavy,170,0.002651797150604752,0.0035780431380465494,0.019035645739962213,0.5588235294117647,0.4411764705882353,long,0.5588235294117647,0.019321437934371095
has_russia&has_chips,20,0.00612922395436038,0.0035496841834072868,0.010723275490925253,0.7,0.3,long,0.7,0.01918750597577783
has_positive&volume_drop,133,0.002813153804660532,0.003609984566780966,0.01752353975827939,0.5864661654135338,0.41353383458646614,long,0.5864661654135338,0.01902664693664168
has_tariff&has_action,42,0.004561605148817707,0.007420410260187027,0.022408620241881408,0.6428571428571429,0.35714285714285715,long,0.6428571428571429,0.019004515803006276
has_attack&has_china,227,0.0022831871802273113,0.003436368509785348,0.018192622513887678,0.5506607929515418,0.44933920704845814,long,0.5506607929515418,0.01894255695328841
posts_very_high&has_all_caps,106,0.0030966229351380653,0.0043253356902202,0.018939181420717134,0.5754716981132075,0.42452830188679247,long,0.5754716981132075,0.018347007075500237
has_market_brag&has_exclamation,170,0.00252275375329176,0.0035970712671706817,0.017983483293209163,0.5529411764705883,0.4470588235294118,long,0.5529411764705883,0.018187719760025922
has_market_brag,170,0.00252275375329176,0.0035970712671706817,0.017983483293209163,0.5529411764705883,0.4470588235294118,long,0.5529411764705883,0.018187719760025922
posts_high&has_all_caps,142,0.0026694630047185263,0.0036562549150115364,0.018896059310947132,0.5704225352112676,0.4295774647887324,long,0.5704225352112676,0.018145325080801876
has_positive&has_market_brag,166,0.0025134889516867155,0.0035970712671706817,0.017965848411231264,0.5542168674698795,0.4457831325301205,long,0.5542168674698795,0.017947781095120074
has_night_post&volume_drop,131,0.0025401681826762498,0.0037313459613970146,0.018650208491812748,0.6106870229007634,0.3893129770992366,long,0.6106870229007634,0.01775484196644429
exclamation_heavy&lots_of_excl,717,0.0012631525529177873,0.0030865734445064685,0.019063782448071127,0.5216178521617852,0.4783821478382148,long,0.5216178521617852,0.017642812900528108
has_market_brag&lots_of_excl,163,0.0025299097659331545,0.003609984566780966,0.018188009450458113,0.5460122699386503,0.4539877300613497,long,0.5460122699386503,0.0176360465290742
has_night_post&lots_of_excl,667,0.001294997083647396,0.0030865734445064685,0.019239589977003837,0.5232383808095952,0.4767616191904048,long,0.5232383808095952,0.017499728077564284
has_market_brag&exclamation_heavy,167,0.00243760906316572,0.0035841579675603974,0.018023307292101706,0.5508982035928144,0.4491017964071856,long,0.5508982035928144,0.017353762429203338
has_iran&has_uppercase_phrase,55,-0.0037734456888790535,-0.003906393697530208,0.022264615381202536,0.38181818181818183,0.6181818181818182,short,0.6181818181818182,0.017299584638292446
posts_high&has_attack,352,0.0016988779386178455,0.003338968285924615,0.018855762776522282,0.5426136363636364,0.45738636363636365,long,0.5426136363636364,0.01729514519029672
open_deal&lots_of_excl,78,-0.00347049329916323,-0.006679309952213719,0.021186923916296518,0.4358974358974359,0.5641025641025641,short,0.5641025641025641,0.017290063383099036
posts_low&has_attack,23,-0.005477991585261049,-0.008849609433632999,0.020618797742989334,0.34782608695652173,0.6521739130434783,short,0.6521739130434783,0.017133603084154403
positive_heavy&has_market_brag,140,0.002659917051051488,0.0035279384221917898,0.018834061428702958,0.5428571428571428,0.45714285714285713,long,0.5428571428571428,0.017085105618200314
has_attack&has_uppercase_phrase,219,0.0020863353588369033,0.0035971868994426615,0.01928677041316508,0.5525114155251142,0.4474885844748858,long,0.5525114155251142,0.01705875890869546
open_deal&has_exclamation,81,-0.0033031204007808648,-0.0065788376351567646,0.02092446918802331,0.43209876543209874,0.5679012345679012,short,0.5679012345679012,0.016882615381768863
open_deal,81,-0.0033031204007808648,-0.0065788376351567646,0.02092446918802331,0.43209876543209874,0.5679012345679012,short,0.5679012345679012,0.016882615381768863
has_deal&open_deal,81,-0.0033031204007808648,-0.0065788376351567646,0.02092446918802331,0.43209876543209874,0.5679012345679012,short,0.5679012345679012,0.016882615381768863
open_deal&deal_over_tariff,76,-0.0035009532945148975,-0.006557495593939366,0.020127830716370042,0.4473684210526316,0.5526315789473685,short,0.5526315789473685,0.016866649155461624
deal_heavy&has_attack,115,0.0026873089894765612,0.003609984566780966,0.020405933004720992,0.5826086956521739,0.41739130434782606,long,0.5826086956521739,0.01678972131122589
open_tariff&has_night_post,28,0.004662928134239301,0.0052528965865292765,0.01882097991225036,0.6785714285714286,0.32142857142857145,long,0.6785714285714286,0.01674300116190774
has_market_brag&short_posts,84,0.003264797596320401,0.00382923747145425,0.01750041077197793,0.5595238095238095,0.44047619047619047,long,0.5595238095238095,0.01674227522263956
lots_of_excl,720,0.0011977350827837958,0.003086524340340846,0.01942073491695769,0.5208333333333334,0.4791666666666667,long,0.5208333333333334,0.016738856650880662
has_exclamation&lots_of_excl,720,0.0011977350827837958,0.003086524340340846,0.01942073491695769,0.5208333333333334,0.4791666666666667,long,0.5208333333333334,0.016738856650880662
posts_very_high&has_attack,214,0.002106291983258103,0.0034604069417482064,0.01954801165973193,0.5420560747663551,0.45794392523364486,long,0.5420560747663551,0.01670204607233724
has_attack&short_posts,296,0.0017740781099332336,0.003086524340340846,0.017820518012948146,0.5371621621621622,0.46283783783783783,long,0.5371621621621622,0.01639547510253348
positive_heavy&has_all_caps,152,0.0024290763888626856,0.003322258934362443,0.019139547030295523,0.5460526315789473,0.45394736842105265,long,0.5460526315789473,0.01635300128921415
china_streak_3d&volume_drop,23,0.005225499282797904,0.003929249898719789,0.021187938558681372,0.6521739130434783,0.34782608695652173,long,0.6521739130434783,0.01634387881662404
attack_heavy&has_chips,21,0.004976139200678383,0.0033333939468540574,0.011689805830592082,0.7142857142857143,0.2857142857142857,long,0.7142857142857143,0.016288238968389813
has_action&has_china,87,0.0030350012652522337,0.004987671523411175,0.01998908035578661,0.5747126436781609,0.42528735632183906,long,0.5747126436781609,0.016269314498627434
attack_heavy&has_all_caps,106,0.002742280161701216,0.0036562549150115364,0.01848450000451344,0.5754716981132075,0.42452830188679247,long,0.5754716981132075,0.01624758150526742
posts_high&has_market_brag,112,0.0028124098682380133,0.0035279384221917898,0.01810530430861948,0.5446428571428571,0.45535714285714285,long,0.5446428571428571,0.016210612959451594
open_deal&exclamation_heavy,80,-0.003210719671695553,-0.006557495593939366,0.021039849865348775,0.4375,0.5625,short,0.5625,0.016153621745865893
open_deal&has_all_caps,29,-0.005427625742298879,-0.0073801430813649205,0.022064359927807878,0.4482758620689655,0.5517241379310345,short,0.5517241379310345,0.016126156763434596
has_attack&china_streak_3d,57,0.00368521036620136,0.003609984566780966,0.02190051963966966,0.5789473684210527,0.42105263157894735,long,0.5789473684210527,0.01610789522966323
has_positive&has_all_caps,180,0.0021533427124145544,0.0036363186619211563,0.018865917325145972,0.5555555555555556,0.4444444444444444,long,0.5555555555555556,0.016050068946042415
has_positive&open_deal,79,-0.0032134606170197066,-0.0065788376351567646,0.021174276794291538,0.4430379746835443,0.5569620253164557,short,0.5569620253164557,0.015907872905369047
attack_heavy&has_positive,295,0.001691262953255277,0.0035461017093121328,0.018788300304068504,0.5457627118644067,0.4542372881355932,long,0.5457627118644067,0.01585353091650922
has_all_caps&lots_of_excl,177,0.0021246575443773924,0.0036495099729938474,0.019267865256874638,0.559322033898305,0.4406779661016949,long,0.559322033898305,0.015810205000565358
positive_heavy&volume_drop,53,0.0033672697541764474,0.0036629998570292255,0.018966136643667652,0.6415094339622641,0.3584905660377358,long,0.6415094339622641,0.015726022461635368
has_market_brag&volume_drop,23,0.004672195118806315,0.0036629998570292255,0.02028301763426572,0.6956521739130435,0.30434782608695654,long,0.6956521739130435,0.015587520440931575
exclamation_heavy,782,0.0010745844301350718,0.0030627015647324285,0.018881804952890106,0.5179028132992327,0.4820971867007673,long,0.5179028132992327,0.01556295961145431
has_exclamation&exclamation_heavy,782,0.0010745844301350718,0.0030627015647324285,0.018881804952890106,0.5179028132992327,0.4820971867007673,long,0.5179028132992327,0.01556295961145431
short_posts&volume_drop,103,0.0027583331485267776,0.003144469557473606,0.01697636222015566,0.5533980582524272,0.44660194174757284,long,0.5533980582524272,0.01549183853799483
has_exclamation&volume_drop,167,0.002032229369004303,0.0035841579675603974,0.017351904147310453,0.5808383233532934,0.41916167664670656,long,0.5808383233532934,0.015254087105865073
posts_very_high&deal_only,95,0.002751173950900842,0.0035461017093121328,0.01820976514862575,0.5684210526315789,0.43157894736842106,long,0.5684210526315789,0.01524228254880218
has_deal&china_streak_3d,28,-0.004743714919015576,-0.005746331663211757,0.023824394415661164,0.39285714285714285,0.6071428571428571,short,0.6071428571428571,0.015240123530509714
has_action&attack_heavy,107,0.0025378530254361064,0.003609984566780966,0.02004773264262335,0.5794392523364486,0.4205607476635514,long,0.5794392523364486,0.015211297765848904
posts_very_high&tariff_only,20,0.005230647961862317,0.007031008714718179,0.01814854087227636,0.65,0.35,long,0.65,0.015204909731823328
has_iran&short_posts,47,-0.003996471284019942,-0.0026953563944482894,0.016279503042603987,0.44680851063829785,0.5531914893617021,short,0.5531914893617021,0.015156576496493863
has_positive&open_tariff,29,0.004274533638386468,0.0038167079230682077,0.018599809064004505,0.6551724137931034,0.3448275862068966,long,0.6551724137931034,0.015081458421057823
open_tariff&exclamation_heavy,29,0.004274533638386468,0.0038167079230682077,0.018599809064004505,0.6551724137931034,0.3448275862068966,long,0.6551724137931034,0.015081458421057823
open_tariff,29,0.004274533638386468,0.0038167079230682077,0.018599809064004505,0.6551724137931034,0.3448275862068966,long,0.6551724137931034,0.015081458421057823
positive_heavy&open_tariff,29,0.004274533638386468,0.0038167079230682077,0.018599809064004505,0.6551724137931034,0.3448275862068966,long,0.6551724137931034,0.015081458421057823
open_tariff&has_exclamation,29,0.004274533638386468,0.0038167079230682077,0.018599809064004505,0.6551724137931034,0.3448275862068966,long,0.6551724137931034,0.015081458421057823
has_tariff&open_tariff,29,0.004274533638386468,0.0038167079230682077,0.018599809064004505,0.6551724137931034,0.3448275862068966,long,0.6551724137931034,0.015081458421057823
open_tariff&lots_of_excl,29,0.004274533638386468,0.0038167079230682077,0.018599809064004505,0.6551724137931034,0.3448275862068966,long,0.6551724137931034,0.015081458421057823
short_posts&china_streak_3d,38,0.004212130382522827,0.0029986727926765155,0.021878653255132077,0.5789473684210527,0.42105263157894735,long,0.5789473684210527,0.01503255108610014
has_all_caps&exclamation_heavy,180,0.001997077282043865,0.0036363186619211563,0.0191642382818872,0.5555555555555556,0.4444444444444444,long,0.5555555555555556,0.014885335196568676
has_china&volume_drop,32,0.0040043778039492335,0.006130088754540908,0.01757123539185636,0.65625,0.34375,long,0.65625,0.014865494172928343
has_relief&has_china,39,0.0038614648855807977,0.006734011887692182,0.020821430842024452,0.6153846153846154,0.38461538461538464,long,0.6153846153846154,0.014839901834669404
has_positive&has_china,281,0.001675146358528824,0.003124937581026499,0.017912635630204038,0.5266903914590747,0.47330960854092524,long,0.5266903914590747,0.01478976635031998
has_action&has_attack,148,0.002163099725547371,0.0034965484859939,0.01977298648189989,0.5608108108108109,0.4391891891891892,long,0.5608108108108109,0.01475787327930009
attack_heavy&has_market_brag,77,0.0030657440406628073,0.003609984566780966,0.019309339676274784,0.5454545454545454,0.45454545454545453,long,0.5454545454545454,0.014673706242368596
has_night_post&has_all_caps,183,0.0019502972956479904,0.003623127350848465,0.019061567012374655,0.5519125683060109,0.44808743169398907,long,0.5519125683060109,0.014561182580844554
has_iran&deal_over_tariff,69,-0.0031808271587789355,-0.003484262607103661,0.01853746363598384,0.4492753623188406,0.5507246376811594,short,0.5507246376811594,0.014551210459063452
has_china&exclamation_heavy,281,0.0016292315048017129,0.003289533848310544,0.017940612455876002,0.5302491103202847,0.4697508896797153,long,0.5302491103202847,0.014481578674165654
positive_heavy&lots_of_excl,559,0.001188831493865439,0.0030212049786328965,0.019851724335709867,0.5134168157423972,0.4865831842576029,long,0.5134168157423972,0.014430995605854837
posts_very_high&deal_over_tariff,121,0.002314266188572896,0.0035461017093121328,0.018950219116269068,0.5619834710743802,0.4380165289256198,long,0.5619834710743802,0.014306372802086994
has_attack&open_tariff,28,0.004188299652257759,0.0037398538900487166,0.018935213958040265,0.6428571428571429,0.35714285714285715,long,0.6428571428571429,0.014247256237833003
deal_heavy&deal_only,89,0.002683070172790149,0.0034844453737110648,0.020235982237947394,0.5617977528089888,0.43820224719101125,long,0.5617977528089888,0.01422024347532928
has_deal&has_iran,76,-0.002948051536099238,-0.00347220080798194,0.018189241811758534,0.4473684210526316,0.5526315789473685,short,0.5526315789473685,0.014202917539491319
attack_heavy&volume_spike,96,0.0024629593690611283,0.0035593180825288506,0.01955807615302958,0.5833333333333334,0.4166666666666667,long,0.5833333333333334,0.014076985326616245
open_deal&deal_only,61,-0.0032314624925705838,-0.006779782269270673,0.0202689399892839,0.4426229508196721,0.5573770491803278,short,0.5573770491803278,0.014067376755743162
positive_heavy&has_night_post,544,0.0011588558439008714,0.0030864752361752235,0.019647743474927003,0.5202205882352942,0.4797794117647059,long,0.5202205882352942,0.014061006236128774
attack_heavy&has_exclamation,298,0.0014980625859999778,0.0034965484859939,0.018927735041091458,0.5436241610738255,0.4563758389261745,long,0.5436241610738255,0.014058430563131509
attack_heavy,298,0.0014980625859999778,0.0034965484859939,0.018927735041091458,0.5436241610738255,0.4563758389261745,long,0.5436241610738255,0.014058430563131509
has_attack&attack_heavy,298,0.0014980625859999778,0.0034965484859939,0.018927735041091458,0.5436241610738255,0.4563758389261745,long,0.5436241610738255,0.014058430563131509
has_russia&china_streak_3d,28,0.004641954044598963,0.0037596382683465768,0.023127735558963046,0.5714285714285714,0.42857142857142855,long,0.5714285714285714,0.014035949713599182
positive_heavy&exclamation_heavy,571,0.00113778952264448,0.0030212049786328965,0.0196983445216945,0.5131348511383538,0.4868651488616462,long,0.5131348511383538,0.013951197809306896
attack_heavy&exclamation_heavy,297,0.001492994860502461,0.0035086515982767352,0.018959478097262266,0.5420875420875421,0.45791245791245794,long,0.5420875420875421,0.01394780811763259
open_deal&volume_spike,27,-0.005160895331572112,-0.003322304153311917,0.020307843793376554,0.48148148148148145,0.5185185185185185,short,0.5185185185185185,0.013905006775065662
deal_heavy&deal_over_tariff,131,0.002143304172241473,0.0034844453737110648,0.019743053799081176,0.5648854961832062,0.4351145038167939,long,0.5648854961832062,0.013857340269599686
has_market_brag&has_china,73,0.002873855725100185,0.0036629998570292255,0.020064607904803838,0.5616438356164384,0.4383561643835616,long,0.5616438356164384,0.013790734208617624
has_night_post&exclamation_heavy,721,0.000992280818597247,0.003033298954850272,0.018974014376659055,0.5173370319001387,0.4826629680998613,long,0.5173370319001387,0.013784016861719687
posts_high&open_tariff,27,0.004202062308894409,0.0036629998570292255,0.019295774399603276,0.6296296296296297,0.37037037037037035,long,0.6296296296296297,0.013747683562753348
has_all_caps&has_exclamation,184,0.0018459947578928668,0.003603585490273842,0.019061993437673272,0.5489130434782609,0.45108695652173914,long,0.5489130434782609,0.013744942446848206
has_all_caps,184,0.0018459947578928668,0.003603585490273842,0.019061993437673272,0.5489130434782609,0.45108695652173914,long,0.5489130434782609,0.013744942446848206
has_positive&positive_heavy,575,0.001112211076834669,0.0030212049786328965,0.019640055160759732,0.5130434782608696,0.48695652173913045,long,0.5130434782608696,0.01368281041864418
positive_heavy,575,0.001112211076834669,0.0030212049786328965,0.019640055160759732,0.5130434782608696,0.48695652173913045,long,0.5130434782608696,0.01368281041864418
positive_heavy&has_exclamation,575,0.001112211076834669,0.0030212049786328965,0.019640055160759732,0.5130434782608696,0.48695652173913045,long,0.5130434782608696,0.01368281041864418
has_china&has_night_post,271,0.001563474302170473,0.003289533848310544,0.017694094751206046,0.5276752767527675,0.47232472324723246,long,0.5276752767527675,0.013581324920986761
attack_heavy&has_night_post,286,0.0014708307107689875,0.0034965484859939,0.01888672815982702,0.5454545454545454,0.45454545454545453,long,0.5454545454545454,0.013567638734194512
has_china&has_iran,44,-0.003297886290140972,-0.0034485875335403815,0.019692444102302902,0.38636363636363635,0.6136363636363636,short,0.6136363636363636,0.01342372674966719
has_china&has_all_caps,95,0.0024137970764367763,0.003623127350848465,0.01832233971710588,0.5684210526315789,0.43157894736842106,long,0.5684210526315789,0.013373119152453058
pre_deal&deal_over_tariff,145,0.0020823211443887087,0.003311123921870829,0.019819925005540997,0.5310344827586206,0.4689655172413793,long,0.5310344827586206,0.013315406615691892
has_russia&pre_action,31,0.0041156874844390555,0.003311123921870829,0.022396384929503424,0.5806451612903226,0.41935483870967744,long,0.5806451612903226,0.013305587286428892
has_exclamation,882,0.0008680221626738974,0.0030272519667415843,0.019292339138197702,0.5147392290249433,0.4852607709750567,long,0.5147392290249433,0.013269433251471622
deal_heavy&short_posts,64,0.0025798910583103886,0.006152252576576145,0.018155954637778946,0.640625,0.359375,long,0.640625,0.013221941673840741
deal_heavy&has_action,54,0.0029392289813300557,0.0050836832514175034,0.021053667651426904,0.6111111111111112,0.3888888888888889,long,0.6111111111111112,0.013199287276008206
has_china&lots_of_excl,265,0.0015180010362167691,0.003289533848310544,0.01813901386337035,0.5320754716981132,0.4679245283018868,long,0.5320754716981132,0.013148258796945431
has_china&has_exclamation,288,0.001485244196611204,0.00305384010740406,0.017813336202964478,0.5208333333333334,0.4791666666666667,long,0.5208333333333334,0.013127828039271853
has_china,288,0.001485244196611204,0.00305384010740406,0.017813336202964478,0.5208333333333334,0.4791666666666667,long,0.5208333333333334,0.013127828039271853
posts_high&deal_heavy,110,0.0021601129839656785,0.0035907080187267404,0.0200981729715501,0.5727272727272728,0.42727272727272725,long,0.5727272727272728,0.012975397588156114
has_market_brag&has_iran,29,-0.004343146675887934,-0.003412912459977102,0.016314627837639706,0.4482758620689655,0.5517241379310345,short,0.5517241379310345,0.012904033451704778
attack_heavy&short_posts,152,0.0018252015417466914,0.003527376653794434,0.018470829357605387,0.5723684210526315,0.4276315789473684,long,0.5723684210526315,0.012879775275921006
has_night_post&has_exclamation,779,0.0008807894703613948,0.0030864752361752235,0.01925879095936592,0.521181001283697,0.47881899871630296,long,0.521181001283697,0.012812368435417231
posts_very_high&open_tariff,24,0.0041466011779563395,0.005303724680347677,0.020202472908623818,0.625,0.375,long,0.625,0.01269632131602087
deal_over_tariff&china_streak_3d,25,-0.004231375695990755,-0.0036496312582520174,0.024701668715403476,0.4,0.6,short,0.6,0.012694127087972264
volume_spike,173,0.0018057295719526014,0.0030212049786328965,0.02566073788919169,0.5317919075144508,0.4682080924855491,long,0.5317919075144508,0.012630411094818599
positive_heavy&open_deal,72,-0.00274291093015144,-0.004980376936902675,0.020928813893767325,0.4583333333333333,0.5416666666666666,short,0.5416666666666666,0.012606950972855094
has_night_post,806,0.0008515278919062305,0.0030455811307311675,0.019350321202995704,0.5173697270471465,0.4826302729528536,long,0.5173697270471465,0.012507410733686497
posts_low&has_night_post,87,-0.002578688876032539,-0.0028410733603513316,0.02224830469503492,0.4827586206896552,0.5172413793103449,short,0.5172413793103449,0.012440901003485714
uppercase_phrase_heavy&short_posts,35,-0.004081446123306784,-0.0033002748036206064,0.020530050441097025,0.4857142857142857,0.5142857142857142,short,0.5142857142857142,0.012418025603608577
open_deal&has_night_post,76,-0.002573988118142983,-0.004980376936902675,0.02114875668828928,0.4473684210526316,0.5526315789473685,short,0.5526315789473685,0.012400780835055454
has_action&open_deal,30,-0.004515710207000371,-0.0017800064730009169,0.020748620852821555,0.5,0.5,short,0.5,0.01236678171765213
has_market_brag&volume_spike,36,0.00335500845651377,0.003669768195127987,0.01879341519690543,0.6111111111111112,0.3888888888888889,long,0.6111111111111112,0.012301697673883822
lots_of_excl&volume_drop,85,0.0023527812777535285,0.0034482783569087516,0.018776839558698282,0.5647058823529412,0.43529411764705883,long,0.5647058823529412,0.012249358073525658
sig_potus&deal_over_tariff,21,-0.004003790712254144,-0.007843032068171496,0.02224768335372048,0.3333333333333333,0.6666666666666666,short,0.6666666666666666,0.012231782670443846
has_deal&has_china,153,0.0018448011185634315,0.003311123921870829,0.018543838931352124,0.5359477124183006,0.46405228758169936,long,0.5359477124183006,0.012229753124465887
pre_tariff&has_night_post,56,-0.002760727444443855,-0.003854294874402253,0.019777720062367735,0.4107142857142857,0.5892857142857143,short,0.5892857142857143,0.012174284848832342
attack_heavy&lots_of_excl,296,0.0013088499131112398,0.0034965484859939,0.018723650943771552,0.5405405405405406,0.4594594594594595,long,0.5405405405405406,0.012172056949538773
has_market_brag&has_uppercase_phrase,68,0.002691351101335777,0.003534301670635731,0.021439721616652013,0.5441176470588235,0.45588235294117646,long,0.5441176470588235,0.01207584764876187
has_china&deal_over_tariff,124,0.0019662554544487504,0.0036814048161901702,0.018506929605832948,0.5483870967741935,0.45161290322580644,long,0.5483870967741935,0.012007096761774085
deal_heavy&has_positive,138,0.0018247154064171673,0.0034965484859939,0.020136672406815912,0.5579710144927537,0.4420289855072464,long,0.5579710144927537,0.011960416979963126
posts_very_high&positive_heavy,220,0.0015216094373888948,0.00305053505555386,0.019566673115781533,0.5227272727272727,0.4772727272727273,long,0.5227272727272727,0.011797492044219187
deal_heavy&has_market_brag,37,0.0031147383309066607,0.0035714314706725148,0.021167778589313027,0.6216216216216216,0.3783783783783784,long,0.6216216216216216,0.011777376028411378
has_china&short_posts,151,0.001786385990185047,0.0030212049786328965,0.01744733968016833,0.5364238410596026,0.46357615894039733,long,0.5364238410596026,0.011775296443956956
exclamation_heavy&volume_drop,117,0.0018555389676023866,0.0035841579675603974,0.019162470378072498,0.5811965811965812,0.4188034188034188,long,0.5811965811965812,0.011665035400236168
has_action&short_posts,107,-0.002212315339038331,-0.0020161515180356915,0.021146967411678888,0.4953271028037383,0.5046728971962616,short,0.5046728971962616,0.011549120203028427
has_attack&open_deal,72,-0.0025042774474780937,-0.004980376936902675,0.02087073369276976,0.4583333333333333,0.5416666666666666,short,0.5416666666666666,0.011510145173047936
has_attack&pre_deal,129,0.0018399145179819891,0.0034844453737110648,0.020252730675502244,0.5503875968992248,0.4496124031007752,long,0.5503875968992248,0.011501676274924301
has_positive&has_chips,31,0.003195398719226261,0.003311202682402925,0.01125823044618272,0.6451612903225806,0.3548387096774194,long,0.6451612903225806,0.011478211041252044
high_emotion&volume_spike,24,0.004296396903358308,0.0063173086705086146,0.028971937388288915,0.5416666666666666,0.4583333333333333,long,0.5416666666666666,0.011400978491176716
has_deal&deal_heavy,143,0.0017201720230476951,0.003311202682402925,0.0198559131773632,0.5524475524475524,0.44755244755244755,long,0.5524475524475524,0.011363992869879807
deal_heavy&has_exclamation,143,0.0017201720230476951,0.003311202682402925,0.0198559131773632,0.5524475524475524,0.44755244755244755,long,0.5524475524475524,0.011363992869879807
deal_heavy,143,0.0017201720230476951,0.003311202682402925,0.0198559131773632,0.5524475524475524,0.44755244755244755,long,0.5524475524475524,0.011363992869879807
pre_action&exclamation_heavy,79,-0.00246215789187767,-0.002610817987777403,0.021396889605805797,0.4810126582278481,0.5189873417721519,short,0.5189873417721519,0.011357590622716478
pre_deal&pre_action,32,0.0032011866486006367,0.006722923797217173,0.021048903788527844,0.625,0.375,long,0.625,0.01131790393534674
has_russia&open_deal,35,-0.003186755454829864,-0.0073801430813649205,0.022103157694663977,0.4,0.6,short,0.6,0.011311859712000829
has_tariff&has_market_brag,36,0.0033858327593408485,0.003487061889450027,0.022082702410885485,0.5555555555555556,0.4444444444444444,long,0.5555555555555556,0.011286109197802829
posts_high&has_positive,403,0.0010726618861618673,0.0030212049786328965,0.01874529045432746,0.5210918114143921,0.47890818858560796,long,0.5210918114143921,0.01122094984559696
pre_tariff&tariff_only,20,-0.004557907941133204,-0.004937730598176482,0.018300836882278536,0.45,0.55,short,0.55,0.01121097119071595
positive_heavy&pre_action,69,-0.0026466577799609636,-0.002610817987777403,0.022391051752139506,0.4927536231884058,0.5072463768115942,short,0.5072463768115942,0.011151705413334103
pre_deal&lots_of_excl,156,0.001634630678344563,0.0034429657484876808,0.020031175846193242,0.5448717948717948,0.4551282051282051,long,0.5448717948717948,0.011124391688750063
posts_very_high&lots_of_excl,231,0.0013967075507445915,0.0031249295043875858,0.01937435581075258,0.5238095238095238,0.47619047619047616,long,0.5238095238095238,0.01111948981454369
has_iran&volume_spike,42,0.003425009496071414,-0.00022159462016801967,0.02698045762407785,0.5,0.5,long,0.5,0.011098299216811705
positive_heavy&pre_deal,144,0.0017196038866134572,0.003311123921870829,0.019920922521914942,0.5347222222222222,0.4652777777777778,long,0.5347222222222222,0.011034124939103017
has_china&deal_only,93,0.0021246667299850883,0.0035461017093121328,0.017710164528381228,0.5376344086021505,0.46236559139784944,long,0.5376344086021505,0.011015883831976941
has_positive&short_posts,418,0.0010419223610509067,0.002989658832741271,0.018101719360423145,0.5167464114832536,0.48325358851674644,long,0.5167464114832536,0.011007811117967581
has_attack&has_chips,28,0.003229363124422037,0.003311163302136877,0.011538928384413678,0.6428571428571429,0.35714285714285715,long,0.6428571428571429,0.010985260783298461
posts_very_high&has_night_post,231,0.0013648302171482454,0.0031249295043875858,0.019401859878332928,0.5238095238095238,0.47619047619047616,long,0.5238095238095238,0.01086570749193047
pre_deal&has_all_caps,51,0.0025823265308775843,0.006514629258328464,0.020925503781488598,0.5882352941176471,0.4117647058823529,long,0.5882352941176471,0.01084794123493507
posts_high&has_chips,26,0.003245735279318002,0.003311163302136877,0.010949555900382706,0.6538461538461539,0.34615384615384615,long,0.6538461538461539,0.010821197997245511
deal_heavy&has_night_post,137,0.001680728056994852,0.003311123921870829,0.01993982508626175,0.5474452554744526,0.45255474452554745,long,0.5474452554744526,0.010769571645247234
has_night_post&has_chips,30,0.00310231524265611,0.003311163302136877,0.011438553331369596,0.6333333333333333,0.36666666666666664,long,0.6333333333333333,0.01076165091300081
positive_heavy&has_chips,30,0.00310231524265611,0.003311163302136877,0.011438553331369596,0.6333333333333333,0.36666666666666664,long,0.6333333333333333,0.01076165091300081
posts_high&has_night_post,394,0.0010360007222354245,0.00305384010740406,0.018805785685218,0.5228426395939086,0.47715736040609136,long,0.5228426395939086,0.010751750248297958
pre_deal&short_posts,72,0.0021719897295916888,0.003540041534474625,0.022387670588962287,0.5833333333333334,0.4166666666666667,long,0.5833333333333334,0.010750800665232731
deal_heavy&positive_heavy,128,0.0017121886533499019,0.003397824028056995,0.02049149546278332,0.5546875,0.4453125,long,0.5546875,0.01074496434115761
deal_heavy&exclamation_heavy,141,0.0016328986666916965,0.003311202682402925,0.019825665797043687,0.5531914893617021,0.44680851063829785,long,0.5531914893617021,0.010726160242678683
pre_deal&deal_only,116,0.0019463525361123957,0.0031444934357063303,0.019862949707248067,0.5086206896551724,0.49137931034482757,long,0.5086206896551724,0.010662143475952039
deal_heavy&open_deal,48,-0.0028222362375360474,-0.0033734522371976494,0.020033343005427966,0.4583333333333333,0.5416666666666666,short,0.5416666666666666,0.010591222534477996
posts_high&positive_heavy,369,0.001061988986461123,0.0029761406067201346,0.019125807065228057,0.5176151761517616,0.4823848238482385,long,0.5176151761517616,0.010559423228027063
china_streak_3d,74,0.002326200006901186,0.002776744412258947,0.020675283425255507,0.527027027027027,0.47297297297297297,long,0.527027027027027,0.010546195063876638
has_china&pre_deal,82,0.002170093895915888,0.003311123921870829,0.018238667895797898,0.5365853658536586,0.4634146341463415,long,0.5365853658536586,0.010544458348674832
posts_high&attack_heavy,248,0.0012456529020543074,0.0034604069417482064,0.019005831760449513,0.5362903225806451,0.4637096774193548,long,0.5362903225806451,0.010520172104477017
has_positive&china_streak_3d,71,0.0023855297286232186,0.002577348217797759,0.021002013534269906,0.5211267605633803,0.4788732394366197,long,0.5211267605633803,0.010475080829922927
attack_heavy&open_tariff,23,0.0035881230046720006,0.003311123921870829,0.020501534185428605,0.6086956521739131,0.391304347826087,long,0.6086956521739131,0.010474455122374498
has_action&has_iran,37,-0.0030266063594273237,-0.003906393697530208,0.019995127113527692,0.43243243243243246,0.5675675675675675,short,0.5675675675675675,0.01044899142969793
has_positive&pre_deal,160,0.0015543628814452023,0.003311123921870829,0.019536568811668664,0.53125,0.46875,long,0.53125,0.010445069908551869
deal_heavy&lots_of_excl,135,0.0016091015794868313,0.003311202682402925,0.02015681817554192,0.5555555555555556,0.4444444444444444,long,0.5555555555555556,0.010386706032847578
pre_action&has_uppercase_phrase,42,-0.0033587721820434006,0.00260804009057769,0.025285439973827113,0.5238095238095238,0.47619047619047616,short,0.47619047619047616,0.010365395988975637
has_tariff&tariff_heavy,21,0.004728677414952827,-0.003322304153311917,0.015487122098213162,0.47619047619047616,0.5238095238095238,long,0.47619047619047616,0.010318820090975922
tariff_heavy&has_exclamation,21,0.004728677414952827,-0.003322304153311917,0.015487122098213162,0.47619047619047616,0.5238095238095238,long,0.47619047619047616,0.010318820090975922
tariff_heavy,21,0.004728677414952827,-0.003322304153311917,0.015487122098213162,0.47619047619047616,0.5238095238095238,long,0.47619047619047616,0.010318820090975922
tariff_heavy&lots_of_excl,21,0.004728677414952827,-0.003322304153311917,0.015487122098213162,0.47619047619047616,0.5238095238095238,long,0.47619047619047616,0.010318820090975922
tariff_heavy&exclamation_heavy,21,0.004728677414952827,-0.003322304153311917,0.015487122098213162,0.47619047619047616,0.5238095238095238,long,0.47619047619047616,0.010318820090975922
tariff_heavy&has_positive,21,0.004728677414952827,-0.003322304153311917,0.015487122098213162,0.47619047619047616,0.5238095238095238,long,0.47619047619047616,0.010318820090975922
posts_high&lots_of_excl,402,0.000986501756466727,0.00305384010740406,0.018912058578169712,0.5199004975124378,0.48009950248756217,long,0.5199004975124378,0.010283267242094348
has_chips,32,0.0028945837505731757,0.003311163302136877,0.011205123124920537,0.625,0.375,long,0.625,0.010233898993713412
has_exclamation&has_chips,32,0.0028945837505731757,0.003311163302136877,0.011205123124920537,0.625,0.375,long,0.625,0.010233898993713412
posts_very_high&has_exclamation,233,0.0012898876732895987,0.0029761406067201346,0.019335007152785095,0.51931330472103,0.48068669527896996,long,0.51931330472103,0.01022490548562946
posts_high&posts_very_high,233,0.0012898876732895987,0.0029761406067201346,0.019335007152785095,0.51931330472103,0.48068669527896996,long,0.51931330472103,0.01022490548562946
posts_very_high,233,0.0012898876732895987,0.0029761406067201346,0.019335007152785095,0.51931330472103,0.48068669527896996,long,0.51931330472103,0.01022490548562946
posts_very_high&has_positive,233,0.0012898876732895987,0.0029761406067201346,0.019335007152785095,0.51931330472103,0.48068669527896996,long,0.51931330472103,0.01022490548562946
posts_very_high&exclamation_heavy,233,0.0012898876732895987,0.0029761406067201346,0.019335007152785095,0.51931330472103,0.48068669527896996,long,0.51931330472103,0.01022490548562946
pre_action&volume_spike,31,-0.004032189383453063,0.0029761406067201346,0.026743978285776883,0.5483870967741935,0.45161290322580644,short,0.45161290322580644,0.010138836288619396
attack_heavy&positive_heavy,262,0.001154766264992853,0.0034604069417482064,0.018939747965032203,0.5381679389312977,0.4618320610687023,long,0.5381679389312977,0.010059179432719171
sig_potus&has_uppercase_phrase,31,-0.002660068490942766,-0.007434949553802972,0.022361719441622074,0.3225806451612903,0.6774193548387096,short,0.6774193548387096,0.010033010499281339
posts_very_high&has_deal,141,0.0015535470913445233,0.0033333939468540574,0.01972128048928904,0.5390070921985816,0.46099290780141844,long,0.5390070921985816,0.009943252272567506
has_action&has_market_brag,39,0.0025646448288562077,0.007168383714204474,0.020712512147857905,0.6153846153846154,0.38461538461538464,long,0.6153846153846154,0.009856124198652198
has_attack&volume_drop,79,0.002025878078222114,0.003311202682402925,0.019847357016778082,0.5443037974683544,0.45569620253164556,long,0.5443037974683544,0.009800950932603553
deal_heavy&pre_deal,92,0.0018391526417123967,0.003540041534474625,0.019432151144801204,0.5543478260869565,0.44565217391304346,long,0.5543478260869565,0.009778990803928628
has_iran&has_all_caps,28,-0.0036756287460707033,0.0001057767326554937,0.01959259008539529,0.5,0.5,short,0.5,0.009724799573903261
posts_high&has_exclamation,405,0.0009310177426710219,0.0029761406067201346,0.018866734905591726,0.5185185185185185,0.48148148148148145,long,0.5185185185185185,0.009715155150730456
posts_high&exclamation_heavy,405,0.0009310177426710219,0.0029761406067201346,0.018866734905591726,0.5185185185185185,0.48148148148148145,long,0.5185185185185185,0.009715155150730456
posts_high,405,0.0009310177426710219,0.0029761406067201346,0.018866734905591726,0.5185185185185185,0.48148148148148145,long,0.5185185185185185,0.009715155150730456
posts_high&has_iran,77,-0.0020209584999455366,-0.003412912459977102,0.01759729107587869,0.45454545454545453,0.5454545454545454,short,0.5454545454545454,0.009673003017501538
has_night_post&high_emotion,41,-0.002574988825647266,-0.003883495145631022,0.019834840140469163,0.4146341463414634,0.5853658536585366,short,0.5853658536585366,0.00965149660133898
pre_deal,168,0.0014182160073035088,0.0033056993627457176,0.020192001589520083,0.5238095238095238,0.47619047619047616,long,0.5238095238095238,0.009628761159458937
has_deal&pre_deal,168,0.0014182160073035088,0.0033056993627457176,0.020192001589520083,0.5238095238095238,0.47619047619047616,long,0.5238095238095238,0.009628761159458937
sig_potus&has_all_caps,22,-0.0032031634658555904,-0.007091464248147883,0.02256850005673188,0.36363636363636365,0.6363636363636364,short,0.6363636363636364,0.009560834437343445
pre_action,85,-0.002046794621525304,-0.0020161515180356915,0.021130078415517575,0.49411764705882355,0.5058823529411764,short,0.5058823529411764,0.009546260027627316
has_action&pre_action,85,-0.002046794621525304,-0.0020161515180356915,0.021130078415517575,0.49411764705882355,0.5058823529411764,short,0.5058823529411764,0.009546260027627316
has_night_post&tariff_rising,20,-0.0035565809909790026,-0.0039759724620663794,0.014989916900664872,0.4,0.6,short,0.6,0.009543308235975139
exclamation_heavy&has_chips,31,0.0027947992581293817,0.003311123921870829,0.011375882415898837,0.6129032258064516,0.3870967741935484,long,0.6129032258064516,0.009537254532350147
lots_of_excl&has_chips,31,0.0027947992581293817,0.003311123921870829,0.011375882415898837,0.6129032258064516,0.3870967741935484,long,0.6129032258064516,0.009537254532350147
pre_tariff,61,-0.0021270664940226587,-0.003802196051274298,0.019697800621494975,0.4262295081967213,0.5737704918032787,short,0.5737704918032787,0.00953200350565628
has_tariff&pre_tariff,61,-0.0021270664940226587,-0.003802196051274298,0.019697800621494975,0.4262295081967213,0.5737704918032787,short,0.5737704918032787,0.00953200350565628
pre_tariff&has_exclamation,61,-0.0021270664940226587,-0.003802196051274298,0.019697800621494975,0.4262295081967213,0.5737704918032787,short,0.5737704918032787,0.00953200350565628
attack_heavy&has_uppercase_phrase,145,0.001433409834425134,0.0034844453737110648,0.019117955906669117,0.5517241379310345,0.4482758620689655,long,0.5517241379310345,0.009523056602152417
exclamation_heavy&short_posts,402,0.000910720965046425,0.0029201532846578893,0.018552102534480634,0.5199004975124378,0.48009950248756217,long,0.5199004975124378,0.009493330351577865
has_tariff&open_deal,20,-0.0035216770208222224,-0.003424600321083382,0.02336845444584575,0.4,0.6,short,0.6,0.009449651056028918
has_night_post&has_uppercase_phrase,274,0.0010836127925613922,0.0029986727926765155,0.020396746247989418,0.5255474452554745,0.4744525547445255,long,0.5255474452554745,0.009426735771862278
attack_heavy&has_china,148,0.00146504876713119,0.0031328372275153393,0.01888698850890088,0.527027027027027,0.47297297297297297,long,0.527027027027027,0.009393248813103862
pre_action&lots_of_excl,75,-0.0021916208961300578,0.0025705480831819116,0.021915829845749787,0.5066666666666667,0.49333333333333335,short,0.49333333333333335,0.009363463566133004
has_relief&has_exclamation,92,0.0016934504383729742,0.006099395412303199,0.022888278568666667,0.5760869565217391,0.42391304347826086,long,0.5760869565217391,0.009357383886138982
has_relief,92,0.0016934504383729742,0.006099395412303199,0.022888278568666667,0.5760869565217391,0.42391304347826086,long,0.5760869565217391,0.009357383886138982
has_market_brag&has_russia,56,0.002250464795489636,0.0035279384221917898,0.020296411603088,0.5535714285714286,0.44642857142857145,long,0.5535714285714286,0.009322661249902631
has_tariff&has_iran,20,-0.003471828996426329,-0.003659653078753655,0.021561428857200245,0.4,0.6,short,0.6,0.009315894770716976
posts_very_high&has_uppercase_phrase,132,0.001521629281897326,0.002916613085002351,0.019140160371837373,0.5303030303030303,0.4696969696969697,long,0.5303030303030303,0.00927085805191834
attack_heavy&open_deal,49,-0.0025899641197488867,-0.003322304153311917,0.01885673822955939,0.4897959183673469,0.5102040816326531,short,0.5102040816326531,0.009249871856246024
posts_high&open_deal,63,-0.002282375833114735,-0.003322304153311917,0.020955833373469415,0.49206349206349204,0.5079365079365079,short,0.5079365079365079,0.009201674442370205
has_russia&uppercase_phrase_heavy,27,-0.0031817864931132306,-0.003484262607103661,0.023685044292391346,0.4444444444444444,0.5555555555555556,short,0.5555555555555556,0.009185026441514196
has_positive&volume_spike,140,0.0014875708678933595,0.0029986727926765155,0.023362262359927537,0.5214285714285715,0.4785714285714286,long,0.5214285714285715,0.009177755991934934
has_tariff&has_china,85,0.0017838735667647042,0.003623127350848465,0.018777985499010275,0.5529411764705883,0.4470588235294118,long,0.5529411764705883,0.009093947973928361
tariff_heavy&positive_heavy,20,0.004436944927180603,-0.0033676083066445095,0.015830140676706614,0.45,0.55,long,0.45,0.008929179422638815
has_exclamation&china_streak_3d,73,0.0020068201476741787,0.002577348217797759,0.02063374167844076,0.5205479452054794,0.4794520547945205,long,0.5205479452054794,0.008925460227403571
brag_heavy&deal_over_tariff,20,0.0030413181468868567,0.0036364922119050958,0.013593100461046668,0.65,0.35,long,0.65,0.008840772352935513
posts_high&short_posts,237,0.001031080468451118,0.0031249295043875858,0.0187635767018468,0.5443037974683544,0.45569620253164556,long,0.5443037974683544,0.008639887697158517
pre_deal&has_night_post,162,0.0013080875254202146,0.0032840283482001853,0.02034128486859108,0.5185185185185185,0.48148148148148145,long,0.5185185185185185,0.008632937223028199
posts_very_high&has_action,101,0.001555513011158196,0.0033333939468540574,0.02110002425527973,0.5445544554455446,0.45544554455445546,long,0.5445544554455446,0.00851286312776862
positive_heavy&brag_heavy,36,0.0024250858937911457,0.0036364922119050958,0.015277776861081283,0.5833333333333334,0.4166666666666667,long,0.5833333333333334,0.00848780062826901
has_all_caps&has_uppercase_phrase,134,0.0013745986171989004,0.002916613085002351,0.01948581232299979,0.5223880597014925,0.47761194029850745,long,0.5223880597014925,0.0083123064027215
pre_deal&exclamation_heavy,165,0.0012216215123703872,0.003311123921870829,0.019738959505254013,0.5272727272727272,0.4727272727272727,long,0.5272727272727272,0.008273970200644538
pre_action&has_night_post,84,-0.0017917073605066068,0.0002771982825731101,0.021124912962369072,0.5,0.5,short,0.5,0.008210634602731057
brag_heavy&has_uppercase_phrase,21,0.0030947814136812733,0.003311123921870829,0.018009505109256772,0.5714285714285714,0.42857142857142855,long,0.5714285714285714,0.008104040050021072
has_tariff&has_attack,109,0.0014083297157959467,0.003436368509785348,0.01904203088770335,0.5504587155963303,0.44954128440366975,long,0.5504587155963303,0.00809361132028435
has_attack&pre_tariff,50,-0.0019043957092377784,-0.004215638158177049,0.02041241138532317,0.4,0.6,short,0.6,0.008079666720387587
tariff_heavy&has_night_post,20,0.0040127288055414375,-0.0033676083066445095,0.015528809228326907,0.45,0.55,long,0.45,0.00807546094601597
lots_of_excl&tariff_rising,22,-0.0029106164563270894,-0.0039759724620663794,0.014747203730463976,0.4090909090909091,0.5909090909090909,short,0.5909090909090909,0.00806709167582973
has_tariff&tariff_rising,22,-0.0029106164563270894,-0.0039759724620663794,0.014747203730463976,0.4090909090909091,0.5909090909090909,short,0.5909090909090909,0.00806709167582973
has_positive&tariff_rising,22,-0.0029106164563270894,-0.0039759724620663794,0.014747203730463976,0.4090909090909091,0.5909090909090909,short,0.5909090909090909,0.00806709167582973
has_exclamation&tariff_rising,22,-0.0029106164563270894,-0.0039759724620663794,0.014747203730463976,0.4090909090909091,0.5909090909090909,short,0.5909090909090909,0.00806709167582973
positive_heavy&tariff_rising,22,-0.0029106164563270894,-0.0039759724620663794,0.014747203730463976,0.4090909090909091,0.5909090909090909,short,0.5909090909090909,0.00806709167582973
exclamation_heavy&tariff_rising,22,-0.0029106164563270894,-0.0039759724620663794,0.014747203730463976,0.4090909090909091,0.5909090909090909,short,0.5909090909090909,0.00806709167582973
tariff_rising,22,-0.0029106164563270894,-0.0039759724620663794,0.014747203730463976,0.4090909090909091,0.5909090909090909,short,0.5909090909090909,0.00806709167582973
has_china&tariff_only,25,0.002678747516936322,0.006734011887692182,0.016068388027850003,0.6,0.4,long,0.6,0.008036242550808965
has_positive&brag_heavy,41,0.0021281819637207332,0.003609984566780966,0.015280380274742992,0.5853658536585366,0.4146341463414634,long,0.5853658536585366,0.007976788398185948
open_deal&short_posts,44,-0.002507495369120934,0.003017001956666099,0.022464181742212774,0.5227272727272727,0.4772727272727273,short,0.4772727272727273,0.00793840215279477
posts_high&brag_heavy,31,0.0024553965582438295,0.003609984566780966,0.015663825200085826,0.5806451612903226,0.41935483870967744,long,0.5806451612903226,0.00793804032789996
attack_heavy&tariff_only,24,0.002978660933937033,0.005085190198738765,0.017784233044304258,0.5416666666666666,0.4583333333333333,long,0.5416666666666666,0.007904216021983367
lots_of_excl&short_posts,360,0.0007886395072558021,0.00303953414262248,0.0187866917714849,0.525,0.475,long,0.525,0.007855775851521848
short_posts,523,0.0006821140324275712,0.0025575228149385953,0.01927914222608141,0.5009560229445507,0.49904397705544934,long,0.5009560229445507,0.007814612195816611
exclamation_heavy&china_streak_3d,68,0.0018829409293143178,0.00026907150191241014,0.0212392559794644,0.5,0.5,long,0.5,0.007763564338361609
posts_very_high&short_posts,159,0.0011108348790519879,0.0035086515982767352,0.019005743891124072,0.5534591194968553,0.44654088050314467,long,0.5534591194968553,0.007752354388268176
pre_relief&has_exclamation,43,0.0019517825452019509,0.006451667607508149,0.021622639489636174,0.6046511627906976,0.3953488372093023,long,0.6046511627906976,0.0077387452413291745
pre_relief,43,0.0019517825452019509,0.006451667607508149,0.021622639489636174,0.6046511627906976,0.3953488372093023,long,0.6046511627906976,0.0077387452413291745
has_relief&pre_relief,43,0.0019517825452019509,0.006451667607508149,0.021622639489636174,0.6046511627906976,0.3953488372093023,long,0.6046511627906976,0.0077387452413291745
deal_heavy&volume_spike,51,0.0017766661451421191,0.003609984566780966,0.02139665420859556,0.6078431372549019,0.39215686274509803,long,0.6078431372549019,0.007712273678928913
pre_action&has_exclamation,83,-0.0017079171675307696,0.0025705480831819116,0.02123928500692569,0.5060240963855421,0.4939759036144578,short,0.4939759036144578,0.00768619882472582
positive_heavy&has_china,248,0.0009577063058467228,0.002611440157885614,0.018029948902345445,0.5080645161290323,0.49193548387096775,long,0.5080645161290323,0.007662615815699277
has_relief&has_night_post,90,0.001393786682702241,0.006099395412303199,0.022650116446512273,0.5777777777777777,0.4222222222222222,long,0.5777777777777777,0.007639736848899115
brag_heavy&has_night_post,37,0.0020968833121986032,0.003609984566780966,0.01553220488466819,0.5945945945945946,0.40540540540540543,long,0.5945945945945946,0.007583960846504982
has_night_post&deal_over_tariff,277,0.0008779587625085809,0.0030865734445064685,0.018942556982087067,0.516245487364621,0.48375451263537905,long,0.516245487364621,0.007543454421466778
posts_low&exclamation_heavy,29,-0.002698565001441603,-0.003012104792637249,0.018024353293655117,0.4827586206896552,0.5172413793103449,short,0.5172413793103449,0.007516664108031823
positive_heavy&short_posts,274,0.000857096831846218,0.0029986727926765155,0.019374854360666455,0.5218978102189781,0.4781021897810219,long,0.5218978102189781,0.007404413191054879
has_positive&pre_action,80,-0.0016823045055601338,0.00260804009057769,0.021543586265200858,0.5125,0.4875,short,0.4875,0.007335407104908933
has_uppercase_phrase&exclamation_heavy,273,0.0008383371076530761,0.0029761406067201346,0.020245854287736346,0.5238095238095238,0.47619047619047616,long,0.5238095238095238,0.007255601198696871
has_night_post&china_streak_3d,69,0.0016709585952415285,0.002577348217797759,0.02074440868541687,0.5217391304347826,0.4782608695652174,long,0.5217391304347826,0.007241751934529398
has_deal&brag_heavy,23,0.0024792710389626303,0.003609984566780966,0.014551931472722261,0.6086956521739131,0.391304347826087,long,0.6086956521739131,0.007237492471691549
posts_high&tariff_only,29,0.0024209905701847445,0.006734011887692182,0.0172749181408668,0.5517241379310345,0.4482758620689655,long,0.5517241379310345,0.007193066602462556
pre_deal&volume_spike,45,0.0017788217253446137,0.0036629998570292255,0.01983876546559665,0.6,0.4,long,0.6,0.00715961933590323
has_deal&sig_potus,25,-0.0022143988078347477,-0.004524882618823889,0.021356206274817352,0.36,0.64,short,0.64,0.007086076185071193
has_deal&has_attack,264,0.0008161451422010826,0.003278657870545154,0.019401354348475328,0.5340909090909091,0.4659090909090909,long,0.5340909090909091,0.007082466829839491
pre_deal&has_exclamation,167,0.0010507787833655565,0.0033002748036206064,0.01968132918400825,0.5209580838323353,0.47904191616766467,long,0.5209580838323353,0.0070741182029533355
has_market_brag&pre_action,21,0.002487746985122277,0.007168383714204474,0.024011192643790404,0.6190476190476191,0.38095238095238093,long,0.6190476190476191,0.007057321680946343
posts_low&has_exclamation,110,-0.0013159338039618169,-0.00197799438316959,0.022619803835584772,0.4909090909090909,0.509090909090909,short,0.509090909090909,0.007026284451206919
has_uppercase_phrase&has_exclamation,289,0.0007940806652777068,0.002857085563284567,0.020300808047649062,0.5155709342560554,0.4844290657439446,long,0.5155709342560554,0.006959883478022254
posts_very_high&deal_heavy,80,0.0013811980343315447,0.0035593180825288506,0.020654768214420003,0.5625,0.4375,long,0.5625,0.0069490185640974506
has_positive&has_russia,268,0.0008355741448499416,0.003017001956666099,0.018906701425060974,0.5074626865671642,0.4925373134328358,long,0.5074626865671642,0.006941550771647234
deal_heavy&has_russia,62,0.0015591688393958947,0.0034965484859939,0.0211058466340946,0.5645161290322581,0.43548387096774194,long,0.5645161290322581,0.006930512421630639
has_tariff&exclamation_heavy,129,0.0011046803616984989,0.003436368509785348,0.018486698233817357,0.5503875968992248,0.4496124031007752,long,0.5503875968992248,0.006905579462168685
has_uppercase_phrase&lots_of_excl,266,0.0008152558031703532,0.002907802858589603,0.020458082570750803,0.518796992481203,0.48120300751879697,long,0.518796992481203,0.006898142584406748
attack_heavy&deal_over_tariff,145,0.0010498595663815265,0.0035086515982767352,0.018599106542767495,0.5448275862068965,0.45517241379310347,long,0.5448275862068965,0.006887701226066266
has_night_post&deal_only,238,0.0008757530460079646,0.0029986727926765155,0.019012519615973004,0.5084033613445378,0.49159663865546216,long,0.5084033613445378,0.0068687632625476025
sig_potus&lots_of_excl,56,-0.0015104312596003458,-0.0041421419166491336,0.019768661350877723,0.39285714285714285,0.6071428571428571,short,0.6071428571428571,0.00686255548249031
has_positive&pre_tariff,60,-0.00154675423132866,-0.00361339818617884,0.019331037158632405,0.43333333333333335,0.5666666666666667,short,0.5666666666666667,0.006789293829093322
has_relief&exclamation_heavy,91,0.001230469437328272,0.005747123217098249,0.022577747141575687,0.5714285714285714,0.42857142857142855,long,0.5714285714285714,0.006707388756645086
has_relief&has_positive,91,0.001230469437328272,0.005747123217098249,0.022577747141575687,0.5714285714285714,0.42857142857142855,long,0.5714285714285714,0.006707388756645086
attack_heavy&brag_heavy,26,0.0022780026458804445,0.0034605542443258974,0.016824485408485423,0.5769230769230769,0.4230769230769231,long,0.5769230769230769,0.006701296121169449
exclamation_heavy&tariff_only,46,0.0017439336614840193,0.0037645705211473146,0.015678361098527473,0.5652173913043478,0.43478260869565216,long,0.5652173913043478,0.006685353751792976
short_posts&deal_only,143,0.001037124844648045,0.0031249295043875858,0.017961297421378145,0.5314685314685315,0.46853146853146854,long,0.5314685314685315,0.006591383971847474
has_action&has_russia,76,0.001429167848635491,0.0031436322642954817,0.02197320894088174,0.5263157894736842,0.47368421052631576,long,0.5263157894736842,0.006557471816378462
posts_high&deal_over_tariff,194,0.0008735679101994033,0.0033222983146284912,0.019175216394763044,0.5360824742268041,0.4639175257731959,long,0.5360824742268041,0.006522726165636815
has_deal&has_night_post,318,0.0007134862925650487,0.00303953414262248,0.019195146468443752,0.5125786163522013,0.48742138364779874,long,0.5125786163522013,0.006521682896708636
short_posts&volume_spike,100,-0.0014037407681849567,0.0029986727926765155,0.026209436832714157,0.54,0.46,short,0.46,0.006457207533650802
has_relief&volume_spike,28,-0.00243179274271822,9.317372248240918e-05,0.023584196824927257,0.5,0.5,short,0.5,0.006433918837284088
pre_tariff&lots_of_excl,58,-0.0014842735216174653,-0.00361339818617884,0.0195813404922599,0.43103448275862066,0.5689655172413793,short,0.5689655172413793,0.006431523829887013
positive_heavy&pre_tariff,51,-0.0015815809773892214,-0.003802196051274298,0.020312260997918736,0.43137254901960786,0.5686274509803921,short,0.5686274509803921,0.0064225033973554745
has_action&pre_deal,55,0.0014767165823535038,0.0035086515982767352,0.021180197708755573,0.5818181818181818,0.41818181818181815,long,0.5818181818181818,0.006371853547007496
sig_potus&has_exclamation,62,-0.0012852260670843162,-0.005551860126990327,0.020344563313441325,0.3709677419354839,0.6290322580645161,short,0.6290322580645161,0.006365731076002876
sig_potus,62,-0.0012852260670843162,-0.005551860126990327,0.020344563313441325,0.3709677419354839,0.6290322580645161,short,0.6290322580645161,0.006365731076002876
has_russia&pre_tariff,30,-0.0020469797730932825,-0.00361339818617884,0.022575585390360614,0.43333333333333335,0.5666666666666667,short,0.5666666666666667,0.006353336313386651
has_positive&has_uppercase_phrase,281,0.0007324197933694848,0.002857085563284567,0.02047613220445831,0.5160142348754448,0.48398576512455516,long,0.5160142348754448,0.0063354127563575256
has_deal&uppercase_phrase_heavy,30,-0.002297211295612389,-0.0003273713528235689,0.022894000532258953,0.5,0.5,short,0.5,0.0062911722298128695
has_uppercase_phrase&volume_drop,32,0.0018681346360638167,0.0036364922119050958,0.021341595604804923,0.59375,0.40625,long,0.59375,0.006274610679318393
deal_heavy&has_uppercase_phrase,67,0.0013503531795731564,0.0034844453737110648,0.019684173093304155,0.5671641791044776,0.43283582089552236,long,0.5671641791044776,0.006268932110062457
has_deal&volume_spike,84,0.001232635295164211,0.00307694718299123,0.019118027814563263,0.5476190476190477,0.4523809523809524,long,0.5476190476190477,0.006186610691446538
has_attack&deal_over_tariff,231,0.0007589367442719206,0.003289533848310544,0.018966019840095587,0.5324675324675324,0.4675324675324675,long,0.5324675324675324,0.006141927722309794
has_deal&has_all_caps,96,0.0011350206580271517,0.0034782606488512613,0.019943167281735126,0.5520833333333334,0.4479166666666667,long,0.5520833333333334,0.006139655723469984
has_iran&deal_only,60,-0.00151316221515471,-0.0033802069062404128,0.017688238435972968,0.48333333333333334,0.5166666666666667,short,0.5166666666666667,0.0060558004613846675
has_iran&exclamation_heavy,115,-0.0010463276805580163,-0.0033002748036206064,0.01962253533298811,0.4608695652173913,0.5391304347826087,short,0.5391304347826087,0.006049374677314768
deal_over_tariff&volume_spike,67,0.0012993500902121803,0.003311123921870829,0.019266586931281467,0.5671641791044776,0.43283582089552236,long,0.5671641791044776,0.006032153384730411
posts_very_high&open_deal,47,-0.0016489052379546922,-0.003424600321083382,0.02112465762068457,0.46808510638297873,0.5319148936170213,short,0.5319148936170213,0.006012938712877374
has_uppercase_phrase&short_posts,158,-0.0009907171369473989,0.0026352058116181354,0.019208409345829888,0.5189873417721519,0.4810126582278481,short,0.4810126582278481,0.0059901089849073285
has_uppercase_phrase,291,0.0006833220925663211,0.0026455320979734687,0.02028590019208953,0.5120274914089347,0.4879725085910653,long,0.5120274914089347,0.005968500520755933
attack_heavy&pre_action,47,0.0014899504034119751,0.004987671523411175,0.01976764936343412,0.574468085106383,0.425531914893617,long,0.574468085106383,0.005867953279001253
attack_heavy&deal_only,118,0.0009924693087052577,0.0034965484859939,0.01800091128104248,0.5423728813559322,0.4576271186440678,long,0.5423728813559322,0.005847309149677796
short_posts&deal_over_tariff,159,0.000867126971503086,0.003267781892779764,0.018345415653580614,0.5345911949685535,0.46540880503144655,long,0.5345911949685535,0.0058452495680407016
uppercase_phrase_heavy&deal_over_tariff,27,-0.0021687487185468456,-0.0033002748036206064,0.023662014802656374,0.48148148148148145,0.5185185185185185,short,0.5185185185185185,0.005843262396802494
open_deal&has_uppercase_phrase,38,-0.0018912260570788507,-0.0002242298571816237,0.022744070063126377,0.5,0.5,short,0.5,0.005829150194518335
has_relief&lots_of_excl,89,0.0010995195695903302,0.004987671523411175,0.022814729149616506,0.5617977528089888,0.43820224719101125,long,0.5617977528089888,0.005827442063956276
has_attack&has_iran,88,-0.0012117789563240078,-0.0023308418080046356,0.018303717889913865,0.48863636363636365,0.5113636363636364,short,0.5113636363636364,0.005812923184940979
deal_only&volume_spike,52,0.0014296306706466728,0.0031736985774613036,0.017670818476647827,0.5576923076923077,0.4423076923076923,long,0.5576923076923077,0.005749368998145536
has_market_brag&brag_heavy,42,0.0015517468474709763,0.0034605542443258974,0.015548337383392303,0.5714285714285714,0.42857142857142855,long,0.5714285714285714,0.005746553684589286
brag_heavy&exclamation_heavy,42,0.0015517468474709763,0.0034605542443258974,0.015548337383392303,0.5714285714285714,0.42857142857142855,long,0.5714285714285714,0.005746553684589286
brag_heavy&has_exclamation,42,0.0015517468474709763,0.0034605542443258974,0.015548337383392303,0.5714285714285714,0.42857142857142855,long,0.5714285714285714,0.005746553684589286
brag_heavy,42,0.0015517468474709763,0.0034605542443258974,0.015548337383392303,0.5714285714285714,0.42857142857142855,long,0.5714285714285714,0.005746553684589286
attack_heavy&china_streak_3d,32,0.0020088566787227063,0.0002724715692203339,0.02114864085862405,0.5,0.5,long,0.5,0.0056819047198268455
lots_of_excl&china_streak_3d,65,0.0013781796549996125,0.0025705480831819116,0.02055610049834487,0.5076923076923077,0.49230769230769234,long,0.5076923076923077,0.005641090874896085
has_relief&positive_heavy,85,0.0010801719234328796,0.006451667607508149,0.023204411580248448,0.5647058823529412,0.43529411764705883,long,0.5647058823529412,0.005623732556955672
deal_heavy&attack_heavy,81,0.0010878733474431832,0.0035086515982767352,0.01871051370868085,0.5679012345679012,0.43209876543209874,long,0.5679012345679012,0.005560241553598491
posts_very_high&has_china,142,0.000972653328845268,-0.003005074183690115,0.019155540167823865,0.4788732394366197,0.5211267605633803,long,0.4788732394366197,0.005550381283234743
has_attack&brag_heavy,34,0.0017011625858987587,0.0034605542443258974,0.01637930708582935,0.5588235294117647,0.4411764705882353,long,0.5588235294117647,0.005543192555001167
attack_heavy&uppercase_phrase_heavy,38,-0.0017063053274425628,-0.0033565936317988543,0.020893120190294198,0.47368421052631576,0.5263157894736842,short,0.5263157894736842,0.005535985502014472
posts_high&pre_tariff,41,-0.0014683506087231034,-0.003906393697530208,0.0213683548594651,0.4146341463414634,0.5853658536585366,short,0.5853658536585366,0.005503628120057081
brag_heavy&lots_of_excl,41,0.0015128999521050585,0.003609984566780966,0.015739428176506413,0.5609756097560976,0.43902439024390244,long,0.5609756097560976,0.0054343313682707955
has_russia&exclamation_heavy,271,0.0006376995213717713,0.003057863306612063,0.01907290426181846,0.5092250922509225,0.4907749077490775,long,0.5092250922509225,0.005345773231689111
has_tariff&volume_spike,42,0.00155643282549109,0.0028707815786719326,0.02177254833836705,0.5238095238095238,0.47619047619047616,long,0.5238095238095238,0.005283581577213262
has_iran&pre_deal,39,-0.0017270093685596828,0.0033002748036206064,0.01667413184393583,0.5128205128205128,0.48717948717948717,short,0.48717948717948717,0.005254313614039475
has_attack&pre_action,59,0.001181673080956982,0.003311123921870829,0.019798871742416277,0.576271186440678,0.423728813559322,long,0.576271186440678,0.00523058487253491
posts_high&deal_only,159,0.0007808670846491733,0.0033333939468540574,0.019082675469047704,0.5283018867924528,0.4716981132075472,long,0.5283018867924528,0.005201850189615501
has_china&has_russia,115,0.000976218949406919,-0.0020161515180356915,0.020126801755600776,0.4956521739130435,0.5043478260869565,long,0.4956521739130435,0.00518887452603838
pre_relief&has_uppercase_phrase,22,-0.002433216792232664,0.004135310713580309,0.022459910184131345,0.5454545454545454,0.45454545454545453,short,0.45454545454545453,0.005187635631525044
has_relief&has_attack,78,0.001061195779175067,0.004874820676147529,0.024192231499035724,0.5512820512820513,0.44871794871794873,long,0.5512820512820513,0.005166740720811767
deal_heavy&has_all_caps,52,0.0012338315636690382,0.005110190896541633,0.020710754603128628,0.5769230769230769,0.4230769230769231,long,0.5769230769230769,0.005133049578570725
has_action&has_uppercase_phrase,95,-0.001134234065362685,0.0029761406067201346,0.022358662811047217,0.5368421052631579,0.4631578947368421,short,0.4631578947368421,0.00512027822794247
pre_relief&has_night_post,41,0.0013065856233310234,0.006451667607508149,0.020993115486465482,0.6097560975609756,0.3902439024390244,long,0.6097560975609756,0.0051013598006293785
deal_heavy&pre_tariff,22,-0.0018296360063778459,-0.0033734522371976494,0.025155798455877548,0.4090909090909091,0.5909090909090909,short,0.5909090909090909,0.005071036193987075
all_caps_heavy&short_posts,24,-0.002464401956641382,0.007124844479488579,0.022124835301781703,0.5833333333333334,0.4166666666666667,short,0.4166666666666667,0.0050304394290732165
positive_heavy&has_uppercase_phrase,229,0.0006561283485529886,0.002577348217797759,0.020999185616054475,0.5065502183406113,0.49344978165938863,long,0.5065502183406113,0.005029549077312465
attack_heavy&sig_potus,33,0.0020466602696956712,-0.003424600321083382,0.02439319555672473,0.42424242424242425,0.5757575757575758,long,0.42424242424242425,0.004987889512007904
has_all_caps&uppercase_phrase_heavy,42,-0.0016081539330231572,0.0028108363523468016,0.02241015011986298,0.5238095238095238,0.47619047619047616,short,0.47619047619047616,0.004962870782403735
has_iran&has_russia,58,-0.0011780016459025683,-0.0033565936317988543,0.018914730881469208,0.4482758620689655,0.5517241379310345,short,0.5517241379310345,0.004949734208843145
has_night_post&sig_potus,61,-0.001010384830212821,-0.004524882618823889,0.02039701491196997,0.3770491803278688,0.6229508196721312,short,0.6229508196721312,0.004915927805295181
has_china&uppercase_phrase_heavy,38,-0.0015900159610132954,-0.0003273713528235689,0.02196955492132115,0.5,0.5,short,0.5,0.004900758327507266
has_deal&volume_drop,33,0.0015546687056811866,0.0034130914839203275,0.022756299614808035,0.5454545454545454,0.45454545454545453,long,0.5454545454545454,0.004871395513307873
posts_low&has_uppercase_phrase,22,-0.0016221294043505404,-0.005111794606091236,0.01972957222338586,0.36363636363636365,0.6363636363636364,short,0.6363636363636364,0.0048417481144064885
posts_very_high&pre_tariff,31,-0.0014846211745256246,-0.003906393697530208,0.023920167519358083,0.41935483870967744,0.5806451612903226,short,0.5806451612903226,0.004799625020028362
deal_heavy&pre_action,27,0.0014669676447534525,0.006689085249990345,0.02348154720169732,0.6296296296296297,0.37037037037037035,long,0.6296296296296297,0.004799406932681637
positive_heavy&deal_over_tariff,242,0.0006004269566288566,0.003072218375559266,0.01880200493907649,0.512396694214876,0.48760330578512395,long,0.512396694214876,0.004786016418844884
has_china&open_deal,44,-0.0014331635487305685,-0.00017308177329589114,0.021237876939555905,0.5,0.5,short,0.5,0.004753265754353523
has_action&has_all_caps,57,0.0011178009312130884,0.0035840436296992184,0.021330032704487262,0.5614035087719298,0.43859649122807015,long,0.5614035087719298,0.0047378032068773526
has_deal&pre_action,49,0.00114086733471843,0.005952493545198889,0.020717396145266125,0.5918367346938775,0.40816326530612246,long,0.5918367346938775,0.004726450386690638
posts_very_high&all_caps_heavy,22,-0.0024586755290841966,0.007124844479488579,0.02025783814682044,0.5909090909090909,0.4090909090909091,short,0.4090909090909091,0.004717722456780843
has_russia&has_exclamation,275,0.00056123710947418,0.0029761406067201346,0.018980777732055212,0.5054545454545455,0.49454545454545457,long,0.5054545454545455,0.004704298083025031
positive_heavy&tariff_only,40,0.0013491441324116782,0.0035296736981140775,0.01603217770311388,0.55,0.45,long,0.55,0.004693005185299971
attack_heavy&pre_deal,92,0.0008975942039543284,0.0035658894745626,0.02031989014320741,0.5434782608695652,0.45652173913043476,long,0.5434782608695652,0.0046790332374640805
posts_high&uppercase_phrase_heavy,48,-0.0012961950265163679,-0.0033565936317988543,0.022073228360597007,0.4791666666666667,0.5208333333333334,short,0.5208333333333334,0.0046772409217592445
has_tariff&has_russia,62,0.0010198142224068338,0.0036430636039388453,0.021372795987623424,0.5806451612903226,0.41935483870967744,long,0.5806451612903226,0.004662595287441663
has_russia&sig_potus,37,-0.0011815814695106848,-0.006802785414930845,0.023212899784607968,0.35135135135135137,0.6486486486486487,short,0.6486486486486487,0.004662019128151979
has_deal&attack_heavy,168,0.0006708986617548412,0.003322258934362443,0.01909273201736518,0.5357142857142857,0.4642857142857143,long,0.5357142857142857,0.0046584859947235375
sig_potus&exclamation_heavy,60,-0.0009751383447068478,-0.005551860126990327,0.02056727125560529,0.38333333333333336,0.6166666666666667,short,0.6166666666666667,0.004657923302134063
has_action&volume_spike,58,0.0010722812543396667,0.0035593180825288506,0.025167025901539953,0.5689655172413793,0.43103448275862066,long,0.5689655172413793,0.004646315075479789
posts_high&has_uppercase_phrase,200,0.0006423920924792337,0.0026011138715302806,0.018867200625069802,0.51,0.49,long,0.51,0.004633246008681356
has_deal&has_russia,138,0.000743992765383664,0.003110480281878991,0.020357135303125582,0.5289855072463768,0.47101449275362317,long,0.5289855072463768,0.00462329951270177
has_exclamation&tariff_only,50,-0.0013612401506185035,0.00323483373231781,0.020179998352924878,0.52,0.48,short,0.48,0.004620202278363557
has_tariff&tariff_only,50,-0.0013612401506185035,0.00323483373231781,0.020179998352924878,0.52,0.48,short,0.48,0.004620202278363557
tariff_only,50,-0.0013612401506185035,0.00323483373231781,0.020179998352924878,0.52,0.48,short,0.48,0.004620202278363557
has_relief&attack_heavy,52,0.0011417107717404673,0.005860841705551678,0.022647526593009757,0.5576923076923077,0.4423076923076923,long,0.5576923076923077,0.004591477121097489
has_relief&has_russia,41,-0.0014661901055907625,0.0035086515982767352,0.021871462508874156,0.5121951219512195,0.4878048780487805,short,0.4878048780487805,0.004579608488679238
posts_high&china_streak_3d,47,0.0012895025736726605,0.0025705480831819116,0.021742508667266878,0.5106382978723404,0.48936170212765956,long,0.5106382978723404,0.004514238766686618
pre_tariff&exclamation_heavy,58,-0.0010649593866507165,-0.0033734522371976494,0.01948050386782772,0.4482758620689655,0.5517241379310345,short,0.5517241379310345,0.0044747525824506765
all_caps_heavy&has_uppercase_phrase,27,-0.0021091015463246604,0.006557381936054041,0.02139321878261726,0.5925925925925926,0.4074074074074074,short,0.4074074074074074,0.0044648646002355945
posts_low&short_posts,119,-0.0007133925697902765,-0.0030302421617917075,0.021471463410477065,0.42857142857142855,0.5714285714285714,short,0.5714285714285714,0.00444696809632131
has_russia,276,0.000527514172927168,0.0028108363523468016,0.01895451735405814,0.5036231884057971,0.4963768115942029,long,0.5036231884057971,0.004413614438725641
posts_very_high&china_streak_3d,27,0.0018885459353980253,-0.002709873563759624,0.024849402371646002,0.4444444444444444,0.5555555555555556,long,0.4444444444444444,0.004361410016716093
has_relief&has_market_brag,21,0.0019874845890070782,-0.002610817987777403,0.024145674419199546,0.47619047619047616,0.5238095238095238,long,0.47619047619047616,0.00433704693889673
has_russia&lots_of_excl,256,0.0005317257822766122,0.003017001956666099,0.019204986861676123,0.5078125,0.4921875,long,0.5078125,0.004320271980997475
posts_very_high&uppercase_phrase_heavy,42,-0.0012718805979383156,-0.0033922687053621337,0.022235467683495467,0.47619047619047616,0.5238095238095238,short,0.5238095238095238,0.004317619614300754
positive_heavy&has_russia,214,0.0005857931279275658,3.740476370572843e-05,0.019732009799039888,0.5,0.5,long,0.5,0.004284707340869752
positive_heavy&china_streak_3d,60,0.0011045446499959033,-8.724369005008725e-08,0.02077595311833952,0.5,0.5,long,0.5,0.004277883034576634
pre_deal&sig_potus,20,-0.0014660817335844512,-0.005801216641322937,0.022143894218127666,0.35,0.65,short,0.65,0.00426173594192524
has_russia&deal_only,95,0.0008380331948846219,0.003057863306612063,0.01890457994032152,0.5157894736842106,0.4842105263157895,long,0.5157894736842106,0.004213039189773868
has_china&china_streak_3d,40,-0.0013306606993878727,-8.724369005008725e-08,0.017667977863008815,0.5,0.5,short,0.5,0.0042079186029383014
has_china&pre_tariff,37,-0.0011963834552444327,-0.003424600321083382,0.02159500278186,0.43243243243243246,0.5675675675675675,short,0.5675675675675675,0.004130368797892449
has_tariff&attack_heavy,74,0.000906587285974077,0.0032035774906206127,0.020390367197151104,0.527027027027027,0.47297297297297297,long,0.527027027027027,0.004110156621076509
pre_action&deal_over_tariff,43,0.0010763664923295303,0.005952493545198889,0.021420245556470284,0.5813953488372093,0.4186046511627907,long,0.5813953488372093,0.004103608780854346
posts_very_high&has_tariff,66,0.0009439632391097595,0.0033737462158280884,0.02135693842114476,0.5303030303030303,0.4696969696969697,long,0.5303030303030303,0.004066784488609524
positive_heavy&deal_only,201,0.0005679308750511789,0.0029761406067201346,0.0188067715732542,0.5024875621890548,0.4975124378109453,long,0.5024875621890548,0.004045934283563673
has_uppercase_phrase&volume_spike,81,0.0008443336423728322,0.0029761406067201346,0.02427679822957369,0.5308641975308642,0.4691358024691358,long,0.5308641975308642,0.004034038513559087
pre_action&has_all_caps,29,-0.001511291375374669,0.0026455320979734687,0.02312787555783282,0.5172413793103449,0.4827586206896552,short,0.4827586206896552,0.003928956682479654
posts_low&has_positive,73,0.0009033566334665354,0.0030768618476229026,0.021470708911486724,0.5068493150684932,0.4931506849315068,long,0.5068493150684932,0.003912006178201836
has_iran,118,-0.0006618735773749504,-0.0033565936317988543,0.020173026590207227,0.4576271186440678,0.5423728813559322,short,0.5423728813559322,0.0038995456997692243
has_iran&has_exclamation,118,-0.0006618735773749504,-0.0033565936317988543,0.020173026590207227,0.4576271186440678,0.5423728813559322,short,0.5423728813559322,0.0038995456997692243
has_night_post&tariff_only,44,0.0010320081076749684,0.0037645705211473146,0.016123927571878804,0.5681818181818182,0.4318181818181818,long,0.5681818181818182,0.003889526902002915
has_positive&high_emotion,24,0.0015848915993377,-0.00021400438248675435,0.018084870828613535,0.5,0.5,long,0.5,0.0038821757160009225
has_all_caps&short_posts,125,0.0006368317941195327,0.0036495099729938474,0.018722945827997932,0.544,0.456,long,0.544,0.0038732777747256396
posts_high&has_action,140,0.0006261139385269946,0.0028108363523468016,0.019698492892879307,0.5214285714285715,0.4785714285714286,long,0.5214285714285715,0.0038628888713637044
has_attack&deal_only,195,0.0005253693093741105,0.0031249295043875858,0.01896428678664461,0.5230769230769231,0.47692307692307695,long,0.5230769230769231,0.003837492723427575
has_russia&deal_over_tariff,118,0.000676860571649965,0.0030913964054998244,0.019449094211300685,0.5169491525423728,0.4830508474576271,long,0.5169491525423728,0.003800914038914354
has_deal&positive_heavy,278,0.0004401329089090156,0.0029986727926765155,0.019236516994138076,0.5071942446043165,0.49280575539568344,long,0.5071942446043165,0.003722035892657034
has_tariff&deal_over_tariff,42,0.0009995143139359462,0.0034871012697160753,0.01884210898427125,0.5714285714285714,0.42857142857142855,long,0.5714285714285714,0.003701481767409084
pre_relief&exclamation_heavy,42,0.0009548078073867387,0.005719669565459662,0.020860471041536655,0.5952380952380952,0.40476190476190477,long,0.5952380952380952,0.0036832510812433395
positive_heavy&pre_relief,42,0.0009548078073867387,0.005719669565459662,0.020860471041536655,0.5952380952380952,0.40476190476190477,long,0.5952380952380952,0.0036832510812433395
has_positive&pre_relief,42,0.0009548078073867387,0.005719669565459662,0.020860471041536655,0.5952380952380952,0.40476190476190477,long,0.5952380952380952,0.0036832510812433395
pre_relief&lots_of_excl,42,0.0009548078073867387,0.005719669565459662,0.020860471041536655,0.5952380952380952,0.40476190476190477,long,0.5952380952380952,0.0036832510812433395
has_exclamation&volume_spike,149,0.0005736038354501503,0.0029761406067201346,0.024649664329769137,0.5234899328859061,0.47651006711409394,long,0.5234899328859061,0.0036653336595167314
lots_of_excl&volume_spike,132,0.0006082654306027513,0.002916613085002351,0.02274825876608547,0.5151515151515151,0.48484848484848486,long,0.5151515151515151,0.003600104292179145
has_deal&short_posts,168,0.0005182026323318661,0.003110480281878991,0.018847933645551235,0.5357142857142857,0.4642857142857143,long,0.5357142857142857,0.0035982180957591526
deal_heavy&has_iran,44,-0.0011287760897779457,0.0032949043259655753,0.02001130492730059,0.5227272727272727,0.4772727272727273,short,0.4772727272727273,0.0035735573638398777
has_iran&lots_of_excl,111,-0.0006213242968472207,-0.003412912459977102,0.020594961522263318,0.4594594594594595,0.5405405405405406,short,0.5405405405405406,0.0035384095458470322
has_deal&pre_tariff,41,-0.0009412901783589778,-0.003802196051274298,0.020457810544559963,0.4146341463414634,0.5853658536585366,short,0.5853658536585366,0.0035281158763948444
has_china&pre_relief,20,0.0013142049984413372,0.005860841705551678,0.025522579615595602,0.6,0.4,long,0.6,0.0035263820554618025
has_action&deal_over_tariff,91,0.0006964691396471478,0.003311123921870829,0.019643307943131887,0.5274725274725275,0.4725274725274725,long,0.5274725274725275,0.0035044705840169533
posts_high&has_deal,226,0.00044204752791235494,0.0033003288850906864,0.019272248707987133,0.5265486725663717,0.47345132743362833,long,0.5265486725663717,0.0034991431351840126
has_all_caps&all_caps_heavy,28,-0.0016655877131100752,0.007124844479488579,0.02112408111016216,0.6071428571428571,0.39285714285714285,short,0.39285714285714285,0.0034624314022996144
has_night_post&all_caps_heavy,28,-0.0016655877131100752,0.007124844479488579,0.02112408111016216,0.6071428571428571,0.39285714285714285,short,0.39285714285714285,0.0034624314022996144
has_positive&all_caps_heavy,28,-0.0016655877131100752,0.007124844479488579,0.02112408111016216,0.6071428571428571,0.39285714285714285,short,0.39285714285714285,0.0034624314022996144
all_caps_heavy&has_exclamation,28,-0.0016655877131100752,0.007124844479488579,0.02112408111016216,0.6071428571428571,0.39285714285714285,short,0.39285714285714285,0.0034624314022996144
all_caps_heavy&exclamation_heavy,28,-0.0016655877131100752,0.007124844479488579,0.02112408111016216,0.6071428571428571,0.39285714285714285,short,0.39285714285714285,0.0034624314022996144
all_caps_heavy,28,-0.0016655877131100752,0.007124844479488579,0.02112408111016216,0.6071428571428571,0.39285714285714285,short,0.39285714285714285,0.0034624314022996144
all_caps_heavy&lots_of_excl,28,-0.0016655877131100752,0.007124844479488579,0.02112408111016216,0.6071428571428571,0.39285714285714285,short,0.39285714285714285,0.0034624314022996144
has_night_post&volume_spike,149,-0.0005772038472130071,0.0027932720968038005,0.024714326737319797,0.5100671140939598,0.4899328859060403,short,0.4899328859060403,0.0034519058588680213
attack_heavy&pre_tariff,34,-0.0009976437389232322,-0.00361339818617884,0.022763778387912395,0.4117647058823529,0.5882352941176471,short,0.5882352941176471,0.0034218897940323364
has_attack&pre_relief,36,0.0009652734021562908,0.005860841705551678,0.022251025287336506,0.5833333333333334,0.4166666666666667,long,0.5833333333333334,0.0033784569075470177
has_attack&tariff_only,40,0.001012315920215598,0.003671265332818585,0.016003466635562354,0.525,0.475,long,0.525,0.0033612852205071103
positive_heavy&has_iran,92,-0.0006574411021084861,-0.0032842109727187485,0.020230442047027185,0.4673913043478261,0.532608695652174,short,0.532608695652174,0.0033586056814881166
deal_heavy&uppercase_phrase_heavy,23,-0.0014544440214981236,0.0029761406067201346,0.024123907571628942,0.5217391304347826,0.4782608695652174,short,0.4782608695652174,0.0033359979721364636
sig_potus&short_posts,30,-0.0010652180012427107,-0.0033107789827603873,0.023088460450443396,0.43333333333333335,0.5666666666666667,short,0.5666666666666667,0.0033061822583334596
has_russia&has_uppercase_phrase,114,0.0006120586636620211,1.735705509803287e-05,0.020929197690590567,0.5,0.5,long,0.5,0.0032674991233765565
has_tariff&has_night_post,124,0.0005150626840603915,0.003311163302136877,0.01854515859877584,0.5403225806451613,0.4596774193548387,long,0.5403225806451613,0.0030990176292684957
has_tariff&has_uppercase_phrase,58,0.0007613326888849928,0.0031722114383605504,0.021849512003800472,0.5344827586206896,0.46551724137931033,long,0.5344827586206896,0.00309900426750667
has_tariff&positive_heavy,117,0.0005313556246827905,0.003311123921870829,0.018986414318756382,0.5299145299145299,0.4700854700854701,long,0.5299145299145299,0.0030456783825282053
has_relief&deal_only,37,0.0009454322540642214,0.0035086515982767352,0.022814587215162756,0.5135135135135135,0.4864864864864865,long,0.5135135135135135,0.0029531339975456057
pre_deal&open_deal,29,-0.001055461865020066,-0.003322304153311917,0.02035412400156169,0.4827586206896552,0.5172413793103449,short,0.5172413793103449,0.0029399152193682453
has_uppercase_phrase&deal_only,99,-0.0005504460670902202,-0.003484262607103661,0.01766147462840611,0.46464646464646464,0.5353535353535354,short,0.5353535353535354,0.0029320612972378174
has_action&china_streak_3d,20,0.0011905497541743414,0.0025739481504898354,0.022516182553481118,0.55,0.45,long,0.55,0.002928365199022441
posts_high&pre_deal,113,0.0005182743837593256,0.003311123921870829,0.020358299746757392,0.5309734513274337,0.4690265486725664,long,0.5309734513274337,0.00292530917010628
has_all_caps&deal_over_tariff,85,0.0005936648602080313,0.003311123921870829,0.02043597084996902,0.5294117647058824,0.47058823529411764,long,0.5294117647058824,0.0028976397731049768
has_tariff&has_deal,84,0.000586854170156059,0.003311123921870829,0.01989150869190954,0.5357142857142857,0.4642857142857143,long,0.5357142857142857,0.0028813967749721087
has_china&pre_action,44,0.0007331301867237562,0.004149397722641002,0.02038380549666594,0.5909090909090909,0.4090909090909091,long,0.5909090909090909,0.0028736118885451466
has_deal&lots_of_excl,319,0.00031039406517291754,0.003057863306612063,0.019013931353662222,0.5141065830721003,0.48589341692789967,long,0.5141065830721003,0.002850111925581542
exclamation_heavy&volume_spike,132,0.00047134578958984394,0.002916613085002351,0.022176918046630065,0.5227272727272727,0.4772727272727273,long,0.5227272727272727,0.0028307515717753717
has_attack&has_russia,239,0.0003602788219858632,0.0026455320979734687,0.019468647354386207,0.502092050209205,0.497907949790795,long,0.502092050209205,0.002796539961561516
has_deal&has_action,104,0.0005183240084993812,0.0033056993627457176,0.02039533134534894,0.5288461538461539,0.47115384615384615,long,0.5288461538461539,0.002795421785646322
has_all_caps&volume_spike,48,0.0006915945456330378,0.0034762668526698848,0.020718269499243123,0.5833333333333334,0.4166666666666667,long,0.5833333333333334,0.002795046079639179
high_emotion&short_posts,61,-0.0006060607920559785,-0.003883495145631022,0.02267670892598886,0.4098360655737705,0.5901639344262295,short,0.5901639344262295,0.0027935327831222576
has_exclamation&short_posts,467,0.00025270315416765397,0.002577348217797759,0.018605281910666474,0.5032119914346895,0.49678800856531047,long,0.5032119914346895,0.002748021237038754
has_positive&sig_potus,59,-0.0005800230149630545,-0.0037594012144743782,0.020591534209206844,0.3898305084745763,0.6101694915254238,short,0.6101694915254238,0.0027184523278267502
high_emotion,71,0.0007129061242575212,-0.0030396894700264188,0.02183927310854569,0.4507042253521127,0.5492957746478874,long,0.4507042253521127,0.0027074045193052616
has_deal&pre_relief,26,-0.001107514644842301,0.003540041534474625,0.024613848860558007,0.5384615384615384,0.46153846153846156,short,0.46153846153846156,0.0026064179010649273
has_deal&has_relief,51,-0.0007428563047386491,0.0035086515982767352,0.024864211840047237,0.5098039215686274,0.49019607843137253,short,0.49019607843137253,0.002600517222050431
posts_very_high&pre_deal,77,0.0005725509137990357,0.0026455320979734687,0.02139208876425005,0.5064935064935064,0.4935064935064935,long,0.5064935064935064,0.0025446810553721925
positive_heavy&all_caps_heavy,22,-0.0013260409837051708,0.007124844479488579,0.019420869731107203,0.5909090909090909,0.4090909090909091,short,0.4090909090909091,0.0025444159887855673
has_attack&all_caps_heavy,25,0.0007907962428434656,0.007692307022923117,0.01932371481096577,0.64,0.36,long,0.64,0.0025305479770990898
lots_of_excl&tariff_only,46,-0.000779907023148261,0.00323483373231781,0.02025991881722933,0.5217391304347826,0.4782608695652174,short,0.4782608695652174,0.0025298023764622896
has_night_post&short_posts,439,0.0002356487496608722,0.0026455320979734687,0.01923072585237217,0.510250569476082,0.489749430523918,long,0.510250569476082,0.0025193058664909444
posts_high&has_tariff,96,0.0004786833477534505,0.003311123921870829,0.01905254964163606,0.53125,0.46875,long,0.53125,0.0024916261445217785
has_action&has_night_post,182,0.0003545482324221941,0.0028108363523468016,0.02014045219439862,0.5164835164835165,0.4835164835164835,long,0.5164835164835165,0.002470401169059715
lots_of_excl&deal_over_tariff,278,0.00028313845231880925,0.003072218375559266,0.018700739516357767,0.5143884892086331,0.4856115107913669,long,0.5143884892086331,0.0024283567723773053
has_deal&has_positive,329,0.00026313514541030013,0.0030212049786328965,0.018944723971138003,0.5075987841945289,0.49240121580547114,long,0.5075987841945289,0.002422687398139711
has_positive&deal_over_tariff,287,0.0002761509189274896,0.003057863306612063,0.018647372491133827,0.5087108013937283,0.4912891986062718,long,0.5087108013937283,0.0023798983074943673
has_russia&has_night_post,261,0.0002930724130616334,-0.002570722570562012,0.019155462786206907,0.4942528735632184,0.5057471264367817,long,0.4942528735632184,0.00234015377671532
attack_heavy&has_russia,150,0.00036142429992354656,0.0032035774906206127,0.020824292964891414,0.5266666666666666,0.47333333333333333,long,0.5266666666666666,0.002331303470699005
deal_only&volume_drop,28,-0.0008100225361997726,-0.0035275528724025285,0.023747126299201254,0.4642857142857143,0.5357142857142857,short,0.5357142857142857,0.0022961980576525856
pre_tariff&volume_spike,24,-0.0008003642689996399,-0.004215638158177049,0.025124940843262576,0.4166666666666667,0.5833333333333334,short,0.5833333333333334,0.002287231411972237
pre_relief&deal_over_tariff,25,-0.0010189230645035164,0.0035714314706725148,0.025117173232828763,0.56,0.44,short,0.44,0.0022416307419077363
has_action&lots_of_excl,173,0.0003178923566978605,0.0029761406067201346,0.02055377544028289,0.5202312138728323,0.4797687861271676,long,0.5202312138728323,0.002175201749489676
has_china&volume_spike,73,-0.000483075728429073,-0.003322304153311917,0.020876020027370865,0.4794520547945205,0.5205479452054794,short,0.5205479452054794,0.0021485100226419146
posts_low&high_emotion,60,0.0006312953512032093,-0.003107146322314791,0.02209419345708011,0.43333333333333335,0.5666666666666667,long,0.43333333333333335,0.0021189968641817667
deal_heavy&has_china,80,0.0004601294539726311,0.0031328372275153393,0.019593488536986666,0.5125,0.4875,long,0.5125,0.002109205511941961
has_positive&tariff_only,49,-0.0006350245974543387,0.003436368509785348,0.01971794932078465,0.5306122448979592,0.46938775510204084,short,0.46938775510204084,0.0020865093916356842
has_action&has_positive,181,0.00029403794943645814,0.0029761406067201346,0.020534301216550865,0.5193370165745856,0.48066298342541436,long,0.5193370165745856,0.002054432853952012
uppercase_phrase_heavy&volume_spike,23,0.000818447680715006,0.0026455320979734687,0.0310189872914511,0.5217391304347826,0.4782608695652174,long,0.5217391304347826,0.0020478976629679352
has_deal,343,0.0002138962119515816,0.0029585201538946393,0.019154560133954255,0.5043731778425656,0.4956268221574344,long,0.5043731778425656,0.001998030606001181
attack_heavy&has_iran,54,0.0005228415075347285,0.0030733097057975556,0.019201597935092993,0.5185185185185185,0.48148148148148145,long,0.5185185185185185,0.0019921920819229505
has_positive&has_iran,112,-0.00035462186651337137,-0.00298175176813259,0.020514400256967606,0.4732142857142857,0.5267857142857143,short,0.5267857142857143,0.0019770083866905556
positive_heavy&sig_potus,51,-0.0004704332179955192,-0.0035587155083505184,0.020082857465790804,0.4117647058823529,0.5882352941176471,short,0.5882352941176471,0.0019762147980729983
posts_high&all_caps_heavy,26,-0.0009816000328738074,0.007124844479488579,0.019129357103852794,0.6153846153846154,0.38461538461538464,short,0.38461538461538464,0.0019250760469872552
has_deal&deal_over_tariff,301,0.00021943605179931323,0.0029761406067201346,0.01890399467303932,0.5049833887043189,0.4950166112956811,long,0.5049833887043189,0.001922508730850809
deal_over_tariff,301,0.00021943605179931323,0.0029761406067201346,0.01890399467303932,0.5049833887043189,0.4950166112956811,long,0.5049833887043189,0.001922508730850809
pre_tariff&pre_deal,29,-0.0006380766738775388,-0.003322304153311917,0.022256170152514736,0.4482758620689655,0.5517241379310345,short,0.5517241379310345,0.001895805819817248
has_tariff&short_posts,44,-0.0006791027473787469,0.006678208626249127,0.021527453143957292,0.5909090909090909,0.4090909090909091,short,0.4090909090909091,0.0018428146422175737
has_china&sig_potus,27,-0.0006831735019070816,-0.003322304153311917,0.02416414457888697,0.48148148148148145,0.5185185185185185,short,0.5185185185185185,0.0018406752244032733
has_relief&pre_deal,31,0.0006319381450892706,0.0035086515982767352,0.027266556173167103,0.5161290322580645,0.4838709677419355,long,0.5161290322580645,0.0018159910625759736
positive_heavy&uppercase_phrase_heavy,43,0.0005578296266431605,-0.003412912459977102,0.02669813202916275,0.46511627906976744,0.5348837209302325,long,0.46511627906976744,0.001701364411045052
posts_very_high&has_iran,56,-0.0004249523400403057,-0.0026704442462109346,0.018507295347022012,0.48214285714285715,0.5178571428571429,short,0.5178571428571429,0.001646812707215063
posts_high&pre_action,62,0.0003722046857945015,0.0031436322642954817,0.020131637041150514,0.5483870967741935,0.45161290322580644,long,0.5483870967741935,0.0016071814404429014
has_russia&short_posts,138,-0.00026807656812485105,0.0003146902899688886,0.018060569508509598,0.5,0.5,short,0.5,0.001574593312581737
lots_of_excl&deal_only,237,0.0002006889119229225,0.0029761406067201346,0.018686059631036794,0.5063291139240507,0.4936708860759494,long,0.5063291139240507,0.001564337482488149
pre_action&deal_only,33,0.0004944042202173768,0.0033002748036206064,0.018578608000731887,0.5454545454545454,0.45454545454545453,long,0.5454545454545454,0.0015491650995008205
positive_heavy&volume_spike,127,0.00026728025868618895,0.002857085563284567,0.022510328026776213,0.5118110236220472,0.4881889763779528,long,0.5118110236220472,0.0015416237029934816
has_russia&has_all_caps,74,-0.0003577650053132807,1.735705509803287e-05,0.019864210656939465,0.5,0.5,short,0.5,0.0015388054724350371
has_deal&has_uppercase_phrase,140,-0.00024536925480600095,-0.0032948967009692742,0.01953867612890658,0.4857142857142857,0.5142857142857142,short,0.5142857142857142,0.001493099061687772
has_attack&sig_potus,51,0.0005076184780935479,-0.0035587155083505184,0.021666173536399845,0.4117647058823529,0.5882352941176471,long,0.4117647058823529,0.0014926968948339077
has_relief&has_uppercase_phrase,45,-0.0004918024212483379,0.004761969828883883,0.021861315518660118,0.5555555555555556,0.4444444444444444,short,0.4444444444444444,0.001466271527213694
has_action&exclamation_heavy,179,0.00020872934326616284,0.002577348217797759,0.0202874390165354,0.5083798882681564,0.49162011173184356,long,0.5083798882681564,0.001419705888002175
posts_high&has_china,205,0.00018802095317996625,0.0025705480831819116,0.01804739316363122,0.5024390243902439,0.4975609756097561,long,0.5024390243902439,0.001352591158385727
has_relief&short_posts,47,0.00033899408888919767,0.005747123217098249,0.02529053791825255,0.574468085106383,0.425531914893617,long,0.574468085106383,0.001335078987128802
has_action&has_exclamation,185,0.00019109689546026982,0.0026455320979734687,0.020371837220647195,0.5135135135135135,0.4864864864864865,long,0.5135135135135135,0.0013347237019016604
has_action&uppercase_phrase_heavy,27,0.00046127407845542034,0.0029761406067201346,0.024859831821005603,0.5555555555555556,0.4444444444444444,long,0.5555555555555556,0.0013315835668321675
posts_high&pre_relief,35,-0.0004734568803215211,0.0035714314706725148,0.022252875427110217,0.5428571428571428,0.45714285714285713,short,0.45714285714285713,0.0012804611098695157
has_exclamation&deal_only,258,-0.00015003713952968232,-0.0030031448918623194,0.01857550011977996,0.49224806201550386,0.5077519379844961,short,0.5077519379844961,0.0012236584635086168
has_positive&deal_only,245,0.0001521457654974685,-0.002848945881137044,0.01864986212745623,0.49795918367346936,0.5020408163265306,long,0.49795918367346936,0.0011858688412917705
has_relief&deal_over_tariff,47,0.00032313761585183934,0.0035714314706725148,0.02339898321201483,0.5319148936170213,0.46808510638297873,long,0.5319148936170213,0.0011783616397219613
has_attack&uppercase_phrase_heavy,46,-0.00034686888256725134,-0.0003273713528235689,0.022035559137039213,0.5,0.5,short,0.5,0.0011762896112245131
attack_heavy&all_caps_heavy,24,0.0003839949276493587,0.007124844479488579,0.01962966977093461,0.625,0.375,long,0.625,0.001175739545697341
posts_very_high&volume_spike,95,-0.00023941916180436268,0.0026455320979734687,0.020940615494489924,0.5052631578947369,0.49473684210526314,short,0.49473684210526314,0.0011545027223025495
posts_high&volume_spike,123,0.00019512756517638718,0.0029761406067201346,0.019414810749028028,0.5203252032520326,0.4796747967479675,long,0.5203252032520326,0.0011260198425992872
has_attack&volume_spike,119,0.00019262506389875785,0.0029761406067201346,0.01979564531271387,0.5210084033613446,0.4789915966386555,long,0.5210084033613446,0.0010947904607089176
has_deal&exclamation_heavy,334,0.00011728876414831696,0.002967330380307387,0.01878584959836477,0.5059880239520959,0.4940119760479042,long,0.5059880239520959,0.0010846007025904628
posts_very_high&pre_action,44,-0.0003405592106367231,0.0028108363523468016,0.021115119266695865,0.5454545454545454,0.45454545454545453,short,0.45454545454545453,0.001026824655074202
has_tariff&pre_deal,52,0.00024006528919137682,0.003467125636359647,0.021056629820938057,0.5576923076923077,0.4423076923076923,long,0.5576923076923077,0.0009654409069045925
posts_high&has_russia,179,-0.0001374361510320811,0.0026455320979734687,0.01942671994494744,0.5027932960893855,0.4972067039106145,short,0.4972067039106145,0.0009142489604177801
has_tariff&has_positive,133,0.0001366883084048598,0.003311123921870829,0.019761699844546857,0.5338345864661654,0.46616541353383456,long,0.5338345864661654,0.0008415189440402148
deal_heavy&has_relief,34,0.0002427260600252302,0.004659277343885382,0.02334758255361638,0.5588235294117647,0.4411764705882353,long,0.5588235294117647,0.0007909163415593105
has_iran&has_night_post,111,-0.00014289698465502616,-0.0026953563944482894,0.020407256179672928,0.4774774774774775,0.5225225225225225,short,0.5225225225225225,0.0007866645302145933
has_tariff,134,-0.00014004669580459865,0.003311123921870829,0.01994619079878024,0.5298507462686567,0.4701492537313433,short,0.4701492537313433,0.000762186087259319
has_tariff&has_exclamation,134,-0.00014004669580459865,0.003311123921870829,0.01994619079878024,0.5298507462686567,0.4701492537313433,short,0.4701492537313433,0.000762186087259319
has_relief&has_action,31,-0.0003175059515384083,0.006689085249990345,0.025531673872077193,0.5806451612903226,0.41935483870967744,short,0.41935483870967744,0.0007413347801776068
deal_only,259,9.293687415553488e-05,-0.0029941849910873897,0.01894735403308972,0.4942084942084942,0.5057915057915058,long,0.4942084942084942,0.0007391764959604184
has_deal&deal_only,259,9.293687415553488e-05,-0.0029941849910873897,0.01894735403308972,0.4942084942084942,0.5057915057915058,long,0.4942084942084942,0.0007391764959604184
deal_over_tariff&deal_only,259,9.293687415553488e-05,-0.0029941849910873897,0.01894735403308972,0.4942084942084942,0.5057915057915058,long,0.4942084942084942,0.0007391764959604184
exclamation_heavy&deal_only,251,-9.206522312869963e-05,-0.0029941849910873897,0.018419536182422674,0.4940239043824701,0.5059760956175299,short,0.5059760956175299,0.0007380103801965774
posts_very_high&has_relief,51,-0.00020988593107197558,0.0035086515982767352,0.025169198581818226,0.5098039215686274,0.49019607843137253,short,0.49019607843137253,0.0007347477229944076
has_tariff&lots_of_excl,128,0.0001216930593719379,0.003311123921870829,0.02005518610535293,0.53125,0.46875,long,0.53125,0.0007314248937944927
has_uppercase_phrase&china_streak_3d,27,-0.00031494653021126284,0.002577348217797759,0.022384943552506087,0.5555555555555556,0.4444444444444444,short,0.4444444444444444,0.0007273378559912448
has_uppercase_phrase&deal_over_tariff,120,-0.0001289855165340729,-0.0031508116954775955,0.018548719525769836,0.49166666666666664,0.5083333333333333,short,0.5083333333333333,0.0007182574828045341
uppercase_phrase_heavy,51,-0.00017137279043248605,-0.0033002748036206064,0.026217744696323222,0.49019607843137253,0.5098039215686274,short,0.5098039215686274,0.0006239217540059818
uppercase_phrase_heavy&has_exclamation,51,-0.00017137279043248605,-0.0033002748036206064,0.026217744696323222,0.49019607843137253,0.5098039215686274,short,0.5098039215686274,0.0006239217540059818
uppercase_phrase_heavy&exclamation_heavy,51,-0.00017137279043248605,-0.0033002748036206064,0.026217744696323222,0.49019607843137253,0.5098039215686274,short,0.5098039215686274,0.0006239217540059818
has_night_post&uppercase_phrase_heavy,51,-0.00017137279043248605,-0.0033002748036206064,0.026217744696323222,0.49019607843137253,0.5098039215686274,short,0.5098039215686274,0.0006239217540059818
has_positive&uppercase_phrase_heavy,51,-0.00017137279043248605,-0.0033002748036206064,0.026217744696323222,0.49019607843137253,0.5098039215686274,short,0.5098039215686274,0.0006239217540059818
has_uppercase_phrase&uppercase_phrase_heavy,51,-0.00017137279043248605,-0.0033002748036206064,0.026217744696323222,0.49019607843137253,0.5098039215686274,short,0.5098039215686274,0.0006239217540059818
uppercase_phrase_heavy&lots_of_excl,51,-0.00017137279043248605,-0.0033002748036206064,0.026217744696323222,0.49019607843137253,0.5098039215686274,short,0.5098039215686274,0.0006239217540059818
has_tariff&has_relief,20,-0.00034593096990662706,0.006655745307398209,0.02739168921628578,0.6,0.4,short,0.4,0.0006188201313869218
has_china&has_uppercase_phrase,129,-9.853845946289309e-05,-0.003012104792637249,0.018579770882785947,0.4806201550387597,0.5193798449612403,short,0.5193798449612403,0.0005812804488116342
has_relief&has_all_caps,27,-0.0002257109809824191,0.004987671523411175,0.022994302379329184,0.5185185185185185,0.48148148148148145,short,0.48148148148148145,0.0005646952810601014
exclamation_heavy&deal_over_tariff,293,6.440692894200046e-05,0.0029761406067201346,0.01845196721289368,0.5051194539249146,0.4948805460750853,long,0.5051194539249146,0.0005568785587880346
posts_high&sig_potus,43,-0.00014343320224972244,-0.0035587155083505184,0.021464473643194645,0.4186046511627907,0.5813953488372093,short,0.5813953488372093,0.0005468339570327502
has_tariff&deal_heavy,54,0.00013317322069439157,0.003311163302136877,0.019294371072424866,0.5370370370370371,0.46296296296296297,long,0.5370370370370371,0.0005255548169458371
deal_over_tariff&volume_drop,30,-0.00017203873990632909,-0.00011430105608489782,0.023048320436817597,0.5,0.5,short,0.5,0.00047114749305730326
has_action&deal_only,74,-9.660697306733e-05,-0.00011967602387535914,0.018536358091839577,0.5,0.5,short,0.5,0.0004155223026947997
posts_high&has_relief,70,9.055686997291153e-05,0.003540041534474625,0.02366986084067053,0.5142857142857142,0.4857142857142857,long,0.5142857142857142,0.0003896501823482348
has_russia&volume_spike,86,-6.271336690658628e-05,-0.0033112894784662616,0.020216167460776622,0.4883720930232558,0.5116279069767442,short,0.5116279069767442,0.0002975524759003253
has_deal&has_exclamation,342,3.095370846330677e-05,0.002802026125934054,0.018880146830134066,0.5029239766081871,0.49707602339181284,long,0.5029239766081871,0.00028789099570126965
high_emotion&has_exclamation,39,9.720773323126858e-05,-0.003012104792637249,0.019785368729979425,0.46153846153846156,0.5384615384615384,long,0.46153846153846156,0.00028018250744220823
has_action&positive_heavy,152,-3.914513371178719e-05,0.002611440157885614,0.02091167423614564,0.5131578947368421,0.4868421052631579,short,0.4868421052631579,0.00023495663117995406
pre_tariff&has_uppercase_phrase,27,7.135072261259205e-05,-0.003906393697530208,0.02197823266872406,0.4444444444444444,0.5555555555555556,long,0.4444444444444444,0.00016477743562901733
has_all_caps&deal_only,68,3.911078106785325e-05,-1.798209295855724e-05,0.01975182530853474,0.5,0.5,long,0.5,0.0001612578814431664
pre_deal&has_uppercase_phrase,70,-3.661966226029545e-05,0.0028333685383031826,0.019673608489962975,0.5142857142857142,0.4857142857142857,short,0.4857142857142857,0.00014881415119207157
posts_very_high&pre_relief,23,-6.853432998660017e-05,0.004761969828883883,0.023456523604971566,0.5652173913043478,0.43478260869565216,short,0.43478260869565216,0.0001429039565995014
has_action,187,1.6751378264989084e-05,0.002577348217797759,0.020345985555874333,0.5080213903743316,0.4919786096256685,long,0.5080213903743316,0.00011637329941743642
has_exclamation&deal_over_tariff,300,1.090006395550569e-05,0.002967330380307387,0.01858555242840988,0.5033333333333333,0.49666666666666665,long,0.5033333333333333,9.502663836931975e-05
attack_heavy&pre_relief,26,-2.567302230838974e-05,0.004874820676147529,0.022763143417804645,0.5769230769230769,0.4230769230769231,short,0.4230769230769231,5.538383303681553e-05
posts_very_high&has_russia,123,8.46326716849746e-06,-0.002570722570562012,0.020252027603235512,0.4959349593495935,0.5040650406504065,long,0.4959349593495935,4.6549533197063065e-05
has_russia&pre_deal,68,1.4016962760798236e-06,0.0034965484859939,0.021554549955696802,0.5441176470588235,0.45588235294117646,long,0.5441176470588235,6.289283724957226e-06
posts_very_high&sig_potus,33,1.156719084139508e-06,-0.0037594012144743782,0.02287309928877524,0.3939393939393939,0.6060606060606061,long,0.3939393939393939,2.617666307960953e-06
