event,n,mean_ret,median_ret,std,hit_up,hit_down,direction,directional_hit,score
has_exclamation,1016,0.011553126335976749,0.018085143543005056,0.050603012964232544,0.7214566929133859,0.2785433070866142,long,0.7214566929133859,0.2656786422536656
exclamation_heavy,900,0.01200713485772959,0.019281058762512515,0.05210378466056954,0.73,0.27,long,0.73,0.262956253384278
has_exclamation&exclamation_heavy,900,0.01200713485772959,0.019281058762512515,0.05210378466056954,0.73,0.27,long,0.73,0.262956253384278
has_positive&has_exclamation,924,0.011912150478758338,0.019132754576590583,0.051405353876794076,0.724025974025974,0.275974025974026,long,0.724025974025974,0.26216837555694245
has_positive,931,0.011744083011686793,0.019000966243472694,0.051428442339986356,0.7228786251342643,0.2771213748657358,long,0.7228786251342643,0.259035529359921
has_china&short_posts,143,0.025751190017819815,0.02276278949049204,0.06238602851918469,0.8251748251748252,0.17482517482517482,long,0.8251748251748252,0.25410387742679885
has_positive&exclamation_heavy,860,0.011875937179751649,0.019508156325771298,0.05273846624393352,0.7244186046511628,0.2755813953488372,long,0.7244186046511628,0.25229387819729915
has_china&deal_only,93,0.029844730738642394,0.02640698559352872,0.052412417469998744,0.8494623655913979,0.15053763440860216,long,0.8494623655913979,0.24448559853384672
lots_of_excl,795,0.011859038711479869,0.019489457721581394,0.0533643949803815,0.7257861635220125,0.2742138364779874,long,0.7257861635220125,0.24268433027409403
has_exclamation&lots_of_excl,795,0.011859038711479869,0.019489457721581394,0.0533643949803815,0.7257861635220125,0.2742138364779874,long,0.7257861635220125,0.24268433027409403
exclamation_heavy&lots_of_excl,795,0.011859038711479869,0.019489457721581394,0.0533643949803815,0.7257861635220125,0.2742138364779874,long,0.7257861635220125,0.24268433027409403
exclamation_heavy&short_posts,450,0.014781952616086648,0.02011090326463716,0.05716822879849702,0.7622222222222222,0.23777777777777778,long,0.7622222222222222,0.23901197962443277
has_positive&lots_of_excl,779,0.011747132008490719,0.01957891126003064,0.05360390913619739,0.7227214377406932,0.2772785622593068,long,0.7227214377406932,0.23695807615274106
has_positive&short_posts,464,0.014236690417895364,0.019484350436499542,0.05601905867795803,0.7543103448275862,0.24568965517241378,long,0.7543103448275862,0.23132261614639393
has_attack&has_exclamation,642,0.01232523834301112,0.01930398248197962,0.05234888279441503,0.735202492211838,0.26479750778816197,long,0.735202492211838,0.22959890417055492
has_exclamation&short_posts,527,0.013389930402457706,0.018611377018854736,0.05476121753246371,0.7419354838709677,0.25806451612903225,long,0.7419354838709677,0.2280603410525149
has_attack,643,0.012201109564891024,0.01925913896285736,0.05240271271148045,0.7340590979782271,0.26594090202177295,long,0.7340590979782271,0.22710978138511587
has_attack&has_positive,619,0.012386079278112928,0.0195268549299612,0.052705558131878306,0.7318255250403877,0.2681744749596123,long,0.7318255250403877,0.22552086722822293
has_attack&exclamation_heavy,632,0.012146477547535582,0.01939240045028079,0.05237557473842719,0.7373417721518988,0.2626582278481013,long,0.7373417721518988,0.22515299547744017
pre_deal&pre_action,27,0.04840784808028153,0.04410147254942265,0.06248422645462492,0.8888888888888888,0.1111111111111111,long,0.8888888888888888,0.22358627296032837
pre_deal&deal_only,131,0.024326525886668598,0.021113641434473696,0.052100619325623224,0.8015267175572519,0.1984732824427481,long,0.8015267175572519,0.22316893569234714
has_action,194,0.020765876486454966,0.022746056903401257,0.05714536590120289,0.7680412371134021,0.23195876288659795,long,0.7680412371134021,0.22214455362004903
short_posts,574,0.012635271262531235,0.01817887171041843,0.054110819393418975,0.7299651567944251,0.2700348432055749,long,0.7299651567944251,0.220974747770633
deal_over_tariff&deal_only,273,0.017772911919785774,0.02008038032549364,0.049779709588762384,0.7509157509157509,0.2490842490842491,long,0.7509157509157509,0.22051144040581377
has_exclamation&deal_only,273,0.017772911919785774,0.02008038032549364,0.049779709588762384,0.7509157509157509,0.2490842490842491,long,0.7509157509157509,0.22051144040581377
deal_only,273,0.017772911919785774,0.02008038032549364,0.049779709588762384,0.7509157509157509,0.2490842490842491,long,0.7509157509157509,0.22051144040581377
has_deal&deal_only,273,0.017772911919785774,0.02008038032549364,0.049779709588762384,0.7509157509157509,0.2490842490842491,long,0.7509157509157509,0.22051144040581377
has_action&pre_deal,52,0.035284935970431676,0.026666515047823358,0.052505970196806084,0.8653846153846154,0.1346153846153846,long,0.8653846153846154,0.22019131019917232
has_action&lots_of_excl,178,0.0210594983790526,0.02368793534452085,0.05730993162264558,0.7752808988764045,0.2247191011235955,long,0.7752808988764045,0.21782970717450525
has_attack&lots_of_excl,592,0.01212724163529534,0.019508156325771298,0.05347846431599997,0.7364864864864865,0.2635135135135135,long,0.7364864864864865,0.21731398055784115
has_relief&deal_only,33,0.04437561637723931,0.029170093392654417,0.06922291293551373,0.8484848484848485,0.15151515151515152,long,0.8484848484848485,0.21629449185509464
lots_of_excl&short_posts,384,0.014570519935665832,0.02031113355917835,0.05948670220520276,0.7526041666666666,0.24739583333333334,long,0.7526041666666666,0.21488558350845074
has_action&has_exclamation,192,0.020244635377321827,0.022746056903401257,0.05691358303146585,0.765625,0.234375,long,0.765625,0.21477151445714485
short_posts&china_streak_3d,39,0.041592756249051316,0.03847002059927496,0.060839181659192436,0.8205128205128205,0.1794871794871795,long,0.8205128205128205,0.21312548063441883
has_positive&deal_only,259,0.017632988913773497,0.02008038032549364,0.05077667924605654,0.7451737451737451,0.2548262548262548,long,0.7451737451737451,0.2114624995683866
has_action&exclamation_heavy,185,0.020133441005449556,0.023125827265951804,0.05749902740839957,0.7675675675675676,0.23243243243243245,long,0.7675675675675676,0.21019408312782786
has_attack&has_uppercase_phrase,225,0.01812302461713726,0.025628677172829795,0.06054056926377291,0.7688888888888888,0.2311111111111111,long,0.7688888888888888,0.2090188839176497
has_china,307,0.015776502229393745,0.0205319926612475,0.05608868214953196,0.755700325732899,0.24429967426710097,long,0.755700325732899,0.20889570959135928
has_china&has_exclamation,307,0.015776502229393745,0.0205319926612475,0.05608868214953196,0.755700325732899,0.24429967426710097,long,0.755700325732899,0.20889570959135928
deal_heavy&deal_only,100,0.02673930862605369,0.027674229756677327,0.05994592323874508,0.78,0.22,long,0.78,0.2085666072832188
has_action&has_positive,185,0.02009145306176232,0.023125827265951804,0.05763351100047715,0.7621621621621621,0.23783783783783785,long,0.7621621621621621,0.20827857398867877
has_action&has_uppercase_phrase,88,0.027798352573371262,0.023412461600187173,0.06216133770784535,0.7954545454545454,0.20454545454545456,long,0.7954545454545454,0.20743200387520028
exclamation_heavy&deal_only,259,0.01734447933403994,0.02008038032549364,0.05076233489949089,0.7413127413127413,0.25868725868725867,long,0.7413127413127413,0.2069248332519369
posts_high&pre_relief,24,0.05037200186499052,0.030189387631002873,0.0795050653748895,0.8333333333333334,0.16666666666666666,long,0.8333333333333334,0.205642836486249
has_positive&has_china,299,0.015798971295271334,0.0205319926612475,0.05637629736148932,0.7525083612040134,0.24749163879598662,long,0.7525083612040134,0.205577572719632
has_night_post&deal_only,148,0.021638696099482047,0.026485374928887584,0.05401757201587192,0.7635135135135135,0.23648648648648649,long,0.7635135135135135,0.20099195448302265
has_attack&pre_relief,22,0.05212511563148832,0.034804185239005414,0.08381799093132947,0.8181818181818182,0.18181818181818182,long,0.8181818181818182,0.2000360158695421
has_positive&positive_heavy,626,0.011066234340127679,0.019630466731653917,0.0557839081759689,0.7220447284345048,0.2779552715654952,long,0.7220447284345048,0.19991764667468784
positive_heavy,626,0.011066234340127679,0.019630466731653917,0.0557839081759689,0.7220447284345048,0.2779552715654952,long,0.7220447284345048,0.19991764667468784
positive_heavy&has_exclamation,626,0.011066234340127679,0.019630466731653917,0.0557839081759689,0.7220447284345048,0.2779552715654952,long,0.7220447284345048,0.19991764667468784
has_china&exclamation_heavy,300,0.015355211733655233,0.020595265989898248,0.05645652467163018,0.75,0.25,long,0.75,0.19947005162751485
posts_very_high&has_action,88,0.027493317395190432,0.024731696027116334,0.062122720438099674,0.7727272727272727,0.22727272727272727,long,0.7727272727272727,0.19929422876399006
positive_heavy&exclamation_heavy,624,0.011040256842417698,0.019630466731653917,0.05587133152846751,0.7211538461538461,0.27884615384615385,long,0.7211538461538461,0.19888379389241176
has_china&lots_of_excl,282,0.01582199832468118,0.020916108132294275,0.05706173984293562,0.74822695035461,0.25177304964539005,long,0.74822695035461,0.19880130701456525
pre_action&deal_only,38,0.03940400719653734,0.03563603662228476,0.055239665029184676,0.8157894736842105,0.18421052631578946,long,0.8157894736842105,0.1981573954157415
short_posts&deal_over_tariff,151,0.020619268982430782,0.019682022203277194,0.056292555114003266,0.7814569536423841,0.2185430463576159,long,0.7814569536423841,0.19800073288916378
deal_over_tariff,314,0.015221193498623123,0.01979071816098954,0.05210074765720426,0.732484076433121,0.267515923566879,long,0.732484076433121,0.19756577794844615
has_deal&deal_over_tariff,314,0.015221193498623123,0.01979071816098954,0.05210074765720426,0.732484076433121,0.267515923566879,long,0.732484076433121,0.19756577794844615
has_exclamation&deal_over_tariff,314,0.015221193498623123,0.01979071816098954,0.05210074765720426,0.732484076433121,0.267515923566879,long,0.732484076433121,0.19756577794844615
positive_heavy&lots_of_excl,605,0.011089785864839092,0.019939351645829273,0.05636873742150368,0.7223140495867768,0.27768595041322314,long,0.7223140495867768,0.1970275286675886
has_positive&has_uppercase_phrase,280,0.016150485287367233,0.022746056903401257,0.0615794037298669,0.7285714285714285,0.2714285714285714,long,0.7285714285714285,0.1968959251149743
has_uppercase_phrase&exclamation_heavy,279,0.0160334034826203,0.023306035511766243,0.061777151458899414,0.7347670250896058,0.26523297491039427,long,0.7347670250896058,0.19677842545923285
has_uppercase_phrase,298,0.015688023769744902,0.022580325356154507,0.06097244513785973,0.7248322147651006,0.2751677852348993,long,0.7248322147651006,0.19629708834227
lots_of_excl&deal_only,242,0.017211500413504735,0.019989897222097763,0.05197120912628051,0.731404958677686,0.26859504132231404,long,0.731404958677686,0.195832295659165
has_relief&has_night_post,61,0.029904473023982307,0.029170093392654417,0.06893227723010863,0.8360655737704918,0.16393442622950818,long,0.8360655737704918,0.19527264652343562
has_exclamation&china_streak_3d,72,0.02956843465395624,0.02643177859186996,0.0510381194487034,0.7777777777777778,0.2222222222222222,long,0.7777777777777778,0.19514171276024847
china_streak_3d,72,0.02956843465395624,0.02643177859186996,0.0510381194487034,0.7777777777777778,0.2222222222222222,long,0.7777777777777778,0.19514171276024847
has_action&short_posts,104,0.023930702010307107,0.022198951890475715,0.0633700093055148,0.7980769230769231,0.20192307692307693,long,0.7980769230769231,0.19476766676030755
posts_very_high&has_relief,46,0.03466467714334965,0.030148739458931928,0.07696670943319076,0.8260869565217391,0.17391304347826086,long,0.8260869565217391,0.19421905668475012
posts_very_high&has_china,130,0.021912325122458602,0.023198615603981287,0.061162052630733335,0.7769230769230769,0.2230769230769231,long,0.7769230769230769,0.1941056427501835
positive_heavy&short_posts,282,0.015116814703630356,0.021085105324937792,0.06435302745963196,0.7588652482269503,0.24113475177304963,long,0.7588652482269503,0.1926413481458333
has_uppercase_phrase&has_exclamation,294,0.01530625569859935,0.022580325356154507,0.06101817156363701,0.7244897959183674,0.2755102040816326,long,0.7244897959183674,0.1901406185516881
has_china&deal_over_tariff,125,0.02131436222577824,0.02274984813874914,0.0586680050815764,0.792,0.208,long,0.792,0.1887350368222197
has_positive&deal_over_tariff,300,0.014981313110444934,0.01979071816098954,0.05301981310198092,0.7266666666666667,0.2733333333333333,long,0.7266666666666667,0.18855834042542208
has_relief&has_action,26,0.04565315805085242,0.02616328687691971,0.07196391564993042,0.8076923076923077,0.19230769230769232,long,0.8076923076923077,0.1880197391895028
short_posts&deal_only,138,0.02031249701581902,0.019390827400508015,0.05807140144181692,0.782608695652174,0.21739130434782608,long,0.782608695652174,0.18674437399992214
has_deal,359,0.013674644020102825,0.017837700556387226,0.05113191660748756,0.7186629526462396,0.28133704735376047,long,0.7186629526462396,0.18620378778726346
has_deal&has_exclamation,359,0.013674644020102825,0.017837700556387226,0.05113191660748756,0.7186629526462396,0.28133704735376047,long,0.7186629526462396,0.18620378778726346
has_attack&deal_only,192,0.018144537793207228,0.020221447863448705,0.0540552766253139,0.7395833333333334,0.2604166666666667,long,0.7395833333333334,0.18594462958132416
has_china&has_uppercase_phrase,124,0.022020785552755596,0.0237413323845288,0.06681492498474803,0.7580645161290323,0.24193548387096775,long,0.7580645161290323,0.18588734248326697
has_action&has_night_post,125,0.022568646768141746,0.02640698559352872,0.05928480203708173,0.736,0.264,long,0.736,0.18571130426818483
posts_high&has_china,205,0.017264277491582734,0.021227137478707858,0.06276939904161784,0.751219512195122,0.24878048780487805,long,0.751219512195122,0.1856915742942907
exclamation_heavy&china_streak_3d,68,0.028797125763274922,0.02643177859186996,0.05079415984578754,0.7794117647058824,0.22058823529411764,long,0.7794117647058824,0.18508471575051294
has_deal&short_posts,163,0.01887295471909408,0.019682022203277194,0.05662731888433852,0.7668711656441718,0.2331288343558282,long,0.7668711656441718,0.18478048757349966
exclamation_heavy&deal_over_tariff,300,0.014732233173274963,0.01979071816098954,0.052995549533439545,0.7233333333333334,0.27666666666666667,long,0.7233333333333334,0.1845727957072956
posts_high&has_relief,74,0.026899938880258892,0.0260800193378391,0.06595018255040924,0.7972972972972973,0.20270270270270271,long,0.7972972972972973,0.18449620825380608
has_attack&short_posts,310,0.013760162447796292,0.019881201264385417,0.059977581894672796,0.7612903225806451,0.23870967741935484,long,0.7612903225806451,0.18443983163995592
has_positive&china_streak_3d,68,0.028663039055684264,0.02643177859186996,0.05074993214027186,0.7794117647058824,0.22058823529411764,long,0.7794117647058824,0.18422291445949696
posts_high&has_action,138,0.020805779851634263,0.02368793534452085,0.062177706836369896,0.7536231884057971,0.2463768115942029,long,0.7536231884057971,0.18419498215281752
has_action&has_attack,148,0.019830221062844613,0.023061954317349587,0.06021838890950129,0.7635135135135135,0.23648648648648649,long,0.7635135135135135,0.18419385673367564
posts_very_high&pre_action,34,0.03965389865168605,0.027810016171543106,0.06637816106879492,0.7941176470588235,0.20588235294117646,long,0.7941176470588235,0.18361586288201212
pre_deal&deal_over_tariff,156,0.019095804516024144,0.020771386115677748,0.056229323934056365,0.7692307692307693,0.23076923076923078,long,0.7692307692307693,0.18346655535442752
has_attack&positive_heavy,474,0.011558732286395406,0.019751163522149895,0.05558436879820308,0.7278481012658228,0.2721518987341772,long,0.7278481012658228,0.1831640042545412
has_action&positive_heavy,150,0.019631381003492612,0.023510721782581734,0.06061739408651955,0.76,0.24,long,0.76,0.18273009233795
has_positive&has_night_post,466,0.011597254479599316,0.021049878226867103,0.05884023609191843,0.7296137339055794,0.2703862660944206,long,0.7296137339055794,0.1826590294549645
pre_deal&has_exclamation,176,0.017958819472755693,0.019390827400508015,0.05381340562909698,0.7613636363636364,0.23863636363636365,long,0.7613636363636364,0.1813953915097064
pre_deal,176,0.017958819472755693,0.019390827400508015,0.05381340562909698,0.7613636363636364,0.23863636363636365,long,0.7613636363636364,0.1813953915097064
has_deal&pre_deal,176,0.017958819472755693,0.019390827400508015,0.05381340562909698,0.7613636363636364,0.23863636363636365,long,0.7613636363636364,0.1813953915097064
has_uppercase_phrase&lots_of_excl,266,0.015218336193090683,0.023077903691107182,0.06243035022118581,0.7293233082706767,0.2706766917293233,long,0.7293233082706767,0.18102063566894033
has_relief&has_attack,74,0.02684570357125562,0.027009582982694735,0.06603339522838164,0.7837837837837838,0.21621621621621623,long,0.7837837837837838,0.181003479733349
posts_high&deal_only,159,0.019479433100527327,0.021174028717280136,0.0581808669571965,0.7358490566037735,0.2641509433962264,long,0.7358490566037735,0.1807438851183853
lots_of_excl&deal_over_tariff,282,0.01494811840842015,0.01979071816098954,0.05357947877426031,0.7163120567375887,0.28368794326241137,long,0.7163120567375887,0.17980979448373194
has_night_post&has_exclamation,486,0.011228576976718292,0.020697470892810377,0.05882998417037042,0.7263374485596708,0.2736625514403292,long,0.7263374485596708,0.17979652403841756
has_all_caps&short_posts,113,0.020921436255745558,0.02573500704969045,0.057281935760570224,0.8053097345132744,0.19469026548672566,long,0.8053097345132744,0.17909920830926707
has_night_post&deal_over_tariff,179,0.017997975479933457,0.02274984813874914,0.05696492435784569,0.7430167597765364,0.2569832402234637,long,0.7430167597765364,0.17891583568014205
has_deal&has_china,157,0.01851883067596727,0.021371113590861857,0.0549103087611615,0.7707006369426752,0.22929936305732485,long,0.7707006369426752,0.17883359412581037
positive_heavy&pre_relief,26,0.043413863763812725,0.029129445220583472,0.08091908585260565,0.8076923076923077,0.19230769230769232,long,0.8076923076923077,0.17879734262826674
has_night_post,489,0.011089475354007259,0.02051462425231776,0.05875787613166144,0.7259713701431493,0.2740286298568507,long,0.7259713701431493,0.17802661061520053
has_action&attack_heavy,96,0.02263992569099541,0.0260800193378391,0.05553985642069187,0.8020833333333334,0.19791666666666666,long,0.8020833333333334,0.177922185971872
has_night_post&lots_of_excl,435,0.011664749580499309,0.021043187238332317,0.05952074769424163,0.728735632183908,0.271264367816092,long,0.728735632183908,0.1772923732322664
pre_deal&short_posts,81,0.024505967765568248,0.02051462425231776,0.05823010832047489,0.8024691358024691,0.19753086419753085,long,0.8024691358024691,0.17698754497354846
has_night_post&exclamation_heavy,464,0.011278415398625237,0.020889794852702037,0.05922278890083276,0.728448275862069,0.27155172413793105,long,0.728448275862069,0.176972504150889
positive_heavy&has_china,246,0.01523559908067222,0.02052330845678263,0.05901285074734368,0.7398373983739838,0.2601626016260163,long,0.7398373983739838,0.1767923099379858
positive_heavy&deal_only,198,0.017264445719368436,0.020771386115677748,0.05583086432744641,0.7272727272727273,0.2727272727272727,long,0.7272727272727273,0.17667802535289134
pre_action&has_uppercase_phrase,29,0.03962595808671327,0.027557663521020404,0.06312359302906895,0.8275862068965517,0.1724137931034483,long,0.8275862068965517,0.17660053650004567
has_deal&has_positive,344,0.013359488524950154,0.0173135409233931,0.051969202099223996,0.7122093023255814,0.2877906976744186,long,0.7122093023255814,0.17647236028754879
pre_action&deal_over_tariff,43,0.033846644837654954,0.031693117765360546,0.0574391469785594,0.7906976744186046,0.20930232558139536,long,0.7906976744186046,0.1754932082421257
pre_action,75,0.02618520592084566,0.023125827265951804,0.05752204539487238,0.7733333333333333,0.22666666666666666,long,0.7733333333333333,0.17536921397135788
has_action&pre_action,75,0.02618520592084566,0.023125827265951804,0.05752204539487238,0.7733333333333333,0.22666666666666666,long,0.7733333333333333,0.17536921397135788
posts_low,461,0.012057472525047271,0.013346204409503182,0.041635374950307474,0.6757369614512472,0.3242630385487528,long,0.6757369614512472,0.17493810521111203
pre_action&short_posts,37,0.03665749480811482,0.021655638112898057,0.06675805501908912,0.7837837837837838,0.21621621621621623,long,0.7837837837837838,0.17476719568455856
has_positive&pre_deal,172,0.017629781928918745,0.019390827400508015,0.05421241613075815,0.7558139534883721,0.2441860465116279,long,0.7558139534883721,0.17475357506332037
pre_action&has_exclamation,74,0.026353846292146838,0.02324994388095092,0.057896021894001504,0.7702702702702703,0.22972972972972974,long,0.7702702702702703,0.17462362698693873
has_attack&has_all_caps,144,0.018179549465497172,0.026673336853922924,0.05836916792241946,0.7986111111111112,0.2013888888888889,long,0.7986111111111112,0.17422068237768124
has_relief&has_uppercase_phrase,41,0.03275511421963117,0.029170093392654417,0.07909791759177752,0.8292682926829268,0.17073170731707318,long,0.8292682926829268,0.17392663989820625
lots_of_excl&china_streak_3d,66,0.027678925737138763,0.025169341354932984,0.05099005923808494,0.7727272727272727,0.22727272727272727,long,0.7727272727272727,0.17375905212222248
posts_high&lots_of_excl,419,0.011616981511956576,0.02115692083050047,0.06281014268977479,0.7279236276849642,0.2720763723150358,long,0.7279236276849642,0.17309563889213309
has_deal&exclamation_heavy,344,0.013142267649511225,0.0176130596681372,0.05194088880345889,0.7093023255813954,0.29069767441860467,long,0.7093023255813954,0.1728943943530928
has_all_caps&exclamation_heavy,180,0.01675187716718084,0.02346790925502018,0.05545067150821166,0.7666666666666667,0.23333333333333334,long,0.7666666666666667,0.17230834604409767
attack_heavy&has_uppercase_phrase,138,0.018663037851153984,0.023412461600187173,0.06038682800033725,0.782608695652174,0.21739130434782608,long,0.782608695652174,0.17157995482959953
has_attack&has_night_post,362,0.012123456599475196,0.021049878226867103,0.06033810628794024,0.7430939226519337,0.2569060773480663,long,0.7430939226519337,0.171405382984096
attack_heavy&has_all_caps,92,0.0218975272230245,0.02790141932875334,0.05675474711300138,0.8152173913043478,0.18478260869565216,long,0.8152173913043478,0.17122312718279237
posts_high&exclamation_heavy,421,0.011477969391786691,0.021056569215401888,0.06272359574935933,0.7268408551068883,0.27315914489311166,long,0.7268408551068883,0.17117701184895961
has_all_caps,184,0.016584262483154744,0.02280382421365501,0.05563091140893669,0.7608695652173914,0.2391304347826087,long,0.7608695652173914,0.17116512713318252
has_all_caps&has_exclamation,184,0.016584262483154744,0.02280382421365501,0.05563091140893669,0.7608695652173914,0.2391304347826087,long,0.7608695652173914,0.17116512713318252
has_attack&deal_over_tariff,225,0.015694276886679834,0.02008038032549364,0.05609636012720077,0.7244444444444444,0.27555555555555555,long,0.7244444444444444,0.17054447550192084
pre_deal&exclamation_heavy,170,0.017361320106861085,0.019390827400508015,0.05441872109227018,0.7529411764705882,0.24705882352941178,long,0.7529411764705882,0.17043871593131957
posts_high&has_exclamation,423,0.011382000558222137,0.021056569215401888,0.06271715633875243,0.7257683215130024,0.27423167848699764,long,0.7257683215130024,0.16989742409960323
posts_high,423,0.011382000558222137,0.021056569215401888,0.06271715633875243,0.7257683215130024,0.27423167848699764,long,0.7257683215130024,0.16989742409960323
has_deal&lots_of_excl,325,0.013360825305413476,0.017837700556387226,0.05243870211089741,0.7046153846153846,0.2953846153846154,long,0.7046153846153846,0.16971768038694443
pre_deal&has_night_post,101,0.021035567456673843,0.02573500704969045,0.06375333727889236,0.801980198019802,0.19801980198019803,long,0.801980198019802,0.16954249268614757
has_positive&has_all_caps,178,0.01652597627337935,0.02280382421365501,0.05566716501854521,0.7640449438202247,0.23595505617977527,long,0.7640449438202247,0.16845970355548517
has_all_caps&lots_of_excl,177,0.016589109405308878,0.02284977187044812,0.05589576272204687,0.7627118644067796,0.23728813559322035,long,0.7627118644067796,0.16833336560016463
posts_very_high&positive_heavy,210,0.015422201733843071,0.02460641782648776,0.06903697062670189,0.7523809523809524,0.24761904761904763,long,0.7523809523809524,0.16814881819892968
has_deal&has_night_post,206,0.016078007934699164,0.02173993763841331,0.05594345498849495,0.7281553398058253,0.27184466019417475,long,0.7281553398058253,0.16803118398221242
volume_drop,326,0.013466419325868876,0.01665166235065041,0.05010030324651498,0.6901840490797546,0.3098159509202454,long,0.6901840490797546,0.16781309675192313
has_uppercase_phrase&volume_drop,28,0.03842090657458053,0.03767049209021622,0.05449115922874879,0.8214285714285714,0.17857142857142858,long,0.8214285714285714,0.16699998361897794
attack_heavy&lots_of_excl,275,0.013309259883245453,0.021056569215401888,0.05646099775307375,0.7563636363636363,0.24363636363636362,long,0.7563636363636363,0.1669363422576606
has_action&deal_only,77,0.025252049507837025,0.026591566704148972,0.06224086780032674,0.7532467532467533,0.24675324675324675,long,0.7532467532467533,0.16690881088462461
pre_action&exclamation_heavy,73,0.02544602764156375,0.023125827265951804,0.05776392652809717,0.7671232876712328,0.2328767123287671,long,0.7671232876712328,0.1667810069381719
has_china&pre_deal,80,0.022263065220510046,0.020857554266975442,0.05753293567513876,0.8375,0.1625,long,0.8375,0.16676878618891555
has_deal&has_action,106,0.02172557411935196,0.02565173951060984,0.05934500685496472,0.7452830188679245,0.25471698113207547,long,0.7452830188679245,0.1667037696503993
silence_day,262,0.01483222014578623,0.014589730524582567,0.041777526734891574,0.6942148760330579,0.30578512396694213,long,0.6942148760330579,0.16666742445330862
posts_low&silence_day,262,0.01483222014578623,0.014589730524582567,0.041777526734891574,0.6942148760330579,0.30578512396694213,long,0.6942148760330579,0.16666742445330862
posts_very_high&deal_only,96,0.022660469469354377,0.027958180773345664,0.06467936250543882,0.75,0.25,long,0.75,0.16651976259550474
has_relief&has_russia,33,0.03298166825467474,0.029088797048512527,0.049910356510762,0.8787878787878788,0.12121212121212122,long,0.8787878787878788,0.16649977347918468
has_positive&pre_action,72,0.02567891024362611,0.02324994388095092,0.058357473240880725,0.7638888888888888,0.2361111111111111,long,0.7638888888888888,0.1664458726951966
posts_high&has_positive,420,0.011193648545460101,0.021042358597219812,0.06286627760948463,0.7238095238095238,0.2761904761904762,long,0.7238095238095238,0.16604301296753626
positive_heavy&has_uppercase_phrase,220,0.015377481776520183,0.0237413323845288,0.06680827392742017,0.7272727272727273,0.2727272727272727,long,0.7272727272727273,0.1658799375801747
posts_high&deal_over_tariff,191,0.0165496210923129,0.021056569215401888,0.059701005295401614,0.7225130890052356,0.2774869109947644,long,0.7225130890052356,0.16525342058461032
has_night_post&short_posts,258,0.013676911631675415,0.021200151336260076,0.06731871401561038,0.751937984496124,0.24806201550387597,long,0.751937984496124,0.16518854118452037
has_relief&deal_over_tariff,43,0.030925259187712065,0.029088797048512527,0.08027299911704722,0.813953488372093,0.18604651162790697,long,0.813953488372093,0.1650620234651968
pre_action&volume_spike,21,0.03981068775748962,0.02274984813874914,0.057835244777019734,0.9047619047619048,0.09523809523809523,long,0.9047619047619048,0.16506068153438147
posts_high&positive_heavy,375,0.011698709399953088,0.02115692083050047,0.06315787837256236,0.728,0.272,long,0.728,0.16492442030842402
has_night_post&china_streak_3d,47,0.03125837713336126,0.029088797048512527,0.05549132364057498,0.7659574468085106,0.23404255319148937,long,0.7659574468085106,0.164142104932646
attack_heavy&has_exclamation,277,0.013022545663140086,0.021056569215401888,0.056520898577142833,0.7545126353790613,0.24548736462093862,long,0.7545126353790613,0.1635318276604515
attack_heavy&exclamation_heavy,277,0.013022545663140086,0.021056569215401888,0.056520898577142833,0.7545126353790613,0.24548736462093862,long,0.7545126353790613,0.1635318276604515
attack_heavy,277,0.013022545663140086,0.021056569215401888,0.056520898577142833,0.7545126353790613,0.24548736462093862,long,0.7545126353790613,0.1635318276604515
has_attack&attack_heavy,277,0.013022545663140086,0.021056569215401888,0.056520898577142833,0.7545126353790613,0.24548736462093862,long,0.7545126353790613,0.1635318276604515
has_deal&pre_action,49,0.030084609381637976,0.02902846563893724,0.05605494385934423,0.7755102040816326,0.22448979591836735,long,0.7755102040816326,0.16331645092889185
has_attack&has_china,240,0.014163374590376943,0.020498353583181528,0.05757735434094294,0.7416666666666667,0.25833333333333336,long,0.7416666666666667,0.16273505794672735
has_attack&pre_action,64,0.026013320150644156,0.0260800193378391,0.056712094809828584,0.78125,0.21875,long,0.78125,0.16258325094152598
has_relief&attack_heavy,45,0.029473411901044137,0.03608616881898663,0.06798764419282327,0.8222222222222222,0.17777777777777778,long,0.8222222222222222,0.1625645629309788
deal_heavy&has_night_post,98,0.02174215127643791,0.02657766548419771,0.06296640927820515,0.7551020408163265,0.24489795918367346,long,0.7551020408163265,0.16252538182590306
positive_heavy&deal_over_tariff,237,0.014793946482129599,0.020482082914045296,0.05700359211022938,0.7130801687763713,0.2869198312236287,long,0.7130801687763713,0.16240394510902018
pre_deal&lots_of_excl,165,0.01694655435857341,0.019682022203277194,0.05491692054712232,0.7454545454545455,0.2545454545454545,long,0.7454545454545455,0.16227235850650062
posts_high&has_deal,223,0.015008278754460478,0.020658539318548996,0.05785543615705309,0.7219730941704036,0.27802690582959644,long,0.7219730941704036,0.1618096177500184
has_relief&exclamation_heavy,95,0.021559603882058936,0.025568471971529227,0.062438921202442765,0.7684210526315789,0.23157894736842105,long,0.7684210526315789,0.16147371409642164
posts_high&has_attack,359,0.011641480012893364,0.021297449236862942,0.06316717667166058,0.7298050139275766,0.27019498607242337,long,0.7298050139275766,0.16097641967493087
posts_high&pre_deal,115,0.019614869548320698,0.020658539318548996,0.06198413638196781,0.7652173913043478,0.23478260869565218,long,0.7652173913043478,0.16096044946797694
has_relief&short_posts,46,0.03028159464697064,0.02429127785680696,0.062306001801423996,0.782608695652174,0.21739130434782608,long,0.782608695652174,0.16073199180860445
positive_heavy&has_night_post,379,0.01135099532835598,0.02051462425231776,0.060016868708975886,0.7255936675461742,0.27440633245382584,long,0.7255936675461742,0.16034190304207283
deal_heavy&deal_over_tariff,141,0.018449508277102938,0.02573500704969045,0.062185832639465005,0.7304964539007093,0.2695035460992908,long,0.7304964539007093,0.16003407503443728
attack_heavy&has_positive,274,0.01284666023392424,0.020857554266975442,0.05678429196777763,0.7518248175182481,0.24817518248175183,long,0.7518248175182481,0.15987559622008896
has_night_post&has_uppercase_phrase,182,0.01561140925006812,0.026688614406239375,0.06892921403463817,0.7527472527472527,0.24725274725274726,long,0.7527472527472527,0.15853566621059811
posts_very_high&deal_over_tariff,115,0.019762689475555584,0.027852109133175817,0.06730089657449535,0.7478260869565218,0.25217391304347825,long,0.7478260869565218,0.15848770545355612
posts_very_high&pre_deal,71,0.023410562133956304,0.026563764264246448,0.06942236797624182,0.8028169014084507,0.19718309859154928,long,0.8028169014084507,0.15836438676694534
has_deal&has_attack,261,0.013813383349420717,0.019682022203277194,0.05490874156674955,0.7088122605363985,0.29118773946360155,long,0.7088122605363985,0.15817998836712943
posts_very_high&exclamation_heavy,223,0.01422423860764354,0.02274984813874914,0.06768818538733987,0.7443946188340808,0.2556053811659193,long,0.7443946188340808,0.15811922803346606
posts_very_high&lots_of_excl,223,0.01422423860764354,0.02274984813874914,0.06768818538733987,0.7443946188340808,0.2556053811659193,long,0.7443946188340808,0.15811922803346606
deal_heavy&has_relief,32,0.0343932613178031,0.02616328687691971,0.08835248244661821,0.8125,0.1875,long,0.8125,0.15807810398210703
has_action&deal_over_tariff,93,0.02205334076927504,0.02640698559352872,0.06183873806779814,0.7419354838709677,0.25806451612903225,long,0.7419354838709677,0.1577909186876546
pre_action&lots_of_excl,70,0.02475901574986309,0.023061954317349587,0.05863788944658422,0.7571428571428571,0.24285714285714285,long,0.7571428571428571,0.1568412250049452
has_china&has_night_post,186,0.015419465014899242,0.021141853347054873,0.063566377876313,0.7419354838709677,0.25806451612903225,long,0.7419354838709677,0.15602418411292868
has_relief&has_positive,93,0.02117715880704818,0.024494299467434866,0.06303948052904343,0.7634408602150538,0.23655913978494625,long,0.7634408602150538,0.1559138040732621
pre_relief,31,0.03612149224848288,0.02889698825145892,0.07736624743533449,0.7741935483870968,0.22580645161290322,long,0.7741935483870968,0.1557026765987178
pre_relief&exclamation_heavy,31,0.03612149224848288,0.02889698825145892,0.07736624743533449,0.7741935483870968,0.22580645161290322,long,0.7741935483870968,0.1557026765987178
pre_relief&has_exclamation,31,0.03612149224848288,0.02889698825145892,0.07736624743533449,0.7741935483870968,0.22580645161290322,long,0.7741935483870968,0.1557026765987178
has_relief&pre_relief,31,0.03612149224848288,0.02889698825145892,0.07736624743533449,0.7741935483870968,0.22580645161290322,long,0.7741935483870968,0.1557026765987178
has_uppercase_phrase&short_posts,150,0.01729193841267464,0.023412461600187173,0.06965528916826966,0.7333333333333333,0.26666666666666666,long,0.7333333333333333,0.1553068945071782
posts_very_high&has_night_post,179,0.01563131424616339,0.02471853618554065,0.07068295251390389,0.7374301675977654,0.26256983240223464,long,0.7374301675977654,0.15422078513708842
positive_heavy&china_streak_3d,59,0.026871485826259013,0.024075075061625206,0.05361401680704119,0.7457627118644068,0.2542372881355932,long,0.7457627118644068,0.1539282569509214
posts_very_high&has_attack,200,0.014405660075142889,0.022746056903401257,0.06612648985021341,0.755,0.245,long,0.755,0.15381373289168787
posts_very_high&has_exclamation,224,0.013862830314226629,0.022746056903401257,0.06775251078598657,0.7410714285714286,0.25892857142857145,long,0.7410714285714286,0.15375738571735864
posts_high&posts_very_high,224,0.013862830314226629,0.022746056903401257,0.06775251078598657,0.7410714285714286,0.25892857142857145,long,0.7410714285714286,0.15375738571735864
posts_very_high,224,0.013862830314226629,0.022746056903401257,0.06775251078598657,0.7410714285714286,0.25892857142857145,long,0.7410714285714286,0.15375738571735864
has_action&has_china,88,0.021526621062367832,0.022691996609082166,0.06756964545436873,0.7613636363636364,0.23863636363636365,long,0.7613636363636364,0.15374794954562188
posts_very_high&has_positive,223,0.013910927571751589,0.02274984813874914,0.06790110222811772,0.7399103139013453,0.2600896860986547,long,0.7399103139013453,0.1537048608616157
has_relief&lots_of_excl,92,0.021038149990593277,0.02429127785680696,0.06337483170062057,0.7608695652173914,0.2391304347826087,long,0.7608695652173914,0.15353651313466934
has_relief&has_exclamation,96,0.02058995085159914,0.025031385719482047,0.06283185958883841,0.7604166666666666,0.23958333333333334,long,0.7604166666666666,0.15340607330518063
has_relief,96,0.02058995085159914,0.025031385719482047,0.06283185958883841,0.7604166666666666,0.23958333333333334,long,0.7604166666666666,0.15340607330518063
has_attack&pre_deal,129,0.018141198766155203,0.019099632597738836,0.060114631562793175,0.7441860465116279,0.2558139534883721,long,0.7441860465116279,0.1533353749967485
deal_heavy&has_action,61,0.0249216647973556,0.027852109133175817,0.06672555187328574,0.7868852459016393,0.21311475409836064,long,0.7868852459016393,0.15316282576257115
posts_very_high&has_uppercase_phrase,129,0.017708964130230292,0.02471853618554065,0.07164150688532077,0.7596899224806202,0.24031007751937986,long,0.7596899224806202,0.1528003604817824
pre_relief&lots_of_excl,30,0.036362309048383674,0.026791548257973696,0.07867702508856755,0.7666666666666667,0.23333333333333334,long,0.7666666666666667,0.1526928363006003
has_positive&pre_relief,30,0.036362309048383674,0.026791548257973696,0.07867702508856755,0.7666666666666667,0.23333333333333334,long,0.7666666666666667,0.1526928363006003
posts_high&pre_action,57,0.027329477593796028,0.025568471971529227,0.06281412836705821,0.7368421052631579,0.2631578947368421,long,0.7368421052631579,0.1520348649736012
deal_heavy&lots_of_excl,154,0.01699185246446243,0.022492949046376998,0.060137734186104755,0.7207792207792207,0.2792207792207792,long,0.7207792207792207,0.15198591658086535
deal_heavy&short_posts,67,0.024316729801849228,0.02274984813874914,0.06870154652229617,0.7611940298507462,0.23880597014925373,long,0.7611940298507462,0.15150882979117075
posts_high&has_uppercase_phrase,191,0.014827331756790357,0.022742265668053374,0.06741457472947084,0.7382198952879581,0.2617801047120419,long,0.7382198952879581,0.15127439820077715
has_deal&positive_heavy,275,0.013021073856398807,0.019099632597738836,0.0556042744584882,0.6981818181818182,0.3018181818181818,long,0.6981818181818182,0.15075845707350416
posts_high&attack_heavy,229,0.013189488549398646,0.021680183771138672,0.06068613753762017,0.7510917030567685,0.24890829694323144,long,0.7510917030567685,0.14991278105963118
posts_very_high&has_deal,138,0.017248629524169466,0.025031385719482047,0.06468247205009203,0.7391304347826086,0.2608695652173913,long,0.7391304347826086,0.1497666869966917
has_deal&deal_heavy,159,0.01631826625721936,0.022582395675392997,0.06040673049973242,0.7169811320754716,0.2830188679245283,long,0.7169811320754716,0.14752998701862916
deal_heavy,159,0.01631826625721936,0.022582395675392997,0.06040673049973242,0.7169811320754716,0.2830188679245283,long,0.7169811320754716,0.14752998701862916
deal_heavy&has_positive,159,0.01631826625721936,0.022582395675392997,0.06040673049973242,0.7169811320754716,0.2830188679245283,long,0.7169811320754716,0.14752998701862916
deal_heavy&has_exclamation,159,0.01631826625721936,0.022582395675392997,0.06040673049973242,0.7169811320754716,0.2830188679245283,long,0.7169811320754716,0.14752998701862916
has_action&volume_spike,53,0.02496890693336865,0.02022513416585925,0.05350242926887273,0.8113207547169812,0.18867924528301888,long,0.8113207547169812,0.14747895491464352
all_caps_heavy&short_posts,26,0.03415725181109068,0.023553095478233366,0.05228824983577111,0.8461538461538461,0.15384615384615385,long,0.8461538461538461,0.14737334066692248
has_china&china_streak_3d,33,0.03233995217012869,0.024075075061625206,0.04678584471624181,0.7878787878787878,0.21212121212121213,long,0.7878787878787878,0.14637123975488
open_deal&short_posts,47,0.024423286070245003,0.026903531065828323,0.059150213147766424,0.8723404255319149,0.1276595744680851,long,0.8723404255319149,0.14606259901446428
posts_very_high&has_all_caps,92,0.019713221113889477,0.022131289723265835,0.05880038370213798,0.7717391304347826,0.22826086956521738,long,0.7717391304347826,0.14592242161577776
has_relief&positive_heavy,83,0.021098023514706653,0.023306035511766243,0.06542813344611155,0.7590361445783133,0.24096385542168675,long,0.7590361445783133,0.14589596311522227
has_china&pre_action,33,0.03342497343703394,0.025568471971529227,0.07555677837454504,0.7575757575757576,0.24242424242424243,long,0.7575757575757576,0.14546352565750834
deal_heavy&exclamation_heavy,158,0.016161066071791155,0.022492949046376998,0.06056616826208698,0.7151898734177216,0.2848101265822785,long,0.7151898734177216,0.14528470831808338
has_relief&has_china,46,0.02662413913045389,0.02565173951060984,0.07275629575349704,0.8043478260869565,0.1956521739130435,long,0.8043478260869565,0.14524406071036775
posts_very_high&deal_heavy,80,0.020925882299884777,0.02843219461527935,0.07315909902311776,0.775,0.225,long,0.775,0.14505425546627623
attack_heavy&positive_heavy,253,0.012164172828022488,0.02051462425231776,0.058608427542848535,0.7470355731225297,0.25296442687747034,long,0.7470355731225297,0.14453869375633707
positive_heavy&pre_deal,138,0.01645832176062026,0.020098323227797477,0.05870661244691965,0.7463768115942029,0.2536231884057971,long,0.7463768115942029,0.14430561500578523
positive_heavy&pre_action,62,0.024093632983331312,0.021583068870331346,0.06150803483144424,0.7580645161290323,0.24193548387096775,long,0.7580645161290323,0.14381503909261562
has_night_post&has_all_caps,111,0.017280890542732876,0.026632632098851694,0.0631916801321769,0.7837837837837838,0.21621621621621623,long,0.7837837837837838,0.14269997026152026
attack_heavy&short_posts,132,0.015612896220356274,0.024326731722419503,0.06453851272887585,0.7954545454545454,0.20454545454545456,long,0.7954545454545454,0.1426874597777577
deal_heavy&pre_action,25,0.03559435144513849,0.035711005360516745,0.07158786767561653,0.8,0.2,long,0.8,0.142377405780554
has_china&has_all_caps,87,0.019435089868987038,0.0227578765568619,0.06394060417096846,0.7816091954022989,0.21839080459770116,long,0.7816091954022989,0.14168890355683228
posts_high&has_night_post,300,0.011195214179195964,0.022490878727138508,0.06814331957687254,0.7266666666666667,0.2733333333333333,long,0.7266666666666667,0.14090560625587586
has_action&uppercase_phrase_heavy,25,0.03354318178182955,0.02274984813874914,0.05010413131222592,0.84,0.16,long,0.84,0.1408813634836841
posts_high&short_posts,241,0.012254297082504993,0.02194382522247773,0.07137378990358066,0.7385892116182573,0.26141078838174275,long,0.7385892116182573,0.1405076226829233
exclamation_heavy&volume_spike,134,0.015794373320455916,0.020586581785433378,0.05307432298060423,0.7611940298507462,0.23880597014925373,long,0.7611940298507462,0.1391714562165422
has_deal&has_relief,52,0.025054666924661035,0.025031385719482047,0.0750728976137875,0.7692307692307693,0.23076923076923078,long,0.7692307692307693,0.13897828659467235
has_exclamation&volume_drop,147,0.015343487968117102,0.021694510884563867,0.054999870375405525,0.7346938775510204,0.2653061224489796,long,0.7346938775510204,0.1366750323056601
has_russia&volume_spike,75,0.020733374064038745,0.021536050054348888,0.04857608425631258,0.76,0.24,long,0.76,0.13646277770673454
attack_heavy&pre_deal,76,0.019784955611276862,0.02459895467183082,0.058683860142362085,0.7894736842105263,0.21052631578947367,long,0.7894736842105263,0.13616940333472713
has_attack&china_streak_3d,53,0.02538547546153619,0.022694691964751934,0.05353194936859342,0.7358490566037735,0.2641509433962264,long,0.7358490566037735,0.1359915657945865
open_deal&deal_only,94,0.01854760428698698,0.02353834757141393,0.04962476043884459,0.7553191489361702,0.24468085106382978,long,0.7553191489361702,0.1358257912144733
posts_very_high&attack_heavy,157,0.014182335858339782,0.024494299467434866,0.06562710413628098,0.7643312101910829,0.2356687898089172,long,0.7643312101910829,0.13582483487587005
lots_of_excl&volume_spike,129,0.015740389250886958,0.020658539318548996,0.053987644947425535,0.7596899224806202,0.24031007751937986,long,0.7596899224806202,0.135814671822243
deal_heavy&pre_deal,91,0.018879784425992245,0.022403502417361,0.06352968758080708,0.7472527472527473,0.25274725274725274,long,0.7472527472527473,0.13458146379355482
has_positive&volume_drop,112,0.01709502770785114,0.026795620186741198,0.057138418859775025,0.7410714285714286,0.25892857142857145,long,0.7410714285714286,0.13407224762752898
posts_high&has_all_caps,128,0.015786422525637778,0.022580325356154507,0.06129038481507962,0.75,0.25,long,0.75,0.13395223702265446
deal_heavy&has_uppercase_phrase,62,0.023781392734138387,0.027207936698711133,0.07472152103618183,0.7096774193548387,0.2903225806451613,long,0.7096774193548387,0.13289055548898726
attack_heavy&volume_spike,90,0.018266284189787433,0.020586581785433378,0.059607040040099125,0.7666666666666667,0.23333333333333334,long,0.7666666666666667,0.13285504358359884
pre_relief&short_posts,24,0.03609686630147065,0.026695643859446894,0.08218776860391147,0.75,0.25,long,0.75,0.13262835562810216
deal_heavy&positive_heavy,139,0.0159168178575046,0.022582395675392997,0.06250420020786653,0.7050359712230215,0.2949640287769784,long,0.7050359712230215,0.13230459328418515
has_uppercase_phrase&deal_only,96,0.01904276368074002,0.025339523845015144,0.0638513016538819,0.7083333333333334,0.2916666666666667,long,0.7083333333333334,0.1321609872122807
has_action&has_all_caps,53,0.02274997743064843,0.019682022203277194,0.06274518600793584,0.7924528301886793,0.20754716981132076,long,0.7924528301886793,0.13124788864714027
positive_heavy&has_russia,231,0.011373455947823656,0.020658539318548996,0.05740989470703286,0.7575757575757576,0.24242424242424243,long,0.7575757575757576,0.1309557308223647
pre_action&has_night_post,47,0.026384533549189116,0.026591566704148972,0.06492527365206019,0.723404255319149,0.2765957446808511,long,0.723404255319149,0.13085171190216505
short_posts&volume_spike,102,0.017779857622110463,0.020771386115677748,0.048288013843880526,0.7254901960784313,0.27450980392156865,long,0.7254901960784313,0.1302746493086575
has_uppercase_phrase&china_streak_3d,33,0.031169241988339855,0.026599949535499157,0.05719067719388392,0.7272727272727273,0.2727272727272727,long,0.7272727272727273,0.13022084599790681
positive_heavy&volume_spike,122,0.01543400393490267,0.020369879209088504,0.05471892455326406,0.7622950819672131,0.23770491803278687,long,0.7622950819672131,0.12995160264227093
attack_heavy&has_night_post,202,0.012275165609146602,0.021296309634875388,0.0606056725505622,0.7425742574257426,0.25742574257425743,long,0.7425742574257426,0.129551645756299
deal_only&volume_spike,56,0.021498815588901297,0.021101088348158936,0.051290625190026265,0.8035714285714286,0.19642857142857142,long,0.8035714285714286,0.12928050346355888
has_russia,301,0.009879032023127588,0.017181177931020697,0.05580973800501842,0.7541528239202658,0.24584717607973422,long,0.7541528239202658,0.12925787225115534
has_russia&has_exclamation,301,0.009879032023127588,0.017181177931020697,0.05580973800501842,0.7541528239202658,0.24584717607973422,long,0.7541528239202658,0.12925787225115534
has_positive&has_russia,290,0.010132301438358663,0.0176130596681372,0.0565019711426593,0.7482758620689656,0.2517241379310345,long,0.7482758620689656,0.12911266236364002
has_china&has_russia,132,0.014972635670242564,0.020595265989898248,0.05509621810908284,0.75,0.25,long,0.75,0.12901686538724746
has_attack&volume_spike,122,0.015319302505977992,0.01995357818456822,0.0549993613421,0.7622950819672131,0.23770491803278687,long,0.7622950819672131,0.12898583675436592
posts_very_high&short_posts,147,0.014337164159239761,0.02274984813874914,0.07513921175360412,0.7414965986394558,0.2585034013605442,long,0.7414965986394558,0.1288935212794385
short_posts&volume_drop,83,0.019566771054200606,0.021173165193812293,0.05184663514020463,0.7228915662650602,0.27710843373493976,long,0.7228915662650602,0.12886392870912136
attack_heavy&has_china,141,0.014707805649807577,0.02051462425231776,0.05847831169546477,0.7375886524822695,0.2624113475177305,long,0.7375886524822695,0.12881655053964788
attack_heavy&pre_action,42,0.02528572346997729,0.0260800193378391,0.05208636318176363,0.7857142857142857,0.21428571428571427,long,0.7857142857142857,0.12875517064187536
posts_high&deal_heavy,117,0.01622385364793054,0.022582395675392997,0.06468169246838788,0.7264957264957265,0.27350427350427353,long,0.7264957264957265,0.12749114302884998
exclamation_heavy&volume_drop,100,0.01697564691790784,0.028105143797982568,0.06058610777910706,0.75,0.25,long,0.75,0.12731735188430882
volume_spike,177,0.013197115075217926,0.019348826001101882,0.0520951674338051,0.7231638418079096,0.2768361581920904,long,0.7231638418079096,0.12697035683051275
has_all_caps&volume_spike,48,0.021874629464279798,0.023625053011348984,0.07260351678136004,0.8333333333333334,0.16666666666666666,long,0.8333333333333334,0.1262932320962526
has_positive&volume_spike,144,0.014163594859719734,0.01995357818456822,0.05254867383169197,0.7430555555555556,0.2569444444444444,long,0.7430555555555556,0.1262920541658343
deal_heavy&has_attack,123,0.015680032415707396,0.02194382522247773,0.06360640643897628,0.7235772357723578,0.2764227642276423,long,0.7235772357723578,0.12583006098861502
has_russia&has_uppercase_phrase,115,0.015509759591321509,0.02274984813874914,0.06680213324768719,0.7565217391304347,0.24347826086956523,long,0.7565217391304347,0.12582745092396008
posts_low&volume_drop,250,0.01183523169602854,0.013291694538410281,0.04361049196559483,0.672,0.328,long,0.672,0.1257523303520997
has_all_caps&has_uppercase_phrase,132,0.014732128489714802,0.022580325356154507,0.06247595005951051,0.7424242424242424,0.25757575757575757,long,0.7424242424242424,0.12566218534165768
posts_very_high&volume_spike,85,0.0174104453709228,0.02051462425231776,0.06140861990132617,0.7764705882352941,0.2235294117647059,long,0.7764705882352941,0.12463624420965254
has_relief&pre_deal,25,0.03110994370138289,0.01738841877988717,0.10106880832659622,0.8,0.2,long,0.8,0.12443977480553157
positive_heavy&has_all_caps,146,0.013994886350192309,0.022580325356154507,0.05982406193530152,0.7328767123287672,0.2671232876712329,long,0.7328767123287672,0.1239300787850186
has_russia&exclamation_heavy,294,0.009587197024775366,0.0176130596681372,0.05619013600687984,0.7482993197278912,0.25170068027210885,long,0.7482993197278912,0.12301007072215016
open_deal&lots_of_excl,128,0.014750900653418796,0.023622073803092003,0.055242965672511024,0.734375,0.265625,long,0.734375,0.1225579270975377
open_deal&deal_over_tariff,123,0.014644598344161595,0.024494299467434866,0.05622550659383661,0.7479674796747967,0.25203252032520324,long,0.7479674796747967,0.1214822246772495
posts_high&volume_spike,115,0.014756482782499922,0.02022513416585925,0.05624349369860467,0.7652173913043478,0.23478260869565218,long,0.7652173913043478,0.12109232209708991
has_uppercase_phrase&volume_spike,83,0.017769962379213338,0.020658539318548996,0.06324333829586937,0.7469879518072289,0.25301204819277107,long,0.7469879518072289,0.12093141977713734
open_deal&has_all_caps,32,0.023580049274227355,0.02786071457368211,0.06712393684401224,0.90625,0.09375,long,0.90625,0.12088369238326342
has_deal&has_uppercase_phrase,127,0.015395062634315644,0.02236475082413314,0.06485880411113082,0.6929133858267716,0.30708661417322836,long,0.6929133858267716,0.12021599956457317
pre_action&has_all_caps,20,0.03352740174745122,0.018951521516102465,0.062423780329244644,0.8,0.2,long,0.8,0.11995127906599386
has_russia&lots_of_excl,278,0.009537739392751052,0.019128601485670416,0.057585259799290286,0.7482014388489209,0.2517985611510791,long,0.7482014388489209,0.1189834037748899
has_deal&attack_heavy,151,0.013256056516548936,0.020658539318548996,0.057181856852987094,0.7284768211920529,0.271523178807947,long,0.7284768211920529,0.11866388382184316
has_china&volume_spike,74,0.017555999416280856,0.020586581785433378,0.05941248852846017,0.7837837837837838,0.21621621621621623,long,0.7837837837837838,0.11836892171997011
has_uppercase_phrase&deal_over_tariff,115,0.01585562017024141,0.022582395675392997,0.0669992031196235,0.6956521739130435,0.30434782608695654,long,0.6956521739130435,0.11828353637105772
posts_high&china_streak_3d,41,0.026002719166632597,0.019682022203277194,0.05665070411014375,0.7073170731707317,0.2926829268292683,long,0.7073170731707317,0.1177673316759932
has_action&china_streak_3d,22,0.03435935535501,0.0233546100705202,0.04624522669312644,0.7272727272727273,0.2727272727272727,long,0.7272727272727273,0.1172070268032818
has_night_post&all_caps_heavy,26,0.026699858487901653,0.03334219922868975,0.08214643509265976,0.8461538461538461,0.15384615384615385,long,0.8461538461538461,0.11519800721844162
attack_heavy&has_russia,152,0.012399793395265224,0.02039842234499578,0.05652923079171827,0.75,0.25,long,0.75,0.11465619005954276
attack_heavy&deal_over_tariff,131,0.01380923747893937,0.02051462425231776,0.05796061914648801,0.7251908396946565,0.2748091603053435,long,0.7251908396946565,0.11461927464507723
attack_heavy&deal_only,107,0.01516096489061893,0.019682022203277194,0.054687836416320176,0.7289719626168224,0.27102803738317754,long,0.7289719626168224,0.11432193215743185
open_deal,137,0.013374751738050306,0.02236475082413314,0.05490328353063535,0.7299270072992701,0.27007299270072993,long,0.7299270072992701,0.11426821567463838
has_deal&open_deal,137,0.013374751738050306,0.02236475082413314,0.05490328353063535,0.7299270072992701,0.27007299270072993,long,0.7299270072992701,0.11426821567463838
open_deal&has_exclamation,137,0.013374751738050306,0.02236475082413314,0.05490328353063535,0.7299270072992701,0.27007299270072993,long,0.7299270072992701,0.11426821567463838
attack_heavy&all_caps_heavy,25,0.026890614401560455,0.037595601408866974,0.0846322345102482,0.84,0.16,long,0.84,0.1129405804865539
has_china&open_deal,68,0.01756295509951856,0.0287561801506655,0.060271506782629436,0.7794117647058824,0.22058823529411764,long,0.7794117647058824,0.11288052075248982
has_exclamation&volume_spike,153,0.012624500085591298,0.01891193078191855,0.05223708070121084,0.7189542483660131,0.28104575163398693,long,0.7189542483660131,0.11226933736443791
has_relief&has_all_caps,29,0.024175804886044656,0.02573500704969045,0.07760726702811262,0.8620689655172413,0.13793103448275862,long,0.8620689655172413,0.11223335660041212
has_positive&open_deal,131,0.013330332552187876,0.02236475082413314,0.05600438780704822,0.7251908396946565,0.2748091603053435,long,0.7251908396946565,0.11064427346112873
has_russia&has_all_caps,70,0.016492506455538035,0.022022467297635906,0.06702190518017602,0.8,0.2,long,0.8,0.11038896710963092
open_deal&has_uppercase_phrase,61,0.018740743510718198,0.02573500704969045,0.06253168100653898,0.7540983606557377,0.2459016393442623,long,0.7540983606557377,0.11037729102981114
posts_very_high&china_streak_3d,25,0.030524247136438434,0.024075075061625206,0.06680568428758889,0.72,0.28,long,0.72,0.10988728969117835
deal_heavy&open_deal,91,0.015175834105452089,0.026591566704148972,0.059952463642768274,0.7582417582417582,0.24175824175824176,long,0.7582417582417582,0.10976931776373404
posts_high&open_deal,96,0.014674974042157547,0.023622073803092003,0.05731187223092538,0.7604166666666666,0.23958333333333334,long,0.7604166666666666,0.109336353441951
has_night_post&volume_spike,102,0.014505714636167037,0.01995357818456822,0.056144339476460185,0.7450980392156863,0.2549019607843137,long,0.7450980392156863,0.10915726256652397
uppercase_phrase_heavy&short_posts,38,0.02320045586825404,0.019591412006764064,0.05661275674946128,0.7631578947368421,0.23684210526315788,long,0.7631578947368421,0.10914471673306159
has_russia&pre_deal,68,0.016052180577911333,0.020098323227797477,0.05219478666830532,0.8235294117647058,0.17647058823529413,long,0.8235294117647058,0.10901031819047467
silence_day&volume_drop,170,0.012682287648089036,0.011833739493626094,0.045905428786131054,0.6588235294117647,0.3411764705882353,long,0.6588235294117647,0.10894095077124842
deal_over_tariff&volume_spike,69,0.016446651361363272,0.02051462425231776,0.06172985382034142,0.7971014492753623,0.2028985507246377,long,0.7971014492753623,0.10889692849980696
has_deal&volume_spike,83,0.015204536469968144,0.020658539318548996,0.058604310387356334,0.7831325301204819,0.21686746987951808,long,0.7831325301204819,0.10847945511730028
open_deal&exclamation_heavy,133,0.01302492434865093,0.02236475082413314,0.05568618914265273,0.7218045112781954,0.2781954887218045,long,0.7218045112781954,0.1084228008481217
has_russia&pre_action,35,0.023248421781187294,0.02274984813874914,0.05416806823421483,0.7714285714285715,0.22857142857142856,long,0.7714285714285715,0.10610191395410523
open_deal&has_night_post,81,0.015400378727541646,0.026591566704148972,0.05475379296854341,0.7654320987654321,0.2345679012345679,long,0.7654320987654321,0.10609149790084245
deal_heavy&has_china,85,0.015752436669505838,0.020482082914045296,0.06315120508238936,0.7294117647058823,0.27058823529411763,long,0.7294117647058823,0.10593268225273396
has_attack&all_caps_heavy,28,0.024169825253914454,0.02784018187633075,0.08041708934457785,0.8214285714285714,0.17857142857142858,long,0.8214285714285714,0.10505635554544022
has_china&all_caps_heavy,22,0.02571130607679439,0.02784018187633075,0.08884885061033687,0.8636363636363636,0.13636363636363635,long,0.8636363636363636,0.10415170860620755
lots_of_excl&volume_drop,65,0.01708517669703861,0.03047710433002404,0.06250733547331246,0.7538461538461538,0.24615384615384617,long,0.7538461538461538,0.10383861249431874
deal_only&volume_drop,21,0.026266796148426325,0.03064926049912109,0.04741794481591854,0.8571428571428571,0.14285714285714285,long,0.8571428571428571,0.10317392709783269
deal_over_tariff&volume_drop,21,0.026266796148426325,0.03064926049912109,0.04741794481591854,0.8571428571428571,0.14285714285714285,long,0.8571428571428571,0.10317392709783269
positive_heavy&open_deal,111,0.013560399802556605,0.022582395675392997,0.05813335515759343,0.7207207207207207,0.27927927927927926,long,0.7207207207207207,0.10296769518557768
has_market_brag&volume_spike,46,0.01887445510816226,0.019786980083480565,0.02978499441907299,0.8043478260869565,0.1956521739130435,long,0.8043478260869565,0.10296680355269365
sig_potus&short_posts,30,0.02163525899264153,0.027949711480985795,0.0316781997035473,0.8666666666666667,0.13333333333333333,long,0.8666666666666667,0.10270103469371428
has_russia&sig_potus,29,0.022055878499630095,0.02471853618554065,0.02463609850556824,0.8620689655172413,0.13793103448275862,long,0.8620689655172413,0.10239184541951943
has_china&has_iran,43,0.018711356193153436,0.017181177931020697,0.06613674620242778,0.813953488372093,0.18604651162790697,long,0.813953488372093,0.09987092739540095
has_attack&open_deal,104,0.013204565638522117,0.02266612190707107,0.055793825567410506,0.7307692307692307,0.2692307692307692,long,0.7307692307692307,0.09840587840980614
has_market_brag&has_china,70,0.015201872195589394,0.020441836742204123,0.031208894015301733,0.7714285714285715,0.22857142857142856,long,0.7714285714285715,0.0981164478435129
attack_heavy&uppercase_phrase_heavy,44,0.018309507451899885,0.023412461600187173,0.07297678952068795,0.7954545454545454,0.20454545454545456,long,0.7954545454545454,0.09660917368163105
attack_heavy&has_market_brag,73,0.014720108927593225,0.020282220437673804,0.041798740102724136,0.7671232876712328,0.2328767123287671,long,0.7671232876712328,0.09648007240130078
has_china&volume_drop,27,0.024951497915341563,0.02850008020394812,0.05277106156599495,0.7407407407407407,0.25925925925925924,long,0.7407407407407407,0.09603836025404558
has_iran&has_russia,47,0.017728515253371498,0.02263414507941519,0.06302920512885789,0.7872340425531915,0.2127659574468085,long,0.7872340425531915,0.09568087988802311
all_caps_heavy,32,0.02157530781179698,0.023553095478233366,0.07591546384376802,0.78125,0.21875,long,0.78125,0.0953502903744296
all_caps_heavy&exclamation_heavy,32,0.02157530781179698,0.023553095478233366,0.07591546384376802,0.78125,0.21875,long,0.78125,0.0953502903744296
all_caps_heavy&has_exclamation,32,0.02157530781179698,0.023553095478233366,0.07591546384376802,0.78125,0.21875,long,0.78125,0.0953502903744296
all_caps_heavy&lots_of_excl,32,0.02157530781179698,0.023553095478233366,0.07591546384376802,0.78125,0.21875,long,0.78125,0.0953502903744296
has_all_caps&all_caps_heavy,32,0.02157530781179698,0.023553095478233366,0.07591546384376802,0.78125,0.21875,long,0.78125,0.0953502903744296
has_russia&deal_over_tariff,116,0.012053804708330902,0.019340043105880333,0.052416200703953524,0.7327586206896551,0.2672413793103448,long,0.7327586206896551,0.09512925201943
posts_very_high&has_russia,121,0.011318827296333593,0.022742265668053374,0.06535311071224861,0.7603305785123967,0.2396694214876033,long,0.7603305785123967,0.09466655556933551
has_russia&uppercase_phrase_heavy,29,0.022130526565370377,0.021680183771138672,0.06229643017381605,0.7931034482758621,0.20689655172413793,long,0.7931034482758621,0.09451931913563168
posts_low&has_attack,30,0.023527055669705553,0.021964670905374017,0.039790390589457277,0.7333333333333333,0.26666666666666666,long,0.7333333333333333,0.09449952674783532
posts_very_high&uppercase_phrase_heavy,45,0.018102857937771725,0.022742265668053374,0.07122985593977192,0.7777777777777778,0.2222222222222222,long,0.7777777777777778,0.09445151551705155
has_russia&deal_only,97,0.012825685169354652,0.019682022203277194,0.05517222967830731,0.7422680412371134,0.25773195876288657,long,0.7422680412371134,0.0937620738137907
has_attack&has_russia,268,0.007754780899182336,0.015671646440909237,0.057141237660654834,0.7350746268656716,0.26492537313432835,long,0.7350746268656716,0.0933186314454625
has_attack&volume_drop,52,0.01708671425019577,0.02965359054118044,0.05345903260712765,0.75,0.25,long,0.75,0.09241053653742311
has_china&uppercase_phrase_heavy,37,0.019360169172023784,0.02051462425231776,0.0706237207685043,0.7837837837837838,0.21621621621621623,long,0.7837837837837838,0.09230097397229212
has_deal&volume_drop,22,0.023907909340064922,0.029574670351534604,0.047579486432907346,0.8181818181818182,0.18181818181818182,long,0.8181818181818182,0.09174930116160296
all_caps_heavy&has_uppercase_phrase,30,0.021818826669178906,0.024801710650415143,0.07845031766510975,0.7666666666666667,0.23333333333333334,long,0.7666666666666667,0.09162175384503524
deal_heavy&attack_heavy,80,0.013558373342128852,0.025031385719482047,0.0668185637933115,0.7375,0.2625,long,0.7375,0.08943646114909733
has_deal&china_streak_3d,24,0.02733537562673419,0.020397831818875445,0.0715815183137093,0.6666666666666666,0.3333333333333333,long,0.6666666666666666,0.08927696295041423
has_positive&all_caps_heavy,30,0.021249436553422773,0.023553095478233366,0.07823895504557142,0.7666666666666667,0.23333333333333334,long,0.7666666666666667,0.08923076729848105
uppercase_phrase_heavy&has_exclamation,54,0.01633235502660339,0.022211224719596023,0.06699955839754826,0.7407407407407407,0.25925925925925924,long,0.7407407407407407,0.08890208025146284
uppercase_phrase_heavy&lots_of_excl,54,0.01633235502660339,0.022211224719596023,0.06699955839754826,0.7407407407407407,0.25925925925925924,long,0.7407407407407407,0.08890208025146284
uppercase_phrase_heavy,54,0.01633235502660339,0.022211224719596023,0.06699955839754826,0.7407407407407407,0.25925925925925924,long,0.7407407407407407,0.08890208025146284
has_uppercase_phrase&uppercase_phrase_heavy,54,0.01633235502660339,0.022211224719596023,0.06699955839754826,0.7407407407407407,0.25925925925925924,long,0.7407407407407407,0.08890208025146284
uppercase_phrase_heavy&exclamation_heavy,54,0.01633235502660339,0.022211224719596023,0.06699955839754826,0.7407407407407407,0.25925925925925924,long,0.7407407407407407,0.08890208025146284
has_action&has_iran,31,0.019480503228529296,0.02022513416585925,0.07056896148304834,0.8064516129032258,0.1935483870967742,long,0.8064516129032258,0.08747004164983918
sig_potus&lots_of_excl,60,0.013821250106070665,0.025562760889534686,0.0507450153861036,0.8166666666666667,0.18333333333333332,long,0.8166666666666667,0.08743147009147932
posts_high&all_caps_heavy,31,0.020179603411501428,0.02051462425231776,0.07675186866828881,0.7741935483870968,0.22580645161290322,long,0.7741935483870968,0.08698473037207802
positive_heavy&has_market_brag,140,0.010115413010238408,0.019005781689828694,0.04093315799377145,0.7214285714285714,0.2785714285714286,long,0.7214285714285714,0.08634575187378574
has_night_post&uppercase_phrase_heavy,45,0.017466791193587333,0.02274984813874914,0.07198095718167179,0.7333333333333333,0.26666666666666666,long,0.7333333333333333,0.08592525140684312
has_deal&has_russia,138,0.009988801921327804,0.01841788228243535,0.05224969033644452,0.7318840579710145,0.26811594202898553,long,0.7318840579710145,0.08588063198685687
has_relief&volume_spike,21,0.02178266993273609,0.024494299467434866,0.09199134558721916,0.8571428571428571,0.14285714285714285,long,0.8571428571428571,0.0855606289757158
has_positive&uppercase_phrase_heavy,52,0.015942700347341594,0.022211224719596023,0.06811358260359607,0.7307692307692307,0.2692307692307692,long,0.7307692307692307,0.0840124806047889
pre_deal&volume_spike,41,0.015263851406554169,0.02051462425231776,0.07138996231679648,0.8536585365853658,0.14634146341463414,long,0.8536585365853658,0.08343345832745894
sig_potus&exclamation_heavy,61,0.013281027632669817,0.02471853618554065,0.05049694284139486,0.8032786885245902,0.19672131147540983,long,0.8032786885245902,0.08332260567909133
posts_low&exclamation_heavy,48,0.01694484757982202,0.016353481114977253,0.03783373400484256,0.7083333333333334,0.2916666666666667,long,0.7083333333333334,0.08315645464849308
posts_very_high&open_deal,60,0.013687775478237216,0.02657766548419771,0.06381399801237712,0.7833333333333333,0.21666666666666667,long,0.7833333333333333,0.08305295814234777
sig_potus&has_exclamation,63,0.013143046278442387,0.02408825624617905,0.04973276376984617,0.7936507936507936,0.20634920634920634,long,0.7936507936507936,0.08279340933945603
sig_potus,63,0.013143046278442387,0.02408825624617905,0.04973276376984617,0.7936507936507936,0.20634920634920634,long,0.7936507936507936,0.08279340933945603
has_positive&sig_potus,61,0.013440673944245083,0.02471853618554065,0.050526499487915294,0.7868852459016393,0.21311475409836064,long,0.7868852459016393,0.08260329388879253
has_iran&volume_spike,38,0.01747354504098421,0.02367634063247792,0.07741343661607962,0.7631578947368421,0.23684210526315788,long,0.7631578947368421,0.08220291595348456
has_attack&uppercase_phrase_heavy,50,0.015682033630135893,0.022211224719596023,0.06908878068913209,0.74,0.26,long,0.74,0.08205765518771789
uppercase_phrase_heavy&volume_spike,27,0.01933658186357003,0.02274984813874914,0.09038816416951195,0.8148148148148148,0.18518518518518517,long,0.8148148148148148,0.08186919212368887
has_market_brag&has_exclamation,177,0.008572243391833816,0.01738841877988717,0.04508292909870338,0.7175141242937854,0.2824858757062147,long,0.7175141242937854,0.0818298172461264
has_market_brag,177,0.008572243391833816,0.01738841877988717,0.04508292909870338,0.7175141242937854,0.2824858757062147,long,0.7175141242937854,0.0818298172461264
positive_heavy&has_chips,25,0.0204133747094482,0.02408825624617905,0.03216125479954561,0.8,0.2,long,0.8,0.08165349883779281
positive_heavy&uppercase_phrase_heavy,51,0.015733734676985564,0.021680183771138672,0.06877451023896325,0.7254901960784313,0.27450980392156865,long,0.7254901960784313,0.0815170506675859
has_iran,121,0.010067381820454023,0.019899414118701886,0.06517027221657438,0.7355371900826446,0.2644628099173554,long,0.7355371900826446,0.08145427109276437
has_positive&has_market_brag,173,0.008617356161069758,0.018233723302620408,0.045560054524104256,0.7167630057803468,0.2832369942196532,long,0.7167630057803468,0.08124051664106835
has_market_brag&exclamation_heavy,175,0.008414857476555892,0.01738841877988717,0.04514413902747625,0.72,0.28,long,0.72,0.08014903272366991
posts_low&has_exclamation,140,0.010085755448439856,0.012111608983017774,0.03724007957193831,0.6714285714285714,0.32857142857142857,long,0.6714285714285714,0.08012577981636246
attack_heavy&china_streak_3d,24,0.02291278810246147,0.021158083641346193,0.04462823113721388,0.7083333333333334,0.2916666666666667,long,0.7083333333333334,0.07950990586702039
has_all_caps&deal_only,59,0.014354835113285499,0.019682022203277194,0.05783958739461816,0.711864406779661,0.288135593220339,long,0.711864406779661,0.07849129472973307
posts_very_high&has_market_brag,67,0.012349287381824519,0.01891193078191855,0.04515849749544711,0.7761194029850746,0.22388059701492538,long,0.7761194029850746,0.07845269003695932
pre_deal&open_deal,44,0.014804733158579114,0.026744904383182222,0.05771033809966249,0.7954545454545454,0.20454545454545456,long,0.7954545454545454,0.07811641251326831
posts_high&has_russia,184,0.007879350726752733,0.020595265989898248,0.06638412217239537,0.7282608695652174,0.2717391304347826,long,0.7282608695652174,0.07783704125365654
posts_very_high&all_caps_heavy,26,0.019821145159371358,0.019591412006764064,0.0828597639349892,0.7692307692307693,0.23076923076923078,long,0.7692307692307693,0.0777449276533767
has_iran&exclamation_heavy,115,0.009740852848586314,0.01723866306689903,0.0658344221192197,0.7391304347826086,0.2608695652173913,long,0.7391304347826086,0.07720883300017879
posts_high&uppercase_phrase_heavy,51,0.014735412296320173,0.02051462425231776,0.06844312506347322,0.7254901960784313,0.27450980392156865,long,0.7254901960784313,0.07634470616337075
has_positive&has_iran,116,0.009638578313237549,0.017209920498959863,0.0656299759739583,0.7327586206896551,0.2672413793103448,long,0.7327586206896551,0.07606816002546239
has_action&has_market_brag,40,0.015031165818060518,0.021487491152304194,0.05055570359839053,0.8,0.2,long,0.8,0.07605235179638295
attack_heavy&open_deal,67,0.012389663946929363,0.026563764264246448,0.06171586954148762,0.746268656716418,0.2537313432835821,long,0.746268656716418,0.0756819180078854
has_iran&has_exclamation,120,0.009412135733295133,0.018569038592800458,0.06504204205590859,0.7333333333333333,0.26666666666666666,long,0.7333333333333333,0.0756101728129172
positive_heavy&all_caps_heavy,28,0.018902985599582738,0.019591412006764064,0.08050199927763328,0.75,0.25,long,0.75,0.07501889839969667
has_attack&has_market_brag,130,0.008985868687626223,0.01879006527156446,0.04912436150930556,0.7230769230769231,0.27692307692307694,long,0.7230769230769231,0.07408260501347158
has_market_brag&has_night_post,93,0.01004913793603283,0.01866819976121037,0.04732922928075537,0.7634408602150538,0.23655913978494625,long,0.7634408602150538,0.07398534135477826
has_attack&has_iran,86,0.010879413379342768,0.018569038592800458,0.06572033640149867,0.7325581395348837,0.26744186046511625,long,0.7325581395348837,0.07390891087783069
deal_over_tariff&china_streak_3d,20,0.02729087702041417,0.017935885736414137,0.0781845609026459,0.6,0.4,long,0.6,0.07322910741987959
has_attack&sig_potus,54,0.01279857078868478,0.02697881866700036,0.05349590640816793,0.7777777777777778,0.2222222222222222,long,0.7777777777777778,0.07314992502805814
pre_deal&has_uppercase_phrase,60,0.013793029802048141,0.024158701362541724,0.07570785738936776,0.6833333333333333,0.31666666666666665,long,0.6833333333333333,0.07300757211333589
has_russia&has_night_post,175,0.0074045218898182745,0.018998064008483473,0.06371751505255821,0.7428571428571429,0.2571428571428571,long,0.7428571428571429,0.07276480156323173
posts_low&has_positive,86,0.011598393544678799,0.012397908596033846,0.03428656986329886,0.6744186046511628,0.32558139534883723,long,0.6744186046511628,0.07253984255639924
has_iran&deal_only,58,0.01282338617965496,0.018569038592800458,0.05892918183003975,0.7413793103448276,0.25862068965517243,long,0.7413793103448276,0.0724031031466258
has_market_brag&lots_of_excl,164,0.0075987212239497105,0.017756219449051813,0.04579865706338832,0.7195121951219512,0.2804878048780488,long,0.7195121951219512,0.07001653186613414
has_relief&has_market_brag,25,0.016536645805329864,0.020055234765260055,0.021829486135510424,0.84,0.16,long,0.84,0.06945391238238542
has_deal&has_iran,76,0.010718758307742942,0.016685463600285888,0.06436270736207199,0.7368421052631579,0.2631578947368421,long,0.7368421052631579,0.06885345049385677
posts_high&sig_potus,46,0.012278789477209031,0.02440339621585985,0.05532616575584089,0.8260869565217391,0.17391304347826086,long,0.8260869565217391,0.06879553210988693
has_iran&pre_deal,42,0.013044364578761172,0.016684461771575343,0.06839318542262776,0.8095238095238095,0.19047619047619047,long,0.8095238095238095,0.06843483118940982
has_tariff&has_market_brag,32,0.01531828219520005,0.02071709318386783,0.025986639920559135,0.78125,0.21875,long,0.78125,0.06769788260221943
has_all_caps&china_streak_3d,22,0.02103568195264214,0.02467891304618053,0.05489353077104858,0.6818181818181818,0.3181818181818182,long,0.6818181818181818,0.06727233691998136
has_all_caps&uppercase_phrase_heavy,42,0.013993401113602236,0.01802830927054877,0.07402040818849506,0.7380952380952381,0.2619047619047619,long,0.7380952380952381,0.06693608874495487
deal_heavy&has_russia,66,0.010837141428608584,0.02124194137142732,0.05928122577839131,0.7575757575757576,0.24242424242424243,long,0.7575757575757576,0.06669799482006633
has_all_caps&deal_over_tariff,73,0.010870477900916345,0.019682022203277194,0.06571186959123852,0.7123287671232876,0.2876712328767123,long,0.7123287671232876,0.06615924661285857
has_deal&has_all_caps,80,0.01045145407068384,0.01875986137983221,0.06333177040679072,0.7,0.3,long,0.7,0.06543645294414469
has_market_brag&has_uppercase_phrase,67,0.011342142510345645,0.01866819976121037,0.037885594435209724,0.7014925373134329,0.29850746268656714,long,0.7014925373134329,0.06512617267005096
posts_high&has_chips,23,0.015541880436877509,0.026714041608994155,0.07465146016597629,0.8695652173913043,0.13043478260869565,long,0.8695652173913043,0.06481412185281253
deal_heavy&has_market_brag,41,0.012625107679745099,0.025568471971529227,0.050505685664325686,0.7804878048780488,0.21951219512195122,long,0.7804878048780488,0.06309473793902473
has_deal&has_market_brag,80,0.009381190928378132,0.017284798355453934,0.044630916168178277,0.75,0.25,long,0.75,0.06293094187727359
positive_heavy&volume_drop,39,0.013535975632393926,0.03209960958590674,0.07244722162573856,0.7435897435897436,0.2564102564102564,long,0.7435897435897436,0.0628572328510107
has_action&open_deal,45,0.012317136944327855,0.026591566704148972,0.06162604316535953,0.7555555555555555,0.24444444444444444,long,0.7555555555555555,0.06242843245689989
all_caps_heavy&uppercase_phrase_heavy,21,0.016802990313769254,0.01866819976121037,0.08914889054894695,0.8095238095238095,0.19047619047619047,long,0.8095238095238095,0.062334122630751214
has_tariff&attack_heavy,61,0.01101615049030685,0.022403502417361,0.056280951658644544,0.7213114754098361,0.2786885245901639,long,0.7213114754098361,0.06206083565660577
open_deal&volume_spike,38,0.012287638616731161,0.018431600067148945,0.06096574562973982,0.8157894736842105,0.18421052631578946,long,0.8157894736842105,0.061792864161168345
has_russia&open_deal,57,0.011330247861086428,0.02236475082413314,0.051441939658130695,0.7192982456140351,0.2807017543859649,long,0.7192982456140351,0.0615298476128615
has_iran&lots_of_excl,109,0.008016158006835174,0.017181177931020697,0.06631907927247944,0.7339449541284404,0.26605504587155965,long,0.7339449541284404,0.061424694763461796
has_action&has_russia,74,0.00970899595709507,0.022518823748388095,0.06525980017520691,0.7162162162162162,0.28378378378378377,long,0.7162162162162162,0.05981833629303624
deal_heavy&volume_spike,46,0.011057917336686292,0.017284798355453934,0.07163619430362973,0.782608695652174,0.21739130434782608,long,0.782608695652174,0.05869443467232638
has_iran&has_uppercase_phrase,49,0.011390624469996823,0.02471853618554065,0.08486424418990031,0.7142857142857143,0.2857142857142857,long,0.7142857142857143,0.05695312234998412
has_market_brag&deal_over_tariff,67,0.008871528942741515,0.017181177931020697,0.0467848791527921,0.7611940298507462,0.23880597014925373,long,0.7611940298507462,0.055275317837806155
posts_high&has_market_brag,112,0.007071950555183718,0.01879006527156446,0.05127911711614183,0.7321428571428571,0.26785714285714285,long,0.7321428571428571,0.05479539432711518
has_night_post&sig_potus,41,0.01083334736450924,0.02640698559352872,0.058270717940882254,0.7804878048780488,0.21951219512195122,long,0.7804878048780488,0.05414030757636558
has_market_brag&has_all_caps,48,0.01094722157610155,0.019361717263235212,0.03757652731791611,0.7083333333333334,0.2916666666666667,long,0.7083333333333334,0.05372324125264603
has_iran&deal_over_tariff,66,0.00904635409817956,0.016685463600285888,0.06828841374573164,0.7272727272727273,0.2727272727272727,long,0.7272727272727273,0.05344940226585211
attack_heavy&has_iran,51,0.009890552439744047,0.02022513416585925,0.08103666858341174,0.7450980392156863,0.2549019607843137,long,0.7450980392156863,0.05262826568535128
has_market_brag&pre_deal,44,0.010199306625486794,0.015951123841396075,0.03560300286452994,0.7727272727272727,0.22727272727272727,long,0.7727272727272727,0.05227851312499408
has_exclamation&has_chips,31,0.011386382879958015,0.023407589707432397,0.06648614072640524,0.8064516129032258,0.1935483870967742,long,0.8064516129032258,0.05112636840368395
has_chips,31,0.011386382879958015,0.023407589707432397,0.06648614072640524,0.8064516129032258,0.1935483870967742,long,0.8064516129032258,0.05112636840368395
exclamation_heavy&has_chips,30,0.011661035154181924,0.023747922976805724,0.06760484928536895,0.8,0.2,long,0.8,0.05109609598244939
has_positive&tariff_only,56,0.009784558451403871,0.019855934955127497,0.053404235134086875,0.6964285714285714,0.30357142857142855,long,0.6964285714285714,0.05099314824409468
has_attack&has_chips,28,0.01163735159262212,0.023360047915214732,0.06788302939876817,0.8214285714285714,0.17857142857142858,long,0.8214285714285714,0.05058281281217788
has_iran&has_night_post,70,0.008409479298758639,0.017209920498959863,0.07446019069802284,0.7142857142857143,0.2857142857142857,long,0.7142857142857143,0.0502562512374083
lots_of_excl&has_chips,29,0.011689372646564425,0.02408825624617905,0.06880130686526217,0.7931034482758621,0.20689655172413793,long,0.7931034482758621,0.04992522615367129
has_positive&has_chips,30,0.011219246792233295,0.023747922976805724,0.06761611422963804,0.8,0.2,long,0.8,0.049160276370589215
positive_heavy&sig_potus,46,0.009523237941037422,0.023226503535156096,0.05608652738141595,0.7608695652173914,0.2391304347826087,long,0.7608695652173914,0.04914436908342824
has_market_brag&volume_drop,22,0.015645193616480035,0.02542614988491776,0.03642844090644277,0.6363636363636364,0.36363636363636365,long,0.6363636363636364,0.04669793081178074
has_market_brag&open_deal,33,0.010043058809556074,0.024494299467434866,0.05595967437651215,0.7878787878787878,0.21212121212121213,long,0.7878787878787878,0.0454550755410113
deal_heavy&has_all_caps,44,0.009884189951754902,0.0176130596681372,0.07527254534733151,0.6818181818181818,0.3181818181818182,long,0.6818181818181818,0.044702931036234614
sig_potus&has_uppercase_phrase,34,0.009550534438188632,0.027534657078231883,0.0635389952008809,0.7941176470588235,0.20588235294117646,long,0.7941176470588235,0.044223384874612214
has_night_post&volume_drop,40,0.010253581151134575,0.023735417124681746,0.060657853334063726,0.675,0.325,long,0.675,0.0437733053247912
exclamation_heavy&tariff_only,56,0.008324561653489411,0.019855934955127497,0.05511000089128893,0.6964285714285714,0.30357142857142855,long,0.6964285714285714,0.04338423737481844
has_russia&short_posts,141,0.004665747111446966,0.015604231689303472,0.0714875137518318,0.7588652482269503,0.24113475177304963,long,0.7588652482269503,0.042043166456337176
deal_heavy&has_iran,39,0.008650224485798746,0.026563764264246448,0.08604154222192516,0.7692307692307693,0.23076923076923078,long,0.7692307692307693,0.04155433430731538
has_iran&has_all_caps,31,0.009991678021634118,0.012214583178742133,0.08421327768494809,0.7096774193548387,0.2903225806451613,long,0.7096774193548387,0.03948028367425746
posts_low&short_posts,127,0.00545468491843694,0.01185087949321506,0.03942658040171642,0.6220472440944882,0.3779527559055118,long,0.6220472440944882,0.03823797633659248
positive_heavy&has_iran,94,0.00553212882845429,0.016220062318315742,0.07076548726489983,0.7127659574468085,0.2872340425531915,long,0.7127659574468085,0.038229899911747106
posts_very_high&has_tariff,56,0.007028231298392616,0.018046554356469624,0.0583683944369923,0.7142857142857143,0.2857142857142857,long,0.7142857142857143,0.03756747650512363
has_market_brag&deal_only,54,0.006406158022540557,0.01562855449621725,0.050521212825541534,0.7592592592592593,0.24074074074074073,long,0.7592592592592593,0.03574247516896177
has_attack&tariff_rising,25,0.01031737493635036,0.021043187238332317,0.03874780524789708,0.68,0.32,long,0.68,0.03507907478359123
tariff_only,59,0.006584832270716996,0.01891193078191855,0.05472779428538657,0.6779661016949152,0.3220338983050847,long,0.6779661016949152,0.03429088569264125
has_exclamation&tariff_only,59,0.006584832270716996,0.01891193078191855,0.05472779428538657,0.6779661016949152,0.3220338983050847,long,0.6779661016949152,0.03429088569264125
has_tariff&tariff_only,59,0.006584832270716996,0.01891193078191855,0.05472779428538657,0.6779661016949152,0.3220338983050847,long,0.6779661016949152,0.03429088569264125
has_iran&short_posts,50,0.006622676325742696,0.01599677368502328,0.08116506699594457,0.72,0.28,long,0.72,0.03371716324466113
posts_very_high&sig_potus,29,0.007805465613029217,0.02471853618554065,0.06648559506932633,0.7931034482758621,0.20689655172413793,long,0.7931034482758621,0.033337087262738624
lots_of_excl&tariff_only,53,0.006676938674691718,0.01893622286106833,0.0558756709866058,0.6792452830188679,0.32075471698113206,long,0.6792452830188679,0.033017330225032795
lots_of_excl&tariff_rising,32,0.008825942387954647,0.016164872679943376,0.03662561613417606,0.65625,0.34375,long,0.65625,0.03276463949264374
attack_heavy&sig_potus,34,0.007254990743138378,0.023810166739824168,0.0639084482606782,0.7647058823529411,0.23529411764705882,long,0.7647058823529411,0.032349736839426
has_deal&uppercase_phrase_heavy,23,0.009549816623849823,0.02051462425231776,0.0963023617205192,0.6956521739130435,0.30434782608695654,long,0.6956521739130435,0.03186039068279292
has_relief&open_deal,26,0.008038217469804253,0.02616328687691971,0.07171336636211056,0.7692307692307693,0.23076923076923078,long,0.7692307692307693,0.03152848287156485
has_tariff&has_positive,141,0.004089753171589603,0.015476710054144194,0.053579726709846946,0.6453900709219859,0.3546099290780142,long,0.6453900709219859,0.03134216076029287
sig_potus&has_all_caps,23,0.007838517648961128,0.02236475082413314,0.07082706302464915,0.8260869565217391,0.17391304347826086,long,0.8260869565217391,0.031054434378334203
positive_heavy&tariff_only,44,0.006588116565570212,0.019855934955127497,0.05572332626896089,0.7045454545454546,0.29545454545454547,long,0.7045454545454546,0.03078907420076175
has_market_brag&short_posts,88,0.004610287000835952,0.01569842064072935,0.054781444340809525,0.6931818181818182,0.3068181818181818,long,0.6931818181818182,0.029978952981087107
posts_low&has_uppercase_phrase,26,0.00889794914413566,0.012258751349836783,0.04011513849953324,0.6538461538461539,0.34615384615384615,long,0.6538461538461539,0.029665533745667966
has_tariff&lots_of_excl,136,0.003904138779043345,0.016328943992582445,0.05367695507654273,0.6470588235294118,0.35294117647058826,long,0.6470588235294118,0.02946038817946117
open_tariff&open_deal,23,-0.013844581501508734,0.002878979359330014,0.07719522763986542,0.5652173913043478,0.43478260869565216,short,0.43478260869565216,0.028867947996525097
posts_low&volume_spike,43,0.006728772164039941,0.014924214339260278,0.04853169887043525,0.627906976744186,0.37209302325581395,long,0.627906976744186,0.02770545964796777
has_tariff&has_action,40,0.00597383261860949,0.022937837702350472,0.06529362487774493,0.725,0.275,long,0.725,0.027391830281350244
has_tariff&has_iran,22,0.007919400671928171,0.015522172004009183,0.07388440807679353,0.7272727272727273,0.2727272727272727,long,0.7272727272727273,0.02701475034179502
has_tariff&exclamation_heavy,141,0.00350989628731152,0.015476710054144194,0.05419748520165651,0.6453900709219859,0.3546099290780142,long,0.6453900709219859,0.026898379700043117
has_tariff&positive_heavy,121,0.0037381172476017403,0.017837700556387226,0.0543479945156712,0.6528925619834711,0.34710743801652894,long,0.6528925619834711,0.026846478414594317
has_night_post&tariff_rising,23,0.008992789860258055,0.021043187238332317,0.03843798416828431,0.6086956521739131,0.391304347826087,long,0.6086956521739131,0.02625176831830156
has_deal&sig_potus,27,0.006427729915799356,0.02408825624617905,0.0698859977879159,0.7777777777777778,0.2222222222222222,long,0.7777777777777778,0.02597736118015478
posts_very_high&has_iran,50,0.005148576287685232,0.01599677368502328,0.08791329094491004,0.68,0.32,long,0.68,0.024756033804053727
uppercase_phrase_heavy&deal_over_tariff,22,0.007674221913796888,0.018951521516102465,0.09813769537251664,0.6818181818181818,0.3181818181818182,long,0.6818181818181818,0.024542244142401304
posts_high&has_tariff,90,0.003721758189857833,0.01892407682149344,0.05921408661027912,0.6888888888888889,0.3111111111111111,long,0.6888888888888889,0.024323081079361337
has_market_brag&has_iran,30,0.00566259920579432,0.014017538284926578,0.0526482650706846,0.7666666666666667,0.23333333333333334,long,0.7666666666666667,0.02377842211328697
has_tariff,145,0.0030737748488806928,0.015433494008238346,0.05386216698092385,0.6413793103448275,0.3586206896551724,long,0.6413793103448275,0.02373946897775184
has_tariff&has_exclamation,145,0.0030737748488806928,0.015433494008238346,0.05386216698092385,0.6413793103448275,0.3586206896551724,long,0.6413793103448275,0.02373946897775184
has_tariff&short_posts,43,0.00540515049698607,0.02274984813874914,0.06420739974891608,0.627906976744186,0.37209302325581395,long,0.627906976744186,0.02225549852701947
high_emotion&volume_spike,27,0.0067961425018841564,0.015689518731529795,0.04691438520686571,0.6296296296296297,0.37037037037037035,long,0.6296296296296297,0.022234609983178624
open_tariff&lots_of_excl,53,0.004076714179443973,0.017239665914634106,0.06901803182224389,0.7169811320754716,0.2830188679245283,long,0.7169811320754716,0.02127923083234956
positive_heavy&tariff_rising,29,0.006242739776598332,0.015090079445252647,0.03717448865238048,0.6206896551724138,0.3793103448275862,long,0.6206896551724138,0.02086645813140169
posts_low&has_night_post,23,0.006184924693900157,0.0186688411675342,0.048233651620891174,0.6956521739130435,0.30434782608695654,long,0.6956521739130435,0.020634335176571577
brag_heavy&has_exclamation,38,0.004531044904566067,0.01310803181140896,0.03359081868006027,0.7368421052631579,0.2631578947368421,long,0.7368421052631579,0.020580911221528213
brag_heavy&lots_of_excl,38,0.004531044904566067,0.01310803181140896,0.03359081868006027,0.7368421052631579,0.2631578947368421,long,0.7368421052631579,0.020580911221528213
brag_heavy,38,0.004531044904566067,0.01310803181140896,0.03359081868006027,0.7368421052631579,0.2631578947368421,long,0.7368421052631579,0.020580911221528213
has_market_brag&brag_heavy,38,0.004531044904566067,0.01310803181140896,0.03359081868006027,0.7368421052631579,0.2631578947368421,long,0.7368421052631579,0.020580911221528213
brag_heavy&exclamation_heavy,38,0.004531044904566067,0.01310803181140896,0.03359081868006027,0.7368421052631579,0.2631578947368421,long,0.7368421052631579,0.020580911221528213
has_positive&brag_heavy,38,0.004531044904566067,0.01310803181140896,0.03359081868006027,0.7368421052631579,0.2631578947368421,long,0.7368421052631579,0.020580911221528213
deal_heavy&open_tariff,22,-0.010628949562706602,0.006709567676631556,0.0791707364610464,0.6363636363636364,0.36363636363636365,short,0.36363636363636365,0.0181287972870136
positive_heavy&brag_heavy,34,0.004201355160479801,0.011965711770811294,0.03451432273956956,0.7352941176470589,0.2647058823529412,long,0.7352941176470589,0.018013161642586602
has_market_brag&has_russia,63,0.003062233057043525,0.01738841877988717,0.06205169998881534,0.7301587301587301,0.2698412698412698,long,0.7301587301587301,0.01774703465576566
has_exclamation&tariff_rising,33,0.004839202114374443,0.015090079445252647,0.0427085603139677,0.6363636363636364,0.36363636363636365,long,0.6363636363636364,0.017690336176089356
has_tariff&tariff_rising,33,0.004839202114374443,0.015090079445252647,0.0427085603139677,0.6363636363636364,0.36363636363636365,long,0.6363636363636364,0.017690336176089356
exclamation_heavy&tariff_rising,33,0.004839202114374443,0.015090079445252647,0.0427085603139677,0.6363636363636364,0.36363636363636365,long,0.6363636363636364,0.017690336176089356
tariff_rising,33,0.004839202114374443,0.015090079445252647,0.0427085603139677,0.6363636363636364,0.36363636363636365,long,0.6363636363636364,0.017690336176089356
has_positive&tariff_rising,33,0.004839202114374443,0.015090079445252647,0.0427085603139677,0.6363636363636364,0.36363636363636365,long,0.6363636363636364,0.017690336176089356
has_china&sig_potus,26,0.004349377183849223,0.023731777404465304,0.07071874556449079,0.7692307692307693,0.23076923076923078,long,0.7692307692307693,0.01705966087109417
posts_very_high&pre_tariff,23,-0.00903366707526298,0.005674140618908474,0.07722457927113448,0.6086956521739131,0.391304347826087,short,0.391304347826087,0.016952848172866335
has_iran&open_deal,37,0.003762816630657395,0.019899414118701886,0.07542863999965736,0.7297297297297297,0.2702702702702703,long,0.7297297297297297,0.01670228757438747
high_emotion&has_exclamation,44,-0.005024716953639955,0.006669590865422292,0.04486341328163112,0.5227272727272727,0.4772727272727273,short,0.4772727272727273,0.015907596230554006
pre_deal&has_all_caps,47,0.0034598448005385804,0.017837700556387226,0.0756390792523807,0.6595744680851063,0.3404255319148936,long,0.6595744680851063,0.015644777204852436
posts_high&has_iran,78,0.0025689654980426456,0.015991254092941998,0.0765983552040089,0.6794871794871795,0.32051282051282054,long,0.6794871794871795,0.015416537365200666
tariff_heavy&has_exclamation,22,0.0038714030891805824,0.018046554356469624,0.07184248861664563,0.8181818181818182,0.18181818181818182,long,0.8181818181818182,0.014856946414463222
tariff_heavy&has_positive,22,0.0038714030891805824,0.018046554356469624,0.07184248861664563,0.8181818181818182,0.18181818181818182,long,0.8181818181818182,0.014856946414463222
has_tariff&tariff_heavy,22,0.0038714030891805824,0.018046554356469624,0.07184248861664563,0.8181818181818182,0.18181818181818182,long,0.8181818181818182,0.014856946414463222
tariff_heavy&lots_of_excl,22,0.0038714030891805824,0.018046554356469624,0.07184248861664563,0.8181818181818182,0.18181818181818182,long,0.8181818181818182,0.014856946414463222
tariff_heavy&exclamation_heavy,22,0.0038714030891805824,0.018046554356469624,0.07184248861664563,0.8181818181818182,0.18181818181818182,long,0.8181818181818182,0.014856946414463222
tariff_heavy,22,0.0038714030891805824,0.018046554356469624,0.07184248861664563,0.8181818181818182,0.18181818181818182,long,0.8181818181818182,0.014856946414463222
high_emotion&short_posts,60,-0.003912424345030409,0.01242541936352104,0.049939463433710786,0.5333333333333333,0.4666666666666667,short,0.4666666666666667,0.01414257070949262
pre_tariff&has_night_post,34,-0.0055168520222668585,0.009768653347953071,0.06824802457910979,0.5882352941176471,0.4117647058823529,short,0.4117647058823529,0.01324585242763097
high_emotion&has_uppercase_phrase,26,-0.005621726837576164,0.006669590865422292,0.047547165454607764,0.5384615384615384,0.46153846153846156,short,0.46153846153846156,0.013230136082256516
has_tariff&has_attack,113,0.001922676002901036,0.017181177931020697,0.056169525078216875,0.6371681415929203,0.36283185840707965,long,0.6371681415929203,0.013022650361299438
posts_very_high&open_tariff,21,0.003235068982793402,0.011716840362880454,0.07651058271429827,0.8095238095238095,0.19047619047619047,long,0.8095238095238095,0.01200114877928226
has_tariff&volume_spike,37,0.002700010393821755,0.017181177931020697,0.06291769901872447,0.7297297297297297,0.2702702702702703,long,0.7297297297297297,0.011984732310372356
has_attack&pre_tariff,45,-0.004208272444160231,0.012907855366903975,0.061146351019929976,0.5777777777777777,0.4222222222222222,short,0.4222222222222222,0.011919312120443188
posts_high&tariff_only,26,0.0032823822240908595,0.020116836048965636,0.06778556601018167,0.6923076923076923,0.3076923076923077,long,0.6923076923076923,0.011587106085029568
has_tariff&has_russia,58,-0.003839951887366826,0.014476622761125157,0.05842403015596296,0.6379310344827587,0.3620689655172414,short,0.3620689655172414,0.01058841807834504
has_attack&brag_heavy,31,0.0025685261143428015,0.014001480444075787,0.03564543519471206,0.7096774193548387,0.2903225806451613,long,0.7096774193548387,0.010149059987664345
posts_high&tariff_heavy,20,0.0025474583206702706,0.018046554356469624,0.0750884996879899,0.85,0.15,long,0.85,0.00968369295727251
has_tariff&has_night_post,93,0.001583913160568967,0.020482082914045296,0.06028299037340793,0.6236559139784946,0.3763440860215054,long,0.6236559139784946,0.009526160329715323
has_attack&tariff_only,44,0.0021754679641999616,0.01892407682149344,0.05730084751679438,0.6590909090909091,0.3409090909090909,long,0.6590909090909091,0.009510959929090818
has_tariff&open_deal,43,0.0020666554682817516,0.017181177931020697,0.06416444575308858,0.6744186046511628,0.32558139534883723,long,0.6744186046511628,0.009139698124207774
has_china&tariff_only,22,-0.004661000027224199,0.011930631880296416,0.07420282728041092,0.5909090909090909,0.4090909090909091,short,0.4090909090909091,0.008943556902639472
posts_high&pre_tariff,35,-0.003926763235013959,0.013863166076997668,0.06582098632245216,0.6285714285714286,0.37142857142857144,short,0.37142857142857144,0.00862867370399726
pre_tariff&tariff_only,20,0.0034630090356335074,0.009625356733993673,0.03698743184306995,0.55,0.45,long,0.55,0.008517875971409766
has_deal&tariff_rising,24,0.002569485479349524,0.013391017598114785,0.048329273297915,0.625,0.375,long,0.625,0.00786741040737122
has_tariff&has_relief,23,-0.004641116193847154,0.011716840362880454,0.07136060752228025,0.6521739130434783,0.34782608695652173,short,0.34782608695652173,0.0077419169898467225
pre_tariff&lots_of_excl,52,-0.0025423832114317767,0.013385510721950822,0.05777497852631173,0.5961538461538461,0.40384615384615385,short,0.40384615384615385,0.007403867447869906
has_china&open_tariff,37,-0.0044048557902210544,0.012723180745098928,0.07951400715100697,0.7297297297297297,0.2702702702702703,short,0.2702702702702703,0.007241538311384807
has_positive&pre_tariff,55,0.0014633707854122405,0.015090079445252647,0.05575393968342522,0.6363636363636364,0.36363636363636365,long,0.6363636363636364,0.006906230675803614
has_china&tariff_rising,25,-0.002976129838651218,0.0018498224146756836,0.044786890077081455,0.56,0.44,short,0.44,0.00654748564503268
open_tariff&exclamation_heavy,55,0.0012309209315420717,0.013863166076997668,0.06994971658949,0.6909090909090909,0.3090909090909091,long,0.6909090909090909,0.0063071390928908086
attack_heavy&pre_tariff,26,-0.00347390620213048,0.02022399041813372,0.07530763741734864,0.6538461538461539,0.34615384615384615,short,0.34615384615384615,0.006131601523749571
posts_low&high_emotion,58,0.001315918341839467,0.01242541936352104,0.043523357942471384,0.603448275862069,0.39655172413793105,long,0.603448275862069,0.00604759901905675
has_deal&open_tariff,38,-0.002463076781640559,0.01111605587245501,0.06293443113222161,0.631578947368421,0.3684210526315789,short,0.3684210526315789,0.0055938934222068285
deal_heavy&pre_tariff,29,-0.0029728404692934505,0.015090079445252647,0.06441325561660285,0.6551724137931034,0.3448275862068966,short,0.3448275862068966,0.005520426162918729
positive_heavy&open_tariff,44,0.0010624336193896093,0.02090941714375949,0.07294073119398464,0.7045454545454546,0.29545454545454547,long,0.7045454545454546,0.004965204731155107
deal_heavy&tariff_rising,21,-0.002403133566244495,0.0018498224146756836,0.04957095327758889,0.5714285714285714,0.42857142857142855,short,0.42857142857142855,0.0047196606310305304
open_tariff&has_night_post,32,-0.002620288625599671,0.017453176657664993,0.08282379725973409,0.6875,0.3125,short,0.3125,0.004632059639568765
has_deal&pre_tariff,36,-0.00230065407692481,0.01613562868813667,0.06555222925873613,0.6666666666666666,0.3333333333333333,short,0.3333333333333333,0.00460130815384962
brag_heavy&has_night_post,21,0.0012929837102952288,0.012214583178742133,0.03789001018797278,0.7619047619047619,0.23809523809523808,long,0.7619047619047619,0.004514434837922086
high_emotion,72,-0.0012231762642591964,0.012300355909631078,0.04697463876740765,0.5694444444444444,0.4305555555555556,short,0.4305555555555556,0.004468733860394549
has_positive&open_tariff,55,0.0008921609920480745,0.013863166076997668,0.0699688546749022,0.6727272727272727,0.32727272727272727,long,0.6727272727272727,0.0044510616541907225
has_tariff&deal_over_tariff,41,-0.0017695169642403766,0.017181177931020697,0.06363956798537984,0.6097560975609756,0.3902439024390244,short,0.3902439024390244,0.00442163393649801
positive_heavy&pre_tariff,47,-0.0015460833442508554,0.015090079445252647,0.058946676559359944,0.6170212765957447,0.3829787234042553,short,0.3829787234042553,0.0040593498095553735
has_tariff&deal_heavy,59,-0.0013445174187710516,0.013863166076997668,0.05746267401339136,0.6101694915254238,0.3898305084745763,short,0.3898305084745763,0.004025948946524685
has_russia&pre_tariff,27,-0.002240816217497219,0.015090079445252647,0.04901121176793989,0.6666666666666666,0.3333333333333333,short,0.3333333333333333,0.0038812075391294956
has_night_post&tariff_only,35,0.001078894631663688,0.0227578765568619,0.06369038652416696,0.6,0.4,long,0.6,0.003829696031088151
has_tariff&has_deal,86,0.000665026152504624,0.013798771344892602,0.05344807590348523,0.6162790697674418,0.38372093023255816,long,0.6162790697674418,0.003800715556701478
has_tariff&has_uppercase_phrase,49,0.0007249490318992584,0.020482082914045296,0.07208097862101519,0.6326530612244898,0.3673469387755102,long,0.6326530612244898,0.003210488569839573
has_russia&open_tariff,20,-0.00313991371678467,0.017699608065673278,0.07281653674323955,0.8,0.2,short,0.2,0.002808424205685818
has_positive&high_emotion,25,-0.0011962876810257717,0.012272845142143884,0.046725711783258024,0.56,0.44,short,0.44,0.0026318328982566975
sig_potus&deal_over_tariff,21,0.0007696306112575975,0.02640698559352872,0.07787164209192966,0.7142857142857143,0.2857142857142857,long,0.7142857142857143,0.002519207523745052
has_tariff&has_all_caps,36,-0.0011093978302421062,0.021708207937705448,0.07918405908886988,0.6388888888888888,0.3611111111111111,short,0.3611111111111111,0.0024036952988578967
has_tariff&has_china,86,0.0003413308934207755,0.013385510721950822,0.059875805588373625,0.6395348837209303,0.36046511627906974,long,0.6395348837209303,0.002024366124966322
has_attack&open_tariff,43,-0.0009993796932183192,0.017239665914634106,0.07279951763064405,0.6976744186046512,0.3023255813953488,short,0.3023255813953488,0.0019812516676579995
has_china&pre_tariff,39,0.00040794929077749616,0.013863166076997668,0.05910452227474399,0.6410256410256411,0.358974358974359,long,0.6410256410256411,0.001633104169457378
has_tariff&pre_deal,45,-0.0005782814210796542,0.012723180745098928,0.055004739124194395,0.6444444444444445,0.35555555555555557,short,0.35555555555555557,0.0013792816721699057
posts_high&open_tariff,33,0.0002695740292536901,0.013863166076997668,0.08114821819637562,0.7878787878787878,0.21212121212121213,long,0.7878787878787878,0.0012200971930943923
pre_tariff&exclamation_heavy,55,-0.0003619313483219341,0.015090079445252647,0.057215416406531945,0.6181818181818182,0.38181818181818183,short,0.38181818181818183,0.0010248590740910917
pre_tariff&pre_deal,30,-0.0005366461152046827,0.014476622761125157,0.06230430331754823,0.6666666666666666,0.3333333333333333,short,0.3333333333333333,0.0009797772756504027
open_tariff,57,-0.00028618518402410026,0.012723180745098928,0.06938665174890629,0.6666666666666666,0.3333333333333333,short,0.3333333333333333,0.0007202169190698161
has_tariff&open_tariff,57,-0.00028618518402410026,0.012723180745098928,0.06938665174890629,0.6666666666666666,0.3333333333333333,short,0.3333333333333333,0.0007202169190698161
open_tariff&has_exclamation,57,-0.00028618518402410026,0.012723180745098928,0.06938665174890629,0.6666666666666666,0.3333333333333333,short,0.3333333333333333,0.0007202169190698161
pre_tariff,56,-0.00024220296529683938,0.014476622761125157,0.05669996964483637,0.625,0.375,short,0.375,0.0006796803856511037
pre_tariff&has_exclamation,56,-0.00024220296529683938,0.014476622761125157,0.05669996964483637,0.625,0.375,short,0.375,0.0006796803856511037
has_tariff&pre_tariff,56,-0.00024220296529683938,0.014476622761125157,0.05669996964483637,0.625,0.375,short,0.375,0.0006796803856511037
posts_high&brag_heavy,29,0.00010705212678412555,0.011409396101506708,0.03514989281796702,0.6896551724137931,0.3103448275862069,long,0.6896551724137931,0.0003975816177150165
