event,n,mean_ret,median_ret,std,hit_up,hit_down,direction,directional_hit,score
short_posts&china_streak_3d,39,0.02400442827939855,0.021022935221487016,0.03623005163873442,0.7435897435897436,0.2564102564102564,long,0.7435897435897436,0.11146975872227471
china_streak_3d,72,0.018295891972842166,0.01633867724833138,0.032364174598968426,0.7083333333333334,0.2916666666666667,long,0.7083333333333334,0.10996576889575234
has_exclamation&china_streak_3d,72,0.018295891972842166,0.01633867724833138,0.032364174598968426,0.7083333333333334,0.2916666666666667,long,0.7083333333333334,0.10996576889575234
exclamation_heavy&china_streak_3d,68,0.018623818379643765,0.01633867724833138,0.03260242668226126,0.7058823529411765,0.29411764705882354,long,0.7058823529411765,0.10840654635048112
has_positive&china_streak_3d,68,0.018329900875071286,0.01633867724833138,0.032930990036770615,0.7058823529411765,0.29411764705882354,long,0.7058823529411765,0.1066956951741466
posts_very_high&deal_over_tariff,115,0.01409689374770551,0.011393503240088476,0.03310823198608844,0.6956521739130435,0.30434782608695654,long,0.6956521739130435,0.10516336960790564
lots_of_excl&china_streak_3d,66,0.018030443487055455,0.0156010988993327,0.03283985797758292,0.696969696969697,0.30303030303030304,long,0.696969696969697,0.10209213190465176
positive_heavy&china_streak_3d,59,0.017930315938874765,0.015018300800598405,0.03160592716482286,0.711864406779661,0.288135593220339,long,0.711864406779661,0.09804178883621699
posts_very_high&deal_only,96,0.014205808331391304,0.011457415296505347,0.034800583321545286,0.6875,0.3125,long,0.6875,0.09569169993813874
posts_low,461,0.0071985497405858715,0.008253642636985137,0.03717157303531391,0.6135371179039302,0.3864628820960699,long,0.6135371179039302,0.09482793961654126
has_china&china_streak_3d,33,0.021167521551421754,0.015018300800598405,0.0274549420090761,0.7575757575757576,0.24242424242424243,long,0.7575757575757576,0.09211981335158038
has_uppercase_phrase&china_streak_3d,33,0.021954781033309015,0.017536417845586794,0.03295530744249569,0.7272727272727273,0.2727272727272727,long,0.7272727272727273,0.09172408366317714
has_night_post&china_streak_3d,47,0.019636846832286295,0.016183896998066993,0.036192286958872714,0.6808510638297872,0.3191489361702128,long,0.6808510638297872,0.09165851187958073
posts_high&china_streak_3d,41,0.02068791527210397,0.017536417845586794,0.03382735039644636,0.6829268292682927,0.3170731707317073,long,0.6829268292682927,0.09046546750296222
has_attack&china_streak_3d,53,0.017162247189444882,0.016493457498595765,0.03392786038667907,0.6792452830188679,0.32075471698113206,long,0.6792452830188679,0.08486697429248227
has_exclamation,1016,0.004382718279756733,0.005844420296098329,0.031447689341593484,0.59251968503937,0.406496062992126,long,0.59251968503937,0.08277385701024643
has_attack&pre_relief,22,0.02577801019112635,0.021537209175707228,0.0730548801570501,0.6818181818181818,0.3181818181818182,long,0.6818181818181818,0.08243835358455547
has_positive,931,0.004585467974764484,0.006066663683762297,0.031077966403141574,0.5886143931256713,0.4103114930182599,long,0.5886143931256713,0.0823548883303804
has_positive&has_exclamation,924,0.0045653193352907006,0.005880316113393791,0.03104584156533271,0.5876623376623377,0.41125541125541126,long,0.5876623376623377,0.08155207299575537
has_attack&deal_over_tariff,225,0.00860331397347674,0.007757717827868715,0.029709594504129463,0.6311111111111111,0.36444444444444446,long,0.6311111111111111,0.08144470561557979
pre_deal&deal_over_tariff,156,0.010157501378885344,0.00857294935081887,0.029444145486001848,0.6410256410256411,0.3525641025641026,long,0.6410256410256411,0.08132509715367685
posts_very_high&has_deal,138,0.010676396772218044,0.00817245091082508,0.03320334700309873,0.644927536231884,0.35507246376811596,long,0.644927536231884,0.08088633704816788
has_attack&deal_only,192,0.009088212657945053,0.008039813061037848,0.03045188849122646,0.6354166666666666,0.359375,long,0.6354166666666666,0.08001800087388637
deal_heavy&pre_deal,91,0.012175657972678208,0.01160113810476493,0.03290573107639063,0.6813186813186813,0.31868131868131866,long,0.6813186813186813,0.07913405730519957
has_relief&deal_over_tariff,43,0.01673885835609991,0.012191673968793282,0.04498734868735815,0.7209302325581395,0.27906976744186046,long,0.7209302325581395,0.07913221101746147
posts_low&silence_day,262,0.00816127349334539,0.008206864375030154,0.03804139011134349,0.5984555984555985,0.4015444015444015,long,0.5984555984555985,0.07905703304390552
silence_day,262,0.00816127349334539,0.008206864375030154,0.03804139011134349,0.5984555984555985,0.4015444015444015,long,0.5984555984555985,0.07905703304390552
pre_deal&exclamation_heavy,170,0.009629056618562446,0.00857294935081887,0.028535249330418944,0.6294117647058823,0.36470588235294116,long,0.6294117647058823,0.07902109753211098
positive_heavy&pre_relief,26,0.02237171940754892,0.015089080806675925,0.06762190695359507,0.6923076923076923,0.3076923076923077,long,0.6923076923076923,0.07897419263887916
has_all_caps&china_streak_3d,22,0.021692511922262573,0.01701493767209128,0.02875634467981509,0.7727272727272727,0.22727272727272727,long,0.7727272727272727,0.07862260438344301
has_relief&deal_only,33,0.018798138379742247,0.012191673968793282,0.05042990404765652,0.7272727272727273,0.2727272727272727,long,0.7272727272727273,0.0785360607714329
pre_deal&has_exclamation,176,0.009323125159987095,0.008460068334556814,0.028656588543246788,0.6306818181818182,0.36363636363636365,long,0.6306818181818182,0.078006027073662
has_deal&pre_deal,176,0.009323125159987095,0.008460068334556814,0.028656588543246788,0.6306818181818182,0.36363636363636365,long,0.6306818181818182,0.078006027073662
pre_deal,176,0.009323125159987095,0.008460068334556814,0.028656588543246788,0.6306818181818182,0.36363636363636365,long,0.6306818181818182,0.078006027073662
pre_deal&lots_of_excl,165,0.009601040945030096,0.008677393730147642,0.028710716598969503,0.6303030303030303,0.36363636363636365,long,0.6303030303030303,0.0777337624809978
deal_heavy&short_posts,67,0.014031001902130512,0.008677393730147642,0.03690859364505087,0.6716417910447762,0.3283582089552239,long,0.6716417910447762,0.0771371867765496
has_positive&exclamation_heavy,860,0.004450047881846124,0.005814121050337073,0.03149869618109144,0.5837209302325581,0.41511627906976745,long,0.5837209302325581,0.07617617739136984
pre_deal&deal_only,131,0.010472849390216624,0.008468504971490098,0.030625915697784337,0.6335877862595419,0.35877862595419846,long,0.6335877862595419,0.07594641927536844
has_positive&lots_of_excl,779,0.004697220128889803,0.00556208902468458,0.03196156049767254,0.5789473684210527,0.4197689345314506,long,0.5789473684210527,0.07590121471034329
exclamation_heavy,900,0.0042861141279674,0.005814121050337073,0.031605640408711756,0.5855555555555556,0.41333333333333333,long,0.5855555555555556,0.075292738181294
has_exclamation&exclamation_heavy,900,0.0042861141279674,0.005814121050337073,0.031605640408711756,0.5855555555555556,0.41333333333333333,long,0.5855555555555556,0.075292738181294
posts_very_high&pre_deal,71,0.013784170836332224,0.01160113810476493,0.03561815176076242,0.647887323943662,0.352112676056338,long,0.647887323943662,0.07525048516106067
deal_heavy&deal_only,100,0.011389993979321245,0.011561232728843573,0.03449589066701321,0.66,0.34,long,0.66,0.07517396026352022
has_night_post&deal_over_tariff,179,0.009119050977662533,0.00790291002192145,0.03200336068333319,0.6145251396648045,0.3854748603351955,long,0.6145251396648045,0.0749748858462871
has_positive&pre_deal,172,0.00913692389026198,0.008460068334556814,0.02882057107485577,0.622093023255814,0.37209302325581395,long,0.622093023255814,0.07454517893189833
attack_heavy&has_all_caps,92,0.012113622982063981,0.008389068372487762,0.033266449734629236,0.6413043478260869,0.358695652173913,long,0.6413043478260869,0.07451301744729487
has_attack&short_posts,310,0.006783744448332265,0.007299582071232824,0.03352717453672876,0.6225806451612903,0.3774193548387097,long,0.6225806451612903,0.07436112324080603
posts_very_high&has_attack,200,0.008464067837915434,0.007340971007867014,0.03666067345710213,0.615,0.385,long,0.615,0.07361549710473944
pre_deal&short_posts,81,0.012463088696779546,0.008468504971490098,0.03239920118915906,0.654320987654321,0.345679012345679,long,0.654320987654321,0.07339374454770177
has_relief&pre_deal,25,0.021536713986065346,0.008677393730147642,0.04915635093792571,0.68,0.32,long,0.68,0.07322482755262219
posts_very_high&has_positive,223,0.008010223210726591,0.006924224187865313,0.03636642977685532,0.6098654708520179,0.3901345291479821,long,0.6098654708520179,0.07295097405218408
has_night_post&deal_only,148,0.009798311124459204,0.00817245091082508,0.032528543527717266,0.6081081081081081,0.3918918918918919,long,0.6081081081081081,0.07248745917737594
posts_high&pre_relief,24,0.022191033116879002,0.009994916162206158,0.07051341971116247,0.6666666666666666,0.3333333333333333,long,0.6666666666666666,0.07247561066874257
exclamation_heavy&lots_of_excl,795,0.004430514022728375,0.00555595874065129,0.03232771312172657,0.579874213836478,0.4188679245283019,long,0.579874213836478,0.07243883823098936
has_exclamation&lots_of_excl,795,0.004430514022728375,0.00555595874065129,0.03232771312172657,0.579874213836478,0.4188679245283019,long,0.579874213836478,0.07243883823098936
lots_of_excl,795,0.004430514022728375,0.00555595874065129,0.03232771312172657,0.579874213836478,0.4188679245283019,long,0.579874213836478,0.07243883823098936
has_russia&volume_spike,75,0.01277907201596404,0.010227467286014313,0.03266383597983241,0.6533333333333333,0.3466666666666667,long,0.6533333333333333,0.07230440655042243
posts_very_high&has_china,130,0.01053774369792467,0.00817245091082508,0.03797078562425453,0.6,0.4,long,0.6,0.07208925840220214
short_posts&deal_over_tariff,151,0.0092535190103927,0.0064669648733644,0.03138325839726859,0.6225165562913907,0.37748344370860926,long,0.6225165562913907,0.07078582555256474
deal_over_tariff,314,0.006582799816324053,0.006705533193740232,0.02982709495118851,0.6050955414012739,0.39171974522292996,long,0.6050955414012739,0.07058288817828756
has_deal&deal_over_tariff,314,0.006582799816324053,0.006705533193740232,0.02982709495118851,0.6050955414012739,0.39171974522292996,long,0.6050955414012739,0.07058288817828756
has_exclamation&deal_over_tariff,314,0.006582799816324053,0.006705533193740232,0.02982709495118851,0.6050955414012739,0.39171974522292996,long,0.6050955414012739,0.07058288817828756
has_attack&has_exclamation,642,0.0047169887919663875,0.005982377169105768,0.031126283485263168,0.5903426791277259,0.40809968847352024,long,0.5903426791277259,0.0705564205639719
posts_very_high&positive_heavy,210,0.008041420325298927,0.007340971007867014,0.037086943005075035,0.6047619047619047,0.3952380952380952,long,0.6047619047619047,0.07047366162649163
deal_over_tariff&deal_only,273,0.007040135951474504,0.00671140379110291,0.029650076592530043,0.6043956043956044,0.39194139194139194,long,0.6043956043956044,0.07030458784080344
has_exclamation&deal_only,273,0.007040135951474504,0.00671140379110291,0.029650076592530043,0.6043956043956044,0.39194139194139194,long,0.6043956043956044,0.07030458784080344
has_deal&deal_only,273,0.007040135951474504,0.00671140379110291,0.029650076592530043,0.6043956043956044,0.39194139194139194,long,0.6043956043956044,0.07030458784080344
deal_only,273,0.007040135951474504,0.00671140379110291,0.029650076592530043,0.6043956043956044,0.39194139194139194,long,0.6043956043956044,0.07030458784080344
attack_heavy&deal_over_tariff,131,0.009314509657116292,0.00790291002192145,0.026686055688304684,0.6564885496183206,0.3435114503816794,long,0.6564885496183206,0.06998787390978589
deal_heavy&deal_over_tariff,141,0.009106676776633602,0.010575227098683637,0.03364754017102325,0.6453900709219859,0.3546099290780142,long,0.6453900709219859,0.06978976861196197
exclamation_heavy&deal_over_tariff,300,0.006593064851019127,0.006817813989484112,0.029330303774825133,0.61,0.38666666666666666,long,0.61,0.06965909212732613
exclamation_heavy&deal_only,259,0.007076746825222101,0.006924224187865313,0.029059818244588396,0.61003861003861,0.3861003861003861,long,0.61003861003861,0.06947696899764028
posts_high&attack_heavy,229,0.007286168533850652,0.008023134465376947,0.03141522166000997,0.62882096069869,0.37117903930131,long,0.62882096069869,0.06933363398235506
has_positive&short_posts,464,0.005313854142866508,0.006256393802603122,0.03175840239276777,0.6056034482758621,0.39439655172413796,long,0.6056034482758621,0.06931974543133948
has_night_post&short_posts,258,0.006954203962369228,0.007458163440034582,0.035151736735665,0.6201550387596899,0.3798449612403101,long,0.6201550387596899,0.06927197243015455
has_attack,643,0.004634324741367172,0.0058980906544492395,0.031172588269682333,0.5894245723172629,0.40902021772939345,long,0.5894245723172629,0.06926601241167345
lots_of_excl&deal_over_tariff,282,0.006759076323574788,0.006705533193740232,0.02925574942338751,0.6063829787234043,0.3900709219858156,long,0.6063829787234043,0.0688270105589949
has_positive&has_night_post,466,0.005355206396091548,0.0065401093191531645,0.03267887162387904,0.592274678111588,0.40772532188841204,long,0.592274678111588,0.06846874025710613
deal_heavy&has_uppercase_phrase,62,0.013475994779915396,0.010032211241490896,0.038292275549801046,0.6451612903225806,0.3548387096774194,long,0.6451612903225806,0.06845812194012638
has_night_post&has_exclamation,486,0.005236123024400156,0.005962264145003893,0.03228651034211757,0.5925925925925926,0.4074074074074074,long,0.5925925925925926,0.06840442474783473
short_posts,574,0.004702364798280397,0.006165766704523623,0.033823169658470126,0.6062717770034843,0.39372822299651566,long,0.6062717770034843,0.06830297424204075
has_uppercase_phrase&deal_over_tariff,115,0.01058750412057966,0.006924224187865313,0.03469173574418661,0.6,0.4,long,0.6,0.0681229996479622
has_night_post,489,0.005181637269732148,0.0058029175015861245,0.03230962896311965,0.5930470347648262,0.4069529652351738,long,0.5930470347648262,0.0679533037558992
attack_heavy&volume_spike,90,0.011306881094884301,0.00855022512832293,0.03387182045838488,0.6333333333333333,0.36666666666666664,long,0.6333333333333333,0.06793544523581234
positive_heavy&pre_deal,138,0.009487754482920068,0.008390489806759938,0.030127629637844957,0.6086956521739131,0.38405797101449274,long,0.6086956521739131,0.06784270891289894
posts_high&deal_only,159,0.00881701818355512,0.006299679973011285,0.03173834131567845,0.610062893081761,0.3836477987421384,long,0.610062893081761,0.06782579744220875
has_attack&has_all_caps,144,0.00892571136229091,0.009788029350361271,0.03574496900147093,0.6319444444444444,0.3680555555555556,long,0.6319444444444444,0.06768664449737273
has_attack&exclamation_heavy,632,0.004583648838495061,0.005814121050337073,0.031147612481841003,0.5870253164556962,0.41139240506329117,long,0.5870253164556962,0.06764359936009327
has_attack&has_positive,619,0.004600326226083874,0.005825324599088022,0.031464773345295155,0.5864297253634895,0.41195476575121165,long,0.5864297253634895,0.0671196882590598
has_attack&positive_heavy,474,0.0052897378068454855,0.005706010291168906,0.032443156018318896,0.5822784810126582,0.41561181434599154,long,0.5822784810126582,0.06705853438954265
has_exclamation&short_posts,527,0.004794680135674889,0.006066663683762297,0.03283769506429172,0.6091081593927894,0.3908918406072106,long,0.6091081593927894,0.06704391464072001
exclamation_heavy&short_posts,450,0.00522605282039527,0.006094137236091979,0.0329423525273359,0.6044444444444445,0.39555555555555555,long,0.6044444444444445,0.06700950997161581
pre_deal&pre_action,27,0.020480373476925256,0.008677393730147642,0.044392784758943135,0.6296296296296297,0.37037037037037035,long,0.6296296296296297,0.06700464512670559
pre_deal&has_night_post,101,0.010539998816096009,0.008329347915896346,0.0331363779073382,0.6237623762376238,0.37623762376237624,long,0.6237623762376238,0.06607245208274413
has_positive&has_all_caps,178,0.008066706508893405,0.008389068372487762,0.035176613238200885,0.6123595505617978,0.38764044943820225,long,0.6123595505617978,0.06590414848126815
attack_heavy&lots_of_excl,275,0.006483914985106047,0.007757717827868715,0.030500991331917256,0.610909090909091,0.3890909090909091,long,0.610909090909091,0.06568712388965109
has_deal&china_streak_3d,24,0.018925877015285666,0.012006431269284357,0.03735516659970406,0.7083333333333334,0.2916666666666667,long,0.7083333333333334,0.06567488396466738
posts_high&posts_very_high,224,0.0072208825682828015,0.006817813989484112,0.03815955688688767,0.6071428571428571,0.39285714285714285,long,0.6071428571428571,0.06561530945870328
posts_very_high,224,0.0072208825682828015,0.006817813989484112,0.03815955688688767,0.6071428571428571,0.39285714285714285,long,0.6071428571428571,0.06561530945870328
posts_very_high&has_exclamation,224,0.0072208825682828015,0.006817813989484112,0.03815955688688767,0.6071428571428571,0.39285714285714285,long,0.6071428571428571,0.06561530945870328
has_attack&pre_deal,129,0.009539408195937066,0.008329347915896346,0.03096342424726837,0.6046511627906976,0.3875968992248062,long,0.6046511627906976,0.06551204861699841
attack_heavy&has_exclamation,277,0.0064489754892893825,0.007757717827868715,0.03041899969312513,0.6101083032490975,0.3898916967509025,long,0.6101083032490975,0.06548435382141314
has_attack&attack_heavy,277,0.0064489754892893825,0.007757717827868715,0.03041899969312513,0.6101083032490975,0.3898916967509025,long,0.6101083032490975,0.06548435382141314
attack_heavy&exclamation_heavy,277,0.0064489754892893825,0.007757717827868715,0.03041899969312513,0.6101083032490975,0.3898916967509025,long,0.6101083032490975,0.06548435382141314
attack_heavy,277,0.0064489754892893825,0.007757717827868715,0.03041899969312513,0.6101083032490975,0.3898916967509025,long,0.6101083032490975,0.06548435382141314
posts_very_high&exclamation_heavy,223,0.007232936533551045,0.006924224187865313,0.03824497784921958,0.6053811659192825,0.39461883408071746,long,0.6053811659192825,0.06538768944567869
posts_very_high&lots_of_excl,223,0.007232936533551045,0.006924224187865313,0.03824497784921958,0.6053811659192825,0.39461883408071746,long,0.6053811659192825,0.06538768944567869
attack_heavy&has_positive,274,0.006469425322322967,0.00754933688428483,0.030571343640343765,0.6094890510948905,0.3905109489051095,long,0.6094890510948905,0.06526899023169559
posts_very_high&deal_heavy,80,0.011671625854281865,0.007873769715520784,0.037490644147713685,0.625,0.375,long,0.625,0.06524637204529576
has_positive&volume_spike,144,0.008603083481393575,0.008193667025110485,0.034441824716452546,0.6319444444444444,0.3680555555555556,long,0.6319444444444444,0.06524004973390128
attack_heavy&pre_deal,76,0.011595561299290198,0.009746676605677185,0.0271114984494732,0.6447368421052632,0.35526315789473684,long,0.6447368421052632,0.06517500302538477
has_night_post&has_uppercase_phrase,182,0.007907617265515634,0.00817245091082508,0.03783291097112133,0.6098901098901099,0.3901098901098901,long,0.6098901098901099,0.06506282642873899
has_positive&deal_over_tariff,300,0.006225421443496948,0.006583313734870977,0.029571799577945708,0.6033333333333334,0.3933333333333333,long,0.6033333333333334,0.06505590230661515
has_attack&lots_of_excl,592,0.004586773890000945,0.005706010291168906,0.03158366537754531,0.5827702702702703,0.4155405405405405,long,0.5827702702702703,0.06503775974190233
deal_heavy&lots_of_excl,154,0.008390582321164707,0.008503370823021994,0.03262694856284875,0.6233766233766234,0.37662337662337664,long,0.6233766233766234,0.06490870959302303
has_action&deal_only,77,0.012639142633729717,0.0070978231234495315,0.036914681830472064,0.5844155844155844,0.4155844155844156,long,0.5844155844155844,0.06481637912229414
lots_of_excl&deal_only,242,0.0069039484984402275,0.006589184332233655,0.029560245051474282,0.6033057851239669,0.3925619834710744,long,0.6033057851239669,0.06479518225732964
has_deal&has_attack,261,0.006689921337989399,0.006066663683762297,0.02962237306840194,0.5977011494252874,0.39846743295019155,long,0.5977011494252874,0.06459893467226246
has_uppercase_phrase&deal_only,96,0.011084601947185468,0.007520714044803034,0.03567430669823095,0.59375,0.40625,long,0.59375,0.06448509458460497
attack_heavy&deal_only,107,0.009528586316140874,0.008355080218477307,0.027711834180312016,0.6542056074766355,0.34579439252336447,long,0.6542056074766355,0.06448142456584208
has_positive&deal_only,259,0.006650905040447377,0.0064669648733644,0.029348710510585838,0.6023166023166023,0.3938223938223938,long,0.6023166023166023,0.06446967241539223
has_attack&has_uppercase_phrase,225,0.007057370477573099,0.007340955940700944,0.03687912944649058,0.6088888888888889,0.39111111111111113,long,0.6088888888888889,0.06445731702850098
has_deal&short_posts,163,0.00820061954178548,0.006066663683762297,0.03131360405246998,0.6134969325153374,0.38650306748466257,long,0.6134969325153374,0.06423220952478931
has_deal&has_exclamation,359,0.0057282562191053555,0.0058980906544492395,0.02957135936548931,0.5905292479108635,0.40668523676880225,long,0.5905292479108635,0.06409306963577878
has_deal,359,0.0057282562191053555,0.0058980906544492395,0.02957135936548931,0.5905292479108635,0.40668523676880225,long,0.5905292479108635,0.06409306963577878
posts_high&deal_over_tariff,191,0.007695504316131348,0.005728554399800911,0.031214080115689668,0.6020942408376964,0.39267015706806285,long,0.6020942408376964,0.06403512222781498
has_attack&has_night_post,362,0.005633493681294298,0.006817813989484112,0.03393713896608613,0.5966850828729282,0.40331491712707185,long,0.5966850828729282,0.06395540852735075
has_iran&volume_spike,38,0.014591683634275522,0.013081557897187346,0.03205754589954473,0.7105263157894737,0.2894736842105263,long,0.7105263157894737,0.06391125870775195
deal_only&volume_spike,56,0.012553447984858551,0.01009936054153493,0.031905923865089725,0.6785714285714286,0.32142857142857145,long,0.6785714285714286,0.06374595187561004
has_deal&has_uppercase_phrase,127,0.009559443611179068,0.006699662596377554,0.03424212853972135,0.5905511811023622,0.4094488188976378,long,0.5905511811023622,0.06361975886082019
pre_deal&volume_spike,41,0.014545873868213634,0.008677393730147642,0.028459629494556278,0.6829268292682927,0.3170731707317073,long,0.6829268292682927,0.06360714757477061
positive_heavy&exclamation_heavy,624,0.004443127897147717,0.004929402824769724,0.031835157988876386,0.5721153846153846,0.42628205128205127,long,0.5721153846153846,0.06349868565564526
attack_heavy&has_china,141,0.008656453619378439,0.008329347915896346,0.032595327095529016,0.6170212765957447,0.3829787234042553,long,0.6170212765957447,0.06342342669309013
posts_very_high&has_night_post,179,0.007768529837592074,0.006924224187865313,0.036360806070533505,0.6089385474860335,0.39106145251396646,long,0.6089385474860335,0.06329054283480426
has_night_post&exclamation_heavy,464,0.005008975093001381,0.005765735950693518,0.03273526951016134,0.5862068965517241,0.41379310344827586,long,0.5862068965517241,0.06324974601944183
deal_over_tariff&volume_spike,69,0.011674472180432216,0.007989821603172853,0.03078806075806179,0.6521739130434783,0.34782608695652173,long,0.6521739130434783,0.06324485817453356
deal_heavy,159,0.008024177892500003,0.008677393730147642,0.033231149534377766,0.6226415094339622,0.37735849056603776,long,0.6226415094339622,0.06299951131714288
deal_heavy&has_exclamation,159,0.008024177892500003,0.008677393730147642,0.033231149534377766,0.6226415094339622,0.37735849056603776,long,0.6226415094339622,0.06299951131714288
has_deal&deal_heavy,159,0.008024177892500003,0.008677393730147642,0.033231149534377766,0.6226415094339622,0.37735849056603776,long,0.6226415094339622,0.06299951131714288
deal_heavy&has_positive,159,0.008024177892500003,0.008677393730147642,0.033231149534377766,0.6226415094339622,0.37735849056603776,long,0.6226415094339622,0.06299951131714288
has_deal&exclamation_heavy,344,0.005716710513417627,0.006139885657978628,0.029166607868814847,0.5930232558139535,0.40406976744186046,long,0.5930232558139535,0.06287777232283365
posts_very_high&attack_heavy,157,0.008098699245900828,0.006924224187865313,0.03253085154681564,0.6178343949044586,0.3821656050955414,long,0.6178343949044586,0.06269561679919235
posts_very_high&short_posts,147,0.00843103542557562,0.008468504971490098,0.04299209194121412,0.6122448979591837,0.3877551020408163,long,0.6122448979591837,0.06258420736075741
has_deal&lots_of_excl,325,0.005874190237731763,0.006066663683762297,0.029119653763400574,0.5907692307692308,0.40615384615384614,long,0.5907692307692308,0.06256155796865538
has_china&deal_only,93,0.01054049294396934,0.0070978231234495315,0.033411641226819805,0.6129032258064516,0.3763440860215054,long,0.6129032258064516,0.062300897522795655
lots_of_excl&short_posts,384,0.005259772117230156,0.006256393802603122,0.03464233443782109,0.6041666666666666,0.3958333333333333,long,0.6041666666666666,0.062271496277572426
attack_heavy&positive_heavy,253,0.006385876860860408,0.00790291002192145,0.031025590534412586,0.6126482213438735,0.38735177865612647,long,0.6126482213438735,0.06222887896213896
positive_heavy&has_exclamation,626,0.004354576700159271,0.004805971702458334,0.03182642672542072,0.5702875399361023,0.4281150159744409,long,0.5702875399361023,0.06213366821058942
has_positive&positive_heavy,626,0.004354576700159271,0.004805971702458334,0.03182642672542072,0.5702875399361023,0.4281150159744409,long,0.5702875399361023,0.06213366821058942
positive_heavy,626,0.004354576700159271,0.004805971702458334,0.03182642672542072,0.5702875399361023,0.4281150159744409,long,0.5702875399361023,0.06213366821058942
attack_heavy&has_night_post,202,0.006920122161763229,0.008342214067186826,0.029987718658065952,0.6287128712871287,0.3712871287128713,long,0.6287128712871287,0.061836058220578645
short_posts&deal_only,138,0.008640978365899802,0.006383322423187843,0.032121163047476316,0.6086956521739131,0.391304347826087,long,0.6086956521739131,0.06178778983538504
has_deal&has_action,106,0.010014823854825024,0.007219351243543559,0.036260856148176625,0.5943396226415094,0.4056603773584906,long,0.5943396226415094,0.061281717992395894
posts_high&has_positive,420,0.0050638329140841164,0.0055787574600734136,0.03425236677261119,0.5904761904761905,0.40714285714285714,long,0.5904761904761905,0.06127825688714802
deal_heavy&exclamation_heavy,158,0.007858194689820497,0.008503370823021994,0.03327062815513655,0.620253164556962,0.379746835443038,long,0.620253164556962,0.061266111454385826
has_uppercase_phrase&short_posts,150,0.007975202107663946,0.008564512713885586,0.04612859434253954,0.6266666666666667,0.37333333333333335,long,0.6266666666666667,0.06121021737928294
posts_high&has_attack,359,0.00541932039990316,0.0056834661825369,0.03469594119619304,0.5933147632311978,0.403899721448468,long,0.5933147632311978,0.06092242853626498
has_night_post&sig_potus,41,0.01344090703682161,0.014776087041540542,0.021622678471587727,0.7073170731707317,0.2926829268292683,long,0.7073170731707317,0.06087439343892856
posts_very_high&china_streak_3d,25,0.020212604143232116,0.016684850163519727,0.04055416649900886,0.6,0.4,long,0.6,0.06063781242969635
pre_action&deal_only,38,0.015517678363239912,0.008217555779008179,0.0421165409660355,0.631578947368421,0.3684210526315789,long,0.631578947368421,0.06041519608163672
positive_heavy&lots_of_excl,605,0.004331663266826676,0.004453037269242843,0.032095094571793874,0.5669421487603306,0.43140495867768597,long,0.5669421487603306,0.06040475413545995
pre_deal&has_uppercase_phrase,60,0.012311314509747383,0.007751619092028372,0.03556010851249194,0.6333333333333333,0.36666666666666664,long,0.6333333333333333,0.0603965870171529
attack_heavy&has_russia,152,0.007837873150014475,0.006829540561985592,0.030618635525781698,0.618421052631579,0.3815789473684211,long,0.618421052631579,0.059759133288785744
has_action&deal_over_tariff,93,0.010454428815687776,0.0070978231234495315,0.037263823117047325,0.5913978494623656,0.40860215053763443,long,0.5913978494623656,0.05962405722826318
posts_low&has_positive,86,0.009603399979802647,0.010232973034174475,0.031728192091043335,0.6627906976744186,0.3372093023255814,long,0.6627906976744186,0.05902699136422594
posts_low&has_exclamation,140,0.007499220237545818,0.00864403587098439,0.03285629396701735,0.6642857142857143,0.3357142857142857,long,0.6642857142857143,0.05894338038544481
has_deal&attack_heavy,151,0.007697841143859916,0.0070978231234495315,0.02767314473381691,0.6225165562913907,0.37748344370860926,long,0.6225165562913907,0.0588854942350736
has_action&has_iran,31,0.014896889389316133,0.01466088945839128,0.036061027425594874,0.7096774193548387,0.2903225806451613,long,0.7096774193548387,0.05886232699660681
has_deal&has_positive,344,0.00539609126267154,0.005862194837153778,0.029369072580491942,0.5872093023255814,0.40988372093023256,long,0.5872093023255814,0.058769424016584304
positive_heavy&deal_over_tariff,237,0.00648714291901053,0.006699662596377554,0.030867118460222148,0.5864978902953587,0.4092827004219409,long,0.5864978902953587,0.058572544807744334
has_uppercase_phrase&volume_spike,83,0.009516990401268065,0.010227467286014313,0.04435646062233094,0.6746987951807228,0.3253012048192771,long,0.6746987951807228,0.058499022888553825
has_night_post&lots_of_excl,435,0.0048478599746283775,0.00555595874065129,0.03347795613524673,0.5770114942528736,0.42298850574712643,long,0.5770114942528736,0.05834171080921173
attack_heavy&short_posts,132,0.008065199530388497,0.008389068372487762,0.03384722051045381,0.6287878787878788,0.3712121212121212,long,0.6287878787878788,0.05826479770619852
deal_over_tariff&china_streak_3d,20,0.018581784000170833,0.011060141299014448,0.03956488290609419,0.7,0.3,long,0.7,0.058170185034639915
posts_very_high&has_uppercase_phrase,129,0.008255762297213693,0.007989821603172853,0.04415625582971186,0.6201550387596899,0.3798449612403101,long,0.6201550387596899,0.05815034717592568
posts_high&positive_heavy,375,0.005159449118577126,0.005595425895462247,0.03494322901850201,0.5813333333333334,0.416,long,0.5813333333333334,0.05808235188778823
has_russia&pre_deal,68,0.010389236502587319,0.010939775107752903,0.02699907276756137,0.6764705882352942,0.3088235294117647,long,0.6764705882352942,0.05795447928252193
posts_high&pre_deal,115,0.009271389618420152,0.007051606486433215,0.03132079015308026,0.5826086956521739,0.40869565217391307,long,0.5826086956521739,0.057925623168248994
has_deal&has_night_post,206,0.006869597243270863,0.0062141084980892325,0.03190603265050556,0.587378640776699,0.41262135922330095,long,0.587378640776699,0.0579139298507093
has_relief&pre_relief,31,0.016107654285671028,0.011162067889675109,0.06439415376390306,0.6451612903225806,0.3548387096774194,long,0.6451612903225806,0.0578604022584164
pre_relief,31,0.016107654285671028,0.011162067889675109,0.06439415376390306,0.6451612903225806,0.3548387096774194,long,0.6451612903225806,0.0578604022584164
pre_relief&has_exclamation,31,0.016107654285671028,0.011162067889675109,0.06439415376390306,0.6451612903225806,0.3548387096774194,long,0.6451612903225806,0.0578604022584164
pre_relief&exclamation_heavy,31,0.016107654285671028,0.011162067889675109,0.06439415376390306,0.6451612903225806,0.3548387096774194,long,0.6451612903225806,0.0578604022584164
posts_very_high&has_relief,46,0.013368817065658081,0.00857294935081887,0.05551148764264329,0.6304347826086957,0.3695652173913043,long,0.6304347826086957,0.05716261164949038
has_attack&volume_spike,122,0.00839301426118344,0.0080064780342749,0.03545785706440304,0.6147540983606558,0.38524590163934425,long,0.6147540983606558,0.05699008557613052
has_action&pre_deal,52,0.012394968514990638,0.007621894692779518,0.03717355920212984,0.6346153846153846,0.36538461538461536,long,0.6346153846153846,0.05672280460663446
has_action&volume_spike,53,0.012132478327941145,0.01138702875283415,0.045912100367503886,0.6415094339622641,0.3584905660377358,long,0.6415094339622641,0.05666181821752227
positive_heavy&has_all_caps,146,0.007774260830362091,0.008389068372487762,0.0360431713073504,0.6027397260273972,0.3972602739726027,long,0.6027397260273972,0.05661941157609792
has_china&deal_over_tariff,125,0.00832900826082891,0.0070978231234495315,0.03343560745037959,0.608,0.384,long,0.608,0.05661765511536705
has_positive&pre_relief,30,0.016272507165537558,0.009994916162206158,0.06548833458903472,0.6333333333333333,0.36666666666666664,long,0.6333333333333333,0.05644785519761936
pre_relief&lots_of_excl,30,0.016272507165537558,0.009994916162206158,0.06548833458903472,0.6333333333333333,0.36666666666666664,long,0.6333333333333333,0.05644785519761936
has_deal&volume_spike,83,0.009990601214473638,0.007051606486433215,0.029891039338364116,0.6144578313253012,0.3855421686746988,long,0.6144578313253012,0.05592715840709883
deal_heavy&has_night_post,98,0.009218964549305228,0.0081595847595346,0.03630224394759901,0.6122448979591837,0.3877551020408163,long,0.6122448979591837,0.05587536298570381
posts_high&has_deal,223,0.00641464435578354,0.004003222297040754,0.030846604693528002,0.5829596412556054,0.4125560538116592,long,0.5829596412556054,0.0558423265287913
has_action&has_uppercase_phrase,88,0.010008453934135915,0.008516236974312474,0.04755261265757202,0.5909090909090909,0.4090909090909091,long,0.5909090909090909,0.05547904825761752
positive_heavy&short_posts,282,0.005623182873188682,0.005925082594111286,0.0355812530165806,0.5851063829787234,0.4148936170212766,long,0.5851063829787234,0.05525118507921315
attack_heavy&has_iran,51,0.011954155895930952,0.01138702875283415,0.03243834603436931,0.6470588235294118,0.35294117647058826,long,0.6470588235294118,0.05523924919404581
attack_heavy&has_uppercase_phrase,138,0.007893398196671848,0.006987915337149264,0.03285394199279596,0.5942028985507246,0.4057971014492754,long,0.5942028985507246,0.055098315471329165
deal_heavy&positive_heavy,139,0.007721162712548732,0.007989821603172853,0.033629764482687834,0.60431654676259,0.39568345323741005,long,0.60431654676259,0.05501163979114952
has_action&has_china,88,0.009352259772650168,0.011499266645689121,0.04709748084010656,0.625,0.375,long,0.625,0.054832483284501285
volume_spike,177,0.006744606917825463,0.007777363926393832,0.03720722736093687,0.6101694915254238,0.3898305084745763,long,0.6101694915254238,0.054751215602418246
posts_very_high&volume_spike,85,0.009689661019233567,0.008677393730147642,0.038420720500966316,0.611764705882353,0.38823529411764707,long,0.611764705882353,0.05465154762625803
deal_heavy&has_relief,32,0.015431657235777451,0.012511626759850403,0.049172478457882765,0.625,0.375,long,0.625,0.05455914738182345
has_all_caps&exclamation_heavy,180,0.006711043641946936,0.007954984545961663,0.03718530661376085,0.6055555555555555,0.39444444444444443,long,0.6055555555555555,0.05452307087954535
posts_high,423,0.004515893635044482,0.005425846794545386,0.03523415082200143,0.5862884160756501,0.41134751773049644,long,0.5862884160756501,0.05445342503230918
posts_high&has_exclamation,423,0.004515893635044482,0.005425846794545386,0.03523415082200143,0.5862884160756501,0.41134751773049644,long,0.5862884160756501,0.05445342503230918
positive_heavy&has_night_post,379,0.004795421297238526,0.0056834661825369,0.03385635312785988,0.58311345646438,0.41688654353562005,long,0.58311345646438,0.05443765844712393
posts_high&lots_of_excl,419,0.0045427560405343174,0.00556208902468458,0.03537717105451662,0.5847255369928401,0.4128878281622912,long,0.5847255369928401,0.05437239802437135
lots_of_excl&volume_spike,129,0.007788834998886355,0.007777363926393832,0.034472280054607084,0.6124031007751938,0.3875968992248062,long,0.6124031007751938,0.05417572598852282
has_relief&has_attack,74,0.010501638207767186,0.004984777959740727,0.04755603415344911,0.5945945945945946,0.40540540540540543,long,0.5945945945945946,0.053714788362171625
posts_high&exclamation_heavy,421,0.0044795918757250894,0.005425846794545386,0.03531006681090125,0.5843230403800475,0.41330166270783847,long,0.5843230403800475,0.05370719954135923
posts_very_high&has_russia,121,0.008182046058444775,0.006066663683762297,0.03218047591356737,0.5950413223140496,0.4049586776859504,long,0.5950413223140496,0.0535552105643658
has_all_caps&lots_of_excl,177,0.006632932872857802,0.007989821603172853,0.037463909002883565,0.6045197740112994,0.3954802259887006,long,0.6045197740112994,0.053346108832454664
has_iran&deal_over_tariff,66,0.010278923804875294,0.008017063418333414,0.030050932320445686,0.6363636363636364,0.36363636363636365,long,0.6363636363636364,0.05314041838581234
has_deal&has_relief,52,0.011184995903820548,0.007098529685645505,0.04361585006557475,0.6538461538461539,0.34615384615384615,long,0.6538461538461539,0.05273671509233495
exclamation_heavy&volume_spike,134,0.007534567090853403,0.007074714804941373,0.03401725111566943,0.6044776119402985,0.39552238805970147,long,0.6044776119402985,0.05272188434272253
positive_heavy&deal_only,198,0.0064847753625513005,0.0057496062355494315,0.03150737927185555,0.5757575757575758,0.41919191919191917,long,0.5757575757575758,0.05253723260264373
posts_high&volume_spike,115,0.00789776415650867,0.007777363926393832,0.035682664607429235,0.6173913043478261,0.3826086956521739,long,0.6173913043478261,0.052289391657075614
has_deal&uppercase_phrase_heavy,23,0.01669936862378512,0.00845163169762353,0.03717515675316379,0.6521739130434783,0.34782608695652173,long,0.6521739130434783,0.052230885955674794
deal_heavy&has_attack,123,0.007800440411111684,0.00790291002192145,0.03369248012477307,0.6016260162601627,0.3983739837398374,long,0.6016260162601627,0.0520473098924179
has_positive&has_uppercase_phrase,280,0.005306208265127698,0.006281102084357948,0.03760296393580793,0.5857142857142857,0.4142857142857143,long,0.5857142857142857,0.052005481789651406
has_relief&has_russia,33,0.014208220371802235,0.008677393730147642,0.04011453609251841,0.6363636363636364,0.36363636363636365,long,0.6363636363636364,0.05194000765013186
has_relief&has_action,26,0.01654914027957683,0.01331776671785212,0.06654314957973126,0.6153846153846154,0.38461538461538464,long,0.6153846153846154,0.05192885490384407
positive_heavy&has_uppercase_phrase,220,0.006161572851149459,0.0055787574600734136,0.03776972458389087,0.5681818181818182,0.4318181818181818,long,0.5681818181818182,0.05192664461002765
has_action,194,0.006508572259704835,0.005904266763828603,0.03892100711614254,0.5721649484536082,0.42783505154639173,long,0.5721649484536082,0.05186899635837073
has_iran&deal_only,58,0.0106658792298267,0.008017063418333414,0.02866905153766255,0.6379310344827587,0.3620689655172414,long,0.6379310344827587,0.05181844653430252
has_night_post&volume_spike,102,0.007810224381450075,0.008223095495937582,0.03369179390078092,0.6568627450980392,0.3431372549019608,long,0.6568627450980392,0.05181293902530836
has_deal&has_china,157,0.007115038848297859,0.00671140379110291,0.032095103769450684,0.5796178343949044,0.4140127388535032,long,0.5796178343949044,0.05167361460446764
posts_very_high&pre_action,34,0.014269314676062099,0.008217555779008179,0.051781413351740496,0.6176470588235294,0.38235294117647056,long,0.6176470588235294,0.05139051283585563
posts_low&volume_drop,250,0.005406432863575762,0.005640151465217902,0.033641823703409054,0.6,0.4,long,0.6,0.05128992559705737
has_russia&deal_only,97,0.008247471887731903,0.007051606486433215,0.026866942563326487,0.6288659793814433,0.36082474226804123,long,0.6288659793814433,0.051081637614861085
has_relief&positive_heavy,83,0.009121158197600253,0.0056834661825369,0.04673667489541409,0.6144578313253012,0.3855421686746988,long,0.6144578313253012,0.05106003617023296
volume_drop,326,0.004774554744504241,0.005460259015249713,0.03394230257249518,0.5920245398773006,0.40797546012269936,long,0.5920245398773006,0.05103655907808238
has_action&has_exclamation,192,0.006428079970180221,0.005904266763828603,0.03903053218039933,0.5729166666666666,0.4270833333333333,long,0.5729166666666666,0.05102973839089488
posts_high&has_night_post,300,0.004977414442470781,0.006705533193740232,0.03609916824677931,0.59,0.41,long,0.59,0.05086469475765041
pre_action&has_uppercase_phrase,29,0.016037391971705395,0.005595425895462247,0.0531756060798207,0.5862068965517241,0.41379310344827586,long,0.5862068965517241,0.05062717173628408
uppercase_phrase_heavy&deal_over_tariff,22,0.016940838617919254,0.008220726650398191,0.03803151977611942,0.6363636363636364,0.36363636363636365,long,0.6363636363636364,0.05056518500607245
has_russia&deal_over_tariff,116,0.007437701075343899,0.006881505138768063,0.02635347231215701,0.6293103448275862,0.3620689655172414,long,0.6293103448275862,0.05041184420027198
has_russia&has_all_caps,70,0.010007782302944723,0.006383163140069925,0.03834307720492634,0.6,0.4,long,0.6,0.050238668442773894
has_uppercase_phrase,298,0.004916564450709879,0.007088385181291845,0.03973586752841478,0.5906040268456376,0.40939597315436244,long,0.5906040268456376,0.05012637195878224
has_deal&has_iran,76,0.009091843180502223,0.008460068334556814,0.029986859276839025,0.631578947368421,0.3684210526315789,long,0.631578947368421,0.05005948501178352
posts_very_high&has_action,88,0.008990416358249813,0.008056399023173011,0.04474797843400704,0.5909090909090909,0.4090909090909091,long,0.5909090909090909,0.04983584340576552
has_all_caps&has_exclamation,184,0.006058468586637821,0.007954984545961663,0.038992539985386154,0.6032608695652174,0.3967391304347826,long,0.6032608695652174,0.04957662151428657
has_all_caps,184,0.006058468586637821,0.007954984545961663,0.038992539985386154,0.6032608695652174,0.3967391304347826,long,0.6032608695652174,0.04957662151428657
has_night_post&has_all_caps,111,0.00776511031973497,0.008423056526498218,0.036388532893408466,0.6036036036036037,0.3963963963963964,long,0.6036036036036037,0.04938112087077383
pre_deal&has_all_caps,47,0.011640696142524866,0.008677393730147642,0.028855007579836552,0.6170212765957447,0.3829787234042553,long,0.6170212765957447,0.04924113127190994
posts_high&short_posts,241,0.005292906852848098,0.006299679973011285,0.03876860026007365,0.5975103734439834,0.4024896265560166,long,0.5975103734439834,0.04909623871945636
has_deal&positive_heavy,275,0.005196381002077017,0.00496228224299089,0.03046769947362529,0.5672727272727273,0.4290909090909091,long,0.5672727272727273,0.04888315607368716
posts_low&exclamation_heavy,48,0.010571613385895956,0.011806826776113222,0.035830664531663885,0.6666666666666666,0.3333333333333333,long,0.6666666666666666,0.048828190672925445
has_china&pre_deal,80,0.009069374482908473,0.008398926443693222,0.031655991723862784,0.6,0.3875,long,0.6,0.04867137085724484
has_uppercase_phrase&exclamation_heavy,279,0.004984854564038651,0.006699662596377554,0.038668658192686306,0.5842293906810035,0.4157706093189964,long,0.5842293906810035,0.048644976151331544
has_china&lots_of_excl,282,0.005056204398951493,0.0062141084980892325,0.03487751986669295,0.5709219858156028,0.425531914893617,long,0.5709219858156028,0.04847590704466304
has_uppercase_phrase&has_exclamation,294,0.004802348187574748,0.006987915337149264,0.03993738603437758,0.5884353741496599,0.41156462585034015,long,0.5884353741496599,0.04845360367680066
has_iran&pre_deal,42,0.012063365036219362,0.008017063418333414,0.031277413306299975,0.6190476190476191,0.38095238095238093,long,0.6190476190476191,0.048396858559509724
has_uppercase_phrase&lots_of_excl,266,0.005086822534840954,0.005773003877437621,0.038721180924128934,0.5789473684210527,0.42105263157894735,long,0.5789473684210527,0.04803153753998018
has_relief&has_exclamation,96,0.007970387757123292,0.005706010291168906,0.04440790883190794,0.6145833333333334,0.3854166666666667,long,0.6145833333333334,0.047994983348650384
has_relief,96,0.007970387757123292,0.005706010291168906,0.04440790883190794,0.6145833333333334,0.3854166666666667,long,0.6145833333333334,0.047994983348650384
posts_high&deal_heavy,117,0.007628222971007194,0.006699662596377554,0.03493782507212378,0.5811965811965812,0.4188034188034188,long,0.5811965811965812,0.04795560349383157
pre_action&volume_spike,21,0.016891190055769282,0.008677393730147642,0.04887181797765021,0.6190476190476191,0.38095238095238093,long,0.6190476190476191,0.04791747814808692
positive_heavy&has_russia,231,0.005385948123027227,0.004453037269242843,0.03099103527102489,0.5844155844155844,0.41125541125541126,long,0.5844155844155844,0.04783986490290053
has_exclamation&volume_spike,153,0.006360646233080754,0.0070978231234495315,0.037672343221620726,0.6078431372549019,0.39215686274509803,long,0.6078431372549019,0.04782318260303235
has_china&pre_action,33,0.015261268834655065,0.008677393730147642,0.050663042301401506,0.5454545454545454,0.45454545454545453,long,0.5454545454545454,0.04781962630163696
has_relief&has_positive,93,0.00808647033186773,0.0056834661825369,0.04509517003021637,0.6129032258064516,0.3870967741935484,long,0.6129032258064516,0.047796090955600015
has_china&has_exclamation,307,0.004802363221326311,0.005728554399800911,0.03446907104982547,0.5667752442996743,0.42996742671009774,long,0.5667752442996743,0.047690850207848454
has_china,307,0.004802363221326311,0.005728554399800911,0.03446907104982547,0.5667752442996743,0.42996742671009774,long,0.5667752442996743,0.047690850207848454
has_relief&exclamation_heavy,95,0.007953509545597872,0.0056834661825369,0.04464318665667402,0.6105263157894737,0.3894736842105263,long,0.6105263157894737,0.047328745977939075
has_russia&has_uppercase_phrase,115,0.0072346705586844905,0.007989821603172853,0.037446253033345464,0.6086956521739131,0.391304347826087,long,0.6086956521739131,0.04722455557405547
has_china&exclamation_heavy,300,0.004761065978911879,0.0062141084980892325,0.034543619713382184,0.57,0.4266666666666667,long,0.57,0.047004526589879254
has_positive&has_china,299,0.004730278109109867,0.005728554399800911,0.034672071556049136,0.568561872909699,0.4280936454849498,long,0.568561872909699,0.04650503786847156
has_china&short_posts,143,0.006972480229813107,0.00555595874065129,0.03944677423949709,0.5524475524475524,0.44755244755244755,long,0.5524475524475524,0.046062378968697554
has_china&has_uppercase_phrase,124,0.007200238973855572,0.007639537971055765,0.0430298121687603,0.5725806451612904,0.4274193548387097,long,0.5725806451612904,0.04590863889253215
has_relief&lots_of_excl,92,0.007853296665541278,0.005378249347734898,0.045313922322304266,0.6086956521739131,0.391304347826087,long,0.6086956521739131,0.04585071547368812
positive_heavy&has_china,246,0.005233517182996326,0.005493967909614983,0.034620549809931275,0.556910569105691,0.43902439024390244,long,0.556910569105691,0.045713730961145595
deal_heavy&has_china,85,0.008080080578959188,0.008329347915896346,0.03735464442162032,0.611764705882353,0.38823529411764707,long,0.611764705882353,0.04557320505933647
has_action&lots_of_excl,178,0.0060714743960988285,0.005463374676270671,0.03868961742368959,0.5617977528089888,0.43820224719101125,long,0.5617977528089888,0.04550762458803083
has_china&pre_tariff,39,0.010902929446073118,0.015018300800598405,0.02454058657921436,0.6666666666666666,0.3333333333333333,long,0.6666666666666666,0.045392515044937055
positive_heavy&volume_spike,122,0.006947649975218924,0.005363274687900876,0.03522649664816539,0.5901639344262295,0.4098360655737705,long,0.5901639344262295,0.045288768509908615
deal_heavy&has_iran,39,0.011260882734948297,0.01160113810476493,0.034680232373891166,0.6410256410256411,0.358974358974359,long,0.6410256410256411,0.04507960906407128
has_deal&sig_potus,27,0.012986280608731814,0.006924224187865313,0.02260417378493193,0.6666666666666666,0.3333333333333333,long,0.6666666666666666,0.04498579563133998
posts_high&has_relief,74,0.008780173577930641,0.004156433164141493,0.04883512750138728,0.5945945945945946,0.40540540540540543,long,0.5945945945945946,0.04490967563259357
pre_action&deal_over_tariff,43,0.011768613587086363,0.004453037269242843,0.04116569637264501,0.5813953488372093,0.4186046511627907,long,0.5813953488372093,0.044867418670688414
attack_heavy&china_streak_3d,24,0.0136214537297763,0.013898890307708966,0.028842670648366372,0.6666666666666666,0.3333333333333333,long,0.6666666666666666,0.044487481590510275
has_attack&has_iran,86,0.007585427197478865,0.007559159933547388,0.030565725134590722,0.627906976744186,0.37209302325581395,long,0.627906976744186,0.04416971313439432
attack_heavy&all_caps_heavy,25,0.014711066314252586,0.008355080218477307,0.04022127099638294,0.6,0.4,long,0.6,0.04413319894275775
has_all_caps&deal_over_tariff,73,0.008502676287678443,0.007989821603172853,0.029080376132214418,0.6027397260273972,0.3972602739726027,long,0.6027397260273972,0.04378717142567774
has_china&has_russia,132,0.006600167126559625,0.005378585125812241,0.032782780207658964,0.5757575757575758,0.4166666666666667,long,0.5757575757575758,0.043659781647679426
has_china&volume_spike,74,0.008524334763259755,0.007543822363311192,0.040523745314062325,0.5945945945945946,0.40540540540540543,long,0.5945945945945946,0.043601086675995215
pre_relief&short_posts,24,0.014225579746992114,0.007098529685645505,0.06995450626680423,0.625,0.375,long,0.625,0.04355676459425162
has_china&has_all_caps,87,0.007812704908085416,0.007989821603172853,0.04155322972115146,0.5977011494252874,0.40229885057471265,long,0.5977011494252874,0.043555714087325115
has_action&positive_heavy,150,0.006329024008077877,0.0053974791967749125,0.04022149791050323,0.56,0.44,long,0.56,0.043408062290922665
has_relief&short_posts,46,0.010111535256118407,0.007098529685645505,0.05581155001598795,0.6304347826086957,0.3695652173913043,long,0.6304347826086957,0.043235071598847895
has_relief&attack_heavy,45,0.010643637666738983,0.008677393730147642,0.0385701619096134,0.6,0.4,long,0.6,0.04283981523127011
has_action&has_positive,185,0.00559828927807027,0.005331323457079096,0.03883055973177198,0.5621621621621622,0.43783783783783786,long,0.5621621621621622,0.042805819013861796
has_deal&has_all_caps,80,0.008070843665870112,0.007344742099775203,0.02838501583298538,0.5875,0.4125,long,0.5875,0.04241034442074905
has_action&exclamation_heavy,185,0.005539319595222347,0.005199532498087578,0.038823460326656,0.5621621621621622,0.43783783783783786,long,0.5621621621621622,0.04235492313372551
short_posts&volume_spike,102,0.006624233630124303,0.0080064780342749,0.04248174351463939,0.6274509803921569,0.37254901960784315,long,0.6274509803921569,0.04197739937901462
has_relief&has_china,46,0.010527106282284291,0.010434533849470462,0.05275528080856584,0.5869565217391305,0.41304347826086957,long,0.5869565217391305,0.04190770285858357
has_attack&has_china,240,0.004877479320423517,0.005645321712242746,0.03581251924254157,0.55,0.44583333333333336,long,0.55,0.041558871594836976
has_action&attack_heavy,96,0.007398759044319954,0.0061475442459199,0.03387750886559159,0.5729166666666666,0.4270833333333333,long,0.5729166666666666,0.04153229755671791
has_deal&pre_action,49,0.010378710184266497,0.004453037269242843,0.03972694393653983,0.5714285714285714,0.42857142857142855,long,0.5714285714285714,0.04151484073706598
sig_potus&deal_over_tariff,21,0.012672853084699934,0.013087369342007271,0.02127102207139918,0.7142857142857143,0.2857142857142857,long,0.7142857142857143,0.041481648951208615
deal_heavy&has_action,61,0.00851912656552947,0.00790291002192145,0.04065068521003399,0.6229508196721312,0.3770491803278688,long,0.6229508196721312,0.04144897063774597
posts_high&has_all_caps,128,0.006078076262082824,0.008389068372487762,0.03959540946217105,0.6015625,0.3984375,long,0.6015625,0.04136679606181958
has_relief&has_night_post,61,0.008718631280835467,0.005073032512932896,0.048671211515151684,0.6065573770491803,0.39344262295081966,long,0.6065573770491803,0.041303334819890306
posts_high&has_action,138,0.006133591074041615,0.0061475442459199,0.04063663875137431,0.572463768115942,0.427536231884058,long,0.572463768115942,0.04124794972437378
has_action&has_night_post,125,0.006353122474972815,0.006947677332868274,0.040999358717463436,0.576,0.424,long,0.576,0.04091331952345225
posts_low&has_attack,30,0.010670800765139684,0.007972393674710365,0.027367426477551478,0.7,0.3,long,0.7,0.04091246799997273
has_exclamation&volume_drop,147,0.005498145170157523,0.0058262990198583164,0.028749239264063337,0.6122448979591837,0.3877551020408163,long,0.6122448979591837,0.04081314335186683
positive_heavy&sig_potus,46,0.009476220701179205,0.008731229771354654,0.024172074763431726,0.6304347826086957,0.3695652173913043,long,0.6304347826086957,0.040518582996984395
has_action&short_posts,104,0.006985147343521466,0.005113923431813827,0.04508146419311667,0.5673076923076923,0.4326923076923077,long,0.5673076923076923,0.0404120529612744
posts_high&has_china,205,0.005163231525046301,0.005199532498087578,0.03699256462347604,0.5463414634146342,0.44878048780487806,long,0.5463414634146342,0.04038896199704686
has_action&china_streak_3d,22,0.01444160800862937,0.010531809820111926,0.040154591997022135,0.5909090909090909,0.4090909090909091,long,0.5909090909090909,0.04002649524596713
pre_action&short_posts,37,0.011480251100970156,0.005595425895462247,0.05444902349847341,0.5675675675675675,0.43243243243243246,long,0.5675675675675675,0.039634174755224835
has_uppercase_phrase&volume_drop,28,0.011001138031514332,0.011806826776113222,0.042686567973914215,0.6785714285714286,0.32142857142857145,long,0.6785714285714286,0.03950137371653928
posts_high&has_uppercase_phrase,191,0.0047830977286722216,0.00556208902468458,0.040222684374861505,0.5863874345549738,0.41361256544502617,long,0.5863874345549738,0.03876239417230971
silence_day&volume_drop,170,0.005047060261672069,0.005146697557713575,0.03795220929215174,0.5882352941176471,0.4117647058823529,long,0.5882352941176471,0.03870918517305325
has_all_caps&deal_only,59,0.008474841690552319,0.007989821603172853,0.02919435212937744,0.5932203389830508,0.4067796610169492,long,0.5932203389830508,0.03861656436497617
posts_very_high&has_all_caps,92,0.006720662128403171,0.006383163140069925,0.04324360604717808,0.5978260869565217,0.40217391304347827,long,0.5978260869565217,0.0385372604589379
has_positive&sig_potus,61,0.007912029315101113,0.006699662596377554,0.025117924193805208,0.6229508196721312,0.3770491803278688,long,0.6229508196721312,0.038495198802839865
positive_heavy&has_chips,25,0.009982662770519726,0.013501926166778588,0.0221715281488848,0.76,0.24,long,0.76,0.03793411852797496
has_russia&uppercase_phrase_heavy,29,0.012003967767277206,0.008677393730147642,0.038402066085261685,0.5862068965517241,0.41379310344827586,long,0.5862068965517241,0.0378943745181865
deal_heavy&volume_spike,46,0.009155247671271979,0.007543822363311192,0.0319105733353484,0.6086956521739131,0.391304347826087,long,0.6086956521739131,0.0377962935205774
lots_of_excl&has_chips,29,0.009229212636868492,0.013501926166778588,0.027343684852861618,0.7586206896551724,0.2413793103448276,long,0.7586206896551724,0.03770407875764673
has_attack&sig_potus,54,0.008127152483635639,0.008731229771354654,0.024310854512864428,0.6296296296296297,0.37037037037037035,long,0.6296296296296297,0.0376028225548784
has_russia&lots_of_excl,278,0.003941616859224587,0.003814811892316583,0.03073430455025493,0.5719424460431655,0.4244604316546763,long,0.5719424460431655,0.037587992645781436
has_russia,301,0.003745394759842427,0.003797583331922816,0.030211756089692204,0.5780730897009967,0.4186046511627907,long,0.5780730897009967,0.03756328791161523
has_russia&has_exclamation,301,0.003745394759842427,0.003797583331922816,0.030211756089692204,0.5780730897009967,0.4186046511627907,long,0.5780730897009967,0.03756328791161523
posts_high&has_chips,23,0.009980312352067441,0.017566495266272852,0.029720653133094035,0.782608695652174,0.21739130434782608,long,0.782608695652174,0.0374587016795627
has_all_caps&has_uppercase_phrase,132,0.0055409745219243784,0.007315105139819811,0.04279863917822426,0.5833333333333334,0.4166666666666667,long,0.5833333333333334,0.037135554474743315
attack_heavy&has_market_brag,73,0.006556071711102329,0.008329347915896346,0.024575030515706732,0.6575342465753424,0.3424657534246575,long,0.6575342465753424,0.036831847400040724
deal_heavy&has_russia,66,0.00724095020384046,0.007873769715520784,0.030707736109099316,0.6212121212121212,0.3787878787878788,long,0.6212121212121212,0.03654327362461084
has_russia&exclamation_heavy,294,0.0036981235834652945,0.0037756410573561716,0.030322262445327985,0.5748299319727891,0.4217687074829932,long,0.5748299319727891,0.03644974208823892
has_russia&short_posts,141,0.0051294466156686,0.005331323457079096,0.03244965986292042,0.5886524822695035,0.41134751773049644,long,0.5886524822695035,0.035854118567565756
posts_high&pre_action,57,0.008446940180698083,0.0048965234065485586,0.04529033605699099,0.5614035087719298,0.43859649122807015,long,0.5614035087719298,0.03580238588008787
has_all_caps&short_posts,113,0.005471450020981882,0.008677393730147642,0.045027557938697935,0.6106194690265486,0.3893805309734513,long,0.6106194690265486,0.03551503978388314
has_deal&has_russia,138,0.005146045172829348,0.006183171828386791,0.027272612081053825,0.5869565217391305,0.4057971014492754,long,0.5869565217391305,0.03548289694369918
deal_heavy&attack_heavy,80,0.006541177408283831,0.0068987428599135425,0.030862798221150865,0.6,0.4,long,0.6,0.0351036416107405
has_tariff&has_all_caps,36,0.009135904009400227,0.013364455674694575,0.03280378667871517,0.6388888888888888,0.3611111111111111,long,0.6388888888888888,0.03502096536936754
has_iran&lots_of_excl,109,0.005528048811915697,0.0058980906544492395,0.029965731071122836,0.6055045871559633,0.3944954128440367,long,0.6055045871559633,0.034946409023053515
has_positive&has_russia,290,0.0036066092061660883,0.003673894976274239,0.03049520367210626,0.5689655172413793,0.42758620689655175,long,0.5689655172413793,0.034944918520851916
posts_very_high&has_iran,50,0.007876803652353825,0.008460068334556814,0.034543550021794815,0.62,0.38,long,0.62,0.034532395915257
has_exclamation&has_chips,31,0.008277191747109506,0.013281629710966136,0.026855905963268426,0.7419354838709677,0.25806451612903225,long,0.7419354838709677,0.03419243304448202
has_chips,31,0.008277191747109506,0.013281629710966136,0.026855905963268426,0.7419354838709677,0.25806451612903225,long,0.7419354838709677,0.03419243304448202
posts_high&has_russia,184,0.004246442008195952,0.004584228633805476,0.03279954563569214,0.5815217391304348,0.41304347826086957,long,0.5815217391304348,0.03349654882669064
exclamation_heavy&has_chips,30,0.008332619783834594,0.013391777938872362,0.02731321099110261,0.7333333333333333,0.26666666666666666,long,0.7333333333333333,0.03346906800394687
has_positive&uppercase_phrase_heavy,52,0.007944209712385476,0.008220726650398191,0.040878347307048805,0.5769230769230769,0.4230769230769231,long,0.5769230769230769,0.03304991014735945
has_attack&all_caps_heavy,28,0.010230035169350097,0.008516236974312474,0.051927313314840046,0.6071428571428571,0.39285714285714285,long,0.6071428571428571,0.03286601373901879
has_night_post&uppercase_phrase_heavy,45,0.008479559155571356,0.00845163169762353,0.041876129377722456,0.5777777777777777,0.4222222222222222,long,0.5777777777777777,0.032865509197886326
has_iran&has_exclamation,120,0.005063245411353915,0.00579077841849307,0.030025287944178806,0.5916666666666667,0.4083333333333333,long,0.5916666666666667,0.03281683575746625
has_iran&exclamation_heavy,115,0.005091985343560289,0.0058980906544492395,0.03037492518095658,0.6,0.4,long,0.6,0.03276327563287831
has_positive&has_chips,30,0.00814192978915717,0.013391777938872362,0.027304272409009952,0.7333333333333333,0.26666666666666666,long,0.7333333333333333,0.03270313645239419
has_attack&has_russia,268,0.0033875020200381726,0.004249671626559981,0.02985238413085942,0.5895522388059702,0.40671641791044777,long,0.5895522388059702,0.032694089923970084
has_action&has_attack,148,0.004784567070688897,0.0036277292326079014,0.04086783191223288,0.5472972972972973,0.4527027027027027,long,0.5472972972972973,0.03185640823519049
has_attack&uppercase_phrase_heavy,50,0.007963189043767383,0.007344742099775203,0.04145647741593804,0.56,0.44,long,0.56,0.03153261984722268
has_positive&has_iran,116,0.004894942400097217,0.00579077841849307,0.030207422820718165,0.5948275862068966,0.4051724137931034,long,0.5948275862068966,0.03135939545984187
has_relief&has_uppercase_phrase,41,0.008356529363662999,0.001684447257312982,0.05759236965317738,0.5853658536585366,0.4146341463414634,long,0.5853658536585366,0.031321695049340396
attack_heavy&uppercase_phrase_heavy,44,0.009023492319826104,0.004063928347852741,0.03371075790311325,0.5227272727272727,0.4772727272727273,long,0.5227272727272727,0.031287880974585756
posts_low&short_posts,127,0.004339466128252593,0.007585738804190445,0.03614750074005514,0.6377952755905512,0.36220472440944884,long,0.6377952755905512,0.031190293481994993
has_china&has_night_post,186,0.004197027405444604,0.005377745619369434,0.03675063630970461,0.543010752688172,0.45698924731182794,long,0.543010752688172,0.031081839014037337
positive_heavy&uppercase_phrase_heavy,51,0.00764982027409824,0.007989821603172853,0.04122939903792298,0.5686274509803921,0.43137254901960786,long,0.5686274509803921,0.031064483831019025
positive_heavy&has_iran,94,0.005359862962375856,0.006512172773087244,0.03165763545033158,0.5957446808510638,0.40425531914893614,long,0.5957446808510638,0.030958348604008302
has_attack&has_chips,28,0.007752491747415927,0.012808340098322879,0.025887634743085294,0.75,0.25,long,0.75,0.030766747807114664
posts_high&has_iran,78,0.0058747274517924825,0.005441499340312239,0.03244583389365364,0.5897435897435898,0.41025641025641024,long,0.5897435897435898,0.030598367287407786
has_china&sig_potus,26,0.011128590461582403,0.006811943392121433,0.0256236408210403,0.5384615384615384,0.46153846153846156,long,0.5384615384615384,0.0305549461120568
has_iran&has_uppercase_phrase,49,0.006787238073023267,0.007777363926393832,0.03536758703891554,0.6326530612244898,0.3673469387755102,long,0.6326530612244898,0.03005776860910304
deal_heavy&has_all_caps,44,0.007966504598284045,0.005707541297372831,0.033055295834204954,0.5681818181818182,0.4318181818181818,long,0.5681818181818182,0.030024893912669492
has_tariff&lots_of_excl,136,0.004658704532533901,0.002973470375291165,0.03287656494350624,0.5514705882352942,0.4485294117647059,long,0.5514705882352942,0.029961046347245893
pre_action&has_exclamation,74,0.006594346938180827,0.002054785737891196,0.04315484792658161,0.527027027027027,0.47297297297297297,long,0.527027027027027,0.029896513164221164
lots_of_excl&tariff_only,53,0.007457123128006091,0.0015506314890556538,0.039732899316327216,0.5471698113207547,0.4528301886792453,long,0.5471698113207547,0.029705124510634128
has_iran,121,0.004585707617990239,0.0056834661825369,0.03035783902824322,0.5867768595041323,0.4132231404958678,long,0.5867768595041323,0.029598658261573364
pre_tariff&pre_deal,30,0.008087968689038553,0.013767520216729223,0.021660062015658735,0.6666666666666666,0.3333333333333333,long,0.6666666666666666,0.029533085969212676
has_iran&has_night_post,70,0.0057510479329603865,0.006512211061618922,0.03416464324559627,0.6,0.4,long,0.6,0.02887003149713626
pre_action,75,0.006359143390267755,0.0013071502798094325,0.04291064184820175,0.52,0.48,long,0.52,0.02863733455585484
has_action&pre_action,75,0.006359143390267755,0.0013071502798094325,0.04291064184820175,0.52,0.48,long,0.52,0.02863733455585484
sig_potus&lots_of_excl,60,0.0057111425810610515,0.006811943392121433,0.03388312331929043,0.6333333333333333,0.36666666666666664,long,0.6333333333333333,0.02801760279873629
has_all_caps&uppercase_phrase_heavy,42,0.0068846343095926325,0.011444782723338376,0.051600483539158415,0.6190476190476191,0.38095238095238093,long,0.6190476190476191,0.027620375568086525
posts_high&sig_potus,46,0.006421181829668959,0.006811943392121433,0.03558570427236584,0.6304347826086957,0.3695652173913043,long,0.6304347826086957,0.02745579668398751
has_market_brag&pre_deal,44,0.006727998725132861,0.005896958316440215,0.022258195984594928,0.6136363636363636,0.38636363636363635,long,0.6136363636363636,0.02738566721608589
pre_action&exclamation_heavy,73,0.006154029974502703,0.0013071502798094325,0.043285799435004345,0.5205479452054794,0.4794520547945205,long,0.5205479452054794,0.027370439667616472
has_tariff&short_posts,43,0.006625929493535824,0.00556208902468458,0.033249862989583434,0.627906976744186,0.37209302325581395,long,0.627906976744186,0.027282008921999015
brag_heavy&has_night_post,21,0.008327488590654877,0.007989821603172853,0.018907284352993943,0.7142857142857143,0.2857142857142857,long,0.7142857142857143,0.02725810486825507
has_positive&volume_drop,112,0.004437516561279636,0.006018110820241951,0.03185342992291864,0.5803571428571429,0.41964285714285715,long,0.5803571428571429,0.027254883638998865
pre_tariff&lots_of_excl,52,0.00632564590929117,0.007514036949035963,0.026110304767173496,0.5961538461538461,0.40384615384615385,long,0.5961538461538461,0.02719348696029725
exclamation_heavy&tariff_only,56,0.006681893565436465,0.0014266409714360773,0.03925979329082952,0.5357142857142857,0.4642857142857143,long,0.5357142857142857,0.026787167589377804
has_china&uppercase_phrase_heavy,37,0.007707455436658295,0.007989821603172853,0.045217291419908164,0.5675675675675675,0.43243243243243246,long,0.5675675675675675,0.02660905523824367
has_positive&pre_action,72,0.006077267021761309,0.0020531449238069266,0.04345889904978719,0.5138888888888888,0.4861111111111111,long,0.5138888888888888,0.0264998731200409
sig_potus&exclamation_heavy,61,0.0053572913362053675,0.006699662596377554,0.033713045912302946,0.6229508196721312,0.3770491803278688,long,0.6229508196721312,0.026065372968012274
positive_heavy&has_market_brag,140,0.0035777882850064565,0.006534644060644967,0.030556272739784295,0.6142857142857143,0.38571428571428573,long,0.6142857142857143,0.026004533727683028
pre_action&lots_of_excl,70,0.006024606782861528,0.0020531449238069266,0.04376975539568577,0.5142857142857142,0.4857142857142857,long,0.5142857142857142,0.0259228165927181
has_iran&has_all_caps,31,0.008486638544202991,0.005331323457079096,0.03613049200903169,0.5483870967741935,0.45161290322580644,long,0.5483870967741935,0.025912169741702004
deal_heavy&pre_action,25,0.009948311995774013,0.004453037269242843,0.05142514012511175,0.52,0.48,long,0.52,0.025865611189012434
has_attack&pre_action,64,0.006268016140189564,0.0013055094657251631,0.04564397568422555,0.515625,0.484375,long,0.515625,0.025855566578281954
has_positive&all_caps_heavy,30,0.007793982499622872,0.008403355958050418,0.05176467330405957,0.6,0.4,long,0.6,0.02561364016706368
positive_heavy&pre_action,62,0.006108177085339955,0.0036277292326079014,0.04545293913349879,0.532258064516129,0.46774193548387094,long,0.532258064516129,0.025599395764068313
has_night_post&tariff_only,35,0.006814301356242579,0.01223991086820253,0.03515825716303005,0.6285714285714286,0.37142857142857144,long,0.6285714285714286,0.02534019745061515
has_russia&sig_potus,29,0.007566330972598795,0.006066663683762297,0.02032113051431594,0.6206896551724138,0.3793103448275862,long,0.6206896551724138,0.02529058299689223
positive_heavy&pre_tariff,47,0.006177853858144371,0.00790291002192145,0.026964381759915897,0.5957446808510638,0.40425531914893614,long,0.5957446808510638,0.025231712813816982
has_exclamation&tariff_only,59,0.006226821967008353,0.0013026504538165007,0.03863442580234434,0.5254237288135594,0.4745762711864407,long,0.5254237288135594,0.02513055829344496
has_tariff&tariff_only,59,0.006226821967008353,0.0013026504538165007,0.03863442580234434,0.5254237288135594,0.4745762711864407,long,0.5254237288135594,0.02513055829344496
tariff_only,59,0.006226821967008353,0.0013026504538165007,0.03863442580234434,0.5254237288135594,0.4745762711864407,long,0.5254237288135594,0.02513055829344496
has_tariff&pre_deal,45,0.0059761501786522436,0.008329347915896346,0.021898357048254918,0.6222222222222222,0.37777777777777777,long,0.6222222222222222,0.024944412347332672
posts_very_high&open_deal,60,0.004951278456518589,0.0062141084980892325,0.025841493019970345,0.65,0.35,long,0.65,0.02492908470589168
sig_potus&has_exclamation,63,0.005001673100871036,0.006066663683762297,0.033261653343044775,0.6190476190476191,0.38095238095238093,long,0.6190476190476191,0.024575911590556936
sig_potus,63,0.005001673100871036,0.006066663683762297,0.033261653343044775,0.6190476190476191,0.38095238095238093,long,0.6190476190476191,0.024575911590556936
pre_tariff&exclamation_heavy,55,0.005598038202968365,0.007125163876150475,0.02630305563088023,0.5818181818181818,0.41818181818181815,long,0.5818181818181818,0.024154858153633576
posts_low&has_night_post,23,0.0076601993273232175,0.0063805560419287755,0.02421330405001376,0.6521739130434783,0.34782608695652173,long,0.6521739130434783,0.02395892961445798
has_attack&has_market_brag,130,0.003425766474187446,0.006338115866334593,0.0318515868504153,0.6076923076923076,0.3923076923076923,long,0.6076923076923076,0.023736308071828204
attack_heavy&pre_action,42,0.00649570888385929,0.0036277292326079014,0.04138454455211826,0.5476190476190477,0.4523809523809524,long,0.5476190476190477,0.02305312174663422
has_tariff&exclamation_heavy,141,0.0036018228975005784,0.0015506314890556538,0.033554714233478514,0.5390070921985816,0.46099290780141844,long,0.5390070921985816,0.023052943750783303
has_attack&brag_heavy,31,0.006364497335085785,0.007989821603172853,0.0227574339555401,0.6451612903225806,0.3548387096774194,long,0.6451612903225806,0.02286194932233372
has_all_caps&volume_spike,48,0.005797838625768254,0.004584228633805476,0.05174142465647355,0.5625,0.4375,long,0.5625,0.02259483991631085
has_iran&short_posts,50,0.0051210906542729796,0.005507394819807998,0.03354672183325821,0.62,0.38,long,0.62,0.02245117915798636
has_tariff,145,0.0034611680273088008,0.0013026504538165007,0.03326111798928983,0.5379310344827586,0.46206896551724136,long,0.5379310344827586,0.022419880055217986
has_tariff&has_exclamation,145,0.0034611680273088008,0.0013026504538165007,0.03326111798928983,0.5379310344827586,0.46206896551724136,long,0.5379310344827586,0.022419880055217986
uppercase_phrase_heavy&short_posts,38,0.0060062031514903635,0.008564512713885586,0.053506062100894494,0.6052631578947368,0.39473684210526316,long,0.6052631578947368,0.02240970064920112
posts_very_high&has_market_brag,67,0.004167013246206633,0.008468504971490098,0.03428430427782478,0.6567164179104478,0.34328358208955223,long,0.6567164179104478,0.022399594488234836
has_night_post&volume_drop,40,0.006082038984223936,0.004571573212639901,0.03143337555722132,0.575,0.425,long,0.575,0.022118060409297216
deal_heavy&pre_tariff,29,0.006608991775157629,0.008329347915896346,0.02083276409944685,0.6206896551724138,0.3793103448275862,long,0.6206896551724138,0.022090661328550504
has_russia&has_night_post,175,0.0028975343710325287,0.0037536987827895274,0.031081179945434446,0.5657142857142857,0.4342857142857143,long,0.5657142857142857,0.02168426802115396
open_tariff&lots_of_excl,53,0.005636142910218673,0.0008066089134683985,0.04056957120284618,0.5283018867924528,0.4716981132075472,long,0.5283018867924528,0.021677145522005184
posts_high&tariff_heavy,20,0.007451860185889486,0.008116128968908898,0.024691000925732218,0.65,0.35,long,0.65,0.021661725714815047
has_market_brag&has_iran,30,0.005924242051985366,0.007904692167563843,0.028000507077941657,0.6666666666666666,0.3333333333333333,long,0.6666666666666666,0.02163227338662052
pre_tariff&has_exclamation,56,0.0050497984033040805,0.006343626450417528,0.02638377108002928,0.5714285714285714,0.42857142857142855,long,0.5714285714285714,0.02159384628279082
pre_tariff,56,0.0050497984033040805,0.006343626450417528,0.02638377108002928,0.5714285714285714,0.42857142857142855,long,0.5714285714285714,0.02159384628279082
has_tariff&pre_tariff,56,0.0050497984033040805,0.006343626450417528,0.02638377108002928,0.5714285714285714,0.42857142857142855,long,0.5714285714285714,0.02159384628279082
has_positive&tariff_only,56,0.005498540801736501,0.0010546296836424496,0.039356529870034074,0.5178571428571429,0.48214285714285715,long,0.5178571428571429,0.021308429228984405
has_deal&pre_tariff,36,0.005499666823504436,0.010423043774378193,0.025602706979303308,0.6388888888888888,0.3611111111111111,long,0.6388888888888888,0.021082056156767004
pre_action&has_all_caps,20,0.00832230105562865,0.0028784529604418685,0.05299249613691434,0.55,0.45,long,0.55,0.020470153978564318
posts_very_high&uppercase_phrase_heavy,45,0.005255601225759792,0.007989821603172853,0.05056999072259125,0.5777777777777777,0.4222222222222222,long,0.5777777777777777,0.020369928112612196
attack_heavy&pre_tariff,26,0.006446975650945956,0.006732499523303015,0.029117954436447966,0.6153846153846154,0.38461538461538464,long,0.6153846153846154,0.020229695167895984
has_positive&high_emotion,25,0.0063087601410179595,0.01215561282845079,0.026745076374781296,0.64,0.36,long,0.64,0.02018803245125747
has_night_post&all_caps_heavy,26,0.0068554415678912985,0.00817245091082508,0.052753496470973216,0.5769230769230769,0.4230769230769231,long,0.5769230769230769,0.020166940574407412
has_tariff&has_positive,141,0.0031318388211374715,0.0013026504538165007,0.033560816045116744,0.5319148936170213,0.46808510638297873,long,0.5319148936170213,0.019781130597687175
has_russia&pre_action,35,0.006155224774686758,0.0028024211959729595,0.04468404911748629,0.5428571428571428,0.45714285714285713,long,0.5428571428571428,0.019768034747120175
posts_high&uppercase_phrase_heavy,51,0.00485035422533748,0.007989821603172853,0.04788701902741633,0.5686274509803921,0.43137254901960786,long,0.5686274509803921,0.01969637782444142
has_relief&volume_spike,21,0.0069063578906569875,0.008677393730147642,0.061958351428346,0.6190476190476191,0.38095238095238093,long,0.6190476190476191,0.019592181025480264
open_deal&volume_spike,38,0.005196809497482258,0.006352620800770481,0.026383451142672116,0.6052631578947368,0.39473684210526316,long,0.6052631578947368,0.019389777906630563
short_posts&volume_drop,83,0.003724151026713116,0.0027435578851500164,0.027964027509529147,0.5662650602409639,0.43373493975903615,long,0.5662650602409639,0.019212598032239504
has_positive&pre_tariff,55,0.0045319836106031,0.00556208902468458,0.026338198794823027,0.5636363636363636,0.43636363636363634,long,0.5636363636363636,0.018943868907116516
has_iran&open_deal,37,0.00523587294753072,0.01138702875283415,0.029008317715473405,0.5945945945945946,0.40540540540540543,long,0.5945945945945946,0.01893698862513846
posts_high&has_market_brag,112,0.0028935979694536917,0.005090795834521877,0.03296452679763186,0.6160714285714286,0.38392857142857145,long,0.6160714285714286,0.018865932245533575
has_attack&pre_tariff,45,0.005029977069830924,0.004453037269242843,0.027716045003484256,0.5555555555555556,0.4444444444444444,long,0.5555555555555556,0.01874561775567859
attack_heavy&sig_potus,34,0.005451026876932741,0.006383163140069925,0.022895333587589495,0.5882352941176471,0.4117647058823529,long,0.5882352941176471,0.018696867939355075
pre_tariff&has_night_post,34,0.005437344730233747,0.005007563146963712,0.028658896205845295,0.5882352941176471,0.4117647058823529,long,0.5882352941176471,0.01864993856334328
pre_deal&open_deal,44,0.00470791280189593,0.004584228633805476,0.02177346387498848,0.5909090909090909,0.4090909090909091,long,0.5909090909090909,0.018453358547708607
has_deal&has_market_brag,80,0.003347438893954649,0.0037097826093875907,0.024261283376104305,0.6125,0.3875,long,0.6125,0.0183384972476528
posts_low&volume_spike,43,0.004383725992377886,0.008686544814050068,0.04616591712844203,0.627906976744186,0.37209302325581395,long,0.627906976744186,0.018049822557322667
has_market_brag&deal_over_tariff,67,0.003601785440000699,0.004453037269242843,0.025121871551523504,0.6119402985074627,0.3880597014925373,long,0.6119402985074627,0.018041153161716148
has_china&has_iran,43,0.004924894054231159,0.005199532498087578,0.03454513880009432,0.5581395348837209,0.4418604651162791,long,0.5581395348837209,0.018024943255435126
uppercase_phrase_heavy&lots_of_excl,54,0.00438289671158864,0.007344742099775203,0.04678728100818955,0.5555555555555556,0.4444444444444444,long,0.5555555555555556,0.017893100897857495
uppercase_phrase_heavy&exclamation_heavy,54,0.00438289671158864,0.007344742099775203,0.04678728100818955,0.5555555555555556,0.4444444444444444,long,0.5555555555555556,0.017893100897857495
has_uppercase_phrase&uppercase_phrase_heavy,54,0.00438289671158864,0.007344742099775203,0.04678728100818955,0.5555555555555556,0.4444444444444444,long,0.5555555555555556,0.017893100897857495
uppercase_phrase_heavy,54,0.00438289671158864,0.007344742099775203,0.04678728100818955,0.5555555555555556,0.4444444444444444,long,0.5555555555555556,0.017893100897857495
uppercase_phrase_heavy&has_exclamation,54,0.00438289671158864,0.007344742099775203,0.04678728100818955,0.5555555555555556,0.4444444444444444,long,0.5555555555555556,0.017893100897857495
open_deal&has_uppercase_phrase,61,0.00398956700913687,0.004453037269242843,0.02811437130497814,0.5737704918032787,0.4262295081967213,long,0.5737704918032787,0.01787840992465851
has_attack&tariff_only,44,0.005138225629314413,0.004213907164983488,0.03347651465891452,0.5227272727272727,0.4772727272727273,long,0.5227272727272727,0.017816183159742916
exclamation_heavy&volume_drop,100,0.0030422206655958896,0.005376571107888695,0.03179684866493863,0.58,0.42,long,0.58,0.017644879860456156
has_market_brag&deal_only,54,0.004033383944858049,0.0035581409177899426,0.024280756288330377,0.5925925925925926,0.4074074074074074,long,0.5925925925925926,0.017563969069575365
positive_heavy&all_caps_heavy,28,0.005739927323215948,0.00817245091082508,0.05294785887989998,0.5714285714285714,0.42857142857142855,long,0.5714285714285714,0.01735590884664464
brag_heavy&has_exclamation,38,0.004448824569456497,0.00766535048340522,0.024670737206614467,0.631578947368421,0.3684210526315789,long,0.631578947368421,0.017320671456448458
has_market_brag&brag_heavy,38,0.004448824569456497,0.00766535048340522,0.024670737206614467,0.631578947368421,0.3684210526315789,long,0.631578947368421,0.017320671456448458
has_positive&brag_heavy,38,0.004448824569456497,0.00766535048340522,0.024670737206614467,0.631578947368421,0.3684210526315789,long,0.631578947368421,0.017320671456448458
brag_heavy,38,0.004448824569456497,0.00766535048340522,0.024670737206614467,0.631578947368421,0.3684210526315789,long,0.631578947368421,0.017320671456448458
brag_heavy&lots_of_excl,38,0.004448824569456497,0.00766535048340522,0.024670737206614467,0.631578947368421,0.3684210526315789,long,0.631578947368421,0.017320671456448458
brag_heavy&exclamation_heavy,38,0.004448824569456497,0.00766535048340522,0.024670737206614467,0.631578947368421,0.3684210526315789,long,0.631578947368421,0.017320671456448458
has_relief&has_all_caps,29,0.005482000015043,0.008677393730147642,0.0540473464367388,0.5862068965517241,0.41379310344827586,long,0.5862068965517241,0.01730569139356022
has_tariff&has_uppercase_phrase,49,0.004370396352978577,0.004453037269242843,0.03329198639058698,0.5510204081632653,0.4489795918367347,long,0.5510204081632653,0.016857243075774513
open_tariff&has_night_post,32,-0.0052755918347318215,-0.003660357037406081,0.03611293132017517,0.4375,0.5625,short,0.5625,0.01678683042500063
has_market_brag&volume_drop,22,-0.0065550702725758365,-0.005241384336295674,0.033312632413590816,0.45454545454545453,0.5454545454545454,short,0.5454545454545454,0.01677054813449442
tariff_heavy&exclamation_heavy,22,0.005958754836806276,0.006177973645582147,0.02400052559890793,0.5909090909090909,0.4090909090909091,long,0.5909090909090909,0.01651534039732924
tariff_heavy&has_positive,22,0.005958754836806276,0.006177973645582147,0.02400052559890793,0.5909090909090909,0.4090909090909091,long,0.5909090909090909,0.01651534039732924
tariff_heavy,22,0.005958754836806276,0.006177973645582147,0.02400052559890793,0.5909090909090909,0.4090909090909091,long,0.5909090909090909,0.01651534039732924
tariff_heavy&lots_of_excl,22,0.005958754836806276,0.006177973645582147,0.02400052559890793,0.5909090909090909,0.4090909090909091,long,0.5909090909090909,0.01651534039732924
has_tariff&tariff_heavy,22,0.005958754836806276,0.006177973645582147,0.02400052559890793,0.5909090909090909,0.4090909090909091,long,0.5909090909090909,0.01651534039732924
tariff_heavy&has_exclamation,22,0.005958754836806276,0.006177973645582147,0.02400052559890793,0.5909090909090909,0.4090909090909091,long,0.5909090909090909,0.01651534039732924
deal_heavy&open_deal,91,0.002901736918750246,0.00790291002192145,0.030241630742690713,0.5934065934065934,0.4065934065934066,long,0.5934065934065934,0.016425972785243145
lots_of_excl&volume_drop,65,0.0035423341248575807,0.003797583331922816,0.034764891082364135,0.5692307692307692,0.4307692307692308,long,0.5692307692307692,0.01625678150111122
has_action&has_russia,74,0.0035353015700423495,0.0026943856269261435,0.03785265223570374,0.527027027027027,0.47297297297297297,long,0.527027027027027,0.016027847930824863
has_russia&pre_tariff,27,0.00515948392871985,0.008329347915896346,0.03025150845833373,0.5925925925925926,0.4074074074074074,long,0.5925925925925926,0.01588709032067175
deal_over_tariff&volume_drop,21,0.006025283565688253,0.0058262990198583164,0.026504744415096985,0.5714285714285714,0.42857142857142855,long,0.5714285714285714,0.015777896013337053
deal_only&volume_drop,21,0.006025283565688253,0.0058262990198583164,0.026504744415096985,0.5714285714285714,0.42857142857142855,long,0.5714285714285714,0.015777896013337053
has_market_brag&has_russia,63,0.0031147894167286713,0.004453037269242843,0.021642966115991365,0.6190476190476191,0.38095238095238093,long,0.6190476190476191,0.01530463662557142
deal_heavy&has_market_brag,41,0.0036087780867810532,0.007757717827868715,0.026188990569257293,0.6585365853658537,0.34146341463414637,long,0.6585365853658537,0.015217104140111615
has_tariff&attack_heavy,61,0.0034227457758284146,0.00556208902468458,0.027252973219862125,0.5573770491803278,0.4426229508196721,long,0.5573770491803278,0.014900081457979364
sig_potus&has_uppercase_phrase,34,0.003937309890039575,0.01148035078179277,0.03985747277112097,0.6470588235294118,0.35294117647058826,long,0.6470588235294118,0.014855347659006674
has_tariff&positive_heavy,121,0.0024465236907418096,0.0025305978288479025,0.029467939464766554,0.5454545454545454,0.45454545454545453,long,0.5454545454545454,0.014679142144450857
deal_heavy&tariff_rising,21,-0.005974145690467751,-0.007284288657437021,0.03885891540257566,0.47619047619047616,0.5238095238095238,short,0.5238095238095238,0.014340320153899504
open_tariff,57,0.00372508981494252,0.00035135426498311695,0.04135863117109836,0.5087719298245614,0.49122807017543857,long,0.5087719298245614,0.014308605779307933
open_tariff&has_exclamation,57,0.00372508981494252,0.00035135426498311695,0.04135863117109836,0.5087719298245614,0.49122807017543857,long,0.5087719298245614,0.014308605779307933
has_tariff&open_tariff,57,0.00372508981494252,0.00035135426498311695,0.04135863117109836,0.5087719298245614,0.49122807017543857,long,0.5087719298245614,0.014308605779307933
uppercase_phrase_heavy&volume_spike,27,0.0049350677352930925,0.007989821603172853,0.049674386464997417,0.5555555555555556,0.4444444444444444,long,0.5555555555555556,0.01424631342720252
has_china&all_caps_heavy,22,0.0055464351906161094,0.004646845127406873,0.05699238574252424,0.5454545454545454,0.45454545454545453,long,0.5454545454545454,0.014190047470311854
posts_high&open_deal,96,0.0023931034476148833,0.0039181336580814685,0.027610230452083478,0.6041666666666666,0.3958333333333333,long,0.6041666666666666,0.014166215675183315
attack_heavy&open_deal,67,0.002876846794820217,0.004453037269242843,0.02550531504541246,0.5970149253731343,0.40298507462686567,long,0.5970149253731343,0.014058510976856141
has_tariff&deal_over_tariff,41,0.003537610428614966,0.006699662596377554,0.03118587231263621,0.6097560975609756,0.3902439024390244,long,0.6097560975609756,0.013812048218329084
has_action&open_deal,45,0.0032994922856795493,0.00790291002192145,0.031024899358546947,0.6222222222222222,0.37777777777777777,long,0.6222222222222222,0.01377205954509584
has_attack&open_deal,104,0.002302186997739249,0.0038784605399151406,0.025836492922967,0.5865384615384616,0.41346153846153844,long,0.5865384615384616,0.013770628499041022
positive_heavy&brag_heavy,34,0.003755497522964064,0.005693592673757353,0.025338558096919196,0.6176470588235294,0.38235294117647056,long,0.6176470588235294,0.013525312745585208
open_tariff&exclamation_heavy,55,0.0035278231360807524,0.00035135426498311695,0.04193041829706637,0.509090909090909,0.4909090909090909,long,0.509090909090909,0.013319364089585603
has_market_brag&has_night_post,93,0.0022717506796096493,0.004453037269242843,0.03268915801029783,0.6021505376344086,0.3978494623655914,long,0.6021505376344086,0.013191896016466838
open_tariff&open_deal,23,-0.0052268358371247705,-0.0022570756682983584,0.03830425527822938,0.4782608695652174,0.5217391304347826,short,0.5217391304347826,0.013078447343407094
has_deal&volume_drop,22,0.005095800553393017,0.005781523724133875,0.026230815389355542,0.5454545454545454,0.45454545454545453,long,0.5454545454545454,0.013037139940664489
has_positive&open_tariff,55,0.0033890094599515067,0.00035135426498311695,0.04196528787112574,0.509090909090909,0.4909090909090909,long,0.509090909090909,0.01279527038600122
has_market_brag&exclamation_heavy,175,0.0016441813931197156,0.004046305983877119,0.030571206456030914,0.5828571428571429,0.41714285714285715,long,0.5828571428571429,0.012677419937154235
has_positive&has_market_brag,173,0.0016373234806848025,0.004046305983877119,0.03072766458004669,0.5838150289017341,0.4161849710982659,long,0.5838150289017341,0.012572823308382556
positive_heavy&volume_drop,39,0.0037327159293720313,0.00383204045271035,0.028757706078337646,0.5384615384615384,0.46153846153846156,long,0.5384615384615384,0.012551971119432851
has_china&open_deal,68,0.0025178962242986156,0.006705533193740232,0.030165010877725208,0.6029411764705882,0.39705882352941174,long,0.6029411764705882,0.012518930458006195
positive_heavy&tariff_only,44,0.0034320480180394697,0.0014266409714360773,0.03289367581239157,0.5454545454545454,0.45454545454545453,long,0.5454545454545454,0.01241761695089435
high_emotion&has_uppercase_phrase,26,0.003937702590520436,0.010421078821250429,0.04688464374390565,0.6153846153846154,0.38461538461538464,long,0.6153846153846154,0.012355952214023731
open_deal&short_posts,47,0.0028877460344051945,0.005728554399800911,0.025143204404911225,0.6170212765957447,0.3829787234042553,long,0.6170212765957447,0.01221541047194118
has_tariff&has_night_post,93,0.0021880379909927543,0.0015506314890556538,0.03159995101574167,0.5698924731182796,0.43010752688172044,long,0.5698924731182796,0.012025115425340807
posts_high&brag_heavy,29,0.003592702765229096,0.007340879363637587,0.025867602096049862,0.6206896551724138,0.3793103448275862,long,0.6206896551724138,0.012008666789259236
has_market_brag&has_exclamation,177,0.0015359033801546928,0.004003222297040754,0.030416019088106094,0.576271186440678,0.423728813559322,long,0.576271186440678,0.011775447885911816
has_market_brag,177,0.0015359033801546928,0.004003222297040754,0.030416019088106094,0.576271186440678,0.423728813559322,long,0.576271186440678,0.011775447885911816
has_tariff&has_action,40,-0.0035847853036268195,-0.0018681636307715799,0.03682375025694774,0.5,0.5,short,0.5,0.011336086482159013
has_china&tariff_rising,25,-0.0043513920068414215,-0.007284288657437021,0.0397003959467701,0.48,0.52,short,0.52,0.011313619217787696
has_russia&open_tariff,20,-0.004826632121535751,0.0005796336267180346,0.03315948533009944,0.5,0.5,short,0.5,0.010792677526137967
has_tariff&has_attack,113,0.002010748376810772,0.00035135426498311695,0.02923810243155669,0.504424778761062,0.49557522123893805,long,0.504424778761062,0.010781851867065727
open_deal&lots_of_excl,128,0.0016143764806836151,0.0039181336580814685,0.028043291266764917,0.578125,0.421875,long,0.578125,0.010559213151134984
has_action&uppercase_phrase_heavy,25,0.004379415746775956,-0.004087681526526277,0.052015641811510846,0.48,0.52,long,0.48,0.010510597792262296
pre_action&has_night_post,47,0.0031001248118618444,-0.00020574212005164405,0.04656667210550067,0.48936170212765956,0.5106382978723404,long,0.48936170212765956,0.010400592624466716
has_tariff&volume_spike,37,0.0034805095250455397,-0.0002725783575543428,0.025232720605867898,0.4864864864864865,0.5135135135135135,long,0.4864864864864865,0.010299460342034461
deal_heavy&open_tariff,22,-0.004020040283188097,-0.002996627331745272,0.03843777114077188,0.45454545454545453,0.5454545454545454,short,0.5454545454545454,0.01028490561784936
posts_very_high&pre_tariff,23,0.003783660807347783,0.0025305978288479025,0.03146241131361992,0.5652173913043478,0.43478260869565216,long,0.5652173913043478,0.010256321611052936
posts_high&pre_tariff,35,0.00303246557509192,0.004453037269242843,0.028635944087011332,0.5714285714285714,0.42857142857142855,long,0.5714285714285714,0.010251604732426776
has_tariff&deal_heavy,59,0.0023194048639894257,0.005728554399800911,0.030405646880019198,0.559322033898305,0.4406779661016949,long,0.559322033898305,0.009964706181091505
has_russia&open_deal,57,0.002322935501217678,0.0037536987827895274,0.024973531493329586,0.5614035087719298,0.43859649122807015,long,0.5614035087719298,0.009845770351161345
posts_very_high&has_tariff,56,0.002477899255417556,0.0004002610172073595,0.02886598946050055,0.5178571428571429,0.48214285714285715,long,0.5178571428571429,0.009602573268883132
all_caps_heavy&short_posts,26,0.003022809919296022,0.008564512713885586,0.06546372111261166,0.6153846153846154,0.38461538461538464,long,0.6153846153846154,0.00948514877807523
posts_very_high&open_tariff,21,-0.0032080192842103387,-0.005876323413535833,0.0270333598497568,0.38095238095238093,0.6190476190476191,short,0.6190476190476191,0.00910061360047786
has_action&has_market_brag,40,-0.003124526628957766,0.0020531449238069266,0.037136757398478396,0.55,0.45,short,0.45,0.008892558681618925
has_night_post&tariff_rising,23,-0.0034750049913804598,-0.003584535079619977,0.033121099356178234,0.4782608695652174,0.5217391304347826,short,0.5217391304347826,0.00869506355547728
posts_high&open_tariff,33,-0.0029298234225104657,-0.0022570756682983584,0.03429004815260951,0.48484848484848486,0.5151515151515151,short,0.5151515151515151,0.008670285493830273
sig_potus&short_posts,30,0.0023503123361239904,0.0058750649331495985,0.039222952802958365,0.6666666666666666,0.3333333333333333,long,0.6666666666666666,0.00858212722451849
pre_tariff&tariff_only,20,0.004240035246943441,-0.002259558777043813,0.028398326928089423,0.45,0.55,long,0.45,0.008532906335244577
has_iran&has_russia,47,0.0024117226141520567,0.0004491677694316021,0.033370142712438586,0.5106382978723404,0.48936170212765956,long,0.5106382978723404,0.008442861566605675
has_action&has_all_caps,53,0.0019146383353302657,0.005331323457079096,0.04912106309809157,0.5849056603773585,0.41509433962264153,long,0.5849056603773585,0.008152869846461078
all_caps_heavy&has_uppercase_phrase,30,0.002622902088976146,0.00817245091082508,0.059635612389219425,0.5666666666666667,0.43333333333333335,long,0.5666666666666667,0.00814086162813806
has_tariff&has_deal,86,0.0015638007896079452,0.001673238425995871,0.029099162729870523,0.5465116279069767,0.45348837209302323,long,0.5465116279069767,0.007925561866414119
has_market_brag&lots_of_excl,164,0.001027548237490614,0.004024764140458936,0.03108972600367835,0.5792682926829268,0.42073170731707316,long,0.5792682926829268,0.0076226135041185085
high_emotion,72,0.0015374694885686728,0.004633899139294684,0.04124157058800089,0.5833333333333334,0.4166666666666667,long,0.5833333333333334,0.0076100857086402515
has_tariff&has_china,86,0.0015456430934726066,0.004046343426766241,0.032156911752768476,0.5232558139534884,0.47674418604651164,long,0.5232558139534884,0.007500194151835165
open_deal&deal_over_tariff,123,0.0011201606901422257,0.003833045019122183,0.028108511838386994,0.5691056910569106,0.43089430894308944,long,0.5691056910569106,0.007070104161745516
has_deal&open_deal,137,0.0010481389398145483,0.003833045019122183,0.028694112668831866,0.5693430656934306,0.4306569343065693,long,0.5693430656934306,0.006984787130737156
open_deal,137,0.0010481389398145483,0.003833045019122183,0.028694112668831866,0.5693430656934306,0.4306569343065693,long,0.5693430656934306,0.006984787130737156
open_deal&has_exclamation,137,0.0010481389398145483,0.003833045019122183,0.028694112668831866,0.5693430656934306,0.4306569343065693,long,0.5693430656934306,0.006984787130737156
posts_very_high&sig_potus,29,0.0020092467870182888,0.006699662596377554,0.03999713452402604,0.6206896551724138,0.3793103448275862,long,0.6206896551724138,0.006715939708737288
has_china&open_tariff,37,-0.0020789014505051702,-0.0001882222348656981,0.03747849823389413,0.4864864864864865,0.5135135135135135,short,0.5135135135135135,0.006493616570243077
has_tariff&has_market_brag,32,-0.0024123921899646267,0.0004002610172073595,0.02527240081675269,0.53125,0.46875,short,0.46875,0.006396820786520451
open_deal&exclamation_heavy,133,0.0009636657420774755,0.003833045019122183,0.028780264231354005,0.5714285714285714,0.42857142857142855,long,0.5714285714285714,0.0063505917090562105
high_emotion&volume_spike,27,-0.002743810607645075,0.007585738804190445,0.051502954720004594,0.5555555555555556,0.4444444444444444,short,0.4444444444444444,0.006336559171716939
high_emotion&has_exclamation,44,0.0015355535331437566,0.004633899139294684,0.03934320451278977,0.6136363636363636,0.38636363636363635,long,0.6136363636363636,0.00625032194106568
has_tariff&has_relief,23,0.00222370311354442,0.0007915324303167104,0.025390572147086465,0.5652173913043478,0.43478260869565216,long,0.5652173913043478,0.006027763972848897
posts_low&has_uppercase_phrase,26,0.0016216643571726175,0.011806826776113222,0.04839756407097968,0.6923076923076923,0.3076923076923077,long,0.6923076923076923,0.005724621831960744
all_caps_heavy&exclamation_heavy,32,0.0017936560115758733,0.00817245091082508,0.05901872531573001,0.5625,0.4375,long,0.5625,0.005707378480055925
all_caps_heavy,32,0.0017936560115758733,0.00817245091082508,0.05901872531573001,0.5625,0.4375,long,0.5625,0.005707378480055925
all_caps_heavy&lots_of_excl,32,0.0017936560115758733,0.00817245091082508,0.05901872531573001,0.5625,0.4375,long,0.5625,0.005707378480055925
has_all_caps&all_caps_heavy,32,0.0017936560115758733,0.00817245091082508,0.05901872531573001,0.5625,0.4375,long,0.5625,0.005707378480055925
all_caps_heavy&has_exclamation,32,0.0017936560115758733,0.00817245091082508,0.05901872531573001,0.5625,0.4375,long,0.5625,0.005707378480055925
has_attack&tariff_rising,25,0.0021798498177248594,0.004453037269242843,0.028138110722153328,0.52,0.48,long,0.52,0.005667609526084635
has_positive&open_deal,131,0.0008630571966013014,0.003833045019122183,0.028898740744379554,0.5725190839694656,0.42748091603053434,long,0.5725190839694656,0.005655424303507951
has_market_brag&has_uppercase_phrase,67,-0.0015291720561296928,0.0013038686516408937,0.03539639270837072,0.5522388059701493,0.44776119402985076,short,0.44776119402985076,0.005604543012676601
open_deal&deal_only,94,0.0009699985475961259,0.0034333791606643294,0.026473393048199078,0.574468085106383,0.425531914893617,long,0.574468085106383,0.005402576398486405
positive_heavy&tariff_rising,29,-0.0019224758361271236,0.003998103744653259,0.031834012648994256,0.5172413793103449,0.4827586206896552,short,0.4827586206896552,0.004997927207375714
tariff_rising,33,-0.001733385149541887,0.003998103744653259,0.036233861443758925,0.5151515151515151,0.48484848484848486,short,0.48484848484848486,0.004827897979210695
has_exclamation&tariff_rising,33,-0.001733385149541887,0.003998103744653259,0.036233861443758925,0.5151515151515151,0.48484848484848486,short,0.48484848484848486,0.004827897979210695
has_positive&tariff_rising,33,-0.001733385149541887,0.003998103744653259,0.036233861443758925,0.5151515151515151,0.48484848484848486,short,0.48484848484848486,0.004827897979210695
exclamation_heavy&tariff_rising,33,-0.001733385149541887,0.003998103744653259,0.036233861443758925,0.5151515151515151,0.48484848484848486,short,0.48484848484848486,0.004827897979210695
has_tariff&tariff_rising,33,-0.001733385149541887,0.003998103744653259,0.036233861443758925,0.5151515151515151,0.48484848484848486,short,0.48484848484848486,0.004827897979210695
posts_very_high&all_caps_heavy,26,-0.0019369642325861238,0.004646845127406873,0.06431922973972566,0.5384615384615384,0.46153846153846156,short,0.46153846153846156,0.00455843927034827
has_relief&has_market_brag,25,-0.002841700082029348,0.0034163429217344277,0.047343351861093445,0.68,0.32,short,0.32,0.004546720131246957
has_tariff&open_deal,43,0.001218957471640867,0.005728554399800911,0.033379451558826614,0.5581395348837209,0.4418604651162791,long,0.5581395348837209,0.00446134252131549
has_market_brag&short_posts,88,-0.0010415310540425012,0.0027321678534927285,0.030784215638651444,0.5568181818181818,0.4431818181818182,short,0.4431818181818182,0.004330075753155268
has_china&volume_drop,27,-0.0016846044001350702,0.00555595874065129,0.033863985587479856,0.5185185185185185,0.48148148148148145,short,0.48148148148148145,0.00421462948354938
has_market_brag&open_deal,33,0.0010527955806650198,0.004453037269242843,0.026434509734472658,0.6666666666666666,0.3333333333333333,long,0.6666666666666666,0.004031900111419058
posts_low&high_emotion,58,0.0008759316371122675,0.006160344384657623,0.044670291353720706,0.603448275862069,0.39655172413793105,long,0.603448275862069,0.0040255410544366085
open_deal&has_all_caps,32,-0.0012403518853295707,-0.0025921423465654625,0.022853639216843337,0.46875,0.53125,short,0.53125,0.0037275102239897485
has_tariff&has_iran,22,0.0015256548019476118,-0.0009039539494333781,0.031468703852784934,0.5,0.5,long,0.5,0.003577977663552686
posts_high&tariff_only,26,0.0012504978146395608,0.0014266409714360773,0.035577009371711384,0.5384615384615384,0.46153846153846156,long,0.5384615384615384,0.0034333991776819826
has_attack&volume_drop,52,0.0008747682059904065,0.003076694034851446,0.033711763433222686,0.5384615384615384,0.46153846153846156,long,0.5384615384615384,0.0033966386686012907
posts_high&has_tariff,90,0.000678586037056603,0.0006203500998741562,0.030081643377947945,0.5222222222222223,0.4777777777777778,long,0.5222222222222223,0.003361874695928518
lots_of_excl&tariff_rising,32,0.0010331327849205964,0.004225570506948051,0.033083639168383965,0.53125,0.46875,long,0.53125,0.003104774591854861
has_tariff&has_russia,58,-0.0008077000793981005,5.8783381795879386e-05,0.030647521445922057,0.5,0.5,short,0.5,0.0030756302711420986
all_caps_heavy&uppercase_phrase_heavy,21,-0.001323384929968662,0.007989821603172853,0.06692994890252019,0.5238095238095238,0.47619047619047616,short,0.47619047619047616,0.002887862673878679
has_market_brag&has_china,70,-0.0006934093023764814,0.008398926443693222,0.03519071282315623,0.5714285714285714,0.42857142857142855,short,0.42857142857142855,0.0024863479085369213
positive_heavy&open_tariff,44,-0.0007158511017978704,0.0003091933393013502,0.03279672456898887,0.5,0.5,short,0.5,0.002374209510426044
has_deal&tariff_rising,24,-0.000966473258984385,0.007634498375224785,0.038791886032302686,0.5416666666666666,0.4583333333333333,short,0.4583333333333333,0.002170085806676774
sig_potus&has_all_caps,23,-0.0008063668535577659,0.006066663683762297,0.04358355487448007,0.5652173913043478,0.43478260869565216,short,0.43478260869565216,0.0016813911198464457
has_market_brag&has_all_caps,48,0.0004149000957198214,0.0058711458040907605,0.03598573045430709,0.5416666666666666,0.4583333333333333,long,0.5416666666666666,0.0015570274326791624
positive_heavy&open_deal,111,-0.00025243655174641785,0.0037536987827895274,0.02873704221145467,0.5405405405405406,0.4594594594594595,short,0.4594594594594595,0.00122197107470254
posts_high&all_caps_heavy,31,0.0003176387241928813,0.007989821603172853,0.059390883155107536,0.5483870967741935,0.45161290322580644,long,0.5483870967741935,0.0009698431828990522
has_relief&open_deal,26,0.00032806996282495145,0.008624940876361564,0.0326330947302942,0.5769230769230769,0.4230769230769231,long,0.5769230769230769,0.0009650971974623577
open_deal&has_night_post,81,-0.00019487481305630118,0.0037536987827895274,0.028930937821970728,0.5679012345679012,0.43209876543209874,short,0.43209876543209874,0.0007578464952189489
has_deal&open_tariff,38,-0.0002311205028151315,0.0018838485933587723,0.03307600656623738,0.5263157894736842,0.47368421052631576,short,0.47368421052631576,0.0006748685355442865
high_emotion&short_posts,60,-0.0001890174940084144,0.0030425524338335563,0.04414741843494819,0.5666666666666667,0.43333333333333335,short,0.43333333333333335,0.0006344533922449227
has_market_brag&volume_spike,46,0.00013250498411578832,0.0037830484038909873,0.035767408743937495,0.5869565217391305,0.41304347826086957,long,0.5869565217391305,0.0005274934395742459
has_china&tariff_only,22,-0.0001759067888623173,-0.0005583061037091053,0.03933565385544603,0.5,0.5,short,0.5,0.0004125379873698728
has_attack&open_tariff,43,-1.5568465112101974e-05,-0.0022570756682983584,0.032001244224807796,0.4418604651162791,0.5581395348837209,short,0.5581395348837209,5.6980048124846034e-05
