event,n,mean_ret,median_ret,std,hit_up,hit_down,direction,directional_hit,score
has_action&deal_only,70,0.01260333895692607,0.011201889124617836,0.031208439374058844,0.6857142857142857,0.2857142857142857,long,0.6857142857142857,0.07230658221339233
posts_low&volume_drop,215,0.007402116118513533,0.00519031141868509,0.03840495767967196,0.5581395348837209,0.42790697674418604,long,0.5581395348837209,0.060578415515152584
volume_drop,311,0.005938851366467265,0.0032678553052305492,0.03476749906831461,0.5466237942122186,0.43729903536977494,long,0.5466237942122186,0.05724943211449523
short_posts&volume_drop,92,0.009728093939441502,0.006436164873388606,0.024850870975510322,0.6086956521739131,0.3804347826086957,long,0.6086956521739131,0.0567965386148951
has_attack&short_posts,295,0.005696344049473816,0.0029155541892085246,0.02830715747697423,0.5559322033898305,0.41694915254237286,long,0.5559322033898305,0.054391251552726366
deal_heavy&deal_only,87,0.009609868624973395,0.0069156963847831765,0.03270582469518541,0.5977011494252874,0.39080459770114945,long,0.5977011494252874,0.0535748751770878
has_action&deal_over_tariff,86,0.008552703684179347,0.008025352393644325,0.03136719990224469,0.6395348837209303,0.3372093023255814,long,0.6395348837209303,0.05072439661587781
short_posts&deal_only,143,0.007666831157574083,0.002941298360124467,0.03147369985731875,0.5454545454545454,0.4125874125874126,long,0.5454545454545454,0.05000834512123898
posts_very_high&deal_only,95,0.008451237215739461,0.0039682518286390245,0.03149659299483254,0.5894736842105263,0.37894736842105264,long,0.5894736842105263,0.04855640401743654
posts_high&deal_only,154,0.006950790945448066,0.0032362743994992504,0.030607473319766144,0.551948051948052,0.4025974025974026,long,0.551948051948052,0.04760940917684476
short_posts,524,0.0037738297379049032,0.0029284262746664957,0.032440272046436416,0.5477099236641222,0.42748091603053434,long,0.5477099236641222,0.047314968539082514
silence_day&volume_drop,138,0.00728138252888168,0.005263957228086702,0.044981702053598666,0.5507246376811594,0.4420289855072464,long,0.5507246376811594,0.04710726567304019
pre_action&deal_only,30,0.011576505220611459,0.011327133990122196,0.026397537533143892,0.7333333333333333,0.26666666666666666,long,0.7333333333333333,0.04649856234030491
has_attack&deal_only,193,0.006097119980323937,0.0032467045853161736,0.02940567427274644,0.5440414507772021,0.40932642487046633,long,0.5440414507772021,0.046082431458438274
has_positive&short_posts,419,0.004051991942769652,0.0027776293204484492,0.028593399597027877,0.5536992840095465,0.4200477326968974,long,0.5536992840095465,0.0459250403465481
short_posts&deal_over_tariff,158,0.006597797538645259,0.002846591754828487,0.030782961910363928,0.5506329113924051,0.41139240506329117,long,0.5506329113924051,0.045665655255057676
deal_heavy&short_posts,62,0.009038670994688611,0.0038357479422809204,0.035863787219257,0.6129032258064516,0.3709677419354839,long,0.6129032258064516,0.0436206698410589
posts_high&has_attack,340,0.00409874360587912,0.0032467045853161736,0.026870714846929537,0.5705882352941176,0.40294117647058825,long,0.5705882352941176,0.043123402854875384
has_tariff&has_iran,25,-0.011894494364242175,-0.014562975588538363,0.020023327321498658,0.28,0.72,short,0.72,0.042820179711271826
has_attack&deal_over_tariff,232,0.004999392475710631,0.0032681228407858143,0.028291088424049277,0.5603448275862069,0.40086206896551724,long,0.5603448275862069,0.0426694055093345
deal_heavy&has_attack,117,0.00665134637042669,0.005163525732343022,0.030413403871891787,0.5897435897435898,0.4017094017094017,long,0.5897435897435898,0.042429286073632985
attack_heavy&deal_only,113,0.0066266043227653695,0.004838723282870827,0.02395310496849546,0.6017699115044248,0.36283185840707965,long,0.6017699115044248,0.042389737816035104
has_russia&volume_drop,23,0.012679793013750629,0.015267191121347334,0.02590222768815096,0.6956521739130435,0.2608695652173913,long,0.6956521739130435,0.042302713770035236
has_deal&short_posts,163,0.006042648883616565,0.002773994597448981,0.03056798053002974,0.5460122699386503,0.4171779141104294,long,0.5460122699386503,0.04212341416493657
posts_very_high&deal_over_tariff,120,0.006387276551182168,0.004196521563942346,0.03011094559281333,0.6,0.375,long,0.6,0.0419814653772753
deal_heavy&uppercase_phrase_heavy,20,0.015482483938302826,0.00574601600552016,0.044020898969915324,0.6,0.4,long,0.6,0.041543863855912536
has_night_post&deal_only,239,0.0048696889948359945,0.0032467045853161736,0.028475825948466676,0.5481171548117155,0.41422594142259417,long,0.5481171548117155,0.04126421340647596
has_china&deal_only,92,0.00700984597056823,0.005623820514293554,0.02952903836644993,0.6086956521739131,0.358695652173913,long,0.6086956521739131,0.04092630990513467
deal_heavy&deal_over_tariff,131,0.005912626232497016,0.00536663241156643,0.029877800702304554,0.6030534351145038,0.3893129770992366,long,0.6030534351145038,0.040810495646339595
has_attack,604,0.0030690312002639736,0.0022974367873578316,0.02582656335613411,0.5397350993377483,0.43211920529801323,long,0.5397350993377483,0.040709937377249754
has_attack&has_exclamation,604,0.0030690312002639736,0.0022974367873578316,0.02582656335613411,0.5397350993377483,0.43211920529801323,long,0.5397350993377483,0.040709937377249754
deal_heavy&has_russia,62,0.007976559127835202,0.01119285817514648,0.02794950359512916,0.6451612903225806,0.3548387096774194,long,0.6451612903225806,0.04052096089038397
has_exclamation&deal_only,257,0.004669690540320166,0.003030307537599697,0.0283207691764785,0.5408560311284046,0.42023346303501946,long,0.5408560311284046,0.040488933696452095
posts_high&deal_over_tariff,192,0.005168812465151751,0.0032362743994992504,0.02918757493579056,0.5625,0.4010416666666667,long,0.5625,0.04028690611997176
positive_heavy&deal_only,198,0.005285181134763089,0.003180296757646972,0.029748348098654977,0.5353535353535354,0.42424242424242425,long,0.5353535353535354,0.039813755608022916
has_attack&has_positive,584,0.0030209687018268763,0.0028258002392989034,0.025970126395651067,0.5445205479452054,0.4280821917808219,long,0.5445205479452054,0.03975272664195444
has_positive&deal_only,246,0.004679509309985921,0.003082528419605657,0.02834809834746527,0.540650406504065,0.4186991869918699,long,0.540650406504065,0.03968116398931451
posts_low,402,0.00372891184385674,0.0035460992907800915,0.03987007066306119,0.5288220551378446,0.45363408521303256,long,0.5288220551378446,0.039537090096636376
deal_only,259,0.0045596877262061184,0.002941298360124467,0.028238698568449676,0.5366795366795367,0.4247104247104247,long,0.5366795366795367,0.039382204127050235
deal_over_tariff&deal_only,259,0.0045596877262061184,0.002941298360124467,0.028238698568449676,0.5366795366795367,0.4247104247104247,long,0.5366795366795367,0.039382204127050235
has_deal&deal_only,259,0.0045596877262061184,0.002941298360124467,0.028238698568449676,0.5366795366795367,0.4247104247104247,long,0.5366795366795367,0.039382204127050235
attack_heavy&deal_over_tariff,142,0.005310797576282198,0.005001124507606924,0.023621123012568985,0.6197183098591549,0.352112676056338,long,0.6197183098591549,0.03921915644858868
posts_low&short_posts,126,0.005680479695516312,0.007746299901548737,0.04139770281388992,0.6111111111111112,0.38095238095238093,long,0.6111111111111112,0.038966416157438
has_deal&has_action,98,0.00664808570276454,0.005535099292734658,0.0301367594074964,0.5918367346938775,0.3877551020408163,long,0.5918367346938775,0.03895036799648288
has_russia&volume_spike,81,0.007126158498388321,0.0077720831356875575,0.026963454395037854,0.6049382716049383,0.37037037037037035,long,0.6049382716049383,0.03879797404678086
has_attack&exclamation_heavy,588,0.0029531350445223463,0.0022974367873578316,0.02583878779367814,0.5408163265306123,0.43197278911564624,long,0.5408163265306123,0.03872770525034554
has_attack&lots_of_excl,559,0.0030104319770815303,0.0027360462893892823,0.02607080791196356,0.5438282647584973,0.4293381037567084,long,0.5438282647584973,0.03870762260867889
has_russia&deal_only,92,0.006832251364322442,0.0067123631536742945,0.028869598160646198,0.5869565217391305,0.3804347826086957,long,0.5869565217391305,0.03846481802790328
has_relief&deal_only,34,0.010931113020747337,0.007468449273923983,0.03399046616893458,0.5882352941176471,0.4117647058823529,long,0.5882352941176471,0.03749340834182049
has_attack&has_night_post,557,0.0029340734378588054,0.002024217928567884,0.025836162480085384,0.5385996409335727,0.43447037701974867,long,0.5385996409335727,0.03729620444797414
has_exclamation&short_posts,469,0.0030595188709764626,0.0027854542824070627,0.032185734381631345,0.5501066098081023,0.42430703624733473,long,0.5501066098081023,0.036449067407292125
attack_heavy&volume_spike,93,0.00638226217455282,0.007604716669856959,0.022904682074969297,0.5913978494623656,0.3763440860215054,long,0.5913978494623656,0.036399536679640396
uppercase_phrase_heavy&deal_over_tariff,25,0.012111187432710802,0.006172962597440046,0.04449299049777495,0.6,0.4,long,0.6,0.0363335622981324
has_exclamation&deal_over_tariff,301,0.0037827439699226126,0.003134749301611617,0.02752140355786665,0.5514950166112956,0.4152823920265781,long,0.5514950166112956,0.036193600456405045
has_positive&deal_over_tariff,290,0.003757430194279172,0.003180296757646972,0.027514102982983794,0.5517241379310345,0.41379310344827586,long,0.5517241379310345,0.03530302373593265
deal_only&volume_spike,53,0.008290480803263273,0.008761155242720253,0.028729814897448618,0.5849056603773585,0.3584905660377358,long,0.5849056603773585,0.03530233867480273
deal_over_tariff,303,0.0036945695946264297,0.003030307537599697,0.0274517419920254,0.5478547854785478,0.41914191419141916,long,0.5478547854785478,0.03523308126872837
has_deal&deal_over_tariff,303,0.0036945695946264297,0.003030307537599697,0.0274517419920254,0.5478547854785478,0.41914191419141916,long,0.5478547854785478,0.03523308126872837
deal_only&china_streak_3d,24,0.010027199664224953,0.006654141421879922,0.03534989353115153,0.7083333333333334,0.25,long,0.7083333333333334,0.03479549052900709
has_night_post&deal_over_tariff,279,0.0037676565516053806,0.0032258442136823273,0.027776645088546218,0.5519713261648745,0.4157706093189964,long,0.5519713261648745,0.0347368094347244
attack_heavy&china_streak_3d,39,0.007738323298286171,0.008761155242720253,0.028537261842390894,0.717948717948718,0.28205128205128205,long,0.717948717948718,0.0346954558524408
exclamation_heavy&deal_only,248,0.004154010252483919,0.002846591754828487,0.028355169516787494,0.5282258064516129,0.4314516129032258,long,0.5282258064516129,0.03455516884047359
exclamation_heavy&short_posts,400,0.0032443474662004835,0.0017469985816356282,0.028522834745425645,0.5325,0.44,long,0.5325,0.03455230051503515
lots_of_excl&short_posts,355,0.0034429232935512095,0.0017241120726214643,0.02867553185241633,0.5295774647887324,0.4422535211267606,long,0.5295774647887324,0.03435350231819159
positive_heavy&deal_over_tariff,241,0.004034829883934127,0.0032258442136823273,0.02860577219388858,0.5477178423236515,0.4190871369294606,long,0.5477178423236515,0.034307623760998676
has_attack&has_all_caps,147,0.0048891349371815215,0.004424791299245667,0.027871186112962146,0.5782312925170068,0.3945578231292517,long,0.5782312925170068,0.03427616951818903
lots_of_excl&deal_only,236,0.0042246467823511755,0.002846591754828487,0.028882929991149154,0.5254237288135594,0.4364406779661017,long,0.5254237288135594,0.03410013416012235
has_exclamation&volume_drop,157,0.004781937802519996,0.0032153858046841677,0.02322926247707653,0.5668789808917197,0.40764331210191085,long,0.5668789808917197,0.03396597639852707
posts_high&has_deal,220,0.00416683339186232,0.0027550204434191317,0.02806281674267971,0.5454545454545454,0.42272727272727273,long,0.5454545454545454,0.03371134199640985
has_deal&has_attack,262,0.0038200986013411536,0.0022592753459514947,0.027564713444574156,0.5381679389312977,0.42748091603053434,long,0.5381679389312977,0.03327691364607714
has_deal&attack_heavy,161,0.004427641497774077,0.003703834035168274,0.022920789007905545,0.5900621118012422,0.38509316770186336,long,0.5900621118012422,0.03314996822517236
deal_heavy&positive_heavy,127,0.005260733647567083,0.0032467045853161736,0.029705345381476345,0.5590551181102362,0.4330708661417323,long,0.5590551181102362,0.03314383834995849
tariff_heavy&has_night_post,21,-0.01012515742280655,-0.01206901652997372,0.019545776706859294,0.2857142857142857,0.7142857142857143,short,0.7142857142857143,0.03314235736668215
deal_heavy&has_positive,140,0.004898046438106124,0.0038357479422809204,0.02930135974706467,0.5714285714285714,0.42142857142857143,long,0.5714285714285714,0.03311683829618597
attack_heavy&has_russia,151,0.004657742706632731,0.0034305720845329013,0.023486358589945456,0.5761589403973509,0.39072847682119205,long,0.5761589403973509,0.03297663014967435
has_relief&has_russia,37,0.008608996793741603,0.011253936114927532,0.030812165501865333,0.6216216216216216,0.32432432432432434,long,0.6216216216216216,0.03255213815594231
positive_heavy&has_chips,30,0.008895776550948191,0.007118313341846205,0.024791276540578614,0.6666666666666666,0.3333333333333333,long,0.6666666666666666,0.032482783223198856
has_night_post&has_chips,30,0.008895776550948191,0.007118313341846205,0.024791276540578614,0.6666666666666666,0.3333333333333333,long,0.6666666666666666,0.032482783223198856
deal_heavy,145,0.004710041340112147,0.0032467045853161736,0.028973526404502483,0.5724137931034483,0.4206896551724138,long,0.5724137931034483,0.032465254387306956
has_deal&deal_heavy,145,0.004710041340112147,0.0032467045853161736,0.028973526404502483,0.5724137931034483,0.4206896551724138,long,0.5724137931034483,0.032465254387306956
deal_heavy&has_exclamation,145,0.004710041340112147,0.0032467045853161736,0.028973526404502483,0.5724137931034483,0.4206896551724138,long,0.5724137931034483,0.032465254387306956
has_russia&deal_over_tariff,114,0.005117914809980705,0.005241297572971648,0.028147193152840186,0.5877192982456141,0.38596491228070173,long,0.5877192982456141,0.032115554852608724
deal_heavy&exclamation_heavy,143,0.004722913317309087,0.0032467045853161736,0.029175780320546095,0.5664335664335665,0.42657342657342656,long,0.5664335664335665,0.03199093805700204
posts_high&positive_heavy,361,0.003053138216348055,0.0023613944077891524,0.028387685627091003,0.5512465373961218,0.42105263157894735,long,0.5512465373961218,0.031977605529119095
has_positive,837,0.0020414371214189245,0.0018974282955597221,0.026254706021654618,0.5352449223416965,0.4336917562724014,long,0.5352449223416965,0.03161195046226492
has_attack&volume_drop,76,0.006714158816446725,0.0026583450466761693,0.023458361273904483,0.5394736842105263,0.42105263157894735,long,0.5394736842105263,0.03157684028007188
has_night_post&short_posts,433,0.002819500554996442,0.002773994597448981,0.03297455755062687,0.5381062355658198,0.43648960739030024,long,0.5381062355658198,0.031570696066246816
has_action&has_attack,150,0.004389283899598514,0.005242870781665521,0.028463390626407948,0.5866666666666667,0.38666666666666666,long,0.5866666666666667,0.031537750611341064
posts_high&attack_heavy,238,0.003429574939124627,0.0036312497516659548,0.023409772451585865,0.592436974789916,0.3865546218487395,long,0.592436974789916,0.031345191764958966
short_posts&china_streak_3d,43,0.007287102796857305,0.008633041045126966,0.033579225854107206,0.6511627906976745,0.3023255813953488,long,0.6511627906976745,0.03111563723484899
posts_very_high&has_attack,207,0.0037846287109770792,0.003134749301611617,0.028067842955357823,0.5700483091787439,0.4057971014492754,long,0.5700483091787439,0.031039885764990068
posts_high&lots_of_excl,388,0.002881481530521601,0.0019033611655407956,0.028079953282710058,0.5463917525773195,0.42783505154639173,long,0.5463917525773195,0.031012432952335658
posts_high&short_posts,226,0.00378682160346328,0.0017469985816356282,0.030260907453708928,0.5442477876106194,0.42035398230088494,long,0.5442477876106194,0.030983162009368688
posts_high&volume_spike,114,0.005155381246222461,0.005342850912583352,0.02463569761667144,0.5614035087719298,0.41228070175438597,long,0.5614035087719298,0.030902124342440374
posts_very_high&has_deal,136,0.004717192668557615,0.0030251517454100707,0.028962098134832814,0.5588235294117647,0.41911764705882354,long,0.5588235294117647,0.030741691003085374
exclamation_heavy&deal_over_tariff,292,0.0033174315366453276,0.0029284262746664957,0.02751195038413977,0.541095890410959,0.4246575342465753,long,0.541095890410959,0.03067380343069372
posts_high&tariff_heavy,20,-0.009793954356891394,-0.011127942133954238,0.019953327249790008,0.3,0.7,short,0.7,0.03065992679475515
has_positive&has_exclamation,829,0.001986896227877496,0.0018974282955597221,0.026276701681987,0.5355850422195416,0.4330518697225573,long,0.5355850422195416,0.030639444706227897
has_all_caps&deal_only,64,0.007658655590993673,0.0008209417091862292,0.03238279919662563,0.5,0.46875,long,0.5,0.03063462236397469
deal_heavy&lots_of_excl,139,0.004629506897925252,0.0032258442136823273,0.029387169508460684,0.5611510791366906,0.4316546762589928,long,0.5611510791366906,0.030628232705438636
exclamation_heavy&has_chips,31,0.008516385569439048,0.007042336228382462,0.024465946588065904,0.6451612903225806,0.3548387096774194,long,0.6451612903225806,0.030591760047511348
lots_of_excl&has_chips,31,0.008516385569439048,0.007042336228382462,0.024465946588065904,0.6451612903225806,0.3548387096774194,long,0.6451612903225806,0.030591760047511348
posts_high&has_positive,389,0.0028337836138906548,0.0017825044025137071,0.028065101796995087,0.5449871465295629,0.42930591259640105,long,0.5449871465295629,0.030459848923243958
has_market_brag&pre_action,23,-0.010364621582132973,-0.0069735353135924605,0.03446237223685977,0.391304347826087,0.6086956521739131,short,0.6086956521739131,0.030256421945704753
open_deal&deal_only,60,0.006879221890370894,0.003634861498324371,0.03980028730857859,0.5666666666666667,0.43333333333333335,long,0.5666666666666667,0.03019552672510824
tariff_heavy&has_exclamation,22,-0.009439155052963494,-0.011127942133954238,0.0193442062147434,0.3181818181818182,0.6818181818181818,short,0.6818181818181818,0.030186519286252454
tariff_heavy&exclamation_heavy,22,-0.009439155052963494,-0.011127942133954238,0.0193442062147434,0.3181818181818182,0.6818181818181818,short,0.6818181818181818,0.030186519286252454
tariff_heavy&has_positive,22,-0.009439155052963494,-0.011127942133954238,0.0193442062147434,0.3181818181818182,0.6818181818181818,short,0.6818181818181818,0.030186519286252454
has_tariff&tariff_heavy,22,-0.009439155052963494,-0.011127942133954238,0.0193442062147434,0.3181818181818182,0.6818181818181818,short,0.6818181818181818,0.030186519286252454
tariff_heavy&lots_of_excl,22,-0.009439155052963494,-0.011127942133954238,0.0193442062147434,0.3181818181818182,0.6818181818181818,short,0.6818181818181818,0.030186519286252454
tariff_heavy,22,-0.009439155052963494,-0.011127942133954238,0.0193442062147434,0.3181818181818182,0.6818181818181818,short,0.6818181818181818,0.030186519286252454
lots_of_excl&deal_over_tariff,280,0.003341114666854648,0.0029284262746664957,0.027935618850043656,0.5392857142857143,0.42857142857142855,long,0.5392857142857143,0.03015013856853027
posts_very_high&open_deal,45,0.006962951010622113,0.00536663241156643,0.03860819714831635,0.6444444444444445,0.35555555555555557,long,0.6444444444444445,0.030101288115253682
tariff_heavy&positive_heavy,21,-0.00981317376043693,-0.01206901652997372,0.01974023229173524,0.3333333333333333,0.6666666666666666,short,0.6666666666666666,0.02997974104330445
attack_heavy&has_positive,284,0.0030616311543794007,0.0033386383349245374,0.023518218169907092,0.5809859154929577,0.3908450704225352,long,0.5809859154929577,0.029976273509921863
has_deal&has_all_caps,90,0.005754346102760514,0.0022737572055491206,0.02997179829069358,0.5444444444444444,0.43333333333333335,long,0.5444444444444444,0.02972150554507303
has_positive&has_russia,270,0.0031958248797161193,0.003587523043844576,0.026225879835243826,0.562962962962963,0.4111111111111111,long,0.562962962962963,0.0295627396912696
attack_heavy&exclamation_heavy,288,0.0030008442723963714,0.0032362743994992504,0.02347212078374601,0.5763888888888888,0.3958333333333333,long,0.5763888888888888,0.02935318979109861
high_emotion&volume_spike,22,-0.009171102241367291,-0.012423197350662107,0.03936995062541341,0.3181818181818182,0.6818181818181818,short,0.6818181818181818,0.029329283514450764
has_positive&volume_spike,131,0.004473634603414864,0.006172962597440046,0.027716588713612097,0.5725190839694656,0.40458015267175573,long,0.5725190839694656,0.0293147452576707
attack_heavy&pre_relief,25,-0.009752861536719233,-0.0031847507231695937,0.023975844279478076,0.36,0.6,short,0.6,0.0292585846101577
open_deal&has_all_caps,29,0.008256229745281552,0.007812633547019665,0.04137087870691371,0.6551724137931034,0.3448275862068966,long,0.6551724137931034,0.029129724117732354
has_action&open_deal,30,0.00884561475806885,0.007544424908824454,0.042397217355225315,0.6,0.4,long,0.6,0.02906965642796947
posts_high,391,0.0027082142296802132,0.0017793327340818177,0.028051272328138428,0.5421994884910486,0.4322250639386189,long,0.5421994884910486,0.029035579477675846
posts_high&exclamation_heavy,391,0.0027082142296802132,0.0017793327340818177,0.028051272328138428,0.5421994884910486,0.4322250639386189,long,0.5421994884910486,0.029035579477675846
posts_high&has_exclamation,391,0.0027082142296802132,0.0017793327340818177,0.028051272328138428,0.5421994884910486,0.4322250639386189,long,0.5421994884910486,0.029035579477675846
attack_heavy&has_exclamation,289,0.002971291321807093,0.0032258442136823273,0.023436720596528564,0.5743944636678201,0.39792387543252594,long,0.5743944636678201,0.029013785848233973
attack_heavy,289,0.002971291321807093,0.0032258442136823273,0.023436720596528564,0.5743944636678201,0.39792387543252594,long,0.5743944636678201,0.029013785848233973
has_attack&attack_heavy,289,0.002971291321807093,0.0032258442136823273,0.023436720596528564,0.5743944636678201,0.39792387543252594,long,0.5743944636678201,0.029013785848233973
has_deal&has_iran,76,-0.005360314280604607,-0.007092089698821913,0.025188058538488867,0.34210526315789475,0.618421052631579,short,0.618421052631579,0.028898900209851325
attack_heavy&lots_of_excl,286,0.0029585572227376735,0.0032362743994992504,0.02353291876792631,0.5769230769230769,0.3951048951048951,long,0.5769230769230769,0.028865620740789022
has_russia,277,0.003115763723963732,0.0034305720845329013,0.026099432445478687,0.555956678700361,0.4187725631768953,long,0.555956678700361,0.02883004716853124
has_russia&has_exclamation,277,0.003115763723963732,0.0034305720845329013,0.026099432445478687,0.555956678700361,0.4187725631768953,long,0.555956678700361,0.02883004716853124
has_iran&pre_deal,41,-0.007047841791615873,-0.0037664971701284466,0.021555052409534283,0.34146341463414637,0.6341463414634146,short,0.6341463414634146,0.028617887110601984
has_attack&positive_heavy,455,0.002473538793414319,0.0017793327340818177,0.026705909220437182,0.5384615384615384,0.432967032967033,long,0.5384615384615384,0.02841051537280809
short_posts&tariff_only,20,0.009064974042399181,0.01205061639010263,0.021280876056527585,0.7,0.3,long,0.7,0.028377857442305882
posts_high&deal_heavy,108,0.00488905825375403,0.003070699201445426,0.029498200255505126,0.5555555555555556,0.4351851851851852,long,0.5555555555555556,0.02822699098888651
has_deal&has_exclamation,341,0.0028623009866268097,0.0018974282955597221,0.026637804805830476,0.533724340175953,0.436950146627566,long,0.533724340175953,0.028210416539580653
deal_heavy&open_deal,50,0.0066483928225532125,0.005342850912583352,0.03904499805725784,0.6,0.4,long,0.6,0.028206741892916085
has_attack&has_uppercase_phrase,219,0.0033394950607329678,0.004128051179698611,0.028085183942618427,0.5662100456621004,0.4155251141552511,long,0.5662100456621004,0.027982108305219824
open_deal&deal_over_tariff,76,0.005405951755296687,0.004196521563942346,0.03689687445142897,0.5921052631578947,0.40789473684210525,long,0.5921052631578947,0.027904733757230425
has_attack&volume_spike,111,0.004571488097872826,0.006172962597440046,0.026436611329893004,0.5765765765765766,0.3963963963963964,long,0.5765765765765766,0.027770012675733598
deal_over_tariff&volume_spike,69,0.005895721441214097,0.006172962597440046,0.028136399535845937,0.5652173913043478,0.391304347826087,long,0.5652173913043478,0.027680696755008168
has_china&deal_over_tariff,124,0.004164109694961285,0.005287687846124989,0.028411277882458147,0.5967741935483871,0.3790322580645161,long,0.5967741935483871,0.02767215863913729
posts_high&has_night_post,383,0.002624996818442959,0.001772985370561031,0.028252678679579684,0.5378590078328982,0.4360313315926893,long,0.5378590078328982,0.027631000756969323
positive_heavy&short_posts,276,0.0030897513960385925,0.0017211497250210206,0.030087397645109138,0.5362318840579711,0.427536231884058,long,0.5362318840579711,0.027525214464993873
has_russia&lots_of_excl,256,0.0030463255047252567,0.0034665359502704662,0.02611114701937847,0.5625,0.41015625,long,0.5625,0.02741692954252731
has_deal,343,0.002789776351792548,0.0017825044025137071,0.02657693809220639,0.5306122448979592,0.4402332361516035,long,0.5306122448979592,0.02741534506409075
has_iran&lots_of_excl,109,-0.004665532598965413,-0.003802071619826819,0.023381478801458574,0.4036697247706422,0.5596330275229358,short,0.5596330275229358,0.027259495522855875
has_deal&has_positive,330,0.0028093741146484716,0.0018399663490367146,0.026599775213604165,0.5333333333333333,0.43636363636363634,long,0.5333333333333333,0.02721856810562487
has_positive&has_night_post,748,0.0018826396195924103,0.0017714352306054115,0.026524859184801002,0.5280748663101604,0.4425133689839572,long,0.5280748663101604,0.02719026815794814
posts_very_high&positive_heavy,216,0.0033016384803901976,0.00267232512179838,0.02796975819702208,0.5601851851851852,0.41203703703703703,long,0.5601851851851852,0.027182413351204932
has_attack&has_china,227,0.003140685846878906,0.004966894713740677,0.027696964570024046,0.5726872246696035,0.4008810572687225,long,0.5726872246696035,0.02709910334281319
deal_heavy&has_night_post,138,0.004169836385534748,0.0029284262746664957,0.02952051022865937,0.5507246376811594,0.4420289855072464,long,0.5507246376811594,0.026976963460902507
has_china&tariff_only,22,0.007868038304505786,0.007906490865190907,0.018447995061838224,0.7272727272727273,0.2727272727272727,long,0.7272727272727273,0.026839542445344262
has_deal&uppercase_phrase_heavy,28,0.00945782473278561,0.003438380751144221,0.042747219330533354,0.5357142857142857,0.4642857142857143,long,0.5357142857142857,0.02681041305705711
has_deal&has_russia,133,0.004160430412144418,0.0036036460509365487,0.026961023437350285,0.556390977443609,0.42105263157894735,long,0.556390977443609,0.026695875090325085
has_positive&has_chips,31,0.007415914791866616,0.007042336228382462,0.025729558780388778,0.6451612903225806,0.3548387096774194,long,0.6451612903225806,0.02663875231996062
has_attack&has_russia,245,0.003087140122093101,0.003134749301611617,0.026615416108859195,0.5510204081632653,0.4204081632653061,long,0.5510204081632653,0.02662606993783053
posts_high&open_deal,60,0.005550976405275821,0.004196521563942346,0.03519626424434303,0.6166666666666667,0.38333333333333336,long,0.6166666666666667,0.026515234979815734
has_russia&exclamation_heavy,273,0.002855962035686994,0.0034305720845329013,0.025899161764363406,0.5567765567765568,0.4175824175824176,long,0.5567765567765568,0.02627330421507006
posts_very_high&pre_relief,24,-0.00856894599322621,-0.007734442660637442,0.03222322989558932,0.3333333333333333,0.625,short,0.625,0.026236931646088264
has_russia&has_night_post,260,0.0029571909422502897,0.002956189311030033,0.02544312535111884,0.55,0.4230769230769231,long,0.55,0.026225799146091255
has_deal&has_night_post,317,0.0027738520898982688,0.0027360462893892823,0.02688828039248111,0.5299684542586751,0.4416403785488959,long,0.5299684542586751,0.026173569209614948
posts_high&has_russia,169,0.0035692772900440457,0.003134749301611617,0.024900948331946858,0.5621301775147929,0.41420118343195267,long,0.5621301775147929,0.02608318019647572
has_uppercase_phrase&deal_only,98,0.005035672618306398,0.003038023830868042,0.03387458381920533,0.5204081632653061,0.45918367346938777,long,0.5204081632653061,0.025942667295461918
posts_very_high&china_streak_3d,38,0.0063713659470127845,0.00869709814392361,0.03458312394450319,0.6578947368421053,0.34210526315789475,long,0.6578947368421053,0.025839300961714017
has_all_caps&deal_over_tariff,82,0.005440865218311828,0.0017058842545111252,0.031002390681949585,0.524390243902439,0.45121951219512196,long,0.524390243902439,0.025836251116706323
has_attack&china_streak_3d,62,0.00519577963541814,0.008276828729589347,0.034026560688749756,0.6290322580645161,0.3387096774193548,long,0.6290322580645161,0.025734722268961185
has_uppercase_phrase&volume_spike,83,0.004879167050382127,0.006172962597440046,0.030542101152516706,0.5783132530120482,0.39759036144578314,long,0.5783132530120482,0.025706791711261164
has_exclamation,906,0.0016006541976468307,0.0019011000246390575,0.028306635498194527,0.5331125827814569,0.4370860927152318,long,0.5331125827814569,0.025685057943392462
deal_heavy&has_relief,31,0.007930579137474336,0.0062304358520386405,0.0342445985864868,0.5806451612903226,0.41935483870967744,long,0.5806451612903226,0.025638733102199725
has_iran&has_exclamation,117,-0.004321948554832224,-0.0037664971701284466,0.023109651091062094,0.41025641025641024,0.5470085470085471,short,0.5470085470085471,0.025572114255368327
has_iran,117,-0.004321948554832224,-0.0037664971701284466,0.023109651091062094,0.41025641025641024,0.5470085470085471,short,0.5470085470085471,0.025572114255368327
has_uppercase_phrase&short_posts,160,0.003473090685544708,0.0034026850267399045,0.03576161164577621,0.58125,0.4,long,0.58125,0.025535189226430825
posts_high&china_streak_3d,52,0.005563643350063684,0.006461893041728617,0.032941490902274766,0.6346153846153846,0.34615384615384615,long,0.6346153846153846,0.025460770978562006
has_iran&deal_over_tariff,68,-0.005118634244438833,-0.006703683566562646,0.0259092726561383,0.35294117647058826,0.6029411764705882,short,0.6029411764705882,0.025449748694050683
has_deal&positive_heavy,275,0.002929505902400202,0.001769885090649792,0.027669509261468925,0.5236363636363637,0.44727272727272727,long,0.5236363636363637,0.02543844279113798
all_caps_heavy,28,-0.00894226200238977,-0.0014745784240390303,0.029227429817218317,0.4642857142857143,0.5357142857142857,short,0.5357142857142857,0.02534893008932765
has_positive&all_caps_heavy,28,-0.00894226200238977,-0.0014745784240390303,0.029227429817218317,0.4642857142857143,0.5357142857142857,short,0.5357142857142857,0.02534893008932765
all_caps_heavy&has_exclamation,28,-0.00894226200238977,-0.0014745784240390303,0.029227429817218317,0.4642857142857143,0.5357142857142857,short,0.5357142857142857,0.02534893008932765
has_night_post&all_caps_heavy,28,-0.00894226200238977,-0.0014745784240390303,0.029227429817218317,0.4642857142857143,0.5357142857142857,short,0.5357142857142857,0.02534893008932765
has_all_caps&all_caps_heavy,28,-0.00894226200238977,-0.0014745784240390303,0.029227429817218317,0.4642857142857143,0.5357142857142857,short,0.5357142857142857,0.02534893008932765
all_caps_heavy&lots_of_excl,28,-0.00894226200238977,-0.0014745784240390303,0.029227429817218317,0.4642857142857143,0.5357142857142857,short,0.5357142857142857,0.02534893008932765
all_caps_heavy&exclamation_heavy,28,-0.00894226200238977,-0.0014745784240390303,0.029227429817218317,0.4642857142857143,0.5357142857142857,short,0.5357142857142857,0.02534893008932765
all_caps_heavy&has_uppercase_phrase,28,-0.00894226200238977,-0.0014745784240390303,0.029227429817218317,0.4642857142857143,0.5357142857142857,short,0.5357142857142857,0.02534893008932765
posts_very_high&lots_of_excl,224,0.0030526427767704756,0.0021749941901147984,0.027902300878719744,0.5535714285714286,0.41964285714285715,long,0.5535714285714286,0.02529144608867474
posts_low&has_positive,88,0.004470997482367103,0.005034136929852773,0.022423801020284077,0.6022727272727273,0.375,long,0.6022727272727273,0.025260326450717126
has_night_post&tariff_rising,25,-0.008393574957327971,-0.008333314454694318,0.021981612749981227,0.4,0.6,short,0.6,0.02518072487198391
has_chips,32,0.007094625458500932,0.006690692506233997,0.025376333190499808,0.625,0.375,long,0.625,0.02508328885842364
has_exclamation&has_chips,32,0.007094625458500932,0.006690692506233997,0.025376333190499808,0.625,0.375,long,0.625,0.02508328885842364
posts_low&has_uppercase_phrase,23,0.00751568979168429,0.01675994366580502,0.04739987673270558,0.6956521739130435,0.30434782608695654,long,0.6956521739130435,0.025074074450364605
has_uppercase_phrase&china_streak_3d,33,0.0064851074439098095,0.008633041045126966,0.02915644574741683,0.6666666666666666,0.3333333333333333,long,0.6666666666666666,0.02483607065404667
has_china&open_deal,42,0.006173557811493892,0.004871930356422971,0.0347506414790265,0.6190476190476191,0.38095238095238093,long,0.6190476190476191,0.024767616938951856
deal_heavy&has_uppercase_phrase,67,0.005055860749543909,0.004424791299245667,0.030902108981178518,0.5970149253731343,0.40298507462686567,long,0.5970149253731343,0.02470686794058529
has_uppercase_phrase&deal_over_tariff,120,0.004100484616764371,0.0032362743994992504,0.03232672128370988,0.55,0.43333333333333335,long,0.55,0.024705207134352498
has_positive&has_iran,111,-0.0042374971395066135,-0.0037664971701284466,0.023468567302215585,0.40540540540540543,0.5495495495495496,short,0.5495495495495496,0.024534531180840372
has_china&tariff_rising,21,-0.00862739595283604,-0.008333314454694318,0.01952153113680512,0.38095238095238093,0.6190476190476191,short,0.6190476190476191,0.02447447785975946
deal_heavy&attack_heavy,80,0.004464127962698297,0.005241297572971648,0.02351809415726576,0.6125,0.375,long,0.6125,0.024456129282885045
has_all_caps&exclamation_heavy,174,0.0033206367557586172,0.003180296757646972,0.027338242838737398,0.5574712643678161,0.40804597701149425,long,0.5574712643678161,0.024418471811375006
has_deal&tariff_rising,22,-0.008790799689820827,-0.007663231695303641,0.021692253696613328,0.4090909090909091,0.5909090909090909,short,0.5909090909090909,0.02436466228571022
has_iran&exclamation_heavy,115,-0.004133298777134591,-0.0037664971701284466,0.023101894539511225,0.40869565217391307,0.5478260869565217,short,0.5478260869565217,0.024282222196502428
posts_very_high&volume_spike,85,0.0048637769412672215,0.005319069413600275,0.026057112469385232,0.5411764705882353,0.43529411764705883,long,0.5411764705882353,0.024267331247729194
posts_high&has_chips,24,0.007914776050651745,0.006690692506233997,0.025798903950833018,0.625,0.375,long,0.625,0.02423395344062175
all_caps_heavy&short_posts,25,-0.009284072924291812,-0.001364394652056733,0.03048327085381476,0.48,0.52,short,0.52,0.024138589603158712
has_iran&has_night_post,109,-0.004165815874081552,-0.0037664971701284466,0.02366114844805211,0.42201834862385323,0.5504587155963303,short,0.5504587155963303,0.02394076766152102
has_night_post&volume_drop,127,0.004024742673362271,0.0027360462893892823,0.024656591961298213,0.5275590551181102,0.44881889763779526,long,0.5275590551181102,0.02392825678654991
attack_heavy&has_night_post,277,0.002502905633971064,0.0032258442136823273,0.02331246088893908,0.5740072202166066,0.4007220216606498,long,0.5740072202166066,0.023911218920430816
exclamation_heavy&volume_spike,125,0.003815195906249401,0.00536663241156643,0.028003456185701076,0.56,0.416,long,0.56,0.023886904702787214
deal_heavy&has_all_caps,49,0.005958694720847295,0.0032258442136823273,0.031738891837110816,0.5714285714285714,0.42857142857142855,long,0.5714285714285714,0.02383477888338918
posts_very_high&has_night_post,224,0.002867640473613378,0.0017761590523214243,0.02801502482661146,0.5491071428571429,0.42410714285714285,long,0.5491071428571429,0.023567081495839512
deal_heavy&volume_spike,50,0.005926485278805274,0.005769797504503238,0.024880449724870402,0.56,0.42,long,0.56,0.023467684403774555
pre_deal&deal_only,115,0.004101532441429848,0.003030307537599697,0.025625594662730653,0.5304347826086957,0.4434782608695652,long,0.5304347826086957,0.023330662209000496
has_action&attack_heavy,106,0.0036341212769832264,0.006141164398174803,0.025139357553989213,0.6226415094339622,0.3584905660377358,long,0.6226415094339622,0.023296486081608534
posts_very_high&all_caps_heavy,24,-0.008749919778443638,-0.0014745784240390303,0.030178800406237587,0.4583333333333333,0.5416666666666666,short,0.5416666666666666,0.023218908643096125
positive_heavy&open_deal,71,0.00476771775471562,0.0037173783316302167,0.03590146016818935,0.5774647887323944,0.4225352112676056,long,0.5774647887323944,0.023198783929240886
has_deal&exclamation_heavy,332,0.0024280985246791305,0.0017469985816356282,0.0265901727649298,0.5240963855421686,0.4457831325301205,long,0.5240963855421686,0.023187104083681336
positive_heavy&has_russia,214,0.002820658943601425,0.0035009860606427523,0.026187199719495974,0.5607476635514018,0.411214953271028,long,0.5607476635514018,0.023137953105386248
posts_very_high,226,0.0027979304646026386,0.0017761590523214243,0.02790918637564932,0.5486725663716814,0.4247787610619469,long,0.5486725663716814,0.02307833018644163
posts_high&posts_very_high,226,0.0027979304646026386,0.0017761590523214243,0.02790918637564932,0.5486725663716814,0.4247787610619469,long,0.5486725663716814,0.02307833018644163
posts_very_high&exclamation_heavy,226,0.0027979304646026386,0.0017761590523214243,0.02790918637564932,0.5486725663716814,0.4247787610619469,long,0.5486725663716814,0.02307833018644163
posts_very_high&has_exclamation,226,0.0027979304646026386,0.0017761590523214243,0.02790918637564932,0.5486725663716814,0.4247787610619469,long,0.5486725663716814,0.02307833018644163
posts_very_high&has_positive,226,0.0027979304646026386,0.0017761590523214243,0.02790918637564932,0.5486725663716814,0.4247787610619469,long,0.5486725663716814,0.02307833018644163
has_attack&open_deal,71,0.0046270421810938045,0.0039682518286390245,0.036983723038607655,0.5915492957746479,0.4084507042253521,long,0.5915492957746479,0.023063412927287922
has_action&volume_spike,58,0.0051642890025959546,0.00614354534803907,0.03018986803058601,0.5862068965517241,0.3793103448275862,long,0.5862068965517241,0.023055548484377353
positive_heavy&brag_heavy,38,-0.006155266479572728,-0.0040769134823721576,0.020292476250482964,0.39473684210526316,0.6052631578947368,short,0.6052631578947368,0.022965869742361172
deal_over_tariff&china_streak_3d,31,0.006371548274322571,0.005319069413600275,0.03418656496550004,0.6451612903225806,0.3225806451612903,long,0.6451612903225806,0.022887277043757634
has_relief&short_posts,44,0.0063142397073790235,0.005298669155465285,0.03895004321475873,0.5454545454545454,0.45454545454545453,long,0.5454545454545454,0.022845778849897847
has_russia&tariff_only,23,0.006809686016514361,0.007042336228382462,0.018627774922365663,0.6956521739130435,0.30434782608695654,long,0.6956521739130435,0.022718683034338355
has_china&has_all_caps,86,0.004193196669598689,0.005925553367037595,0.03161922562659072,0.5813953488372093,0.3953488372093023,long,0.5813953488372093,0.022608201273512436
pre_deal&short_posts,68,0.005030750284406824,0.0022766636657653994,0.027673636142146737,0.5441176470588235,0.4264705882352941,long,0.5441176470588235,0.022572519045660898
positive_heavy&has_iran,92,-0.004242635020502395,-0.003784284394977633,0.024053688644305876,0.40217391304347827,0.5543478260869565,short,0.5543478260869565,0.022558589161631094
has_deal&lots_of_excl,320,0.0024154712756635534,0.0017469985816356282,0.02693909070786455,0.521875,0.45,long,0.521875,0.022549834525091676
pre_relief&has_uppercase_phrase,20,-0.008400604311294534,-0.007639573685281786,0.035226414453562956,0.35,0.6,short,0.6,0.02254118675055886
positive_heavy&volume_drop,55,0.0053835287441298865,0.0032467045853161736,0.028274048938275908,0.5636363636363636,0.4,long,0.5636363636363636,0.022503360900927534
has_iran&has_uppercase_phrase,57,-0.005656147018247081,-0.00638968103000781,0.02575333606039204,0.43859649122807015,0.5263157894736842,short,0.5263157894736842,0.022475249225955677
has_night_post,820,0.001498867593643102,0.0017211497250210206,0.028767496975296486,0.5231707317073171,0.44878048780487806,long,0.5231707317073171,0.022455029813235754
has_all_caps&lots_of_excl,167,0.0031465328791935735,0.0027776293204484492,0.027832225980809235,0.5508982035928144,0.41916167664670656,long,0.5508982035928144,0.022400714243443143
posts_high&tariff_only,28,0.006217237194341022,0.006690692506233997,0.020763239901254258,0.6785714285714286,0.32142857142857145,long,0.6785714285714286,0.022324000407458473
posts_very_high&deal_heavy,76,0.004727245487950897,0.0023427196399291583,0.030766779035113594,0.5394736842105263,0.4473684210526316,long,0.5394736842105263,0.02223234210249342
has_deal&volume_spike,82,0.00455605324439778,0.005342850912583352,0.026604607807853613,0.5365853658536586,0.4268292682926829,long,0.5365853658536586,0.022137804156912518
has_action&short_posts,102,0.0038972946901463692,0.0033711232130440028,0.03522376403423052,0.5588235294117647,0.4215686274509804,long,0.5588235294117647,0.021995711541715462
attack_heavy&has_china,145,0.003019724287457036,0.00536663241156643,0.023526506004466614,0.6,0.36551724137931035,long,0.6,0.021817377365574042
has_deal&has_china,154,0.0031095478471893667,0.003760298246828775,0.026455999177039568,0.564935064935065,0.4155844155844156,long,0.564935064935065,0.02179998204810762
has_positive&has_all_caps,174,0.0029923755024399215,0.002956189311030033,0.027265244258822242,0.5517241379310345,0.41379310344827586,long,0.5517241379310345,0.021777734534910168
has_relief&deal_over_tariff,44,0.005989193994842167,0.0033096941121883994,0.03337397093482352,0.5454545454545454,0.45454545454545453,long,0.5454545454545454,0.02166971921186315
posts_very_high&attack_heavy,168,0.0028149490815835097,0.0032362743994992504,0.023089781817544643,0.5833333333333334,0.39285714285714285,long,0.5833333333333334,0.021283447589791428
attack_heavy&positive_heavy,253,0.002315724333901951,0.0032153858046841677,0.02353776059893762,0.5770750988142292,0.39920948616600793,long,0.5770750988142292,0.021255897858808385
positive_heavy&tariff_rising,26,-0.007213109667441866,-0.007663231695303641,0.022362795061056318,0.4230769230769231,0.5769230769230769,short,0.5769230769230769,0.021219107854598556
pre_action&deal_over_tariff,40,0.005152585989099806,0.006654141421879922,0.029136626213874393,0.65,0.35,long,0.65,0.021182079835054983
attack_heavy&short_posts,142,0.0031449491929797535,0.0017746089123658049,0.025189574924230296,0.5633802816901409,0.4154929577464789,long,0.5633802816901409,0.021113461884310607
exclamation_heavy,797,0.0014230581299325563,0.0016610375171417502,0.026094477664995824,0.520702634880803,0.4479297365119197,long,0.520702634880803,0.020919031639400825
has_exclamation&exclamation_heavy,797,0.0014230581299325563,0.0016610375171417502,0.026094477664995824,0.520702634880803,0.4479297365119197,long,0.520702634880803,0.020919031639400825
has_deal&has_uppercase_phrase,137,0.0033482974381074584,0.002941298360124467,0.030585095287721686,0.5328467153284672,0.45255474452554745,long,0.5328467153284672,0.020882697962891793
has_deal&open_deal,81,0.0040835814835433306,0.0037173783316302167,0.036547352870481685,0.5679012345679012,0.43209876543209874,long,0.5679012345679012,0.02087163869366591
open_deal,81,0.0040835814835433306,0.0037173783316302167,0.036547352870481685,0.5679012345679012,0.43209876543209874,long,0.5679012345679012,0.02087163869366591
open_deal&has_exclamation,81,0.0040835814835433306,0.0037173783316302167,0.036547352870481685,0.5679012345679012,0.43209876543209874,long,0.5679012345679012,0.02087163869366591
exclamation_heavy&lots_of_excl,722,0.0014837402395652813,0.001677897638827086,0.026359740250144717,0.5221606648199446,0.4487534626038781,long,0.5221606648199446,0.020817598416490425
posts_very_high&has_russia,120,0.00331803198146266,0.0024523171961307044,0.025777651038298578,0.5666666666666667,0.4083333333333333,long,0.5666666666666667,0.020596757578067507
has_night_post&lots_of_excl,673,0.0015169974700840892,0.0016610375171417502,0.026494139501097785,0.5215453194650818,0.4487369985141159,long,0.5215453194650818,0.020525060260669917
has_positive&lots_of_excl,703,0.0014728589727043767,0.001697731159616911,0.026652731793398818,0.5248933143669986,0.44523470839260315,long,0.5248933143669986,0.020497923523701708
has_positive&exclamation_heavy,767,0.0014038008860950916,0.0016638685414209764,0.026282158703487442,0.5228161668839635,0.4445893089960887,long,0.5228161668839635,0.020326013180056023
posts_high&all_caps_heavy,27,-0.007501126470359111,-0.001364394652056733,0.02875254952204597,0.48148148148148145,0.5185185185185185,short,0.5185185185185185,0.020210294472140546
has_attack&tariff_only,44,0.004783815823179322,0.006690692506233997,0.01872939980992956,0.6363636363636364,0.36363636363636365,long,0.6363636363636364,0.020193246374828496
silence_day,216,0.0028515071526322494,-0.0015673981191222097,0.04266775961717535,0.4788732394366197,0.5023474178403756,long,0.4788732394366197,0.020068823302204147
posts_low&silence_day,216,0.0028515071526322494,-0.0015673981191222097,0.04266775961717535,0.4788732394366197,0.5023474178403756,long,0.4788732394366197,0.020068823302204147
lots_of_excl&volume_spike,123,0.0032670631027234584,0.005319069413600275,0.027892031336935873,0.5528455284552846,0.42276422764227645,long,0.5528455284552846,0.020031518841023138
has_positive&brag_heavy,42,-0.004904497680923209,-0.00593775467447849,0.023033470582837258,0.38095238095238093,0.6190476190476191,short,0.6190476190476191,0.01967629097324182
has_attack&has_chips,27,0.006384930896248475,0.0063390487840855325,0.0246784951491374,0.5925925925925926,0.4074074074074074,long,0.5925925925925926,0.01966048838243315
has_night_post&has_exclamation,793,0.0013202423022582925,0.001769885090649792,0.028382647159566923,0.5258511979823455,0.4451450189155107,long,0.5258511979823455,0.01955028556150008
lots_of_excl,723,0.0013894796771785302,0.0016610375171417502,0.02646313328429261,0.5214384508990318,0.44951590594744123,long,0.5214384508990318,0.019481590066354238
has_exclamation&lots_of_excl,723,0.0013894796771785302,0.0016610375171417502,0.02646313328429261,0.5214384508990318,0.44951590594744123,long,0.5214384508990318,0.019481590066354238
has_attack&uppercase_phrase_heavy,41,0.005627672494708186,0.0035586654681636354,0.039037550215795226,0.5365853658536586,0.4634146341463415,long,0.5365853658536586,0.019335685251863508
has_all_caps&volume_spike,47,0.00528377013074317,0.00436690245889193,0.026189253635594305,0.5319148936170213,0.44680851063829785,long,0.5319148936170213,0.01926792712994204
posts_very_high&has_all_caps,102,0.003453213270286024,0.0017714352306054115,0.03135212440798481,0.5490196078431373,0.4215686274509804,long,0.5490196078431373,0.01914746755570966
has_positive&volume_drop,130,0.003068878962968666,0.0016939903070212203,0.02361869640150975,0.5384615384615384,0.43846153846153846,long,0.5384615384615384,0.018841094333280153
uppercase_phrase_heavy&volume_spike,21,0.007834626611220872,0.005319069413600275,0.03648606359863038,0.5238095238095238,0.47619047619047616,long,0.5238095238095238,0.018806212588761192
has_china&has_night_post,272,0.0020639240392463835,0.003670096693097258,0.02654595311530273,0.5514705882352942,0.41544117647058826,long,0.5514705882352942,0.018771566508230052
has_china&short_posts,144,0.0027666321753936182,0.0032362743994992504,0.02903080184738688,0.5625,0.4027777777777778,long,0.5625,0.018674767183906923
has_night_post&exclamation_heavy,732,0.0013240027499953518,0.0016556353222386688,0.0263620545069176,0.51775956284153,0.453551912568306,long,0.51775956284153,0.01854695236659941
has_all_caps&china_streak_3d,20,0.006376539731290787,0.009531670734489128,0.026077440911161782,0.65,0.35,long,0.65,0.018535889190512776
has_china&volume_spike,67,0.004192256976071996,0.005319069413600275,0.024884340823378124,0.5373134328358209,0.43283582089552236,long,0.5373134328358209,0.018437965393160165
has_deal&has_relief,46,0.005157586779084202,0.002236623138948346,0.0329157764535346,0.5217391304347826,0.4782608695652174,long,0.5217391304347826,0.018250672409923438
posts_high&pre_relief,33,-0.005515282226215442,-0.0069735353135924605,0.02976205005487946,0.3939393939393939,0.5757575757575758,short,0.5757575757575758,0.018241660635600433
brag_heavy&has_exclamation,43,-0.004598876496963,-0.00490197403536452,0.02284568294694059,0.3953488372093023,0.6046511627906976,short,0.6046511627906976,0.01823437436399994
brag_heavy,43,-0.004598876496963,-0.00490197403536452,0.02284568294694059,0.3953488372093023,0.6046511627906976,short,0.6046511627906976,0.01823437436399994
has_market_brag&brag_heavy,43,-0.004598876496963,-0.00490197403536452,0.02284568294694059,0.3953488372093023,0.6046511627906976,short,0.6046511627906976,0.01823437436399994
brag_heavy&exclamation_heavy,43,-0.004598876496963,-0.00490197403536452,0.02284568294694059,0.3953488372093023,0.6046511627906976,short,0.6046511627906976,0.01823437436399994
pre_deal&deal_over_tariff,148,0.0027527791930139337,0.003475269310242224,0.025148723936528984,0.5405405405405406,0.4391891891891892,long,0.5405405405405406,0.018102164464269977
attack_heavy&tariff_only,24,0.005498762510911211,0.007639810258206148,0.019262293201120873,0.6666666666666666,0.3333333333333333,long,0.6666666666666666,0.017958883157970243
positive_heavy&volume_spike,119,0.003059924325098831,0.004709373703984943,0.02832107648971055,0.5378151260504201,0.4369747899159664,long,0.5378151260504201,0.01795217939096424
has_relief&has_market_brag,22,-0.006988396358665449,-0.0029774162286178574,0.030791518139098886,0.45454545454545453,0.5454545454545454,short,0.5454545454545454,0.017879173318132956
has_positive&open_deal,79,0.003531242989573762,0.0037173783316302167,0.0358875882748213,0.569620253164557,0.43037974683544306,long,0.569620253164557,0.017878314432596767
has_action,186,0.002318636646683053,0.0042474768192952705,0.029123182901642654,0.5645161290322581,0.41397849462365593,long,0.5645161290322581,0.017851122188489867
has_positive&has_uppercase_phrase,283,0.0019372395562895588,0.0032258442136823273,0.027890137992167108,0.5441696113074205,0.4275618374558304,long,0.5441696113074205,0.017734168532035893
has_market_brag&volume_spike,36,0.005272694214600665,0.008506873561332617,0.02411689943127505,0.5555555555555556,0.4444444444444444,long,0.5555555555555556,0.017575647382002218
has_positive&tariff_rising,28,-0.006190984476857846,-0.006060632597127802,0.02189411150665251,0.4642857142857143,0.5357142857142857,short,0.5357142857142857,0.017549791389029117
tariff_rising,28,-0.006190984476857846,-0.006060632597127802,0.02189411150665251,0.4642857142857143,0.5357142857142857,short,0.5357142857142857,0.017549791389029117
lots_of_excl&tariff_rising,28,-0.006190984476857846,-0.006060632597127802,0.02189411150665251,0.4642857142857143,0.5357142857142857,short,0.5357142857142857,0.017549791389029117
has_exclamation&tariff_rising,28,-0.006190984476857846,-0.006060632597127802,0.02189411150665251,0.4642857142857143,0.5357142857142857,short,0.5357142857142857,0.017549791389029117
has_tariff&tariff_rising,28,-0.006190984476857846,-0.006060632597127802,0.02189411150665251,0.4642857142857143,0.5357142857142857,short,0.5357142857142857,0.017549791389029117
exclamation_heavy&tariff_rising,28,-0.006190984476857846,-0.006060632597127802,0.02189411150665251,0.4642857142857143,0.5357142857142857,short,0.5357142857142857,0.017549791389029117
has_uppercase_phrase,293,0.001863830200401202,0.0032467045853161736,0.03009538082137187,0.5494880546075085,0.4232081911262799,long,0.5494880546075085,0.0175306657924278
volume_spike,163,0.0024779043767675073,0.006048396535480283,0.03636965282609868,0.5521472392638037,0.4233128834355828,long,0.5521472392638037,0.01746760047456642
positive_heavy&has_all_caps,150,0.0026380943533649776,0.0017714352306054115,0.027869639074528746,0.54,0.42,long,0.54,0.017447359659466682
brag_heavy&lots_of_excl,42,-0.004512576410322084,-0.0040769134823721576,0.02311551536594468,0.40476190476190477,0.5952380952380952,short,0.5952380952380952,0.017407641426815227
pre_action&lots_of_excl,74,-0.003738638821720705,-0.0032132938008684886,0.031208227130101695,0.4594594594594595,0.5405405405405406,short,0.5405405405405406,0.017384317405640268
posts_high&has_all_caps,134,0.002784713520846203,0.0017058842545111252,0.02888772881425359,0.5373134328358209,0.43283582089552236,long,0.5373134328358209,0.017320507811629453
posts_high&has_uppercase_phrase,198,0.0022460579086528132,0.0022545158299751566,0.02844887845116694,0.5454545454545454,0.43434343434343436,long,0.5454545454545454,0.017239001583634703
has_china&has_iran,45,-0.004614614065299865,-0.00710463903504488,0.026885045753555412,0.4444444444444444,0.5555555555555556,short,0.5555555555555556,0.017197651233228587
has_attack&sig_potus,52,0.0038680824937496173,0.0032310451950001706,0.022979952484226927,0.6153846153846154,0.38461538461538464,long,0.6153846153846154,0.01716500894638629
pre_relief&lots_of_excl,41,-0.004768219941010524,-0.0031847507231695937,0.0271827823618941,0.4146341463414634,0.5609756097560976,short,0.5609756097560976,0.01712742945109726
has_attack&pre_relief,36,-0.00513183892704292,-0.0029774162286178574,0.02688017687909086,0.4166666666666667,0.5555555555555556,short,0.5555555555555556,0.017106129756809734
posts_very_high&short_posts,155,0.00259337628324899,0.0016529561310789642,0.03087019111205752,0.5290322580645161,0.43870967741935485,long,0.5290322580645161,0.017081009654147866
sig_potus&deal_over_tariff,23,0.005833740486231309,0.005319069413600275,0.02654874931949527,0.6086956521739131,0.391304347826087,long,0.6086956521739131,0.01702986570946578
positive_heavy&has_night_post,558,0.001387136801154729,0.0016556353222386688,0.027432918548083125,0.5197132616487455,0.44802867383512546,long,0.5197132616487455,0.017029433158284563
has_action&has_exclamation,185,0.0022256410834774333,0.004128051179698611,0.029174510170213552,0.5621621621621622,0.41621621621621624,long,0.5621621621621622,0.017017768228295267
has_positive&has_china,282,0.0018114794504092175,0.003670096693097258,0.02679518107584075,0.5531914893617021,0.41134751773049644,long,0.5531914893617021,0.016828036910186268
posts_high&has_iran,76,-0.0036472412020573737,-0.0022547280663091085,0.024706380054593403,0.4473684210526316,0.5263157894736842,short,0.5263157894736842,0.016734690339458846
positive_heavy&pre_tariff,54,-0.003966332708637875,-0.0039148402435676966,0.02290620744699044,0.42592592592592593,0.5740740740740741,short,0.5740740740740741,0.016732234993027263
has_russia&short_posts,134,0.0027879726830851615,0.0014401204791932853,0.028061615250843913,0.5149253731343284,0.4701492537313433,long,0.5149253731343284,0.01661824684887427
positive_heavy&has_exclamation,586,0.001314024471342231,0.0016793131509666992,0.027307323395701712,0.5221843003412969,0.44368600682593856,long,0.5221843003412969,0.016610246277893724
positive_heavy,586,0.001314024471342231,0.0016793131509666992,0.027307323395701712,0.5221843003412969,0.44368600682593856,long,0.5221843003412969,0.016610246277893724
has_positive&positive_heavy,586,0.001314024471342231,0.0016793131509666992,0.027307323395701712,0.5221843003412969,0.44368600682593856,long,0.5221843003412969,0.016610246277893724
has_uppercase_phrase&has_exclamation,291,0.0017717883913705105,0.0032258442136823273,0.030176272621187463,0.5463917525773195,0.4261168384879725,long,0.5463917525773195,0.016514387913937036
has_action&has_market_brag,42,-0.004646582475663117,-0.0029812339008226107,0.02920379143407529,0.42857142857142855,0.5476190476190477,short,0.5476190476190477,0.016490614563009296
open_deal&lots_of_excl,78,0.003293549779356334,0.003634861498324371,0.03605723090316257,0.5641025641025641,0.4358974358974359,long,0.5641025641025641,0.016408527414299583
has_relief&pre_relief,43,-0.00446032325672233,-0.0031847507231695937,0.026593499301108596,0.4186046511627907,0.5581395348837209,short,0.5581395348837209,0.016324630076914138
pre_relief,43,-0.00446032325672233,-0.0031847507231695937,0.026593499301108596,0.4186046511627907,0.5581395348837209,short,0.5581395348837209,0.016324630076914138
pre_relief&has_exclamation,43,-0.00446032325672233,-0.0031847507231695937,0.026593499301108596,0.4186046511627907,0.5581395348837209,short,0.5581395348837209,0.016324630076914138
positive_heavy&pre_action,67,-0.0036931104886375834,-0.0031747346723571823,0.03239047466553594,0.4626865671641791,0.5373134328358209,short,0.5373134328358209,0.016242669228358673
posts_very_high&has_china,139,0.002507790810893141,0.0032467045853161736,0.02866519652719151,0.5467625899280576,0.4244604316546763,long,0.5467625899280576,0.01616581106852067
has_night_post&tariff_only,51,0.0034941377701869464,0.005714185850148823,0.01890761094020727,0.6470588235294118,0.35294117647058826,long,0.6470588235294118,0.01614614605046131
exclamation_heavy&tariff_only,52,0.0034054453619143453,0.006026617317117178,0.018688308994107786,0.6538461538461539,0.34615384615384615,long,0.6538461538461539,0.01605651028914956
pre_deal&open_deal,31,0.00470335714403639,0.006172962597440046,0.03412840738717884,0.6129032258064516,0.3870967741935484,long,0.6129032258064516,0.01605020972749446
brag_heavy&has_night_post,40,-0.004187267618242996,-0.0040769134823721576,0.023302719052206666,0.4,0.6,short,0.6,0.015889563415579542
pre_relief&exclamation_heavy,42,-0.004476674880324121,-0.0029774162286178574,0.02691563773092365,0.42857142857142855,0.5476190476190477,short,0.5476190476190477,0.015887616406678653
positive_heavy&pre_relief,42,-0.004476674880324121,-0.0029774162286178574,0.02691563773092365,0.42857142857142855,0.5476190476190477,short,0.5476190476190477,0.015887616406678653
pre_relief&has_night_post,42,-0.004476674880324121,-0.0029774162286178574,0.02691563773092365,0.42857142857142855,0.5476190476190477,short,0.5476190476190477,0.015887616406678653
has_positive&pre_relief,42,-0.004476674880324121,-0.0029774162286178574,0.02691563773092365,0.42857142857142855,0.5476190476190477,short,0.5476190476190477,0.015887616406678653
has_all_caps&has_exclamation,179,0.0021643223994175305,0.0027776293204484492,0.03046798122748833,0.547486033519553,0.41899441340782123,long,0.547486033519553,0.015853367030866594
has_all_caps,179,0.0021643223994175305,0.0027776293204484492,0.03046798122748833,0.547486033519553,0.41899441340782123,long,0.547486033519553,0.015853367030866594
has_china&has_exclamation,289,0.001687108722435248,0.0032467045853161736,0.02651185842846987,0.5501730103806228,0.41522491349480967,long,0.5501730103806228,0.01577942863924732
has_china,289,0.001687108722435248,0.0032467045853161736,0.02651185842846987,0.5501730103806228,0.41522491349480967,long,0.5501730103806228,0.01577942863924732
attack_heavy&pre_deal,90,0.002991391095886591,0.004271278659019551,0.022575898631197824,0.5555555555555556,0.43333333333333335,long,0.5555555555555556,0.015766015392247958
has_action&has_russia,80,0.003109174634216473,0.004765214095617476,0.026260566330043342,0.5625,0.4125,long,0.5625,0.015642733131058673
positive_heavy&exclamation_heavy,582,0.001244829885025661,0.001661091527409675,0.027378553152999977,0.520618556701031,0.44501718213058417,long,0.520618556701031,0.015634757233815934
has_china&lots_of_excl,270,0.0017192453611094257,0.003670096693097258,0.027161845516881822,0.5518518518518518,0.4185185185185185,long,0.5518518518518518,0.015589861162077372
posts_high&has_china,198,0.0019734185420892574,0.003760298246828775,0.028691982834189438,0.5606060606060606,0.41414141414141414,long,0.5606060606060606,0.015567167133186337
has_positive&pre_deal,163,0.0022768464931340487,0.002773994597448981,0.02458877041891623,0.5337423312883436,0.44785276073619634,long,0.5337423312883436,0.015515265136261395
deal_heavy&pre_deal,96,0.0028497743938890596,0.005241297572971648,0.02602420187344989,0.5520833333333334,0.4479166666666667,long,0.5520833333333334,0.015415255699795925
exclamation_heavy&volume_drop,111,0.0026970500487805576,0.0027360462893892823,0.023884465041124625,0.5405405405405406,0.43243243243243246,long,0.5405405405405406,0.015359559712468402
brag_heavy&has_uppercase_phrase,22,-0.0059650524752010055,-0.0022745726876131633,0.02172622170952953,0.45454545454545453,0.5454545454545454,short,0.5454545454545454,0.015261041529739937
pre_action&exclamation_heavy,79,-0.003297220081548305,-0.0031249321246417106,0.03115071990857199,0.4810126582278481,0.5189873417721519,short,0.5189873417721519,0.015209615923805294
has_action&uppercase_phrase_heavy,27,0.006058701305134014,-0.0018382077033439748,0.04760743391550274,0.48148148148148145,0.5185185185185185,long,0.48148148148148145,0.015157968927654192
deal_heavy&has_china,80,0.003001017990347078,0.0032362743994992504,0.027520432860544033,0.5625,0.425,long,0.5625,0.015098580513260719
has_china&exclamation_heavy,283,0.0016312775583492748,0.0032467045853161736,0.02677868300943559,0.5477031802120141,0.4204946996466431,long,0.5477031802120141,0.015030254764959656
has_night_post&has_all_caps,175,0.002084643637260429,0.0027776293204484492,0.030799983868708213,0.5428571428571428,0.42857142857142855,long,0.5428571428571428,0.014970503441614356
has_action&has_all_caps,56,0.0034943354723027376,0.005641299421837553,0.036410657442983684,0.5714285714285714,0.4107142857142857,long,0.5714285714285714,0.014942407007780283
has_attack&has_iran,90,-0.003055183087491969,-0.0017729743845242285,0.023801529308599145,0.43333333333333335,0.5111111111111111,short,0.5111111111111111,0.014814050412126831
posts_very_high&has_action,102,0.002570070280180103,0.004167577143765477,0.03144272813820669,0.5686274509803921,0.4117647058823529,long,0.5686274509803921,0.014759542884546669
positive_heavy&lots_of_excl,567,0.0011895971012252217,0.0016502922497667605,0.02732108420602802,0.5167548500881834,0.4514991181657848,long,0.5167548500881834,0.014637806038573703
positive_heavy&uppercase_phrase_heavy,40,0.004388339292834653,0.0025581787784259014,0.04021440197518826,0.525,0.475,long,0.525,0.014571004676518635
posts_high&pre_action,62,-0.0033717237359215608,-0.0036474888352692747,0.030562900537598234,0.45161290322580644,0.5483870967741935,short,0.5483870967741935,0.01455911765083423
open_deal&exclamation_heavy,79,0.0029205828654346403,0.0035523446650185253,0.03597839471769327,0.5569620253164557,0.4430379746835443,long,0.5569620253164557,0.014458014760430436
has_positive&pre_action,81,-0.0031587686541453795,-0.0018382077033439748,0.030724793637188365,0.49382716049382713,0.5061728395061729,short,0.5061728395061729,0.01438994609110673
has_deal&brag_heavy,27,-0.004665493567959718,-0.003251852929379795,0.020242103088667203,0.4074074074074074,0.5925925925925926,short,0.5925925925925926,0.014365994492608058
pre_action&has_night_post,83,-0.003110197633255497,-0.0018382077033439748,0.03060624078893003,0.4939759036144578,0.5060240963855421,short,0.5060240963855421,0.01433831874871099
pre_action&has_exclamation,83,-0.003110197633255497,-0.0018382077033439748,0.03060624078893003,0.4939759036144578,0.5060240963855421,short,0.5060240963855421,0.01433831874871099
has_iran&deal_only,57,-0.0031560682212555756,-0.0037664971701284466,0.025799238970603797,0.3508771929824561,0.5964912280701754,short,0.5964912280701754,0.014213069232536275
has_relief&volume_spike,28,0.004695747963319856,0.004035368247030102,0.034503639588380056,0.5714285714285714,0.42857142857142855,long,0.5714285714285714,0.014198607234722733
has_action&has_night_post,181,0.0018728985508605488,0.0039682518286390245,0.02890608041433702,0.5580110497237569,0.4198895027624309,long,0.5580110497237569,0.01406035674663141
brag_heavy&deal_over_tariff,24,-0.004896077664757345,-0.0032183018262746943,0.020877794160461823,0.4166666666666667,0.5833333333333334,short,0.5833333333333334,0.013991707356308421
has_action&lots_of_excl,173,0.0019357111191056395,0.003289541096255455,0.029001708204538148,0.5491329479768786,0.4277456647398844,long,0.5491329479768786,0.013981092159261816
has_action&has_uppercase_phrase,97,0.00254597873406458,0.001772985370561031,0.03470995100655807,0.5567010309278351,0.422680412371134,long,0.5567010309278351,0.013959268618378774
positive_heavy&all_caps_heavy,24,-0.006186451305764266,0.001068870014209966,0.02953942320317978,0.5416666666666666,0.4583333333333333,short,0.4583333333333333,0.013890844932889071
pre_deal&has_exclamation,169,0.002014896237679413,0.0017825044025137071,0.024363563688881505,0.5266272189349113,0.4556213017751479,long,0.5266272189349113,0.013794289627189827
open_deal&has_night_post,76,0.0028521450759144344,0.003634861498324371,0.03666270476522031,0.5526315789473685,0.4473684210526316,long,0.5526315789473685,0.013740866069620602
has_positive&high_emotion,24,0.004467767619988118,0.010339401006723481,0.018241460727514064,0.625,0.3333333333333333,long,0.625,0.013679688697874634
pre_tariff&has_night_post,60,-0.0031967446567965426,-0.003423898495651889,0.02282132794875604,0.45,0.55,short,0.55,0.013619032699635611
deal_heavy&has_action,52,0.003493227513942972,0.005241297572971648,0.03391494644976258,0.5384615384615384,0.4423076923076923,long,0.5384615384615384,0.01356385791210475
posts_high&brag_heavy,31,-0.004432410272508961,-0.0031847507231695937,0.02159128218546496,0.45161290322580644,0.5483870967741935,short,0.5483870967741935,0.013533434556909375
has_action&exclamation_heavy,179,0.001822043976866312,0.0039682518286390245,0.029005826674043104,0.553072625698324,0.4245810055865922,long,0.553072625698324,0.013482410127587063
open_deal&has_uppercase_phrase,38,0.0036066927819663856,0.005342850912583352,0.04238866877210679,0.6052631578947368,0.39473684210526316,long,0.6052631578947368,0.013456905059470963
tariff_only,55,0.0027666475696360715,0.0063390487840855325,0.020780691942517675,0.6545454545454545,0.34545454545454546,long,0.6545454545454545,0.013429968558716896
has_tariff&tariff_only,55,0.0027666475696360715,0.0063390487840855325,0.020780691942517675,0.6545454545454545,0.34545454545454546,long,0.6545454545454545,0.013429968558716896
has_exclamation&tariff_only,55,0.0027666475696360715,0.0063390487840855325,0.020780691942517675,0.6545454545454545,0.34545454545454546,long,0.6545454545454545,0.013429968558716896
has_russia&has_all_caps,68,0.0028328339785210145,0.002956189311030033,0.02647292385174085,0.5735294117647058,0.4117647058823529,long,0.5735294117647058,0.013397731612292744
has_russia&pre_deal,70,0.0028005210712176098,0.005466155897325686,0.024323985888728257,0.5714285714285714,0.42857142857142855,long,0.5714285714285714,0.01338905162145236
pre_deal,170,0.0019548276025767907,0.0017809185682977624,0.02430399781396283,0.5235294117647059,0.4588235294117647,long,0.5235294117647059,0.013343630540638678
has_deal&pre_deal,170,0.0019548276025767907,0.0017809185682977624,0.02430399781396283,0.5235294117647059,0.4588235294117647,long,0.5235294117647059,0.013343630540638678
has_iran&short_posts,49,-0.0038761049037183263,0.0,0.02772048655921562,0.4897959183673469,0.4897959183673469,short,0.4897959183673469,0.01328950252703426
positive_heavy&tariff_only,40,0.003223225200905888,0.006026617317117178,0.018886295765132337,0.65,0.35,long,0.65,0.013250552960471356
pre_tariff&lots_of_excl,61,-0.003114118974586055,-0.0031847507231695937,0.022619515113262986,0.45901639344262296,0.5409836065573771,short,0.5409836065573771,0.01315782854911232
has_china&has_uppercase_phrase,130,0.0021104453855685257,0.0032467045853161736,0.029787094188276998,0.5461538461538461,0.43846153846153846,long,0.5461538461538461,0.013141979653028973
attack_heavy&all_caps_heavy,24,-0.005337582741271339,-0.0004982698571432964,0.028308320952721143,0.5,0.5,short,0.5,0.013074354176000662
has_action&pre_action,84,-0.002840756996672423,-0.00011272086535923931,0.030521372526372072,0.5,0.5,short,0.5,0.013017983968226792
pre_action,84,-0.002840756996672423,-0.00011272086535923931,0.030521372526372072,0.5,0.5,short,0.5,0.013017983968226792
open_deal&short_posts,45,0.00362304659952987,0.001769885090649792,0.04330794497191033,0.5333333333333333,0.4666666666666667,long,0.5333333333333333,0.012962205571517197
pre_action&short_posts,50,-0.0035126925841578085,-0.0031498333984994464,0.03545442409045467,0.48,0.52,short,0.52,0.012916013481704756
pre_deal&exclamation_heavy,167,0.001909041982716829,0.0017793327340818177,0.02448387324947412,0.5209580838323353,0.46107784431137727,long,0.5209580838323353,0.012852171031551035
has_action&has_positive,181,0.0016932572208001723,0.0039682518286390245,0.028748754353854156,0.5580110497237569,0.4198895027624309,long,0.5580110497237569,0.012711740621146288
has_night_post&has_uppercase_phrase,276,0.0014009485281559736,0.003038023830868042,0.030189298832077986,0.5398550724637681,0.4311594202898551,long,0.5398550724637681,0.012564751585002566
deal_heavy&has_iran,43,-0.0032893293080003354,-0.0037664971701284466,0.02628645955521447,0.4186046511627907,0.5813953488372093,short,0.5813953488372093,0.012540450420579675
has_uppercase_phrase&exclamation_heavy,276,0.0013884008106884586,0.0022545158299751566,0.02796751755882887,0.5362318840579711,0.43478260869565216,long,0.5362318840579711,0.012368642385458069
has_all_caps&short_posts,122,0.002038431687494775,0.002956189311030033,0.034114002634209266,0.5409836065573771,0.4262295081967213,long,0.5409836065573771,0.012180361616547264
pre_tariff&exclamation_heavy,62,-0.0029015182046328775,-0.0025114792132567842,0.022495715725457676,0.46774193548387094,0.532258064516129,short,0.532258064516129,0.012160274955897426
has_positive&pre_tariff,62,-0.0029015182046328775,-0.0025114792132567842,0.022495715725457676,0.46774193548387094,0.532258064516129,short,0.532258064516129,0.012160274955897426
sig_potus&exclamation_heavy,61,0.002619816780568446,0.0032153858046841677,0.022450061542235396,0.5901639344262295,0.4098360655737705,long,0.5901639344262295,0.012075593996873813
has_action&positive_heavy,151,0.0018257539019947073,0.002773994597448981,0.02988103482662096,0.5364238410596026,0.44370860927152317,long,0.5364238410596026,0.012034797377397596
has_all_caps&has_uppercase_phrase,131,0.0018288663981809062,0.00436690245889193,0.033190366214647146,0.5725190839694656,0.40458015267175573,long,0.5725190839694656,0.011984159933862891
pre_action&has_uppercase_phrase,43,-0.0034078229349657455,-0.0040431247411587545,0.03633914913190893,0.46511627906976744,0.5348837209302325,short,0.5348837209302325,0.011952826887165549
has_tariff&has_deal,84,-0.0026674503859826252,0.0015852855789384446,0.019793426041612616,0.5119047619047619,0.4880952380952381,short,0.4880952380952381,0.011932750608535395
has_uppercase_phrase&volume_drop,29,0.0035491770690897024,0.00663344590072934,0.024361547359730208,0.6206896551724138,0.3793103448275862,long,0.6206896551724138,0.011863181449707301
has_positive&tariff_only,53,0.0024608172838311176,0.0063390487840855325,0.020979421212809286,0.660377358490566,0.33962264150943394,long,0.660377358490566,0.01183067374586032
has_market_brag&has_uppercase_phrase,69,-0.002969194803458853,0.0,0.025681361067732406,0.4927536231884058,0.4782608695652174,short,0.4782608695652174,0.011795818629943486
posts_high&has_relief,63,0.002832494455293958,0.0029155541892085246,0.03414830513438757,0.5238095238095238,0.4603174603174603,long,0.5238095238095238,0.011776405015064129
has_iran&open_deal,23,-0.004657967702078994,-0.009191038516719874,0.035710986042926676,0.4782608695652174,0.5217391304347826,short,0.5217391304347826,0.011655040873149364
has_china&china_streak_3d,45,0.002791854106619541,0.008761155242720253,0.0315858774119103,0.6222222222222222,0.37777777777777777,long,0.6222222222222222,0.011653181055904715
positive_heavy&has_uppercase_phrase,236,0.0014257907569137612,0.0017714352306054115,0.02830737869447176,0.5296610169491526,0.4364406779661017,long,0.5296610169491526,0.011601384120570445
pre_deal&china_streak_3d,22,0.004488662989267715,0.0022766636657653994,0.03725833686033913,0.5454545454545454,0.4090909090909091,long,0.5454545454545454,0.01148383397748951
has_attack&tariff_rising,21,-0.004737053189407198,-0.005128116258342641,0.02290903671516142,0.47619047619047616,0.5238095238095238,short,0.5238095238095238,0.011370807282209294
has_market_brag&volume_drop,23,0.004930034560740882,0.0,0.028098611700779208,0.4782608695652174,0.4782608695652174,long,0.4782608695652174,0.011307815944854142
sig_potus&lots_of_excl,56,0.0025463168051434843,0.0024667865910523723,0.02314977279810889,0.5892857142857143,0.4107142857142857,long,0.5892857142857143,0.011228774562144552
pre_deal&sig_potus,21,0.004254908688640287,0.005319069413600275,0.026628623023904698,0.5714285714285714,0.42857142857142855,long,0.5714285714285714,0.011141966366182518
has_attack&all_caps_heavy,25,-0.00463759321311068,0.0003678549377701401,0.027932429638663266,0.52,0.48,short,0.48,0.011130223711465631
posts_low&has_exclamation,125,0.0016550282713643282,0.005291005291005346,0.03758292107414608,0.6,0.384,long,0.6,0.01110226715836382
has_china&volume_drop,29,0.003480380536523783,0.0027854542824070627,0.026475521521805084,0.5862068965517241,0.3793103448275862,long,0.5862068965517241,0.010986937492148421
has_china&has_russia,118,0.0018819087655852873,0.001897051509608838,0.026652337481755432,0.5338983050847458,0.4406779661016949,long,0.5338983050847458,0.010914355889628543
has_deal&pre_action,46,0.0028419893854565183,0.00464366062111965,0.02790016420223659,0.5652173913043478,0.43478260869565216,long,0.5652173913043478,0.010894740333442237
has_relief&has_uppercase_phrase,41,0.0029911587143623664,0.0062304358520386405,0.03493885174609749,0.5609756097560976,0.4146341463414634,long,0.5609756097560976,0.010744231703040718
uppercase_phrase_heavy&short_posts,31,0.0037059031866006073,0.0035586654681636354,0.04572578311664357,0.5161290322580645,0.4838709677419355,long,0.5161290322580645,0.010649597777782233
has_attack&pre_deal,131,0.0018144819660783798,0.0016502922497667605,0.02469521244998809,0.5114503816793893,0.46564885496183206,long,0.5114503816793893,0.010621645705156542
pre_deal&lots_of_excl,160,0.001657944539869015,0.0017100886702082763,0.024878551361420243,0.50625,0.475,long,0.50625,0.010616833984957505
has_russia&uppercase_phrase_heavy,24,0.004666875056681498,-0.0025114792132567842,0.03518669610681487,0.4583333333333333,0.5416666666666666,long,0.4583333333333333,0.010478840700342659
attack_heavy&has_uppercase_phrase,149,0.0015044649820507867,0.0032258442136823273,0.023991308832657196,0.5637583892617449,0.4161073825503356,long,0.5637583892617449,0.01035304818743252
pre_tariff&has_exclamation,63,-0.00248986432513069,-0.0018382077033439748,0.022551517120098445,0.47619047619047616,0.5238095238095238,short,0.5238095238095238,0.01035188283263746
has_tariff&pre_tariff,63,-0.00248986432513069,-0.0018382077033439748,0.022551517120098445,0.47619047619047616,0.5238095238095238,short,0.5238095238095238,0.01035188283263746
pre_tariff,63,-0.00248986432513069,-0.0018382077033439748,0.022551517120098445,0.47619047619047616,0.5238095238095238,short,0.5238095238095238,0.01035188283263746
has_relief&exclamation_heavy,86,0.0021773728255291133,0.002236623138948346,0.03129387348013884,0.5116279069767442,0.46511627906976744,long,0.5116279069767442,0.010330854603282874
has_relief&has_night_post,86,0.0021773728255291133,0.002236623138948346,0.03129387348013884,0.5116279069767442,0.46511627906976744,long,0.5116279069767442,0.010330854603282874
lots_of_excl&tariff_only,48,0.002290592212001503,0.0059891443477312345,0.021634966156263934,0.6458333333333334,0.3541666666666667,long,0.6458333333333334,0.010249173734071143
has_russia&open_deal,34,0.0031411268453521908,0.004871930356422971,0.03717586010452189,0.5588235294117647,0.4411764705882353,long,0.5588235294117647,0.010235277384890005
has_russia&china_streak_3d,33,0.0029275968880085744,0.008633041045126966,0.0363003699032399,0.6060606060606061,0.3939393939393939,long,0.6060606060606061,0.010192584076954565
positive_heavy&has_china,246,0.001209189827433946,0.0032362743994992504,0.027841925931944057,0.5365853658536586,0.4268292682926829,long,0.5365853658536586,0.01017655683851348
has_tariff&has_action,42,-0.002996354237981188,-0.0018751462595192336,0.020824205928437197,0.47619047619047616,0.5238095238095238,short,0.5238095238095238,0.010171644925059386
has_night_post&high_emotion,39,-0.003340003773949456,0.0,0.03846016668548479,0.48717948717948717,0.48717948717948717,short,0.48717948717948717,0.010161744122466449
has_deal&pre_tariff,42,-0.0029792735143143495,-0.0017565944384410614,0.02280123856888191,0.47619047619047616,0.5238095238095238,short,0.5238095238095238,0.010113661441664848
pre_deal&has_night_post,162,0.0015468964221291251,0.0017746089123658049,0.024633561561054066,0.5123456790123457,0.47530864197530864,long,0.5123456790123457,0.010087459871122128
has_attack&pre_tariff,51,-0.0025651809951390313,-0.0031847507231695937,0.0229283558773018,0.45098039215686275,0.5490196078431373,short,0.5490196078431373,0.010057521206376943
posts_very_high&has_iran,55,-0.002659656313915079,-0.0016155169147361592,0.02532561187275086,0.4727272727272727,0.509090909090909,short,0.509090909090909,0.01004158355782982
has_relief&has_action,28,0.0034961323808099243,0.007398601441371611,0.03749017984262588,0.5357142857142857,0.4642857142857143,long,0.5357142857142857,0.009910603746624886
has_tariff&has_all_caps,41,0.0023343345282380496,0.005678144136635144,0.021850659214799374,0.6585365853658537,0.34146341463414637,long,0.6585365853658537,0.00984316872909782
has_uppercase_phrase&lots_of_excl,266,0.0011229581945838788,0.0017714352306054115,0.02823752290626677,0.5338345864661654,0.43609022556390975,long,0.5338345864661654,0.009777123808888727
deal_heavy&pre_tariff,26,-0.003559397738751635,-0.0017565944384410614,0.0242971478238608,0.46153846153846156,0.5384615384615384,short,0.5384615384615384,0.009772774591209872
has_night_post&china_streak_3d,70,0.0019870222693776076,0.004438867440881955,0.03259237365410629,0.5857142857142857,0.38571428571428573,long,0.5857142857142857,0.009737278041353143
has_market_brag&has_iran,27,-0.003891247527156441,0.0,0.02253953819726828,0.4444444444444444,0.48148148148148145,short,0.48148148148148145,0.009735322164911358
has_relief&has_positive,87,0.002030620639967547,0.0015576920886881673,0.03114149774898653,0.5057471264367817,0.47126436781609193,long,0.5057471264367817,0.009579036903082032
posts_high&has_action,136,0.001549124273160147,0.0016328610518522302,0.029983145485140188,0.5294117647058824,0.45588235294117646,long,0.5294117647058824,0.009564214358047775
posts_high&sig_potus,44,0.002263027543994113,0.004692096444841254,0.022936807842293013,0.6363636363636364,0.36363636363636365,long,0.6363636363636364,0.009552598686486507
attack_heavy&brag_heavy,27,-0.0034905944886241855,-0.001364394652056733,0.02117381184962248,0.48148148148148145,0.5185185185185185,short,0.5185185185185185,0.009404713115648654
has_night_post&uppercase_phrase_heavy,45,0.0027318677901799686,0.0015576920886881673,0.039505548794405335,0.5111111111111111,0.4888888888888889,long,0.5111111111111111,0.00936658452938963
uppercase_phrase_heavy,45,0.0027318677901799686,0.0015576920886881673,0.039505548794405335,0.5111111111111111,0.4888888888888889,long,0.5111111111111111,0.00936658452938963
uppercase_phrase_heavy&lots_of_excl,45,0.0027318677901799686,0.0015576920886881673,0.039505548794405335,0.5111111111111111,0.4888888888888889,long,0.5111111111111111,0.00936658452938963
has_uppercase_phrase&uppercase_phrase_heavy,45,0.0027318677901799686,0.0015576920886881673,0.039505548794405335,0.5111111111111111,0.4888888888888889,long,0.5111111111111111,0.00936658452938963
has_positive&uppercase_phrase_heavy,45,0.0027318677901799686,0.0015576920886881673,0.039505548794405335,0.5111111111111111,0.4888888888888889,long,0.5111111111111111,0.00936658452938963
uppercase_phrase_heavy&exclamation_heavy,45,0.0027318677901799686,0.0015576920886881673,0.039505548794405335,0.5111111111111111,0.4888888888888889,long,0.5111111111111111,0.00936658452938963
uppercase_phrase_heavy&has_exclamation,45,0.0027318677901799686,0.0015576920886881673,0.039505548794405335,0.5111111111111111,0.4888888888888889,long,0.5111111111111111,0.00936658452938963
has_tariff&deal_heavy,58,-0.0026396995871797255,0.0016194181656333795,0.02037778428096451,0.5344827586206896,0.46551724137931033,short,0.46551724137931033,0.009358457488574005
has_deal&china_streak_3d,36,0.002657825388891067,0.0027550204434191317,0.03379655310071325,0.5833333333333334,0.3888888888888889,long,0.5833333333333334,0.009302388861118734
has_tariff&pre_deal,55,-0.0025337370604796025,0.001769885090649792,0.020784202845146985,0.509090909090909,0.4909090909090909,short,0.4909090909090909,0.009224523959544184
has_relief,88,0.001964664097860563,0.0007788460443440837,0.030968187883506804,0.5,0.4772727272727273,long,0.5,0.009215091447364467
has_relief&has_exclamation,88,0.001964664097860563,0.0007788460443440837,0.030968187883506804,0.5,0.4772727272727273,long,0.5,0.009215091447364467
deal_heavy&pre_action,27,0.0029878192151784454,0.00536663241156643,0.03322797829910978,0.5925925925925926,0.4074074074074074,long,0.5925925925925926,0.009200097216923796
posts_very_high&has_relief,49,0.0024437993793816797,0.0029155541892085246,0.035584478624866446,0.5306122448979592,0.4489795918367347,long,0.5306122448979592,0.00907696912341767
posts_high&uppercase_phrase_heavy,42,0.0027977333082538254,9.66487183157172e-05,0.03980684595429121,0.5,0.5,long,0.5,0.009065692057045915
high_emotion&has_exclamation,39,-0.003263909014400261,0.008183270460796477,0.043494199723604715,0.5384615384615384,0.4358974358974359,short,0.4358974358974359,0.008884943319282822
has_china&uppercase_phrase_heavy,34,0.0030218636627606147,0.001977337380771771,0.03966663540557886,0.5,0.5,long,0.5,0.008810170825169083
has_positive&sig_potus,59,0.0019056626948824652,0.0032153858046841677,0.024099583693968158,0.5932203389830508,0.4067796610169492,long,0.5932203389830508,0.008683365283023554
has_action&has_china,88,0.0015900472931833184,0.005342850912583352,0.03063626793756504,0.5681818181818182,0.4090909090909091,long,0.5681818181818182,0.00847498054864957
has_deal&sig_potus,26,0.0030342429747246247,0.0024021983370021704,0.026345094495841635,0.5384615384615384,0.46153846153846156,long,0.5384615384615384,0.008330896073824519
positive_heavy&sig_potus,52,0.001989382247069127,0.001668159205105213,0.022278616365592103,0.5769230769230769,0.4230769230769231,long,0.5769230769230769,0.008276330421121738
has_market_brag&has_russia,57,0.0018720955391718587,0.0032735366902982843,0.02404465800980415,0.5789473684210527,0.40350877192982454,long,0.5789473684210527,0.008182848686595846
has_relief&has_attack,75,0.0019025721016150306,0.0,0.031226099255332308,0.49333333333333335,0.48,long,0.49333333333333335,0.008128533811148815
has_market_brag&lots_of_excl,155,-0.001307785108820679,0.0,0.024765487218972693,0.4838709677419355,0.4967741935483871,short,0.4967741935483871,0.008088374736408329
attack_heavy&pre_tariff,33,0.002725869835211954,0.0015576920886881673,0.022459878646504873,0.5151515151515151,0.48484848484848486,long,0.5151515151515151,0.008066721533018701
posts_very_high&uppercase_phrase_heavy,38,0.0027183308660653246,-0.0014745784240390303,0.0417177697025917,0.47368421052631576,0.5263157894736842,long,0.47368421052631576,0.007937486931541202
positive_heavy&pre_deal,144,0.001302728123836235,0.0017100886702082763,0.02521140643755814,0.5069444444444444,0.4791666666666667,long,0.5069444444444444,0.007924929420003763
has_attack&brag_heavy,33,-0.0024826306205005576,-0.002785806292300075,0.024260352795671927,0.45454545454545453,0.5454545454545454,short,0.5454545454545454,0.00777906934237038
posts_very_high&pre_tariff,26,-0.0026355952847815093,-0.0025114792132567842,0.022970893974056848,0.4230769230769231,0.5769230769230769,short,0.5769230769230769,0.007753241415596566
lots_of_excl&volume_drop,83,0.001589515118106194,0.0017241120726214643,0.02530159622109636,0.5301204819277109,0.4578313253012048,long,0.5301204819277109,0.0076767658299794735
has_tariff&open_deal,21,-0.0039039625359639915,0.004424791299245667,0.024070995472237518,0.5714285714285714,0.42857142857142855,short,0.42857142857142855,0.00766723021342575
has_all_caps&uppercase_phrase_heavy,37,0.0024123679132651114,0.0015576920886881673,0.040831309851771955,0.5135135135135135,0.4864864864864865,long,0.5135135135135135,0.007535225997025723
deal_heavy&has_market_brag,36,-0.0023663390830221615,-0.0016013011777003539,0.020350996915622137,0.4722222222222222,0.5277777777777778,short,0.5277777777777778,0.0074934070962368446
has_positive&has_market_brag,160,-0.00118852149232185,0.0,0.024832168316954544,0.48125,0.49375,short,0.49375,0.007422909053503758
sig_potus&has_exclamation,62,0.0016187687999394138,0.0024667865910523723,0.023619333173816124,0.5806451612903226,0.41935483870967744,long,0.5806451612903226,0.007401018354345055
sig_potus,62,0.0016187687999394138,0.0024667865910523723,0.023619333173816124,0.5806451612903226,0.41935483870967744,long,0.5806451612903226,0.007401018354345055
posts_low&has_night_post,94,0.0014054581126874198,0.004849365670419825,0.0413143238658749,0.5425531914893617,0.44680851063829785,long,0.5425531914893617,0.00739305872657821
attack_heavy&open_deal,45,0.00164704788343674,0.005319069413600275,0.02424426042779828,0.6666666666666666,0.3333333333333333,long,0.6666666666666666,0.007365822059123402
has_market_brag&exclamation_heavy,162,-0.0011715277379245486,0.0,0.024615929588996617,0.48148148148148145,0.49382716049382713,short,0.49382716049382713,0.007363512958529642
has_iran&has_all_caps,25,-0.003671828753022934,0.0015872776536414168,0.03045467134763239,0.56,0.4,short,0.4,0.007343657506045868
has_night_post&volume_spike,140,0.0011492213085794853,0.0045381380814384364,0.034994962006169444,0.5357142857142857,0.44285714285714284,long,0.5357142857142857,0.007284519589279691
posts_very_high&has_uppercase_phrase,139,0.0011564407412412135,0.0015576920886881673,0.029365779799406088,0.5251798561151079,0.45323741007194246,long,0.5251798561151079,0.007160425712227388
deal_only&volume_drop,28,0.0024961105895996505,0.0028831769134944896,0.026311793558304493,0.5357142857142857,0.42857142857142855,long,0.5357142857142857,0.007075808426780876
has_tariff&short_posts,40,0.001747359833609749,0.0018420522439001052,0.021709523123125678,0.625,0.375,long,0.625,0.006907046207624557
has_tariff&attack_heavy,72,0.00133353184626401,0.0017761590523214243,0.0195453739746875,0.5972222222222222,0.4027777777777778,long,0.5972222222222222,0.006757804115187401
has_exclamation&volume_spike,140,0.0010445107832101547,0.005014221558792609,0.03587561226086123,0.5428571428571428,0.4357142857142857,long,0.5428571428571428,0.006709072767303068
positive_heavy&has_market_brag,136,-0.001139018363371271,0.0,0.024765921854845097,0.47794117647058826,0.49264705882352944,short,0.49264705882352944,0.006543891265278551
has_night_post&sig_potus,61,0.0014392842107680793,0.001718187377420577,0.0237726771776582,0.5737704918032787,0.4262295081967213,long,0.5737704918032787,0.006449851088919893
has_russia&has_uppercase_phrase,116,0.0011364189982327867,0.0016053241098835658,0.027614907389036637,0.5258620689655172,0.4396551724137931,long,0.5258620689655172,0.006436345160723746
has_iran&has_russia,57,0.0016536246451252367,0.0015576920886881673,0.024324655041105765,0.5087719298245614,0.43859649122807015,long,0.5087719298245614,0.0063518101118348715
posts_high&pre_tariff,43,-0.0017113481710997055,-0.0018382077033439748,0.023125075810451173,0.46511627906976744,0.5348837209302325,short,0.5348837209302325,0.006002497436982524
has_relief&has_china,35,-0.0022160853102087216,0.0,0.03061612882886778,0.4857142857142857,0.45714285714285713,short,0.45714285714285713,0.00599338857204565
has_relief&positive_heavy,81,0.0013417147026796937,0.0,0.03184751470755191,0.49382716049382713,0.48148148148148145,long,0.49382716049382713,0.005963176456354194
posts_very_high&open_tariff,21,0.001909002277156788,0.00692045828451171,0.025323230283446112,0.6666666666666666,0.3333333333333333,long,0.6666666666666666,0.005832098291276032
has_tariff&has_russia,64,0.0012717640262089568,0.001732321425581107,0.02059071640540573,0.5625,0.4375,long,0.5625,0.005722938117940305
has_relief&lots_of_excl,83,0.001247056006285083,0.0,0.03124864350043684,0.4939759036144578,0.4819277108433735,long,0.4939759036144578,0.005612169367518812
has_relief&attack_heavy,47,0.0015367532900380663,0.0029155541892085246,0.028013406951780555,0.5319148936170213,0.425531914893617,long,0.5319148936170213,0.0056039626396441
posts_low&has_attack,27,0.0019125370580881126,0.0025806438039630564,0.021753635056941573,0.5555555555555556,0.4074074074074074,long,0.5555555555555556,0.005521018926611534
attack_heavy&uppercase_phrase_heavy,35,-0.0016908442864903466,-0.0015847621960213276,0.0312589962514381,0.45714285714285713,0.5428571428571428,short,0.5428571428571428,0.0054302921226807325
posts_low&volume_spike,38,-0.0019210809175808261,0.011851816194055287,0.05601324197402596,0.5263157894736842,0.4473684210526316,short,0.4473684210526316,0.005297888101471565
has_tariff&volume_spike,38,-0.0015516780351083994,-0.0025114792132567842,0.02071728704096635,0.4473684210526316,0.5526315789473685,short,0.5526315789473685,0.00528602373584615
posts_low&high_emotion,58,0.0012542560113461268,0.007746299901548737,0.041913765417333985,0.5344827586206896,0.46551724137931033,long,0.5344827586206896,0.005105448365024431
posts_very_high&pre_action,47,-0.0014997717267580504,0.002773994597448981,0.03238419151161915,0.5106382978723404,0.48936170212765956,short,0.48936170212765956,0.0050315763739639495
has_russia&pre_action,33,0.001577400146522368,0.00536663241156643,0.03167984708131605,0.5454545454545454,0.45454545454545453,long,0.5454545454545454,0.004942622160194186
brag_heavy&has_china,20,-0.002207185533916728,0.0020011188797548485,0.02205871611793332,0.5,0.5,short,0.5,0.004935416892791972
has_attack&open_tariff,28,-0.0019960399096763076,0.003546027392080653,0.024059095051387726,0.5357142857142857,0.4642857142857143,short,0.4642857142857143,0.0049038091216802426
attack_heavy&has_iran,51,-0.0014879537584875718,0.0012870006118268495,0.019609132941397583,0.5098039215686274,0.45098039215686275,short,0.45098039215686275,0.0047921696321189715
has_tariff&positive_heavy,117,-0.0009566045597162434,0.001769885090649792,0.02001846408423728,0.5470085470085471,0.452991452991453,short,0.452991452991453,0.0046872205100301845
sig_potus&has_all_caps,20,-0.0023074783180724702,0.0008176084134839945,0.024862056341650535,0.55,0.45,short,0.45,0.004643710538235233
pre_deal&volume_spike,46,0.001289443943166131,0.0045114517243842744,0.020916012149449156,0.5217391304347826,0.4782608695652174,long,0.5217391304347826,0.0045628352959799605
high_emotion&short_posts,58,-0.001195819033801839,0.0017907458493500727,0.04168508333561276,0.5,0.5,short,0.5,0.004553543218554105
pre_tariff&volume_spike,22,-0.0015197794951850383,-0.003423898495651889,0.022522505471314746,0.36363636363636365,0.6363636363636364,short,0.6363636363636364,0.004536253079064254
has_market_brag,165,-0.0007162315534174161,0.0,0.024779706002264815,0.48484848484848486,0.4909090909090909,short,0.4909090909090909,0.0045164426156960695
has_market_brag&has_exclamation,165,-0.0007162315534174161,0.0,0.024779706002264815,0.48484848484848486,0.4909090909090909,short,0.4909090909090909,0.0045164426156960695
pre_action&volume_spike,31,0.0015293973012456114,0.0016127659726254961,0.035177309192347204,0.5161290322580645,0.4838709677419355,long,0.5161290322580645,0.004395005827346439
has_tariff&lots_of_excl,132,-0.0008645258048974877,0.0017714352306054115,0.020540030382953475,0.5606060606060606,0.4393939393939394,short,0.4393939393939394,0.0043643441432632615
pre_action&has_all_caps,30,-0.0014925779142712313,-0.0029406662222513646,0.03669154992782408,0.4666666666666667,0.5333333333333333,short,0.5333333333333333,0.004360099159895282
has_exclamation&china_streak_3d,77,0.0008683934830098116,0.0032258442136823273,0.033622674075842726,0.5714285714285714,0.4025974025974026,long,0.5714285714285714,0.004354355364374001
china_streak_3d,77,0.0008683934830098116,0.0032258442136823273,0.033622674075842726,0.5714285714285714,0.4025974025974026,long,0.5714285714285714,0.004354355364374001
has_tariff&has_night_post,129,-0.0008243684572753274,0.0017241120726214643,0.019893311312344775,0.5426356589147286,0.4573643410852713,short,0.4573643410852713,0.004282314136590478
open_tariff&has_night_post,28,-0.0016972272503440228,0.003546027392080653,0.024297447072094823,0.5357142857142857,0.4642857142857143,short,0.4642857142857143,0.00416969542114566
positive_heavy&open_tariff,27,-0.001712295818243051,0.005319069413600275,0.02476016385345576,0.5555555555555556,0.4444444444444444,short,0.4444444444444444,0.003954377806379584
has_tariff&has_uppercase_phrase,58,0.0008700053040514252,0.003098888334903349,0.019173655074808015,0.5862068965517241,0.41379310344827586,long,0.5862068965517241,0.0038840679634970527
attack_heavy&has_all_caps,102,0.0006681763073288232,0.0017058842545111252,0.02345235769015062,0.5490196078431373,0.43137254901960786,long,0.5490196078431373,0.0037049215222704247
has_market_brag&deal_only,51,0.0010976979792208252,-0.0013888122027796435,0.025347646884485868,0.47058823529411764,0.5294117647058824,long,0.47058823529411764,0.003689003084593713
pre_deal&has_all_caps,45,-0.0010283429435268227,-0.0019304318543122978,0.021739732217758018,0.4444444444444444,0.5333333333333333,short,0.5333333333333333,0.0036791115614531245
pre_tariff&pre_deal,32,-0.0012097949489672279,-0.0017565944384410614,0.02300318770313112,0.46875,0.53125,short,0.53125,0.0036356804021048304
pre_tariff&tariff_only,21,-0.0015110459467633705,-0.0036630462681341847,0.022567079930711414,0.47619047619047616,0.5238095238095238,short,0.5238095238095238,0.0036271098440758542
has_tariff&deal_over_tariff,44,-0.0013978303162630954,0.004695843006493172,0.021843175710322023,0.6136363636363636,0.38636363636363635,short,0.38636363636363635,0.003582424434258395
has_attack&pre_action,60,-0.0009247189947790743,0.0010650220626475249,0.03085489056167326,0.5,0.5,short,0.5,0.003581421266701018
posts_high&pre_deal,116,0.0006379198048991964,0.0017746089123658049,0.025429013220581605,0.5172413793103449,0.46551724137931033,long,0.5172413793103449,0.0035537620170178565
has_attack&has_market_brag,130,0.0005939293081193419,0.0015879115607390082,0.025565287465937586,0.5153846153846153,0.46153846153846156,long,0.5153846153846153,0.003490100099336546
open_deal&volume_spike,25,0.0011539201236153529,0.00536663241156643,0.03307012762762926,0.6,0.4,long,0.6,0.0034617603708460586
posts_very_high&sig_potus,31,-0.0014769139256486483,0.0015576920886881673,0.022233329535736666,0.5806451612903226,0.41935483870967744,short,0.41935483870967744,0.0034484004318877776
has_tariff&has_positive,137,-0.0006835220173685495,0.0017793327340818177,0.02033893324796377,0.5693430656934306,0.4306569343065693,short,0.4306569343065693,0.0034454363915652915
has_relief&has_all_caps,25,-0.0013885491872132904,0.0015576920886881673,0.03784930176602654,0.52,0.48,short,0.48,0.0033325180493118966
has_russia&sig_potus,36,0.0009404332943961091,0.0015879115607390082,0.023658298551371807,0.5833333333333334,0.4166666666666667,long,0.5833333333333334,0.003291516530386382
posts_low&exclamation_heavy,35,-0.0012609539539074684,0.001639253637217175,0.01630141545614742,0.5142857142857142,0.42857142857142855,short,0.42857142857142855,0.003197101797484928
has_market_brag&has_night_post,146,-0.0005400978674078514,0.0,0.025216382025461427,0.4931506849315068,0.4863013698630137,short,0.4863013698630137,0.0031736160459670633
deal_heavy&pre_relief,20,-0.0012643633318464853,-0.005174011993736682,0.028107023988630925,0.45,0.55,short,0.55,0.0031099225940935528
posts_very_high&pre_deal,75,-0.0007189265977213876,0.0016502922497667605,0.0243600951197114,0.5066666666666667,0.49333333333333335,short,0.49333333333333335,0.003071536238942985
has_relief&pre_deal,29,-0.0010725101535812528,-0.002770081734066121,0.03094679725860966,0.4827586206896552,0.5172413793103449,short,0.5172413793103449,0.0029874020350138886
attack_heavy&pre_action,45,-0.0009005512198148515,0.0039682518286390245,0.02944168066305273,0.5111111111111111,0.4888888888888889,short,0.4888888888888889,0.0029534174922653334
open_tariff&exclamation_heavy,29,-0.0012053460093186836,0.005319069413600275,0.024006205532599204,0.5517241379310345,0.4482758620689655,short,0.4482758620689655,0.002909752752670307
open_tariff&has_exclamation,29,-0.0012053460093186836,0.005319069413600275,0.024006205532599204,0.5517241379310345,0.4482758620689655,short,0.4482758620689655,0.002909752752670307
has_tariff&open_tariff,29,-0.0012053460093186836,0.005319069413600275,0.024006205532599204,0.5517241379310345,0.4482758620689655,short,0.4482758620689655,0.002909752752670307
open_tariff,29,-0.0012053460093186836,0.005319069413600275,0.024006205532599204,0.5517241379310345,0.4482758620689655,short,0.4482758620689655,0.002909752752670307
has_deal&volume_drop,32,0.0009495400577405368,0.0021810017757336597,0.025971406681790585,0.53125,0.4375,long,0.53125,0.0028535614088055477
posts_high&has_market_brag,103,-0.000592389805529953,0.0017793327340818177,0.026232790294027593,0.5242718446601942,0.46601941747572817,short,0.46601941747572817,0.0028017552934786302
pre_tariff&deal_over_tariff,20,-0.0013775850865021034,0.0016637885896689797,0.02557485935451873,0.55,0.45,short,0.45,0.002772336508387768
open_tariff&lots_of_excl,28,-0.0012023092268989843,0.005342850912583352,0.02444671743908354,0.5714285714285714,0.42857142857142855,short,0.42857142857142855,0.002726581040034036
has_positive&open_tariff,28,-0.0012023092268989843,0.005342850912583352,0.02444671743908354,0.5714285714285714,0.42857142857142855,short,0.42857142857142855,0.002726581040034036
has_tariff&has_exclamation,139,-0.000517267741673069,0.0017793327340818177,0.020291071119948982,0.5683453237410072,0.4316546762589928,short,0.4316546762589928,0.0026324446330059357
has_tariff,139,-0.000517267741673069,0.0017793327340818177,0.020291071119948982,0.5683453237410072,0.4316546762589928,short,0.4316546762589928,0.0026324446330059357
sig_potus&has_uppercase_phrase,32,-0.0011324682981420364,0.0016379397330543721,0.02087342816359789,0.59375,0.40625,short,0.40625,0.0026025220425588244
short_posts&volume_spike,92,-0.0005534897889551258,0.0006336809445989244,0.04346526949468618,0.5,0.4673913043478261,short,0.4673913043478261,0.002481327879156869
deal_over_tariff&volume_drop,29,0.0008706258335694035,0.0027360462893892823,0.027280192925097375,0.5172413793103449,0.4482758620689655,long,0.5172413793103449,0.002425067378855221
pre_tariff&has_uppercase_phrase,26,-0.0007356323708607342,-0.0025114792132567842,0.020581427605396743,0.46153846153846156,0.5384615384615384,short,0.5384615384615384,0.0020197712843804502
exclamation_heavy&china_streak_3d,73,0.00040410431188989696,0.0035586654681636354,0.03410069535472655,0.5753424657534246,0.410958904109589,long,0.5753424657534246,0.001986466954520852
has_deal&pre_relief,26,-0.0007102284723931424,-0.0029774162286178574,0.024917048219618074,0.46153846153846156,0.5384615384615384,short,0.5384615384615384,0.0019500216829917533
has_tariff&has_attack,113,0.0003062794121128549,0.001772985370561031,0.02004884593297552,0.5663716814159292,0.4336283185840708,long,0.5663716814159292,0.0018439899809972644
has_china&pre_tariff,38,-0.0005669993411567118,-0.0017565944384410614,0.02319790070102662,0.47368421052631576,0.5263157894736842,short,0.5263157894736842,0.0018395887780529568
has_iran&volume_spike,38,-0.0006348420271773082,0.00486676743522918,0.02982384591696704,0.5263157894736842,0.4473684210526316,short,0.4473684210526316,0.0017507445893180308
has_tariff&exclamation_heavy,136,-0.0003454608353161366,0.0017761590523214243,0.01953422726168137,0.5661764705882353,0.4338235294117647,short,0.4338235294117647,0.001747758312126567
has_russia&pre_tariff,32,0.0006132054941044747,-5.86445424249904e-05,0.02295809687193771,0.5,0.5,long,0.5,0.0017344070525684863
posts_high&open_tariff,25,-0.0007933711916217412,0.00536663241156643,0.025045722635892605,0.6,0.4,short,0.4,0.0015867423832434824
has_action&pre_deal,53,0.0003716134670711587,0.005319069413600275,0.024091378686464892,0.5660377358490566,0.4339622641509434,long,0.5660377358490566,0.001531351062234658
has_china&pre_deal,84,0.00027405527120425804,0.004902808998305752,0.021438941956557094,0.5714285714285714,0.42857142857142855,long,0.5714285714285714,0.0014352903141659015
has_china&pre_action,46,0.0003705292397602152,0.005342850912583352,0.031074390417541994,0.5652173913043478,0.43478260869565216,long,0.5652173913043478,0.0014204204539936581
has_positive&china_streak_3d,75,0.0002774263432692677,0.0032258442136823273,0.033661196037698106,0.5733333333333334,0.41333333333333333,long,0.5733333333333334,0.0013774806961145253
attack_heavy&open_tariff,22,-0.0006952736550164414,0.005342850912583352,0.023471825149104578,0.5909090909090909,0.4090909090909091,short,0.4090909090909091,0.0013340955718142
posts_high&has_tariff,94,0.00021664023459847502,0.0017761590523214243,0.020275411191444263,0.574468085106383,0.425531914893617,long,0.574468085106383,0.0012066156401005252
has_market_brag&has_all_caps,54,-0.00034260772473500956,0.0016339203402252478,0.02841081148381309,0.5370370370370371,0.42592592592592593,short,0.42592592592592593,0.001072329137407991
has_market_brag&deal_over_tariff,67,0.00026473975713448337,-0.001364394652056733,0.024459125906531567,0.4925373134328358,0.5074626865671642,long,0.4925373134328358,0.0010673225979287199
has_market_brag&pre_deal,39,0.00036449818754197424,-0.002770081734066121,0.02106315503684353,0.46153846153846156,0.5384615384615384,long,0.46153846153846156,0.0010505955930551413
pre_deal&has_uppercase_phrase,69,-0.0002553940207252699,0.001769885090649792,0.02278233829958637,0.5072463768115942,0.4927536231884058,short,0.4927536231884058,0.001045358119972552
sig_potus&short_posts,30,-0.00047641421160083596,0.0024824459813683752,0.02509540886403153,0.6,0.4,short,0.4,0.001043771241639269
posts_very_high&has_market_brag,61,-0.0002938779035231968,0.0017793327340818177,0.027163679996539715,0.5409836065573771,0.4426229508196721,short,0.4426229508196721,0.0010159346659049297
posts_very_high&has_tariff,59,-0.0002972438270500826,0.001769885090649792,0.021112687749424472,0.559322033898305,0.4406779661016949,short,0.4406779661016949,0.0010061441036249878
has_deal&has_market_brag,76,0.0001954848959535542,-0.0013766034274181882,0.023300273649731865,0.4868421052631579,0.5131578947368421,long,0.4868421052631579,0.0008296752510172084
lots_of_excl&china_streak_3d,72,0.00014046464032933033,0.0033922548409229814,0.034265001159807865,0.5694444444444444,0.4166666666666667,long,0.5694444444444444,0.000678710581240959
high_emotion,68,0.0001575991822498036,0.006665685134361832,0.039409603996504596,0.5147058823529411,0.47058823529411764,long,0.5147058823529411,0.0006689097830129936
has_market_brag&has_china,72,0.00014871520856293995,0.0018420522439001052,0.028088506383106386,0.5277777777777778,0.4583333333333333,long,0.5277777777777778,0.0006659977054560348
has_action&has_iran,37,-0.000220816468086282,0.0,0.028368648313988495,0.4864864864864865,0.4864864864864865,short,0.4864864864864865,0.0006534360672071492
pre_deal&pre_action,33,0.00018098550226614837,0.00536663241156643,0.02546524319266453,0.5757575757575758,0.42424242424242425,long,0.5757575757575758,0.0005986051079326592
attack_heavy&has_market_brag,76,0.00011766774634031523,0.0016419035818888705,0.024838273797105244,0.5394736842105263,0.4473684210526316,long,0.5394736842105263,0.0005533940637809498
has_tariff&has_china,84,8.406406992872164e-05,0.00184363807811605,0.02000470654114002,0.5595238095238095,0.44047619047619047,long,0.5595238095238095,0.0004310906736356693
positive_heavy&china_streak_3d,67,8.261107033123446e-05,0.0035586654681636354,0.03436146823363901,0.582089552238806,0.40298507462686567,long,0.582089552238806,0.0003936093938418161
has_china&sig_potus,27,0.00012348834249452945,0.005319069413600275,0.022941650550451748,0.5925925925925926,0.4074074074074074,long,0.5925925925925926,0.0003802454814986521
pre_relief&deal_over_tariff,25,0.0001457187773583657,-0.002770081734066121,0.025037690420425116,0.48,0.52,long,0.48,0.00034972506566007764
has_market_brag&short_posts,80,-7.22894919395825e-05,-0.0013078700870516324,0.02626357613244803,0.475,0.5125,short,0.5125,0.00033137064697345066
attack_heavy&sig_potus,33,-3.08045635307057e-05,0.001618131032789849,0.020770357875824663,0.6060606060606061,0.3939393939393939,short,0.3939393939393939,6.971102075812711e-05
has_action&china_streak_3d,22,-3.844625788495587e-05,0.00551131779375158,0.02732863139684739,0.6363636363636364,0.36363636363636365,short,0.36363636363636365,6.557415777812103e-05
has_tariff&has_market_brag,35,-1.1643242314424944e-05,0.0017793327340818177,0.01880627323404337,0.5714285714285714,0.42857142857142855,short,0.42857142857142855,2.952100734261403e-05
