event,n,mean_ret,median_ret,std,hit_up,hit_down,direction,directional_hit,score
posts_low&silence_day,224,0.05672657280722776,0.04747109277497763,0.09801034496274327,0.7009345794392523,0.29439252336448596,long,0.7009345794392523,0.5950973836557015
silence_day,224,0.05672657280722776,0.04747109277497763,0.09801034496274327,0.7009345794392523,0.29439252336448596,long,0.7009345794392523,0.5950973836557015
posts_low,403,0.036375248737895556,0.023936261053554952,0.09327726100461498,0.6157760814249363,0.37404580152671757,long,0.6157760814249363,0.44965695007960393
silence_day&volume_drop,146,0.05074546246827569,0.027011938085248155,0.1031469595179209,0.6575342465753424,0.3356164383561644,long,0.6575342465753424,0.40317353816251594
posts_low&volume_drop,215,0.03935762591492091,0.022587268993839782,0.09287528940941987,0.6139534883720931,0.3767441860465116,long,0.6139534883720931,0.3543101507744367
volume_drop,312,0.029279171491447153,0.021336459505916006,0.08516775168731554,0.592948717948718,0.3974358974358974,long,0.592948717948718,0.3066572344915578
positive_heavy&uppercase_phrase_heavy,39,0.04482589130195294,0.03703710463730392,0.07007713654132695,0.7435897435897436,0.23076923076923078,long,0.7435897435897436,0.2081587292886279
has_action&has_attack,149,0.02358084813695292,0.01981654280652778,0.06685488309161064,0.6308724832214765,0.348993288590604,long,0.6308724832214765,0.1815909249630155
has_action&has_all_caps,54,0.03495234709191417,0.03624364726690321,0.0715247146010901,0.6851851851851852,0.3148148148148148,long,0.6851851851851852,0.1759872433583403
has_attack&pre_action,59,0.03337578098313494,0.03099508295419562,0.06424100341959407,0.6610169491525424,0.3050847457627119,long,0.6610169491525424,0.16946110659382432
has_action,189,0.020079191655876676,0.018249028661702527,0.06496202988875108,0.6084656084656085,0.37566137566137564,long,0.6084656084656085,0.16796282223026612
attack_heavy&pre_action,43,0.03749093912819934,0.04166676902161415,0.06333115169448389,0.6744186046511628,0.27906976744186046,long,0.6744186046511628,0.1658021239068361
has_action&has_exclamation,187,0.02000223624638369,0.018249028661702527,0.06529518615520413,0.6042780748663101,0.37967914438502676,long,0.6042780748663101,0.16528604680277914
has_action&has_positive,182,0.020009614426706752,0.017395180640699337,0.06587386115582977,0.6043956043956044,0.3791208791208791,long,0.6043956043956044,0.1631532432249334
has_action&lots_of_excl,175,0.019941592198958216,0.019061873374544014,0.06459477690095085,0.6171428571428571,0.3657142857142857,long,0.6171428571428571,0.16280380914719383
has_attack&has_all_caps,147,0.022344330735887413,0.026016265661863658,0.06943490013582876,0.5986394557823129,0.3945578231292517,long,0.5986394557823129,0.16217778173427758
has_positive&pre_action,80,0.02844002307268039,0.027445576097184787,0.060358322866073615,0.6375,0.3375,long,0.6375,0.16216425342404828
pre_action,85,0.027656355700378017,0.027259579365846554,0.05933674838994543,0.6352941176470588,0.3411764705882353,long,0.6352941176470588,0.1619866593993223
has_action&pre_action,85,0.027656355700378017,0.027259579365846554,0.05933674838994543,0.6352941176470588,0.3411764705882353,long,0.6352941176470588,0.1619866593993223
positive_heavy&pre_action,69,0.029134969534508393,0.03099508295419562,0.060809834173953956,0.6666666666666666,0.30434782608695654,long,0.6666666666666666,0.1613421554538257
has_action&uppercase_phrase_heavy,27,0.044085157918384334,0.044292930239506756,0.06415822657923637,0.7037037037037037,0.25925925925925924,long,0.7037037037037037,0.16119965934582692
has_action&has_night_post,185,0.019465067315668997,0.016541332619696147,0.06478237315094404,0.6054054054054054,0.3783783783783784,long,0.6054054054054054,0.16028322363782527
posts_very_high&pre_action,43,0.03732717011213222,0.044292930239506756,0.0642622583141968,0.6511627906976745,0.3023255813953488,long,0.6511627906976745,0.15938552214653864
pre_action&has_night_post,84,0.02752417261768532,0.023538061086187168,0.059680537371044604,0.6309523809523809,0.34523809523809523,long,0.6309523809523809,0.15916607229674787
has_attack&uppercase_phrase_heavy,43,0.03475462870854804,0.03316739474730945,0.06133685873842041,0.6976744186046512,0.27906976744186046,long,0.6976744186046512,0.15900093571482224
pre_action&has_exclamation,83,0.027665556501749282,0.027259579365846554,0.060029185663734,0.6265060240963856,0.3493975903614458,long,0.6265060240963856,0.15790784550410877
has_china&uppercase_phrase_heavy,36,0.03726105858443232,0.029908562533702776,0.06196778439420118,0.6944444444444444,0.2777777777777778,long,0.6944444444444444,0.155254410768468
pre_action&exclamation_heavy,79,0.02758568987984866,0.027259579365846554,0.06033858934106002,0.6329113924050633,0.34177215189873417,long,0.6329113924050633,0.15518162961257595
has_action&exclamation_heavy,181,0.019047226763716726,0.016541332619696147,0.06525346983006715,0.6022099447513812,0.3812154696132597,long,0.6022099447513812,0.1543188444972717
pre_action&has_all_caps,28,0.04281507684571719,0.04927454046640467,0.06692293137051136,0.6785714285714286,0.32142857142857145,long,0.6785714285714286,0.15373449058999014
uppercase_phrase_heavy&lots_of_excl,48,0.03321458000927317,0.02633299799097988,0.07018572021899533,0.6666666666666666,0.3125,long,0.6666666666666666,0.1534115736749938
uppercase_phrase_heavy&exclamation_heavy,48,0.03321458000927317,0.02633299799097988,0.07018572021899533,0.6666666666666666,0.3125,long,0.6666666666666666,0.1534115736749938
has_uppercase_phrase&uppercase_phrase_heavy,48,0.03321458000927317,0.02633299799097988,0.07018572021899533,0.6666666666666666,0.3125,long,0.6666666666666666,0.1534115736749938
uppercase_phrase_heavy&has_exclamation,48,0.03321458000927317,0.02633299799097988,0.07018572021899533,0.6666666666666666,0.3125,long,0.6666666666666666,0.1534115736749938
uppercase_phrase_heavy,48,0.03321458000927317,0.02633299799097988,0.07018572021899533,0.6666666666666666,0.3125,long,0.6666666666666666,0.1534115736749938
has_night_post&uppercase_phrase_heavy,48,0.03321458000927317,0.02633299799097988,0.07018572021899533,0.6666666666666666,0.3125,long,0.6666666666666666,0.1534115736749938
has_positive&uppercase_phrase_heavy,48,0.03321458000927317,0.02633299799097988,0.07018572021899533,0.6666666666666666,0.3125,long,0.6666666666666666,0.1534115736749938
pre_action&lots_of_excl,76,0.027234502455099268,0.027445576097184787,0.05905586200905336,0.6447368421052632,0.32894736842105265,long,0.6447368421052632,0.15307657249973727
pre_action&has_uppercase_phrase,42,0.03534833201437644,0.03513255227263545,0.06312126493263093,0.6666666666666666,0.2857142857142857,long,0.6666666666666666,0.15272224927093525
has_russia&pre_action,32,0.03730929822251325,0.04067473122489229,0.05111503511465852,0.71875,0.25,long,0.71875,0.15169453220308934
has_action&short_posts,104,0.023797167487430913,0.024862694185096013,0.06943915127569777,0.6153846153846154,0.375,long,0.6153846153846154,0.149344272475872
has_action&attack_heavy,103,0.024013348262129246,0.019471624680375665,0.06159185317729072,0.6116504854368932,0.3592233009708738,long,0.6116504854368932,0.14906464718941903
has_action&positive_heavy,153,0.019508655692674556,0.016541332619696147,0.06712851326029859,0.6143790849673203,0.3660130718954248,long,0.6143790849673203,0.14825504539729842
posts_high&uppercase_phrase_heavy,44,0.03228735179963859,0.029908562533702776,0.062488054643226223,0.6818181818181818,0.29545454545454547,long,0.6818181818181818,0.1460250428094646
has_relief&deal_only,33,0.03607740266006147,0.025641047320808186,0.08713938602043719,0.696969696969697,0.30303030303030304,long,0.696969696969697,0.14444620282476728
pre_action&volume_spike,31,0.03988286667902636,0.03333338012416642,0.06103985313698072,0.6451612903225806,0.2903225806451613,long,0.6451612903225806,0.14326348631160252
posts_very_high&has_action,95,0.024095856376243056,0.027259579365846554,0.07047258000249612,0.6,0.3684210526315789,long,0.6,0.14091441399677687
has_all_caps&volume_spike,49,0.029877977022663656,0.03555557011270194,0.06850431545180799,0.673469387755102,0.30612244897959184,long,0.673469387755102,0.1408533202497001
posts_high&pre_action,61,0.028193620725064882,0.027259579365846554,0.06295574190128386,0.639344262295082,0.32786885245901637,long,0.639344262295082,0.14078310603430086
has_action&has_china,90,0.025176906359787764,0.01926674902745984,0.07072677145011466,0.5888888888888889,0.37777777777777777,long,0.5888888888888889,0.1406555844095509
has_china&has_all_caps,90,0.023665107170243466,0.02582862420252907,0.07082447371995572,0.6222222222222222,0.36666666666666664,long,0.6222222222222222,0.13969319416257603
has_action&has_uppercase_phrase,91,0.02310587976154568,0.024999934721539052,0.07090022161624016,0.6263736263736264,0.3516483516483517,long,0.6263736263736264,0.13806279734094468
posts_very_high&uppercase_phrase_heavy,38,0.033742175328085565,0.02633299799097988,0.06482160798127178,0.6578947368421053,0.3157894736842105,long,0.6578947368421053,0.13684259084413483
uppercase_phrase_heavy&volume_spike,23,0.04042783802513059,0.026016265661863658,0.07385188009762009,0.6956521739130435,0.2608695652173913,long,0.6956521739130435,0.1348765913184709
has_action&volume_spike,61,0.027484270390539633,0.02763157282852302,0.06565519675801192,0.6229508196721312,0.3442622950819672,long,0.6229508196721312,0.1337220086653973
has_night_post&has_exclamation,801,0.008695281641277235,0.006837669748352537,0.06595670889814854,0.5418227215980025,0.4444444444444444,long,0.5418227215980025,0.13333897886408158
posts_high&has_action,135,0.018660144141929222,0.016541332619696147,0.06743484506380215,0.6,0.37777777777777777,long,0.6,0.13008676949913917
has_china&pre_action,45,0.03230939385485266,0.03099508295419562,0.06823217190947152,0.6,0.35555555555555557,long,0.6,0.13004280174827615
has_action&open_deal,29,0.03680627590501717,0.03333338012416642,0.07242749840279882,0.6551724137931034,0.27586206896551724,long,0.6551724137931034,0.12986032317318072
has_all_caps&lots_of_excl,173,0.016822347349009514,0.017741003808138256,0.06926665704688595,0.5780346820809249,0.4161849710982659,long,0.5780346820809249,0.12789793852160689
has_night_post,827,0.008191368821449387,0.006535959817310699,0.06641011808241319,0.5380894800483675,0.4486094316807739,long,0.5380894800483675,0.12675460229353525
has_all_caps&exclamation_heavy,178,0.016611635594761365,0.01351016640603131,0.06860561694483615,0.5674157303370787,0.42696629213483145,long,0.5674157303370787,0.1257545675716851
has_positive&short_posts,423,0.010684004928703143,0.010243341290848473,0.065152781203132,0.5673758865248227,0.425531914893617,long,0.5673758865248227,0.1246737830470998
pre_action&short_posts,51,0.029550635716645686,0.016172673443312524,0.06882611295217209,0.5882352941176471,0.39215686274509803,long,0.5882352941176471,0.12413749999315721
exclamation_heavy&short_posts,412,0.010713938249692035,0.010361170741607473,0.06656454159485174,0.5703883495145631,0.42475728155339804,long,0.5703883495145631,0.12404189524192388
short_posts,533,0.009686409812768089,0.008219037073594837,0.07081571110381471,0.551594746716698,0.44090056285178236,long,0.551594746716698,0.12335210500681286
positive_heavy&has_all_caps,149,0.0170600738687442,0.018249028661702527,0.06862807016733719,0.5906040268456376,0.40268456375838924,long,0.5906040268456376,0.12299018230125447
has_attack&has_night_post,562,0.009397693913311366,0.00993795967426736,0.06484665809587839,0.5498220640569395,0.43416370106761565,long,0.5498220640569395,0.12249309765916036
deal_heavy&uppercase_phrase_heavy,21,0.03991201211695179,0.026016265661863658,0.07235360585889304,0.6666666666666666,0.2857142857142857,long,0.6666666666666666,0.12193321110928418
pre_relief&deal_over_tariff,24,0.03731279373534689,0.0177732977381565,0.07699478448140634,0.6666666666666666,0.2916666666666667,long,0.6666666666666666,0.12186307403908883
has_exclamation,912,0.007505918758447434,0.006410455221407374,0.06593413875170608,0.5361842105263158,0.44956140350877194,long,0.5361842105263158,0.12153889944042093
has_positive&has_night_post,751,0.008124595911994392,0.0065789186569154,0.06437398966005206,0.5406125166444741,0.4447403462050599,long,0.5406125166444741,0.12036711048045022
has_all_caps,183,0.015747070051996954,0.010479000192366472,0.06958288125404448,0.5628415300546448,0.43169398907103823,long,0.5628415300546448,0.11989786211777316
has_all_caps&has_exclamation,183,0.015747070051996954,0.010479000192366472,0.06958288125404448,0.5628415300546448,0.43169398907103823,long,0.5628415300546448,0.11989786211777316
has_attack&has_uppercase_phrase,218,0.0143583355408885,0.013229774563586871,0.06785054535567467,0.5642201834862385,0.41743119266055045,long,0.5642201834862385,0.11961371052836495
has_night_post&has_all_caps,180,0.01568541448752602,0.01351016640603131,0.06989086971211543,0.5666666666666667,0.42777777777777776,long,0.5666666666666667,0.11925042036785193
has_all_caps&uppercase_phrase_heavy,39,0.029632249082944116,0.0266497303200961,0.06760806237711235,0.6410256410256411,0.358974358974359,long,0.6410256410256411,0.11862393346860821
has_positive&has_all_caps,178,0.015765772110500703,0.010078185094521075,0.06907081591440399,0.5617977528089888,0.43258426966292135,long,0.5617977528089888,0.1181694579830744
has_night_post&exclamation_heavy,736,0.008022303944254043,0.006910439713069705,0.06481349104977822,0.5421195652173914,0.44565217391304346,long,0.5421195652173914,0.1179867125943938
has_positive,842,0.007550756834417535,0.00655743923711305,0.06434712926836843,0.5380047505938242,0.4477434679334917,long,0.5380047505938242,0.11787796796653707
has_attack&has_exclamation,615,0.008675833537549946,0.008486663926587479,0.06522567989950503,0.5447154471544715,0.43902439024390244,long,0.5447154471544715,0.11719753027231103
has_attack,615,0.008675833537549946,0.008486663926587479,0.06522567989950503,0.5447154471544715,0.43902439024390244,long,0.5447154471544715,0.11719753027231103
has_attack&short_posts,299,0.011535921434454836,0.011377901969224835,0.06799529600368108,0.5852842809364549,0.4080267558528428,long,0.5852842809364549,0.11674942334185621
has_positive&has_exclamation,835,0.007500411441869622,0.006535959817310699,0.06455335093169244,0.5377245508982036,0.4479041916167665,long,0.5377245508982036,0.11654353605851284
has_exclamation&short_posts,478,0.00945763880434182,0.009371283811932418,0.0667185702702519,0.5606694560669456,0.4309623430962343,long,0.5606694560669456,0.11593206445833901
has_uppercase_phrase&volume_spike,80,0.022053663362279773,0.01953973390881525,0.06989744777446202,0.5875,0.375,long,0.5875,0.11588670251274226
has_action&has_iran,35,0.031146634816780962,0.016172673443312524,0.07992162935286029,0.6285714285714286,0.3142857142857143,long,0.6285714285714286,0.11582432811786222
deal_heavy&pre_action,27,0.03717902847812237,0.044292930239506756,0.06066324529653558,0.5925925925925926,0.3333333333333333,long,0.5925925925925926,0.11448171786694779
uppercase_phrase_heavy&short_posts,32,0.032378575452732955,0.03152668514958379,0.0715909698524304,0.625,0.375,long,0.625,0.1144755513389388
has_night_post&has_uppercase_phrase,276,0.012464354937038992,0.009768317233041501,0.0680897357599252,0.5471014492753623,0.4384057971014493,long,0.5471014492753623,0.11329016617057398
has_attack&has_positive,595,0.00852045735471256,0.009677369996675678,0.06563144796759944,0.5445378151260504,0.43865546218487395,long,0.5445378151260504,0.1131747215025363
has_night_post&short_posts,446,0.009557351110348423,0.008352850500091158,0.06810747335309232,0.5538116591928252,0.43946188340807174,long,0.5538116591928252,0.1117807617764011
has_relief&deal_over_tariff,44,0.027062619077159608,0.017202843390327627,0.08124871753518377,0.6136363636363636,0.3409090909090909,long,0.6136363636363636,0.1101557699876281
has_all_caps&has_uppercase_phrase,135,0.016377565833147506,0.018249028661702527,0.07227843133845221,0.5777777777777777,0.4148148148148148,long,0.5777777777777777,0.10994540218687286
has_deal&pre_action,47,0.02691808090778471,0.019471624680375665,0.05327270366337257,0.5957446808510638,0.3617021276595745,long,0.5957446808510638,0.10993935799710232
lots_of_excl&short_posts,362,0.010099116081636878,0.010481885102306632,0.06859018224408107,0.5718232044198895,0.42265193370165743,long,0.5718232044198895,0.10987513566218951
pre_action&deal_over_tariff,41,0.027938412517025352,0.019471624680375665,0.05622528040128725,0.6097560975609756,0.36585365853658536,long,0.6097560975609756,0.10908117459948921
has_attack&exclamation_heavy,598,0.008204072425785473,0.008080185140060148,0.06528237503806471,0.5434782608695652,0.4397993311036789,long,0.5434782608695652,0.10903407778885202
uppercase_phrase_heavy&deal_over_tariff,25,0.03402402175600248,0.025641047320808186,0.07214732607654907,0.64,0.36,long,0.64,0.10887686961920792
exclamation_heavy,807,0.007068520486346382,0.006535959817310699,0.06474150262465297,0.5390334572490706,0.4485749690210657,long,0.5390334572490706,0.10823831197478428
has_exclamation&exclamation_heavy,807,0.007068520486346382,0.006535959817310699,0.06474150262465297,0.5390334572490706,0.4485749690210657,long,0.5390334572490706,0.10823831197478428
has_night_post&lots_of_excl,680,0.0075561514639354375,0.006910439713069705,0.0658122090567132,0.5411764705882353,0.4470588235294118,long,0.5411764705882353,0.10663358666809963
has_attack&all_caps_heavy,26,0.029942396399985725,0.02633299799097988,0.05550211180266545,0.6923076923076923,0.3076923076923077,long,0.6923076923076923,0.10569936705733214
attack_heavy&has_all_caps,107,0.01789787128310943,0.010479000192366472,0.062065743354781606,0.5700934579439252,0.4205607476635514,long,0.5700934579439252,0.10554540399830895
has_uppercase_phrase&exclamation_heavy,276,0.01174439723534898,0.008584849104558034,0.06803430511622988,0.5398550724637681,0.44565217391304346,long,0.5398550724637681,0.1053325163715949
posts_high&has_all_caps,138,0.015392771678776092,0.01799501623492039,0.0692960786361596,0.5797101449275363,0.41304347826086957,long,0.5797101449275363,0.10482557934429164
has_attack&lots_of_excl,572,0.00800812980833107,0.009082016961631578,0.0654303516275462,0.5472027972027972,0.4370629370629371,long,0.5472027972027972,0.10480389597850279
has_positive&exclamation_heavy,777,0.007004248176965117,0.006313152340926553,0.06515851474089863,0.5353925353925354,0.4517374517374517,long,0.5353925353925354,0.10453081752532961
has_uppercase_phrase&lots_of_excl,269,0.01160790462432694,0.009677369996675678,0.0684859363054917,0.5464684014869888,0.43866171003717475,long,0.5464684014869888,0.1040387260974249
has_china&has_iran,47,0.025239121818901228,0.023809317422182064,0.07481788742463852,0.5957446808510638,0.3617021276595745,long,0.5957446808510638,0.10308212010679386
positive_heavy&has_uppercase_phrase,230,0.01210402530290391,0.012888739975679409,0.068986967050147,0.5608695652173913,0.4217391304347826,long,0.5608695652173913,0.10295693735148138
positive_heavy&all_caps_heavy,24,0.029651587648845873,0.02633299799097988,0.055525696038837065,0.7083333333333334,0.2916666666666667,long,0.7083333333333334,0.10289428472103614
pre_deal&pre_action,32,0.028658949787629808,0.037500074572890285,0.05069236749963626,0.625,0.3125,long,0.625,0.10132468868258902
has_china&has_uppercase_phrase,131,0.014555553633028039,0.018249028661702527,0.06832631235679192,0.6030534351145038,0.37404580152671757,long,0.6030534351145038,0.10046624542337887
has_deal&uppercase_phrase_heavy,28,0.031062625684176826,0.022556336000591926,0.06928996102541073,0.6071428571428571,0.35714285714285715,long,0.6071428571428571,0.09979483604952363
has_deal&has_action,100,0.017406154882198936,0.015512093056572529,0.06441312954752328,0.57,0.4,long,0.57,0.09921508282853392
posts_high&has_china,209,0.011513951744604999,0.017543789441280655,0.07227069501337213,0.5933014354066986,0.3875598086124402,long,0.5933014354066986,0.09875815027919134
posts_high&deal_heavy,112,0.016299502951631465,0.01549028341913794,0.07263426628346442,0.5714285714285714,0.39285714285714285,long,0.5714285714285714,0.09857012869481169
attack_heavy&all_caps_heavy,25,0.028759919055443898,0.026016265661863658,0.05631135399431703,0.68,0.32,long,0.68,0.09778372478850926
deal_heavy&deal_over_tariff,136,0.015560258749133651,0.010156373520721962,0.06650685286467105,0.5367647058823529,0.4338235294117647,long,0.5367647058823529,0.09740252613736344
exclamation_heavy&lots_of_excl,732,0.006641082895519307,0.006910439713069705,0.06592779191767545,0.5409836065573771,0.44672131147540983,long,0.5409836065573771,0.09720274882310105
positive_heavy&has_night_post,558,0.0075041824711472,0.008381283678102536,0.06730353049344258,0.5448028673835126,0.44086021505376344,long,0.5448028673835126,0.09657392218932084
has_positive&has_uppercase_phrase,283,0.010710054681272323,0.008486663926587479,0.06775865157743398,0.5335689045936396,0.45229681978798586,long,0.5335689045936396,0.09613364685587954
has_exclamation&lots_of_excl,735,0.006564810148790884,0.006837669748352537,0.06583995347045621,0.5401360544217687,0.44761904761904764,long,0.5401360544217687,0.09613222809314638
lots_of_excl,735,0.006564810148790884,0.006837669748352537,0.06583995347045621,0.5401360544217687,0.44761904761904764,long,0.5401360544217687,0.09613222809314638
has_deal&pre_relief,25,0.029890048538128777,0.016129054168443346,0.08401557767672056,0.64,0.32,long,0.64,0.0956481553220121
has_action&has_russia,79,0.018476863391169933,0.015804577160414945,0.06561821681576645,0.5822784810126582,0.3924050632911392,long,0.5822784810126582,0.09562523906295407
attack_heavy&has_uppercase_phrase,149,0.013852034409098258,0.010479000192366472,0.06009428504763147,0.5637583892617449,0.40939597315436244,long,0.5637583892617449,0.09532344151731573
has_positive&lots_of_excl,717,0.006611728643757959,0.006837669748352537,0.06613051840847578,0.5369595536959554,0.4504881450488145,long,0.5369595536959554,0.09506401940758881
has_uppercase_phrase,295,0.010326623490511598,0.008486663926587479,0.06835138170583656,0.535593220338983,0.45084745762711864,long,0.535593220338983,0.09499580380334587
has_uppercase_phrase&has_exclamation,293,0.010335509400088578,0.008486663926587479,0.0685408138941289,0.5358361774744027,0.45051194539249145,long,0.5358361774744027,0.09479768428524647
short_posts&volume_drop,99,0.016168203661449002,0.01572752413802636,0.05529623926266402,0.5858585858585859,0.40404040404040403,long,0.5858585858585859,0.09424800529049844
has_russia&sig_potus,35,0.022212860618181497,0.0266497303200961,0.0531295394821014,0.7142857142857143,0.2857142857142857,long,0.7142857142857143,0.09386646830573799
deal_heavy&has_relief,33,0.028120236232445396,0.016129054168443346,0.08928566630592702,0.5757575757575758,0.36363636363636365,long,0.5757575757575758,0.093006991357027
posts_very_high&has_uppercase_phrase,132,0.013724610630809202,0.019239707341206835,0.06933594611147349,0.5833333333333334,0.38636363636363635,long,0.5833333333333334,0.09198219982936282
posts_high&has_uppercase_phrase,201,0.011226886946022061,0.013404693643497723,0.06756132770028801,0.5771144278606966,0.40298507462686567,long,0.5771144278606966,0.09185849165055475
posts_very_high&has_all_caps,107,0.015417757333321043,0.023622121002969232,0.07282906737741046,0.5700934579439252,0.4205607476635514,long,0.5700934579439252,0.09091994241957418
attack_heavy&has_night_post,284,0.009757636853241223,0.009847012437901537,0.06247356722452071,0.5528169014084507,0.4225352112676056,long,0.5528169014084507,0.09090444789123313
deal_heavy&has_uppercase_phrase,64,0.01963347304789157,0.019239707341206835,0.06298067043071989,0.578125,0.375,long,0.578125,0.09080481284649852
has_exclamation&volume_spike,150,0.013706440545417007,0.00766892116660256,0.07777842981080269,0.54,0.44,long,0.54,0.09064922092037937
all_caps_heavy&has_uppercase_phrase,28,0.025182845679072207,0.02633299799097988,0.057800885485142665,0.6785714285714286,0.32142857142857145,long,0.6785714285714286,0.09042309946165061
has_iran&open_deal,23,0.03335432298073775,0.03333338012416642,0.08838556962465431,0.5652173913043478,0.34782608695652173,long,0.5652173913043478,0.09041314246378639
volume_spike,173,0.0125842017876237,0.009615508138175688,0.08446124699786947,0.5433526011560693,0.4393063583815029,long,0.5433526011560693,0.08993535962574517
has_russia&uppercase_phrase_heavy,26,0.02692216427789984,0.02633299799097988,0.056175775616280184,0.6538461538461539,0.34615384615384615,long,0.6538461538461539,0.08975780373152892
has_attack&has_chips,28,0.0237260396823337,0.031582463608333944,0.05996328197270776,0.7142857142857143,0.2857142857142857,long,0.7142857142857143,0.08967600085129271
pre_deal&china_streak_3d,21,0.02933554378430743,0.03731355714804496,0.0644037367232608,0.6666666666666666,0.3333333333333333,long,0.6666666666666666,0.08962156662952005
deal_heavy&open_deal,52,0.021512683576960644,0.018539954839639217,0.08166598646810144,0.5769230769230769,0.38461538461538464,long,0.5769230769230769,0.08949817351103499
posts_high&has_chips,26,0.02401226553497445,0.033333353306486235,0.06371354892081132,0.7307692307692307,0.2692307692307692,long,0.7307692307692307,0.08947466153998915
deal_heavy&has_action,53,0.02240196315197682,0.019061873374544014,0.07164298973961042,0.5471698113207547,0.39622641509433965,long,0.5471698113207547,0.08923724247128532
has_action&deal_over_tariff,88,0.016664488757316062,0.014568523318467475,0.0668524771326296,0.5681818181818182,0.4090909090909091,long,0.5681818181818182,0.08882202351899503
attack_heavy&has_china,152,0.012423743941834434,0.014535424690473087,0.06840310891569339,0.5789473684210527,0.39473684210526316,long,0.5789473684210527,0.08867748551239968
attack_heavy&uppercase_phrase_heavy,37,0.022424473581568703,0.025641047320808186,0.05207156826148982,0.6486486486486487,0.32432432432432434,long,0.6486486486486487,0.0884774579439752
has_china&sig_potus,27,0.02287840236366133,0.04166676902161415,0.05537055870445805,0.7407407407407407,0.25925925925925924,long,0.7407407407407407,0.08805901175525625
has_deal&has_relief,48,0.021596236222558813,0.01092569418173639,0.08203543281953835,0.5833333333333334,0.375,long,0.5833333333333334,0.08728014957603954
deal_heavy&has_attack,123,0.014845446349114137,0.007792168090672735,0.06842623966933223,0.5284552845528455,0.43089430894308944,long,0.5284552845528455,0.08700697320952462
has_relief&has_uppercase_phrase,41,0.022236697798516555,0.019417541307869657,0.06804931401658103,0.6097560975609756,0.36585365853658536,long,0.6097560975609756,0.08681971867936036
has_uppercase_phrase&short_posts,160,0.012608328848795036,0.007121002550505406,0.07194194806855422,0.54375,0.44375,long,0.54375,0.08671950471505727
posts_high&all_caps_heavy,27,0.025031955152975956,0.026016265661863658,0.05522592345797134,0.6666666666666666,0.3333333333333333,long,0.6666666666666666,0.08671323627547985
pre_action&deal_only,31,0.025402773101025455,0.016172673443312524,0.0579058120816762,0.6129032258064516,0.3870967741935484,long,0.6129032258064516,0.08668698196741888
positive_heavy&exclamation_heavy,586,0.006506489390434401,0.007387688884229804,0.06800075663239438,0.5409556313993175,0.44368600682593856,long,0.5409556313993175,0.08520344997773378
deal_heavy&pre_relief,20,0.031727460021708766,0.0177732977381565,0.08666660316867726,0.6,0.35,long,0.6,0.08513370883433731
exclamation_heavy&volume_spike,132,0.013567943980264258,0.00766892116660256,0.06641408220100502,0.5454545454545454,0.4318181818181818,long,0.5454545454545454,0.08502753183201442
posts_very_high&positive_heavy,224,0.009849995456440786,0.01823049168380597,0.07514204576064996,0.5758928571428571,0.4017857142857143,long,0.5758928571428571,0.08489883509727328
posts_very_high&deal_heavy,78,0.016565590643343214,0.01944458299412266,0.07311138650157488,0.5769230769230769,0.3717948717948718,long,0.5769230769230769,0.08440577029124155
attack_heavy&has_positive,292,0.00884683906440563,0.010361170741607473,0.06433213744258677,0.5547945205479452,0.4212328767123288,long,0.5547945205479452,0.08387097964576376
has_positive&all_caps_heavy,29,0.023739759572880485,0.026016265661863658,0.05728887693567419,0.6551724137931034,0.3448275862068966,long,0.6551724137931034,0.08375889096043097
has_all_caps&all_caps_heavy,29,0.023739759572880485,0.026016265661863658,0.05728887693567419,0.6551724137931034,0.3448275862068966,long,0.6551724137931034,0.08375889096043097
all_caps_heavy&has_exclamation,29,0.023739759572880485,0.026016265661863658,0.05728887693567419,0.6551724137931034,0.3448275862068966,long,0.6551724137931034,0.08375889096043097
has_night_post&all_caps_heavy,29,0.023739759572880485,0.026016265661863658,0.05728887693567419,0.6551724137931034,0.3448275862068966,long,0.6551724137931034,0.08375889096043097
all_caps_heavy,29,0.023739759572880485,0.026016265661863658,0.05728887693567419,0.6551724137931034,0.3448275862068966,long,0.6551724137931034,0.08375889096043097
all_caps_heavy&lots_of_excl,29,0.023739759572880485,0.026016265661863658,0.05728887693567419,0.6551724137931034,0.3448275862068966,long,0.6551724137931034,0.08375889096043097
all_caps_heavy&exclamation_heavy,29,0.023739759572880485,0.026016265661863658,0.05728887693567419,0.6551724137931034,0.3448275862068966,long,0.6551724137931034,0.08375889096043097
has_attack&attack_heavy,296,0.008776928092040434,0.010129998084987935,0.06395970151261147,0.5540540540540541,0.4222972972972973,long,0.5540540540540541,0.08366436762216761
attack_heavy&has_exclamation,296,0.008776928092040434,0.010129998084987935,0.06395970151261147,0.5540540540540541,0.4222972972972973,long,0.5540540540540541,0.08366436762216761
attack_heavy,296,0.008776928092040434,0.010129998084987935,0.06395970151261147,0.5540540540540541,0.4222972972972973,long,0.5540540540540541,0.08366436762216761
positive_heavy&lots_of_excl,572,0.006401564180305291,0.008004117848498415,0.06840684050498357,0.5437062937062938,0.4405594405594406,long,0.5437062937062938,0.08324314475344871
positive_heavy,589,0.006351662995890646,0.006983209677786872,0.06789079371976021,0.5398981324278438,0.44482173174872663,long,0.5398981324278438,0.08322559716045637
has_positive&positive_heavy,589,0.006351662995890646,0.006983209677786872,0.06789079371976021,0.5398981324278438,0.44482173174872663,long,0.5398981324278438,0.08322559716045637
positive_heavy&has_exclamation,589,0.006351662995890646,0.006983209677786872,0.06789079371976021,0.5398981324278438,0.44482173174872663,long,0.5398981324278438,0.08322559716045637
posts_high&deal_over_tariff,193,0.010980054232795487,0.010016654879127396,0.07101954986184632,0.5440414507772021,0.44041450777202074,long,0.5440414507772021,0.08298796779883119
attack_heavy&exclamation_heavy,295,0.008718173410318296,0.010016654879127396,0.06406038206288131,0.5525423728813559,0.423728813559322,long,0.5525423728813559,0.08273744389379664
posts_very_high&has_night_post,234,0.009558686275275273,0.017614286458943695,0.07208742893170385,0.5641025641025641,0.41452991452991456,long,0.5641025641025641,0.08248295480943718
posts_high&has_attack,353,0.00786632005561565,0.010243341290848473,0.07034230251432776,0.5580736543909348,0.42492917847025496,long,0.5580736543909348,0.08248034825014713
attack_heavy&lots_of_excl,293,0.008671717380307645,0.010016654879127396,0.06420112985773441,0.552901023890785,0.4232081911262799,long,0.552901023890785,0.08207035645862917
deal_heavy&has_all_caps,50,0.019309960388409573,0.014770436783455243,0.0680474985514406,0.6,0.38,long,0.6,0.08192522361052816
has_night_post&volume_drop,120,0.012576587842781518,0.011545948879158052,0.05772806875543871,0.5916666666666667,0.39166666666666666,long,0.5916666666666667,0.08151369015225063
has_positive&volume_spike,139,0.012758277928225167,0.009615508138175688,0.06675241835640494,0.539568345323741,0.43884892086330934,long,0.539568345323741,0.08116072575375675
all_caps_heavy&short_posts,25,0.02529058997543963,0.026016265661863658,0.060934530276204414,0.64,0.36,long,0.64,0.08092988792140682
attack_heavy&volume_spike,93,0.015270152271133389,0.010243341290848473,0.062448869274016855,0.5483870967741935,0.41935483870967744,long,0.5483870967741935,0.08075549240935143
has_attack&sig_potus,52,0.01655761541086011,0.028100846146080438,0.05716228000342079,0.6730769230769231,0.3269230769230769,long,0.6730769230769231,0.08036448452747734
sig_potus&has_exclamation,61,0.015690720607335076,0.021518975144656283,0.0580927669297183,0.6557377049180327,0.3442622950819672,long,0.6557377049180327,0.0803596364184791
sig_potus,61,0.015690720607335076,0.021518975144656283,0.0580927669297183,0.6557377049180327,0.3442622950819672,long,0.6557377049180327,0.0803596364184791
positive_heavy&short_posts,275,0.008625050518800581,0.009615508138175688,0.0728080180892105,0.56,0.43272727272727274,long,0.56,0.0800969578324208
posts_high&open_deal,62,0.017044888467777106,0.016410703217438538,0.08519398363075939,0.5967741935483871,0.3709677419354839,long,0.5967741935483871,0.08009401100413568
posts_high&attack_heavy,245,0.009073383011159338,0.010479000192366472,0.06638898688960691,0.563265306122449,0.4122448979591837,long,0.563265306122449,0.07999545044115638
posts_high&positive_heavy,370,0.007359519868449887,0.010361170741607473,0.07210238752420899,0.5648648648648649,0.4189189189189189,long,0.5648648648648649,0.07996407285524086
posts_high&has_night_post,394,0.0072962899266586,0.009646439067425683,0.06986750069994543,0.550761421319797,0.434010152284264,long,0.550761421319797,0.07976524542737423
has_attack&deal_over_tariff,234,0.009896522606676299,0.005534303971518328,0.06489162197798293,0.5256410256410257,0.452991452991453,long,0.5256410256410257,0.07957557836208992
has_action&deal_only,72,0.01599562469866681,0.014568523318467475,0.07008374284737799,0.5833333333333334,0.4166666666666667,long,0.5833333333333334,0.07917430285619627
posts_very_high&open_deal,47,0.019326622566179136,0.019061873374544014,0.07999390136164594,0.5957446808510638,0.3617021276595745,long,0.5957446808510638,0.07893417381636463
posts_very_high&has_chips,20,0.02331328742605565,0.03518524238073517,0.06813116533012314,0.75,0.25,long,0.75,0.07819514319547731
posts_very_high&deal_over_tariff,121,0.012814429557151705,0.017543789441280655,0.0716691751617594,0.5537190082644629,0.4214876033057851,long,0.5537190082644629,0.07805152548446948
has_all_caps&short_posts,125,0.012812959042023876,0.008486663926587479,0.07309260071529655,0.544,0.456,long,0.544,0.07792976095760985
deal_heavy&deal_only,92,0.015892759672756746,0.005268465021565194,0.07148544840063786,0.5108695652173914,0.4673913043478261,long,0.5108695652173914,0.07787593256649733
deal_heavy&short_posts,63,0.018107022677485683,0.010016654879127396,0.07307520091259054,0.5396825396825397,0.4444444444444444,long,0.5396825396825397,0.07756319455270269
posts_very_high&open_tariff,22,0.02268368091620455,0.03598610839794636,0.065027295857652,0.7272727272727273,0.22727272727272727,long,0.7272727272727273,0.07737883233467041
sig_potus&exclamation_heavy,60,0.015366581080122042,0.02106063170618,0.058527355769365845,0.65,0.35,long,0.65,0.07736886639489625
has_attack&has_china,236,0.008998075299991784,0.012265184178692268,0.07021481919540579,0.5508474576271186,0.423728813559322,long,0.5508474576271186,0.07614422557490971
has_tariff&has_action,41,0.020183031216169576,0.018249028661702527,0.05049289652179803,0.5853658536585366,0.34146341463414637,long,0.5853658536585366,0.07564943787226489
attack_heavy&sig_potus,31,0.020010219947786307,0.0266497303200961,0.057513438109958515,0.6774193548387096,0.3225806451612903,long,0.6774193548387096,0.07547277354423146
deal_heavy&lots_of_excl,141,0.012001593024597081,0.007792168090672735,0.06918941440591654,0.524822695035461,0.4397163120567376,long,0.524822695035461,0.07479301819926994
has_china&lots_of_excl,277,0.007868524521013411,0.013793232387349752,0.06807941850787697,0.5703971119133574,0.41155234657039713,long,0.5703971119133574,0.0746982633348397
has_russia&has_night_post,265,0.008499723206611989,0.007072105762039316,0.060648866745821164,0.539622641509434,0.44528301886792454,long,0.539622641509434,0.074665139981746
posts_high&has_relief,66,0.01635540968184567,0.005578524474945112,0.07982817364454906,0.5606060606060606,0.4090909090909091,long,0.5606060606060606,0.07448883524269931
deal_heavy&has_positive,146,0.011602764472629026,0.008237601186600663,0.06884800735908095,0.5273972602739726,0.4383561643835616,long,0.5273972602739726,0.0739393747524288
posts_high&lots_of_excl,401,0.006656875559135332,0.009859264469407325,0.07106006618307054,0.5536159600997507,0.4314214463840399,long,0.5536159600997507,0.07379912738078744
has_china&open_deal,45,0.017674712914845413,0.017543789441280655,0.07717631644313935,0.6222222222222222,0.3333333333333333,long,0.6222222222222222,0.07377413784605723
posts_high&has_positive,403,0.00662069950567837,0.009677369996675678,0.0708843788603757,0.5533498759305211,0.4317617866004963,long,0.5533498759305211,0.07354551897892717
posts_very_high&lots_of_excl,234,0.008484473751419485,0.017614286458943695,0.07419847041980981,0.5641025641025641,0.41452991452991456,long,0.5641025641025641,0.0732134568356294
posts_very_high&has_china,146,0.010272942005752564,0.01865545101812327,0.07627198737595133,0.589041095890411,0.3835616438356164,long,0.589041095890411,0.07311674675619041
has_attack&positive_heavy,465,0.006267935546335249,0.0065789186569154,0.06760643441332692,0.5397849462365591,0.44086021505376344,long,0.5397849462365591,0.07295780627473072
posts_high&exclamation_heavy,404,0.006573919684472453,0.009646439067425683,0.07080262200241133,0.551980198019802,0.43316831683168316,long,0.551980198019802,0.07293543447226523
posts_high,404,0.006573919684472453,0.009646439067425683,0.07080262200241133,0.551980198019802,0.43316831683168316,long,0.551980198019802,0.07293543447226523
posts_high&has_exclamation,404,0.006573919684472453,0.009646439067425683,0.07080262200241133,0.551980198019802,0.43316831683168316,long,0.551980198019802,0.07293543447226523
lots_of_excl&volume_spike,132,0.011796449043507124,0.005556698163556972,0.0649138626172684,0.5378787878787878,0.4393939393939394,long,0.5378787878787878,0.07289918603235665
has_night_post&sig_potus,59,0.014724704673330875,0.020602288267703717,0.058816361227924496,0.6440677966101694,0.3559322033898305,long,0.6440677966101694,0.07284574410553737
posts_very_high&all_caps_heavy,24,0.02378916961538031,0.022539069518203836,0.05810661265447748,0.625,0.375,long,0.625,0.07283915870275413
has_china&has_night_post,280,0.0076938523006893,0.0103875461773415,0.06831351160371049,0.5642857142857143,0.4107142857142857,long,0.5642857142857143,0.07264770784763906
posts_high&posts_very_high,236,0.008382698430455358,0.016979869741631348,0.07389181548611622,0.5635593220338984,0.4152542372881356,long,0.5635593220338984,0.07257373625281936
posts_very_high&has_positive,236,0.008382698430455358,0.016979869741631348,0.07389181548611622,0.5635593220338984,0.4152542372881356,long,0.5635593220338984,0.07257373625281936
posts_very_high,236,0.008382698430455358,0.016979869741631348,0.07389181548611622,0.5635593220338984,0.4152542372881356,long,0.5635593220338984,0.07257373625281936
posts_very_high&exclamation_heavy,236,0.008382698430455358,0.016979869741631348,0.07389181548611622,0.5635593220338984,0.4152542372881356,long,0.5635593220338984,0.07257373625281936
posts_very_high&has_exclamation,236,0.008382698430455358,0.016979869741631348,0.07389181548611622,0.5635593220338984,0.4152542372881356,long,0.5635593220338984,0.07257373625281936
deal_over_tariff&volume_spike,72,0.015341072923436715,0.01522910370520747,0.0581515657782201,0.5555555555555556,0.4166666666666667,long,0.5555555555555556,0.07231851129892955
has_positive&has_china,290,0.007645093607360265,0.010361170741607473,0.0677489851350166,0.5551724137931034,0.4206896551724138,long,0.5551724137931034,0.07227859209582528
has_china&has_exclamation,297,0.007454359479306923,0.010479000192366472,0.06741445406004885,0.5622895622895623,0.41414141414141414,long,0.5622895622895623,0.07223514998102797
has_china,297,0.007454359479306923,0.010479000192366472,0.06741445406004885,0.5622895622895623,0.41414141414141414,long,0.5622895622895623,0.07223514998102797
has_night_post&china_streak_3d,78,0.012264064759827113,0.027945693757693513,0.07982729446148473,0.6666666666666666,0.32051282051282054,long,0.6666666666666666,0.07220885813863434
has_china&exclamation_heavy,291,0.007546304232615195,0.010479000192366472,0.06750864775456461,0.5601374570446735,0.41924398625429554,long,0.5601374570446735,0.0721066667268464
has_action&china_streak_3d,22,0.022488371191947742,0.03396340368765005,0.0492892627064405,0.6818181818181818,0.3181818181818182,long,0.6818181818181818,0.07191805271691197
has_relief&short_posts,48,0.01915331507830807,0.005578524474945112,0.0755206584704914,0.5416666666666666,0.4375,long,0.5416666666666666,0.07187811550617673
has_deal&deal_heavy,150,0.011117353036964763,0.008237601186600663,0.06806907053218442,0.5266666666666666,0.44,long,0.5266666666666666,0.07171051787482079
deal_heavy&has_exclamation,150,0.011117353036964763,0.008237601186600663,0.06806907053218442,0.5266666666666666,0.44,long,0.5266666666666666,0.07171051787482079
deal_heavy,150,0.011117353036964763,0.008237601186600663,0.06806907053218442,0.5266666666666666,0.44,long,0.5266666666666666,0.07171051787482079
positive_heavy&volume_spike,124,0.01188193616722909,0.00766892116660256,0.06634481344375963,0.5403225806451613,0.43548387096774194,long,0.5403225806451613,0.07149096758826436
has_tariff&has_all_caps,43,0.016726830285623606,0.0256409569720375,0.05432632491705419,0.6511627906976745,0.3488372093023256,long,0.6511627906976745,0.07142289573310398
deal_heavy&positive_heavy,133,0.011759369530527928,0.007792168090672735,0.07104712845091847,0.5263157894736842,0.43609022556390975,long,0.5263157894736842,0.07137666588667255
sig_potus&deal_over_tariff,20,0.022701812492697048,0.024630099492773505,0.052622918168729264,0.7,0.3,long,0.7,0.07106791432457436
positive_heavy&has_iran,93,0.013982224847999757,0.014851512669832534,0.07593014336472095,0.5268817204301075,0.44086021505376344,long,0.5268817204301075,0.07104456958595252
posts_high&has_deal,225,0.008833211628083882,0.00868303428252859,0.0695103017682482,0.5333333333333333,0.4488888888888889,long,0.5333333333333333,0.07066569302467106
positive_heavy&sig_potus,50,0.015085855779366976,0.023626009293899908,0.05715434160055857,0.66,0.34,long,0.66,0.07040425208251155
posts_very_high&has_deal,140,0.01095487080808396,0.014509651157494585,0.06934454110741091,0.5428571428571428,0.42857142857142855,long,0.5428571428571428,0.07036502311824569
has_night_post&volume_spike,150,0.010963988840962417,0.004209638662618698,0.07668657082151067,0.52,0.46,long,0.52,0.06982606333540933
posts_high&volume_spike,115,0.012071203873036047,0.009615508138175688,0.0630476792562706,0.5391304347826087,0.43478260869565216,long,0.5391304347826087,0.0697900250477023
posts_very_high&volume_spike,88,0.013565868305687645,0.011069142118505737,0.0687335250737042,0.5454545454545454,0.42045454545454547,long,0.5454545454545454,0.06941406817820345
posts_high&open_tariff,25,0.019280357953358477,0.03395574971048676,0.06510283018619864,0.72,0.24,long,0.72,0.06940928863209052
has_positive&sig_potus,58,0.014217273595144183,0.023626009293899908,0.058553339642872085,0.6379310344827587,0.3620689655172414,long,0.6379310344827587,0.06907232078845693
open_deal&deal_over_tariff,77,0.013463146857213526,0.01545783616413443,0.07738656290896329,0.5844155844155844,0.4025974025974026,long,0.5844155844155844,0.06904205895639673
deal_heavy&exclamation_heavy,148,0.01087412651600147,0.0067130306394243,0.0684627761753824,0.5202702702702703,0.44594594594594594,long,0.5202702702702703,0.06882627240184752
deal_heavy&has_night_post,143,0.010828464753377474,0.007792168090672735,0.06863338388184044,0.5244755244755245,0.4405594405594406,long,0.5244755244755245,0.06791412847991488
attack_heavy&positive_heavy,260,0.007591565458082985,0.010129998084987935,0.06617580566553552,0.5538461538461539,0.41923076923076924,long,0.5538461538461539,0.06779648208311466
posts_very_high&deal_only,96,0.01262129533409131,0.010977256533037494,0.07554591957983493,0.5416666666666666,0.4479166666666667,long,0.5416666666666666,0.06698408916656999
has_deal&has_attack,267,0.0080397549818481,0.003562916531379967,0.06386331557605344,0.5093632958801498,0.4681647940074906,long,0.5093632958801498,0.06691540196761407
has_china&short_posts,149,0.009718669153114286,0.009615508138175688,0.07241017925088741,0.5637583892617449,0.4228187919463087,long,0.5637583892617449,0.06687948955963777
has_uppercase_phrase&china_streak_3d,34,0.01617651380701332,0.026144365357662958,0.06129749423933229,0.7058823529411765,0.29411764705882354,long,0.7058823529411765,0.06658198153058506
posts_very_high&has_attack,217,0.008101484625124323,0.012722624467682797,0.07473706662406487,0.5576036866359447,0.41935483870967744,long,0.5576036866359447,0.06654571803931339
open_deal&deal_only,59,0.014966298153427836,0.015277616993596421,0.08264985413471815,0.576271186440678,0.423728813559322,long,0.576271186440678,0.0662471659723089
has_positive&has_russia,273,0.007438977139026282,0.007072105762039316,0.06333956402790368,0.5384615384615384,0.4468864468864469,long,0.5384615384615384,0.06618342455765779
deal_heavy&has_iran,44,0.017995212246618708,0.012665256431099503,0.07497328701663596,0.5454545454545454,0.38636363636363635,long,0.5454545454545454,0.06510912768528293
posts_high&deal_only,157,0.00981733120534058,0.006535959817310699,0.07414108643117448,0.5286624203821656,0.46496815286624205,long,0.5286624203821656,0.06503119118629334
has_market_brag&has_china,73,0.01262755097389568,0.011475512873708515,0.047766023949502225,0.6027397260273972,0.3561643835616438,long,0.6027397260273972,0.0650294942995441
pre_deal&short_posts,67,0.014245382206446607,0.005391062132084512,0.06401895162830427,0.5522388059701493,0.43283582089552236,long,0.5522388059701493,0.06439296586577684
deal_only&volume_spike,53,0.016140185083404965,0.005722334195029433,0.05896143246724908,0.5471698113207547,0.4339622641509434,long,0.5471698113207547,0.06429372283348901
short_posts&volume_spike,101,0.011692315213861089,0.005722334195029433,0.08996524874701553,0.5445544554455446,0.44554455445544555,long,0.5445544554455446,0.06398858662597415
sig_potus&lots_of_excl,57,0.013391360893882492,0.020602288267703717,0.05883227246042025,0.631578947368421,0.3684210526315789,long,0.631578947368421,0.06385424691269818
posts_very_high&has_relief,50,0.015961116670562037,0.011703558835818084,0.07775137549234291,0.56,0.4,long,0.56,0.06320279746515878
has_night_post&deal_over_tariff,279,0.007314369548320876,0.005391062132084512,0.06433593153853068,0.5161290322580645,0.4659498207885305,long,0.5161290322580645,0.06305757848935757
has_attack&volume_spike,117,0.011156339526004212,0.005391062132084512,0.062462384943109024,0.5213675213675214,0.452991452991453,long,0.5213675213675214,0.06291564119633647
china_streak_3d&volume_drop,21,0.02050307889134373,0.027741223840890727,0.05576949020282611,0.6666666666666666,0.2857142857142857,long,0.6666666666666666,0.06263794066615593
posts_high&pre_relief,32,0.01863114203672874,0.01092569418173639,0.08211370533739049,0.59375,0.375,long,0.59375,0.06257748265824803
has_russia&exclamation_heavy,278,0.006899835720460206,0.006686814782831618,0.06299662028545329,0.5323741007194245,0.45323741007194246,long,0.5323741007194245,0.061246047676341016
attack_heavy&short_posts,149,0.008771837675432487,0.010479000192366472,0.07130108943565722,0.5704697986577181,0.4161073825503356,long,0.5704697986577181,0.06108244011526956
pre_deal&deal_over_tariff,147,0.009442542304819838,0.005391062132084512,0.05957222156293479,0.5306122448979592,0.4421768707482993,long,0.5306122448979592,0.06074700551981839
posts_very_high&china_streak_3d,36,0.014524611701083233,0.03415432005112029,0.09137358023785197,0.6944444444444444,0.3055555555555556,long,0.6944444444444444,0.060519215421180134
posts_very_high&attack_heavy,171,0.00832594193751385,0.011475512873708515,0.07057910021457896,0.5555555555555556,0.4152046783625731,long,0.5555555555555556,0.06048656585901685
has_exclamation&china_streak_3d,84,0.010433045736429105,0.026144365357662958,0.07754723918209369,0.6309523809523809,0.35714285714285715,long,0.6309523809523809,0.06033194657748813
china_streak_3d,84,0.010433045736429105,0.026144365357662958,0.07754723918209369,0.6309523809523809,0.35714285714285715,long,0.6309523809523809,0.06033194657748813
has_attack&deal_only,196,0.008396340715426455,0.002457993791641022,0.06635867113858672,0.5102040816326531,0.4744897959183674,long,0.5102040816326531,0.0599738622530461
has_russia&has_uppercase_phrase,115,0.01035981185039241,0.01641595004198204,0.0656405520513677,0.5391304347826087,0.4434782608695652,long,0.5391304347826087,0.059895561050326604
positive_heavy&has_china,259,0.006773611186786792,0.009677369996675678,0.06877135271555902,0.5482625482625483,0.43243243243243246,long,0.5482625482625483,0.05976662421325885
sig_potus&short_posts,30,0.0181251458196894,0.016551522448297717,0.05826716668389155,0.6,0.4,long,0.6,0.05956530734108609
has_exclamation&deal_over_tariff,303,0.006596301322815054,0.005391062132084512,0.06407971282251572,0.5181518151815182,0.46534653465346537,long,0.5181518151815182,0.05949477472254214
positive_heavy&deal_over_tariff,242,0.007285166611064558,0.005534303971518328,0.0679237820275805,0.5206611570247934,0.4628099173553719,long,0.5206611570247934,0.05900683907340488
has_deal&volume_spike,87,0.011876264961486057,0.005722334195029433,0.059220901821047556,0.5287356321839081,0.4367816091954023,long,0.5287356321839081,0.05857038564841487
pre_tariff&has_uppercase_phrase,25,0.01829372678408523,0.03513909224011713,0.05245348819110168,0.64,0.32,long,0.64,0.05853992570907274
has_russia,283,0.006498633475861036,0.006837669748352537,0.06300892749545448,0.5335689045936396,0.45229681978798586,long,0.5335689045936396,0.058331853030278345
has_tariff&deal_over_tariff,44,0.014865029545194449,0.01926674902745984,0.055420160857321585,0.5909090909090909,0.36363636363636365,long,0.5909090909090909,0.05826567558967688
has_deal&deal_over_tariff,305,0.006467926253306136,0.005270012440322436,0.06389031667544717,0.5147540983606558,0.46885245901639344,long,0.5147540983606558,0.0581453236459961
deal_over_tariff,305,0.006467926253306136,0.005270012440322436,0.06389031667544717,0.5147540983606558,0.46885245901639344,long,0.5147540983606558,0.0581453236459961
positive_heavy&pre_deal,146,0.00894700606709965,0.010169132330886899,0.061898319925614544,0.5342465753424658,0.4315068493150685,long,0.5342465753424658,0.057755840270643705
has_russia&has_exclamation,282,0.006465687813575521,0.006686814782831618,0.06311850153948259,0.5319148936170213,0.45390070921985815,long,0.5319148936170213,0.057753915937016995
pre_deal&lots_of_excl,160,0.00863157980529996,0.006591615111378624,0.06008532226249596,0.525,0.44375,long,0.525,0.057320449179547255
attack_heavy&open_tariff,21,0.01875312412371327,0.03333338012416642,0.06699216514493055,0.6666666666666666,0.2857142857142857,long,0.6666666666666666,0.057291740542545634
positive_heavy&has_market_brag,138,0.008650803559968598,0.0060828359685169975,0.05292965188571895,0.5579710144927537,0.42028985507246375,long,0.5579710144927537,0.05670320830585412
lots_of_excl&deal_over_tariff,281,0.006514738450728335,0.005391062132084512,0.0653842830389992,0.5160142348754448,0.4697508896797153,long,0.5160142348754448,0.056352323433531
open_deal&volume_spike,29,0.01892326895053934,0.019471624680375665,0.07295233983915549,0.5517241379310345,0.3793103448275862,long,0.5517241379310345,0.05622340523497133
lots_of_excl&china_streak_3d,76,0.00986910304327252,0.026144365357662958,0.07917425089825163,0.6447368421052632,0.35526315789473684,long,0.6447368421052632,0.05547112417425572
posts_low&has_positive,83,0.010969926330949899,0.009186584139489362,0.05085012762698524,0.5542168674698795,0.42168674698795183,long,0.5542168674698795,0.0553888689094742
has_deal&attack_heavy,165,0.008059790062981086,0.005722334195029433,0.058342700202407734,0.5272727272727272,0.44242424242424244,long,0.5272727272727272,0.054588481071490495
posts_high&china_streak_3d,54,0.011102437256184823,0.029572623314345958,0.08753189530471497,0.6666666666666666,0.3333333333333333,long,0.6666666666666666,0.05439061235783707
has_positive&deal_over_tariff,292,0.006215117269869464,0.005207940175684156,0.064889493180303,0.5102739726027398,0.4726027397260274,long,0.5102739726027398,0.05419312191418837
posts_high&short_posts,230,0.006493242250107307,0.007511311871949089,0.07642477542878395,0.5478260869565217,0.4434782608695652,long,0.5478260869565217,0.05394711607424094
has_market_brag&has_all_caps,53,0.013071955707202704,0.0065789186569154,0.05869518672933739,0.5660377358490566,0.41509433962264153,long,0.5660377358490566,0.053867136235609424
posts_low&has_exclamation,119,0.009622659830917217,0.00282080070186419,0.07025408418426723,0.5126050420168067,0.46218487394957986,long,0.5126050420168067,0.053808574606934875
has_russia&has_all_caps,71,0.01218264331550076,0.02110793217407858,0.0697699045150663,0.5211267605633803,0.4788732394366197,long,0.5211267605633803,0.053495109250070734
exclamation_heavy&china_streak_3d,78,0.00944505288452503,0.026144365357662958,0.07877717025506335,0.6410256410256411,0.358974358974359,long,0.6410256410256411,0.05347208233714431
positive_heavy&pre_relief,42,0.013778593926949584,0.015578122072233969,0.07998157020635661,0.5952380952380952,0.38095238095238093,long,0.5952380952380952,0.0531520800173914
attack_heavy&has_russia,151,0.00836226447800044,0.005154656698347138,0.0616348829713442,0.5165562913907285,0.45695364238410596,long,0.5165562913907285,0.05307989170683258
has_relief&has_attack,77,0.011298894926575065,0.005391062132084512,0.07618522117502381,0.5324675324675324,0.44155844155844154,long,0.5324675324675324,0.05279277174676429
has_night_post&has_chips,31,0.014661884672282802,0.018825734739721822,0.0642164334536334,0.6451612903225806,0.3548387096774194,long,0.6451612903225806,0.05266704449694188
positive_heavy&has_chips,31,0.014661884672282802,0.018825734739721822,0.0642164334536334,0.6451612903225806,0.3548387096774194,long,0.6451612903225806,0.05266704449694188
lots_of_excl&has_chips,31,0.014661884672282802,0.018825734739721822,0.0642164334536334,0.6451612903225806,0.3548387096774194,long,0.6451612903225806,0.05266704449694188
exclamation_heavy&has_chips,31,0.014661884672282802,0.018825734739721822,0.0642164334536334,0.6451612903225806,0.3548387096774194,long,0.6451612903225806,0.05266704449694188
has_attack&china_streak_3d,65,0.009832380855231013,0.027741223840890727,0.08311974362449438,0.6615384615384615,0.3384615384615385,long,0.6615384615384615,0.0524409402396195
open_deal&has_uppercase_phrase,37,0.01592607696979965,0.010479000192366472,0.06974907079844138,0.5405405405405406,0.40540540540540543,long,0.5405405405405406,0.05236461851164472
posts_low&has_attack,25,0.018661905238270007,0.02099747065623725,0.059151791707403464,0.56,0.44,long,0.56,0.05225333466715602
has_relief&has_all_caps,26,0.01775406875235423,0.01182004539689352,0.07000957648258689,0.5769230769230769,0.4230769230769231,long,0.5769230769230769,0.052227890200339674
has_russia&volume_spike,84,0.010397145090018097,0.016294311742647283,0.06230833445806329,0.5476190476190477,0.44047619047619047,long,0.5476190476190477,0.052183390518488894
attack_heavy&deal_over_tariff,144,0.008235943749952533,0.005678113691602649,0.058421613042846494,0.5277777777777778,0.4444444444444444,long,0.5277777777777778,0.05216097708303271
pre_deal&has_exclamation,169,0.007613941969737124,0.005391062132084512,0.05931329225740112,0.5266272189349113,0.4437869822485207,long,0.5266272189349113,0.05212621810050801
exclamation_heavy&deal_over_tariff,294,0.005915781790913762,0.004354392221212922,0.06441760466353724,0.5102040816326531,0.47278911564625853,long,0.5102040816326531,0.05175231006209557
sig_potus&has_all_caps,20,0.021010265177417907,0.03561789403598992,0.06377728836978822,0.55,0.45,long,0.55,0.051678419278203436
has_russia&lots_of_excl,261,0.006002836693175334,0.006535959817310699,0.0636111680390938,0.5325670498084292,0.4521072796934866,long,0.5325670498084292,0.05164771059225084
has_market_brag&has_night_post,151,0.00790694197441239,0.005391062132084512,0.048916247770975994,0.5298013245033113,0.4503311258278146,long,0.5298013245033113,0.05147662498360039
has_night_post&deal_only,239,0.006526682301872092,0.0013530710519020772,0.06576117495067203,0.5062761506276151,0.4811715481171548,long,0.5062761506276151,0.05108329387159236
pre_deal&exclamation_heavy,167,0.007587057926684532,0.005270012440322436,0.059668997299155466,0.5209580838323353,0.4491017964071856,long,0.5209580838323353,0.05107806270518171
posts_very_high&sig_potus,29,0.015281117349077245,0.019531315797556736,0.05859677345715064,0.6206896551724138,0.3793103448275862,long,0.6206896551724138,0.05107738056948204
pre_deal,170,0.007454934569187301,0.005330537286203474,0.05917387807248606,0.5235294117647059,0.4470588235294118,long,0.5235294117647059,0.05088729689756008
has_deal&pre_deal,170,0.007454934569187301,0.005330537286203474,0.05917387807248606,0.5235294117647059,0.4470588235294118,long,0.5235294117647059,0.05088729689756008
posts_high&has_russia,177,0.007071314159524718,0.007792168090672735,0.06811492544562935,0.536723163841808,0.4463276836158192,long,0.536723163841808,0.050493689407285706
has_exclamation&volume_drop,151,0.0076472104302389415,0.006313152340926553,0.05614662779952034,0.5364238410596026,0.4503311258278146,long,0.5364238410596026,0.05040801387837535
has_deal&has_night_post,320,0.005524479609541917,0.0032494694814739766,0.06410300502960829,0.50625,0.475,long,0.50625,0.05003010338635124
has_relief&has_action,29,0.016830186095554235,0.018249028661702527,0.07461177148419482,0.5517241379310345,0.3793103448275862,long,0.5517241379310345,0.05000459357754655
has_relief&has_russia,37,0.015160833434458407,0.018276632612211907,0.07769665330523999,0.5405405405405406,0.40540540540540543,long,0.5405405405405406,0.04984851326660328
has_relief&positive_heavy,86,0.010000176343782108,0.005412888443472652,0.07924987462973802,0.5348837209302325,0.4418604651162791,long,0.5348837209302325,0.04960395039297852
has_positive&has_iran,115,0.009485399800036855,0.0,0.07440085996430376,0.48695652173913045,0.48695652173913045,long,0.48695652173913045,0.049533013161050035
has_positive&china_streak_3d,80,0.008856368306501914,0.026144365357662958,0.07786946304083325,0.625,0.3625,long,0.625,0.04950860391778243
has_iran&volume_spike,41,0.016418093761198387,0.0,0.08699116487119424,0.4634146341463415,0.4878048780487805,long,0.4634146341463415,0.04871743384879791
has_positive&pre_deal,163,0.0072937036695164825,0.005391062132084512,0.059872295412238506,0.5214723926380368,0.44785276073619634,long,0.5214723926380368,0.048559391755246505
has_attack&tariff_rising,21,0.015853454306359347,0.019471624680375665,0.04117775039918358,0.6666666666666666,0.3333333333333333,long,0.6666666666666666,0.04843310292361022
pre_relief&has_night_post,42,0.012538780089950841,0.015578122072233969,0.08206436416416027,0.5952380952380952,0.38095238095238093,long,0.5952380952380952,0.048369394307934875
has_attack&has_russia,248,0.005854034934504439,0.006084926502743282,0.06300751184895374,0.5241935483870968,0.4596774193548387,long,0.5241935483870968,0.04832510670946502
has_deal&has_exclamation,345,0.005084412014909962,0.005145867911045876,0.06379797397388844,0.5101449275362319,0.47246376811594204,long,0.5101449275362319,0.04817745524124922
has_positive&has_chips,32,0.013609594295430048,0.017620842390851932,0.06345203072122532,0.625,0.375,long,0.625,0.04811718207748171
has_exclamation&has_chips,32,0.013609594295430048,0.017620842390851932,0.06345203072122532,0.625,0.375,long,0.625,0.04811718207748171
has_chips,32,0.013609594295430048,0.017620842390851932,0.06345203072122532,0.625,0.375,long,0.625,0.04811718207748171
open_deal&lots_of_excl,77,0.010045890397885775,0.010479000192366472,0.0799289821229226,0.5454545454545454,0.42857142857142855,long,0.5454545454545454,0.04808308935332299
has_iran&has_night_post,111,0.009164110476569922,0.0,0.07600274750534672,0.4954954954954955,0.4774774774774775,long,0.4954954954954955,0.04784003803037572
positive_heavy&has_russia,219,0.006028406222761386,0.005633893188175865,0.06677319487231316,0.5342465753424658,0.4474885844748858,long,0.5342465753424658,0.047661347177682334
positive_heavy&china_streak_3d,68,0.00913209729734395,0.027006844447176492,0.08180127135878884,0.6323529411764706,0.36764705882352944,long,0.6323529411764706,0.047619466906934325
attack_heavy&china_streak_3d,38,0.010770415520528268,0.03254094404780039,0.08361774658035463,0.7105263157894737,0.2894736842105263,long,0.7105263157894737,0.04717418702154076
open_deal&has_night_post,76,0.009786270947041594,0.010977256533037494,0.0802669953839313,0.5526315789473685,0.42105263157894735,long,0.5526315789473685,0.04714761515460581
has_deal,347,0.004980289197663824,0.003562916531379967,0.06362994155472847,0.5072046109510087,0.4755043227665706,long,0.5072046109510087,0.047054644073772287
has_iran&has_russia,61,0.012191968050156864,0.0,0.07152236609831648,0.4918032786885246,0.47540983606557374,long,0.4918032786885246,0.04683064648150914
has_deal&has_all_caps,97,0.009391766930148775,0.005145867911045876,0.06772323284909734,0.5051546391752577,0.4845360824742268,long,0.5051546391752577,0.04672588322814097
has_china&deal_only,96,0.008976758255763306,0.006129147006170066,0.07189536857586837,0.53125,0.4479166666666667,long,0.53125,0.046725514200739914
posts_very_high&short_posts,159,0.006898934099792278,0.005391062132084512,0.0774132683755416,0.5345911949685535,0.4528301886792453,long,0.5345911949685535,0.04650529033464457
has_attack&open_deal,71,0.010286474759516617,0.007792168090672735,0.08144411546057846,0.5352112676056338,0.43661971830985913,long,0.5352112676056338,0.046389638373859725
pre_deal&has_night_post,162,0.007023417241927679,0.005330537286203474,0.05956799445709153,0.5185185185185185,0.4506172839506173,long,0.5185185185185185,0.04635218894944942
attack_heavy&has_market_brag,78,0.010479132566731721,0.002695531066042256,0.04913493228941643,0.5,0.46153846153846156,long,0.5,0.046274596457961455
has_market_brag&volume_spike,40,0.012705265978013391,0.00992942471451208,0.05340562648883001,0.575,0.375,long,0.575,0.04620421558408446
has_iran&exclamation_heavy,117,0.0085897590905383,0.0,0.07502926888875149,0.49572649572649574,0.47863247863247865,long,0.49572649572649574,0.046059163512807394
posts_high&pre_deal,116,0.007958371944343,0.010169132330886899,0.06517834897797695,0.5344827586206896,0.43103448275862066,long,0.5344827586206896,0.045812809655849586
has_china&volume_spike,78,0.00979770463784106,0.004209638662618698,0.0646469015475636,0.5256410256410257,0.4358974358974359,long,0.5256410256410257,0.045484235389913655
positive_heavy&open_deal,71,0.009825672719536657,0.010479000192366472,0.08182615209704183,0.5492957746478874,0.4225352112676056,long,0.5492957746478874,0.04547761983555111
has_china&has_russia,120,0.007471434207043947,0.01147595492964637,0.06776564082945351,0.55,0.43333333333333335,long,0.55,0.04501500357325063
open_deal&has_exclamation,82,0.00903772892759148,0.010977256533037494,0.07817417803294625,0.5487804878048781,0.4268292682926829,long,0.5487804878048781,0.044912258897612106
has_deal&open_deal,82,0.00903772892759148,0.010977256533037494,0.07817417803294625,0.5487804878048781,0.4268292682926829,long,0.5487804878048781,0.044912258897612106
open_deal,82,0.00903772892759148,0.010977256533037494,0.07817417803294625,0.5487804878048781,0.4268292682926829,long,0.5487804878048781,0.044912258897612106
has_deal&lots_of_excl,323,0.004910477860636648,0.005145867911045876,0.06491678598145499,0.5077399380804953,0.47678018575851394,long,0.5077399380804953,0.044809112701067896
has_china&pre_relief,22,0.01612965143716706,0.010374762085527012,0.0946085390887854,0.5909090909090909,0.36363636363636365,long,0.5909090909090909,0.044705092132614144
pre_deal&deal_only,116,0.007977905624553557,0.004354392221212922,0.06104499440357398,0.5172413793103449,0.46551724137931033,long,0.5172413793103449,0.044443796486882306
has_tariff&tariff_heavy,20,-0.019810789447200567,-0.012265509372731742,0.06677041254910103,0.4,0.5,short,0.5,0.04429827189187595
tariff_heavy&has_exclamation,20,-0.019810789447200567,-0.012265509372731742,0.06677041254910103,0.4,0.5,short,0.5,0.04429827189187595
tariff_heavy,20,-0.019810789447200567,-0.012265509372731742,0.06677041254910103,0.4,0.5,short,0.5,0.04429827189187595
tariff_heavy&has_positive,20,-0.019810789447200567,-0.012265509372731742,0.06677041254910103,0.4,0.5,short,0.5,0.04429827189187595
tariff_heavy&exclamation_heavy,20,-0.019810789447200567,-0.012265509372731742,0.06677041254910103,0.4,0.5,short,0.5,0.04429827189187595
has_market_brag&pre_action,22,0.017269652868055294,0.008455113814284654,0.05695161030282395,0.5454545454545454,0.4090909090909091,long,0.5454545454545454,0.04418282835218533
has_attack&has_market_brag,131,0.00764790094143304,0.0013513896785628532,0.05064605788546713,0.5038167938931297,0.4732824427480916,long,0.5038167938931297,0.044101213711314
has_attack&pre_deal,133,0.007476322970646232,0.003562916531379967,0.058474005607653874,0.5112781954887218,0.45112781954887216,long,0.5112781954887218,0.04408300044596082
has_deal&positive_heavy,280,0.005147409734442533,0.005330537286203474,0.06730841620207592,0.5107142857142857,0.4714285714285714,long,0.5107142857142857,0.04398916935679029
posts_low&has_night_post,91,0.009105106591987105,0.001292188619366863,0.07787397923003518,0.5054945054945055,0.4725274725274725,long,0.5054945054945055,0.04390582781473758
positive_heavy&deal_only,200,0.006073432170138876,0.005207940175684156,0.07021688109192158,0.51,0.48,long,0.51,0.04380456374033364
has_attack&pre_relief,35,0.012945012888196062,0.005722334195029433,0.08012640957785279,0.5714285714285714,0.4,long,0.5714285714285714,0.04376213087989753
has_deal&short_posts,165,0.006560553060594712,0.003562916531379967,0.06560594805681506,0.5151515151515151,0.47878787878787876,long,0.5151515151515151,0.04341276086170337
has_deal&has_positive,334,0.004701368524349876,0.002457993791641022,0.06449147179041474,0.5029940119760479,0.47904191616766467,long,0.5029940119760479,0.043217569961685694
has_relief&has_night_post,91,0.008403698817561454,0.005434714754860792,0.0790629399297907,0.5384615384615384,0.43956043956043955,long,0.5384615384615384,0.04316640320985517
deal_heavy&volume_spike,53,0.011153493998410076,0.005391062132084512,0.06807566368442168,0.5283018867924528,0.41509433962264153,long,0.5283018867924528,0.04289740631735794
has_china&deal_over_tariff,128,0.0072350450955506835,0.005678113691602649,0.06761142924828914,0.5234375,0.4453125,long,0.5234375,0.042846076637505275
has_deal&has_china,161,0.006388474325200297,0.006535959817310699,0.06661106592197592,0.5279503105590062,0.4409937888198758,long,0.5279503105590062,0.0427959963132942
has_exclamation&deal_only,259,0.005191575292758322,0.0013530710519020772,0.06542899313259663,0.5057915057915058,0.4826254826254826,long,0.5057915057915058,0.042259131815388935
pre_relief&lots_of_excl,42,0.010918094741451652,0.015578122072233969,0.0834957610358261,0.5952380952380952,0.38095238095238093,long,0.5952380952380952,0.04211746484523724
has_positive&has_market_brag,166,0.006224023983696771,0.004357697845132624,0.050996321853461715,0.5240963855421686,0.4578313253012048,long,0.5240963855421686,0.04202778153650913
deal_heavy&attack_heavy,82,0.008572698900228928,0.0067130306394243,0.056946993860225434,0.5365853658536586,0.4024390243902439,long,0.5365853658536586,0.041654633773827325
open_deal&exclamation_heavy,80,0.008615904686442752,0.009135584141519604,0.07909337673879,0.5375,0.4375,long,0.5375,0.041421359418071756
has_russia&deal_over_tariff,119,0.007397224160717316,0.005633893188175865,0.060784628418502434,0.5126050420168067,0.46218487394957986,long,0.5126050420168067,0.04136424804889304
has_positive&open_deal,80,0.008583902184685254,0.009135584141519604,0.07909004220364371,0.5375,0.4375,long,0.5375,0.04126750591390514
has_market_brag&exclamation_heavy,166,0.006096164713014383,0.004357697845132624,0.051050014675319715,0.5240963855421686,0.4578313253012048,long,0.5240963855421686,0.041164410587147024
posts_high&has_market_brag,109,0.0072823210066582985,0.005434714754860792,0.0529749577878002,0.5412844036697247,0.43119266055045874,long,0.5412844036697247,0.041153671017813295
has_deal&sig_potus,24,0.01342049005010657,0.02052514547110651,0.05994072340968335,0.625,0.375,long,0.625,0.04109169090107467
has_deal&exclamation_heavy,336,0.004448460389463159,0.0013352499744991864,0.06407278488322031,0.5029761904761905,0.4791666666666667,long,0.5029761904761905,0.04101349633170208
deal_only,261,0.0050523226332176855,0.0013174288970962955,0.06519863678569145,0.5019157088122606,0.48659003831417624,long,0.5019157088122606,0.04096775051803199
has_deal&deal_only,261,0.0050523226332176855,0.0013174288970962955,0.06519863678569145,0.5019157088122606,0.48659003831417624,long,0.5019157088122606,0.04096775051803199
deal_over_tariff&deal_only,261,0.0050523226332176855,0.0013174288970962955,0.06519863678569145,0.5019157088122606,0.48659003831417624,long,0.5019157088122606,0.04096775051803199
attack_heavy&deal_only,115,0.007325273922099002,0.005391062132084512,0.060039814304455125,0.5130434782608696,0.46956521739130436,long,0.5130434782608696,0.04030203360880474
has_attack&open_tariff,29,0.012016934470722251,0.02097902147518904,0.06309881557155224,0.6206896551724138,0.3448275862068966,long,0.6206896551724138,0.040166796787060324
has_attack&has_iran,92,0.008935996807091893,-0.0013315232166577484,0.07327834680383599,0.4673913043478261,0.5,long,0.4673913043478261,0.040060608972303124
attack_heavy&has_iran,53,0.011649997473638074,0.0,0.06607833002419716,0.4716981132075472,0.4716981132075472,long,0.4716981132075472,0.0400062555744932
pre_deal&has_uppercase_phrase,67,0.00905600446972017,0.010479000192366472,0.05642014476088016,0.5373134328358209,0.417910447761194,long,0.5373134328358209,0.03982921322954147
pre_deal&has_all_caps,50,0.011232232881136965,0.002572933955522938,0.05831115456731192,0.5,0.48,long,0.5,0.03971194019059231
has_relief&has_positive,93,0.007651026427452733,0.005434714754860792,0.07898695503316559,0.5376344086021505,0.44086021505376344,long,0.5376344086021505,0.03966872410187191
has_relief,93,0.007651026427452733,0.005434714754860792,0.07898695503316559,0.5376344086021505,0.44086021505376344,long,0.5376344086021505,0.03966872410187191
has_relief&has_exclamation,93,0.007651026427452733,0.005434714754860792,0.07898695503316559,0.5376344086021505,0.44086021505376344,long,0.5376344086021505,0.03966872410187191
open_tariff&lots_of_excl,29,0.011861902389746635,0.02097902147518904,0.06319128724057432,0.6206896551724138,0.3448275862068966,long,0.6206896551724138,0.03964859956236926
has_positive&open_tariff,29,0.011861902389746635,0.02097902147518904,0.06319128724057432,0.6206896551724138,0.3448275862068966,long,0.6206896551724138,0.03964859956236926
has_iran,120,0.007249346347243969,0.0,0.07504871510018847,0.49166666666666664,0.48333333333333334,long,0.49166666666666664,0.039044533461939805
has_iran&has_exclamation,120,0.007249346347243969,0.0,0.07504871510018847,0.49166666666666664,0.48333333333333334,long,0.49166666666666664,0.039044533461939805
pre_relief,43,0.010068647128010779,0.01502718997602459,0.08268361474158667,0.5813953488372093,0.3953488372093023,long,0.5813953488372093,0.038386357305128245
pre_relief&has_exclamation,43,0.010068647128010779,0.01502718997602459,0.08268361474158667,0.5813953488372093,0.3953488372093023,long,0.5813953488372093,0.038386357305128245
has_relief&pre_relief,43,0.010068647128010779,0.01502718997602459,0.08268361474158667,0.5813953488372093,0.3953488372093023,long,0.5813953488372093,0.038386357305128245
has_positive&pre_relief,43,0.010068647128010779,0.01502718997602459,0.08268361474158667,0.5813953488372093,0.3953488372093023,long,0.5813953488372093,0.038386357305128245
pre_relief&exclamation_heavy,43,0.010068647128010779,0.01502718997602459,0.08268361474158667,0.5813953488372093,0.3953488372093023,long,0.5813953488372093,0.038386357305128245
has_china&tariff_only,21,0.01348463153802312,0.017684783476606736,0.05608090250852659,0.6190476190476191,0.3333333333333333,long,0.6190476190476191,0.03825364198288269
has_russia&china_streak_3d,29,0.012062413224779637,0.026016265661863658,0.06422797098405533,0.5862068965517241,0.41379310344827586,long,0.5862068965517241,0.03807887635111555
posts_very_high&pre_deal,79,0.008008743947189357,0.010479000192366472,0.07012593760063454,0.5316455696202531,0.4177215189873418,long,0.5316455696202531,0.03784427184970854
has_market_brag&has_exclamation,169,0.005583102443991871,0.003567314620042117,0.05101838603051041,0.5207100591715976,0.46153846153846156,long,0.5207100591715976,0.03779330885163728
has_market_brag,169,0.005583102443991871,0.003567314620042117,0.05101838603051041,0.5207100591715976,0.46153846153846156,long,0.5207100591715976,0.03779330885163728
lots_of_excl&deal_only,239,0.00486408703792307,0.0013174288970962955,0.06700981969959152,0.502092050209205,0.4895397489539749,long,0.502092050209205,0.0377557961999748
has_positive&high_emotion,25,0.01562605321470194,0.0,0.06199615088664186,0.48,0.48,long,0.48,0.03750252771528466
has_relief&exclamation_heavy,92,0.007294126686137178,0.005412888443472652,0.07934432908452904,0.532608695652174,0.44565217391304346,long,0.532608695652174,0.03726279852444017
has_iran&deal_over_tariff,71,0.009067356299610502,0.0,0.07044745787486635,0.4788732394366197,0.49295774647887325,long,0.4788732394366197,0.03658730529193319
has_positive&deal_only,248,0.004680455414569869,0.0,0.06641032793572291,0.4959677419354839,0.49193548387096775,long,0.4959677419354839,0.03655673357224981
has_deal&has_uppercase_phrase,136,0.006080420919501113,0.005534303971518328,0.06665016581394881,0.5147058823529411,0.4632352941176471,long,0.5147058823529411,0.03649742546678737
has_china&china_streak_3d,48,0.00813842834989418,0.026144365357662958,0.07317337687372755,0.6458333333333334,0.3333333333333333,long,0.6458333333333334,0.03641510943908712
has_iran&has_uppercase_phrase,56,0.010074538608429535,0.0,0.07838735498539046,0.48214285714285715,0.48214285714285715,long,0.48214285714285715,0.036349204952477863
has_deal&china_streak_3d,36,0.009910587678813892,0.027945693757693513,0.08619362121468492,0.6111111111111112,0.3888888888888889,long,0.6111111111111112,0.03633882148898428
posts_low&short_posts,124,0.006373503959577856,0.0006460943096834315,0.08133027349960859,0.5,0.4838709677419355,long,0.5,0.035486168212493625
has_deal&has_iran,78,0.008425056954026382,0.0,0.0692981583462177,0.47435897435897434,0.48717948717948717,long,0.47435897435897434,0.03529614445149589
open_tariff,30,0.010727243718392314,0.020225323077782353,0.06240246670875992,0.6,0.36666666666666664,long,0.6,0.03525332018651439
has_tariff&open_tariff,30,0.010727243718392314,0.020225323077782353,0.06240246670875992,0.6,0.36666666666666664,long,0.6,0.03525332018651439
open_tariff&has_exclamation,30,0.010727243718392314,0.020225323077782353,0.06240246670875992,0.6,0.36666666666666664,long,0.6,0.03525332018651439
open_tariff&exclamation_heavy,30,0.010727243718392314,0.020225323077782353,0.06240246670875992,0.6,0.36666666666666664,long,0.6,0.03525332018651439
has_tariff&has_relief,20,-0.01424955730728622,-0.01206454658939804,0.05755293929269684,0.35,0.55,short,0.55,0.03504927666720794
short_posts&deal_only,142,0.005687565169077059,0.002457993791641022,0.06774196292955734,0.5140845070422535,0.4859154929577465,long,0.5140845070422535,0.03484216024710528
deal_over_tariff&china_streak_3d,31,0.010208199429485126,0.027741223840890727,0.09015789129518746,0.6129032258064516,0.3870967741935484,long,0.6129032258064516,0.03483548809196232
high_emotion,70,0.008315199470874416,0.0006460943096834315,0.09808768130547853,0.5,0.4857142857142857,long,0.5,0.0347849750496896
has_market_brag&lots_of_excl,160,0.005279559066097421,0.002474197249190402,0.05084923793054233,0.51875,0.4625,long,0.51875,0.03464302075728806
short_posts&deal_over_tariff,157,0.005423320910237682,0.0013530710519020772,0.06659110974959534,0.5095541401273885,0.4840764331210191,long,0.5095541401273885,0.0346262503097576
posts_very_high&pre_relief,23,0.012716631075885956,0.005722334195029433,0.07726979299844385,0.5652173913043478,0.391304347826087,long,0.5652173913043478,0.03447081140838852
has_deal&has_russia,139,0.005829757983893864,0.0,0.06032957900698414,0.49640287769784175,0.48201438848920863,long,0.49640287769784175,0.03411867967410019
exclamation_heavy&deal_only,250,0.00434071418616036,0.0,0.0658471780591425,0.496,0.492,long,0.496,0.03404182788017577
posts_high&has_iran,79,0.007740538438257915,0.0,0.07448104316671851,0.4936708860759494,0.4810126582278481,long,0.4936708860759494,0.03396426595979353
positive_heavy&open_tariff,28,0.01038421000792327,0.020225323077782353,0.06383857628884458,0.6071428571428571,0.35714285714285715,long,0.6071428571428571,0.03336133093772582
brag_heavy&has_night_post,39,0.00886484176549941,0.005586753280118595,0.04347840119927944,0.5897435897435898,0.38461538461538464,long,0.5897435897435898,0.032648747150723946
has_iran&lots_of_excl,112,0.0061650419441006115,0.0,0.07480582131698232,0.48214285714285715,0.49107142857142855,long,0.48214285714285715,0.03145725219800389
has_relief&lots_of_excl,89,0.006202526040406622,0.005391062132084512,0.07983801451531722,0.5280898876404494,0.449438202247191,long,0.5280898876404494,0.030900922931521725
sig_potus&has_uppercase_phrase,31,0.010111838264628173,0.012722624467682797,0.06077932869962303,0.5483870967741935,0.45161290322580644,long,0.5483870967741935,0.030874376014595514
deal_heavy&has_china,88,0.006417102259611917,0.00538988054961087,0.06987887923686709,0.5113636363636364,0.4431818181818182,long,0.5113636363636364,0.030782942970220512
exclamation_heavy&volume_drop,103,0.00555803957416761,0.010694949970934786,0.05724663321630336,0.5436893203883495,0.44660194174757284,long,0.5436893203883495,0.03066839508108962
has_positive&volume_drop,120,0.005242206648826551,0.005450604542734605,0.05675578392729237,0.5333333333333333,0.45,long,0.5333333333333333,0.03062693154843589
has_relief&attack_heavy,48,0.008468244102619564,0.005150262304696507,0.06577633284952082,0.5208333333333334,0.4375,long,0.5208333333333334,0.030557143826317912
deal_heavy&has_russia,64,0.007181191988800486,0.0067130306394243,0.0629888306394151,0.515625,0.4375,long,0.515625,0.029622416953802005
posts_very_high&has_iran,55,0.008412642864999249,0.0,0.07401766089402816,0.4727272727272727,0.4909090909090909,long,0.4727272727272727,0.029493373845181314
has_china&pre_deal,89,0.005783322330909121,0.010479000192366472,0.05805698274243653,0.5393258426966292,0.4157303370786517,long,0.5393258426966292,0.029425485168754116
has_uppercase_phrase&deal_over_tariff,118,0.0053243675088685055,0.005290291332953334,0.0692542824750155,0.5084745762711864,0.4745762711864407,long,0.5084745762711864,0.029408865510161232
open_tariff&has_night_post,29,0.009261380085205813,0.019471624680375665,0.06297917734189808,0.5862068965517241,0.3793103448275862,long,0.5862068965517241,0.029236516817444613
posts_low&volume_spike,40,0.008743368572026788,0.010790963849477753,0.12889020711204488,0.525,0.475,long,0.525,0.02903140706543555
has_china&volume_drop,25,-0.010920992713345732,-0.01029407760228851,0.049489229608683495,0.44,0.52,short,0.52,0.028394581054698907
posts_low&exclamation_heavy,32,0.008833735548953059,0.00784530443963194,0.04490347401649112,0.5625,0.4375,long,0.5625,0.0281087743944302
has_tariff&has_market_brag,36,0.008420149744822572,0.012406044225485968,0.045289725001802575,0.5555555555555556,0.3888888888888889,long,0.5555555555555556,0.028067165816075237
has_iran&short_posts,46,0.009026762526833721,-0.003939082608924227,0.07716338286770552,0.45652173913043476,0.5217391304347826,long,0.45652173913043476,0.027949394018743804
has_tariff&short_posts,44,0.007244076904086049,0.013850719177867066,0.06630264810769446,0.5681818181818182,0.4090909090909091,long,0.5681818181818182,0.027302142094696353
has_iran&deal_only,60,0.0075160379686788036,-0.0032064978116794207,0.07206451987821859,0.4666666666666667,0.5166666666666667,long,0.4666666666666667,0.027168857223345253
posts_high&sig_potus,42,0.007307850225844784,0.01609712457402923,0.06027251242389435,0.5714285714285714,0.42857142857142855,long,0.5714285714285714,0.027063018500857922
high_emotion&has_exclamation,38,0.008675755896711976,0.0006460943096834315,0.08856541022621123,0.5,0.47368421052631576,long,0.5,0.026740475568015985
has_russia&deal_only,97,0.00544872470763956,0.0,0.0638518167191104,0.4948453608247423,0.4948453608247423,long,0.4948453608247423,0.02655524033649901
has_tariff&has_china,86,0.00523200972212158,0.016272502105212694,0.05760682654352697,0.5465116279069767,0.4069767441860465,long,0.5465116279069767,0.02651655953489489
has_russia&open_deal,34,0.008102818512632434,0.007164063953991717,0.06447266540204975,0.5588235294117647,0.4117647058823529,long,0.5588235294117647,0.026402816301076815
has_uppercase_phrase&deal_only,98,0.005306805948113221,0.002572933955522938,0.07308350044432448,0.5,0.4897959183673469,long,0.5,0.02626734930646375
open_deal&has_all_caps,28,0.009915839731532086,-0.0035932989762772483,0.07721016814952139,0.5,0.5,long,0.5,0.026234845970007376
open_deal&short_posts,44,0.00752746738766048,0.006084926502743282,0.08435818699681537,0.5227272727272727,0.45454545454545453,long,0.5227272727272727,0.026100593353165936
has_russia&pre_deal,71,0.006233522536186574,0.0,0.059775540112115444,0.49295774647887325,0.4647887323943662,long,0.49295774647887325,0.0258924057415949
has_market_brag&deal_only,53,-0.00631205739315732,-0.002702478916737916,0.05577047786611061,0.4339622641509434,0.5471698113207547,short,0.5471698113207547,0.02514380513281686
posts_very_high&has_russia,124,0.00437461017484172,0.003420362017116818,0.07264407913067773,0.5161290322580645,0.4596774193548387,long,0.5161290322580645,0.02514250181445919
has_uppercase_phrase&volume_drop,27,0.008677363093933669,0.026272465053462257,0.058884518344410115,0.5555555555555556,0.4444444444444444,long,0.5555555555555556,0.025049389590693638
has_tariff&pre_deal,54,0.006331515265067202,0.018860326671039096,0.055476529801206285,0.5370370370370371,0.4074074074074074,long,0.5370370370370371,0.024986692735758865
short_posts&china_streak_3d,48,0.005964448668512629,0.007121002550505406,0.09068987907578412,0.6041666666666666,0.375,long,0.6041666666666666,0.024965926321417666
high_emotion&short_posts,61,0.006238692894345958,0.001292188619366863,0.09937406123869133,0.5081967213114754,0.4918032786885246,long,0.5081967213114754,0.024762265964599125
has_attack&volume_drop,72,0.005327905718521935,0.010869265701338948,0.05776410044020856,0.5416666666666666,0.4444444444444444,long,0.5416666666666666,0.02448808871008139
high_emotion&volume_spike,22,-0.011316836309606525,0.010790963849477753,0.13315410037501071,0.5454545454545454,0.45454545454545453,short,0.45454545454545453,0.024127576080872938
has_tariff&volume_spike,42,0.007050343244542792,0.017738911708263028,0.05866222304841417,0.5238095238095238,0.42857142857142855,long,0.5238095238095238,0.023933614782342256
has_all_caps&deal_over_tariff,84,0.005568087283123598,-0.0019438374708009576,0.07065961718317296,0.4642857142857143,0.5238095238095238,long,0.4642857142857143,0.023693597061675262
has_action&pre_deal,53,0.006080117895352742,0.010479000192366472,0.06120261031386926,0.5283018867924528,0.41509433962264153,long,0.5283018867924528,0.023384715843444728
has_china&pre_tariff,41,0.006796177218369412,0.005633893188175865,0.0614923715387354,0.5365853658536586,0.4146341463414634,long,0.5365853658536586,0.02335046037839666
has_tariff&has_deal,86,0.0047616760967387345,0.009349844580827993,0.05897602578814904,0.5232558139534884,0.4418604651162791,long,0.5232558139534884,0.023105913237353785
posts_low&high_emotion,58,0.006051157717313705,0.0006460943096834315,0.10451724146880877,0.5,0.4827586206896552,long,0.5,0.023042122101429276
posts_low&has_uppercase_phrase,21,-0.008727269465294087,-0.0026313911234870924,0.06758108095306958,0.42857142857142855,0.5714285714285714,short,0.5714285714285714,0.022853355962849674
short_posts&has_chips,20,0.008487855427072916,0.016115214191609772,0.0597319336943732,0.6,0.4,long,0.6,0.02277530606175066
has_tariff&has_uppercase_phrase,56,0.005442369155057332,0.012549492162255316,0.05106283199742098,0.5535714285714286,0.4107142857142857,long,0.5535714285714286,0.022545282259560664
posts_very_high&has_tariff,65,0.004887952856039067,0.017684783476606736,0.06473032306274273,0.5692307692307692,0.38461538461538464,long,0.5692307692307692,0.02243220960178466
posts_high&has_tariff,96,0.004026561835952208,0.013072854523785371,0.06414260396282526,0.5625,0.40625,long,0.5625,0.022191799310656055
deal_only&china_streak_3d,24,0.007645666014792621,0.027945693757693513,0.10037262784033027,0.5833333333333334,0.4166666666666667,long,0.5833333333333334,0.021849310559977204
has_relief&pre_deal,31,0.0075553851810904425,0.005145867911045876,0.08460836990464572,0.5161290322580645,0.41935483870967744,long,0.5161290322580645,0.02171179579805389
has_tariff&has_attack,113,0.003831537925878062,0.006313152340926553,0.061154445558200106,0.5309734513274337,0.4336283185840708,long,0.5309734513274337,0.021626446109260188
has_relief&has_china,39,0.007059204204222293,0.0,0.08394822793587792,0.48717948717948717,0.46153846153846156,long,0.48717948717948717,0.021477169394549276
posts_very_high&has_market_brag,63,0.005473634767288199,0.0,0.05814411320784386,0.49206349206349204,0.4603174603174603,long,0.49206349206349204,0.02137800796271837
has_tariff&lots_of_excl,132,0.0033535036506488203,0.009349844580827993,0.06116132461031446,0.5454545454545454,0.42424242424242425,long,0.5454545454545454,0.02101572197077759
attack_heavy&tariff_only,23,-0.008383333680289732,-0.0034129557936258825,0.08316751242789677,0.4782608695652174,0.5217391304347826,short,0.5217391304347826,0.02097655092228664
pre_tariff&volume_spike,22,-0.007980656650365726,-0.006890139952720142,0.060949816918832465,0.4090909090909091,0.5454545454545454,short,0.5454545454545454,0.02041778057815367
brag_heavy&has_exclamation,43,0.005470788148790289,0.005434714754860792,0.04468197945546264,0.5581395348837209,0.4186046511627907,long,0.5581395348837209,0.02002289691079382
brag_heavy,43,0.005470788148790289,0.005434714754860792,0.04468197945546264,0.5581395348837209,0.4186046511627907,long,0.5581395348837209,0.02002289691079382
has_market_brag&brag_heavy,43,0.005470788148790289,0.005434714754860792,0.04468197945546264,0.5581395348837209,0.4186046511627907,long,0.5581395348837209,0.02002289691079382
brag_heavy&exclamation_heavy,43,0.005470788148790289,0.005434714754860792,0.04468197945546264,0.5581395348837209,0.4186046511627907,long,0.5581395348837209,0.02002289691079382
has_russia&short_posts,141,0.003204603958860318,0.005633893188175865,0.06910637754030514,0.524822695035461,0.46099290780141844,long,0.524822695035461,0.019970849013565755
pre_deal&sig_potus,20,0.007301008849132479,0.0195014702389662,0.061410820258381384,0.6,0.4,long,0.6,0.019590662509185276
has_tariff&has_positive,137,0.003079347997052559,0.00868303428252859,0.060726561584896484,0.5401459854014599,0.4306569343065693,long,0.5401459854014599,0.019468397611219018
lots_of_excl&tariff_rising,25,0.00642579785805264,0.018249028661702527,0.06021684964847107,0.6,0.4,long,0.6,0.01927739357415792
has_tariff&has_night_post,127,0.00321627733880255,0.006313152340926553,0.05678550424992601,0.5275590551181102,0.4409448818897638,long,0.5275590551181102,0.01912169703891565
lots_of_excl&volume_drop,79,0.004025421365007303,0.005755341174423334,0.0559879931367468,0.5316455696202531,0.45569620253164556,long,0.5316455696202531,0.019021602070375114
has_tariff&exclamation_heavy,136,0.0030085542010109137,0.008479468856073091,0.06078891564778158,0.5367647058823529,0.4338235294117647,long,0.5367647058823529,0.018832641791124184
has_tariff&attack_heavy,73,0.004036194311011373,0.010016654879127396,0.06502511398909913,0.5342465753424658,0.4246575342465753,long,0.5342465753424658,0.018423631686223407
attack_heavy&open_deal,49,0.004483271853686769,0.011475512873708515,0.07171826687188043,0.5714285714285714,0.3877551020408163,long,0.5714285714285714,0.017933087414747074
has_positive&brag_heavy,42,0.005034151822273543,0.005412888443472652,0.04513065419851436,0.5476190476190477,0.42857142857142855,long,0.5476190476190477,0.017866089279075282
positive_heavy&brag_heavy,37,0.005140787967473495,0.005434714754860792,0.04662007986057459,0.5675675675675675,0.40540540540540543,long,0.5675675675675675,0.01774794705188838
has_relief&has_market_brag,24,-0.0065951194704833805,-0.01456682090273792,0.05905445864794907,0.4166666666666667,0.5416666666666666,short,0.5416666666666666,0.017500900619993553
has_night_post&tariff_only,46,0.004358930806998722,0.007294527885272073,0.052822203762038694,0.5652173913043478,0.41304347826086957,long,0.5652173913043478,0.01670992140812113
brag_heavy&lots_of_excl,42,0.004534378554571027,0.005412888443472652,0.044794521564589865,0.5476190476190477,0.42857142857142855,long,0.5476190476190477,0.016092405422231285
has_night_post&high_emotion,42,0.00538652393668509,-0.003762722337989466,0.09034856994746077,0.4523809523809524,0.5238095238095238,long,0.4523809523809524,0.015792015073548583
deal_only&volume_drop,29,-0.005250469051867419,-0.0030770112102329605,0.043913674243986955,0.41379310344827586,0.5517241379310345,short,0.5517241379310345,0.015599802018794644
deal_over_tariff&volume_drop,29,-0.005250469051867419,-0.0030770112102329605,0.043913674243986955,0.41379310344827586,0.5517241379310345,short,0.5517241379310345,0.015599802018794644
deal_heavy&has_market_brag,37,0.004726702715601395,0.00868303428252859,0.05770165314569773,0.5405405405405406,0.3783783783783784,long,0.5405405405405406,0.015541302794767032
pre_tariff&lots_of_excl,61,0.003758774411565902,0.005633893188175865,0.06052834415000523,0.5245901639344263,0.4426229508196721,long,0.5245901639344263,0.015400375936912162
deal_heavy&pre_deal,98,0.003257747251869327,0.0,0.06304472204846139,0.46938775510204084,0.47959183673469385,long,0.46938775510204084,0.015137779709525354
has_tariff&deal_heavy,58,0.0035425700974326536,0.013072854523785371,0.06211549041064439,0.5517241379310345,0.39655172413793105,long,0.5517241379310345,0.01488519176478085
brag_heavy&deal_over_tariff,22,-0.005738653445152998,-0.02408925323422595,0.0465825287688881,0.45454545454545453,0.5454545454545454,short,0.5454545454545454,0.01468182030507853
has_tariff&has_exclamation,139,0.00230964804658493,0.008275903429617593,0.06071821507266167,0.5323741007194245,0.43884892086330934,long,0.5323741007194245,0.014496732493820275
has_tariff,139,0.00230964804658493,0.008275903429617593,0.06071821507266167,0.5323741007194245,0.43884892086330934,long,0.5323741007194245,0.014496732493820275
has_action&has_market_brag,41,0.004869940352248303,0.0,0.05999513000447121,0.4634146341463415,0.4878048780487805,long,0.4634146341463415,0.014450581194691076
brag_heavy&has_china,20,0.005294326862466109,0.007915047285483534,0.041534470846624906,0.6,0.35,long,0.6,0.01420616971149288
attack_heavy&pre_deal,92,0.0030249593058607315,0.0,0.05665064609810047,0.4891304347826087,0.45652173913043476,long,0.4891304347826087,0.014191821387181034
has_deal&volume_drop,31,-0.0043630235897785166,-0.0030770112102329605,0.04286982719709248,0.41935483870967744,0.5483870967741935,short,0.5483870967741935,0.013321576883065938
has_market_brag&has_russia,56,0.003797268814598837,-0.0019474503739791982,0.05740383760757243,0.4642857142857143,0.5178571428571429,long,0.4642857142857143,0.013193216130445062
has_tariff&open_deal,23,-0.006170339956075695,0.0,0.06446146599362969,0.4782608695652174,0.43478260869565216,short,0.43478260869565216,0.012866048204740797
has_all_caps&deal_only,68,0.0035755341704926833,-0.0028897450634854382,0.07403482343943614,0.4264705882352941,0.5588235294117647,long,0.4264705882352941,0.012574319015748533
has_russia&tariff_only,23,-0.005252024130243446,0.0013641224986153944,0.07426957609823027,0.5217391304347826,0.4782608695652174,short,0.4782608695652174,0.012046350075444629
has_tariff&has_iran,23,0.004770715921932017,0.015804577160414945,0.06107549936462566,0.5217391304347826,0.391304347826087,long,0.5217391304347826,0.01193715642113294
deal_heavy&pre_tariff,25,0.00396948663320559,0.023622121002969232,0.06908237586489809,0.6,0.36,long,0.6,0.01190845989961677
posts_high&pre_tariff,44,-0.0032869347004723507,-0.001589860709874158,0.061184251460980076,0.4772727272727273,0.5,short,0.5,0.010901529111866
has_positive&tariff_rising,26,0.003618516107342924,0.014132841770414961,0.06071184253378967,0.5769230769230769,0.4230769230769231,long,0.5769230769230769,0.010644740908610407
tariff_rising,26,0.003618516107342924,0.014132841770414961,0.06071184253378967,0.5769230769230769,0.4230769230769231,long,0.5769230769230769,0.010644740908610407
has_tariff&tariff_rising,26,0.003618516107342924,0.014132841770414961,0.06071184253378967,0.5769230769230769,0.4230769230769231,long,0.5769230769230769,0.010644740908610407
exclamation_heavy&tariff_rising,26,0.003618516107342924,0.014132841770414961,0.06071184253378967,0.5769230769230769,0.4230769230769231,long,0.5769230769230769,0.010644740908610407
has_exclamation&tariff_rising,26,0.003618516107342924,0.014132841770414961,0.06071184253378967,0.5769230769230769,0.4230769230769231,long,0.5769230769230769,0.010644740908610407
has_tariff&has_russia,65,0.0024771308942247764,0.0013641224986153944,0.06050655573963186,0.5076923076923077,0.46153846153846156,long,0.5076923076923077,0.010139259009260656
pre_deal&volume_spike,47,0.002895073362554811,0.005145867911045876,0.06311994928803688,0.5106382978723404,0.425531914893617,long,0.5106382978723404,0.010134956433956123
has_russia&volume_drop,27,0.0037457831410317877,0.027741223840890727,0.06436214844852822,0.5185185185185185,0.4444444444444444,long,0.5185185185185185,0.010092268222403101
has_deal&tariff_rising,22,0.003593194822300714,0.018860326671039096,0.06374029192524173,0.5909090909090909,0.4090909090909091,long,0.5909090909090909,0.009958932231557175
has_deal&open_tariff,20,0.004016496126948721,0.018860326671039096,0.06395332206867463,0.55,0.4,long,0.55,0.009879274208344163
positive_heavy&tariff_only,40,-0.003564250295502383,0.005921609024829855,0.06856622217267926,0.55,0.425,short,0.425,0.009580476722008372
has_market_brag&short_posts,83,0.002029562336244522,0.0013513896785628532,0.05255531450969845,0.5180722891566265,0.4819277108433735,long,0.5180722891566265,0.009579256541455564
has_market_brag&pre_deal,41,0.0029833523131317565,0.0,0.056379617162342195,0.4878048780487805,0.43902439024390244,long,0.4878048780487805,0.009318427075617221
has_positive&pre_tariff,63,0.0020889580586544573,0.0013641224986153944,0.06034935058014682,0.5079365079365079,0.4603174603174603,long,0.5079365079365079,0.008421887272295576
has_deal&pre_tariff,41,0.002362366539349151,0.005633893188175865,0.06449698255740109,0.5121951219512195,0.4634146341463415,long,0.5121951219512195,0.007747733057608418
has_market_brag&deal_over_tariff,69,-0.0016523906459950445,-0.0012562838181148228,0.05439463658720476,0.463768115942029,0.5072463768115942,short,0.5072463768115942,0.006962356014217054
positive_heavy&pre_tariff,56,-0.0018825958857660366,0.0,0.061096303090494915,0.48214285714285715,0.48214285714285715,short,0.48214285714285715,0.006792456345062196
positive_heavy&volume_drop,45,0.0019300099159687198,0.005145867911045876,0.05874576438473002,0.5111111111111111,0.4666666666666667,long,0.5111111111111111,0.0066173044996772285
has_iran&has_all_caps,26,-0.001999516955281461,-0.017827027678271823,0.08106147318070367,0.38461538461538464,0.6153846153846154,short,0.6153846153846154,0.006274200598609108
pre_tariff&exclamation_heavy,62,0.0015558913783082853,0.0006820612493076972,0.060692291062981456,0.5,0.46774193548387094,long,0.5,0.006125550481953264
has_attack&brag_heavy,34,0.002095120842474717,0.002695531066042256,0.047949062232288724,0.5,0.47058823529411764,long,0.5,0.006108274423178917
short_posts&tariff_only,21,0.002089637275742914,0.017741003808138256,0.0805931185559345,0.6190476190476191,0.38095238095238093,long,0.6190476190476191,0.0059279510897243684
has_russia&pre_tariff,31,0.0021264246515761615,-0.003179721419748316,0.05724696209922472,0.4838709677419355,0.5161290322580645,long,0.4838709677419355,0.00572875712675274
attack_heavy&pre_tariff,33,0.0018066548449267735,0.0013641224986153944,0.05971870322639491,0.5151515151515151,0.45454545454545453,long,0.5151515151515151,0.005346470088939578
tariff_only,53,-0.001669114449891057,0.006313152340926553,0.06381526069218116,0.5471698113207547,0.4339622641509434,short,0.4339622641509434,0.0052732215490346535
has_exclamation&tariff_only,53,-0.001669114449891057,0.006313152340926553,0.06381526069218116,0.5471698113207547,0.4339622641509434,short,0.4339622641509434,0.0052732215490346535
has_tariff&tariff_only,53,-0.001669114449891057,0.006313152340926553,0.06381526069218116,0.5471698113207547,0.4339622641509434,short,0.4339622641509434,0.0052732215490346535
has_market_brag&has_uppercase_phrase,70,0.0013850612771724724,-0.002617946772637547,0.054251306331310804,0.44285714285714284,0.5285714285714286,long,0.44285714285714284,0.005131941078889098
attack_heavy&pre_relief,23,0.0020278620569944127,0.005145867911045876,0.07512585029033855,0.5217391304347826,0.43478260869565216,long,0.5217391304347826,0.005074061623233171
positive_heavy&tariff_rising,25,0.0016337651884046078,0.010016654879127396,0.06109681253945269,0.56,0.44,long,0.56,0.004574542527532902
posts_high&tariff_only,28,-0.0021286314581782256,0.012345926735799817,0.07819283261602142,0.6071428571428571,0.39285714285714285,short,0.39285714285714285,0.004425008870266578
pre_tariff&tariff_only,23,-0.001908887382091167,0.0,0.054589666234280215,0.4782608695652174,0.4782608695652174,short,0.4782608695652174,0.004378335873754514
has_attack&tariff_only,42,-0.001618286054896112,0.007294527885272073,0.06821121104480585,0.5714285714285714,0.40476190476190477,short,0.40476190476190477,0.004245018310945934
attack_heavy&brag_heavy,26,0.0015053696548870592,0.005412888443472652,0.04753422109115962,0.5384615384615384,0.4230769230769231,long,0.5384615384615384,0.004133181901390527
pre_tariff&has_night_post,59,-0.001091339077852809,0.0,0.06008144981615873,0.4745762711864407,0.4915254237288136,short,0.4915254237288136,0.004120327135637739
has_tariff&positive_heavy,120,0.0007001523316336559,0.006954898308896729,0.06262325062206793,0.525,0.44166666666666665,long,0.525,0.004026636870118708
has_relief&volume_spike,27,-0.0014283562512972412,-0.004081600042847522,0.08252134100890064,0.4444444444444444,0.5185185185185185,short,0.5185185185185185,0.0038484220421973526
has_deal&has_market_brag,80,0.000797545200303025,0.0,0.05181138281939699,0.4875,0.475,long,0.4875,0.003477562301862187
pre_tariff,64,0.0008273846613315369,0.0006820612493076972,0.06071321279052924,0.5,0.46875,long,0.5,0.0033095386453261474
has_tariff&pre_tariff,64,0.0008273846613315369,0.0006820612493076972,0.06071321279052924,0.5,0.46875,long,0.5,0.0033095386453261474
pre_tariff&has_exclamation,64,0.0008273846613315369,0.0006820612493076972,0.06071321279052924,0.5,0.46875,long,0.5,0.0033095386453261474
has_market_brag&has_iran,27,-0.0011686365754528527,-0.002663046433315497,0.05991749591559601,0.4444444444444444,0.5185185185185185,short,0.5185185185185185,0.0031486589933052193
has_deal&brag_heavy,26,-0.0011103469681952305,0.002695531066042256,0.04451397900536839,0.5,0.46153846153846156,short,0.46153846153846156,0.0026130834727781846
pre_tariff&pre_deal,31,0.0009270689438354977,0.0,0.06349459602492548,0.4838709677419355,0.4838709677419355,long,0.4838709677419355,0.0024975974648582663
has_iran&pre_deal,41,-0.000735501789759441,-0.002663046433315497,0.06200641985699411,0.4146341463414634,0.5121951219512195,short,0.5121951219512195,0.002412187709033225
pre_deal&open_deal,31,-0.0007242641886900971,0.0,0.07596727019288227,0.45161290322580644,0.4838709677419355,short,0.4838709677419355,0.00195122532535293
has_attack&pre_tariff,51,-0.0004935694365928227,0.0,0.06215512112232328,0.47058823529411764,0.49019607843137253,short,0.49019607843137253,0.001727838630364638
posts_high&brag_heavy,32,-0.0006591960259540418,0.005412888443472652,0.04552776862835336,0.53125,0.4375,short,0.4375,0.0016314269302916422
lots_of_excl&tariff_only,48,0.00039781114507542875,0.00990168597121921,0.06541228105310729,0.5833333333333334,0.3958333333333333,long,0.5833333333333334,0.0016077346018715244
has_positive&tariff_only,51,0.00024248100542489066,0.008275903429617593,0.06406728536580461,0.5686274509803921,0.4117647058823529,long,0.5686274509803921,0.0009846698356895305
posts_very_high&pre_tariff,27,0.0003300453203917923,0.0013641224986153944,0.057506636184970344,0.5185185185185185,0.4444444444444444,long,0.5185185185185185,0.000889241521340562
has_night_post&tariff_rising,24,-0.0003814975198389396,0.006791984749584756,0.061556238616336884,0.5416666666666666,0.4583333333333333,short,0.4583333333333333,0.000856601406597479
posts_very_high&tariff_only,21,-0.00020574406744996074,0.01641595004198204,0.08425629099603356,0.6190476190476191,0.38095238095238093,short,0.38095238095238093,0.0003591762906200171
exclamation_heavy&tariff_only,50,-6.8154596409408795e-06,0.007294527885272073,0.06428586192239939,0.56,0.42,short,0.42,2.0240882461852618e-05
