event,n,mean_ret,median_ret,std,hit_up,hit_down,direction,directional_hit,score
silence_day,225,0.016589867111533717,0.013636019563388002,0.03574334724078899,0.6681818181818182,0.32727272727272727,long,0.6681818181818182,0.16627571354969023
posts_low&silence_day,225,0.016589867111533717,0.013636019563388002,0.03574334724078899,0.6681818181818182,0.32727272727272727,long,0.6681818181818182,0.16627571354969023
silence_day&volume_drop,147,0.016777961702655633,0.013573437119998033,0.03729469549695179,0.6938775510204082,0.30612244897959184,long,0.6938775510204082,0.14114994170844414
posts_low,418,0.010178233293831378,0.006910959980348741,0.03251995614505241,0.6271186440677966,0.36319612590799033,long,0.6271186440677966,0.13049992268198501
posts_low&volume_drop,223,0.01174186796075085,0.006622558245485521,0.03283300711072948,0.6412556053811659,0.34977578475336324,long,0.6412556053811659,0.11243998999634651
volume_drop,318,0.009818069448917013,0.006378836824821987,0.02972783369431662,0.6257861635220126,0.36163522012578614,long,0.6257861635220126,0.10956342908250022
has_attack&short_posts,308,0.008970565786399435,0.00831870888962094,0.025719209785965962,0.672077922077922,0.3181818181818182,long,0.672077922077922,0.10580710278737364
has_positive&short_posts,444,0.007036001309165697,0.006779601325492934,0.02608059807273682,0.6351351351351351,0.3490990990990991,long,0.6351351351351351,0.09416370430014735
has_attack&exclamation_heavy,613,0.005779421856935122,0.006555413548192446,0.024781161256613084,0.6247960848287113,0.3572593800978793,long,0.6247960848287113,0.08940317303778622
has_attack,631,0.005724577589616639,0.006470695507785562,0.024596121672485087,0.6212361331220285,0.3613312202852615,long,0.6212361331220285,0.08933359954011334
has_attack&has_exclamation,631,0.005724577589616639,0.006470695507785562,0.024596121672485087,0.6212361331220285,0.3613312202852615,long,0.6212361331220285,0.08933359954011334
short_posts,554,0.006040285217860458,0.0064994584192219484,0.02699302166483944,0.628158844765343,0.3555956678700361,long,0.628158844765343,0.0893062405779758
has_attack&lots_of_excl,585,0.005881510676284969,0.006798762195142638,0.025093461878287773,0.6273504273504273,0.35384615384615387,long,0.6273504273504273,0.08924358765599766
lots_of_excl&short_posts,372,0.007108449136293043,0.007099693146533914,0.026893490509726562,0.6478494623655914,0.3387096774193548,long,0.6478494623655914,0.08882197646434839
has_attack&has_night_post,574,0.005960422954358324,0.006547729267464719,0.024701735926245045,0.6219512195121951,0.3588850174216028,long,0.6219512195121951,0.08881561931125884
exclamation_heavy&short_posts,426,0.006773412403704721,0.006779601325492934,0.026158647880480796,0.6338028169014085,0.3544600938967136,long,0.6338028169014085,0.08860668388187591
posts_very_high&deal_heavy,74,0.013501329630244781,0.011038634741364683,0.026214665875289807,0.7567567567567568,0.24324324324324326,long,0.7567567567567568,0.08789187060740343
has_action&has_attack,147,0.009952299728287338,0.010320304378201861,0.026079639804282895,0.7142857142857143,0.2653061224489796,long,0.7142857142857143,0.08618944390773801
has_exclamation&short_posts,497,0.006086619736057019,0.006470695507785562,0.02676745673634877,0.6277665995975855,0.358148893360161,long,0.6277665995975855,0.08518292907873279
has_attack&has_positive,611,0.005569274796570182,0.006345019235125315,0.024808295119906208,0.618657937806874,0.36333878887070375,long,0.618657937806874,0.08516670434598589
posts_very_high&deal_over_tariff,113,0.011685743765742084,0.008982065066193368,0.024594222018043854,0.6814159292035398,0.3008849557522124,long,0.6814159292035398,0.08464627727723167
posts_very_high&positive_heavy,211,0.008846917086089982,0.008384799872649173,0.027092848152759256,0.6492890995260664,0.33649289099526064,long,0.6492890995260664,0.08343942383832352
has_attack&has_all_caps,148,0.010448442229926583,0.010795321623300325,0.024882188260638767,0.6554054054054054,0.3310810810810811,long,0.6554054054054054,0.08330909609364527
has_action&attack_heavy,104,0.011462738681515785,0.01047444322869151,0.02303852846767706,0.7115384615384616,0.2692307692307692,long,0.7115384615384616,0.08317703630776004
has_all_caps&lots_of_excl,172,0.009235036906011447,0.00979119637264414,0.027357332225950926,0.6744186046511628,0.3081395348837209,long,0.6744186046511628,0.081683135657864
has_night_post&short_posts,461,0.006044573403247614,0.006528221330658335,0.027094076311989766,0.6290672451193059,0.3579175704989154,long,0.6290672451193059,0.08164191651616809
posts_very_high&has_attack,206,0.00875564684184493,0.008143801606879886,0.02714896725449491,0.6407766990291263,0.3446601941747573,long,0.6407766990291263,0.08052459645372781
posts_very_high&deal_only,89,0.012661877184650791,0.009535080360775883,0.025437111421669,0.6629213483146067,0.3146067415730337,long,0.6629213483146067,0.07918722153852134
posts_very_high&has_action,94,0.011287702609229365,0.011038634741364683,0.030279546555686633,0.723404255319149,0.26595744680851063,long,0.723404255319149,0.07916815878974791
posts_very_high&has_night_post,222,0.00827142343881079,0.008094171860021704,0.028216239423062128,0.6351351351351351,0.35135135135135137,long,0.6351351351351351,0.07827496455937867
posts_very_high&has_deal,130,0.010214866358421058,0.009198501423542393,0.02439035269949684,0.6692307692307692,0.3153846153846154,long,0.6692307692307692,0.07794356496548417
has_positive,883,0.004375354169060726,0.004860112175871123,0.025107470559835348,0.5979614949037373,0.38165345413363533,long,0.5979614949037373,0.07774398252330365
has_positive&has_exclamation,875,0.004388852483754331,0.004866036558835329,0.025183640518962883,0.5977142857142858,0.38171428571428573,long,0.5977142857142858,0.07759766376243495
has_all_caps&exclamation_heavy,179,0.008793322925977422,0.009259401082315044,0.026941461372792797,0.659217877094972,0.3240223463687151,long,0.659217877094972,0.07755477001395278
has_attack&attack_heavy,295,0.00705460289245228,0.00764847503316779,0.023410661366391035,0.6372881355932203,0.33220338983050846,long,0.6372881355932203,0.07721815370368199
attack_heavy&has_exclamation,295,0.00705460289245228,0.00764847503316779,0.023410661366391035,0.6372881355932203,0.33220338983050846,long,0.6372881355932203,0.07721815370368199
attack_heavy,295,0.00705460289245228,0.00764847503316779,0.023410661366391035,0.6372881355932203,0.33220338983050846,long,0.6372881355932203,0.07721815370368199
has_positive&has_night_post,782,0.004590107498050902,0.005460264705518858,0.025188015112761326,0.6010230179028133,0.37851662404092073,long,0.6010230179028133,0.07714669723870483
attack_heavy&exclamation_heavy,294,0.007070153180517838,0.007721233003137207,0.02344905107943085,0.6360544217687075,0.3333333333333333,long,0.6360544217687075,0.07710752521605395
attack_heavy&has_positive,290,0.007039705267693436,0.007721233003137207,0.023546556864318936,0.6379310344827587,0.3310344827586207,long,0.6379310344827587,0.07647635954335447
has_positive&has_all_caps,180,0.008693040702269615,0.009039485355162302,0.026911955503191254,0.6555555555555556,0.3277777777777778,long,0.6555555555555556,0.076457037769693
posts_high&has_action,133,0.009381824311364917,0.010320304378201861,0.0306172557044023,0.6992481203007519,0.2857142857142857,long,0.6992481203007519,0.07565618255218702
attack_heavy&lots_of_excl,292,0.00694646850565591,0.007721233003137207,0.02336506244221953,0.636986301369863,0.3321917808219178,long,0.636986301369863,0.07561110578632953
has_night_post&has_exclamation,829,0.004376130497425802,0.005416805682264991,0.025588619800861214,0.5995174909529554,0.38118214716525933,long,0.5995174909529554,0.07553867935225728
attack_heavy&has_night_post,280,0.007150079292875056,0.007099693146533914,0.022936679482459654,0.6285714285714286,0.3392857142857143,long,0.6285714285714286,0.07520461810271255
posts_very_high&lots_of_excl,223,0.007906855230399261,0.008098710363909856,0.02902495846090633,0.6367713004484304,0.34977578475336324,long,0.6367713004484304,0.07518647084165388
positive_heavy&has_all_caps,148,0.009485573186734429,0.009039485355162302,0.025052557372706098,0.6486486486486487,0.33783783783783783,long,0.6486486486486487,0.07485209404367957
posts_very_high&china_streak_3d,27,0.019430517595756407,0.017064625223275787,0.03396291425475608,0.7407407407407407,0.25925925925925924,long,0.7407407407407407,0.07478809709602481
has_exclamation,952,0.004066324148327554,0.004855554839586329,0.02550961000483924,0.5955882352941176,0.3855042016806723,long,0.5955882352941176,0.07472511297418871
posts_high&has_attack,353,0.006368453258147335,0.006809425803949498,0.026603403498601522,0.6203966005665722,0.3654390934844193,long,0.6203966005665722,0.0742319258260082
has_action&volume_spike,59,0.01183976165960913,0.010455141939932133,0.023315292760649878,0.8135593220338984,0.1864406779661017,long,0.8135593220338984,0.07398747248337717
short_posts&china_streak_3d,42,0.01541983992232664,0.012800382772882424,0.029967655725206835,0.7380952380952381,0.2619047619047619,long,0.7380952380952381,0.07375932163272031
has_night_post&has_all_caps,179,0.008324126607515275,0.009259401082315044,0.02789019938934327,0.659217877094972,0.3240223463687151,long,0.659217877094972,0.07341658324701104
posts_very_high&has_exclamation,225,0.007745550105074024,0.008089633356133552,0.028946236808207786,0.6311111111111111,0.35555555555555557,long,0.6311111111111111,0.07332454099470075
posts_very_high,225,0.007745550105074024,0.008089633356133552,0.028946236808207786,0.6311111111111111,0.35555555555555557,long,0.6311111111111111,0.07332454099470075
posts_very_high&exclamation_heavy,225,0.007745550105074024,0.008089633356133552,0.028946236808207786,0.6311111111111111,0.35555555555555557,long,0.6311111111111111,0.07332454099470075
posts_very_high&has_positive,225,0.007745550105074024,0.008089633356133552,0.028946236808207786,0.6311111111111111,0.35555555555555557,long,0.6311111111111111,0.07332454099470075
posts_high&posts_very_high,225,0.007745550105074024,0.008089633356133552,0.028946236808207786,0.6311111111111111,0.35555555555555557,long,0.6311111111111111,0.07332454099470075
has_night_post,858,0.004177412482690285,0.004869149277187401,0.025622359423204018,0.5979020979020979,0.3822843822843823,long,0.5979020979020979,0.07316124398568034
has_night_post&deal_only,240,0.007386531155048711,0.008326700335782977,0.025098254400826157,0.6375,0.3333333333333333,long,0.6375,0.07295017598185202
positive_heavy&short_posts,288,0.006911394504550144,0.0068175503661160874,0.027710335490324384,0.6215277777777778,0.3645833333333333,long,0.6215277777777778,0.07289915099754078
deal_heavy&deal_only,93,0.010802170179151275,0.010047312384512397,0.027998169876367607,0.6989247311827957,0.2903225806451613,long,0.6989247311827957,0.07280863638124295
deal_only&volume_spike,53,0.013207883675290093,0.011117918911017544,0.01937580541898608,0.7547169811320755,0.22641509433962265,long,0.7547169811320755,0.07256969400826123
has_all_caps,183,0.008152751286894327,0.00881956962800956,0.027631839631740943,0.6557377049180327,0.32786885245901637,long,0.6557377049180327,0.07232024601689464
has_all_caps&has_exclamation,183,0.008152751286894327,0.00881956962800956,0.027631839631740943,0.6557377049180327,0.32786885245901637,long,0.6557377049180327,0.07232024601689464
has_night_post&lots_of_excl,698,0.004527607692583645,0.0056389522539072034,0.02560965836397663,0.6045845272206304,0.3753581661891118,long,0.6045845272206304,0.07231918592638967
has_exclamation&lots_of_excl,758,0.004332284985067053,0.005537209774703289,0.025753918212867127,0.6055408970976254,0.37467018469656993,long,0.6055408970976254,0.07222625556226432
lots_of_excl,758,0.004332284985067053,0.005537209774703289,0.025753918212867127,0.6055408970976254,0.37467018469656993,long,0.6055408970976254,0.07222625556226432
exclamation_heavy&lots_of_excl,755,0.004329705713138174,0.005576302126708121,0.025769983281564077,0.6066225165562914,0.37350993377483444,long,0.6066225165562914,0.07216894903036553
has_attack&deal_over_tariff,231,0.0074976174704428486,0.007591661514282366,0.023672964790421833,0.6320346320346321,0.3463203463203463,long,0.6320346320346321,0.07202282379343258
has_night_post&exclamation_heavy,765,0.0043303974080463525,0.004872261995539473,0.025162623425793788,0.596078431372549,0.38562091503267976,long,0.596078431372549,0.07139402701208052
has_russia&deal_over_tariff,115,0.009524991557410182,0.009135036466964452,0.021285298552678755,0.6956521739130435,0.2782608695652174,long,0.6956521739130435,0.07105680340586712
posts_high&short_posts,236,0.007314588896653208,0.007941812164620088,0.030838433819849055,0.6313559322033898,0.3559322033898305,long,0.6313559322033898,0.07094473802321417
exclamation_heavy,841,0.004096996332322835,0.00486487960238402,0.025274402286213922,0.5969084423305588,0.38525564803804996,long,0.5969084423305588,0.07092041926986425
has_exclamation&exclamation_heavy,841,0.004096996332322835,0.00486487960238402,0.025274402286213922,0.5969084423305588,0.38525564803804996,long,0.5969084423305588,0.07092041926986425
pre_action&has_uppercase_phrase,41,0.014634536168740499,0.014285553784052718,0.027398204495064894,0.7560975609756098,0.21951219512195122,long,0.7560975609756098,0.07085144757597923
posts_high&attack_heavy,241,0.007087612536157998,0.008089633356133552,0.024451061294739198,0.6431535269709544,0.3360995850622407,long,0.6431535269709544,0.0707657549981805
has_russia&deal_only,95,0.010431507047550238,0.009535080360775883,0.0208821112635627,0.6947368421052632,0.2736842105263158,long,0.6947368421052632,0.07063650270870775
has_action&positive_heavy,150,0.008387278513136715,0.00882434914012542,0.026150207807582104,0.6866666666666666,0.29333333333333333,long,0.6866666666666666,0.07053629756142651
has_night_post&deal_over_tariff,280,0.006739685460872605,0.007583851168945888,0.024832469570523555,0.625,0.35,long,0.625,0.07048531770656247
attack_heavy&short_posts,152,0.008671007917351054,0.008286846361249545,0.026788158267608417,0.6578947368421053,0.3223684210526316,long,0.6578947368421053,0.07033116134943908
has_attack&deal_only,195,0.007972152257866143,0.007591661514282366,0.024113291708787385,0.6307692307692307,0.3435897435897436,long,0.6307692307692307,0.07022041476256942
has_action&lots_of_excl,172,0.007871335497450276,0.00862719702078596,0.028300750135543874,0.6744186046511628,0.3023255813953488,long,0.6744186046511628,0.06962130977822802
has_attack&positive_heavy,475,0.005210639142202426,0.006399090088794912,0.026428589931440198,0.6126315789473684,0.3684210526315789,long,0.6126315789473684,0.06957243147964516
attack_heavy&pre_action,44,0.013983362866761152,0.013281108896875837,0.02642257925564518,0.75,0.22727272727272727,long,0.75,0.06956635190465278
deal_heavy&has_russia,61,0.011630198614522911,0.012673622972689591,0.024645286122763156,0.7540983606557377,0.2459016393442623,long,0.7540983606557377,0.06849833980575654
posts_high&has_all_caps,136,0.008963395316004303,0.00979119637264414,0.028876125093584528,0.6544117647058824,0.33088235294117646,long,0.6544117647058824,0.06840582785716394
has_positive&lots_of_excl,737,0.004178601312435937,0.00544632282154045,0.026014797576600347,0.6024423337856174,0.37720488466757124,long,0.6024423337856174,0.06834081639051565
has_attack&has_china,233,0.006953642679503965,0.008188892849849916,0.023828880935526073,0.6437768240343348,0.34334763948497854,long,0.6437768240343348,0.0683322417622064
has_deal&short_posts,166,0.008222315235055866,0.007692826243694495,0.02381420732396056,0.6445783132530121,0.3313253012048193,long,0.6445783132530121,0.06828477092666627
has_action,188,0.00748322335197763,0.008695740929406837,0.028242306611985755,0.6648936170212766,0.30851063829787234,long,0.6648936170212766,0.06822126941331644
posts_high&deal_heavy,107,0.009657376316994955,0.008982065066193368,0.026821652793891485,0.6822429906542056,0.308411214953271,long,0.6822429906542056,0.06815380794081645
attack_heavy&deal_over_tariff,140,0.00853609109992602,0.008717033061729773,0.02078402727954405,0.6714285714285714,0.3,long,0.6714285714285714,0.06781454889141536
has_action&has_exclamation,186,0.007447310572200357,0.008695740929406837,0.02832126032400925,0.6666666666666666,0.3064516129032258,long,0.6666666666666666,0.06771184982503477
deal_over_tariff&volume_spike,68,0.011348098962003419,0.009731125082701908,0.02073663738345899,0.7205882352941176,0.2647058823529412,long,0.7205882352941176,0.06743179773072969
has_deal&has_russia,134,0.008386057598678288,0.009274987123927936,0.021336316220684718,0.6865671641791045,0.291044776119403,long,0.6865671641791045,0.0666489434463643
has_action&short_posts,104,0.009565837422203958,0.010641616037739166,0.03339057172827721,0.6826923076923077,0.3076923076923077,long,0.6826923076923077,0.06659853479340115
deal_heavy&deal_over_tariff,137,0.00854323905945378,0.008767432909402073,0.026444339890973924,0.6642335766423357,0.3284671532846715,long,0.6642335766423357,0.0664207335805584
posts_very_high&short_posts,159,0.00834379371594582,0.008188892849849916,0.03155588313654171,0.6289308176100629,0.3584905660377358,long,0.6289308176100629,0.0661705883733592
has_attack&china_streak_3d,60,0.012202826156026811,0.009142211927364863,0.029091618381793232,0.7,0.3,long,0.7,0.06616587947053855
deal_heavy&has_attack,118,0.008941623726678517,0.009475009070833651,0.026766525595940328,0.6779661016949152,0.3220338983050847,long,0.6779661016949152,0.06585145476462126
has_positive&exclamation_heavy,809,0.0038866464942869912,0.004845454504520896,0.02562899697613063,0.5933250927070457,0.38813349814585907,long,0.5933250927070457,0.06559066260393401
deal_heavy&short_posts,65,0.011463139227553319,0.008767432909402073,0.02641794239128476,0.7076923076923077,0.2923076923076923,long,0.7076923076923077,0.06540406185584112
has_deal&has_night_post,319,0.0059223698285310565,0.008089633356133552,0.02436215481285856,0.6175548589341693,0.3605015673981191,long,0.6175548589341693,0.06532304312787728
posts_high&positive_heavy,368,0.005578260496973471,0.006372054661960114,0.02811988179138505,0.6086956521739131,0.37771739130434784,long,0.6086956521739131,0.06513627226311239
has_action&has_night_post,183,0.007213474601844021,0.008666633214057473,0.02833395814512118,0.6666666666666666,0.30601092896174864,long,0.6666666666666666,0.06505471713071875
positive_heavy&has_night_post,578,0.00449578774102677,0.005472220122119453,0.025982925178926832,0.6003460207612457,0.3806228373702422,long,0.6003460207612457,0.06488904079200096
has_action&deal_only,70,0.011277455266772414,0.01027800427142278,0.02307802712834699,0.6857142857142857,0.2857142857142857,long,0.6857142857142857,0.06469985844160908
has_all_caps&short_posts,125,0.008497895314545208,0.010047312384512397,0.02998374351120164,0.68,0.304,long,0.68,0.06460636340260015
posts_very_high&open_deal,43,0.01365179377444979,0.010493744517450887,0.027895514138700665,0.7209302325581395,0.27906976744186046,long,0.7209302325581395,0.0645382500254535
has_deal&has_attack,262,0.006426344778808141,0.007692826243694495,0.023429885404932804,0.6183206106870229,0.36259541984732824,long,0.6183206106870229,0.06431738682513595
attack_heavy&deal_only,114,0.008913507074769343,0.009100856787416678,0.020870283210164625,0.6754385964912281,0.2894736842105263,long,0.6754385964912281,0.06428163478399752
has_deal&attack_heavy,160,0.007664935641625109,0.00887474898779772,0.02088488736761411,0.6625,0.3125,long,0.6625,0.06423243507726958
attack_heavy&positive_heavy,254,0.006427438742861199,0.007464123072756568,0.02426194381922712,0.6259842519685039,0.3464566929133858,long,0.6259842519685039,0.06412364664691286
posts_very_high&pre_action,42,0.013396657584471651,0.01587775868608632,0.026986988945981966,0.7380952380952381,0.23809523809523808,long,0.7380952380952381,0.06408162345095031
short_posts&deal_only,143,0.008386103023573921,0.007591661514282366,0.024260124348288885,0.6363636363636364,0.3356643356643357,long,0.6363636363636364,0.06381658600189598
pre_deal&short_posts,66,0.011769665964772861,0.010674122628407057,0.02572651453006717,0.6666666666666666,0.3181818181818182,long,0.6666666666666666,0.0637448122050343
has_action&exclamation_heavy,180,0.007122071076915254,0.00862719702078596,0.028520639758634767,0.6666666666666666,0.3111111111111111,long,0.6666666666666666,0.06370174027427056
posts_high&deal_over_tariff,187,0.007286049224921666,0.0073737113647851515,0.027502251681016988,0.6363636363636364,0.3422459893048128,long,0.6363636363636364,0.063404233860315
posts_high&deal_only,152,0.007939780383522062,0.00794635066850824,0.028763694544378736,0.6447368421052632,0.32894736842105265,long,0.6447368421052632,0.06311212040677389
posts_high&lots_of_excl,401,0.005186517842946993,0.006345019235125315,0.028687118956006556,0.6059850374064838,0.3790523690773067,long,0.6059850374064838,0.06293756893924106
has_action&has_positive,181,0.007113024219022874,0.008587760827514446,0.028516943562145413,0.6574585635359116,0.3149171270718232,long,0.6574585635359116,0.06291612424295688
posts_high&has_night_post,392,0.005274396269756355,0.0059213618942489665,0.028296061871836756,0.5994897959183674,0.3852040816326531,long,0.5994897959183674,0.06260335155123509
has_deal&has_all_caps,91,0.009790091429758868,0.008783178626344368,0.021270939933944986,0.6703296703296703,0.2967032967032967,long,0.6703296703296703,0.0626031068152183
has_attack&pre_action,58,0.011351180936153485,0.011176919300991739,0.025575346585334863,0.7241379310344828,0.25862068965517243,long,0.7241379310344828,0.06260028925380721
short_posts&deal_over_tariff,159,0.007739711397285906,0.006819739431116023,0.024022283120455738,0.6352201257861635,0.33962264150943394,long,0.6352201257861635,0.06199370300584564
has_russia&has_night_post,268,0.0059979314439028205,0.00678180708788878,0.022819454005456735,0.6305970149253731,0.34328358208955223,long,0.6305970149253731,0.06191855392615521
posts_high&exclamation_heavy,404,0.005067717060949077,0.006159397705281067,0.02861372450864905,0.6014851485148515,0.38366336633663367,long,0.6014851485148515,0.06126718838303782
posts_high,404,0.005067717060949077,0.006159397705281067,0.02861372450864905,0.6014851485148515,0.38366336633663367,long,0.6014851485148515,0.06126718838303782
posts_high&has_exclamation,404,0.005067717060949077,0.006159397705281067,0.02861372450864905,0.6014851485148515,0.38366336633663367,long,0.6014851485148515,0.06126718838303782
posts_high&has_positive,402,0.00506660511902815,0.006159397705281067,0.02868128917275401,0.6019900497512438,0.38308457711442784,long,0.6019900497512438,0.06115322949407579
has_deal&volume_spike,84,0.009487228967252518,0.009931637218226319,0.021049244173963,0.7023809523809523,0.2857142857142857,long,0.7023809523809523,0.06107335113787929
has_china&short_posts,152,0.007841654606603654,0.008256338674537012,0.02672021379277317,0.631578947368421,0.35526315789473684,long,0.631578947368421,0.06106004900639209
attack_heavy&has_china,144,0.007678693500998757,0.00887474898779772,0.023627928285325173,0.6597222222222222,0.3194444444444444,long,0.6597222222222222,0.06078965688290682
deal_heavy&has_positive,144,0.007674549649183216,0.009198501423542393,0.026583754412500205,0.6597222222222222,0.3333333333333333,long,0.6597222222222222,0.06075685138936712
attack_heavy&has_russia,149,0.007781547802185628,0.00764847503316779,0.02265072125721243,0.6375838926174496,0.3288590604026846,long,0.6375838926174496,0.060561477330654874
deal_over_tariff,309,0.005571084012553943,0.006798762195142638,0.025569569678650324,0.6148867313915858,0.3592233009708738,long,0.6148867313915858,0.06021630031243658
has_deal&deal_over_tariff,309,0.005571084012553943,0.006798762195142638,0.025569569678650324,0.6148867313915858,0.3592233009708738,long,0.6148867313915858,0.06021630031243658
has_action&deal_over_tariff,86,0.009450416202915857,0.009274987123927936,0.02368050564976794,0.686046511627907,0.29069767441860467,long,0.686046511627907,0.06012481063814039
positive_heavy&lots_of_excl,590,0.0041308268980413225,0.005443752133600155,0.02666580175510689,0.5983050847457627,0.38305084745762713,long,0.5983050847457627,0.060032398582297086
has_china&lots_of_excl,279,0.005762145491625392,0.00764847503316779,0.02344248407051849,0.6236559139784946,0.3655913978494624,long,0.6236559139784946,0.06002488911804468
deal_heavy,149,0.007535377073299286,0.008767432909402073,0.026207774664592197,0.6510067114093959,0.3422818791946309,long,0.6510067114093959,0.05988024788646296
deal_heavy&has_exclamation,149,0.007535377073299286,0.008767432909402073,0.026207774664592197,0.6510067114093959,0.3422818791946309,long,0.6510067114093959,0.05988024788646296
has_deal&deal_heavy,149,0.007535377073299286,0.008767432909402073,0.026207774664592197,0.6510067114093959,0.3422818791946309,long,0.6510067114093959,0.05988024788646296
posts_high&has_deal,216,0.006468148978993926,0.008094171860021704,0.026675746279747437,0.6296296296296297,0.35185185185185186,long,0.6296296296296297,0.0598538439645033
has_attack&has_uppercase_phrase,222,0.0066949638432180466,0.006477831454629768,0.025710384760327998,0.5990990990990991,0.38288288288288286,long,0.5990990990990991,0.05976176145343614
lots_of_excl&deal_over_tariff,280,0.005811673387342338,0.006704702934638429,0.025560990922013565,0.6142857142857143,0.35714285714285715,long,0.6142857142857143,0.05973799338566643
posts_very_high&attack_heavy,161,0.007422229583141247,0.008098710363909856,0.025884878182070765,0.6335403726708074,0.34782608695652173,long,0.6335403726708074,0.05966527099408705
deal_heavy&has_night_post,140,0.007835976551941968,0.008746140777079137,0.02636638603757729,0.6428571428571429,0.35,long,0.6428571428571429,0.059603480305439806
has_attack&has_russia,252,0.00587678392439546,0.007795015757052992,0.024184432389920695,0.6388888888888888,0.3373015873015873,long,0.6388888888888888,0.05960261696244829
has_action&has_uppercase_phrase,90,0.009107464223532025,0.009889257980478794,0.03446106831841395,0.6888888888888889,0.28888888888888886,long,0.6888888888888889,0.05952068335337336
deal_heavy&lots_of_excl,139,0.007794000814339753,0.008767432909402073,0.02594397046665499,0.6474820143884892,0.34532374100719426,long,0.6474820143884892,0.05949706687775691
positive_heavy,614,0.004032398442669884,0.004868570798961747,0.026375314496140546,0.5944625407166124,0.38599348534201955,long,0.5944625407166124,0.05939804037486216
positive_heavy&has_exclamation,614,0.004032398442669884,0.004868570798961747,0.026375314496140546,0.5944625407166124,0.38599348534201955,long,0.5944625407166124,0.05939804037486216
has_positive&positive_heavy,614,0.004032398442669884,0.004868570798961747,0.026375314496140546,0.5944625407166124,0.38599348534201955,long,0.5944625407166124,0.05939804037486216
has_exclamation&deal_over_tariff,307,0.0055315054160012525,0.006798762195142638,0.025632941775934958,0.6123778501628665,0.36156351791530944,long,0.6123778501628665,0.05935154155275462
deal_heavy&volume_spike,50,0.01133833735974797,0.011038634741364683,0.022893831806906913,0.74,0.26,long,0.74,0.05932887273499338
pre_action,84,0.009523164820596989,0.01027800427142278,0.023567950870404992,0.6785714285714286,0.2976190476190476,long,0.6785714285714286,0.05922656066232849
has_action&pre_action,84,0.009523164820596989,0.01027800427142278,0.023567950870404992,0.6785714285714286,0.2976190476190476,long,0.6785714285714286,0.05922656066232849
has_deal&has_action,99,0.008656334891412645,0.009815962051940241,0.0229926315283925,0.6868686868686869,0.29292929292929293,long,0.6868686868686869,0.05915961857043868
has_china&has_all_caps,86,0.009624841908350404,0.011700583617204163,0.02616300706950776,0.6627906976744186,0.313953488372093,long,0.6627906976744186,0.059158783493459606
deal_only,265,0.005870351076962524,0.006819739431116023,0.02608955763119259,0.6188679245283019,0.35094339622641507,long,0.6188679245283019,0.05914049921113568
has_deal&deal_only,265,0.005870351076962524,0.006819739431116023,0.02608955763119259,0.6188679245283019,0.35094339622641507,long,0.6188679245283019,0.05914049921113568
deal_over_tariff&deal_only,265,0.005870351076962524,0.006819739431116023,0.02608955763119259,0.6188679245283019,0.35094339622641507,long,0.6188679245283019,0.05914049921113568
has_all_caps&deal_only,66,0.010905237043157011,0.008326700335782977,0.0212726568065532,0.6666666666666666,0.2878787878787879,long,0.6666666666666666,0.05906304303351084
has_russia&has_exclamation,286,0.005564245379685513,0.006639863427861825,0.023393652358477037,0.6258741258741258,0.34965034965034963,long,0.6258741258741258,0.058894710085261114
pre_action&deal_only,30,0.014017419622732308,0.011344540304418671,0.016762679399274175,0.7666666666666667,0.2,long,0.7666666666666667,0.05886203642795965
pre_action&has_exclamation,82,0.00949145879497096,0.01027800427142278,0.023662293133169858,0.6829268292682927,0.2926829268292683,long,0.6829268292682927,0.05869675164668937
lots_of_excl&deal_only,238,0.00614561769526829,0.006814582617532761,0.026311032985738253,0.6176470588235294,0.3487394957983193,long,0.6176470588235294,0.05855910042193435
has_russia&exclamation_heavy,282,0.005548511281846167,0.006639863427861825,0.02337566173923209,0.6276595744680851,0.3475177304964539,long,0.6276595744680851,0.05848239983067618
positive_heavy&exclamation_heavy,609,0.003990469919486637,0.00486487960238402,0.02647283707798141,0.5927750410509032,0.3891625615763547,long,0.5927750410509032,0.058374422485159824
has_russia,287,0.005515252369893329,0.0065148748750887275,0.023367463580505798,0.6236933797909407,0.3519163763066202,long,0.6236933797909407,0.05827435462723923
has_exclamation&deal_only,263,0.005826426761324277,0.006819739431116023,0.026166520314026366,0.6159695817490495,0.35361216730038025,long,0.6159695817490495,0.05820220415907744
has_positive&has_russia,279,0.005572774167924541,0.0065148748750887275,0.023551691763630953,0.6236559139784946,0.35125448028673834,long,0.6236559139784946,0.0580521876783116
has_china,304,0.005441408018026856,0.0068175503661160874,0.023722967818232143,0.6085526315789473,0.3815789473684211,long,0.6085526315789473,0.05773593838569655
has_china&has_exclamation,304,0.005441408018026856,0.0068175503661160874,0.023722967818232143,0.6085526315789473,0.3815789473684211,long,0.6085526315789473,0.05773593838569655
has_relief&deal_only,35,0.013099500444057728,0.014212559886753295,0.04075568602796557,0.7428571428571429,0.2571428571428571,long,0.7428571428571429,0.0575697123825901
has_night_post&has_uppercase_phrase,278,0.005702292811447966,0.0063231235293184085,0.027013694437307858,0.60431654676259,0.3776978417266187,long,0.60431654676259,0.05745613368057628
posts_very_high&has_china,130,0.0077042513210993,0.00887474898779772,0.0261318044160749,0.6538461538461539,0.33076923076923076,long,0.6538461538461539,0.05743514093337879
deal_heavy&attack_heavy,78,0.009222046138577788,0.009475009070833651,0.022445186459280213,0.7051282051282052,0.2948717948717949,long,0.7051282051282052,0.057430510777934145
deal_heavy&exclamation_heavy,147,0.007315728630034338,0.0087248486447562,0.026315576818930302,0.6462585034013606,0.3469387755102041,long,0.6462585034013606,0.057322157131073546
attack_heavy&has_all_caps,100,0.008681958571720492,0.00867759686845826,0.023575901507124616,0.66,0.32,long,0.66,0.057300926573355254
has_deal,350,0.004992511785141679,0.007059672054938293,0.02497475559496013,0.6114285714285714,0.3657142857142857,long,0.6114285714285714,0.05710824971826147
pre_action&has_night_post,83,0.00927473340671021,0.010100866602913428,0.023600307594089463,0.6746987951807228,0.30120481927710846,long,0.6746987951807228,0.05700991794339553
posts_high&pre_action,59,0.010644671617235764,0.010493744517450887,0.02637833128798049,0.6949152542372882,0.288135593220339,long,0.6949152542372882,0.05681854642945278
has_all_caps&deal_over_tariff,81,0.009617839492888278,0.008464507821716039,0.0217017228673241,0.654320987654321,0.30864197530864196,long,0.654320987654321,0.056638388124786526
has_positive&has_china,297,0.005393043971117781,0.006798762195142638,0.023848628846793847,0.6060606060606061,0.3838383838383838,long,0.6060606060606061,0.05632850717749149
has_deal&has_exclamation,348,0.0049542710564161015,0.007059672054938293,0.025027665168914668,0.6091954022988506,0.367816091954023,long,0.6091954022988506,0.05630228266601854
has_russia&lots_of_excl,263,0.005493092798272204,0.006798762195142638,0.02363318520036346,0.6311787072243346,0.34220532319391633,long,0.6311787072243346,0.056227289672249235
pre_action&has_all_caps,27,0.014606461995819296,0.015444298882734131,0.03144583740138978,0.7407407407407407,0.2222222222222222,long,0.7407407407407407,0.05622029843462873
has_action&has_china,89,0.008820180869391578,0.010320304378201861,0.02721103227872323,0.6741573033707865,0.3146067415730337,long,0.6741573033707865,0.05609623813696635
posts_high&has_russia,170,0.006585114794062854,0.007869054194650671,0.02525416156871588,0.6529411764705882,0.32941176470588235,long,0.6529411764705882,0.05606113268991649
posts_high&has_china,202,0.006251606376764,0.008143801606879886,0.02536564409568735,0.6237623762376238,0.36633663366336633,long,0.6237623762376238,0.05542254770612347
has_china&has_night_post,284,0.005383884967335965,0.00719010485450533,0.024080210152285942,0.6091549295774648,0.38028169014084506,long,0.6091549295774648,0.055269139786368444
has_uppercase_phrase,298,0.005328188730711224,0.0063231235293184085,0.027936360321897686,0.6006711409395973,0.3825503355704698,long,0.6006711409395973,0.055249009775925464
has_russia&pre_deal,65,0.009676204565839562,0.009535080360775883,0.023406237852477047,0.7076923076923077,0.2923076923076923,long,0.7076923076923077,0.05520853139712066
posts_very_high&volume_spike,84,0.008573779029443252,0.00961544991641583,0.025700978627927498,0.7023809523809523,0.2857142857142857,long,0.7023809523809523,0.05519308314906366
has_uppercase_phrase&short_posts,162,0.006879770922184219,0.008455772663369276,0.030601100935152576,0.6296296296296297,0.35802469135802467,long,0.6296296296296297,0.05513363695031354
has_deal&lots_of_excl,320,0.005052501958069574,0.006814582617532761,0.024894765203148494,0.609375,0.365625,long,0.609375,0.05507647194413501
has_all_caps&volume_spike,48,0.010900767170695944,0.011718102039887657,0.028558095087656336,0.7291666666666666,0.2708333333333333,long,0.7291666666666666,0.055068657528278955
positive_heavy&has_uppercase_phrase,233,0.0059578512012850434,0.006345019235125315,0.026559522753144302,0.6051502145922747,0.38197424892703863,long,0.6051502145922747,0.05503396515861705
has_positive&pre_action,79,0.009227103003216393,0.010100866602913428,0.024039725671493543,0.6708860759493671,0.3037974683544304,long,0.6708860759493671,0.055020900332439795
pre_deal&pre_action,31,0.01223334369895581,0.010821138532651986,0.019211263252109558,0.8064516129032258,0.1935483870967742,long,0.8064516129032258,0.054929334746207543
has_positive&has_uppercase_phrase,287,0.005439321834100027,0.006301227823511502,0.027484629947729624,0.5958188153310104,0.3867595818815331,long,0.5958188153310104,0.05490348573113783
exclamation_heavy&deal_over_tariff,299,0.005212273153449509,0.006563344309844954,0.025695942730234005,0.6086956521739131,0.36454849498327757,long,0.6086956521739131,0.054860904173104366
pre_action&exclamation_heavy,78,0.009108016236351909,0.010031710255965387,0.024085519028164616,0.6794871794871795,0.3076923076923077,long,0.6794871794871795,0.05465782733849803
deal_heavy&open_deal,49,0.010927155017361042,0.00941493778089142,0.029886305678522188,0.7142857142857143,0.2857142857142857,long,0.7142857142857143,0.05463577508680521
has_uppercase_phrase&lots_of_excl,269,0.005474365651529813,0.006301227823511502,0.0275636400072032,0.6059479553903345,0.3754646840148699,long,0.6059479553903345,0.054405808238987725
has_positive&deal_over_tariff,295,0.00516746490110769,0.006064896329791347,0.025939834264665184,0.6067796610169491,0.36610169491525424,long,0.6067796610169491,0.053854197468482745
attack_heavy&has_uppercase_phrase,145,0.0073307729690434455,0.006809569014475381,0.024048487236964386,0.6068965517241379,0.3724137931034483,long,0.6068965517241379,0.053573305184347435
posts_very_high&has_all_caps,103,0.0083621949575881,0.008767432909402073,0.031154863326690437,0.6310679611650486,0.34951456310679613,long,0.6310679611650486,0.053556850889290936
deal_heavy&positive_heavy,129,0.0073242507404975695,0.008188892849849916,0.02703040340425399,0.6434108527131783,0.3488372093023256,long,0.6434108527131783,0.05352373858180582
exclamation_heavy&deal_only,255,0.005461363719205113,0.00661064367413422,0.026259404829829178,0.611764705882353,0.3568627450980392,long,0.611764705882353,0.05335260252531109
has_china&has_uppercase_phrase,127,0.007494522029223269,0.008587760827514446,0.024683320468546505,0.6299212598425197,0.36220472440944884,long,0.6299212598425197,0.05320250326074984
has_attack&sig_potus,52,0.0106358867727596,0.0075832614990984926,0.02154498013255899,0.6923076923076923,0.3076923076923077,long,0.6923076923076923,0.053097556318911616
pre_action&lots_of_excl,73,0.009252816096525476,0.009962553909017346,0.024400409120987017,0.6712328767123288,0.3150684931506849,long,0.6712328767123288,0.05306505032587605
has_china&exclamation_heavy,297,0.00509935970838955,0.006798762195142638,0.023496210756165724,0.6026936026936027,0.3872053872053872,long,0.6026936026936027,0.05296518023304589
positive_heavy&pre_action,66,0.00954719154123847,0.010031710255965387,0.025364659944185464,0.6818181818181818,0.30303030303030304,long,0.6818181818181818,0.052883011866434265
has_uppercase_phrase&has_exclamation,296,0.005139393745104565,0.006243870557317011,0.027934497842193835,0.597972972972973,0.38513513513513514,long,0.597972972972973,0.05287365128871965
posts_high&china_streak_3d,48,0.011387774911997864,0.00853584921116346,0.030847531679462793,0.6666666666666666,0.3333333333333333,long,0.6666666666666666,0.05259787928730267
has_all_caps&has_uppercase_phrase,133,0.00728980206479712,0.008188892849849916,0.030087782338615764,0.6240601503759399,0.3609022556390977,long,0.6240601503759399,0.052464798383817714
posts_high&volume_spike,114,0.007366264951507316,0.008094171860021704,0.02372871280919223,0.6666666666666666,0.3157894736842105,long,0.6666666666666666,0.05243345820829282
deal_heavy&has_relief,32,0.012880749496587917,0.0047582355326014625,0.0340159839620807,0.71875,0.28125,long,0.71875,0.05237137556586452
has_positive&deal_only,251,0.0054126702045524675,0.0065148748750887275,0.02654920086346362,0.6095617529880478,0.35856573705179284,long,0.6095617529880478,0.05227164122559471
posts_very_high&pre_deal,69,0.009617188009530587,0.008767432909402073,0.027296729383639303,0.6521739130434783,0.3333333333333333,long,0.6521739130434783,0.05209980222661067
has_uppercase_phrase&exclamation_heavy,279,0.005175756978944349,0.006132282119439614,0.02760550712573184,0.5949820788530465,0.3870967741935484,long,0.5949820788530465,0.051437501213267
pre_action&short_posts,50,0.0110057364226477,0.01133975662478759,0.025622351603500678,0.66,0.32,long,0.66,0.05136272365227936
has_deal&has_positive,336,0.004614036639128534,0.006586993991989587,0.025274382647647236,0.6041666666666666,0.37202380952380953,long,0.6041666666666666,0.05109841604875652
has_deal&exclamation_heavy,339,0.0045663768466307165,0.006798762195142638,0.025040879844347066,0.6047197640117994,0.37168141592920356,long,0.6047197640117994,0.05084236701488719
has_action&open_deal,28,0.012810198855578377,0.012969021700092509,0.025819574891836415,0.75,0.25,long,0.75,0.050838900625716915
has_relief&short_posts,49,0.01044680251508526,0.011641677304246922,0.033258973159692506,0.6938775510204082,0.30612244897959184,long,0.6938775510204082,0.05074161221612841
has_russia&pre_action,32,0.013018773447762522,0.013507730290276965,0.023482853354652774,0.6875,0.28125,long,0.6875,0.05063114643204337
has_action&has_all_caps,54,0.010045576451587811,0.011700583617204163,0.03656234014030704,0.6851851851851852,0.2962962962962963,long,0.6851851851851852,0.05058010276137875
has_china&pre_action,45,0.010897874442110428,0.010821138532651986,0.028395661468500488,0.6888888888888889,0.28888888888888886,long,0.6888888888888889,0.0503613353298208
deal_only&china_streak_3d,21,0.016481808049429298,0.011117918911017544,0.031688678289889784,0.6666666666666666,0.3333333333333333,long,0.6666666666666666,0.050352755317494814
has_deal&pre_action,46,0.010322555537159179,0.01027800427142278,0.019945446108019214,0.717391304347826,0.2608695652173913,long,0.717391304347826,0.05022526677023837
has_russia&has_all_caps,72,0.008844884893324365,0.00979119637264414,0.021429901923502498,0.6666666666666666,0.3194444444444444,long,0.6666666666666666,0.05003422469507288
positive_heavy&open_deal,69,0.009009499520856674,0.00941493778089142,0.028601329146869706,0.6666666666666666,0.3333333333333333,long,0.6666666666666666,0.04989234914193134
posts_very_high&has_uppercase_phrase,130,0.007291659082614866,0.006812218561712657,0.029156931893125848,0.6,0.3923076923076923,long,0.6,0.049882622965190374
deal_heavy&has_uppercase_phrase,64,0.00906479159262962,0.009731125082701908,0.02538184234966095,0.6875,0.3125,long,0.6875,0.04985635375946291
has_russia&volume_spike,80,0.00837409720834025,0.009274987123927936,0.022654176666635686,0.6625,0.3125,long,0.6625,0.049621384111306045
open_deal&has_night_post,74,0.008702699084586013,0.009198501423542393,0.02779780466061422,0.6621621621621622,0.33783783783783783,long,0.6621621621621622,0.04957174274477495
pre_action&deal_over_tariff,40,0.010769568645062514,0.01027800427142278,0.020135437225738836,0.725,0.25,long,0.725,0.04938173118709999
open_deal&lots_of_excl,76,0.008608679386740503,0.009198501423542393,0.027611188263941582,0.6578947368421053,0.34210526315789475,long,0.6578947368421053,0.049374162479136265
open_deal&deal_only,62,0.009480323551678863,0.013094489172869705,0.031050384372553776,0.6612903225806451,0.3387096774193548,long,0.6612903225806451,0.049364094097710615
positive_heavy&deal_only,199,0.00564797052575653,0.006563344309844954,0.02781968644598704,0.6130653266331658,0.36180904522613067,long,0.6130653266331658,0.048845629856228215
posts_high&has_uppercase_phrase,201,0.005819310663893416,0.00618651329112252,0.028988724490798513,0.5920398009950248,0.39800995024875624,long,0.5920398009950248,0.04884504064274727
has_china&open_deal,42,0.01011051581363048,0.011238390179328817,0.02478430935872051,0.7380952380952381,0.2619047619047619,long,0.7380952380952381,0.048362680256524536
open_deal&deal_over_tariff,78,0.00835847179383198,0.009198501423542393,0.028846491200213778,0.6538461538461539,0.34615384615384615,long,0.6538461538461539,0.048266938828776806
attack_heavy&volume_spike,93,0.0073825358900518325,0.008098710363909856,0.024106502520592304,0.6774193548387096,0.3010752688172043,long,0.6774193548387096,0.04822859854636385
positive_heavy&has_china,259,0.005036335589293977,0.006399090088794912,0.024114332120974854,0.5945945945945946,0.3938223938223938,long,0.5945945945945946,0.04819317066599596
has_exclamation&china_streak_3d,81,0.00849541129587293,0.006809569014475381,0.027656181979759196,0.6296296296296297,0.37037037037037035,long,0.6296296296296297,0.048140664009946606
china_streak_3d,81,0.00849541129587293,0.006809569014475381,0.027656181979759196,0.6296296296296297,0.37037037037037035,long,0.6296296296296297,0.048140664009946606
positive_heavy&deal_over_tariff,241,0.005062046960991816,0.005948890600987022,0.02684872672311694,0.6058091286307054,0.37344398340248963,long,0.6058091286307054,0.04760696595889598
has_uppercase_phrase&china_streak_3d,32,0.011205835582112283,0.010228984351603132,0.023511743575849786,0.75,0.25,long,0.75,0.047542333973838585
pre_deal&deal_over_tariff,148,0.0063516918850144615,0.008388900062371696,0.02719938579316412,0.6148648648648649,0.36486486486486486,long,0.6148648648648649,0.04751163296752752
posts_high&open_deal,60,0.008930361588758312,0.009731125082701908,0.02981289708380142,0.6833333333333333,0.31666666666666665,long,0.6833333333333333,0.04726909366879085
posts_very_high&has_russia,119,0.00683255032760436,0.00764847503316779,0.02416782206404486,0.6302521008403361,0.35294117647058826,long,0.6302521008403361,0.046975414621383965
has_action&pre_deal,53,0.008751215488071474,0.010100866602913428,0.02272142712463608,0.7358490566037735,0.24528301886792453,long,0.7358490566037735,0.04688080389244197
has_attack&open_deal,70,0.00832255052973864,0.009198501423542393,0.02805842002770699,0.6714285714285714,0.32857142857142857,long,0.6714285714285714,0.04675254733014126
deal_heavy&pre_action,27,0.011539672228278272,0.010493744517450887,0.022939427451611313,0.7777777777777778,0.2222222222222222,long,0.7777777777777778,0.04663703007149556
has_attack&uppercase_phrase_heavy,41,0.010613699701217007,0.010047312384512397,0.02844176074339631,0.6829268292682927,0.2926829268292683,long,0.6829268292682927,0.046412279477060954
has_night_post&china_streak_3d,75,0.008369083902508706,0.007793990973106624,0.028202870531531612,0.64,0.36,long,0.64,0.04638617130224607
has_market_brag&has_all_caps,53,0.009602244566559249,0.008767432909402073,0.027245972917861787,0.660377358490566,0.33962264150943394,long,0.660377358490566,0.04616394050925346
positive_heavy&has_russia,217,0.0050694460241775575,0.006345019235125315,0.025057399627408983,0.6175115207373272,0.35944700460829493,long,0.6175115207373272,0.046114280273961264
deal_heavy&has_action,53,0.008601515761659878,0.00941493778089142,0.0260841603764335,0.7358490566037735,0.24528301886792453,long,0.7358490566037735,0.04607885317757039
has_action&has_iran,35,0.010482178945246872,0.010047312384512397,0.02031712102130193,0.7428571428571429,0.22857142857142856,long,0.7428571428571429,0.04606710229888556
has_action&has_russia,79,0.007716639813357524,0.009815962051940241,0.027422009197510356,0.6708860759493671,0.3037974683544304,long,0.6708860759493671,0.046014059876006784
positive_heavy&uppercase_phrase_heavy,37,0.010717346315732762,0.010493744517450887,0.03032785782484304,0.7027027027027027,0.2702702702702703,long,0.7027027027027027,0.045809942903588974
attack_heavy&pre_deal,87,0.007616755330644203,0.008767432909402073,0.022196724310908213,0.6436781609195402,0.3333333333333333,long,0.6436781609195402,0.04572970564274696
lots_of_excl&has_chips,31,0.011018678077461808,0.012035151262824062,0.021304792590402542,0.7419354838709677,0.25806451612903225,long,0.7419354838709677,0.04551729909288162
exclamation_heavy&has_chips,31,0.011018678077461808,0.012035151262824062,0.021304792590402542,0.7419354838709677,0.25806451612903225,long,0.7419354838709677,0.04551729909288162
has_russia&short_posts,143,0.006100248676585893,0.006764851980634923,0.024899945951106332,0.6223776223776224,0.35664335664335667,long,0.6223776223776224,0.04540142951217642
has_deal&uppercase_phrase_heavy,27,0.011742513713373018,0.010493744517450887,0.02544675444796034,0.7407407407407407,0.2222222222222222,long,0.7407407407407407,0.04519695635585856
pre_deal&has_night_post,163,0.005763703446802275,0.008588907274893476,0.02697370469545871,0.6134969325153374,0.36809815950920244,long,0.6134969325153374,0.0451448095533949
has_deal&pre_deal,171,0.005617359975578583,0.008588907274893476,0.026595262831294653,0.6140350877192983,0.3684210526315789,long,0.6140350877192983,0.045104876642436856
pre_deal,171,0.005617359975578583,0.008588907274893476,0.026595262831294653,0.6140350877192983,0.3684210526315789,long,0.6140350877192983,0.045104876642436856
short_posts&volume_drop,98,0.007052385355025421,0.0054455061358811285,0.02006376824351142,0.6428571428571429,0.32653061224489793,long,0.6428571428571429,0.044881105572712555
has_attack&pre_deal,129,0.006576082039825933,0.008089633356133552,0.024517440100533392,0.5968992248062015,0.3875968992248062,long,0.5968992248062015,0.04458236391868028
has_russia&sig_potus,36,0.010287829644809851,0.009514688725352882,0.02325020038544604,0.7222222222222222,0.2777777777777778,long,0.7222222222222222,0.04458059512750936
deal_heavy&pre_deal,97,0.007153220367238527,0.008666633214057473,0.0266802554886226,0.6288659793814433,0.36082474226804123,long,0.6288659793814433,0.04430426869621115
pre_deal&deal_only,117,0.006475995757604175,0.008588907274893476,0.028372377263073564,0.6324786324786325,0.3418803418803419,long,0.6324786324786325,0.04430424544912704
has_relief&has_russia,36,0.010198916451815369,0.005802215009178768,0.025287184442201925,0.7222222222222222,0.2777777777777778,long,0.7222222222222222,0.04419530462453326
pre_deal&lots_of_excl,157,0.0057662130215881515,0.008188892849849916,0.026426515496772572,0.6114649681528662,0.36942675159235666,long,0.6114649681528662,0.04417861426152884
has_china&has_russia,116,0.006326444739897825,0.00835429218593664,0.022063114344366787,0.646551724137931,0.3448275862068966,long,0.646551724137931,0.044054673578765906
deal_heavy&has_all_caps,48,0.00953164080831393,0.00979119637264414,0.02380017601731222,0.6666666666666666,0.3333333333333333,long,0.6666666666666666,0.04402476309199095
pre_deal&has_exclamation,170,0.005517404228403298,0.008539483516840307,0.02664159648473322,0.611764705882353,0.37058823529411766,long,0.611764705882353,0.04400922107403921
pre_action&volume_spike,30,0.010919088389801723,0.010805831714234215,0.0293869996603632,0.7333333333333333,0.26666666666666666,long,0.7333333333333333,0.04385796080223921
has_deal&has_uppercase_phrase,134,0.006261373803567254,0.007448736279526247,0.02572475052976439,0.6044776119402985,0.373134328358209,long,0.6044776119402985,0.043812925350278524
has_deal&positive_heavy,275,0.004372199797517982,0.006563344309844954,0.02606793414988248,0.6036363636363636,0.3781818181818182,long,0.6036363636363636,0.043766492278447464
exclamation_heavy&volume_spike,129,0.005825173604418197,0.008089633356133552,0.0282262414194551,0.6589147286821705,0.32558139534883723,long,0.6589147286821705,0.04359462472586986
open_deal&has_exclamation,82,0.007439764389957065,0.00887474898779772,0.02880539753295312,0.6463414634146342,0.35365853658536583,long,0.6463414634146342,0.043543980366673694
has_deal&open_deal,82,0.007439764389957065,0.00887474898779772,0.02880539753295312,0.6463414634146342,0.35365853658536583,long,0.6463414634146342,0.043543980366673694
open_deal,82,0.007439764389957065,0.00887474898779772,0.02880539753295312,0.6463414634146342,0.35365853658536583,long,0.6463414634146342,0.043543980366673694
has_russia&has_uppercase_phrase,113,0.006609577680734698,0.006798762195142638,0.025172230603006236,0.6194690265486725,0.35398230088495575,long,0.6194690265486725,0.04352437358828711
has_positive&china_streak_3d,78,0.007932955383055957,0.005573495350923885,0.027945385496821157,0.6153846153846154,0.38461538461538464,long,0.6153846153846154,0.04311505532701443
has_chips,32,0.010590116354321437,0.011050214753816734,0.021098097643136398,0.71875,0.28125,long,0.71875,0.04305797275424767
has_exclamation&has_chips,32,0.010590116354321437,0.011050214753816734,0.021098097643136398,0.71875,0.28125,long,0.71875,0.04305797275424767
has_china&deal_only,93,0.007127161589669496,0.008188892849849916,0.023500882579267135,0.6236559139784946,0.3548387096774194,long,0.6236559139784946,0.04286502927634719
uppercase_phrase_heavy&deal_over_tariff,24,0.011455063823363781,0.010932477326821122,0.026122072613109507,0.75,0.20833333333333334,long,0.75,0.04208859200738435
has_china&uppercase_phrase_heavy,34,0.010197511086123667,0.010270528450981642,0.02931456849801979,0.7058823529411765,0.2647058823529412,long,0.7058823529411765,0.04197260935788619
has_positive&volume_spike,136,0.00552302755691237,0.00605081334573121,0.027774487058729345,0.6470588235294118,0.3382352941176471,long,0.6470588235294118,0.041676422115396586
has_russia&uppercase_phrase_heavy,25,0.011555429438836388,0.010047312384512397,0.023508862014794393,0.72,0.24,long,0.72,0.041599545979811
posts_high&pre_deal,109,0.0064800260325086345,0.008089633356133552,0.02948616323403868,0.6146788990825688,0.3669724770642202,long,0.6146788990825688,0.04158515306112248
has_relief&deal_over_tariff,44,0.009162497208185884,0.0047582355326014625,0.03867429371683268,0.6818181818181818,0.3181818181818182,long,0.6818181818181818,0.04143895279395197
has_night_post&has_chips,30,0.010306762945549153,0.011050214753816734,0.021290665013997255,0.7333333333333333,0.26666666666666666,long,0.7333333333333333,0.04139847477432818
positive_heavy&has_chips,30,0.010306762945549153,0.011050214753816734,0.021290665013997255,0.7333333333333333,0.26666666666666666,long,0.7333333333333333,0.04139847477432818
has_uppercase_phrase&deal_over_tariff,117,0.006482569794143753,0.004339718273190796,0.026569665447911613,0.5897435897435898,0.38461538461538464,long,0.5897435897435898,0.04135265147383575
has_uppercase_phrase&volume_spike,79,0.007202164577914223,0.008188892849849916,0.025703888973920917,0.6455696202531646,0.34177215189873417,long,0.6455696202531646,0.041325647958155305
pre_deal&exclamation_heavy,168,0.005243761438704114,0.008339476304318527,0.02666699487989157,0.6071428571428571,0.375,long,0.6071428571428571,0.041265627776098254
has_positive&open_deal,80,0.007074377470194208,0.00887474898779772,0.028795736683522193,0.65,0.35,long,0.65,0.04112885119680283
open_deal&has_all_caps,27,0.011195180053301841,0.011983035841206746,0.023835138282019826,0.7037037037037037,0.2962962962962963,long,0.7037037037037037,0.04093575471020093
has_china&volume_spike,71,0.007168247942012942,0.00941493778089142,0.02606227986142697,0.676056338028169,0.323943661971831,long,0.676056338028169,0.040834296859040616
has_attack&has_chips,27,0.010555819630852458,0.010065278244809406,0.022138300047782496,0.7407407407407407,0.25925925925925924,long,0.7407407407407407,0.04062936870259869
has_china&sig_potus,28,0.01071751409012948,0.00887474898779772,0.02501227618007104,0.7142857142857143,0.2857142857142857,long,0.7142857142857143,0.040508395650447566
sig_potus&deal_over_tariff,22,0.011091109945862003,0.010074089493712912,0.019242884739857812,0.7727272727272727,0.22727272727272727,long,0.7727272727272727,0.04019875395582245
has_attack&volume_spike,117,0.005588951431020756,0.008089633356133552,0.028862559489848692,0.6581196581196581,0.3247863247863248,long,0.6581196581196581,0.03978580317866628
posts_very_high&has_relief,49,0.008422648812294436,0.004111201935699915,0.03450286044259157,0.673469387755102,0.32653061224489793,long,0.673469387755102,0.039706772972245195
has_positive&pre_deal,163,0.005158786881407484,0.008089633356133552,0.027070750530657918,0.6012269938650306,0.3803680981595092,long,0.6012269938650306,0.039598602594407326
has_positive&has_chips,31,0.009887341654949823,0.010065278244809406,0.02106266864152989,0.7096774193548387,0.2903225806451613,long,0.7096774193548387,0.03906801765194186
attack_heavy&china_streak_3d,35,0.00999990111245066,0.007793990973106624,0.02307815685253934,0.6571428571428571,0.34285714285714286,long,0.6571428571428571,0.038876711271439664
open_deal&exclamation_heavy,80,0.006809041209236695,0.008731572896501172,0.02879039995471874,0.6375,0.3625,long,0.6375,0.03882497146389908
positive_heavy&pre_deal,143,0.005330858084990417,0.008089633356133552,0.027178123661497647,0.6083916083916084,0.3706293706293706,long,0.6083916083916084,0.03878362107647796
exclamation_heavy&china_streak_3d,75,0.007402186907235654,0.004747900613052858,0.028216566074534308,0.6,0.4,long,0.6,0.03846289143135985
has_uppercase_phrase&deal_only,96,0.006723880815223554,0.0042254601044453555,0.027403526803847472,0.5833333333333334,0.3854166666666667,long,0.5833333333333334,0.03843017987336895
has_russia&china_streak_3d,28,0.010631181734686865,0.00853584921116346,0.02597730068999997,0.6785714285714286,0.32142857142857145,long,0.6785714285714286,0.038172985517254315
volume_spike,168,0.00461227229782141,0.00638023279768174,0.03160901044513275,0.6369047619047619,0.34523809523809523,long,0.6369047619047619,0.03807536505727913
positive_heavy&china_streak_3d,65,0.008070859304766151,0.004310202386238915,0.02869151164699624,0.5846153846153846,0.4153846153846154,long,0.5846153846153846,0.038040541887393496
lots_of_excl&china_streak_3d,72,0.007503861771099564,0.005573495350923885,0.027693700202835403,0.5972222222222222,0.4027777777777778,long,0.5972222222222222,0.03802655939458882
has_iran&deal_only,59,0.007456915473452188,0.006819739431116023,0.022092897398457715,0.6610169491525424,0.288135593220339,long,0.6610169491525424,0.037861500485827
open_deal&has_uppercase_phrase,36,0.008631689896316503,0.010270528450981642,0.026312371604284356,0.7222222222222222,0.2777777777777778,long,0.7222222222222222,0.03740398955070484
posts_high&has_relief,66,0.00683853301067505,0.005598894450998482,0.03665725792901852,0.6666666666666666,0.3333333333333333,long,0.6666666666666666,0.037037669873396586
has_relief&has_action,31,0.008958432874225224,0.006809425803949498,0.02836329095948204,0.7419354838709677,0.25806451612903225,long,0.7419354838709677,0.03700658696742164
open_deal&short_posts,45,0.00849500122875221,0.006064896329791347,0.032689680410573706,0.6444444444444445,0.35555555555555557,long,0.6444444444444445,0.036724440418439426
lots_of_excl&volume_spike,129,0.005018210667626756,0.006345019235125315,0.027853698059218637,0.6434108527131783,0.34108527131782945,long,0.6434108527131783,0.036671791482692596
posts_high&has_chips,23,0.010332832037346449,0.010065278244809406,0.02243501118072528,0.7391304347826086,0.2608695652173913,long,0.7391304347826086,0.0366272551028969
deal_heavy&uppercase_phrase_heavy,20,0.011668635835236718,0.011155693393290367,0.028698068474782935,0.7,0.3,long,0.7,0.036528608105191075
has_russia&open_deal,31,0.008807619079090367,0.00941493778089142,0.020148379204803158,0.7419354838709677,0.25806451612903225,long,0.7419354838709677,0.03638358695124664
has_attack&has_market_brag,132,0.005232159480890374,0.003353754736733827,0.02212926089637135,0.5984848484848485,0.4015151515151515,long,0.5984848484848485,0.03597668129178119
positive_heavy&sig_potus,51,0.007783581953397426,0.006345019235125315,0.02217036651726848,0.6470588235294118,0.35294117647058826,long,0.6470588235294118,0.03596734281274942
has_deal&has_china,156,0.004711912791975936,0.008143801606879886,0.022557952897874385,0.6089743589743589,0.3782051282051282,long,0.6089743589743589,0.035839220072809805
has_iran&has_russia,58,0.007508906909085482,0.006702541244752447,0.020726402185838586,0.6206896551724138,0.3448275862068966,long,0.6206896551724138,0.03549484011267863
pre_deal&has_uppercase_phrase,66,0.007179161184190249,0.006264305561520356,0.02464072117989422,0.6060606060606061,0.3939393939393939,long,0.6060606060606061,0.03534774616571719
attack_heavy&has_market_brag,74,0.0064527274440212435,0.007248900226352384,0.024086905508134394,0.6351351351351351,0.36486486486486486,long,0.6351351351351351,0.03525537345477076
positive_heavy&volume_spike,123,0.004864422599364246,0.006345019235125315,0.028227192961977052,0.6504065040650406,0.34146341463414637,long,0.6504065040650406,0.03508881718429409
sig_potus&exclamation_heavy,60,0.006554623473126701,0.0075832614990984926,0.031245008931347986,0.6833333333333333,0.31666666666666665,long,0.6833333333333333,0.03469412832117591
posts_high&has_market_brag,103,0.005480410930654392,0.004111201935699915,0.022614710820776616,0.6116504854368932,0.3883495145631068,long,0.6116504854368932,0.03402005888197598
sig_potus&has_exclamation,62,0.006342448464963466,0.006372054661960114,0.03075106980762224,0.6774193548387096,0.3225806451612903,long,0.6774193548387096,0.03383065394278598
sig_potus,62,0.006342448464963466,0.006372054661960114,0.03075106980762224,0.6774193548387096,0.3225806451612903,long,0.6774193548387096,0.03383065394278598
posts_high&open_tariff,24,0.009198363867121756,0.012513652495243277,0.023728421401671845,0.75,0.25,long,0.75,0.03379694691435322
has_deal&china_streak_3d,31,0.01038462396845735,0.008089633356133552,0.03180199354532216,0.5806451612903226,0.41935483870967744,long,0.5806451612903226,0.03357240343720683
has_tariff&short_posts,44,0.007149811891050123,0.00854560870431309,0.026737027152502858,0.7045454545454546,0.29545454545454547,long,0.7045454545454546,0.033414115649603386
has_relief&has_attack,77,0.006231440728320298,0.004046503747330288,0.031042717456795987,0.6103896103896104,0.38961038961038963,long,0.6103896103896104,0.033376513145952025
china_streak_3d&volume_drop,21,0.01017765421456456,0.010952238553699978,0.023397787445758454,0.7142857142857143,0.2857142857142857,long,0.7142857142857143,0.03331419345380602
has_china&deal_over_tariff,125,0.005033061483706779,0.006798762195142638,0.02347683418632737,0.592,0.392,long,0.592,0.03331263213301275
pre_deal&has_all_caps,45,0.007665501457340107,0.008188892849849916,0.02141907638576941,0.6444444444444445,0.3333333333333333,long,0.6444444444444445,0.03313845919112329
has_deal&sig_potus,24,0.008956178737594314,0.010074089493712912,0.021125421450117154,0.75,0.25,long,0.75,0.0329071019284051
pre_deal&volume_spike,46,0.0073873198552172285,0.00905855076657891,0.021737665790753653,0.6521739130434783,0.34782608695652173,long,0.6521739130434783,0.03267602670585419
has_tariff&has_all_caps,40,0.007927079074084655,0.011272193856435964,0.022541686057221504,0.65,0.35,long,0.65,0.032587912586276
short_posts&volume_spike,98,0.005261624217295177,0.00605081334573121,0.032892848745920515,0.6224489795918368,0.35714285714285715,long,0.6224489795918368,0.03242176285862737
has_market_brag&volume_spike,36,0.007477559639812188,0.009748891557884054,0.02995331672575965,0.7222222222222222,0.2777777777777778,long,0.7222222222222222,0.03240275843918615
has_market_brag&has_china,71,0.005928662057531727,0.00869571288360027,0.02440890227754567,0.647887323943662,0.352112676056338,long,0.647887323943662,0.032365725982539034
has_night_post&sig_potus,60,0.006103008475718593,0.006372054661960114,0.031129669322539525,0.6833333333333333,0.31666666666666665,long,0.6833333333333333,0.03230369525723513
deal_over_tariff&china_streak_3d,28,0.010666569020576737,0.008388028019649996,0.0325799738117851,0.5714285714285714,0.42857142857142855,long,0.5714285714285714,0.03225267310943068
attack_heavy&has_iran,54,0.006967373079409523,0.008531706407029604,0.022347608419443207,0.6296296296296297,0.35185185185185186,long,0.6296296296296297,0.03223673901851929
attack_heavy&sig_potus,31,0.008514477629839768,0.006345019235125315,0.02305045901513918,0.6774193548387096,0.3225806451612903,long,0.6774193548387096,0.03211415185245939
has_market_brag&has_night_post,149,0.004412584463131877,0.0030120576838588153,0.02123390878848533,0.5906040268456376,0.40939597315436244,long,0.5906040268456376,0.03181138438881926
has_china&has_iran,45,0.0073449549174355025,0.00941493778089142,0.02130547338734352,0.6444444444444445,0.3333333333333333,long,0.6444444444444445,0.0317527157416438
has_positive&high_emotion,27,0.009587851594035128,0.012437687168406208,0.020306390453675698,0.6296296296296297,0.3333333333333333,long,0.6296296296296297,0.0313681092930094
has_market_brag&short_posts,85,0.005901584189790554,0.003097486384542547,0.02406674185595586,0.5764705882352941,0.4117647058823529,long,0.5764705882352941,0.03136571732359189
has_china&tariff_only,23,0.009214844246855394,0.010746182736480314,0.021748424297530815,0.6956521739130435,0.30434782608695654,long,0.6956521739130435,0.030742845580164137
deal_heavy&has_iran,44,0.006775875194529751,0.008357271229825991,0.025889154567474988,0.6818181818181818,0.3181818181818182,long,0.6818181818181818,0.030645048608906707
has_attack&volume_drop,70,0.00607557517734468,0.007744975243975216,0.020542212244158635,0.6,0.4,long,0.6,0.030499145334521825
pre_deal&sig_potus,20,0.009087638262014692,0.009541465834553398,0.022687183062729623,0.75,0.25,long,0.75,0.030480865363189343
has_tariff&has_action,41,0.006462986036522606,0.009815962051940241,0.02266955901551147,0.7317073170731707,0.2682926829268293,long,0.7317073170731707,0.030280465270718017
has_positive&sig_potus,59,0.005962200808545015,0.006345019235125315,0.031416274769078836,0.6610169491525424,0.3389830508474576,long,0.6610169491525424,0.030272284782225056
posts_very_high&has_market_brag,60,0.006138941012990157,0.008433071636655964,0.025133732023674686,0.6333333333333333,0.36666666666666664,long,0.6333333333333333,0.030116287321770054
posts_very_high&open_tariff,20,0.008860372225036906,0.010633808447694126,0.024626835689045397,0.75,0.25,long,0.75,0.029718591901700384
has_relief&positive_heavy,85,0.005138303472376449,0.00540526912950301,0.03473033265507569,0.6235294117647059,0.3764705882352941,long,0.6235294117647059,0.029538344903856064
sig_potus&lots_of_excl,56,0.005973634678519809,0.006372054661960114,0.03128130949251259,0.6607142857142857,0.3392857142857143,long,0.6607142857142857,0.029535638923878105
has_market_brag&has_exclamation,171,0.0039001093826780487,0.0030120576838588153,0.022355770644513173,0.5789473684210527,0.4152046783625731,long,0.5789473684210527,0.02952663305468409
has_market_brag,171,0.0039001093826780487,0.0030120576838588153,0.022355770644513173,0.5789473684210527,0.4152046783625731,long,0.5789473684210527,0.02952663305468409
lots_of_excl&tariff_only,51,0.0058565006948659605,0.00764847503316779,0.02398893058211114,0.7058823529411765,0.29411764705882354,long,0.7058823529411765,0.02952266862642122
positive_heavy&has_market_brag,139,0.004177142966264404,0.003097486384542547,0.02347847927905568,0.5971223021582733,0.4028776978417266,long,0.5971223021582733,0.029406953299910988
has_relief&has_night_post,90,0.00496230950564278,0.005423225287581435,0.03403675750155594,0.6222222222222222,0.37777777777777777,long,0.6222222222222222,0.029292107586066003
has_deal&has_relief,47,0.006648807223291769,0.003627636507991472,0.03867949216330939,0.6382978723404256,0.3617021276595745,long,0.6382978723404256,0.029094846272897816
has_relief&attack_heavy,47,0.006643453411904048,0.004111201935699915,0.02934928380447385,0.6382978723404256,0.3617021276595745,long,0.6382978723404256,0.029071418263321276
has_china&pre_deal,83,0.005153697932701223,0.008588907274893476,0.022517537918094563,0.6144578313253012,0.37349397590361444,long,0.6144578313253012,0.028850283829460685
has_relief&has_positive,92,0.0048514675422506376,0.0047582355326014625,0.033670156772195606,0.6195652173913043,0.3804347826086957,long,0.6195652173913043,0.028830625988845282
has_relief&exclamation_heavy,91,0.0048851557914014404,0.00540526912950301,0.033855137346197946,0.6153846153846154,0.38461538461538464,long,0.6153846153846154,0.0286777945504422
pre_relief&deal_over_tariff,23,0.009791365093332154,0.002708263401233646,0.02832930701083778,0.6086956521739131,0.391304347826087,long,0.6086956521739131,0.02858297057357069
has_night_post&volume_drop,124,0.004478549272441357,0.0034983275082860477,0.01932731340455081,0.5725806451612904,0.4032258064516129,long,0.5725806451612904,0.028555177412511113
pre_deal&open_deal,29,0.008498462771691268,0.008982065066193368,0.03278658587305286,0.6206896551724138,0.3793103448275862,long,0.6206896551724138,0.028406248530737317
has_exclamation&volume_drop,157,0.004040531178748534,0.0033112898216893782,0.01918557990706813,0.5605095541401274,0.42038216560509556,long,0.5605095541401274,0.028377315472367017
has_market_brag&pre_deal,38,0.006709295342383655,0.008678170092147774,0.020540739278039934,0.6842105263157895,0.3157894736842105,long,0.6842105263157895,0.02829817705591454
has_russia&volume_drop,24,0.009109596547621607,0.014015243887269047,0.0240180104206197,0.625,0.375,long,0.625,0.02789232913036522
has_exclamation&volume_spike,145,0.0036859163124982647,0.006345019235125315,0.03130410239053001,0.6275862068965518,0.3586206896551724,long,0.6275862068965518,0.0278549806873653
has_market_brag&exclamation_heavy,167,0.0037375707177151997,0.002708263401233646,0.02253365431178012,0.5748502994011976,0.41916167664670656,long,0.5748502994011976,0.027765302924230174
has_deal&has_iran,77,0.005005248195580179,0.005756607456337104,0.021558846851230423,0.6233766233766234,0.33766233766233766,long,0.6233766233766234,0.027379246545210238
has_iran&short_posts,46,0.006354589324432681,0.005852749028662063,0.019316008876846726,0.6304347826086957,0.32608695652173914,long,0.6304347826086957,0.027171059336106043
has_tariff&has_uppercase_phrase,56,0.005489807913973922,0.008731572896501172,0.019734503980662805,0.6607142857142857,0.3392857142857143,long,0.6607142857142857,0.027143438297562533
deal_heavy&has_market_brag,38,0.0066693542535439946,0.0072620201828695885,0.02219573234230963,0.6578947368421053,0.34210526315789475,long,0.6578947368421053,0.02704780312586007
posts_low&has_positive,95,0.004773124901326385,0.0030674693657113394,0.018334497446460155,0.5789473684210527,0.4105263157894737,long,0.5789473684210527,0.02693417551307702
has_relief&has_exclamation,93,0.004497712149394745,0.004111201935699915,0.03365999319550872,0.6129032258064516,0.3870967741935484,long,0.6129032258064516,0.026584288343629674
has_relief,93,0.004497712149394745,0.004111201935699915,0.03365999319550872,0.6129032258064516,0.3870967741935484,long,0.6129032258064516,0.026584288343629674
posts_very_high&has_iran,53,0.005923808039856603,0.004111201935699915,0.020753287839404992,0.6037735849056604,0.37735849056603776,long,0.6037735849056604,0.026038323618511394
has_night_post&tariff_only,49,0.005683740050589447,0.005576302126708121,0.018899816997609814,0.6530612244897959,0.3469387755102041,long,0.6530612244897959,0.02598281165983747
has_market_brag&lots_of_excl,161,0.0035777395619064683,0.002472233934499579,0.022791923103093786,0.5714285714285714,0.422360248447205,long,0.5714285714285714,0.02594081477187664
pre_tariff&has_uppercase_phrase,25,0.0075231832929499864,0.008490059758787138,0.020994927494051,0.68,0.32,long,0.68,0.025578823196029957
has_iran&deal_over_tariff,69,0.004951595499554135,0.004111201935699915,0.022201319246090503,0.6086956521739131,0.34782608695652173,long,0.6086956521739131,0.025036286030678163
has_relief&lots_of_excl,88,0.004347421876788276,0.0047582355326014625,0.03400877872819571,0.6136363636363636,0.38636363636363635,long,0.6136363636363636,0.025025583377645447
has_positive&tariff_only,56,0.005061433844276171,0.0056389522539072034,0.023319702173182834,0.6607142857142857,0.3392857142857143,long,0.6607142857142857,0.025025414258958278
has_tariff&lots_of_excl,133,0.003404700380049434,0.00764847503316779,0.021636254499441225,0.631578947368421,0.3684210526315789,long,0.631578947368421,0.024798896999380763
has_tariff&has_positive,141,0.0033700452814466953,0.006798762195142638,0.02192902503317071,0.6170212765957447,0.3829787234042553,long,0.6170212765957447,0.02469138393830798
posts_very_high&has_tariff,58,0.004697034317428011,0.00887474898779772,0.025814441620266984,0.6896551724137931,0.3103448275862069,long,0.6896551724137931,0.02467003284964696
exclamation_heavy&volume_drop,108,0.004130157965546143,0.0041574562597990194,0.0195885327132098,0.5740740740740741,0.4166666666666667,long,0.5740740740740741,0.02464032740310534
has_action&china_streak_3d,21,0.008666259209324042,0.008982065066193368,0.028952252310010522,0.6190476190476191,0.38095238095238093,long,0.6190476190476191,0.024584726411660113
uppercase_phrase_heavy&has_exclamation,46,0.00553244118873194,0.008784912946853907,0.03777051775663455,0.6521739130434783,0.32608695652173914,long,0.6521739130434783,0.02447141853535685
uppercase_phrase_heavy&exclamation_heavy,46,0.00553244118873194,0.008784912946853907,0.03777051775663455,0.6521739130434783,0.32608695652173914,long,0.6521739130434783,0.02447141853535685
uppercase_phrase_heavy,46,0.00553244118873194,0.008784912946853907,0.03777051775663455,0.6521739130434783,0.32608695652173914,long,0.6521739130434783,0.02447141853535685
has_uppercase_phrase&uppercase_phrase_heavy,46,0.00553244118873194,0.008784912946853907,0.03777051775663455,0.6521739130434783,0.32608695652173914,long,0.6521739130434783,0.02447141853535685
has_night_post&uppercase_phrase_heavy,46,0.00553244118873194,0.008784912946853907,0.03777051775663455,0.6521739130434783,0.32608695652173914,long,0.6521739130434783,0.02447141853535685
uppercase_phrase_heavy&lots_of_excl,46,0.00553244118873194,0.008784912946853907,0.03777051775663455,0.6521739130434783,0.32608695652173914,long,0.6521739130434783,0.02447141853535685
has_positive&uppercase_phrase_heavy,46,0.00553244118873194,0.008784912946853907,0.03777051775663455,0.6521739130434783,0.32608695652173914,long,0.6521739130434783,0.02447141853535685
posts_high&uppercase_phrase_heavy,42,0.005848074197610692,0.008784912946853907,0.03912319311490779,0.6428571428571429,0.3333333333333333,long,0.6428571428571429,0.02436419086699147
has_positive&has_market_brag,166,0.003335616074266521,0.002469278403475772,0.022415381232256615,0.5662650602409639,0.42771084337349397,long,0.5662650602409639,0.024336037594206675
has_iran&open_deal,22,0.007608718925338895,0.007681914190939221,0.02610451404331854,0.6818181818181818,0.3181818181818182,long,0.6818181818181818,0.024332764881461143
has_deal&has_market_brag,76,0.004446459582095949,0.008343808819401666,0.023347983879452035,0.618421052631579,0.3684210526315789,long,0.618421052631579,0.023972063021579844
has_tariff&has_exclamation,143,0.003275001131392893,0.0057016023811062855,0.02178881709454792,0.6083916083916084,0.3916083916083916,long,0.6083916083916084,0.02382663370135596
has_tariff,143,0.003275001131392893,0.0057016023811062855,0.02178881709454792,0.6083916083916084,0.3916083916083916,long,0.6083916083916084,0.02382663370135596
posts_high&has_tariff,92,0.0038479734328738463,0.008406922129005623,0.022933189334222014,0.6413043478260869,0.358695652173913,long,0.6413043478260869,0.023669558807054975
has_action&sig_potus,20,0.007031920190534885,0.010461002567782707,0.046278283904299417,0.75,0.25,long,0.75,0.023585777337583914
has_positive&volume_drop,129,0.0038098861110827924,0.001908457950721143,0.019570727339735042,0.5426356589147286,0.43410852713178294,long,0.5426356589147286,0.023480923756501754
has_action&uppercase_phrase_heavy,26,0.00593145593522044,0.010270528450981642,0.04572046040352129,0.7692307692307693,0.19230769230769232,long,0.7692307692307693,0.02326508427515751
short_posts&tariff_only,21,0.00709048221704773,0.019558421559411343,0.032223667405797976,0.7142857142857143,0.2857142857142857,long,0.7142857142857143,0.023209051052399662
posts_high&tariff_only,28,0.00584785695203783,0.00953498361785221,0.02771990077469853,0.75,0.25,long,0.75,0.023207962796658405
has_tariff&tariff_only,58,0.004768777110080435,0.005116813679511445,0.022960245159769303,0.6379310344827587,0.3620689655172414,long,0.6379310344827587,0.023168331122827065
has_exclamation&tariff_only,58,0.004768777110080435,0.005116813679511445,0.022960245159769303,0.6379310344827587,0.3620689655172414,long,0.6379310344827587,0.023168331122827065
tariff_only,58,0.004768777110080435,0.005116813679511445,0.022960245159769303,0.6379310344827587,0.3620689655172414,long,0.6379310344827587,0.023168331122827065
posts_high&has_iran,77,0.004499989339922387,0.004111201935699915,0.022577249094784646,0.5844155844155844,0.4025974025974026,long,0.5844155844155844,0.023076962065790144
open_tariff&lots_of_excl,29,0.006535974105186639,0.00941493778089142,0.023937858581154277,0.6551724137931034,0.3448275862068966,long,0.6551724137931034,0.02306029851380265
has_positive&open_tariff,29,0.006535974105186639,0.00941493778089142,0.023937858581154277,0.6551724137931034,0.3448275862068966,long,0.6551724137931034,0.02306029851380265
has_uppercase_phrase&volume_drop,30,0.006640789983232928,0.010956550650646713,0.020857042824987227,0.6333333333333333,0.36666666666666664,long,0.6333333333333333,0.02303629966531651
exclamation_heavy&tariff_only,54,0.004663667849765781,0.0056389522539072034,0.023408142235133034,0.6666666666666666,0.3333333333333333,long,0.6666666666666666,0.02284721312349792
has_market_brag&has_russia,55,0.00482800546299976,0.004111201935699915,0.020401845672589253,0.6363636363636364,0.36363636363636365,long,0.6363636363636364,0.022785284333883535
open_deal&volume_spike,23,0.006785206750650308,0.008982065066193368,0.02221715425594924,0.6956521739130435,0.30434782608695654,long,0.6956521739130435,0.02263701455788731
attack_heavy&uppercase_phrase_heavy,34,0.005930060331420644,0.00834323559571215,0.027178952888401626,0.6470588235294118,0.3235294117647059,long,0.6470588235294118,0.022373933046263866
has_china&volume_drop,29,0.007479588179947492,0.010960862747593447,0.023624899938718743,0.5517241379310345,0.4482758620689655,long,0.5517241379310345,0.02222279450400687
has_deal&pre_relief,24,0.007721838729470294,0.0019466059332169383,0.029503334018195382,0.5833333333333334,0.4166666666666667,long,0.5833333333333334,0.02206699222380727
sig_potus&short_posts,30,0.00596310092578393,0.009407372646957235,0.04062854354591397,0.6666666666666666,0.3333333333333333,long,0.6666666666666666,0.021774165931545318
open_tariff&exclamation_heavy,30,0.006216670572270304,0.009198501423542393,0.02358644459164916,0.6333333333333333,0.36666666666666664,long,0.6333333333333333,0.02156506779840297
open_tariff&has_exclamation,30,0.006216670572270304,0.009198501423542393,0.02358644459164916,0.6333333333333333,0.36666666666666664,long,0.6333333333333333,0.02156506779840297
has_tariff&open_tariff,30,0.006216670572270304,0.009198501423542393,0.02358644459164916,0.6333333333333333,0.36666666666666664,long,0.6333333333333333,0.02156506779840297
open_tariff,30,0.006216670572270304,0.009198501423542393,0.02358644459164916,0.6333333333333333,0.36666666666666664,long,0.6333333333333333,0.02156506779840297
posts_very_high&pre_tariff,25,0.0063082208924325036,0.008089633356133552,0.02493216834051633,0.68,0.32,long,0.68,0.021447951034270513
has_tariff&exclamation_heavy,138,0.0029506671485352264,0.006250182288124462,0.021827292759111182,0.6159420289855072,0.38405797101449274,long,0.6159420289855072,0.0213500847824302
high_emotion&has_uppercase_phrase,21,0.006470923231787979,0.012437687168406208,0.03151750579053008,0.7142857142857143,0.2857142857142857,long,0.7142857142857143,0.021181068232797633
has_night_post&volume_spike,145,0.002829346015272348,0.0054411814456598595,0.03129237899247035,0.6206896551724138,0.36551724137931035,long,0.6206896551724138,0.02114679577595033
has_china&china_streak_3d,44,0.0058398115985217654,0.0031405823513916964,0.024813712754432088,0.5454545454545454,0.45454545454545453,long,0.5454545454545454,0.021129233365813398
has_tariff&has_night_post,128,0.0030857168794421793,0.004726133082829098,0.020580217614424405,0.59375,0.40625,long,0.59375,0.0207283476376159
has_attack&open_tariff,28,0.006058124661691537,0.009198501423542393,0.02336154878126606,0.6428571428571429,0.35714285714285715,long,0.6428571428571429,0.02060780305662401
attack_heavy&open_deal,45,0.004596628367437954,0.008982065066193368,0.021871103404964214,0.6666666666666666,0.3333333333333333,long,0.6666666666666666,0.020556746993790294
uppercase_phrase_heavy&volume_spike,22,0.005935057532483513,0.010270528450981642,0.0331098723713818,0.7272727272727273,0.2727272727272727,long,0.7272727272727273,0.020245736280595946
has_iran&has_all_caps,27,0.006164208820199417,0.005756607456337104,0.02055454440700264,0.6296296296296297,0.3333333333333333,long,0.6296296296296297,0.020167143189538127
has_tariff&has_market_brag,35,0.00470992567092884,0.00869571288360027,0.017619110740370206,0.7142857142857143,0.2857142857142857,long,0.7142857142857143,0.01990306860120286
has_all_caps&uppercase_phrase_heavy,38,0.005095023457907463,0.009317536606013421,0.04069646696030675,0.631578947368421,0.34210526315789475,long,0.631578947368421,0.019836526704871692
has_night_post&tariff_rising,24,-0.006923139286029075,-0.005021078851798755,0.01756780887986671,0.4166666666666667,0.5833333333333334,short,0.5833333333333334,0.01978451844715205
posts_very_high&uppercase_phrase_heavy,37,0.005010523395401552,0.008982065066193368,0.041269288049782124,0.6486486486486487,0.32432432432432434,long,0.6486486486486487,0.01976939932977157
has_market_brag&has_uppercase_phrase,70,0.0038464314646991355,0.0042254601044453555,0.027058449129576077,0.6142857142857143,0.38571428571428573,long,0.6142857142857143,0.019768669200945332
positive_heavy&open_tariff,28,0.0057797744701353505,0.009198501423542393,0.024021793879061833,0.6428571428571429,0.35714285714285715,long,0.6428571428571429,0.01966094470545204
uppercase_phrase_heavy&short_posts,32,0.0050476579561706605,0.009317536606013421,0.04283249800598919,0.6875,0.28125,long,0.6875,0.019630782434551765
has_relief&has_uppercase_phrase,40,0.0053331728740979994,0.003146251881474993,0.029726856006538526,0.575,0.425,long,0.575,0.019394719453212503
has_deal&tariff_rising,20,-0.007200586579920665,-0.005362287150718903,0.019774788399539337,0.4,0.6,short,0.6,0.019321201284690396
pre_tariff&tariff_only,24,0.006287484381235817,0.0037863412567094024,0.02028603958085161,0.625,0.375,long,0.625,0.01925141062468321
has_attack&tariff_only,46,0.004351165855486788,0.005179463806710527,0.024209028685376253,0.6521739130434783,0.34782608695652173,long,0.6521739130434783,0.01924633215862105
attack_heavy&pre_tariff,32,0.005165169022093883,0.007869054194650671,0.02078047042828754,0.65625,0.34375,long,0.65625,0.019174711717860685
has_market_brag&deal_only,52,0.004591909016374676,0.00504816286476395,0.025043574931848493,0.5769230769230769,0.40384615384615385,long,0.5769230769230769,0.019103496243235735
has_market_brag&deal_over_tariff,68,0.003929604075205445,0.0042254601044453555,0.02429828860048788,0.5882352941176471,0.39705882352941174,long,0.5882352941176471,0.01906137961050548
has_tariff&has_attack,113,0.002914037797488738,0.006798762195142638,0.02219808902962571,0.6106194690265486,0.3893805309734513,long,0.6106194690265486,0.018914943554757993
has_tariff&has_china,86,0.0033043463417053135,0.008509748691412189,0.021205438868048817,0.6162790697674418,0.38372093023255816,long,0.6162790697674418,0.018884791971488183
has_tariff&attack_heavy,69,0.003561624666730224,0.008089633356133552,0.02338466898005475,0.6376811594202898,0.36231884057971014,long,0.6376811594202898,0.018865845850528
deal_heavy&has_china,83,0.0034961757772785157,0.006798762195142638,0.02460054974384858,0.5903614457831325,0.40963855421686746,long,0.5903614457831325,0.018804002202355983
positive_heavy&tariff_only,43,0.004245103350916921,0.005576302126708121,0.02534730843138703,0.6744186046511628,0.32558139534883723,long,0.6744186046511628,0.01877379356594041
has_china&pre_tariff,38,0.004707006341538025,0.00820670892767883,0.023700238011890612,0.631578947368421,0.3684210526315789,long,0.631578947368421,0.018325854191899433
has_attack&has_iran,91,0.0031802021924167223,0.004111201935699915,0.027597258959487836,0.5934065934065934,0.38461538461538464,long,0.5934065934065934,0.018002291774509353
has_iran&has_night_post,110,0.003023218581257638,0.0037997520344689173,0.025722511325122394,0.5636363636363636,0.41818181818181815,long,0.5636363636363636,0.01787166006131602
has_china&tariff_rising,20,-0.006564970761104111,-0.005955814713006102,0.01969181707419561,0.4,0.6,short,0.6,0.01761566507055279
posts_high&sig_potus,43,0.0042514839116262635,0.0039727708653432,0.03436759132137869,0.627906976744186,0.37209302325581395,long,0.627906976744186,0.017505320894507025
has_market_brag&has_iran,26,0.0049512942021710145,0.00717275736561529,0.02009146593677948,0.6923076923076923,0.2692307692307692,long,0.6923076923076923,0.0174785162915138
attack_heavy&open_tariff,20,0.005562977295044569,0.009198501423542393,0.022054959918824432,0.7,0.3,long,0.7,0.017414873544610583
posts_high&brag_heavy,29,0.005082853292116142,0.004111201935699915,0.020021536027172084,0.6206896551724138,0.3793103448275862,long,0.6206896551724138,0.01698951889770927
open_tariff&has_night_post,28,0.005200568835910595,0.00887474898779772,0.024032404146054256,0.6071428571428571,0.39285714285714285,long,0.6071428571428571,0.016707857205011847
posts_low&short_posts,128,0.002481913543851049,0.0036596443715739557,0.028931856251970773,0.59375,0.3828125,long,0.59375,0.01667229002317022
has_iran&exclamation_heavy,116,0.002705677088592907,0.0037997520344689173,0.0256339398796864,0.5689655172413793,0.4051724137931034,long,0.5689655172413793,0.016580243524817313
positive_heavy&volume_drop,54,0.004193810903319441,0.003862397299013054,0.020821831164929288,0.5370370370370371,0.46296296296296297,long,0.5370370370370371,0.016550455940819088
has_attack&all_caps_heavy,26,0.004954713536480817,0.007454139689192618,0.030151235727320144,0.6538461538461539,0.34615384615384615,long,0.6538461538461539,0.016518887581354846
has_tariff&pre_deal,54,0.003756982447856467,0.008628746334094606,0.02239868590839836,0.5740740740740741,0.42592592592592593,long,0.5740740740740741,0.01584907717028147
has_deal&brag_heavy,24,0.005073704489362109,0.0063500546052966955,0.018184651381251853,0.625,0.3333333333333333,long,0.625,0.01553498388075681
has_positive&has_iran,113,0.0025782790237368035,0.0036100230889251073,0.025947941188241865,0.5663716814159292,0.40707964601769914,long,0.5663716814159292,0.015522821645727356
positive_heavy&tariff_rising,26,-0.005515471057219996,-0.004375610668894747,0.017576285596762598,0.46153846153846156,0.5384615384615384,short,0.5384615384615384,0.015143420140918991
has_tariff&deal_over_tariff,44,0.0037686801019113495,0.0024016767305481412,0.02236538645400924,0.5909090909090909,0.4090909090909091,long,0.5909090909090909,0.014771897462539806
posts_very_high&sig_potus,30,0.004237962838356342,0.007556226072263694,0.040543900217456574,0.6333333333333333,0.36666666666666664,long,0.6333333333333333,0.014701109681430463
has_tariff&positive_heavy,119,0.0021928424687506147,0.005576302126708121,0.022370168748779576,0.6134453781512605,0.3865546218487395,long,0.6134453781512605,0.014674280385860243
pre_tariff&lots_of_excl,60,0.00303366340748405,0.005762219536058932,0.021477483094338043,0.6166666666666667,0.38333333333333336,long,0.6166666666666667,0.014490837688060969
positive_heavy&has_iran,95,0.002568311905070405,0.004111201935699915,0.027350451547811214,0.5684210526315789,0.4105263157894737,long,0.5684210526315789,0.01422917504642601
pre_relief&lots_of_excl,41,0.003942404771861891,0.002708263401233646,0.029225690631838247,0.5609756097560976,0.43902439024390244,long,0.5609756097560976,0.014161104234513059
posts_very_high&all_caps_heavy,23,-0.006143494870733131,0.002375180971655011,0.046377566460415846,0.5217391304347826,0.4782608695652174,short,0.4782608695652174,0.014091079565569193
posts_high&pre_relief,32,0.0044260747932319405,0.0019466059332169383,0.0312547244859466,0.5625,0.4375,long,0.5625,0.014083683751499182
has_iran&pre_deal,40,0.003865173139536343,0.004050341457856321,0.022690721857670782,0.575,0.425,long,0.575,0.014056163272614454
attack_heavy&brag_heavy,25,0.004362974175565295,0.00417891166091322,0.0197982600483869,0.64,0.36,long,0.64,0.013961517361808947
has_iran&lots_of_excl,112,0.002345310835649289,0.002852556574393872,0.02588327040825478,0.5625,0.4107142857142857,long,0.5625,0.01396149574111447
brag_heavy&has_night_post,36,0.003962503144854055,0.0034097326684667806,0.018588753079794556,0.5833333333333334,0.4166666666666667,long,0.5833333333333334,0.013868761006989194
has_iran&has_exclamation,119,0.002215443694798185,0.0036100230889251073,0.025937263663951757,0.5630252100840336,0.4117647058823529,long,0.5630252100840336,0.013606989165323224
has_iran,119,0.002215443694798185,0.0036100230889251073,0.025937263663951757,0.5630252100840336,0.4117647058823529,long,0.5630252100840336,0.013606989165323224
pre_relief&has_night_post,41,0.0037533495081961687,0.002708263401233646,0.029290479854129563,0.5609756097560976,0.43902439024390244,long,0.5609756097560976,0.013482018384688139
has_attack&brag_heavy,32,0.003989411351740305,0.0034097326684667806,0.01949146206834381,0.59375,0.40625,long,0.59375,0.013399464143851264
lots_of_excl&volume_drop,81,0.0026938169069899605,0.004629547324715322,0.019457678338245146,0.5432098765432098,0.4444444444444444,long,0.5432098765432098,0.01316977154528425
posts_high&pre_tariff,42,0.003387120449473588,0.005762219536058932,0.02199471373467534,0.5952380952380952,0.40476190476190477,long,0.5952380952380952,0.01306610080197203
positive_heavy&pre_relief,42,0.003614967889183899,0.0019466059332169383,0.028944970410653616,0.5476190476190477,0.4523809523809524,long,0.5476190476190477,0.012829438072048761
has_positive&pre_relief,42,0.003614967889183899,0.0019466059332169383,0.028944970410653616,0.5476190476190477,0.4523809523809524,long,0.5476190476190477,0.012829438072048761
pre_relief&exclamation_heavy,42,0.003614967889183899,0.0019466059332169383,0.028944970410653616,0.5476190476190477,0.4523809523809524,long,0.5476190476190477,0.012829438072048761
has_tariff&volume_spike,36,0.0034145231770575935,0.00853584921116346,0.023400249256384717,0.6111111111111112,0.3888888888888889,long,0.6111111111111112,0.012519918315877844
has_attack&pre_relief,35,0.0038300664362811688,0.0011849484652002307,0.030042355236887676,0.5428571428571428,0.45714285714285713,long,0.5428571428571428,0.012300588389160483
has_tariff&has_deal,85,0.0022557186988766877,0.008089633356133552,0.021029537156901337,0.5882352941176471,0.4117647058823529,long,0.5882352941176471,0.012233352251435584
has_action&has_market_brag,41,0.0031217828235898318,0.004015936949363308,0.027220913303383363,0.6097560975609756,0.3902439024390244,long,0.6097560975609756,0.012188514183981468
has_positive&pre_tariff,63,0.0025402725459095226,0.003875964038950075,0.022238640410178846,0.6031746031746031,0.3968253968253968,long,0.6031746031746031,0.012161681805450342
has_market_brag&pre_action,23,0.0040585720359337775,0.00941493778089142,0.033413439403781324,0.6086956521739131,0.391304347826087,long,0.6086956521739131,0.011847790779736246
has_attack&pre_tariff,50,0.0027717703127840233,0.0037863412567094024,0.022576704511747,0.6,0.4,long,0.6,0.011759625504366844
has_market_brag&brag_heavy,40,0.0033731539276533134,0.001663307060546626,0.018313859535442407,0.55,0.425,long,0.55,0.01173353424070003
brag_heavy&lots_of_excl,40,0.0033731539276533134,0.001663307060546626,0.018313859535442407,0.55,0.425,long,0.55,0.01173353424070003
brag_heavy&has_exclamation,40,0.0033731539276533134,0.001663307060546626,0.018313859535442407,0.55,0.425,long,0.55,0.01173353424070003
brag_heavy&exclamation_heavy,40,0.0033731539276533134,0.001663307060546626,0.018313859535442407,0.55,0.425,long,0.55,0.01173353424070003
brag_heavy,40,0.0033731539276533134,0.001663307060546626,0.018313859535442407,0.55,0.425,long,0.55,0.01173353424070003
has_market_brag&volume_drop,22,0.004985293088150559,0.0009542289753605715,0.02174314345835012,0.5,0.45454545454545453,long,0.5,0.011691548634000098
pre_tariff&has_exclamation,64,0.002441079365309422,0.0037863412567094024,0.022075704485577916,0.59375,0.40625,long,0.59375,0.011595126985219755
pre_tariff,64,0.002441079365309422,0.0037863412567094024,0.022075704485577916,0.59375,0.40625,long,0.59375,0.011595126985219755
has_tariff&pre_tariff,64,0.002441079365309422,0.0037863412567094024,0.022075704485577916,0.59375,0.40625,long,0.59375,0.011595126985219755
has_positive&tariff_rising,27,-0.004284914207448044,-0.004323670048277939,0.018382854717999112,0.48148148148148145,0.5185185185185185,short,0.5185185185185185,0.011544849731914707
exclamation_heavy&tariff_rising,27,-0.004284914207448044,-0.004323670048277939,0.018382854717999112,0.48148148148148145,0.5185185185185185,short,0.5185185185185185,0.011544849731914707
has_exclamation&tariff_rising,27,-0.004284914207448044,-0.004323670048277939,0.018382854717999112,0.48148148148148145,0.5185185185185185,short,0.5185185185185185,0.011544849731914707
tariff_rising,27,-0.004284914207448044,-0.004323670048277939,0.018382854717999112,0.48148148148148145,0.5185185185185185,short,0.5185185185185185,0.011544849731914707
has_tariff&tariff_rising,27,-0.004284914207448044,-0.004323670048277939,0.018382854717999112,0.48148148148148145,0.5185185185185185,short,0.5185185185185185,0.011544849731914707
attack_heavy&all_caps_heavy,25,0.0035808454135620904,0.006809569014475381,0.029930851937318734,0.64,0.36,long,0.64,0.011458705323398691
positive_heavy&all_caps_heavy,23,0.003905423717146219,0.008098710363909856,0.03180939152077471,0.6086956521739131,0.391304347826087,long,0.6086956521739131,0.011400719932354855
posts_very_high&pre_relief,22,0.0037777065727092,0.0019466059332169383,0.03483333246546425,0.5909090909090909,0.4090909090909091,long,0.5909090909090909,0.010470326717277692
deal_only&volume_drop,26,0.003519006513341271,0.0006542658387932443,0.016819129197841374,0.5769230769230769,0.38461538461538464,long,0.5769230769230769,0.010352009353838796
deal_over_tariff&volume_drop,26,0.003519006513341271,0.0006542658387932443,0.016819129197841374,0.5769230769230769,0.38461538461538464,long,0.5769230769230769,0.010352009353838796
pre_relief,43,0.0028786248221482876,0.0011849484652002307,0.02900307003616822,0.5348837209302325,0.46511627906976744,long,0.5348837209302325,0.01009668190773593
has_relief&pre_relief,43,0.0028786248221482876,0.0011849484652002307,0.02900307003616822,0.5348837209302325,0.46511627906976744,long,0.5348837209302325,0.01009668190773593
pre_relief&has_exclamation,43,0.0028786248221482876,0.0011849484652002307,0.02900307003616822,0.5348837209302325,0.46511627906976744,long,0.5348837209302325,0.01009668190773593
has_positive&brag_heavy,39,0.0030017711897245016,0.0006183507198596061,0.018400041030377266,0.5384615384615384,0.4358974358974359,long,0.5384615384615384,0.01009402965387357
positive_heavy&brag_heavy,36,0.003017217858439805,0.001663307060546626,0.019008806513582478,0.5555555555555556,0.4444444444444444,long,0.5555555555555556,0.010057392861466017
has_deal&volume_drop,29,0.0031770075933399344,0.000682960171407121,0.01682052378576469,0.5862068965517241,0.3793103448275862,long,0.5862068965517241,0.010029243490417452
brag_heavy&deal_over_tariff,21,0.0037872790877973863,0.002708263401233646,0.019067785446051533,0.5714285714285714,0.38095238095238093,long,0.5714285714285714,0.009917424627288472
high_emotion&volume_spike,22,-0.004560930228094123,0.003013355179595112,0.04824548198048813,0.5454545454545454,0.45454545454545453,short,0.45454545454545453,0.009723935918776247
pre_tariff&exclamation_heavy,61,0.0020379237901687517,0.003875964038950075,0.022170419192730696,0.6065573770491803,0.39344262295081966,long,0.6065573770491803,0.009654387934466465
pre_tariff&has_night_post,59,0.0021046960166081,0.00369671847446873,0.022897228417697407,0.5932203389830508,0.4067796610169492,long,0.5932203389830508,0.009590282882176029
high_emotion,73,0.0018083525078933349,0.0033112898216893782,0.03486361066673764,0.6164383561643836,0.3561643835616438,long,0.6164383561643836,0.009524324342647604
has_tariff&deal_heavy,56,0.002110167093937947,0.0024016767305481412,0.022112982105698356,0.5714285714285714,0.42857142857142855,long,0.5714285714285714,0.009023454050697394
has_relief&volume_spike,29,0.0025212450523636725,0.004111201935699915,0.03277186295825031,0.6551724137931034,0.3448275862068966,long,0.6551724137931034,0.008895485599891928
posts_low&has_uppercase_phrase,25,0.003033399522582925,0.004339718273190796,0.03247027484960667,0.56,0.44,long,0.56,0.00849351866323219
posts_low&has_exclamation,130,0.0013141172660971,0.0015686322267737252,0.02568619745663076,0.5538461538461539,0.43846153846153846,long,0.5538461538461539,0.008298411023090093
attack_heavy&pre_relief,23,0.0032969643719263147,0.002708263401233646,0.0342320800097426,0.5217391304347826,0.4782608695652174,long,0.5217391304347826,0.008249575130151204
has_relief&has_market_brag,22,-0.003418767927646868,-0.00022032108732672473,0.028672591270320725,0.5,0.5,short,0.5,0.008017721483506877
positive_heavy&pre_tariff,53,0.0018684874719478869,0.00369671847446873,0.022885010382630758,0.5849056603773585,0.41509433962264153,long,0.5849056603773585,0.007956351279212482
lots_of_excl&tariff_rising,26,-0.0028768420568922037,-0.0015718755431703424,0.017198058816014803,0.5,0.5,short,0.5,0.0073345368928088754
has_tariff&has_russia,61,0.001420494688468952,0.008089633356133552,0.02436092386987969,0.639344262295082,0.36065573770491804,long,0.639344262295082,0.007093152607039812
has_iran&volume_spike,37,0.001795786859412888,0.00941493778089142,0.03488669268221063,0.6216216216216216,0.3783783783783784,long,0.6216216216216216,0.006790187445386176
has_night_post&high_emotion,44,-0.0024936937071425606,0.0011473593526110104,0.03498954949368834,0.5909090909090909,0.36363636363636365,short,0.36363636363636365,0.006015015540845292
posts_high&all_caps_heavy,27,-0.0026100794822509015,0.006132282119439614,0.04384301037802299,0.5925925925925926,0.4074074074074074,short,0.4074074074074074,0.005525410336174216
posts_low&has_attack,30,-0.0016900615501426962,-0.0027687447195397508,0.012923433611780973,0.43333333333333335,0.5666666666666667,short,0.5666666666666667,0.005245547395983385
has_iran&has_uppercase_phrase,55,0.001281555284357932,0.0011849484652002307,0.0251345716880027,0.5272727272727272,0.45454545454545453,long,0.5272727272727272,0.005011341499428321
has_relief&pre_deal,30,0.0016937788181403087,0.0008504729644396303,0.04475621125653641,0.5333333333333333,0.4666666666666667,long,0.5333333333333333,0.004947844619306067
has_relief&has_china,36,0.0014752879724944626,0.0017800647184276208,0.031012146477693448,0.5555555555555556,0.4444444444444444,long,0.5555555555555556,0.004917626574981543
attack_heavy&tariff_only,23,0.0015435741681770994,0.0057016023811062855,0.028227835218103625,0.6521739130434783,0.34782608695652173,long,0.6521739130434783,0.004827861948466267
has_russia&pre_tariff,28,0.0013824113634425816,0.005762219536058932,0.021444769165778702,0.6071428571428571,0.39285714285714285,long,0.6071428571428571,0.0044412702509571125
has_tariff&has_iran,23,-0.001912080454358104,0.0006183507198596061,0.017082027535541677,0.5217391304347826,0.4782608695652174,short,0.4782608695652174,0.004385659691275119
has_russia&tariff_only,22,-0.0020949260322278133,0.003486725211746311,0.02844448244504864,0.5909090909090909,0.4090909090909091,short,0.4090909090909091,0.004019757577046879
has_attack&tariff_rising,21,-0.0017717820626231946,0.0018544951002568144,0.018240331570486712,0.5238095238095238,0.47619047619047616,short,0.47619047619047616,0.0038663454366360843
posts_low&exclamation_heavy,41,0.001025181654026682,0.001223175610904903,0.017393197303959936,0.5853658536585366,0.4146341463414634,long,0.5853658536585366,0.003842555412684728
tariff_heavy&has_positive,20,-0.0017863278242221058,0.004636510300588426,0.01807046536819562,0.6,0.4,short,0.4,0.00319548035604794
tariff_heavy&exclamation_heavy,20,-0.0017863278242221058,0.004636510300588426,0.01807046536819562,0.6,0.4,short,0.4,0.00319548035604794
has_tariff&tariff_heavy,20,-0.0017863278242221058,0.004636510300588426,0.01807046536819562,0.6,0.4,short,0.4,0.00319548035604794
tariff_heavy,20,-0.0017863278242221058,0.004636510300588426,0.01807046536819562,0.6,0.4,short,0.4,0.00319548035604794
tariff_heavy&has_exclamation,20,-0.0017863278242221058,0.004636510300588426,0.01807046536819562,0.6,0.4,short,0.4,0.00319548035604794
all_caps_heavy&has_exclamation,29,-0.0015193545155284414,0.006132282119439614,0.042580640354301064,0.6206896551724138,0.3793103448275862,short,0.3793103448275862,0.0031035075562907315
all_caps_heavy,29,-0.0015193545155284414,0.006132282119439614,0.042580640354301064,0.6206896551724138,0.3793103448275862,short,0.3793103448275862,0.0031035075562907315
has_night_post&all_caps_heavy,29,-0.0015193545155284414,0.006132282119439614,0.042580640354301064,0.6206896551724138,0.3793103448275862,short,0.3793103448275862,0.0031035075562907315
has_all_caps&all_caps_heavy,29,-0.0015193545155284414,0.006132282119439614,0.042580640354301064,0.6206896551724138,0.3793103448275862,short,0.3793103448275862,0.0031035075562907315
has_positive&all_caps_heavy,29,-0.0015193545155284414,0.006132282119439614,0.042580640354301064,0.6206896551724138,0.3793103448275862,short,0.3793103448275862,0.0031035075562907315
all_caps_heavy&lots_of_excl,29,-0.0015193545155284414,0.006132282119439614,0.042580640354301064,0.6206896551724138,0.3793103448275862,short,0.3793103448275862,0.0031035075562907315
all_caps_heavy&exclamation_heavy,29,-0.0015193545155284414,0.006132282119439614,0.042580640354301064,0.6206896551724138,0.3793103448275862,short,0.3793103448275862,0.0031035075562907315
posts_low&high_emotion,60,0.0006698284076114188,0.00511112490101906,0.03725744784495079,0.5833333333333334,0.38333333333333336,long,0.5833333333333334,0.0030266066454116016
has_tariff&open_deal,20,0.001114030988619491,0.007747237539371454,0.019654459534985173,0.6,0.4,long,0.6,0.002989258823513372
all_caps_heavy&short_posts,26,-0.001482747314574373,0.007115496241674735,0.04501109364744902,0.6538461538461539,0.34615384615384615,short,0.34615384615384615,0.0026171160544876245
high_emotion&has_exclamation,42,-0.0010248806865359107,0.0016032162556751661,0.03550413988895425,0.5952380952380952,0.38095238095238093,short,0.38095238095238093,0.0025302803719030346
has_relief&has_all_caps,24,0.0007946985183164001,0.004494754745609675,0.033023714525403106,0.5833333333333334,0.4166666666666667,long,0.5833333333333334,0.002271040180757847
posts_low&volume_spike,39,0.0006003679760012675,0.004395573345891135,0.041057369301950274,0.5641025641025641,0.41025641025641024,long,0.5641025641025641,0.0021149879432171563
all_caps_heavy&has_uppercase_phrase,27,-0.0010425459918431978,0.006132282119439614,0.04388192433830955,0.6296296296296297,0.37037037037037035,short,0.37037037037037035,0.002006380696777452
pre_tariff&volume_spike,20,0.0007868532074945978,0.003202490937851188,0.02327748876684828,0.55,0.45,long,0.55,0.0019354029862988348
brag_heavy&has_uppercase_phrase,20,0.0006185791898867977,0.00032479245545724567,0.01883067164373669,0.5,0.5,long,0.5,0.0013831851180536301
high_emotion&short_posts,64,0.0002161232784822619,0.002483520530426886,0.035591994431560324,0.59375,0.375,long,0.59375,0.001026585572790744
sig_potus&has_all_caps,20,-0.00047661184474946384,0.004977521162025211,0.04465823556966775,0.6,0.4,short,0.4,0.0008525891869931019
has_deal&pre_tariff,40,0.0001332363557535854,0.005398948378683599,0.02302120211342819,0.575,0.425,long,0.575,0.00048452990402008127
posts_low&has_night_post,99,7.158438752673401e-05,0.001223175610904903,0.027748900521856537,0.5555555555555556,0.42424242424242425,long,0.5555555555555556,0.0003956975904559565
sig_potus&has_uppercase_phrase,30,-9.902222916566469e-05,0.0036533707816969185,0.036318348418981274,0.5666666666666667,0.43333333333333335,short,0.43333333333333335,0.0002350257373034156
pre_tariff&pre_deal,30,-3.618989112420534e-05,0.005398948378683599,0.02430216853488204,0.5333333333333333,0.4666666666666667,short,0.4666666666666667,9.250275870445521e-05
deal_heavy&pre_tariff,23,-4.0640688576396386e-05,0.002708263401233646,0.025611676346880077,0.5652173913043478,0.43478260869565216,short,0.43478260869565216,8.474169365383344e-05
