event,n,mean_ret,median_ret,std,hit_up,hit_down,direction,directional_hit,score
has_positive&short_posts,462,0.02596622451115457,0.022065064623873143,0.0581742601864161,0.7077922077922078,0.29004329004329005,long,0.7077922077922078,0.3950349972496091
short_posts,566,0.023015959759078834,0.02002325756543899,0.060968408207918344,0.6819787985865724,0.31625441696113077,long,0.6819787985865724,0.37342911778973964
exclamation_heavy&short_posts,446,0.02523466312638989,0.022065064623873143,0.05791315516222838,0.6973094170403588,0.3004484304932735,long,0.6973094170403588,0.3716126344190047
has_exclamation&short_posts,521,0.023528751916209564,0.01964642338693401,0.059045259295838,0.6890595009596929,0.30902111324376197,long,0.6890595009596929,0.3700619879881869
has_positive,924,0.01817177735496973,0.017796839057864222,0.05686692303527336,0.6525974025974026,0.3463203463203463,long,0.6525974025974026,0.3604779740906866
has_positive&has_exclamation,918,0.018131066960183094,0.01776046790478303,0.05688731017718712,0.6525054466230937,0.3464052287581699,long,0.6525054466230937,0.3584502136633447
has_exclamation,1005,0.01735296060322733,0.016620844211056474,0.057070511817283516,0.6457711442786069,0.35323383084577115,long,0.6457711442786069,0.35525094897039133
lots_of_excl&short_posts,382,0.026181574325841554,0.024691331547369244,0.06056749750895575,0.693717277486911,0.3036649214659686,long,0.693717277486911,0.3549849573918628
has_attack&short_posts,309,0.028096802088117514,0.024989374176527024,0.060302749653399275,0.7055016181229773,0.29449838187702265,long,0.7055016181229773,0.34844492717144177
has_exclamation&exclamation_heavy,892,0.01741282055316993,0.017677813569276668,0.05625387621782644,0.6423766816143498,0.35650224215246634,long,0.6423766816143498,0.334072955488949
exclamation_heavy,892,0.01741282055316993,0.017677813569276668,0.05625387621782644,0.6423766816143498,0.35650224215246634,long,0.6423766816143498,0.334072955488949
has_positive&has_night_post,465,0.022707262512525982,0.02361326573784739,0.062309683919432236,0.6688172043010753,0.32903225806451614,long,0.6688172043010753,0.3274904902264764
has_positive&exclamation_heavy,853,0.017254836050856072,0.017731483418631955,0.056812567209116024,0.6436107854630715,0.3552168815943728,long,0.6436107854630715,0.3243460893568135
exclamation_heavy&lots_of_excl,791,0.017707582235689575,0.018597446698152442,0.05811211465059599,0.6422250316055625,0.35651074589127685,long,0.6422250316055625,0.31984144430274447
has_exclamation&lots_of_excl,791,0.017707582235689575,0.018597446698152442,0.05811211465059599,0.6422250316055625,0.35651074589127685,long,0.6422250316055625,0.31984144430274447
lots_of_excl,791,0.017707582235689575,0.018597446698152442,0.05811211465059599,0.6422250316055625,0.35651074589127685,long,0.6422250316055625,0.31984144430274447
has_night_post,488,0.021686780037125063,0.02270445055662318,0.06179588386463281,0.6618852459016393,0.3360655737704918,long,0.6618852459016393,0.3170937528022601
has_night_post&has_exclamation,485,0.021675027454995575,0.02257165693529606,0.0619284302726691,0.6618556701030928,0.33608247422680415,long,0.6618556701030928,0.3159321473623166
has_positive&lots_of_excl,775,0.017604781956106538,0.018646923753718125,0.058307617383060194,0.6438709677419355,0.3548387096774194,long,0.6438709677419355,0.3155588355981348
positive_heavy&short_posts,284,0.026444587531164427,0.02507813121314162,0.06395796978907654,0.7077464788732394,0.2887323943661972,long,0.7077464788732394,0.31540871197690257
has_night_post&short_posts,258,0.027931864121318605,0.02607894967959068,0.0643129939626199,0.7015503875968992,0.29457364341085274,long,0.7015503875968992,0.3147521044974182
has_attack&has_exclamation,638,0.019074255160617636,0.01821553644087337,0.0568955528161152,0.6473354231974922,0.35266457680250785,long,0.6473354231974922,0.311879838233875
has_attack,639,0.019006621746431827,0.018191923636315277,0.05687664778921306,0.6463223787167449,0.3536776212832551,long,0.6463223787167449,0.3105307086701702
has_night_post&exclamation_heavy,463,0.021712551432538918,0.022840920187571667,0.061087198010742666,0.6630669546436285,0.3347732181425486,long,0.6630669546436285,0.3097838266701323
has_night_post&lots_of_excl,435,0.022155249775656295,0.02361326573784739,0.06226111693893198,0.6666666666666666,0.3310344827586207,long,0.6666666666666666,0.308056246877415
posts_high&has_night_post,302,0.02595242872856959,0.025816901988841012,0.06516951669584774,0.6821192052980133,0.31788079470198677,long,0.6821192052980133,0.3076392585173611
has_attack&has_positive,615,0.018950260160888244,0.018518414395342075,0.05714445139241918,0.6504065040650406,0.34959349593495936,long,0.6504065040650406,0.3056592970885655
has_attack&lots_of_excl,590,0.019342787172240118,0.01873958661840769,0.05812424356870937,0.6491525423728813,0.35084745762711866,long,0.6491525423728813,0.30499436918827333
has_attack&exclamation_heavy,628,0.01880880235954292,0.01783454490757519,0.057010628129679455,0.643312101910828,0.35668789808917195,long,0.643312101910828,0.30322338120903636
posts_high&short_posts,242,0.028382973642403584,0.026130379655061264,0.0651112717959091,0.6859504132231405,0.3140495867768595,long,0.6859504132231405,0.30287142364017405
attack_heavy&short_posts,132,0.03387810677952224,0.02892338827404861,0.05700259682031272,0.7575757575757576,0.24242424242424243,long,0.7575757575757576,0.2948710708198033
has_attack&has_night_post,363,0.022964248779230964,0.02357017560715824,0.06213059468238513,0.6639118457300276,0.33608815426997246,long,0.6639118457300276,0.29047982424334495
posts_high&has_positive,422,0.02138883717759165,0.020870205385833063,0.06098783285250994,0.6492890995260664,0.35071090047393366,long,0.6492890995260664,0.28528669102785176
has_deal&short_posts,163,0.030024760407413406,0.026476134190195566,0.0551610854505314,0.7423312883435583,0.25766871165644173,long,0.7423312883435583,0.28455820890464384
has_action,194,0.029085338396442645,0.030573793705718222,0.05581278814834838,0.7010309278350515,0.29896907216494845,long,0.7010309278350515,0.2839959615712191
posts_high,425,0.021262134855805036,0.020756748232151567,0.06103778155479557,0.6470588235294118,0.35294117647058826,long,0.6470588235294118,0.2836253841772712
posts_high&has_exclamation,425,0.021262134855805036,0.020756748232151567,0.06103778155479557,0.6470588235294118,0.35294117647058826,long,0.6470588235294118,0.2836253841772712
posts_very_high&short_posts,147,0.03261100782743822,0.028379764025898924,0.06299072839464374,0.7142857142857143,0.2857142857142857,long,0.7142857142857143,0.28241961221574674
short_posts&deal_over_tariff,151,0.030670796756964047,0.026519075788908664,0.05196952086206183,0.7483443708609272,0.25165562913907286,long,0.7483443708609272,0.28204280677010574
posts_high&lots_of_excl,422,0.021079631448356038,0.020870205385833063,0.06052659221106831,0.6492890995260664,0.35071090047393366,long,0.6492890995260664,0.2811624705941716
has_positive&positive_heavy,625,0.017336223525115168,0.018597446698152442,0.059441859123008686,0.6464,0.352,long,0.6464,0.2801533721658611
positive_heavy,625,0.017336223525115168,0.018597446698152442,0.059441859123008686,0.6464,0.352,long,0.6464,0.2801533721658611
positive_heavy&has_exclamation,625,0.017336223525115168,0.018597446698152442,0.059441859123008686,0.6464,0.352,long,0.6464,0.2801533721658611
positive_heavy&exclamation_heavy,623,0.017362200476140153,0.018646923753718125,0.059533986324401836,0.6452648475120385,0.35313001605136435,long,0.6452648475120385,0.27963195328432294
posts_high&exclamation_heavy,423,0.020971488034741418,0.020756748232151567,0.06049573657824559,0.6477541371158393,0.35224586288416077,long,0.6477541371158393,0.2793892077148989
positive_heavy&lots_of_excl,605,0.017512458191029378,0.019700858225200513,0.05973014311904072,0.6479338842975206,0.3504132231404959,long,0.6479338842975206,0.2790972074829047
has_action&has_exclamation,192,0.028617215855967215,0.030573793705718222,0.05482133204535685,0.703125,0.296875,long,0.703125,0.2788114040645675
posts_high&attack_heavy,230,0.026389713626754227,0.026130379655061264,0.056720724064250466,0.6956521739130435,0.30434782608695654,long,0.6956521739130435,0.27841378982381526
has_attack&has_all_caps,144,0.03302027168247972,0.028615285214809938,0.06173568132644134,0.7013888888888888,0.2986111111111111,long,0.7013888888888888,0.2779206199942043
has_positive&has_all_caps,178,0.029849949923424005,0.026516400874487922,0.05990387387086802,0.6966292134831461,0.30337078651685395,long,0.6966292134831461,0.2774311939435689
posts_very_high&deal_only,96,0.03753803386503405,0.03254900598373933,0.05482603378622402,0.75,0.25,long,0.75,0.27584708674994546
has_night_post&has_all_caps,111,0.036522948430903264,0.034601644631729656,0.06318146769330452,0.7117117117117117,0.2882882882882883,long,0.7117117117117117,0.2738617834000193
has_all_caps&exclamation_heavy,180,0.029567339169996938,0.026516400874487922,0.06022209562672544,0.6888888888888889,0.3111111111111111,long,0.6888888888888889,0.2732735985646755
posts_high&has_attack,361,0.022167457181376995,0.020756748232151567,0.06156398030240581,0.6481994459833795,0.3518005540166205,long,0.6481994459833795,0.27300973581274823
short_posts&deal_only,138,0.03112969322430918,0.026714352942896702,0.05298610081274862,0.7463768115942029,0.2536231884057971,long,0.7463768115942029,0.2729433529744084
has_all_caps&lots_of_excl,177,0.029702979343064557,0.026519075788908664,0.060637803483030724,0.6836158192090396,0.3163841807909605,long,0.6836158192090396,0.27014612996108106
has_night_post&deal_over_tariff,180,0.02800808460685668,0.026541133129083017,0.05644716348410433,0.7166666666666667,0.2833333333333333,long,0.7166666666666667,0.2693003187321371
attack_heavy&lots_of_excl,275,0.023743968670102505,0.02357017560715824,0.056116241333597515,0.6836363636363636,0.31636363636363635,long,0.6836363636363636,0.26918125456699227
has_night_post&deal_only,149,0.030333821837028953,0.02694874134891867,0.05851385285814776,0.7248322147651006,0.2751677852348993,long,0.7248322147651006,0.26838469929850167
attack_heavy&has_exclamation,277,0.02362054140112807,0.022840920187571667,0.05593842171667897,0.6823104693140795,0.3176895306859206,long,0.6823104693140795,0.2682327285454906
attack_heavy,277,0.02362054140112807,0.022840920187571667,0.05593842171667897,0.6823104693140795,0.3176895306859206,long,0.6823104693140795,0.2682327285454906
attack_heavy&exclamation_heavy,277,0.02362054140112807,0.022840920187571667,0.05593842171667897,0.6823104693140795,0.3176895306859206,long,0.6823104693140795,0.2682327285454906
has_attack&attack_heavy,277,0.02362054140112807,0.022840920187571667,0.05593842171667897,0.6823104693140795,0.3176895306859206,long,0.6823104693140795,0.2682327285454906
posts_low,453,0.019888635102757898,0.01762414371992138,0.06351725192856583,0.6320541760722348,0.36794582392776526,long,0.6320541760722348,0.26755211347540286
posts_very_high&has_positive,225,0.026020392867073864,0.02589005776196185,0.06072361288334906,0.6844444444444444,0.31555555555555553,long,0.6844444444444444,0.26714270010195834
attack_heavy&has_night_post,202,0.02691855559830964,0.02551563845232596,0.0574777969197657,0.698019801980198,0.30198019801980197,long,0.698019801980198,0.26705159773585685
posts_very_high&lots_of_excl,225,0.025939237910009388,0.02589005776196185,0.06081747330528604,0.6844444444444444,0.31555555555555553,long,0.6844444444444444,0.2663095092094297
posts_very_high&exclamation_heavy,225,0.025939237910009388,0.02589005776196185,0.06081747330528604,0.6844444444444444,0.31555555555555553,long,0.6844444444444444,0.2663095092094297
has_action&exclamation_heavy,186,0.027912593872798222,0.029766208487338353,0.05500483236370185,0.6989247311827957,0.3010752688172043,long,0.6989247311827957,0.26606458867355653
posts_high&positive_heavy,379,0.020801437474342058,0.022053354610619635,0.06151713170577372,0.6543535620052771,0.34564643799472294,long,0.6543535620052771,0.26498752178835905
has_all_caps,184,0.028501169559268763,0.026376659169599304,0.060492762563494,0.6847826086956522,0.31521739130434784,long,0.6847826086956522,0.2647428961288226
has_all_caps&has_exclamation,184,0.028501169559268763,0.026376659169599304,0.060492762563494,0.6847826086956522,0.31521739130434784,long,0.6847826086956522,0.2647428961288226
posts_very_high&attack_heavy,159,0.0292573382145955,0.027369055317577162,0.057089280452898614,0.7169811320754716,0.2830188679245283,long,0.7169811320754716,0.26450939450073796
posts_very_high&positive_heavy,213,0.02626024703283917,0.026239592379131427,0.06166339752355428,0.6901408450704225,0.30985915492957744,long,0.6901408450704225,0.264500404327495
posts_high&posts_very_high,226,0.025670203499959493,0.025816901988841012,0.06081680584786644,0.6814159292035398,0.3185840707964602,long,0.6814159292035398,0.2629637066612285
posts_very_high,226,0.025670203499959493,0.025816901988841012,0.06081680584786644,0.6814159292035398,0.3185840707964602,long,0.6814159292035398,0.2629637066612285
posts_very_high&has_exclamation,226,0.025670203499959493,0.025816901988841012,0.06081680584786644,0.6814159292035398,0.3185840707964602,long,0.6814159292035398,0.2629637066612285
attack_heavy&has_positive,274,0.02327616781692148,0.022756169664871928,0.05597502681970896,0.6824817518248175,0.3175182481751825,long,0.6824817518248175,0.26295280313111996
has_action&has_night_post,126,0.032398549938864575,0.033025870106497046,0.057698437625342956,0.7222222222222222,0.2777777777777778,long,0.7222222222222222,0.26265259301562033
posts_very_high&deal_over_tariff,116,0.033167535600938,0.028877135851565372,0.054592133997757024,0.7327586206896551,0.2672413793103448,long,0.7327586206896551,0.2617599114464125
posts_high&has_all_caps,128,0.03355354003145999,0.026733908568913667,0.06096028111236348,0.6875,0.3125,long,0.6875,0.2609852925796561
positive_heavy&has_night_post,380,0.020223671231302552,0.020870205385833063,0.062260935980577865,0.6578947368421053,0.3394736842105263,long,0.6578947368421053,0.2593631110375466
has_uppercase_phrase,298,0.02260552224063873,0.020527576168674733,0.055199533506717025,0.6644295302013423,0.33557046979865773,long,0.6644295302013423,0.2592815432313352
has_positive&has_uppercase_phrase,280,0.022903946968743906,0.021197584768109956,0.05396497708725256,0.6714285714285714,0.32857142857142857,long,0.6714285714285714,0.2573292552269725
has_action&has_positive,186,0.027193502854419398,0.029766208487338353,0.054778619556522475,0.6935483870967742,0.3064516129032258,long,0.6935483870967742,0.2572162437896974
has_attack&positive_heavy,475,0.01837534423534599,0.019374302918704567,0.05976795158281661,0.6421052631578947,0.35789473684210527,long,0.6421052631578947,0.2571511780554419
has_china&short_posts,143,0.03100550025624575,0.02519443268716226,0.06357795417335767,0.6923076923076923,0.3076923076923077,long,0.6923076923076923,0.25668820837002726
has_uppercase_phrase&lots_of_excl,266,0.023623754300219593,0.023968109382549674,0.0548622420000672,0.6654135338345865,0.33458646616541354,long,0.6654135338345865,0.25637836000791414
has_attack&has_uppercase_phrase,225,0.025422539593716924,0.02453495808925199,0.0545966205340779,0.6711111111111111,0.3288888888888889,long,0.6711111111111111,0.2559202319100837
has_action&lots_of_excl,178,0.027516483375752635,0.029022517538620063,0.05549697288656954,0.6910112359550562,0.3089887640449438,long,0.6910112359550562,0.2536810579962093
posts_very_high&pre_action,34,0.05072458512069033,0.05030362761358964,0.05271897635360378,0.8529411764705882,0.14705882352941177,long,0.8529411764705882,0.2522766428240353
posts_low&silence_day,262,0.024822386115805183,0.024300822350337703,0.06395010814265764,0.626984126984127,0.373015873015873,long,0.626984126984127,0.25191308050163425
silence_day,262,0.024822386115805183,0.024300822350337703,0.06395010814265764,0.626984126984127,0.373015873015873,long,0.626984126984127,0.25191308050163425
has_uppercase_phrase&exclamation_heavy,279,0.022837854307807662,0.0209623795729188,0.054124135196456084,0.6594982078853047,0.34050179211469533,long,0.6594982078853047,0.25157704952996635
has_uppercase_phrase&has_exclamation,294,0.022098305354560865,0.020527576168674733,0.05458197871428433,0.6632653061224489,0.336734693877551,long,0.6632653061224489,0.25131587138769157
has_china&has_uppercase_phrase,124,0.03175191013735503,0.028450655955150617,0.05797424800628926,0.7016129032258065,0.29838709677419356,long,0.7016129032258065,0.24807229634137998
posts_very_high&has_night_post,181,0.02686026777324662,0.02694874134891867,0.06290817976765087,0.6850828729281768,0.3149171270718232,long,0.6850828729281768,0.24756698955082168
posts_very_high&has_china,132,0.029604917655226964,0.026379334084020045,0.06048954075665348,0.7272727272727273,0.2727272727272727,long,0.7272727272727273,0.2473706241688015
has_uppercase_phrase&short_posts,151,0.02858161989247109,0.026476134190195566,0.05920673488207306,0.7019867549668874,0.2980132450331126,long,0.7019867549668874,0.24654955945565793
attack_heavy&has_all_caps,92,0.0358233836913939,0.027173979547908678,0.056167849099675635,0.717391304347826,0.2826086956521739,long,0.717391304347826,0.24649983137844128
posts_very_high&has_attack,202,0.02557198998276157,0.025442482679205125,0.06283398541002223,0.6782178217821783,0.3217821782178218,long,0.6782178217821783,0.24649573431061964
volume_drop,327,0.021450020205697952,0.017731483418631955,0.0638479733574534,0.6330275229357798,0.3669724770642202,long,0.6330275229357798,0.24554108735867064
has_night_post&has_uppercase_phrase,182,0.026810823449252657,0.026183095976078707,0.05802787143354426,0.6703296703296703,0.32967032967032966,long,0.6703296703296703,0.24245675564273547
has_exclamation&deal_only,273,0.02181231478863717,0.02267141914217219,0.05405582349596223,0.6703296703296703,0.32967032967032966,long,0.6703296703296703,0.24158586634219448
deal_over_tariff&deal_only,273,0.02181231478863717,0.02267141914217219,0.05405582349596223,0.6703296703296703,0.32967032967032966,long,0.6703296703296703,0.24158586634219448
deal_only,273,0.02181231478863717,0.02267141914217219,0.05405582349596223,0.6703296703296703,0.32967032967032966,long,0.6703296703296703,0.24158586634219448
has_deal&deal_only,273,0.02181231478863717,0.02267141914217219,0.05405582349596223,0.6703296703296703,0.32967032967032966,long,0.6703296703296703,0.24158586634219448
has_action&deal_only,77,0.03651330903708272,0.0332484346337909,0.054377613464425295,0.7532467532467533,0.24675324675324675,long,0.7532467532467533,0.24134250928626158
posts_high&deal_only,161,0.02747492810336512,0.026476134190195566,0.055758948892328165,0.6894409937888198,0.3105590062111801,long,0.6894409937888198,0.24035137191315814
has_deal&deal_over_tariff,314,0.020279630387820054,0.021197584768109956,0.053861809096870675,0.6656050955414012,0.3343949044585987,long,0.6656050955414012,0.2391891621027301
has_exclamation&deal_over_tariff,314,0.020279630387820054,0.021197584768109956,0.053861809096870675,0.6656050955414012,0.3343949044585987,long,0.6656050955414012,0.2391891621027301
deal_over_tariff,314,0.020279630387820054,0.021197584768109956,0.053861809096870675,0.6656050955414012,0.3343949044585987,long,0.6656050955414012,0.2391891621027301
posts_very_high&has_deal,139,0.028452888793292084,0.02750024443315202,0.06097096620333283,0.7122302158273381,0.28776978417266186,long,0.7122302158273381,0.23892091038966795
posts_very_high&has_action,88,0.034163955767561906,0.03148957226527205,0.05315873300717847,0.7386363636363636,0.26136363636363635,long,0.7386363636363636,0.2367228449035316
has_china&has_all_caps,87,0.03557816476071386,0.0330388622230966,0.06056834298599103,0.7126436781609196,0.28735632183908044,long,0.7126436781609196,0.23649153772021103
posts_very_high&has_all_caps,92,0.03487326386359237,0.02738881232791368,0.06077992273037596,0.7065217391304348,0.29347826086956524,long,0.7065217391304348,0.23632629087517848
posts_high&has_action,138,0.028821445221506377,0.029766208487338353,0.05649408672007728,0.6956521739130435,0.30434782608695654,long,0.6956521739130435,0.23553065731884315
has_deal&has_night_post,207,0.02369601666541485,0.02519443268716226,0.05908304666189392,0.6908212560386473,0.30917874396135264,long,0.6908212560386473,0.2355191424526729
has_all_caps&has_uppercase_phrase,132,0.02963212443203287,0.026516400874487922,0.060017013287415176,0.6893939393939394,0.3106060606060606,long,0.6893939393939394,0.23470222967627105
has_action&has_china,88,0.034303839709327384,0.03485293491036712,0.05824045629752609,0.7272727272727273,0.2727272727272727,long,0.7272727272727273,0.2340353023928523
attack_heavy&positive_heavy,253,0.021833417028552703,0.02257165693529606,0.05668400653436803,0.6719367588932806,0.32806324110671936,long,0.6719367588932806,0.2333513785484246
posts_high&has_uppercase_phrase,191,0.025537622366029158,0.024698727884305605,0.05659883909062273,0.6596858638743456,0.3403141361256545,long,0.6596858638743456,0.2328275252974415
attack_heavy&has_market_brag,73,0.03609147725010165,0.0293565780233358,0.05142790844942224,0.7534246575342466,0.2465753424657534,long,0.7534246575342466,0.23233033457452196
positive_heavy&has_all_caps,146,0.027986834240161153,0.026379334084020045,0.061643607174967696,0.684931506849315,0.3150684931506849,long,0.684931506849315,0.23162068820495746
pre_action&deal_only,38,0.04601106274341599,0.041065616540167715,0.058622722925230894,0.8157894736842105,0.18421052631578946,long,0.8157894736842105,0.2313833795651823
has_all_caps&short_posts,114,0.03124510118389149,0.026064825070546638,0.06367063219341348,0.6929824561403509,0.30701754385964913,long,0.6929824561403509,0.23118337575711057
posts_high&deal_over_tariff,193,0.024497643263863077,0.025166888249756214,0.054359286872307934,0.6787564766839378,0.32124352331606215,long,0.6787564766839378,0.231002642155922
has_china&has_night_post,186,0.02537631578653815,0.024946580285733932,0.06619797575661002,0.6666666666666666,0.3333333333333333,long,0.6666666666666666,0.23072453699793186
has_action&has_attack,149,0.027592215840041293,0.0293565780233358,0.0574164076432091,0.6845637583892618,0.31543624161073824,long,0.6845637583892618,0.23056512453493175
exclamation_heavy&deal_only,259,0.02144348497323868,0.02267141914217219,0.05471203165892031,0.667953667953668,0.33204633204633205,long,0.667953667953668,0.2305109650532381
has_action&short_posts,104,0.031991732696893385,0.027224492891035346,0.05997841807677591,0.7019230769230769,0.2980769230769231,long,0.7019230769230769,0.22900446651043402
posts_high&has_china,206,0.02395117464859132,0.022140044706888573,0.06331708265869238,0.6650485436893204,0.33495145631067963,long,0.6650485436893204,0.2286197652897107
exclamation_heavy&deal_over_tariff,300,0.019889682041821222,0.020656271557938477,0.054411187154722165,0.6633333333333333,0.33666666666666667,long,0.6633333333333333,0.2285179342907368
has_action&has_uppercase_phrase,89,0.0340784296023581,0.030604139403934916,0.05840188259154304,0.7078651685393258,0.29213483146067415,long,0.7078651685393258,0.22757529773440704
positive_heavy&has_uppercase_phrase,220,0.023068584980033592,0.022501482785229676,0.056710039469291644,0.6636363636363637,0.33636363636363636,long,0.6636363636363637,0.22707141758309982
has_deal,359,0.018143587210999196,0.020064515905177105,0.05590327392211361,0.6545961002785515,0.34540389972144847,long,0.6545961002785515,0.2250317484494705
has_deal&has_exclamation,359,0.018143587210999196,0.020064515905177105,0.05590327392211361,0.6545961002785515,0.34540389972144847,long,0.6545961002785515,0.2250317484494705
posts_very_high&has_uppercase_phrase,129,0.02896131423549211,0.02656319046925737,0.057883947489492986,0.6821705426356589,0.3178294573643411,long,0.6821705426356589,0.22439133522977792
has_attack&deal_only,193,0.023931483319852502,0.02267141914217219,0.053586078892529344,0.6735751295336787,0.32642487046632124,long,0.6735751295336787,0.22394136222132333
has_attack&deal_over_tariff,226,0.02213431896251078,0.021197584768109956,0.05346574498821409,0.672566371681416,0.3274336283185841,long,0.672566371681416,0.22379765539258117
has_positive&deal_only,259,0.02105367345459693,0.02267141914217219,0.05467141178523134,0.6602316602316602,0.33976833976833976,long,0.6602316602316602,0.22370418612992057
has_positive&deal_over_tariff,300,0.019553144764060518,0.021197584768109956,0.05436646091044336,0.6566666666666666,0.3433333333333333,long,0.6566666666666666,0.222393563842771
sig_potus&short_posts,30,0.04846285147697942,0.04876512633731267,0.05418204892649783,0.8333333333333334,0.16666666666666666,long,0.8333333333333334,0.22120164129136824
attack_heavy&deal_over_tariff,131,0.02744570230298362,0.02589005776196185,0.052225977015646935,0.7022900763358778,0.29770992366412213,long,0.7022900763358778,0.2206106772482574
has_action&deal_over_tariff,93,0.031672090826288885,0.03231822150736008,0.054202750937468014,0.7204301075268817,0.27956989247311825,long,0.7204301075268817,0.22004426932844065
attack_heavy&deal_only,107,0.030305145221538595,0.02656319046925737,0.053307810685801676,0.7009345794392523,0.29906542056074764,long,0.7009345794392523,0.21972817268616893
attack_heavy&has_uppercase_phrase,138,0.026888270648225653,0.02551563845232596,0.053099658554775504,0.6884057971014492,0.3115942028985507,long,0.6884057971014492,0.21744375190605314
posts_high&has_deal,225,0.021706411748580463,0.02357017560715824,0.058149330270286646,0.6666666666666666,0.3333333333333333,long,0.6666666666666666,0.21706411748580462
has_deal&exclamation_heavy,344,0.0178603149520794,0.019904150518837538,0.05644969306520659,0.6540697674418605,0.34593023255813954,long,0.6540697674418605,0.2166668203015753
attack_heavy&has_china,142,0.026062075158227182,0.025294392823133727,0.062026459776696595,0.6901408450704225,0.30985915492957744,long,0.6901408450704225,0.21433391478685254
has_deal&has_positive,344,0.01756682314007878,0.020204039236545013,0.0564016376798381,0.6482558139534884,0.35174418604651164,long,0.6482558139534884,0.21121213699594676
has_action&attack_heavy,96,0.02996735850533173,0.029022517538620063,0.05319333191153579,0.71875,0.28125,long,0.71875,0.21103861967170937
has_action&positive_heavy,151,0.024897227387453872,0.02750024443315202,0.05522738686910343,0.6887417218543046,0.31125827814569534,long,0.6887417218543046,0.21071519355443633
has_china&deal_only,93,0.031127965822219203,0.02453495808925199,0.058985220496463694,0.6989247311827957,0.3010752688172043,long,0.6989247311827957,0.20980827993359624
has_deal&has_action,106,0.029187466666843284,0.03038998917763791,0.05400173257923264,0.6981132075471698,0.3018867924528302,long,0.6981132075471698,0.20978536561331299
lots_of_excl&deal_over_tariff,282,0.019104701412717143,0.020204039236545013,0.05464205025447365,0.6524822695035462,0.3475177304964539,long,0.6524822695035462,0.2093309880523859
posts_very_high&has_market_brag,67,0.034042108962569574,0.028688457053904326,0.054441719262523426,0.746268656716418,0.2537313432835821,long,0.746268656716418,0.20794527683369615
lots_of_excl&deal_only,242,0.020345530903173273,0.02180544289797237,0.0551060115880032,0.6528925619834711,0.34710743801652894,long,0.6528925619834711,0.20664192120172153
has_positive&has_russia,288,0.01853894559070833,0.014288968295380733,0.05691853714037173,0.6493055555555556,0.3506944444444444,long,0.6493055555555556,0.2042821370654636
positive_heavy&deal_over_tariff,239,0.020216220192429205,0.02034356256791292,0.05651343065867763,0.6527196652719666,0.3472803347280335,long,0.6527196652719666,0.2039978578998894
has_russia&lots_of_excl,277,0.01883879760801351,0.01571729856436055,0.05779048900233604,0.6498194945848376,0.35018050541516244,long,0.6498194945848376,0.20374445635503774
has_china&pre_action,33,0.044860278606066915,0.05681547198872394,0.06324881392924639,0.7878787878787878,0.21212121212121213,long,0.7878787878787878,0.20303847577685538
positive_heavy&deal_only,200,0.021850736079735773,0.022362386876395912,0.05725713688595567,0.655,0.345,long,0.655,0.20240552789227328
has_russia&has_exclamation,299,0.018129698394161637,0.014136744472172058,0.056183482400690515,0.6421404682274248,0.35785953177257523,long,0.6421404682274248,0.2013057656330504
has_russia,299,0.018129698394161637,0.014136744472172058,0.056183482400690515,0.6421404682274248,0.35785953177257523,long,0.6421404682274248,0.2013057656330504
has_russia&exclamation_heavy,292,0.0183826098743552,0.014509181731281684,0.05670620694031137,0.6404109589041096,0.3595890410958904,long,0.6404109589041096,0.20116728345234758
has_deal&has_attack,262,0.01892067612176512,0.018893017051139993,0.05649291808504479,0.6564885496183206,0.3435114503816794,long,0.6564885496183206,0.2010548032217977
has_deal&lots_of_excl,325,0.01713741485309651,0.019099721201812914,0.05679945081082419,0.6461538461538462,0.35384615384615387,long,0.6461538461538462,0.1996286750179216
has_russia&short_posts,140,0.02482109218802769,0.014449520201140986,0.056917322277716176,0.6785714285714286,0.32142857142857145,long,0.6785714285714286,0.19928769086234333
has_deal&attack_heavy,151,0.0234434790907225,0.02453495808925199,0.05656368778843788,0.6887417218543046,0.31125827814569534,long,0.6887417218543046,0.19841154026171884
has_russia&deal_only,98,0.027925047679541275,0.022882877305233196,0.05719797116965161,0.7142857142857143,0.2857142857142857,long,0.7142857142857143,0.19745990579161302
has_china&has_exclamation,307,0.018150290478218402,0.01593940955760509,0.06256203508574107,0.6188925081433225,0.3811074918566775,long,0.6188925081433225,0.19681944059670672
has_china,307,0.018150290478218402,0.01593940955760509,0.06256203508574107,0.6188925081433225,0.3811074918566775,long,0.6188925081433225,0.19681944059670672
posts_very_high&has_russia,122,0.026140486096647236,0.025442482679205125,0.06550873106110452,0.680327868852459,0.319672131147541,long,0.680327868852459,0.19643181808594537
short_posts&volume_spike,102,0.028949030980268922,0.026632329771705376,0.07163136700044584,0.6666666666666666,0.3333333333333333,long,0.6666666666666666,0.1949139208973485
has_attack&has_china,240,0.020111601341008464,0.013672176702076988,0.06304290026886877,0.625,0.375,long,0.625,0.19472974264822135
has_market_brag,177,0.021837214433365518,0.018686312900467072,0.051042200213652536,0.6666666666666666,0.3333333333333333,long,0.6666666666666666,0.19368349479952576
has_market_brag&has_exclamation,177,0.021837214433365518,0.018686312900467072,0.051042200213652536,0.6666666666666666,0.3333333333333333,long,0.6666666666666666,0.19368349479952576
volume_spike,176,0.022239839496540268,0.023345495368700786,0.06619410620567037,0.6534090909090909,0.3465909090909091,long,0.6534090909090909,0.1927849624066209
has_market_brag&lots_of_excl,164,0.022597971470603873,0.019719409411940836,0.05263503176014864,0.6646341463414634,0.3353658536585366,long,0.6646341463414634,0.1923419567510503
has_attack&has_market_brag,130,0.024629210733051233,0.01973397619702988,0.0537440144185469,0.6846153846153846,0.3153846153846154,long,0.6846153846153846,0.1922510963653655
silence_day&volume_drop,170,0.02364116128195104,0.018694967604605317,0.06785765033049584,0.6235294117647059,0.3764705882352941,long,0.6235294117647059,0.19219859578887497
pre_action&deal_over_tariff,43,0.03914531937426569,0.038027031656565846,0.05943854700666801,0.7441860465116279,0.2558139534883721,long,0.7441860465116279,0.1910273676732393
has_action&has_all_caps,54,0.035795107952083745,0.035413385241990114,0.06286232052997466,0.7222222222222222,0.2777777777777778,long,0.7222222222222222,0.18997279116929902
has_positive&has_china,299,0.017748925058231443,0.013931485484988126,0.06290806317917083,0.6187290969899666,0.38127090301003347,long,0.6187290969899666,0.18989266516921277
has_market_brag&exclamation_heavy,175,0.02159183344303034,0.017731483418631955,0.05124998475296061,0.6628571428571428,0.33714285714285713,long,0.6628571428571428,0.18933394600747291
has_china&exclamation_heavy,300,0.017593001846446233,0.013672176702076988,0.06230747188897765,0.6166666666666667,0.38333333333333336,long,0.6166666666666667,0.18791050051013736
has_china&lots_of_excl,282,0.017816823213275004,0.014935447521296608,0.06360340615286131,0.624113475177305,0.375886524822695,long,0.624113475177305,0.18673184333831477
attack_heavy&has_russia,152,0.02234915296240736,0.021777659737405308,0.05855096788246332,0.6710526315789473,0.32894736842105265,long,0.6710526315789473,0.18490107908615616
has_deal&pre_action,49,0.03586397437977729,0.03510422518900458,0.06009858105934661,0.7346938775510204,0.2653061224489796,long,0.7346938775510204,0.18444329681028324
posts_high&has_russia,186,0.020886534689041558,0.019876255329168258,0.060844512520119264,0.6451612903225806,0.3548387096774194,long,0.6451612903225806,0.18377700329648175
has_deal&positive_heavy,277,0.017167138922505876,0.018518414395342075,0.05880496850482312,0.6425992779783394,0.3574007220216607,long,0.6425992779783394,0.1836022670487968
has_russia&has_night_post,177,0.021019325904008644,0.017879637424216277,0.059273039611558796,0.655367231638418,0.3446327683615819,long,0.655367231638418,0.18326947679372274
positive_heavy&has_russia,233,0.018526261836882912,0.017879637424216277,0.058744924072975935,0.648068669527897,0.351931330472103,long,0.648068669527897,0.18326806081499442
has_positive&has_market_brag,173,0.021110674550110356,0.016463015522933278,0.05131055625639203,0.6589595375722543,0.34104046242774566,long,0.6589595375722543,0.1829716945980936
positive_heavy&has_china,246,0.01837866991779483,0.017152895741380347,0.06347769756521209,0.6341463414634146,0.36585365853658536,long,0.6341463414634146,0.18279786652395344
has_russia&deal_over_tariff,117,0.023938905641048114,0.0209623795729188,0.055977011330887255,0.7008547008547008,0.29914529914529914,long,0.7008547008547008,0.18147851397225734
posts_low&volume_drop,247,0.0187936117386531,0.015603122482914733,0.06310645674394291,0.611336032388664,0.38866396761133604,long,0.611336032388664,0.180567140737874
deal_over_tariff&volume_spike,70,0.031080521983827186,0.026183095976078707,0.056240111300651555,0.6857142857142857,0.3142857142857143,long,0.6857142857142857,0.17831197952696073
pre_action&has_night_post,47,0.03491820726145201,0.03510422518900458,0.0642564707407445,0.7446808510638298,0.2553191489361702,long,0.7446808510638298,0.17826704018596962
has_positive&volume_drop,116,0.024277695207116118,0.018507464012497143,0.06073644165152687,0.6810344827586207,0.31896551724137934,long,0.6810344827586207,0.17807606545497032
pre_deal&pre_action,27,0.04388001840506647,0.04379178323845534,0.0545119688945405,0.7777777777777778,0.2222222222222222,long,0.7777777777777778,0.17733898306747603
posts_very_high&volume_spike,85,0.029084678307836884,0.02782888330690869,0.06608597478168313,0.6588235294117647,0.3411764705882353,long,0.6588235294117647,0.17666187226316699
deal_only&volume_spike,57,0.03330486567464995,0.02589005776196185,0.057921390722991566,0.7017543859649122,0.2982456140350877,long,0.7017543859649122,0.1764534889351151
has_china&deal_over_tariff,125,0.023752435270408302,0.02034356256791292,0.05805707042224766,0.664,0.336,long,0.664,0.17633203885404464
has_attack&has_russia,266,0.017164952569283437,0.011846142400528725,0.057844082827321744,0.6278195488721805,0.37218045112781956,long,0.6278195488721805,0.17575927826637427
posts_high&has_market_brag,112,0.0240329947078077,0.02145760975160449,0.051001080545159345,0.6875,0.3125,long,0.6875,0.17485964995672412
has_action&uppercase_phrase_heavy,25,0.04316081583596245,0.04076372286799135,0.055122428612921895,0.8,0.2,long,0.8,0.17264326334384983
has_exclamation&volume_drop,148,0.02139030051588261,0.01776785457171315,0.059340136030812826,0.6621621621621622,0.33783783783783783,long,0.6621621621621622,0.17231064340544974
posts_very_high&pre_deal,72,0.027038063362771862,0.029616569317742036,0.059326478799273254,0.75,0.25,long,0.75,0.17206918158570778
attack_heavy&pre_deal,76,0.026230019887848954,0.026270121359949883,0.05471435170749189,0.75,0.25,long,0.75,0.17150100896729353
posts_high&pre_action,57,0.031367500978284765,0.0332484346337909,0.06171108110763657,0.7192982456140351,0.2807017543859649,long,0.7192982456140351,0.17034380702463112
has_russia&has_all_caps,70,0.030960275876938236,0.025074413102771476,0.06291320361221138,0.6571428571428571,0.34285714285714286,long,0.6571428571428571,0.1702211944126095
pre_deal&has_night_post,102,0.024259817214931673,0.02504462569803345,0.0578830858526235,0.6862745098039216,0.3137254901960784,long,0.6862745098039216,0.16814558885899475
positive_heavy&has_market_brag,140,0.021432825476475088,0.016308492879891223,0.0530383136768614,0.6571428571428571,0.34285714285714286,long,0.6571428571428571,0.16664920150912932
lots_of_excl&has_chips,29,0.04270982778220395,0.05054482005239591,0.06538153512426982,0.7241379310344828,0.27586206896551724,long,0.7241379310344828,0.16655133418350015
has_positive&high_emotion,25,0.04158274497743191,0.05100053031150553,0.07073213412989211,0.8,0.2,long,0.8,0.16633097990972767
pre_deal&short_posts,81,0.025699791640352052,0.022630663764171555,0.052629131078322636,0.7160493827160493,0.2839506172839506,long,0.7160493827160493,0.16562087946004656
has_all_caps&volume_spike,49,0.03498632524903371,0.0330388622230966,0.06883105241808567,0.673469387755102,0.32653061224489793,long,0.673469387755102,0.1649355333168732
pre_deal&deal_only,131,0.021684047966307497,0.02267141914217219,0.05407412019922508,0.6641221374045801,0.33587786259541985,long,0.6641221374045801,0.1648253338550599
posts_high&volume_spike,116,0.02365837699127451,0.025294392823133727,0.060396967005361825,0.646551724137931,0.35344827586206895,long,0.646551724137931,0.16474688685430885
pre_deal&deal_over_tariff,156,0.01990540656594185,0.022140044706888573,0.05453460674323799,0.6602564102564102,0.33974358974358976,long,0.6602564102564102,0.1641519242134123
pre_action&has_exclamation,74,0.026975648809535933,0.030615842858321196,0.0609377602929579,0.7027027027027027,0.2972972972972973,long,0.7027027027027027,0.16306448483993574
has_attack&has_chips,28,0.04085528824375183,0.044884390293915555,0.06607317200680032,0.75,0.25,long,0.75,0.16213939865224225
has_market_brag&short_posts,88,0.025307599247856038,0.018893017051139993,0.05325171079526493,0.6818181818181818,0.3181818181818182,long,0.6818181818181818,0.16186794866650844
has_action&volume_spike,53,0.03172973855728094,0.03510422518900458,0.06164790551981407,0.6981132075471698,0.3018867924528302,long,0.6981132075471698,0.16126134694038513
has_positive&volume_spike,144,0.020767912635093908,0.022754331660061244,0.05888298420117496,0.6458333333333334,0.3541666666666667,long,0.6458333333333334,0.16095132292197778
has_deal&has_china,157,0.01991291019110143,0.020064515905177105,0.060707834566311285,0.643312101910828,0.35668789808917195,long,0.643312101910828,0.16051154779650698
has_uppercase_phrase&deal_over_tariff,115,0.022335495937511596,0.02453495808925199,0.05789713680769005,0.6695652173913044,0.33043478260869563,long,0.6695652173913044,0.160375271642444
has_positive&sig_potus,61,0.029124493407635284,0.025450098321237347,0.05547920474658513,0.7049180327868853,0.29508196721311475,long,0.7049180327868853,0.16034739841821222
has_all_caps&uppercase_phrase_heavy,42,0.03461720983234763,0.03909050947819859,0.059617136686523256,0.7142857142857143,0.2857142857142857,long,0.7142857142857143,0.1602465433041572
pre_action&exclamation_heavy,73,0.026824260003412235,0.03060767805168152,0.06134546639916285,0.6986301369863014,0.3013698630136986,long,0.6986301369863014,0.1601166503378191
has_night_post&uppercase_phrase_heavy,45,0.03456515822347261,0.038957058420961976,0.058599017102933956,0.6888888888888889,0.3111111111111111,long,0.6888888888888889,0.15973275644415594
sig_potus&has_exclamation,63,0.028754181748787817,0.025450098321237347,0.056067886034648136,0.6984126984126984,0.30158730158730157,long,0.6984126984126984,0.1593982008885512
sig_potus,63,0.028754181748787817,0.025450098321237347,0.056067886034648136,0.6984126984126984,0.30158730158730157,long,0.6984126984126984,0.1593982008885512
sig_potus&exclamation_heavy,61,0.029617145163104847,0.027369055317577162,0.05678486633207436,0.6885245901639344,0.3114754098360656,long,0.6885245901639344,0.15926764808655144
has_deal&volume_spike,84,0.026262398139730577,0.026064825070546638,0.062121775245274055,0.6547619047619048,0.34523809523809523,long,0.6547619047619048,0.1576004406512156
has_market_brag&has_night_post,93,0.02410909305477222,0.018686312900467072,0.05198750041743566,0.6774193548387096,0.3225806451612903,long,0.6774193548387096,0.15749977887982533
has_positive&uppercase_phrase_heavy,52,0.03154581007046352,0.03198807615448074,0.05599019905673713,0.6923076923076923,0.3076923076923077,long,0.6923076923076923,0.1574862033255293
exclamation_heavy&volume_spike,133,0.021357761211966,0.0228372441779503,0.059512119245399085,0.6390977443609023,0.3609022556390977,long,0.6390977443609023,0.1574159852256958
has_deal&has_uppercase_phrase,127,0.021087546097199907,0.02453495808925199,0.057908843443453414,0.6614173228346457,0.33858267716535434,long,0.6614173228346457,0.1571822388944867
has_action&pre_action,75,0.026170045606664107,0.03060767805168152,0.060925398183635425,0.6933333333333334,0.30666666666666664,long,0.6933333333333334,0.157136541907408
pre_action,75,0.026170045606664107,0.03060767805168152,0.060925398183635425,0.6933333333333334,0.30666666666666664,long,0.6933333333333334,0.157136541907408
attack_heavy&volume_spike,89,0.025118935562922683,0.02589005776196185,0.05767780292869759,0.6629213483146067,0.33707865168539325,long,0.6629213483146067,0.15709350882381498
positive_heavy&has_chips,25,0.041314320653321544,0.05054482005239591,0.060375163147328506,0.76,0.24,long,0.76,0.15699441848262188
has_uppercase_phrase&uppercase_phrase_heavy,54,0.031151171025639218,0.03198807615448074,0.0568105951653718,0.6851851851851852,0.3148148148148148,long,0.6851851851851852,0.1568480852450305
uppercase_phrase_heavy&lots_of_excl,54,0.031151171025639218,0.03198807615448074,0.0568105951653718,0.6851851851851852,0.3148148148148148,long,0.6851851851851852,0.1568480852450305
uppercase_phrase_heavy,54,0.031151171025639218,0.03198807615448074,0.0568105951653718,0.6851851851851852,0.3148148148148148,long,0.6851851851851852,0.1568480852450305
uppercase_phrase_heavy&has_exclamation,54,0.031151171025639218,0.03198807615448074,0.0568105951653718,0.6851851851851852,0.3148148148148148,long,0.6851851851851852,0.1568480852450305
uppercase_phrase_heavy&exclamation_heavy,54,0.031151171025639218,0.03198807615448074,0.0568105951653718,0.6851851851851852,0.3148148148148148,long,0.6851851851851852,0.1568480852450305
has_uppercase_phrase&deal_only,96,0.02400448211909699,0.025670078041599598,0.06028145253551443,0.6666666666666666,0.3333333333333333,long,0.6666666666666666,0.1567966206174674
lots_of_excl&volume_drop,70,0.026228018432340523,0.02803369891647134,0.06410463262286645,0.7142857142857143,0.2857142857142857,long,0.7142857142857143,0.15674238998241605
has_attack&uppercase_phrase_heavy,50,0.03259623767318778,0.03198807615448074,0.05775428924339183,0.68,0.32,long,0.68,0.15673334075918055
has_action&has_market_brag,40,0.030944567755337382,0.029022517538620063,0.05151325534157289,0.8,0.2,long,0.8,0.1565685045060323
has_exclamation&has_chips,31,0.03936593108698491,0.0392239605354352,0.06460192820384805,0.7096774193548387,0.2903225806451613,long,0.7096774193548387,0.15554725873374892
has_chips,31,0.03936593108698491,0.0392239605354352,0.06460192820384805,0.7096774193548387,0.2903225806451613,long,0.7096774193548387,0.15554725873374892
pre_action&short_posts,37,0.03503381472101649,0.03510422518900458,0.06618376223501216,0.7297297297297297,0.2702702702702703,long,0.7297297297297297,0.155507138862623
exclamation_heavy&has_chips,30,0.04046399910577621,0.044884390293915555,0.06541140973759704,0.7,0.3,long,0.7,0.1551413155397175
has_attack&pre_action,64,0.027515423955394115,0.030575563029591524,0.06222270779137599,0.703125,0.296875,long,0.703125,0.1547742597490919
pre_action&has_uppercase_phrase,29,0.03953004220038872,0.05316392259606717,0.06432300974930891,0.7241379310344828,0.27586206896551724,long,0.7241379310344828,0.15415143564564063
positive_heavy&uppercase_phrase_heavy,51,0.0314004914753557,0.02937450767723182,0.05653742447560808,0.6862745098039216,0.3137254901960784,long,0.6862745098039216,0.1538931899457116
attack_heavy&uppercase_phrase_heavy,44,0.03401041229831019,0.03198807615448074,0.05516658706525771,0.6818181818181818,0.3181818181818182,long,0.6818181818181818,0.1538178771256142
short_posts&volume_drop,83,0.026435421318783528,0.017804225724794343,0.0636409717131337,0.6385542168674698,0.3614457831325301,long,0.6385542168674698,0.15378821630431377
lots_of_excl&volume_spike,128,0.021156979432768362,0.022754331660061244,0.05991547731890901,0.640625,0.359375,long,0.640625,0.15334249716993195
has_positive&pre_action,72,0.025932217068407648,0.030575563029591524,0.06133545408396323,0.6944444444444444,0.3055555555555556,long,0.6944444444444444,0.15280705450227147
attack_heavy&pre_action,42,0.032979274332223224,0.03037433953347146,0.06385537692374202,0.7142857142857143,0.2857142857142857,long,0.7142857142857143,0.15266437526342627
sig_potus&lots_of_excl,60,0.028602749472902825,0.026409576819407254,0.05670397823688125,0.6833333333333333,0.31666666666666665,long,0.6833333333333333,0.151396562231204
has_action&has_russia,74,0.026011564963330867,0.02470205532841452,0.05620680936331384,0.6756756756756757,0.32432432432432434,long,0.6756756756756757,0.15118915035093367
has_china&has_russia,132,0.020533617715090022,0.011478051672275003,0.06334248128504634,0.6363636363636364,0.36363636363636365,long,0.6363636363636364,0.15012664968559705
has_attack&sig_potus,54,0.029021079847343326,0.027598969312242927,0.054844992426610166,0.7037037037037037,0.2962962962962963,long,0.7037037037037037,0.1500722123111803
exclamation_heavy&volume_drop,103,0.021982451691759244,0.021432789963301113,0.05903257670818568,0.6699029126213593,0.3300970873786408,long,0.6699029126213593,0.1494536774782858
has_market_brag&volume_spike,45,0.03226780778256935,0.0293565780233358,0.05828394340251773,0.6888888888888889,0.3111111111111111,long,0.6888888888888889,0.14911622415255843
posts_high&tariff_only,26,0.037973552392402805,0.03614761767685082,0.04491117382437799,0.7692307692307693,0.23076923076923078,long,0.7692307692307693,0.1489445266533076
has_deal&has_russia,139,0.018816004014577246,0.018518414395342075,0.0623200790702196,0.6690647482014388,0.33093525179856115,long,0.6690647482014388,0.14842359464559826
has_deal&pre_deal,176,0.01696297332711054,0.020694201116632005,0.05537487014723153,0.6590909090909091,0.3409090909090909,long,0.6590909090909091,0.14832133798092131
pre_deal&has_exclamation,176,0.01696297332711054,0.020694201116632005,0.05537487014723153,0.6590909090909091,0.3409090909090909,long,0.6590909090909091,0.14832133798092131
pre_deal,176,0.01696297332711054,0.020694201116632005,0.05537487014723153,0.6590909090909091,0.3409090909090909,long,0.6590909090909091,0.14832133798092131
has_uppercase_phrase&volume_spike,84,0.02462704490192667,0.026183095976078707,0.06415073102636189,0.6547619047619048,0.34523809523809523,long,0.6547619047619048,0.14778669898425098
pre_deal&exclamation_heavy,170,0.017179564652310353,0.020694201116632005,0.05616734126830169,0.6588235294117647,0.3411764705882353,long,0.6588235294117647,0.14757259565397315
pre_deal&volume_spike,43,0.031107323077762383,0.029858630958252252,0.06085750972612157,0.7209302325581395,0.27906976744186046,long,0.7209302325581395,0.14705849118322928
has_positive&has_chips,30,0.03823931161527527,0.03722661385930892,0.06539583752334208,0.7,0.3,long,0.7,0.14661173488608903
has_attack&volume_spike,122,0.021218557719888956,0.022756169664871928,0.06099817853693191,0.6229508196721312,0.3770491803278688,long,0.6229508196721312,0.14599888443684547
has_uppercase_phrase&china_streak_3d,33,0.03635108192076584,0.02805050550658028,0.06034584530631602,0.696969696969697,0.30303030303030304,long,0.696969696969697,0.14554195604107067
has_positive&pre_deal,172,0.01686077868218987,0.0213011854253381,0.055633903171920185,0.6569767441860465,0.3430232558139535,long,0.6569767441860465,0.14527532237065532
has_tariff&short_posts,43,0.029710415526726992,0.02937450767723182,0.07092668188621025,0.7441860465116279,0.2558139534883721,long,0.7441860465116279,0.14498546853803154
pre_action&lots_of_excl,70,0.025203369793301365,0.029021846220326775,0.06201987838833801,0.6857142857142857,0.3142857142857143,long,0.6857142857142857,0.14459418541722266
has_action&has_iran,31,0.03354148693063164,0.0392239605354352,0.05400221910030913,0.7741935483870968,0.22580645161290322,long,0.7741935483870968,0.1445814933744772
has_night_post&all_caps_heavy,26,0.036572883852265044,0.041823580778726166,0.057209723331673214,0.7692307692307693,0.23076923076923078,long,0.7692307692307693,0.14345065263927842
has_china&sig_potus,26,0.036473589698697725,0.03132607506915497,0.059321930563334756,0.7692307692307693,0.23076923076923078,long,0.7692307692307693,0.1430611889264896
posts_high&uppercase_phrase_heavy,51,0.03003787329887543,0.02937450767723182,0.05783313127207557,0.6666666666666666,0.3333333333333333,long,0.6666666666666666,0.1430088815397048
has_russia&volume_spike,76,0.025396429807055924,0.023769824035938636,0.06487616827484967,0.6447368421052632,0.35526315789473684,long,0.6447368421052632,0.14274534425600965
has_russia&pre_action,35,0.03372553303299096,0.0332484346337909,0.06606592690345274,0.7142857142857143,0.2857142857142857,long,0.7142857142857143,0.14251638867909722
pre_deal&lots_of_excl,165,0.016913421428353958,0.02034356256791292,0.056645374716609194,0.6545454545454545,0.34545454545454546,long,0.6545454545454545,0.14220447182063028
positive_heavy&volume_spike,122,0.020271831033026683,0.021517875550704835,0.06084063103403714,0.6311475409836066,0.36885245901639346,long,0.6311475409836066,0.14132005165916714
has_uppercase_phrase&volume_drop,28,0.03531599014413773,0.040897331027053285,0.04559213582601312,0.75,0.25,long,0.75,0.14015599083809485
uppercase_phrase_heavy&short_posts,38,0.03192559005558628,0.0341657830490969,0.058568001762502944,0.7105263157894737,0.2894736842105263,long,0.7105263157894737,0.13983339390989435
has_market_brag&has_all_caps,48,0.031237543741411855,0.035413385241990114,0.06228608491489312,0.6458333333333334,0.3541666666666667,long,0.6458333333333334,0.13977128323143304
posts_high&pre_deal,117,0.019290208505582666,0.02222673480315751,0.05593688736325288,0.6666666666666666,0.3333333333333333,long,0.6666666666666666,0.13910367176253974
has_night_post&sig_potus,41,0.029577455665976034,0.027369055317577162,0.0551528503134592,0.7317073170731707,0.2682926829268293,long,0.7317073170731707,0.13857667555346828
has_market_brag&has_china,70,0.02465937603590561,0.020204039236545013,0.059750832573675194,0.6714285714285714,0.32857142857142857,long,0.6714285714285714,0.13852588111431186
has_action&pre_deal,52,0.027211009873657467,0.035304590047252504,0.05039373686147721,0.6923076923076923,0.3076923076923077,long,0.6923076923076923,0.13584557264764
has_positive&all_caps_heavy,30,0.03233732422829832,0.03999384170171327,0.056609869058859175,0.7666666666666667,0.23333333333333334,long,0.7666666666666667,0.13579109479051285
has_russia&has_uppercase_phrase,115,0.020478931985668265,0.010887456642323823,0.056383391613547884,0.6173913043478261,0.3826086956521739,long,0.6173913043478261,0.13558658806426027
all_caps_heavy&exclamation_heavy,32,0.03162190120529264,0.03999384170171327,0.057959150215344854,0.75,0.25,long,0.75,0.13416036465764092
all_caps_heavy&lots_of_excl,32,0.03162190120529264,0.03999384170171327,0.057959150215344854,0.75,0.25,long,0.75,0.13416036465764092
all_caps_heavy&has_exclamation,32,0.03162190120529264,0.03999384170171327,0.057959150215344854,0.75,0.25,long,0.75,0.13416036465764092
all_caps_heavy,32,0.03162190120529264,0.03999384170171327,0.057959150215344854,0.75,0.25,long,0.75,0.13416036465764092
has_all_caps&all_caps_heavy,32,0.03162190120529264,0.03999384170171327,0.057959150215344854,0.75,0.25,long,0.75,0.13416036465764092
positive_heavy&sig_potus,46,0.026643322470513375,0.026409576819407254,0.05461275762942727,0.7391304347826086,0.2608695652173913,long,0.7391304347826086,0.13356368183961942
has_exclamation&volume_spike,153,0.017209232199617005,0.020298404105197898,0.06380197270100936,0.6274509803921569,0.37254901960784315,long,0.6274509803921569,0.13356326041374392
has_relief&attack_heavy,45,0.02781764714096648,0.02453495808925199,0.06175324886924022,0.7111111111111111,0.28888888888888886,long,0.7111111111111111,0.13269791996011462
attack_heavy&all_caps_heavy,25,0.03492037279749315,0.0392239605354352,0.0553784586578285,0.76,0.24,long,0.76,0.132697416630474
has_china&uppercase_phrase_heavy,37,0.03103697786015359,0.02937450767723182,0.05661202266683638,0.7027027027027027,0.2972972972972973,long,0.7027027027027027,0.1326636409599292
positive_heavy&pre_deal,140,0.017222870735644238,0.020694201116632005,0.05885587358140296,0.65,0.35,long,0.65,0.13245944057590778
has_night_post&volume_spike,103,0.020195310277865457,0.02589005776196185,0.06184786914579757,0.6407766990291263,0.3592233009708738,long,0.6407766990291263,0.13133360128939447
has_relief&has_attack,74,0.021710123402543875,0.019400289713506713,0.05997690586246485,0.7027027027027027,0.2972972972972973,long,0.7027027027027027,0.13123503028389819
deal_heavy&short_posts,67,0.022828362127104956,0.02589005776196185,0.04662581804438096,0.7014925373134329,0.29850746268656714,long,0.7014925373134329,0.13107963088174795
deal_heavy&has_night_post,98,0.019076030326312242,0.025180660468459237,0.04969673690353869,0.6938775510204082,0.30612244897959184,long,0.6938775510204082,0.13103396390374025
has_deal&uppercase_phrase_heavy,23,0.03907028115601506,0.034601644631729656,0.05417573113602134,0.6956521739130435,0.30434782608695654,long,0.6956521739130435,0.13034746851666637
has_deal&has_all_caps,80,0.022715071611603195,0.02499252820524467,0.058046651480836556,0.6375,0.3625,long,0.6375,0.12952073280516713
has_all_caps&china_streak_3d,22,0.03786311779635727,0.044825281599569555,0.06754248898906207,0.7272727272727273,0.2727272727272727,long,0.7272727272727273,0.1291591014022437
has_russia&sig_potus,29,0.030204073333164196,0.02805050550658028,0.05968917152695502,0.7931034482758621,0.20689655172413793,long,0.7931034482758621,0.1290013790743072
has_market_brag&has_russia,63,0.02486736257913652,0.014136744472172058,0.052757096509664723,0.6507936507936508,0.3492063492063492,long,0.6507936507936508,0.12845272109548708
deal_heavy&has_action,61,0.02380195002127643,0.02750024443315202,0.0459015112317156,0.6885245901639344,0.3114754098360656,long,0.6885245901639344,0.12799615151580435
has_attack&all_caps_heavy,28,0.0321900029716938,0.03999384170171327,0.05820877712755999,0.75,0.25,long,0.75,0.1277501138482979
all_caps_heavy&short_posts,26,0.03255743347433717,0.041823580778726166,0.05567805060288921,0.7692307692307693,0.23076923076923078,long,0.7692307692307693,0.12770076046011092
has_relief&deal_only,33,0.03324073099823253,0.026865515416536034,0.0691206649695595,0.6666666666666666,0.3333333333333333,long,0.6666666666666666,0.1273023077573769
posts_high&has_chips,23,0.04013159258553244,0.0392239605354352,0.0728672166482121,0.6521739130434783,0.34782608695652173,long,0.6521739130434783,0.12552023269724313
posts_very_high&uppercase_phrase_heavy,45,0.028836822746399725,0.02937450767723182,0.05924779142213261,0.6444444444444445,0.35555555555555557,long,0.6444444444444445,0.12466345210438648
all_caps_heavy&has_uppercase_phrase,30,0.03093897674955385,0.03999384170171327,0.059833635388658594,0.7333333333333333,0.26666666666666666,long,0.7333333333333333,0.12427048679362904
has_china&volume_spike,73,0.023011197278005543,0.024698727884305605,0.06532912458746878,0.6301369863013698,0.3698630136986301,long,0.6301369863013698,0.1238898186776153
posts_high&all_caps_heavy,31,0.02994447233272412,0.0392239605354352,0.058122255755343244,0.7419354838709677,0.25806451612903225,long,0.7419354838709677,0.12369827793908035
has_iran&deal_over_tariff,66,0.021302376826281954,0.022756169664871928,0.04463317794536191,0.7121212121212122,0.2878787878787879,long,0.7121212121212122,0.12324064227267971
positive_heavy&pre_action,62,0.023057191179236623,0.027031717451204695,0.06315823640240488,0.6774193548387096,0.3225806451612903,long,0.6774193548387096,0.12298718073729037
positive_heavy&all_caps_heavy,28,0.030713707308355914,0.03999384170171327,0.05779842907070694,0.75,0.25,long,0.75,0.12189124706810514
has_market_brag&volume_drop,23,0.03245846601216181,0.017731483418631955,0.04615122882985324,0.782608695652174,0.21739130434782608,long,0.782608695652174,0.12182504439091313
has_tariff&has_all_caps,36,0.029189944229174553,0.03905860364242397,0.059787214297026055,0.6944444444444444,0.3055555555555556,long,0.6944444444444444,0.12162476762156064
has_attack&pre_deal,130,0.01639153013516472,0.018208898159549514,0.05761322052677316,0.6461538461538462,0.35384615384615387,long,0.6461538461538462,0.12076111281157602
has_relief&has_night_post,61,0.022934218865969143,0.013211589982994765,0.06286460566495074,0.6721311475409836,0.32786885245901637,long,0.6721311475409836,0.12039345891917079
uppercase_phrase_heavy&deal_over_tariff,22,0.03762720654720308,0.03198807615448074,0.054996315730036854,0.6818181818181818,0.3181818181818182,long,0.6818181818181818,0.12033221085486318
has_attack&pre_relief,22,0.03299483441529947,0.0349239468877125,0.05976789222682584,0.7727272727272727,0.22727272727272727,long,0.7727272727272727,0.11958687966740211
has_iran&deal_only,58,0.021668741287593392,0.023205547897364953,0.04436737420721958,0.7241379310344828,0.27586206896551724,long,0.7241379310344828,0.11950029516743137
deal_heavy&pre_action,25,0.03308104328803135,0.0332484346337909,0.04781629850927114,0.72,0.28,long,0.72,0.11909175583691287
has_action&china_streak_3d,23,0.03553006235630435,0.030175838951340905,0.06259282597315935,0.6956521739130435,0.30434782608695654,long,0.6956521739130435,0.11853648213817808
positive_heavy&pre_relief,26,0.0317540704451432,0.02855007092757822,0.06456621838906236,0.7307692307692307,0.2692307692307692,long,0.7307692307692307,0.11832222584153528
posts_very_high&deal_heavy,81,0.019270791835940267,0.026519075788908664,0.052356093030292025,0.6790123456790124,0.32098765432098764,long,0.6790123456790124,0.11776595010852386
pre_action&volume_spike,21,0.03570205396287758,0.04076372286799135,0.06479320921800545,0.7142857142857143,0.2857142857142857,long,0.7142857142857143,0.11686240339306045
has_all_caps&deal_only,59,0.024234667834282922,0.02357017560715824,0.05935796619759969,0.6271186440677966,0.3728813559322034,long,0.6271186440677966,0.1167381454931099
has_relief&has_all_caps,29,0.03267401766108983,0.02453495808925199,0.06443664614441219,0.6551724137931034,0.3448275862068966,long,0.6551724137931034,0.11528084242440177
has_relief&has_uppercase_phrase,41,0.025273945049030612,0.019700858225200513,0.0657073864935947,0.7073170731707317,0.2926829268292683,long,0.7073170731707317,0.1144666852061176
has_china&has_iran,44,0.02611503498070662,0.023553307512274024,0.05484643291498638,0.6590909090909091,0.3409090909090909,long,0.6590909090909091,0.11417270000555865
posts_low&volume_spike,42,0.02535363748229376,0.04173806397225022,0.0853946842273751,0.6904761904761905,0.30952380952380953,long,0.6904761904761905,0.11345238472002916
deal_heavy&deal_over_tariff,141,0.01527415759503651,0.01570632173918418,0.046816981099061884,0.624113475177305,0.375886524822695,long,0.624113475177305,0.11319581821972827
has_market_brag&has_uppercase_phrase,67,0.02190934948677581,0.014130046512611516,0.052256197018041704,0.6268656716417911,0.373134328358209,long,0.6268656716417911,0.11241942822631508
has_russia&uppercase_phrase_heavy,29,0.03179121618312592,0.034601644631729656,0.05831185609649343,0.6551724137931034,0.3448275862068966,long,0.6551724137931034,0.1121661321635213
has_iran&exclamation_heavy,115,0.016204556122161925,0.02034356256791292,0.04910156379444775,0.6434782608695652,0.3565217391304348,long,0.6434782608695652,0.11182011609493844
pre_deal&has_uppercase_phrase,60,0.021338870749140506,0.025278062510121546,0.05684360168164852,0.6666666666666666,0.3333333333333333,long,0.6666666666666666,0.11019345471772503
positive_heavy&tariff_only,44,0.023571913659184117,0.027809237138982645,0.05547394109181126,0.7045454545454546,0.29545454545454547,long,0.7045454545454546,0.1101615904155991
has_all_caps&deal_over_tariff,73,0.02084784240090323,0.018686312900467072,0.059528472343076094,0.6164383561643836,0.3835616438356164,long,0.6164383561643836,0.10980249260246311
posts_high&sig_potus,46,0.02400683786286073,0.026409576819407254,0.05654612104604841,0.6739130434782609,0.32608695652173914,long,0.6739130434782609,0.10972806920340272
has_iran&lots_of_excl,109,0.01613961082018707,0.02034356256791292,0.05009331810369757,0.6422018348623854,0.3577981651376147,long,0.6422018348623854,0.10821260433770417
has_china&all_caps_heavy,22,0.03171785142719779,0.03716409286221989,0.060187071180161006,0.7272727272727273,0.2727272727272727,long,0.7272727272727273,0.10819629832863024
deal_heavy&deal_only,100,0.017406142164225976,0.020465917052014837,0.04460314851788354,0.62,0.38,long,0.62,0.10791808141820106
has_deal&has_iran,76,0.01800051730867907,0.020950546876619014,0.04530919282927723,0.6842105263157895,0.3157894736842105,long,0.6842105263157895,0.10736964909892933
has_deal&has_market_brag,80,0.01769271054677913,0.018893017051139993,0.052753615051109794,0.675,0.325,long,0.675,0.10681767941982914
posts_high&has_relief,74,0.01835167229232179,0.012417614040913016,0.061364481862562145,0.6756756756756757,0.32432432432432434,long,0.6756756756756757,0.10666692854913906
has_positive&has_iran,116,0.015434556719513565,0.020204039236545013,0.049507458493423195,0.6379310344827587,0.3620689655172414,long,0.6379310344827587,0.1060466334967895
short_posts&china_streak_3d,40,0.02575906105195555,0.02274871624265795,0.06511577172478293,0.65,0.35,long,0.65,0.10589449430496617
pre_action&has_all_caps,20,0.03370943193997006,0.048477852917261255,0.06649696932546115,0.7,0.3,long,0.7,0.10552721382094592
has_iran,121,0.014828372439536821,0.020064515905177105,0.04978155580052421,0.6446280991735537,0.35537190082644626,long,0.6446280991735537,0.10514664093489746
attack_heavy&sig_potus,34,0.02448347662921503,0.028104323666403808,0.04923388571793559,0.7352941176470589,0.2647058823529412,long,0.7352941176470589,0.10497204003200149
has_iran&short_posts,50,0.02173530065112667,0.026588801632174475,0.05415554362247169,0.68,0.32,long,0.68,0.10451041367447235
posts_very_high&all_caps_heavy,26,0.02796770660947652,0.03716409286221989,0.05699936567373556,0.7307692307692307,0.2692307692307692,long,0.7307692307692307,0.1042134520496544
posts_high&has_iran,79,0.017964503024870935,0.02257165693529606,0.049115620177814553,0.6455696202531646,0.35443037974683544,long,0.6455696202531646,0.10307938949709936
high_emotion,70,0.018662079601143175,0.030365371145265385,0.0802032765611146,0.6571428571428571,0.34285714285714286,long,0.6571428571428571,0.10260507666522573
deal_heavy&lots_of_excl,154,0.013357888356795225,0.016718902578908068,0.050643724909809694,0.6168831168831169,0.38311688311688313,long,0.6168831168831169,0.10225888529353203
deal_heavy,159,0.013144451657431274,0.01570632173918418,0.050219356975216956,0.6163522012578616,0.3836477987421384,long,0.6163522012578616,0.10215743665714933
deal_heavy&has_exclamation,159,0.013144451657431274,0.01570632173918418,0.050219356975216956,0.6163522012578616,0.3836477987421384,long,0.6163522012578616,0.10215743665714933
has_deal&deal_heavy,159,0.013144451657431274,0.01570632173918418,0.050219356975216956,0.6163522012578616,0.3836477987421384,long,0.6163522012578616,0.10215743665714933
deal_heavy&has_positive,159,0.013144451657431274,0.01570632173918418,0.050219356975216956,0.6163522012578616,0.3836477987421384,long,0.6163522012578616,0.10215743665714933
has_iran&has_exclamation,120,0.01440205160786376,0.019428688120762705,0.04976798215741202,0.6416666666666667,0.35833333333333334,long,0.6416666666666667,0.10123354959641678
has_attack&brag_heavy,31,0.02677345535645256,0.022840920187571667,0.04955589235891115,0.6774193548387096,0.3225806451612903,long,0.6774193548387096,0.10098174524751675
deal_heavy&exclamation_heavy,158,0.013065433731952942,0.01492153310567812,0.05036912063393475,0.6139240506329114,0.3860759493670886,long,0.6139240506329114,0.10082471947079344
posts_high&has_tariff,90,0.01608657312212547,0.02096379651417901,0.058930272369550236,0.6555555555555556,0.34444444444444444,long,0.6555555555555556,0.10004474793176618
has_deal&sig_potus,27,0.027094321385804417,0.02782888330690869,0.06184612521276206,0.7037037037037037,0.2962962962962963,long,0.7037037037037037,0.09907178705549462
brag_heavy&has_exclamation,38,0.02342176795094128,0.014704381405037381,0.045823580563667116,0.6842105263157895,0.3157894736842105,long,0.6842105263157895,0.0987873245423127
brag_heavy&lots_of_excl,38,0.02342176795094128,0.014704381405037381,0.045823580563667116,0.6842105263157895,0.3157894736842105,long,0.6842105263157895,0.0987873245423127
brag_heavy&exclamation_heavy,38,0.02342176795094128,0.014704381405037381,0.045823580563667116,0.6842105263157895,0.3157894736842105,long,0.6842105263157895,0.0987873245423127
brag_heavy,38,0.02342176795094128,0.014704381405037381,0.045823580563667116,0.6842105263157895,0.3157894736842105,long,0.6842105263157895,0.0987873245423127
has_market_brag&brag_heavy,38,0.02342176795094128,0.014704381405037381,0.045823580563667116,0.6842105263157895,0.3157894736842105,long,0.6842105263157895,0.0987873245423127
has_positive&brag_heavy,38,0.02342176795094128,0.014704381405037381,0.045823580563667116,0.6842105263157895,0.3157894736842105,long,0.6842105263157895,0.0987873245423127
has_relief&positive_heavy,83,0.016616731545983327,0.011623638098831268,0.06292257241649574,0.6506024096385542,0.3493975903614458,long,0.6506024096385542,0.09849185504597896
posts_very_high&has_relief,47,0.021746622523800302,0.00939446910661812,0.06739882994262761,0.6595744680851063,0.3404255319148936,long,0.6595744680851063,0.09833419819580363
has_relief&deal_over_tariff,43,0.023753207358547603,0.02453495808925199,0.06760348551536899,0.627906976744186,0.37209302325581395,long,0.627906976744186,0.09780291440079518
deal_heavy&positive_heavy,139,0.013230337605351921,0.01570632173918418,0.0517237752643945,0.6258992805755396,0.37410071942446044,long,0.6258992805755396,0.0976298852672566
posts_low&short_posts,120,0.013847155947271598,0.015727103287805466,0.06763125521440111,0.6416666666666667,0.35833333333333334,long,0.6416666666666667,0.09733312909336005
posts_high&pre_relief,24,0.027995133767341685,0.02855007092757822,0.060001100981886296,0.7083333333333334,0.2916666666666667,long,0.7083333333333334,0.09714620676550748
has_russia&pre_deal,69,0.01715909311012547,0.022053354610619635,0.062434315328798874,0.6811594202898551,0.3188405797101449,long,0.6811594202898551,0.09708846692530819
posts_high&deal_heavy,117,0.014042849579898856,0.02257165693529606,0.05221472304000986,0.6324786324786325,0.36752136752136755,long,0.6324786324786325,0.09607138081621902
has_attack&volume_drop,55,0.02012558105222456,0.017731483418631955,0.05498392214153362,0.6363636363636364,0.36363636363636365,long,0.6363636363636364,0.09498064784181841
deal_heavy&attack_heavy,80,0.016303362270457537,0.016755523695438312,0.048735017174280075,0.65,0.35,long,0.65,0.09478410837622575
positive_heavy&volume_drop,42,0.02265226013617652,0.029187779172860973,0.07548403859794883,0.6428571428571429,0.35714285714285715,long,0.6428571428571429,0.09437362982706932
posts_high&china_streak_3d,42,0.02256772302579363,0.023985240509438843,0.0666446198371184,0.6428571428571429,0.35714285714285715,long,0.6428571428571429,0.09402143212520804
has_iran&pre_deal,42,0.0188451678039492,0.022621538038734124,0.041203717171471484,0.7619047619047619,0.23809523809523808,long,0.7619047619047619,0.09305192072790784
high_emotion&has_exclamation,43,0.020314495358260125,0.023850070549829905,0.07631961798307296,0.6976744186046512,0.3023255813953488,long,0.6976744186046512,0.09293794497489008
posts_low&has_positive,84,0.015209565594793277,0.012468673203853586,0.046282485526124746,0.6666666666666666,0.3333333333333333,long,0.6666666666666666,0.0929319808340483
has_relief&has_action,26,0.027423377013338288,0.032864116426982726,0.059199891156994325,0.6538461538461539,0.34615384615384615,long,0.6538461538461539,0.09142883410898475
has_relief&volume_spike,21,0.027654517853124477,0.03510422518900458,0.07321755366834835,0.7142857142857143,0.2857142857142857,long,0.7142857142857143,0.09052065812103613
posts_very_high&has_tariff,57,0.01789200504437174,0.025743746215720176,0.06734326160127935,0.6666666666666666,0.3333333333333333,long,0.6666666666666666,0.09005445053335716
has_attack&has_iran,86,0.015566323436651293,0.015816736740621118,0.052549937074768016,0.6162790697674418,0.38372093023255816,long,0.6162790697674418,0.0889636707120567
has_relief&exclamation_heavy,95,0.014253784311188119,0.009483477796354833,0.06167103446176081,0.631578947368421,0.3684210526315789,long,0.631578947368421,0.08774444483142005
high_emotion&volume_spike,27,0.023854437137539652,0.023850070549829905,0.09033277144867594,0.7037037037037037,0.2962962962962963,long,0.7037037037037037,0.08722498278392833
has_attack&tariff_only,44,0.019846292409851942,0.027809237138982645,0.05916074329599251,0.6590909090909091,0.3409090909090909,long,0.6590909090909091,0.08676629348597989
exclamation_heavy&tariff_only,56,0.01752240660963878,0.026671151225748813,0.05802575586562107,0.6607142857142857,0.3392857142857143,long,0.6607142857142857,0.08663661280805089
has_china&pre_deal,80,0.014806692526124727,0.020204039236545013,0.06265239471281045,0.65,0.35,long,0.65,0.08608280462691772
open_deal&short_posts,47,0.019001023948400714,0.026181469168852667,0.043124436479310656,0.6595744680851063,0.3404255319148936,long,0.6595744680851063,0.08591911009722758
has_tariff&lots_of_excl,136,0.011448454240162435,0.015748876856801486,0.06007988419148644,0.6397058823529411,0.3602941176470588,long,0.6397058823529411,0.08540762613516269
sig_potus&deal_over_tariff,21,0.02599844939437911,0.028379764025898924,0.047911348401445654,0.7142857142857143,0.2857142857142857,long,0.7142857142857143,0.08509990164372934
positive_heavy&brag_heavy,34,0.021489294189532663,0.012880191285501663,0.04586047347361601,0.6764705882352942,0.3235294117647059,long,0.6764705882352942,0.08476382163196772
has_market_brag&deal_only,54,0.018209945232936602,0.01903030790958582,0.057270999453372926,0.6296296296296297,0.37037037037037035,long,0.6296296296296297,0.08425402878891866
has_tariff&has_uppercase_phrase,49,0.018298923337910375,0.019700858225200513,0.05099269080199293,0.6530612244897959,0.3469387755102041,long,0.6530612244897959,0.08365222097330456
uppercase_phrase_heavy&volume_spike,27,0.025533405887585556,0.02656319046925737,0.0610012824714681,0.6296296296296297,0.37037037037037035,long,0.6296296296296297,0.08353640632097781
has_tariff&exclamation_heavy,141,0.01114425890486715,0.01573693930034037,0.05953387270451289,0.6312056737588653,0.36879432624113473,long,0.6312056737588653,0.08352791550580912
has_market_brag&deal_over_tariff,67,0.01587218116561049,0.017731483418631955,0.055519283654727955,0.6417910447761194,0.3582089552238806,long,0.6417910447761194,0.0833811088101856
has_tariff&positive_heavy,121,0.011754665013149363,0.015760814413262603,0.059736684804506696,0.6446280991735537,0.35537190082644626,long,0.6446280991735537,0.08335126100233184
china_streak_3d,75,0.015560918531742123,0.02222673480315751,0.06976532672924148,0.6133333333333333,0.38666666666666666,long,0.6133333333333333,0.08265372462888018
has_exclamation&china_streak_3d,75,0.015560918531742123,0.02222673480315751,0.06976532672924148,0.6133333333333333,0.38666666666666666,long,0.6133333333333333,0.08265372462888018
lots_of_excl&tariff_only,53,0.017187706188182224,0.02641228522743666,0.0589562399297429,0.660377358490566,0.33962264150943394,long,0.660377358490566,0.08263195552475788
has_relief&short_posts,46,0.018672075224074335,0.012377748067128769,0.059923433604676876,0.6521739130434783,0.34782608695652173,long,0.6521739130434783,0.08259141889526728
pre_deal&has_all_caps,47,0.019459996666737193,0.016822538238266516,0.06031612434537912,0.6170212765957447,0.3829787234042553,long,0.6170212765957447,0.08231743520193763
deal_over_tariff&china_streak_3d,21,0.024956151036372064,0.022924834422894724,0.06949029227200607,0.7142857142857143,0.2857142857142857,long,0.7142857142857143,0.0816881794135183
has_relief&lots_of_excl,92,0.01368790893813233,0.009438973451486476,0.062498372754654606,0.6195652173913043,0.3804347826086957,long,0.6195652173913043,0.0813425998891859
has_positive&tariff_only,56,0.01633722611083008,0.026078015721578418,0.05765952772374446,0.6607142857142857,0.3392857142857143,long,0.6607142857142857,0.0807766857860139
posts_low&has_exclamation,134,0.01082485502854136,0.012948328395056441,0.05467399538745089,0.6417910447761194,0.3582089552238806,long,0.6417910447761194,0.08042075404761143
has_tariff&has_positive,141,0.010673548919524687,0.01573693930034037,0.05934584269437117,0.6312056737588653,0.36879432624113473,long,0.6312056737588653,0.07999987257185913
all_caps_heavy&uppercase_phrase_heavy,21,0.026119802919914063,0.04076372286799135,0.06195371227642566,0.6666666666666666,0.3333333333333333,long,0.6666666666666666,0.07979731601188983
sig_potus&has_all_caps,23,0.025491699128054143,0.025450098321237347,0.050887657330681894,0.6521739130434783,0.34782608695652173,long,0.6521739130434783,0.0797308006050818
deal_heavy&pre_deal,91,0.013298686584989724,0.02104483966535109,0.053360299230336146,0.6263736263736264,0.37362637362637363,long,0.6263736263736264,0.07946262552356292
has_tariff&attack_heavy,61,0.015129054127323644,0.01573693930034037,0.05926255145377512,0.6721311475409836,0.32786885245901637,long,0.6721311475409836,0.07942015235873529
has_relief&has_positive,93,0.013185327241983463,0.00939446910661812,0.061727916704984814,0.6236559139784946,0.3763440860215054,long,0.6236559139784946,0.07930077508906996
positive_heavy&has_iran,94,0.01308405274763104,0.01780769928730741,0.04994959269235334,0.6170212765957447,0.3829787234042553,long,0.6170212765957447,0.07827198594824891
has_relief&has_exclamation,96,0.012750860804451545,0.009438973451486476,0.06308822688574862,0.625,0.375,long,0.625,0.0780827568804003
has_relief,96,0.012750860804451545,0.009438973451486476,0.06308822688574862,0.625,0.375,long,0.625,0.0780827568804003
sig_potus&has_uppercase_phrase,34,0.020671300470940318,0.023058362586867,0.049554823983709924,0.6470588235294118,0.35294117647058826,long,0.6470588235294118,0.07799217324408271
pre_relief,31,0.02107188486064165,0.02009364947535519,0.06585149506513009,0.6451612903225806,0.3548387096774194,long,0.6451612903225806,0.07569244489337937
pre_relief&has_exclamation,31,0.02107188486064165,0.02009364947535519,0.06585149506513009,0.6451612903225806,0.3548387096774194,long,0.6451612903225806,0.07569244489337937
pre_relief&exclamation_heavy,31,0.02107188486064165,0.02009364947535519,0.06585149506513009,0.6451612903225806,0.3548387096774194,long,0.6451612903225806,0.07569244489337937
has_relief&pre_relief,31,0.02107188486064165,0.02009364947535519,0.06585149506513009,0.6451612903225806,0.3548387096774194,long,0.6451612903225806,0.07569244489337937
deal_heavy&has_market_brag,41,0.016465021891431265,0.019374302918704567,0.04715940943074705,0.7073170731707317,0.2926829268292683,long,0.7073170731707317,0.0745707278425291
has_iran&has_uppercase_phrase,49,0.017923038817205292,0.02453495808925199,0.05385787413446428,0.5918367346938775,0.40816326530612246,long,0.5918367346938775,0.07425258938556477
deal_heavy&has_attack,123,0.01119229417589484,0.010887456642323823,0.05119914500478669,0.5934959349593496,0.4065040650406504,long,0.5934959349593496,0.07366978814488757
has_relief&has_market_brag,25,0.01935000182236345,0.015272018337902704,0.05227355736635373,0.76,0.24,long,0.76,0.07353000692498111
has_deal&has_relief,52,0.01648488968631289,0.009293444327940215,0.06900810962567895,0.6153846153846154,0.38461538461538464,long,0.6153846153846154,0.07315337234999213
has_tariff&has_action,40,0.018472127358167088,0.02449197108136636,0.04834562787687246,0.625,0.375,long,0.625,0.07301749460064616
has_night_post&china_streak_3d,50,0.016078568308772072,0.021829762383229312,0.07217141031230148,0.64,0.36,long,0.64,0.07276329397058465
has_iran&has_night_post,70,0.014327282789622173,0.016019776909045658,0.053522020672741276,0.6,0.4,long,0.6,0.07192238879355894
has_positive&pre_relief,30,0.020675262348089016,0.017927231944308897,0.0669395724183887,0.6333333333333333,0.36666666666666664,long,0.6333333333333333,0.07172061461244202
pre_relief&lots_of_excl,30,0.020675262348089016,0.017927231944308897,0.0669395724183887,0.6333333333333333,0.36666666666666664,long,0.6333333333333333,0.07172061461244202
has_tariff&has_attack,113,0.010722811762870928,0.01573693930034037,0.06121857399372568,0.6283185840707964,0.37168141592920356,long,0.6283185840707964,0.07161892683088071
has_market_brag&pre_deal,44,0.015252130961868898,0.020204039236545013,0.05515321240753248,0.7045454545454546,0.29545454545454547,long,0.7045454545454546,0.07127970296683307
china_streak_3d&volume_drop,20,0.024501945018592857,0.024245452521235555,0.07633125294749946,0.65,0.35,long,0.65,0.07122441903529678
has_tariff,145,0.009495221165783899,0.013840972970283305,0.06041859231639996,0.6206896551724138,0.3793103448275862,long,0.6206896551724138,0.0709681678226921
has_tariff&has_exclamation,145,0.009495221165783899,0.013840972970283305,0.06041859231639996,0.6206896551724138,0.3793103448275862,long,0.6206896551724138,0.0709681678226921
deal_over_tariff&volume_drop,21,0.023121628211494376,0.02562928388300767,0.0520924651828666,0.6666666666666666,0.3333333333333333,long,0.6666666666666666,0.07063774097986625
deal_only&volume_drop,21,0.023121628211494376,0.02562928388300767,0.0520924651828666,0.6666666666666666,0.3333333333333333,long,0.6666666666666666,0.07063774097986625
has_night_post&volume_drop,41,0.017816004084922826,0.021432789963301113,0.06248506816541095,0.6097560975609756,0.3902439024390244,long,0.6097560975609756,0.06955980949412925
has_tariff&tariff_only,59,0.013864766060811863,0.025743746215720176,0.060895280252414835,0.6440677966101694,0.3559322033898305,long,0.6440677966101694,0.06859147418951736
has_exclamation&tariff_only,59,0.013864766060811863,0.025743746215720176,0.060895280252414835,0.6440677966101694,0.3559322033898305,long,0.6440677966101694,0.06859147418951736
tariff_only,59,0.013864766060811863,0.025743746215720176,0.060895280252414835,0.6440677966101694,0.3559322033898305,long,0.6440677966101694,0.06859147418951736
brag_heavy&has_night_post,21,0.024155452207784138,0.011623638098831268,0.04986053502615414,0.6190476190476191,0.38095238095238093,long,0.6190476190476191,0.06852497364022699
posts_very_high&sig_potus,29,0.019356169848474596,0.024683935210432884,0.06129517498555769,0.6551724137931034,0.3448275862068966,long,0.6551724137931034,0.06829265961067395
has_tariff&has_market_brag,32,0.016078548693813415,0.014291599499083874,0.04203691791219821,0.75,0.25,long,0.75,0.06821550487820144
deal_heavy&has_iran,39,0.016967394985010265,0.020064515905177105,0.04677400156660394,0.6410256410256411,0.358974358974359,long,0.6410256410256411,0.06792394084578471
deal_heavy&has_uppercase_phrase,62,0.014310088210859665,0.01897391300420892,0.05020255043245914,0.5967741935483871,0.4032258064516129,long,0.5967741935483871,0.06724317174603493
deal_heavy&volume_spike,45,0.01595429939796383,0.02267141914217219,0.055764561393309764,0.6222222222222222,0.37777777777777777,long,0.6222222222222222,0.06659314290949804
high_emotion&short_posts,59,0.014151515183124288,0.022520659082140515,0.0852992084406565,0.6101694915254238,0.3898305084745763,long,0.6101694915254238,0.06632533261510364
posts_low&high_emotion,55,0.013616677895866913,0.022520659082140515,0.07897923899937126,0.6545454545454545,0.34545454545454546,long,0.6545454545454545,0.06609860902511813
attack_heavy&has_iran,52,0.015015210663567414,0.01873766384739506,0.04991293441341763,0.5961538461538461,0.40384615384615385,long,0.5961538461538461,0.06454928733619097
has_positive&china_streak_3d,71,0.01255173638771873,0.021432789963301113,0.06881244511441799,0.6056338028169014,0.39436619718309857,long,0.6056338028169014,0.06405353325074453
has_relief&has_china,46,0.01590534999843192,0.00507283805164449,0.07466817176533828,0.5869565217391305,0.41304347826086957,long,0.5869565217391305,0.0633181297616215
posts_high&brag_heavy,29,0.017943677723145347,0.011623638098831268,0.046875585900719184,0.6551724137931034,0.3448275862068966,long,0.6551724137931034,0.06330908875585063
pre_relief&short_posts,24,0.020117101352632522,0.017935301648406843,0.06578143428469203,0.625,0.375,long,0.625,0.0615957917722537
has_china&volume_drop,29,0.019101880165069644,0.026527490432970202,0.060791120399271176,0.5862068965517241,0.41379310344827586,long,0.5862068965517241,0.06030121165019215
has_tariff&has_night_post,93,0.010282829380966124,0.01341286791916585,0.06059941857502548,0.6021505376344086,0.3978494623655914,long,0.6021505376344086,0.05971166517801314
lots_of_excl&china_streak_3d,69,0.011692501339736542,0.02222673480315751,0.06734304156475744,0.6086956521739131,0.391304347826087,long,0.6086956521739131,0.05911969343660869
has_night_post&tariff_only,35,0.016313346754465427,0.02361326573784739,0.06572374475075425,0.6,0.4,long,0.6,0.05790663655727199
has_iran&has_russia,47,0.014158733851088881,0.017731483418631955,0.04996845126422314,0.5957446808510638,0.40425531914893614,long,0.5957446808510638,0.05782738059868087
has_market_brag&has_iran,30,0.015835512799178147,0.020204039236545013,0.0436238943033755,0.6666666666666666,0.3333333333333333,long,0.6666666666666666,0.05782311713181097
exclamation_heavy&china_streak_3d,71,0.011317011192926012,0.021432789963301113,0.06646463973572204,0.6056338028169014,0.39436619718309857,long,0.6056338028169014,0.05775253163015826
has_china&tariff_rising,25,-0.02265506848829616,7.087665114902109e-05,0.06234817933473708,0.52,0.48,short,0.48,0.05437216437191078
pre_tariff&tariff_only,20,0.02021714908098657,0.03052368697864649,0.05070143479445347,0.6,0.4,long,0.6,0.05424830358760004
has_iran&has_all_caps,31,0.016753346240517823,0.016822538238266516,0.059893411404297346,0.5806451612903226,0.41935483870967744,long,0.5806451612903226,0.05416181660677208
has_action&open_deal,45,0.013437204669242604,0.01570632173918418,0.04488710477999649,0.6,0.4,long,0.6,0.05408370552240727
has_relief&has_russia,33,0.015467819596117269,0.009483477796354833,0.06854330436267377,0.6060606060606061,0.3939393939393939,long,0.6060606060606061,0.05385203556075407
has_attack&china_streak_3d,54,0.012437431327471169,0.02109476909772634,0.07209004868026112,0.5740740740740741,0.42592592592592593,long,0.5740740740740741,0.05246812079775193
has_deal&volume_drop,23,0.017389410810584573,0.02270350117878217,0.05437732443368749,0.6086956521739131,0.391304347826087,long,0.6086956521739131,0.05076319928353525
posts_high&open_deal,96,0.009115282267797233,0.006329939033375975,0.04939134416066448,0.5625,0.4375,long,0.5625,0.05023752843947109
posts_very_high&has_iran,51,0.011926767057206768,0.009483477796354833,0.04520042525744077,0.5882352941176471,0.4117647058823529,long,0.5882352941176471,0.05010244313114398
high_emotion&has_uppercase_phrase,26,0.014056522062042177,0.023572138660597375,0.06566562154431647,0.6923076923076923,0.3076923076923077,long,0.6923076923076923,0.04962079404526191
open_deal&deal_over_tariff,123,0.007841274811078252,0.005927819398257039,0.04476442688392581,0.5609756097560976,0.43902439024390244,long,0.5609756097560976,0.048784651820199885
posts_low&has_attack,30,0.014748133996352546,0.010910092436578589,0.04942862282911282,0.6,0.4,long,0.6,0.04846731402546662
posts_very_high&china_streak_3d,26,0.016219878879125453,0.02325024722393587,0.07238223378489773,0.5769230769230769,0.4230769230769231,long,0.5769230769230769,0.04771469937275316
attack_heavy&china_streak_3d,24,0.016601883668603674,0.021829762383229312,0.0695878626867316,0.5833333333333334,0.4166666666666667,long,0.5833333333333334,0.04744383438331163
has_china&open_tariff,37,-0.012963772350544073,-0.011711146045617293,0.05731504749113531,0.40540540540540543,0.5945945945945946,short,0.5945945945945946,0.04688708301390601
deal_heavy&has_russia,66,0.009147373322822389,0.008791869688853926,0.05199604175596792,0.6060606060606061,0.3939393939393939,long,0.6060606060606061,0.04503855283403124
has_russia&open_tariff,20,-0.018197397562857355,-0.0032870968226648145,0.05726712638140259,0.45,0.55,short,0.55,0.04475967976055186
open_deal&deal_only,94,0.008331974236331698,0.008946893222721464,0.04420325708078694,0.5531914893617021,0.44680851063829785,long,0.5531914893617021,0.04468763130329367
deal_heavy&has_all_caps,44,0.0121838436695672,0.010756564750259434,0.0514828752239484,0.5454545454545454,0.45454545454545453,long,0.5454545454545454,0.044082805043237756
has_relief&pre_deal,25,0.014402288154021834,0.009103410859525596,0.06966919773580456,0.6,0.4,long,0.6,0.0432068644620655
positive_heavy&tariff_rising,29,-0.019083329219970406,0.007657523023791413,0.06159429781705998,0.5862068965517241,0.41379310344827586,short,0.41379310344827586,0.042524223276557034
pre_tariff&has_night_post,34,0.011163366360717453,0.021393687798198835,0.06198765496993487,0.6470588235294118,0.35294117647058826,long,0.6470588235294118,0.04211903379839147
has_deal&open_deal,137,0.0064746596658063595,0.005118128775320363,0.04666064577320953,0.5474452554744526,0.45255474452554745,long,0.5474452554744526,0.0414875629994363
open_deal,137,0.0064746596658063595,0.005118128775320363,0.04666064577320953,0.5474452554744526,0.45255474452554745,long,0.5474452554744526,0.0414875629994363
open_deal&has_exclamation,137,0.0064746596658063595,0.005118128775320363,0.04666064577320953,0.5474452554744526,0.45255474452554745,long,0.5474452554744526,0.0414875629994363
positive_heavy&china_streak_3d,62,0.008807189752919274,0.02109476909772634,0.0690832543708422,0.5967741935483871,0.4032258064516129,long,0.5967741935483871,0.0413850260340144
has_tariff&deal_over_tariff,41,0.010074195231159754,0.008100261581353019,0.0520428563797948,0.6341463414634146,0.36585365853658536,long,0.6341463414634146,0.040906449148512325
deal_heavy&open_tariff,22,-0.014657911901714433,-0.005453715798079628,0.06258095176621269,0.4090909090909091,0.5909090909090909,short,0.5909090909090909,0.04062600513039829
has_iran&open_deal,37,0.012352435711991717,0.0036695175445569106,0.04621551904990761,0.5405405405405406,0.4594594594594595,long,0.5405405405405406,0.040614558436119365
has_attack&open_deal,104,0.0073360083472477355,0.0040392786985146145,0.045442545118908176,0.5384615384615384,0.46153846153846156,long,0.5384615384615384,0.04028386892330312
open_deal&exclamation_heavy,133,0.005972116392708978,0.0044090398524723184,0.04705365684207782,0.5413533834586466,0.45864661654135336,long,0.5413533834586466,0.037285067975589926
has_tariff&has_deal,86,0.006497510133148435,0.007805100146527577,0.060262325169012726,0.6046511627906976,0.3953488372093023,long,0.6046511627906976,0.03643351590189158
deal_heavy&open_deal,91,0.007043520898761702,0.0044090398524723184,0.046550921048058115,0.5384615384615384,0.46153846153846156,long,0.5384615384615384,0.03617971916099856
has_china&china_streak_3d,36,0.010667937270248094,0.022575784613026117,0.07691759369644169,0.5555555555555556,0.4444444444444444,long,0.5555555555555556,0.03555979090082698
has_market_brag&open_deal,33,0.010196006595372092,0.006732058668494911,0.04274655606152221,0.6060606060606061,0.3939393939393939,long,0.6060606060606061,0.03549793856462419
has_positive&open_deal,131,0.00577521164517843,0.0036695175445569106,0.04729778400619197,0.5343511450381679,0.46564885496183206,long,0.5343511450381679,0.03532078089727923
open_deal&lots_of_excl,128,0.00572258212820939,0.0040392786985146145,0.04729313932403468,0.5390625,0.4609375,long,0.5390625,0.03490086092300156
posts_low&has_uppercase_phrase,25,0.011589131818796616,0.004522662471733385,0.06472572622912047,0.6,0.4,long,0.6,0.03476739545638985
attack_heavy&open_deal,67,0.007799289487974831,0.0036695175445569106,0.0492687287385079,0.5373134328358209,0.4626865671641791,long,0.5373134328358209,0.03430205507231487
positive_heavy&pre_tariff,47,0.007522394466342401,0.020064515905177105,0.06569192973098947,0.6382978723404256,0.3617021276595745,long,0.6382978723404256,0.0329176201463053
pre_tariff&exclamation_heavy,55,0.006681464218374502,0.020064515905177105,0.06381039336251491,0.6181818181818182,0.38181818181818183,long,0.6181818181818182,0.030631567348151905
has_positive&pre_tariff,55,0.006502650482039117,0.020064515905177105,0.06389424843709099,0.6181818181818182,0.38181818181818183,long,0.6181818181818182,0.029811785212333693
exclamation_heavy&tariff_rising,33,-0.013024330233718746,0.010887456642323823,0.06246790531602665,0.6060606060606061,0.3939393939393939,short,0.3939393939393939,0.029474183407222913
has_positive&tariff_rising,33,-0.013024330233718746,0.010887456642323823,0.06246790531602665,0.6060606060606061,0.3939393939393939,short,0.3939393939393939,0.029474183407222913
has_exclamation&tariff_rising,33,-0.013024330233718746,0.010887456642323823,0.06246790531602665,0.6060606060606061,0.3939393939393939,short,0.3939393939393939,0.029474183407222913
tariff_rising,33,-0.013024330233718746,0.010887456642323823,0.06246790531602665,0.6060606060606061,0.3939393939393939,short,0.3939393939393939,0.029474183407222913
has_tariff&tariff_rising,33,-0.013024330233718746,0.010887456642323823,0.06246790531602665,0.6060606060606061,0.3939393939393939,short,0.3939393939393939,0.029474183407222913
has_tariff&has_iran,22,0.010378876558309698,0.006302347254639296,0.048284220072338624,0.5909090909090909,0.4090909090909091,long,0.5909090909090909,0.028766190923575043
deal_heavy&tariff_rising,21,-0.014484557971636497,0.0038404662466400286,0.05746927150166205,0.5714285714285714,0.42857142857142855,short,0.42857142857142855,0.02844710713414297
has_russia&pre_tariff,27,-0.010360335585425172,-0.0007570599503562425,0.06717450877778329,0.48148148148148145,0.5185185185185185,short,0.5185185185185185,0.027913865182653715
has_tariff&deal_heavy,59,0.005921247408626691,0.008100261581353019,0.05822434186453801,0.6101694915254238,0.3898305084745763,long,0.6101694915254238,0.027751707063976835
has_tariff&pre_tariff,56,0.00606707076942567,0.016738691912171477,0.06339458200729813,0.6071428571428571,0.39285714285714285,long,0.6071428571428571,0.02756537876632363
pre_tariff,56,0.00606707076942567,0.016738691912171477,0.06339458200729813,0.6071428571428571,0.39285714285714285,long,0.6071428571428571,0.02756537876632363
pre_tariff&has_exclamation,56,0.00606707076942567,0.016738691912171477,0.06339458200729813,0.6071428571428571,0.39285714285714285,long,0.6071428571428571,0.02756537876632363
has_china&open_deal,68,0.006036076329468169,0.003243890942654426,0.04861524413827463,0.5441176470588235,0.45588235294117646,long,0.5441176470588235,0.027083325588689672
open_deal&has_all_caps,32,0.009487044277939932,0.001456228797100334,0.03901395168076191,0.5,0.5,long,0.5,0.026833413369393436
posts_very_high&open_deal,61,0.006363276467344932,0.00022987907678184705,0.048591620163352646,0.5245901639344263,0.47540983606557374,long,0.5245901639344263,0.026071490080936496
has_deal&tariff_rising,24,-0.012745300803844182,0.007363961444481926,0.05780076741270086,0.5833333333333334,0.4166666666666667,short,0.4166666666666667,0.026016236323085428
pre_tariff&lots_of_excl,52,0.005714888266240072,0.016738691912171477,0.06487616691822765,0.6153846153846154,0.38461538461538464,long,0.6153846153846154,0.02536039714150902
lots_of_excl&tariff_rising,32,-0.011841799449123978,0.015966148153837456,0.0630910672943707,0.625,0.375,short,0.375,0.025120250075780063
posts_low&exclamation_heavy,47,0.006045539409087397,0.00722067779537916,0.0415055612069222,0.5957446808510638,0.40425531914893614,long,0.5957446808510638,0.02469131152618815
open_deal&has_night_post,81,0.004823215921361975,0.0044090398524723184,0.04981233395125992,0.5432098765432098,0.4567901234567901,long,0.5432098765432098,0.023580166726658545
deal_heavy&has_relief,32,0.007371693059861965,0.008107768232424872,0.061249406062143255,0.5625,0.4375,long,0.5625,0.023456583681543925
positive_heavy&open_deal,111,0.004153836471293763,0.0020787420328365336,0.047571560223596654,0.5225225225225225,0.4774774774774775,long,0.5225225225225225,0.02286735317870556
open_tariff&open_deal,23,-0.007821222552756066,-0.0058171336949733865,0.05593823006463825,0.391304347826087,0.6086956521739131,short,0.6086956521739131,0.022831726929170734
has_attack&tariff_rising,25,-0.01261079152578989,0.010887456642323823,0.060618450879325894,0.64,0.36,short,0.36,0.022699424746421802
positive_heavy&open_tariff,44,-0.0066332540531715105,-0.0003430916496036107,0.05848513724899789,0.5,0.5,short,0.5,0.022000014833474066
has_tariff&volume_spike,37,0.006528699888666433,0.006600954973804862,0.06576593183475503,0.5405405405405406,0.4594594594594595,long,0.5405405405405406,0.021466233002347207
has_china&tariff_only,22,-0.00829137348292237,-0.010012995631616561,0.061502990277860416,0.45454545454545453,0.5454545454545454,short,0.5454545454545454,0.021212721193571545
deal_heavy&has_china,85,0.004229909007167128,0.006732058668494911,0.05208241109372644,0.5411764705882353,0.4588235294117647,long,0.5411764705882353,0.021104710241488515
has_night_post&tariff_rising,23,-0.011644272379005038,0.010887456642323823,0.06333216744519636,0.6521739130434783,0.34782608695652173,short,0.34782608695652173,0.019423989057833723
has_iran&volume_spike,37,0.005894668951210176,0.003655211210323195,0.05515083804703433,0.5405405405405406,0.4594594594594595,long,0.5405405405405406,0.019381552121585714
deal_heavy&pre_tariff,29,0.005281882181540086,0.020064515905177105,0.06504798484900652,0.6551724137931034,0.3448275862068966,long,0.6551724137931034,0.01863559706033618
has_deal&china_streak_3d,26,0.005932304669511877,0.021829762383229312,0.07773966663324662,0.6153846153846154,0.38461538461538464,long,0.6153846153846154,0.01861473062794994
open_tariff&has_night_post,32,-0.005666072111761348,-0.005453715798079628,0.0645967504348152,0.4375,0.5625,short,0.5625,0.01802933105813294
has_tariff&pre_deal,45,0.003219400488559391,0.010887456642323823,0.05742085870563376,0.6444444444444445,0.35555555555555557,long,0.6444444444444445,0.013917676789148677
has_relief&open_deal,26,-0.004943511983086637,-0.003675200321839378,0.055406304742905366,0.46153846153846156,0.5384615384615384,short,0.5384615384615384,0.013573034497851513
has_deal&open_tariff,38,-0.0043034271318139194,-0.0003430916496036107,0.05658169890422287,0.5,0.5,short,0.5,0.013264053236055172
posts_high&pre_tariff,35,0.002904857709244357,0.01341286791916585,0.06550986415219516,0.6,0.4,long,0.6,0.01031122197986496
pre_tariff&pre_deal,30,0.002685413037744289,0.016738691912171477,0.06370065396851488,0.6666666666666666,0.3333333333333333,long,0.6666666666666666,0.009805741979940125
posts_high&open_tariff,33,0.002968999898876314,0.00193641849774151,0.06001918869370074,0.5454545454545454,0.45454545454545453,long,0.5454545454545454,0.009303057772723668
open_tariff&lots_of_excl,53,0.002228904635360231,0.003121216712923758,0.05874274455095689,0.5660377358490566,0.4339622641509434,long,0.5660377358490566,0.009184907931027851
posts_high&tariff_heavy,20,0.0036703423139356874,0.016548748453188322,0.06158593159627597,0.55,0.45,long,0.55,0.009027848406119478
has_attack&pre_tariff,45,0.0022074336826129015,0.007657523023791413,0.06621444292655439,0.5777777777777777,0.4222222222222222,long,0.5777777777777777,0.008555684401584914
has_tariff&open_deal,43,0.002414483627913757,0.0023779097748768407,0.05195074111427183,0.5348837209302325,0.46511627906976744,long,0.5348837209302325,0.008468721931011555
tariff_heavy&lots_of_excl,22,0.002919224538605557,0.016548748453188322,0.060146549920297325,0.5454545454545454,0.45454545454545453,long,0.5454545454545454,0.007468569154002973
tariff_heavy,22,0.002919224538605557,0.016548748453188322,0.060146549920297325,0.5454545454545454,0.45454545454545453,long,0.5454545454545454,0.007468569154002973
has_tariff&tariff_heavy,22,0.002919224538605557,0.016548748453188322,0.060146549920297325,0.5454545454545454,0.45454545454545453,long,0.5454545454545454,0.007468569154002973
tariff_heavy&has_positive,22,0.002919224538605557,0.016548748453188322,0.060146549920297325,0.5454545454545454,0.45454545454545453,long,0.5454545454545454,0.007468569154002973
tariff_heavy&has_exclamation,22,0.002919224538605557,0.016548748453188322,0.060146549920297325,0.5454545454545454,0.45454545454545453,long,0.5454545454545454,0.007468569154002973
tariff_heavy&exclamation_heavy,22,0.002919224538605557,0.016548748453188322,0.060146549920297325,0.5454545454545454,0.45454545454545453,long,0.5454545454545454,0.007468569154002973
has_tariff&has_russia,58,0.0016953364794110007,0.007583730867746774,0.0638758675666436,0.5689655172413793,0.43103448275862066,long,0.5689655172413793,0.007346083325077826
posts_very_high&open_tariff,21,-0.002848309290041053,-0.0007570599503562425,0.06718513298356754,0.47619047619047616,0.5238095238095238,short,0.5238095238095238,0.006837072484135695
attack_heavy&pre_tariff,26,-0.00289397410977027,0.0041247530495561735,0.06473842355703292,0.5384615384615384,0.46153846153846156,short,0.46153846153846156,0.006810660211177345
has_russia&open_deal,57,0.0014935932017023884,0.00022987907678184705,0.04747302210170988,0.5263157894736842,0.47368421052631576,long,0.5263157894736842,0.005934937571841569
pre_deal&open_deal,44,0.001498675740303046,0.0040392786985146145,0.04571244988790895,0.5227272727272727,0.4772727272727273,long,0.5227272727272727,0.0051964789817657365
has_attack&open_tariff,43,0.0013980371999843617,0.003121216712923758,0.060506623486142184,0.5581395348837209,0.4418604651162791,long,0.5581395348837209,0.0051167681824659085
has_china&pre_tariff,39,0.0012782198801139467,0.01341286791916585,0.06047877337492357,0.5897435897435898,0.41025641025641024,long,0.5897435897435898,0.004707616759870941
open_tariff&exclamation_heavy,55,0.001130478771493728,0.0023779097748768407,0.05809365510050016,0.5454545454545454,0.45454545454545453,long,0.5454545454545454,0.004573011793552117
open_tariff,57,-0.0012865380911746779,0.0023779097748768407,0.060576313866480824,0.543859649122807,0.45614035087719296,short,0.45614035087719296,0.004430559458929651
has_tariff&open_tariff,57,-0.0012865380911746779,0.0023779097748768407,0.060576313866480824,0.543859649122807,0.45614035087719296,short,0.45614035087719296,0.004430559458929651
open_tariff&has_exclamation,57,-0.0012865380911746779,0.0023779097748768407,0.060576313866480824,0.543859649122807,0.45614035087719296,short,0.45614035087719296,0.004430559458929651
open_deal&volume_spike,37,0.0014747578050169532,-0.0007570599503562425,0.052980633866979134,0.4864864864864865,0.5135135135135135,long,0.4864864864864865,0.004364076413978256
has_deal&pre_tariff,36,-0.0017940838481081628,0.010756564750259434,0.06886150258218729,0.6111111111111112,0.3888888888888889,short,0.3888888888888889,0.0041861956455857136
posts_low&has_night_post,23,-0.001714143487381424,0.014441192118589408,0.05208781450741077,0.5217391304347826,0.4782608695652174,short,0.4782608695652174,0.003931659873691972
posts_very_high&pre_tariff,24,0.0012021028776415161,0.021050662486535088,0.07301781890766222,0.5833333333333334,0.4166666666666667,long,0.5833333333333334,0.0034352951133118747
has_tariff&has_china,86,0.0005699518827005291,0.003765128282698038,0.06018585054594211,0.5348837209302325,0.46511627906976744,long,0.5348837209302325,0.002827136636789469
has_tariff&has_relief,23,-0.0013995476461127296,0.003121216712923758,0.06258198477008148,0.6086956521739131,0.391304347826087,short,0.391304347826087,0.002626432716367386
open_deal&has_uppercase_phrase,61,0.0004191520786830037,-0.0013085883952426158,0.048396666442860406,0.4918032786885246,0.5081967213114754,long,0.4918032786885246,0.001610007731158785
has_positive&open_tariff,55,0.00010256327267843535,0.0023779097748768407,0.05729824015370172,0.5454545454545454,0.45454545454545453,long,0.5454545454545454,0.0004148888660014866
