event,n,mean_ret,median_ret,std,hit_up,hit_down,direction,directional_hit,score
silence_day,229,0.1454103551370125,0.15982241953385135,0.1627698241401535,0.7751196172248804,0.22009569377990432,long,0.7751196172248804,1.7056181338829466
posts_low&silence_day,229,0.1454103551370125,0.15982241953385135,0.1627698241401535,0.7751196172248804,0.22009569377990432,long,0.7751196172248804,1.7056181338829466
posts_low,400,0.09921959592748278,0.08013342121699352,0.15562998249947332,0.6815789473684211,0.3078947368421053,long,0.6815789473684211,1.3525197550114758
silence_day&volume_drop,147,0.13856090370195556,0.14395100647779424,0.17071096730572619,0.7755102040816326,0.22448979591836735,long,0.7755102040816326,1.3028274222669902
posts_low&volume_drop,222,0.09322168057524906,0.07052679726480848,0.1614082698562216,0.6666666666666666,0.31981981981981983,long,0.6666666666666666,0.9259811718505286
volume_drop,326,0.07726905044820861,0.04365707671274066,0.1468651046045373,0.6503067484662577,0.3282208588957055,long,0.6503067484662577,0.9072618224648828
posts_low&volume_spike,41,0.11316033460807977,0.11904761904761907,0.16869286061379546,0.7317073170731707,0.2682926829268293,long,0.7317073170731707,0.5301802545695171
posts_very_high&has_all_caps,106,0.06660606320986937,0.06388293312367932,0.10773162256685273,0.7264150943396226,0.25471698113207547,long,0.7264150943396226,0.49814016208125717
has_action&has_all_caps,57,0.08041205116272986,0.06882581807548149,0.10531239333864469,0.7894736842105263,0.21052631578947367,long,0.7894736842105263,0.4792876364835246
has_positive&has_all_caps,180,0.05255886095721298,0.040166445216186175,0.1072727117162165,0.6722222222222223,0.3111111111111111,long,0.6722222222222223,0.47401824987849456
has_attack&has_all_caps,151,0.05637081132081155,0.04509289144459605,0.10893706625545364,0.6821192052980133,0.2980132450331126,long,0.6821192052980133,0.47250133134376354
has_uppercase_phrase,291,0.04394046492896041,0.03133158806211811,0.10723918753263391,0.6288659793814433,0.36082474226804123,long,0.6288659793814433,0.4713779279895768
posts_high&has_all_caps,142,0.05840877790746789,0.047131706864350975,0.10968852279628911,0.676056338028169,0.3028169014084507,long,0.676056338028169,0.47054935277605
has_all_caps&lots_of_excl,177,0.0525281196407685,0.040650447657962774,0.10811037368637995,0.6666666666666666,0.3163841807909605,long,0.6666666666666666,0.465894119340004
has_all_caps&exclamation_heavy,180,0.051938669407363844,0.040166445216186175,0.1075403389019484,0.6666666666666666,0.31666666666666665,long,0.6666666666666666,0.4645535818230171
has_night_post&has_all_caps,183,0.05110428072702901,0.039682442774409576,0.1072150625774733,0.6666666666666666,0.31693989071038253,long,0.6666666666666666,0.4608839304730947
has_uppercase_phrase&has_exclamation,289,0.04297556947543369,0.0311158798283262,0.10690504793145071,0.6262975778546713,0.3633217993079585,long,0.6262975778546713,0.45756341617961754
has_uppercase_phrase&short_posts,158,0.05318921514562226,0.040512874931112774,0.10693679155771521,0.6835443037974683,0.310126582278481,long,0.6835443037974683,0.4570027295258504
has_positive&has_uppercase_phrase,281,0.04316825061291038,0.0311158798283262,0.10673832034299548,0.6298932384341637,0.3594306049822064,long,0.6298932384341637,0.4558107417960863
has_all_caps&has_exclamation,184,0.05059228202660641,0.037957079867313115,0.1071470452528433,0.6630434782608695,0.32065217391304346,long,0.6630434782608695,0.45502492672892864
has_all_caps,184,0.05059228202660641,0.037957079867313115,0.1071470452528433,0.6630434782608695,0.32065217391304346,long,0.6630434782608695,0.45502492672892864
has_uppercase_phrase&lots_of_excl,266,0.04367708138964099,0.03211320892844893,0.1076340014471439,0.6278195488721805,0.3609022556390977,long,0.6278195488721805,0.44722828512572205
has_all_caps&has_uppercase_phrase,134,0.05713090310543364,0.045514566536789536,0.11170027791987376,0.6716417910447762,0.31343283582089554,long,0.6716417910447762,0.44418224985958976
has_night_post&has_uppercase_phrase,274,0.042553902540146446,0.030864058829428,0.10741538664067028,0.6240875912408759,0.36496350364963503,long,0.6240875912408759,0.43960257086085947
has_uppercase_phrase&exclamation_heavy,273,0.04185351333216188,0.030612237830529798,0.10691072544999752,0.6263736263736264,0.3626373626373626,long,0.6263736263736264,0.43315836618902226
has_attack&has_uppercase_phrase,219,0.04527456105341243,0.03763446598916964,0.10486949948481894,0.6438356164383562,0.3424657534246575,long,0.6438356164383562,0.4313713560413275
has_all_caps&short_posts,125,0.057225704994469766,0.04119840057836921,0.11059813261957635,0.672,0.312,long,0.672,0.42994750319802505
high_emotion&volume_spike,24,0.10871793707786144,0.10340258509157396,0.17290655795603377,0.7916666666666666,0.20833333333333334,long,0.7916666666666666,0.4216471635705502
positive_heavy&has_all_caps,152,0.05030250227971065,0.03564319288799889,0.10637251601562797,0.6710526315789473,0.3092105263157895,long,0.6710526315789473,0.41616731371865223
posts_high&has_uppercase_phrase,200,0.045053734611435595,0.03667442157057521,0.10495175696180406,0.64,0.345,long,0.64,0.4077798561475222
attack_heavy&has_all_caps,106,0.05630093916791012,0.04348099755562029,0.11282834026936031,0.6886792452830188,0.29245283018867924,long,0.6886792452830188,0.39919543563396037
has_action&short_posts,107,0.055482428913764634,0.04832717209971893,0.09815006945974765,0.6915887850467289,0.29906542056074764,long,0.6915887850467289,0.39691297513545637
has_positive,814,0.024165644893699663,0.011093711540252293,0.09306152908026455,0.5749385749385749,0.40417690417690416,long,0.5749385749385749,0.39639853431312455
posts_very_high&short_posts,159,0.046226101249909654,0.044776021054152126,0.10260092172481208,0.6792452830188679,0.3018867924528302,long,0.6792452830188679,0.39592457529632996
has_action,187,0.04520606033681957,0.03583075484391163,0.09898908283577033,0.6363636363636364,0.35294117647058826,long,0.6363636363636364,0.39338954940014625
has_attack&has_exclamation,595,0.02763879349873381,0.012618344140378657,0.09392889036929031,0.5831932773109244,0.38823529411764707,long,0.5831932773109244,0.3931787820438824
has_attack,595,0.02763879349873381,0.012618344140378657,0.09392889036929031,0.5831932773109244,0.38823529411764707,long,0.5831932773109244,0.3931787820438824
has_action&has_exclamation,185,0.04519521574482469,0.03583075484391163,0.09908283549254826,0.6378378378378379,0.35135135135135137,long,0.6378378378378379,0.39209256487849686
has_positive&has_exclamation,807,0.024106737083930085,0.010909219437080342,0.09308181377355094,0.5724907063197026,0.40644361833952913,long,0.5724907063197026,0.3920519691746659
has_attack&has_positive,577,0.027856824186460075,0.01265817194258645,0.0942938022284938,0.58578856152513,0.3882149046793761,long,0.58578856152513,0.3919768305138246
attack_heavy&has_uppercase_phrase,145,0.04804953957780151,0.039682442774409576,0.10494176755191771,0.6758620689655173,0.3103448275862069,long,0.6758620689655173,0.3910491129570001
has_action&has_uppercase_phrase,95,0.05834263233485432,0.04851760429515317,0.10968288158052067,0.6842105263157895,0.30526315789473685,long,0.6842105263157895,0.3890788055649551
has_action&has_positive,181,0.04485738547328691,0.03583075484391163,0.09922570072863307,0.6408839779005525,0.34806629834254144,long,0.6408839779005525,0.3867698916436633
positive_heavy&has_uppercase_phrase,229,0.040556368650415967,0.030612237830529798,0.10657578768561403,0.62882096069869,0.35807860262008734,long,0.62882096069869,0.38592579990396325
has_china&short_posts,151,0.047765536059214415,0.03571437715198078,0.09217957534331218,0.6556291390728477,0.304635761589404,long,0.6556291390728477,0.38482331552286275
posts_very_high&has_night_post,231,0.039206373892278365,0.03783770744133874,0.10219878410853457,0.645021645021645,0.341991341991342,long,0.645021645021645,0.3843589123191997
posts_very_high&has_exclamation,233,0.03898239886517947,0.03783770744133874,0.10192143827180834,0.6437768240343348,0.34334763948497854,long,0.6437768240343348,0.38307327921489076
posts_very_high&has_positive,233,0.03898239886517947,0.03783770744133874,0.10192143827180834,0.6437768240343348,0.34334763948497854,long,0.6437768240343348,0.38307327921489076
posts_very_high,233,0.03898239886517947,0.03783770744133874,0.10192143827180834,0.6437768240343348,0.34334763948497854,long,0.6437768240343348,0.38307327921489076
posts_high&posts_very_high,233,0.03898239886517947,0.03783770744133874,0.10192143827180834,0.6437768240343348,0.34334763948497854,long,0.6437768240343348,0.38307327921489076
posts_very_high&exclamation_heavy,233,0.03898239886517947,0.03783770744133874,0.10192143827180834,0.6437768240343348,0.34334763948497854,long,0.6437768240343348,0.38307327921489076
posts_very_high&lots_of_excl,231,0.039058258322413046,0.03783770744133874,0.1015915374247694,0.645021645021645,0.341991341991342,long,0.645021645021645,0.3829068642545817
has_attack&has_night_post,549,0.027945479341746238,0.013333226094027317,0.09300402412889831,0.5846994535519126,0.3879781420765027,long,0.5846994535519126,0.3828515621966635
posts_very_high&positive_heavy,220,0.03974226571230532,0.037819210990756136,0.10129951232165951,0.6454545454545455,0.3409090909090909,long,0.6454545454545455,0.38047806709643694
has_action&has_attack,148,0.04765865014026083,0.040618565260997386,0.09906450793154598,0.6554054054054054,0.3310810810810811,long,0.6554054054054054,0.37999914024086134
has_attack&has_china,227,0.040027523835267184,0.030848234628294113,0.09396871916213581,0.6255506607929515,0.3436123348017621,long,0.6255506607929515,0.3772542495862829
has_positive&has_night_post,734,0.02412046183897591,0.0119158916536386,0.09339811648729665,0.5749318801089919,0.40463215258855584,long,0.5749318801089919,0.3757076517259086
posts_high&has_night_post,394,0.031497293837418644,0.021169322409940627,0.09730635488150469,0.5989847715736041,0.38071065989847713,long,0.5989847715736041,0.3744873344883349
has_positive&has_china,281,0.03628541521068777,0.02586203007138632,0.09156740779317687,0.6156583629893239,0.36298932384341637,long,0.6156583629893239,0.37447690626243946
posts_very_high&has_uppercase_phrase,132,0.04880379563862074,0.042900887268204846,0.10756240387213542,0.6666666666666666,0.32575757575757575,long,0.6666666666666666,0.3738086152465283
has_china&has_night_post,271,0.0368212840020446,0.024734959192699746,0.0923387853492958,0.6162361623616236,0.35793357933579334,long,0.6162361623616236,0.3735345298066851
posts_high&has_positive,403,0.03110513446302241,0.020833317667639406,0.09646365595749246,0.598014888337469,0.38213399503722084,long,0.598014888337469,0.37341916421700383
posts_high&lots_of_excl,402,0.0310248094225494,0.020383391424549036,0.09614163214325062,0.599502487562189,0.3805970149253731,long,0.599502487562189,0.3729178214519347
posts_high&has_attack,352,0.032777508316107574,0.021555151806752715,0.09610705763508309,0.6051136363636364,0.3721590909090909,long,0.6051136363636364,0.3721210244906805
has_exclamation,882,0.022470024112272384,0.0076798202959171835,0.09340475196282319,0.5555555555555556,0.42063492063492064,long,0.5555555555555556,0.37073648320830416
posts_high,405,0.030803869553587382,0.019933465181458665,0.09634784772351201,0.5975308641975309,0.38271604938271603,long,0.5975308641975309,0.370418893391767
posts_high&has_exclamation,405,0.030803869553587382,0.019933465181458665,0.09634784772351201,0.5975308641975309,0.38271604938271603,long,0.5975308641975309,0.370418893391767
posts_high&exclamation_heavy,405,0.030803869553587382,0.019933465181458665,0.09634784772351201,0.5975308641975309,0.38271604938271603,long,0.5975308641975309,0.370418893391767
has_attack&lots_of_excl,559,0.026837093705417373,0.012618344140378657,0.09245473402862271,0.5831842576028623,0.38998211091234347,long,0.5831842576028623,0.37003872740284627
posts_high&short_posts,237,0.03820569707610449,0.02638524861002778,0.09937246151251876,0.6286919831223629,0.3459915611814346,long,0.6286919831223629,0.3697772798292481
posts_high&positive_heavy,369,0.031814344061452324,0.02150532715224185,0.09537812745912833,0.6043360433604336,0.37398373983739835,long,0.6043360433604336,0.36933005736109464
short_posts,523,0.02897270730827692,0.007325884394439264,0.10108169835563324,0.5544933078393881,0.4187380497131931,long,0.5544933078393881,0.36739753024055644
has_night_post,806,0.02300617585558523,0.009478858201067086,0.09427106554486854,0.5607940446650124,0.41687344913151364,long,0.5607940446650124,0.36628180784714076
has_china,288,0.035261081588377804,0.024083951286112404,0.0907743354049633,0.6111111111111112,0.3645833333333333,long,0.6111111111111112,0.36568913191233965
has_china&has_exclamation,288,0.035261081588377804,0.024083951286112404,0.0907743354049633,0.6111111111111112,0.3645833333333333,long,0.6111111111111112,0.36568913191233965
has_china&exclamation_heavy,281,0.03546213626683272,0.024730365672175347,0.09147882250645256,0.6120996441281139,0.3665480427046263,long,0.6120996441281139,0.36386491473419863
has_action&lots_of_excl,173,0.04261737357698701,0.03583075484391163,0.09635082731455348,0.6473988439306358,0.34104046242774566,long,0.6473988439306358,0.3628955582792375
has_action&exclamation_heavy,179,0.04255322827262858,0.03571437715198078,0.0965933003597202,0.6368715083798883,0.35195530726256985,long,0.6368715083798883,0.36258584777764946
has_positive&lots_of_excl,701,0.023861416137773813,0.0119158916536386,0.09376935145931264,0.5734664764621968,0.4065620542082739,long,0.5734664764621968,0.36229576621213616
has_attack&exclamation_heavy,579,0.025892392898993533,0.01219535390634574,0.09252948454147539,0.5803108808290155,0.3920552677029361,long,0.5803108808290155,0.3615531786373086
uppercase_phrase_heavy&exclamation_heavy,51,0.06788009428155228,0.06882581807548149,0.1210437335657804,0.7450980392156863,0.2549019607843137,long,0.7450980392156863,0.3611943476727248
uppercase_phrase_heavy&lots_of_excl,51,0.06788009428155228,0.06882581807548149,0.1210437335657804,0.7450980392156863,0.2549019607843137,long,0.7450980392156863,0.3611943476727248
has_night_post&uppercase_phrase_heavy,51,0.06788009428155228,0.06882581807548149,0.1210437335657804,0.7450980392156863,0.2549019607843137,long,0.7450980392156863,0.3611943476727248
uppercase_phrase_heavy,51,0.06788009428155228,0.06882581807548149,0.1210437335657804,0.7450980392156863,0.2549019607843137,long,0.7450980392156863,0.3611943476727248
has_uppercase_phrase&uppercase_phrase_heavy,51,0.06788009428155228,0.06882581807548149,0.1210437335657804,0.7450980392156863,0.2549019607843137,long,0.7450980392156863,0.3611943476727248
uppercase_phrase_heavy&has_exclamation,51,0.06788009428155228,0.06882581807548149,0.1210437335657804,0.7450980392156863,0.2549019607843137,long,0.7450980392156863,0.3611943476727248
has_positive&uppercase_phrase_heavy,51,0.06788009428155228,0.06882581807548149,0.1210437335657804,0.7450980392156863,0.2549019607843137,long,0.7450980392156863,0.3611943476727248
posts_very_high&has_action,101,0.05022759138636817,0.050178992240129006,0.0955568019166036,0.7128712871287128,0.2871287128712871,long,0.7128712871287128,0.359843914109572
attack_heavy&has_positive,295,0.032981363317952386,0.02150532715224185,0.0946124059104252,0.6338983050847458,0.34915254237288135,long,0.6338983050847458,0.3590866027489299
has_night_post&lots_of_excl,667,0.024255363809083916,0.012084584315438018,0.0943363536025434,0.5727136431784108,0.4077961019490255,long,0.5727136431784108,0.3587634890754434
has_action&has_night_post,182,0.04228624749463783,0.034645680053243755,0.09703283883113938,0.6263736263736264,0.3626373626373626,long,0.6263736263736264,0.3573290334790124
has_night_post&has_exclamation,779,0.022783712305680028,0.009523853720247999,0.09319732137957436,0.5596919127086007,0.417201540436457,long,0.5596919127086007,0.3559116865293765
posts_high&has_action,140,0.0457452642716305,0.043586687885504904,0.09925817227697725,0.6571428571428571,0.3357142857142857,long,0.6571428571428571,0.35568860354220994
lots_of_excl,720,0.023203396089954163,0.010792692328323361,0.09320388513578358,0.5694444444444444,0.4083333333333333,long,0.5694444444444444,0.35454320160093394
has_exclamation&lots_of_excl,720,0.023203396089954163,0.010792692328323361,0.09320388513578358,0.5694444444444444,0.4083333333333333,long,0.5694444444444444,0.35454320160093394
attack_heavy&has_night_post,286,0.033279897408934715,0.021741663147208823,0.09572598846272663,0.6258741258741258,0.35664335664335667,long,0.6258741258741258,0.35225080416515003
has_night_post&exclamation_heavy,721,0.023096196697023747,0.011904871043812326,0.09339661810556413,0.5672676837725381,0.4119278779472954,long,0.5672676837725381,0.35180025115666347
posts_very_high&has_attack,214,0.03775248795172799,0.03723826635400862,0.1037116738672506,0.6308411214953271,0.35514018691588783,long,0.6308411214953271,0.348395437898587
has_action&uppercase_phrase_heavy,27,0.07861991831198017,0.07287447557004323,0.10144165627635401,0.8518518518518519,0.14814814814814814,long,0.8518518518518519,0.3479994376750091
attack_heavy,298,0.031964899787752375,0.01969442203047478,0.09472750824666926,0.62751677852349,0.35570469798657717,long,0.62751677852349,0.34626358547265645
has_attack&attack_heavy,298,0.031964899787752375,0.01969442203047478,0.09472750824666926,0.62751677852349,0.35570469798657717,long,0.62751677852349,0.34626358547265645
attack_heavy&has_exclamation,298,0.031964899787752375,0.01969442203047478,0.09472750824666926,0.62751677852349,0.35570469798657717,long,0.62751677852349,0.34626358547265645
has_attack&positive_heavy,450,0.027508319358038536,0.014440616356333758,0.09121993047545546,0.5933333333333334,0.38,long,0.5933333333333334,0.34623348099663326
attack_heavy&exclamation_heavy,297,0.032062101365962416,0.019933465181458665,0.09487249846165711,0.6262626262626263,0.3569023569023569,long,0.6262626262626263,0.3460403179496443
has_all_caps&uppercase_phrase_heavy,42,0.0678434401617464,0.07159347764681634,0.1065418986404579,0.7857142857142857,0.21428571428571427,long,0.7857142857142857,0.3454595129670365
has_china&has_all_caps,95,0.05339699675113381,0.04509289144459605,0.10735675144334214,0.6631578947368421,0.30526315789473685,long,0.6631578947368421,0.3451402252180549
has_positive&exclamation_heavy,753,0.02222536465461028,0.010471053016874343,0.09308275960625775,0.5657370517928287,0.41301460823373176,long,0.5657370517928287,0.3450332954899876
positive_heavy&uppercase_phrase_heavy,43,0.07069607353260768,0.06692925337497169,0.12074783503416629,0.7441860465116279,0.2558139534883721,long,0.7441860465116279,0.3449936045392436
exclamation_heavy,782,0.02179009851891177,0.00966215010752658,0.09240015710237194,0.5613810741687979,0.4156010230179028,long,0.5613810741687979,0.342074213834927
has_exclamation&exclamation_heavy,782,0.02179009851891177,0.00966215010752658,0.09240015710237194,0.5613810741687979,0.4156010230179028,long,0.5613810741687979,0.342074213834927
attack_heavy&lots_of_excl,296,0.03175150077291524,0.01969442203047478,0.0948817821979148,0.625,0.3581081081081081,long,0.625,0.34142092170671534
exclamation_heavy&lots_of_excl,717,0.02238818579865842,0.010554027807502031,0.09230888710520652,0.5676429567642957,0.4100418410041841,long,0.5676429567642957,0.3402935628302033
has_action&has_china,87,0.052729794150950825,0.04832717209971893,0.09525473202085695,0.6896551724137931,0.3103448275862069,long,0.6896551724137931,0.33919363961190613
has_china&lots_of_excl,265,0.03410510498767631,0.024730365672175347,0.09123195594665182,0.6075471698113207,0.36981132075471695,long,0.6075471698113207,0.33730465119392455
pre_action&has_all_caps,29,0.0786756397153441,0.07287447557004323,0.10839954759016615,0.7931034482758621,0.20689655172413793,long,0.7931034482758621,0.33602308903444444
has_action&attack_heavy,107,0.04798170795936195,0.04615381293019416,0.09623103496449147,0.6728971962616822,0.3177570093457944,long,0.6728971962616822,0.3339768088155452
positive_heavy&has_night_post,544,0.024517210339061946,0.012973550400797507,0.09310684393802507,0.5827205882352942,0.39889705882352944,long,0.5827205882352942,0.33321985061964027
posts_high&has_china,205,0.03777932245413975,0.03183032397184227,0.09481294635752882,0.6146341463414634,0.36097560975609755,long,0.6146341463414634,0.3324664142808006
has_positive&positive_heavy,575,0.023764147218411708,0.012084584315438018,0.09130801110930545,0.5808695652173913,0.3982608695652174,long,0.5808695652173913,0.33100517115192046
positive_heavy&has_exclamation,575,0.023764147218411708,0.012084584315438018,0.09130801110930545,0.5808695652173913,0.3982608695652174,long,0.5808695652173913,0.33100517115192046
positive_heavy,575,0.023764147218411708,0.012084584315438018,0.09130801110930545,0.5808695652173913,0.3982608695652174,long,0.5808695652173913,0.33100517115192046
positive_heavy&exclamation_heavy,571,0.02370082660043453,0.012084584315438018,0.09152288185674463,0.5814360770577933,0.3975481611208406,long,0.5814360770577933,0.32929377625407524
has_positive&short_posts,418,0.027752725091743702,0.01041684359218853,0.09413983335308138,0.5789473684210527,0.39712918660287083,long,0.5789473684210527,0.32849809761106213
positive_heavy&has_china,248,0.03421555063058065,0.02612363934070705,0.08997024723810523,0.6088709677419355,0.36693548387096775,long,0.6088709677419355,0.3280761352976219
attack_heavy&has_china,148,0.04058218533779935,0.037717590264671585,0.09870919832545302,0.6554054054054054,0.32432432432432434,long,0.6554054054054054,0.3235760033503678
posts_high&attack_heavy,248,0.032441381921884484,0.022072834229942773,0.09501278230847107,0.6290322580645161,0.3548387096774194,long,0.6290322580645161,0.321364650682999
has_night_post&short_posts,439,0.027292182647792696,0.00781246530293811,0.09525703593257355,0.5603644646924829,0.41002277904328016,long,0.5603644646924829,0.3204358629332493
all_caps_heavy&has_uppercase_phrase,27,0.07906062243809195,0.07031247972358945,0.12015566469123994,0.7777777777777778,0.2222222222222222,long,0.7777777777777778,0.31951970152852227
all_caps_heavy&short_posts,24,0.08203461084556689,0.06956914889953547,0.10771488272281324,0.7916666666666666,0.20833333333333334,long,0.7916666666666666,0.3181596515474241
positive_heavy&lots_of_excl,559,0.023163030388415308,0.012084584315438018,0.09157786043890286,0.5796064400715564,0.39892665474060823,long,0.5796064400715564,0.3174201431777503
posts_very_high&has_china,142,0.041664303231027676,0.04527373651224753,0.1023557683931462,0.6338028169014085,0.352112676056338,long,0.6338028169014085,0.31467515920109046
posts_high&uppercase_phrase_heavy,48,0.06044120666259497,0.06787753572522659,0.1084946283579033,0.75,0.25,long,0.75,0.31406172243115504
attack_heavy&positive_heavy,262,0.03073713585655417,0.01969442203047478,0.09196885905124694,0.6259541984732825,0.35877862595419846,long,0.6259541984732825,0.311427241571891
has_attack&short_posts,296,0.03130125783915406,0.01203031191551085,0.0989981134753803,0.5743243243243243,0.3885135135135135,long,0.5743243243243243,0.3092892716486154
positive_heavy&short_posts,274,0.03064645855091786,0.019295097494221536,0.09361400874924458,0.6094890510948905,0.3613138686131387,long,0.6094890510948905,0.3091871849720479
has_action&positive_heavy,152,0.039091674216448345,0.034645680053243755,0.09741235909270934,0.631578947368421,0.35526315789473684,long,0.631578947368421,0.3043923333971058
has_china&has_uppercase_phrase,129,0.04263625559345968,0.033707954935391804,0.10159783340967837,0.627906976744186,0.35658914728682173,long,0.627906976744186,0.30406695202469947
has_attack&uppercase_phrase_heavy,46,0.060482024119324955,0.06862086654928057,0.11086180331947236,0.7391304347826086,0.2608695652173913,long,0.7391304347826086,0.30319799024427196
attack_heavy&short_posts,152,0.038097591581673355,0.02498719734959476,0.1011085171360411,0.6447368421052632,0.34210526315789475,long,0.6447368421052632,0.3028320269538829
exclamation_heavy&short_posts,402,0.02673138307547388,0.009451702875948986,0.09567088246273082,0.5621890547263682,0.41044776119402987,long,0.5621890547263682,0.3013122872888589
uppercase_phrase_heavy&short_posts,35,0.06289697877807494,0.06083661287238695,0.09590144564935839,0.8,0.2,long,0.8,0.2976828356536118
posts_very_high&attack_heavy,170,0.03580553542022833,0.033522982607049445,0.10407349706150541,0.6352941176470588,0.3588235294117647,long,0.6352941176470588,0.2965851944018951
posts_low&high_emotion,60,0.06042265277070348,0.031563224370362186,0.14424747950236727,0.6333333333333333,0.36666666666666664,long,0.6333333333333333,0.29642017535850346
has_china&volume_drop,32,0.06700524903997133,0.045889311179405645,0.08323668622513551,0.78125,0.21875,long,0.78125,0.2961241623203571
volume_spike,173,0.03962592256171399,0.0135136428285616,0.12193002458382086,0.5664739884393064,0.41040462427745666,long,0.5664739884393064,0.29524490420174837
lots_of_excl&short_posts,360,0.027311255056488522,0.01041684359218853,0.09557495360819686,0.5694444444444444,0.4,long,0.5694444444444444,0.295083053432339
posts_very_high&uppercase_phrase_heavy,42,0.05973718318982683,0.06787753572522659,0.10950982651058755,0.7619047619047619,0.23809523809523808,long,0.7619047619047619,0.2949647194716622
has_positive&all_caps_heavy,28,0.07341425029422681,0.06956914889953547,0.12163613096152652,0.75,0.25,long,0.75,0.2913537734501619
all_caps_heavy&exclamation_heavy,28,0.07341425029422681,0.06956914889953547,0.12163613096152652,0.75,0.25,long,0.75,0.2913537734501619
all_caps_heavy&has_exclamation,28,0.07341425029422681,0.06956914889953547,0.12163613096152652,0.75,0.25,long,0.75,0.2913537734501619
all_caps_heavy&lots_of_excl,28,0.07341425029422681,0.06956914889953547,0.12163613096152652,0.75,0.25,long,0.75,0.2913537734501619
has_all_caps&all_caps_heavy,28,0.07341425029422681,0.06956914889953547,0.12163613096152652,0.75,0.25,long,0.75,0.2913537734501619
has_night_post&all_caps_heavy,28,0.07341425029422681,0.06956914889953547,0.12163613096152652,0.75,0.25,long,0.75,0.2913537734501619
all_caps_heavy,28,0.07341425029422681,0.06956914889953547,0.12163613096152652,0.75,0.25,long,0.75,0.2913537734501619
has_uppercase_phrase&china_streak_3d,27,0.07551154625250647,0.10469327660810035,0.09908513488225665,0.7407407407407407,0.25925925925925924,long,0.7407407407407407,0.2906440770387299
high_emotion,71,0.05501591921621629,0.021021185582829727,0.13734168504265332,0.6197183098591549,0.38028169014084506,long,0.6197183098591549,0.2872842888717131
has_relief&has_uppercase_phrase,45,0.05776231805347953,0.04851760429515317,0.09735214522189997,0.7333333333333333,0.26666666666666666,long,0.7333333333333333,0.2841530333521958
attack_heavy&has_russia,150,0.03340659401537922,0.03108991134520611,0.08880946030859856,0.6933333333333334,0.2866666666666667,long,0.6933333333333334,0.28367424585757683
has_attack&all_caps_heavy,25,0.07448191069439147,0.07031247972358945,0.12518771206570908,0.76,0.24,long,0.76,0.2830312606386876
has_exclamation&short_posts,467,0.024048660261781988,0.006192062118741015,0.09385258055646616,0.5438972162740899,0.4261241970021413,long,0.5438972162740899,0.2826611772455624
attack_heavy&all_caps_heavy,24,0.07648593828123997,0.07159347764681634,0.12746993543451304,0.75,0.25,long,0.75,0.28102728193056675
posts_high&all_caps_heavy,26,0.07115151063669285,0.06956914889953547,0.11897956898984205,0.7692307692307693,0.23076923076923078,long,0.7692307692307693,0.2790791855062319
positive_heavy&all_caps_heavy,22,0.07684348402562546,0.0655745462979882,0.11133217913236847,0.7727272727272727,0.22727272727272727,long,0.7727272727272727,0.27851245930591234
has_relief&has_attack,78,0.04528794615796423,0.04467646279098825,0.08835839295261592,0.6923076923076923,0.3076923076923077,long,0.6923076923076923,0.2769039073344953
posts_very_high&has_relief,51,0.05202578518782221,0.04851760429515317,0.09663680727467601,0.7450980392156863,0.2549019607843137,long,0.7450980392156863,0.2768325492468221
has_attack&volume_drop,79,0.04722764460815077,0.03559884158893367,0.10292862181111431,0.6582278481012658,0.2911392405063291,long,0.6582278481012658,0.2763033079968959
has_uppercase_phrase&volume_drop,32,0.06769028589500889,0.045602217126281985,0.10466979768185297,0.71875,0.28125,long,0.71875,0.27521949601669715
has_russia&has_uppercase_phrase,114,0.037502399610448954,0.03842509625331192,0.09938239828953171,0.6754385964912281,0.3157894736842105,long,0.6754385964912281,0.27045645839068266
posts_very_high&all_caps_heavy,22,0.07351821937242128,0.06956914889953547,0.12149848890995689,0.7727272727272727,0.22727272727272727,long,0.7727272727272727,0.2664603296016153
has_all_caps&deal_over_tariff,85,0.04384888119528371,0.030612237830529798,0.10213566253478762,0.6588235294117647,0.32941176470588235,long,0.6588235294117647,0.26634042043080525
pre_action&has_uppercase_phrase,42,0.06125011960972625,0.06174222598890822,0.12115547760925272,0.6666666666666666,0.3333333333333333,long,0.6666666666666666,0.2646307619580682
posts_very_high&china_streak_3d,27,0.06873140705094363,0.05655519860284475,0.0890099584079477,0.7407407407407407,0.2222222222222222,long,0.7407407407407407,0.26454730908429364
has_relief&has_night_post,90,0.041054596296325956,0.037350456897211726,0.0884027286939288,0.6666666666666666,0.3333333333333333,long,0.6666666666666666,0.2596520654302061
has_relief&has_all_caps,27,0.06403729677610032,0.07648733600977264,0.10112311271201423,0.7777777777777778,0.2222222222222222,long,0.7777777777777778,0.2588036537230023
short_posts&china_streak_3d,38,0.058602920483252795,0.04771891222487945,0.08267411708981767,0.7105263157894737,0.21052631578947367,long,0.7105263157894737,0.2566795241665712
has_relief&positive_heavy,85,0.04118582252370687,0.03780071454017353,0.09009301731925679,0.6705882352941176,0.32941176470588235,long,0.6705882352941176,0.2546320910676111
posts_very_high&deal_over_tariff,121,0.03541016075303998,0.03783770744133874,0.10150750662418723,0.6528925619834711,0.34710743801652894,long,0.6528925619834711,0.25430933631728714
has_relief&exclamation_heavy,91,0.04001144584140438,0.03690019925424992,0.08847164210612042,0.6593406593406593,0.34065934065934067,long,0.6593406593406593,0.2516603518251868
has_relief&has_positive,91,0.04001144584140438,0.03690019925424992,0.08847164210612042,0.6593406593406593,0.34065934065934067,long,0.6593406593406593,0.2516603518251868
has_china&has_russia,115,0.03532012957425806,0.027777928554882036,0.0911025066720478,0.6608695652173913,0.2956521739130435,long,0.6608695652173913,0.2503150489830657
has_relief&short_posts,47,0.05023437545094573,0.04832717209971893,0.0907535441477531,0.723404255319149,0.2765957446808511,long,0.723404255319149,0.24913284943384423
has_all_caps&deal_only,68,0.04531737347506461,0.03316330749125529,0.10451580960712296,0.6617647058823529,0.3382352941176471,long,0.6617647058823529,0.24729924376754395
posts_high&has_relief,70,0.042953876242788194,0.04035409812833357,0.09285006603815085,0.6857142857142857,0.3142857142857143,long,0.6857142857142857,0.24643056848250905
has_russia&uppercase_phrase_heavy,27,0.058063673662362994,0.06083661287238695,0.10009015756373336,0.8148148148148148,0.18518518518518517,long,0.8148148148148148,0.24583590254009496
has_relief&lots_of_excl,89,0.03930594344627153,0.03690019925424992,0.08805850947399059,0.6629213483146067,0.33707865168539325,long,0.6629213483146067,0.2458188786757164
has_relief,92,0.039056877523364834,0.03445006411087026,0.08845930356073077,0.6521739130434783,0.34782608695652173,long,0.6521739130434783,0.24431765795050053
has_relief&has_exclamation,92,0.039056877523364834,0.03445006411087026,0.08845930356073077,0.6521739130434783,0.34782608695652173,long,0.6521739130434783,0.24431765795050053
exclamation_heavy&volume_drop,117,0.03721203786631277,0.023346342301274747,0.10300265925796784,0.6068376068376068,0.3504273504273504,long,0.6068376068376068,0.24425804235888146
has_china&uppercase_phrase_heavy,38,0.05371102295181344,0.06388293312367932,0.10950659207253045,0.7368421052631579,0.2631578947368421,long,0.7368421052631579,0.24396619726164498
has_action&has_russia,76,0.03858083711160261,0.035772565997946204,0.09067445884857359,0.7236842105263158,0.27631578947368424,long,0.7236842105263158,0.24340390413072027
posts_very_high&deal_only,95,0.03698179689111752,0.039999996379967984,0.10326831033357196,0.6736842105263158,0.3263157894736842,long,0.6736842105263158,0.24283214740157838
posts_very_high&pre_relief,23,0.0645684785537048,0.07633586207025433,0.1109771381716802,0.782608695652174,0.21739130434782608,long,0.782608695652174,0.24234225249928598
pre_relief&has_uppercase_phrase,22,0.07057971874552559,0.09576797249668123,0.10351291652060454,0.7272727272727273,0.2727272727272727,long,0.7272727272727273,0.240762345547577
has_positive&volume_drop,133,0.0346285207482455,0.018656729806984407,0.09758635417601466,0.6015037593984962,0.3609022556390977,long,0.6015037593984962,0.24021388456541212
has_uppercase_phrase&volume_spike,81,0.0435496627757356,0.04593624162898302,0.1117634085220916,0.6049382716049383,0.38271604938271603,long,0.6049382716049383,0.2371037195567827
has_china&pre_relief,20,0.07027130337438905,0.07672833337510765,0.0928567153015305,0.75,0.25,long,0.75,0.23569711681896643
short_posts&volume_spike,100,0.04112293331606707,0.01600902474844834,0.12260268998711767,0.57,0.39,long,0.57,0.23440071990158226
has_relief&attack_heavy,52,0.045673866590919425,0.04035409812833357,0.09271321170154107,0.7115384615384616,0.28846153846153844,long,0.7115384615384616,0.2343515505332185
china_streak_3d&volume_drop,23,0.07015158265817933,0.03728821149275263,0.08683247126811319,0.6956521739130435,0.17391304347826086,long,0.6956521739130435,0.23404185845034736
china_streak_3d,74,0.04418061082364606,0.0289011737160233,0.09061553302777874,0.6081081081081081,0.33783783783783783,long,0.6081081081081081,0.23111512589288158
has_exclamation&china_streak_3d,73,0.04448475618914565,0.030848234628294113,0.0912045970381667,0.6027397260273972,0.3424657534246575,long,0.6027397260273972,0.2290880634731821
high_emotion&short_posts,61,0.04969837422901241,0.010471053016874343,0.14135892082184864,0.5901639344262295,0.4098360655737705,long,0.5901639344262295,0.22907609186472694
has_attack&china_streak_3d,57,0.04801979206423064,0.041025753482257565,0.09264595211573232,0.631578947368421,0.3157894736842105,long,0.631578947368421,0.2289735661269913
has_night_post&china_streak_3d,69,0.04462981701452646,0.030848234628294113,0.09257545075635093,0.6086956521739131,0.34782608695652173,long,0.6086956521739131,0.2256575409629329
has_relief&has_russia,41,0.04802533679431271,0.03780071454017353,0.08099812299366783,0.7317073170731707,0.2682926829268293,long,0.7317073170731707,0.22500892539405315
has_relief&has_action,31,0.056811531440801255,0.04851760429515317,0.09526663957312347,0.7096774193548387,0.2903225806451613,long,0.7096774193548387,0.224480349786632
uppercase_phrase_heavy&volume_spike,23,0.06521867922661466,0.06692925337497169,0.1336063218326412,0.6956521739130435,0.30434782608695654,long,0.6956521739130435,0.2175845549522219
has_action&china_streak_3d,20,0.06906182986392805,0.06555264035612185,0.10651280151088428,0.7,0.3,long,0.7,0.21619772471677545
has_russia&has_all_caps,74,0.03669843084316004,0.028695111332337042,0.09770118177096329,0.6756756756756757,0.2972972972972973,long,0.6756756756756757,0.21330529655603517
lots_of_excl&china_streak_3d,65,0.0427577874046219,0.030848234628294113,0.09328039920901332,0.6153846153846154,0.3384615384615385,long,0.6153846153846154,0.2121380324941631
posts_very_high&has_russia,123,0.02897556547124914,0.033707954935391804,0.09408479189694612,0.6585365853658537,0.3170731707317073,long,0.6585365853658537,0.21162373901522216
posts_very_high&pre_action,44,0.04522347287061906,0.056473042678140795,0.09874839265533579,0.7045454545454546,0.29545454545454547,long,0.7045454545454546,0.2113485467312937
attack_heavy&china_streak_3d,32,0.05418912702904295,0.05126393120372552,0.09784732850269413,0.6875,0.28125,long,0.6875,0.21074624553848526
open_deal&has_all_caps,29,0.05650457240000099,0.04593624162898302,0.10090052374813548,0.6896551724137931,0.3103448275862069,long,0.6896551724137931,0.20985271360735788
has_deal&has_all_caps,96,0.03426876616688714,0.020719396166850257,0.10228801710066998,0.625,0.3541666666666667,long,0.625,0.20985247805906312
exclamation_heavy&china_streak_3d,68,0.04213340316069001,0.0289011737160233,0.09232532631973404,0.6029411764705882,0.35294117647058826,long,0.6029411764705882,0.20948645104495806
has_exclamation&volume_drop,167,0.02877627763801568,0.010033510920667954,0.09758193749796583,0.5568862275449101,0.40119760479041916,long,0.5568862275449101,0.20709009529398653
has_china&deal_only,93,0.03423651091247091,0.027777928554882036,0.09221003014736566,0.6236559139784946,0.3655913978494624,long,0.6236559139784946,0.20590932647159174
has_russia&lots_of_excl,256,0.020454208952903744,0.01560533016687815,0.08362733605367992,0.625,0.34375,long,0.625,0.20454208952903744
attack_heavy&uppercase_phrase_heavy,38,0.046630244303968206,0.05093118317732226,0.11185135999171282,0.7105263157894737,0.2894736842105263,long,0.7105263157894737,0.2042394614639379
has_positive&has_russia,268,0.02009833447614535,0.014457938532138948,0.08396616048008636,0.6194029850746269,0.34328358208955223,long,0.6194029850746269,0.20379839550134157
has_russia&has_night_post,261,0.020355918993132657,0.01449268918359059,0.08487588315351556,0.6168582375478927,0.3448275862068966,long,0.6168582375478927,0.2028599603582817
positive_heavy&has_russia,214,0.021721919308795152,0.018885154447952357,0.08603339185441958,0.6355140186915887,0.3317757009345794,long,0.6355140186915887,0.20194365752542423
lots_of_excl&volume_drop,85,0.03536133354024081,0.0223880757683812,0.10511656534981513,0.611764705882353,0.3411764705882353,long,0.611764705882353,0.19944470712302867
deal_heavy&has_relief,34,0.050338701790412055,0.04306394331994623,0.09245675961182749,0.6764705882352942,0.3235294117647059,long,0.6764705882352942,0.19855937110422592
has_attack&has_russia,239,0.02098576817299174,0.014354090122140173,0.0872310994156303,0.6108786610878661,0.3472803347280335,long,0.6108786610878661,0.19818864857379
has_positive&has_chips,31,0.0479089488371002,0.02395196228970642,0.08443214058060824,0.7419354838709677,0.1935483870967742,long,0.7419354838709677,0.19790812819047182
pre_action&short_posts,51,0.04549701025722548,0.03133158806211811,0.10713124990187589,0.6078431372549019,0.39215686274509803,long,0.6078431372549019,0.19749652777263385
posts_low&has_uppercase_phrase,22,0.06171547599832475,0.03885537337780853,0.10390583060593614,0.6818181818181818,0.3181818181818182,long,0.6818181818181818,0.19736675539605478
has_night_post&volume_drop,131,0.029688783971644192,0.015384547041408903,0.09867630067012158,0.5801526717557252,0.3893129770992366,long,0.5801526717557252,0.19713800354952635
has_china&deal_over_tariff,124,0.030448597703686516,0.02424166511687542,0.0925922454108597,0.5806451612903226,0.4032258064516129,long,0.5806451612903226,0.19687426512704576
has_russia&has_exclamation,275,0.019409921415115345,0.013288928859008564,0.0836968941171635,0.610909090909091,0.3490909090909091,long,0.610909090909091,0.19663766653507728
posts_low&has_positive,73,0.0357040641408832,0.012048066836382043,0.09976259184979902,0.6438356164383562,0.3424657534246575,long,0.6438356164383562,0.19640569745082026
positive_heavy&has_chips,30,0.04870751505534666,0.026295118486352798,0.08575637554385218,0.7333333333333333,0.2,long,0.7333333333333333,0.19564016791612956
has_night_post&has_chips,30,0.04870751505534666,0.026295118486352798,0.08575637554385218,0.7333333333333333,0.2,long,0.7333333333333333,0.19564016791612956
has_russia&exclamation_heavy,271,0.019358443132891746,0.014354090122140173,0.08381524658190066,0.6125461254612546,0.3505535055350554,long,0.6125461254612546,0.19520631791871132
open_deal&has_uppercase_phrase,38,0.0501163842698145,0.05308858151725249,0.10271438770846444,0.631578947368421,0.3684210526315789,long,0.631578947368421,0.1951188258764328
has_positive&china_streak_3d,71,0.039144040225630505,0.021977999142175797,0.08879359858200613,0.5915492957746479,0.352112676056338,long,0.5915492957746479,0.19511280166299882
has_russia,276,0.01918114662158002,0.01324515535697457,0.0836309870872987,0.6086956521739131,0.35144927536231885,long,0.6086956521739131,0.19396765073297897
has_action&pre_action,85,0.0372064583067476,0.019138758046619575,0.10437082354017545,0.5647058823529412,0.43529411764705883,long,0.5647058823529412,0.19370913682304397
pre_action,85,0.0372064583067476,0.019138758046619575,0.10437082354017545,0.5647058823529412,0.43529411764705883,long,0.5647058823529412,0.19370913682304397
posts_high&deal_over_tariff,194,0.024075848685069023,0.013423434461294459,0.09313448120693114,0.5773195876288659,0.41237113402061853,long,0.5773195876288659,0.19359706227782417
has_relief&volume_spike,28,0.05376515437493673,0.059634953518005185,0.10092392712852427,0.6785714285714286,0.32142857142857145,long,0.6785714285714286,0.19305252327603578
attack_heavy&pre_action,47,0.04403470273563519,0.04832717209971893,0.10433000353376769,0.6382978723404256,0.3617021276595745,long,0.6382978723404256,0.1926936462043722
pre_action&has_exclamation,83,0.036989525131094596,0.019138758046619575,0.10468825791046485,0.5662650602409639,0.43373493975903615,long,0.5662650602409639,0.19082600910907868
posts_high&deal_only,159,0.025308814343991504,0.0135136428285616,0.09474612147348549,0.5974842767295597,0.39622641509433965,long,0.5974842767295597,0.19067635580741146
has_uppercase_phrase&deal_over_tariff,120,0.029404009923059523,0.019966687834473307,0.10104517348550114,0.5916666666666667,0.4,long,0.5916666666666667,0.19057866760559108
has_attack&pre_action,59,0.04028846709680256,0.039999996379967984,0.1027790573692035,0.6101694915254238,0.3898305084745763,long,0.6101694915254238,0.1888240196311013
has_positive&pre_action,80,0.03613795838354681,0.023972681290019948,0.10457130910374816,0.575,0.425,long,0.575,0.18585594248143888
pre_action&has_night_post,84,0.03602855552714542,0.017422735417758628,0.10442776666139864,0.5595238095238095,0.44047619047619047,long,0.5595238095238095,0.18475877132152344
posts_high&has_russia,179,0.02239842756667287,0.02160497646126358,0.08920931575318457,0.6145251396648045,0.35195530726256985,long,0.6145251396648045,0.1841550786437302
uppercase_phrase_heavy&deal_over_tariff,27,0.05024757114724397,0.06692925337497169,0.1060343251083746,0.7037037037037037,0.2962962962962963,long,0.7037037037037037,0.18373284194391248
deal_heavy&has_all_caps,52,0.03888665276929372,0.021741663147208823,0.10130043292401687,0.6538461538461539,0.3269230769230769,long,0.6538461538461539,0.18334868833419138
posts_high&pre_action,62,0.037479826151490654,0.0429681190044755,0.1057087747559806,0.6129032258064516,0.3870967741935484,long,0.6129032258064516,0.18087782188500623
posts_very_high&has_deal,141,0.025438597404942188,0.021977999142175797,0.10072478812021676,0.5957446808510638,0.3971631205673759,long,0.5957446808510638,0.17995457486000252
pre_action&lots_of_excl,75,0.035041619621406686,0.02880660453342032,0.10488754286853606,0.5866666666666667,0.41333333333333333,long,0.5866666666666667,0.17803533898708468
attack_heavy&deal_over_tariff,145,0.02403644834873294,0.018656729806984407,0.09379850657532283,0.6137931034482759,0.3793103448275862,long,0.6137931034482759,0.17765453645191448
posts_high&has_chips,26,0.04744664721798188,0.026295118486352798,0.08822133552641165,0.7307692307692307,0.19230769230769232,long,0.7307692307692307,0.17679600847545404
posts_high&china_streak_3d,47,0.04178126113331636,0.04123713414202679,0.09040191517065316,0.6170212765957447,0.3404255319148936,long,0.6170212765957447,0.17673827569949258
pre_action&exclamation_heavy,79,0.034873157667526376,0.019138758046619575,0.10468433004528353,0.569620253164557,0.43037974683544306,long,0.569620253164557,0.17655915491468788
has_relief&has_china,39,0.04406160566070819,0.041025753482257565,0.08360912998093033,0.6410256410256411,0.358974358974359,long,0.6410256410256411,0.17638758920342448
has_uppercase_phrase&deal_only,99,0.02858515041964845,0.01999991048748795,0.10026584316849438,0.6161616161616161,0.3838383838383838,long,0.6161616161616161,0.1752478584723785
has_attack&sig_potus,51,0.03785583170407846,0.011278203643424245,0.08891107242651683,0.6470588235294118,0.35294117647058826,long,0.6470588235294118,0.17492893175847274
has_exclamation&has_chips,32,0.042995396480236606,0.022964980715941108,0.08758653668823736,0.71875,0.21875,long,0.71875,0.17481343436313226
has_chips,32,0.042995396480236606,0.022964980715941108,0.08758653668823736,0.71875,0.21875,long,0.71875,0.17481343436313226
has_market_brag&has_uppercase_phrase,68,0.03346529973866498,0.02596629920093274,0.09386468180375888,0.6323529411764706,0.3235294117647059,long,0.6323529411764706,0.17450533886662484
has_attack&pre_relief,36,0.04541648328506859,0.059634953518005185,0.10201427761495915,0.6388888888888888,0.3611111111111111,long,0.6388888888888888,0.17409651925942957
has_china&pre_action,44,0.04263761254119835,0.047131706864350975,0.10167458200463265,0.6136363636363636,0.38636363636363635,long,0.6136363636363636,0.17355227247291283
lots_of_excl&has_chips,31,0.043609700808963384,0.021977999142175797,0.08896424241053486,0.7096774193548387,0.22580645161290322,long,0.7096774193548387,0.17231573667200548
exclamation_heavy&has_chips,31,0.043609700808963384,0.021977999142175797,0.08896424241053486,0.7096774193548387,0.22580645161290322,long,0.7096774193548387,0.17231573667200548
deal_heavy&uppercase_phrase_heavy,23,0.05098534842266916,0.07031247972358945,0.12032061270335899,0.6956521739130435,0.30434782608695654,long,0.6956521739130435,0.17009888082957855
sig_potus&has_all_caps,22,0.052977661551989,0.052359029426577886,0.10380729621077443,0.6818181818181818,0.3181818181818182,long,0.6818181818181818,0.169423130905937
has_all_caps&volume_spike,48,0.03730908885828915,0.0408253093904819,0.09355840127947028,0.6458333333333334,0.3125,long,0.6458333333333334,0.16693819684053504
deal_heavy&deal_only,89,0.029124257630984394,0.018656729806984407,0.08456594512222047,0.6067415730337079,0.39325842696629215,long,0.6067415730337079,0.16670691726625356
has_positive&sig_potus,59,0.0336051032145186,0.018314930016413822,0.09211751276799153,0.6440677966101694,0.3559322033898305,long,0.6440677966101694,0.16625044805406167
has_russia&has_chips,20,0.049555539339421424,0.038742700496156135,0.08731708163040816,0.75,0.15,long,0.75,0.166214331936917
has_night_post&high_emotion,41,0.04256521180605529,0.006211056102703338,0.1216366060433466,0.6097560975609756,0.3902439024390244,long,0.6097560975609756,0.16618923133342406
sig_potus&lots_of_excl,56,0.03448657884722734,0.014796566829919033,0.09197041695430865,0.6428571428571429,0.35714285714285715,long,0.6428571428571429,0.16590466605637305
posts_low&short_posts,119,0.03003448578052002,0.0030118699031926877,0.12115831056376604,0.5042016806722689,0.47058823529411764,long,0.5042016806722689,0.1651954078441073
deal_heavy&has_attack,115,0.025990370017426233,0.019933465181458665,0.09140424666602964,0.591304347826087,0.4,long,0.591304347826087,0.16480578606252497
deal_heavy&short_posts,64,0.03272321364111457,0.02183644705197485,0.09254874304236405,0.625,0.375,long,0.625,0.16361606820557287
pre_relief&has_night_post,41,0.041815224760216374,0.0596208053246845,0.10207884786907469,0.6097560975609756,0.3902439024390244,long,0.6097560975609756,0.16326102387551442
attack_heavy&deal_only,118,0.023719611235600808,0.013423434461294459,0.09447139942317119,0.6271186440677966,0.3728813559322034,long,0.6271186440677966,0.16158397316933393
has_market_brag&has_all_caps,53,0.03454327848113452,0.030612237830529798,0.09438594662213429,0.6415094339622641,0.32075471698113206,long,0.6415094339622641,0.16132606323537851
has_attack&deal_over_tariff,231,0.01928814336106627,0.009708870549210324,0.09600301043110068,0.5497835497835498,0.43722943722943725,long,0.5497835497835498,0.16117146603641525
posts_high&pre_relief,35,0.04298390673253695,0.0596208053246845,0.10527448967773313,0.6285714285714286,0.37142857142857144,long,0.6285714285714286,0.15984333930337227
has_deal&has_china,153,0.02297111693212369,0.007547175288896257,0.09122697598251711,0.5620915032679739,0.41830065359477125,long,0.5620915032679739,0.1597110071502389
deal_heavy&deal_over_tariff,131,0.02458306903556861,0.0135136428285616,0.08527291069636903,0.5648854961832062,0.42748091603053434,long,0.5648854961832062,0.1589396208475044
has_china&sig_potus,27,0.04095727287115803,0.027777928554882036,0.09481531091071908,0.7407407407407407,0.25925925925925924,long,0.7407407407407407,0.15764461678290695
has_attack&has_chips,28,0.041512404149514286,0.01818327133562636,0.09082032141186079,0.7142857142857143,0.21428571428571427,long,0.7142857142857143,0.15690213957717225
posts_high&sig_potus,43,0.03543856002994938,0.011278203643424245,0.08637220756012257,0.6744186046511628,0.32558139534883723,long,0.6744186046511628,0.15672556243719055
has_exclamation&volume_spike,149,0.024174663622063185,0.00664436848101535,0.10184083381810162,0.5302013422818792,0.4429530201342282,long,0.5302013422818792,0.15645678324533638
has_deal&pre_relief,26,0.046891028594600814,0.059634953518005185,0.10985010298770032,0.6538461538461539,0.34615384615384615,long,0.6538461538461539,0.15633348411066214
posts_very_high&open_deal,47,0.036888910850117626,0.033707954935391804,0.09781239861801207,0.6170212765957447,0.3829787234042553,long,0.6170212765957447,0.15604321935805093
pre_relief&deal_over_tariff,25,0.04850089499914424,0.05964910171132587,0.11180182295098076,0.64,0.36,long,0.64,0.15520286399726158
posts_low&has_attack,23,0.049593435531064635,0.014492600703849279,0.129751047225361,0.6521739130434783,0.34782608695652173,long,0.6521739130434783,0.15511419226255882
positive_heavy&volume_drop,53,0.03305030628622654,0.023364463270370894,0.08828691217463724,0.6415094339622641,0.3018867924528302,long,0.6415094339622641,0.15435349614520127
sig_potus,62,0.031063089260420406,0.014796566829919033,0.09107211950012867,0.6290322580645161,0.3709677419354839,long,0.6290322580645161,0.15385563496257415
sig_potus&has_exclamation,62,0.031063089260420406,0.014796566829919033,0.09107211950012867,0.6290322580645161,0.3709677419354839,long,0.6290322580645161,0.15385563496257415
posts_very_high&deal_heavy,80,0.028071371458121885,0.022072783046941824,0.09839093413035738,0.6125,0.3875,long,0.6125,0.15378526226491943
posts_very_high&volume_spike,95,0.026563329854393386,0.021977999142175797,0.08861082686198549,0.5894736842105263,0.3894736842105263,long,0.5894736842105263,0.1526190477834674
pre_relief&lots_of_excl,42,0.03953695523969843,0.05740782884944007,0.10190163944312854,0.5952380952380952,0.40476190476190477,long,0.5952380952380952,0.15251711601966877
has_positive&pre_relief,42,0.03953695523969843,0.05740782884944007,0.10190163944312854,0.5952380952380952,0.40476190476190477,long,0.5952380952380952,0.15251711601966877
positive_heavy&pre_relief,42,0.03953695523969843,0.05740782884944007,0.10190163944312854,0.5952380952380952,0.40476190476190477,long,0.5952380952380952,0.15251711601966877
pre_relief&exclamation_heavy,42,0.03953695523969843,0.05740782884944007,0.10190163944312854,0.5952380952380952,0.40476190476190477,long,0.5952380952380952,0.15251711601966877
attack_heavy&pre_relief,26,0.045708901070641086,0.05740782884944007,0.10534327376321835,0.6538461538461539,0.34615384615384615,long,0.6538461538461539,0.15239230132959145
has_action&deal_over_tariff,91,0.027545790746306056,0.021978101508177694,0.09532740018230747,0.5714285714285714,0.42857142857142855,long,0.5714285714285714,0.15015434072531134
positive_heavy&china_streak_3d,60,0.03282355591671405,0.01389564855216785,0.08523486171902772,0.5833333333333334,0.36666666666666664,long,0.5833333333333334,0.14831259966686502
posts_high&open_deal,63,0.030967429869304442,0.02150532715224185,0.09362493163168137,0.6031746031746031,0.38095238095238093,long,0.6031746031746031,0.1482581186060235
has_relief&deal_over_tariff,47,0.034764596445461635,0.021978101508177694,0.09892495757739182,0.6170212765957447,0.3829787234042553,long,0.6170212765957447,0.1470571893834049
deal_heavy&has_action,54,0.033558434265520486,0.034645680053243755,0.09251047418685832,0.5925925925925926,0.4074074074074074,long,0.5925925925925926,0.14613518314178836
has_action&volume_spike,58,0.03089559454375993,0.04178535380907633,0.09013779859308768,0.6206896551724138,0.3793103448275862,long,0.6206896551724138,0.14604445118237128
deal_heavy&has_russia,62,0.027318158374072112,0.030757391341436735,0.08624296114085735,0.6774193548387096,0.3225806451612903,long,0.6774193548387096,0.14571520248257597
has_russia&sig_potus,37,0.033927023260695105,0.027777928554882036,0.07882207999497962,0.7027027027027027,0.2972972972972973,long,0.7027027027027027,0.14501677492493298
posts_high&has_deal,226,0.01740942978137291,0.00797521160560588,0.09246228803541673,0.5530973451327433,0.4336283185840708,long,0.5530973451327433,0.144757255355006
posts_very_high&sig_potus,33,0.03924972588701449,0.0368420667188476,0.09359717662652481,0.6363636363636364,0.36363636363636365,long,0.6363636363636364,0.14348250586561825
pre_relief&has_exclamation,43,0.03750565768951394,0.055194852374195635,0.10155851837790139,0.5813953488372093,0.4186046511627907,long,0.5813953488372093,0.1429889794258734
pre_relief,43,0.03750565768951394,0.055194852374195635,0.10155851837790139,0.5813953488372093,0.4186046511627907,long,0.5813953488372093,0.1429889794258734
has_relief&pre_relief,43,0.03750565768951394,0.055194852374195635,0.10155851837790139,0.5813953488372093,0.4186046511627907,long,0.5813953488372093,0.1429889794258734
has_deal&attack_heavy,168,0.018646003284026443,0.010916115725463138,0.09229142876598471,0.5892857142857143,0.39880952380952384,long,0.5892857142857143,0.14241846812140765
deal_heavy&has_uppercase_phrase,67,0.031407662320213275,0.013288928859008564,0.1046806136142533,0.5522388059701493,0.43283582089552236,long,0.5522388059701493,0.14197109620506404
has_night_post&volume_spike,149,0.02202181776784953,0.004291826545486543,0.1029347092636854,0.5234899328859061,0.44966442953020136,long,0.5234899328859061,0.14071961329355046
has_deal&has_attack,264,0.01597611221409468,0.0074500932095874495,0.09441989070067984,0.5416666666666666,0.4431818181818182,long,0.5416666666666666,0.14060642828275208
positive_heavy&pre_action,69,0.02983472225170366,0.019138758046619575,0.10269798411982858,0.5652173913043478,0.43478260869565216,long,0.5652173913043478,0.1400754611040847
has_deal&has_uppercase_phrase,140,0.02119102956723906,0.009412689466160251,0.10103078111534958,0.5571428571428572,0.4357142857142857,long,0.5571428571428572,0.13969557264647314
has_russia&open_deal,35,0.03440332481971486,0.027777928554882036,0.08930065439966621,0.6857142857142857,0.2857142857142857,long,0.6857142857142857,0.1395653584713081
posts_very_high&tariff_only,20,0.0445059891396173,0.05700197364315207,0.08510817265014138,0.7,0.25,long,0.7,0.13932578397087234
attack_heavy&has_chips,21,0.03990178681955979,0.021977999142175797,0.07831464016215914,0.7619047619047619,0.19047619047619047,long,0.7619047619047619,0.13931653978257064
deal_heavy&open_deal,48,0.03316033814328748,0.02489241344482873,0.09426863578598368,0.6041666666666666,0.3958333333333333,long,0.6041666666666666,0.13880219361248378
has_positive&high_emotion,24,0.045096772917298834,0.006145039747898484,0.09616694886919497,0.625,0.375,long,0.625,0.13808010336693213
has_deal&has_relief,51,0.03139949379300978,0.013288928859008564,0.09637256478614188,0.6078431372549019,0.39215686274509803,long,0.6078431372549019,0.1363010660014294
has_russia&china_streak_3d,28,0.0423700172689766,0.032803716634011826,0.09174411309468597,0.6071428571428571,0.2857142857142857,long,0.6071428571428571,0.13612207061191509
posts_high&has_market_brag,112,0.021791254213516603,0.0127147672411001,0.08703405652265639,0.5892857142857143,0.375,long,0.5892857142857143,0.13589927859786144
attack_heavy&volume_spike,96,0.02415944796344509,0.0127147672411001,0.08483231061216628,0.5729166666666666,0.40625,long,0.5729166666666666,0.13561698328237282
has_attack&deal_only,195,0.01766905390747915,0.008928477962165005,0.097802878035998,0.5487179487179488,0.441025641025641,long,0.5487179487179488,0.13538787375284908
has_action&deal_only,74,0.026985826731787208,0.022072834229942773,0.09588465072664584,0.581081081081081,0.4189189189189189,long,0.581081081081081,0.13489266139616432
has_relief&deal_only,37,0.0340219441737904,0.021978101508177694,0.0996898169606635,0.6486486486486487,0.35135135135135137,long,0.6486486486486487,0.134236156039933
has_night_post&sig_potus,61,0.027252026688670182,0.011278203643424245,0.08669981462971633,0.6229508196721312,0.3770491803278688,long,0.6229508196721312,0.13259204982448294
has_market_brag&has_night_post,151,0.018480187215303236,0.009523853720247999,0.08537538019364391,0.5827814569536424,0.39072847682119205,long,0.5827814569536424,0.13234287503134812
has_russia&pre_action,31,0.03683772627355243,0.03133158806211811,0.10318583984637403,0.6451612903225806,0.3548387096774194,long,0.6451612903225806,0.1323250190668209
has_china&open_deal,44,0.03506433837759857,0.029804126263362152,0.10490042655864062,0.5681818181818182,0.4090909090909091,long,0.5681818181818182,0.1321536976369928
open_deal&deal_only,61,0.02845898588662939,0.013333226094027317,0.0870035680973164,0.5901639344262295,0.39344262295081966,long,0.5901639344262295,0.13117679132322052
has_positive&volume_spike,140,0.02097416833230279,0.006418215299878183,0.0967676471636562,0.5285714285714286,0.44285714285714284,long,0.5285714285714286,0.13117541628023985
sig_potus&exclamation_heavy,60,0.027393729435719622,0.0106558572820461,0.08742434790815896,0.6166666666666667,0.38333333333333336,long,0.6166666666666667,0.13085106473723326
deal_heavy&attack_heavy,81,0.02345744059054758,0.019933465181458665,0.09070499958756836,0.6172839506172839,0.37037037037037035,long,0.6172839506172839,0.130319114391931
has_deal&uppercase_phrase_heavy,30,0.03558028009671605,0.03581899565639368,0.11337573693543529,0.6666666666666666,0.3333333333333333,long,0.6666666666666666,0.12992081340882317
deal_heavy&positive_heavy,128,0.020535874391779462,0.00797521160560588,0.08767500627351442,0.5546875,0.4375,long,0.5546875,0.12887437235519902
has_positive&tariff_only,49,0.03208170304711948,0.015625001101493785,0.09309085779934623,0.5714285714285714,0.3673469387755102,long,0.5714285714285714,0.12832681218847788
lots_of_excl&tariff_only,46,0.031890838434290046,0.01754018999049234,0.09241159690987269,0.5869565217391305,0.34782608695652173,long,0.5869565217391305,0.12695528525863053
has_attack&open_deal,72,0.0259635434059165,0.012207880083758393,0.09352133511324788,0.5694444444444444,0.4166666666666667,long,0.5694444444444444,0.12545315030735796
short_posts&volume_drop,103,0.02487373897860628,0.0,0.10051793582870422,0.49514563106796117,0.46601941747572817,long,0.49514563106796117,0.12499499869248953
has_positive&has_market_brag,166,0.01657757334123986,0.009360919383970656,0.08226328245316368,0.5843373493975904,0.39156626506024095,long,0.5843373493975904,0.1248069149582645
deal_heavy&lots_of_excl,135,0.019191092449190143,0.008403247922315504,0.08802125789735092,0.5555555555555556,0.43703703703703706,long,0.5555555555555556,0.12387796908540055
has_exclamation&tariff_only,50,0.031144501956103063,0.015564474323176203,0.09237407557710654,0.56,0.38,long,0.56,0.12332593576709378
has_tariff&tariff_only,50,0.031144501956103063,0.015564474323176203,0.09237407557710654,0.56,0.38,long,0.56,0.12332593576709378
tariff_only,50,0.031144501956103063,0.015564474323176203,0.09237407557710654,0.56,0.38,long,0.56,0.12332593576709378
attack_heavy&tariff_only,24,0.037659711358437244,0.05245424552429501,0.09884475000464724,0.6666666666666666,0.2916666666666667,long,0.6666666666666666,0.12299610225155622
posts_low&has_exclamation,110,0.022591077511570322,0.00309125314777281,0.10508825192551727,0.5181818181818182,0.45454545454545453,long,0.5181818181818182,0.12277655937076935
open_deal&short_posts,44,0.031163297352628027,0.017419276623134583,0.08954741247513948,0.5909090909090909,0.38636363636363635,long,0.5909090909090909,0.122149139921478
deal_heavy&pre_action,27,0.04219610632835916,0.04593624162898302,0.10240765765912714,0.5555555555555556,0.4444444444444444,long,0.5555555555555556,0.12180966673716118
positive_heavy&deal_over_tariff,242,0.014369825193307784,0.0074500932095874495,0.09011560050196141,0.5413223140495868,0.45041322314049587,long,0.5413223140495868,0.12100828271487021
has_night_post&deal_over_tariff,277,0.014026322241374647,0.006060720636627437,0.08877061817160924,0.516245487364621,0.4729241877256318,long,0.516245487364621,0.12051468365814193
has_relief&pre_deal,31,0.03339492258505533,0.013288928859008564,0.10408956753606981,0.6451612903225806,0.3548387096774194,long,0.6451612903225806,0.11995810314099256
has_china&china_streak_3d,40,0.03288852759009512,0.009691957923934957,0.08388461905563477,0.575,0.4,long,0.575,0.11960305448508755
has_market_brag&has_iran,29,-0.03372921147903093,-0.026453764351254017,0.05746619658602006,0.3448275862068966,0.6551724137931034,short,0.6551724137931034,0.11900378930883501
has_positive&deal_over_tariff,287,0.013326062988482903,0.006060720636627437,0.09128534043647471,0.5226480836236934,0.47038327526132406,long,0.5226480836236934,0.11799189398710766
short_posts&deal_over_tariff,159,0.01760378363495597,0.006060720636627437,0.09162532902118427,0.5283018867924528,0.4528301886792453,long,0.5283018867924528,0.11726995162126397
has_market_brag,170,0.01559686073211006,0.008845612004185321,0.08204323536329185,0.5764705882352941,0.4,long,0.5764705882352941,0.11723001195107646
has_market_brag&has_exclamation,170,0.01559686073211006,0.008845612004185321,0.08204323536329185,0.5764705882352941,0.4,long,0.5764705882352941,0.11723001195107646
has_attack&pre_tariff,50,0.02952645437826537,0.0250924224830259,0.09389170719538793,0.56,0.42,long,0.56,0.11691879424549337
has_deal&has_action,104,0.021251447127836873,0.012624558873832958,0.09236896954706669,0.5384615384615384,0.46153846153846156,long,0.5384615384615384,0.11669704695053519
pre_deal&has_all_caps,51,0.02776751430385092,0.0135136428285616,0.09553916699841719,0.5882352941176471,0.37254901960784315,long,0.5882352941176471,0.11664689178793601
has_market_brag&has_china,73,0.025527687942081323,0.010033510920667954,0.08445718955353644,0.5342465753424658,0.4383561643835616,long,0.5342465753424658,0.11652380539823506
has_market_brag&exclamation_heavy,167,0.015476113499451272,0.009287976086055139,0.08237107091006021,0.5808383233532934,0.39520958083832336,long,0.5808383233532934,0.1161650288995426
has_action&open_deal,30,0.0317635653190289,0.036853975657679894,0.09284312879506057,0.6666666666666666,0.3333333333333333,long,0.6666666666666666,0.11598414154680604
lots_of_excl&volume_spike,132,0.01955029620414199,0.0036097493419514626,0.09790493809454781,0.5151515151515151,0.45454545454545453,long,0.5151515151515151,0.1157111710395249
sig_potus&short_posts,30,0.03165965405842091,0.03826225474662859,0.08942427752676381,0.6666666666666666,0.3333333333333333,long,0.6666666666666666,0.11560471127071409
positive_heavy&sig_potus,51,0.025398682445308275,0.010033510920667954,0.08779066722871214,0.6274509803921569,0.37254901960784315,long,0.6274509803921569,0.11380886140389443
has_deal&deal_over_tariff,301,0.012809313633177364,0.0035714251945773157,0.08994911809297942,0.5116279069767442,0.4750830564784053,long,0.5116279069767442,0.11370075078718744
deal_over_tariff,301,0.012809313633177364,0.0035714251945773157,0.08994911809297942,0.5116279069767442,0.4750830564784053,long,0.5116279069767442,0.11370075078718744
has_iran&volume_spike,42,0.03347472341953323,0.010530409058728929,0.12524918670321797,0.5238095238095238,0.47619047619047616,long,0.5238095238095238,0.11363576317914635
positive_heavy&has_market_brag,140,0.01634615565444281,0.009778682320457976,0.08040963756814704,0.5857142857142857,0.38571428571428573,long,0.5857142857142857,0.1132831885984169
attack_heavy&sig_potus,33,0.03092947951942309,0.011278203643424245,0.08914915033630355,0.6363636363636364,0.36363636363636365,long,0.6363636363636364,0.11306675718808963
deal_heavy&has_positive,138,0.017637224493046458,0.007547175288896257,0.08861658313187698,0.5434782608695652,0.4492753623188406,long,0.5434782608695652,0.11260351900622967
open_deal&deal_over_tariff,76,0.023314935075709718,0.012207880083758393,0.09160274904128066,0.5526315789473685,0.4342105263157895,long,0.5526315789473685,0.1123250717513074
posts_high&deal_heavy,110,0.019216072699604337,0.00797521160560588,0.09187368266298623,0.5545454545454546,0.43636363636363634,long,0.5545454545454546,0.11176301923090737
has_market_brag&lots_of_excl,163,0.015165244910940626,0.009287976086055139,0.0830504826459191,0.5766871165644172,0.3987730061349693,long,0.5766871165644172,0.11165636359933678
has_attack&tariff_only,40,0.031921970870598546,0.015564474323176203,0.09510802054672349,0.55,0.375,long,0.55,0.1110407488879035
open_deal&has_night_post,76,0.023036134284166756,0.012207880083758393,0.09307007343358896,0.5526315789473685,0.4342105263157895,long,0.5526315789473685,0.11098188469920144
has_china&volume_spike,73,0.023681095765440256,0.012084584315438018,0.08735015421758435,0.547945205479452,0.3972602739726027,long,0.547945205479452,0.11086650460994227
has_night_post&deal_only,238,0.013788877368822432,0.00630903429288121,0.08901340618323043,0.5210084033613446,0.47058823529411764,long,0.5210084033613446,0.1108312205105284
lots_of_excl&deal_over_tariff,278,0.012788882336212812,0.005896370596992995,0.08850963074477158,0.5179856115107914,0.4676258992805755,long,0.5179856115107914,0.11045177150888416
sig_potus&has_uppercase_phrase,31,0.035981582981760164,0.007547175288896257,0.10949844080666864,0.5483870967741935,0.45161290322580644,long,0.5483870967741935,0.10986221234028845
has_action&has_market_brag,39,0.027335210039576945,0.03133158806211811,0.08780203217148222,0.6410256410256411,0.3333333333333333,long,0.6410256410256411,0.10942841793779348
pre_tariff&lots_of_excl,58,0.026033089344641224,0.019019147503912537,0.09516160658896755,0.5517241379310345,0.43103448275862066,long,0.5517241379310345,0.10938598714122533
has_russia&deal_over_tariff,118,0.016913066512873443,0.012602410256323582,0.08537501311216691,0.5932203389830508,0.3983050847457627,long,0.5932203389830508,0.10898817819804178
has_attack&has_market_brag,133,0.01571017891268842,0.01067616521956638,0.07963184830936709,0.6015037593984962,0.3684210526315789,long,0.6015037593984962,0.10897962206559783
posts_high&tariff_only,29,0.03451863389989441,0.03556081065868977,0.07838495322303929,0.5862068965517241,0.3448275862068966,long,0.5862068965517241,0.10896913972266255
has_exclamation&deal_over_tariff,300,0.012298947104121672,0.003558763451944724,0.08966180142979203,0.51,0.4766666666666667,long,0.51,0.10864224644609832
deal_heavy&has_night_post,137,0.01739591587129057,0.007547175288896257,0.08838386604628973,0.5328467153284672,0.45985401459854014,long,0.5328467153284672,0.10849503774472556
has_positive&deal_only,245,0.013045946788541693,0.006557347949134984,0.09217026410332163,0.5306122448979592,0.46530612244897956,long,0.5306122448979592,0.1083517457286617
has_attack&volume_spike,119,0.018736533682648496,0.00664436848101535,0.08689985057631854,0.5294117647058824,0.4369747899159664,long,0.5294117647058824,0.1082072392783347
deal_heavy&has_exclamation,143,0.016832803539432385,0.007353011130278642,0.08720009133091815,0.5314685314685315,0.46153846153846156,long,0.5314685314685315,0.1069798607406075
has_deal&deal_heavy,143,0.016832803539432385,0.007353011130278642,0.08720009133091815,0.5314685314685315,0.46153846153846156,long,0.5314685314685315,0.1069798607406075
deal_heavy,143,0.016832803539432385,0.007353011130278642,0.08720009133091815,0.5314685314685315,0.46153846153846156,long,0.5314685314685315,0.1069798607406075
has_russia&short_posts,138,0.01579075307077409,0.00797521160560588,0.08437174583362834,0.572463768115942,0.37681159420289856,long,0.572463768115942,0.10619165524905214
positive_heavy&deal_only,201,0.01352841193384735,0.007547175288896257,0.09131128115629526,0.5522388059701493,0.4427860696517413,long,0.5522388059701493,0.10591848712245892
deal_over_tariff&volume_spike,67,0.022228758220731136,0.02150532715224185,0.08524636315087482,0.582089552238806,0.417910447761194,long,0.582089552238806,0.10591132658173763
has_deal&short_posts,168,0.015728843617376434,0.0033860344557469224,0.08966657968351668,0.5178571428571429,0.4583333333333333,long,0.5178571428571429,0.10557507686181075
has_tariff&has_attack,109,0.01879914630629819,0.00664436848101535,0.08874153156788932,0.5321100917431193,0.42201834862385323,long,0.5321100917431193,0.10443663553696506
open_deal&lots_of_excl,78,0.021397285824272513,0.009731533471267428,0.0925931069756821,0.5512820512820513,0.4358974358974359,long,0.5512820512820513,0.10417891792696139
has_deal&deal_only,259,0.012460541656696945,0.003860986643011044,0.09057919046202245,0.5173745173745173,0.47104247104247104,long,0.5173745173745173,0.10375089163649781
deal_only,259,0.012460541656696945,0.003860986643011044,0.09057919046202245,0.5173745173745173,0.47104247104247104,long,0.5173745173745173,0.10375089163649781
deal_over_tariff&deal_only,259,0.012460541656696945,0.003860986643011044,0.09057919046202245,0.5173745173745173,0.47104247104247104,long,0.5173745173745173,0.10375089163649781
deal_heavy&exclamation_heavy,141,0.01641746668368917,0.007353011130278642,0.08750477212633737,0.5319148936170213,0.46099290780141844,long,0.5319148936170213,0.10369500830035805
has_deal&has_russia,138,0.014821177994980155,0.011597047648531422,0.0841588237882372,0.5942028985507246,0.391304347826087,long,0.5942028985507246,0.10345632140647062
exclamation_heavy&tariff_only,46,0.026947608383347407,0.015564474323176203,0.08911403922204125,0.5652173913043478,0.3695652173913043,long,0.5652173913043478,0.103303410437158
has_tariff&short_posts,44,0.029439881527023856,0.0029357496500775904,0.08911650183991354,0.5227272727272727,0.4090909090909091,long,0.5227272727272727,0.10207927002936482
has_deal&positive_heavy,278,0.011501355316325599,0.006126391377684226,0.08829726874895294,0.5287769784172662,0.460431654676259,long,0.5287769784172662,0.10140140143828537
has_deal&open_deal,81,0.02068539607783191,0.007547175288896257,0.09134176768423762,0.5432098765432098,0.4444444444444444,long,0.5432098765432098,0.10112860304717822
open_deal&has_exclamation,81,0.02068539607783191,0.007547175288896257,0.09134176768423762,0.5432098765432098,0.4444444444444444,long,0.5432098765432098,0.10112860304717822
open_deal,81,0.02068539607783191,0.007547175288896257,0.09134176768423762,0.5432098765432098,0.4444444444444444,long,0.5432098765432098,0.10112860304717822
exclamation_heavy&volume_spike,132,0.016785688517009466,0.0036097493419514626,0.0928044770020802,0.5151515151515151,0.45454545454545453,long,0.5151515151515151,0.09934845256187838
has_positive&open_deal,79,0.020529750997737982,0.007547175288896257,0.09232022379818551,0.5443037974683544,0.4430379746835443,long,0.5443037974683544,0.09932043016328958
has_tariff&has_action,42,0.026818156763512263,0.025245396351204152,0.08040055862547854,0.5714285714285714,0.42857142857142855,long,0.5714285714285714,0.0993151542820434
has_deal&has_positive,329,0.010639321544192787,0.003378440242058689,0.09026263503178014,0.513677811550152,0.47720364741641336,long,0.513677811550152,0.0991294485148261
has_positive&pre_tariff,60,0.023990518309016343,0.010499229301577762,0.09432573766992806,0.5333333333333333,0.45,long,0.5333333333333333,0.09910920306955137
high_emotion&has_exclamation,39,0.029259745881224913,0.006066734074823055,0.11432867382102038,0.5384615384615384,0.46153846153846156,long,0.5384615384615384,0.0983914908640975
has_china&has_iran,44,0.02834187707365808,0.011019932236243424,0.0951276374362405,0.5227272727272727,0.4772727272727273,long,0.5227272727272727,0.09827207083986791
has_exclamation&deal_only,258,0.011865740374940401,0.00371620591879418,0.09024703008082503,0.5155038759689923,0.4728682170542636,long,0.5155038759689923,0.0982509208881254
has_action&has_iran,37,0.024634106939295276,0.02150532715224185,0.10155964013185001,0.6486486486486487,0.35135135135135137,long,0.6486486486486487,0.09719573361580844
open_deal&exclamation_heavy,80,0.020158535692173178,0.007547175288896257,0.09179412513970704,0.5375,0.45,long,0.5375,0.09691309068929325
has_market_brag&short_posts,84,0.019613607191471972,0.004869081914026574,0.09523646604704113,0.5357142857142857,0.44047619047619047,long,0.5357142857142857,0.09630089957791128
has_deal,343,0.010295510536242626,0.0030118699031926877,0.08910938504038417,0.5043731778425656,0.48104956268221577,long,0.5043731778425656,0.09617161972217102
pre_tariff&has_exclamation,61,0.023354963066184908,0.00664436848101535,0.09366800662799052,0.5245901639344263,0.45901639344262296,long,0.5245901639344263,0.09568949126215479
has_tariff&pre_tariff,61,0.023354963066184908,0.00664436848101535,0.09366800662799052,0.5245901639344263,0.45901639344262296,long,0.5245901639344263,0.09568949126215479
pre_tariff,61,0.023354963066184908,0.00664436848101535,0.09366800662799052,0.5245901639344263,0.45901639344262296,long,0.5245901639344263,0.09568949126215479
has_deal&has_night_post,318,0.010591618407648652,0.0031189185526872,0.08758789434552713,0.5062893081761006,0.4811320754716981,long,0.5062893081761006,0.09562570318342711
deal_only&volume_spike,52,0.022861796672069033,0.016723554005010133,0.08589684513887041,0.5769230769230769,0.4230769230769231,long,0.5769230769230769,0.09511082325043486
lots_of_excl&deal_only,237,0.011801782242151879,0.006557347949134984,0.08924617584682568,0.5232067510548524,0.4641350210970464,long,0.5232067510548524,0.09505940886064927
positive_heavy&volume_spike,127,0.016228807348959467,0.004291826545486543,0.09360215198483411,0.5196850393700787,0.44881889763779526,long,0.5196850393700787,0.09504486975165101
posts_very_high&has_market_brag,62,0.019544022830129175,0.021741663147208823,0.0965248467098326,0.6129032258064516,0.3548387096774194,long,0.6129032258064516,0.09431954849779906
deal_heavy&has_china,80,0.020047512973209617,0.005939880862933178,0.09162955905045025,0.525,0.4625,long,0.525,0.09413796375460182
posts_very_high&pre_deal,77,0.019174594635974023,0.008403247922315504,0.10163175165324752,0.5584415584415584,0.42857142857142855,long,0.5584415584415584,0.0939613578981057
positive_heavy&open_deal,72,0.019894811611944827,0.009731533471267428,0.09418835380992571,0.5555555555555556,0.4305555555555556,long,0.5555555555555556,0.09378504134156704
open_deal&volume_spike,27,0.028614372444471185,0.021977999142175797,0.09591672289649053,0.6296296296296297,0.37037037037037035,long,0.6296296296296297,0.09361625525654335
deal_heavy&volume_spike,51,0.02301285299662444,0.019933465181458665,0.09280798048134035,0.5686274509803921,0.43137254901960786,long,0.5686274509803921,0.09345087521072877
has_night_post&tariff_only,44,0.0256981280343304,0.014696455911149764,0.08985662948573903,0.5454545454545454,0.4090909090909091,long,0.5454545454545454,0.09297932564114976
has_deal&lots_of_excl,319,0.010153160518227556,0.003378440242058689,0.08791594599270171,0.5109717868338558,0.47335423197492166,long,0.5109717868338558,0.09266026014801877
has_market_brag&volume_drop,23,0.029409132676739624,0.01067616521956638,0.07265808407860347,0.6521739130434783,0.34782608695652173,long,0.6521739130434783,0.09198342102025699
has_deal&has_exclamation,342,0.009840470297021446,0.002828701000583078,0.08883995701955107,0.5029239766081871,0.4824561403508772,long,0.5029239766081871,0.0915232110341982
has_russia&volume_spike,86,0.018274235604852373,0.006418215299878183,0.08620186957234612,0.5348837209302325,0.43023255813953487,long,0.5348837209302325,0.09064582915843526
exclamation_heavy&deal_over_tariff,293,0.010459657091510926,0.003378440242058689,0.08782745318659088,0.5051194539249146,0.4812286689419795,long,0.5051194539249146,0.09043683439374893
has_china&pre_deal,82,0.01990648773539373,0.0013227660489867343,0.09082639731161626,0.5,0.47560975609756095,long,0.5,0.09013045659579957
attack_heavy&pre_deal,92,0.01685583193316208,0.006998689805646996,0.09454266558811061,0.5543478260869565,0.42391304347826086,long,0.5543478260869565,0.08962443993418943
attack_heavy&pre_tariff,34,0.02744437792753144,0.02123756166246349,0.09263247649273287,0.5588235294117647,0.4117647058823529,long,0.5588235294117647,0.08942676770907089
short_posts&deal_only,143,0.014424544113657988,0.003860986643011044,0.08945269594044106,0.5174825174825175,0.46153846153846156,long,0.5174825174825175,0.08926183224650566
pre_action&volume_spike,31,0.02751139564583947,0.04593624162898302,0.10177538210759401,0.5806451612903226,0.41935483870967744,long,0.5806451612903226,0.08894146543468377
has_tariff&lots_of_excl,128,0.014912612358608877,0.0032796729266152402,0.08787367751558532,0.515625,0.4453125,long,0.515625,0.0869946769228239
has_market_brag&has_russia,56,0.017104696830892108,0.019910128584327835,0.08384267983259347,0.6785714285714286,0.2857142857142857,long,0.6785714285714286,0.08685702783363497
has_relief&has_market_brag,21,0.028377787799182038,0.0319999289674906,0.07166425708064898,0.6666666666666666,0.3333333333333333,long,0.6666666666666666,0.08669557376343065
has_attack&pre_deal,129,0.014479187283113353,0.0052353932448510054,0.09282757112741385,0.5271317829457365,0.4496124031007752,long,0.5271317829457365,0.08668785225067407
has_russia&deal_only,95,0.014736608276334193,0.009708870549210324,0.08564172164277166,0.5894736842105263,0.4,long,0.5894736842105263,0.08466887001819566
pre_tariff&tariff_only,20,0.03760921586759654,0.010003930012619788,0.11128521871829634,0.5,0.5,long,0.5,0.08409676326040959
positive_heavy&tariff_only,40,0.023093871348789985,0.017479663212174756,0.08443035746747732,0.575,0.35,long,0.575,0.08398361847104334
posts_very_high&pre_tariff,31,0.02593129603047996,0.03583075484391163,0.08611207697252908,0.5806451612903226,0.3870967741935484,long,0.5806451612903226,0.08383316859900111
pre_tariff&exclamation_heavy,58,0.020408368929420537,0.010499229301577762,0.09039930967570382,0.5344827586206896,0.4482758620689655,long,0.5344827586206896,0.08307225386282957
posts_high&volume_spike,123,0.01456633364415209,0.004291826545486543,0.08429902856671766,0.5121951219512195,0.4634146341463415,long,0.5121951219512195,0.08274433063280923
attack_heavy&open_deal,49,0.020661410977073837,0.007547175288896257,0.09447607328716233,0.5714285714285714,0.42857142857142855,long,0.5714285714285714,0.08264564390829535
pre_deal&open_deal,29,0.027726536116870613,0.007547175288896257,0.1003192761628899,0.5517241379310345,0.4482758620689655,long,0.5517241379310345,0.08237901601120849
attack_heavy&has_market_brag,77,0.015326096042596288,0.0135136428285616,0.08357892063743266,0.6103896103896104,0.36363636363636365,long,0.6103896103896104,0.0820888247748323
has_tariff&has_positive,133,0.014105889279365156,0.0026455320979734687,0.08854619817979158,0.5037593984962406,0.45864661654135336,long,0.5037593984962406,0.08195009339504425
has_china&tariff_only,25,0.0288827948432855,0.019455378879490892,0.08214934402093954,0.56,0.4,long,0.56,0.0808718255611994
has_tariff&has_exclamation,134,0.013890335243670632,0.0013227660489867343,0.08824797295793274,0.5,0.4626865671641791,long,0.5,0.08039612765290509
has_tariff,134,0.013890335243670632,0.0013227660489867343,0.08824797295793274,0.5,0.4626865671641791,long,0.5,0.08039612765290509
has_tariff&attack_heavy,74,0.016722263493487044,0.009280130067326975,0.09128699313945189,0.5540540540540541,0.40540540540540543,long,0.5540540540540541,0.07970086946836341
exclamation_heavy&deal_only,251,0.00970659925621842,0.0035461017093121328,0.08811703483407984,0.5099601593625498,0.47808764940239046,long,0.5099601593625498,0.07842241438257108
pre_tariff&pre_deal,29,0.02447075918713423,0.03623171696021665,0.08483665713559091,0.5862068965517241,0.3793103448275862,long,0.5862068965517241,0.07724980034596951
pre_tariff&has_uppercase_phrase,27,0.026726471062890507,0.0392157265174542,0.10456691088616875,0.5555555555555556,0.4444444444444444,long,0.5555555555555556,0.0771526763132429
attack_heavy&has_iran,54,0.018827021168697937,0.014003166006076095,0.0986565266728301,0.5555555555555556,0.4444444444444444,long,0.5555555555555556,0.07686099206647894
pre_action&deal_only,33,0.025508971311153556,0.02880660453342032,0.08766802658208431,0.5151515151515151,0.48484848484848486,long,0.5151515151515151,0.07548921283867484
has_deal&exclamation_heavy,334,0.00822822887323392,0.0013227660489867343,0.08728697410727164,0.5,0.48502994011976047,long,0.5,0.07518818496008366
has_iran&open_deal,22,0.028739992250545496,0.009731533471267428,0.09626491041173971,0.5454545454545454,0.45454545454545453,long,0.5454545454545454,0.07352864323045191
pre_action&deal_over_tariff,43,0.022844037201517498,-0.016891787721436735,0.09304263629251015,0.4883720930232558,0.5116279069767442,long,0.4883720930232558,0.07315734329098132
pre_deal&lots_of_excl,156,0.011404878916907486,0.003462270975685411,0.0878994614772341,0.5128205128205128,0.46794871794871795,long,0.5128205128205128,0.07304968821339829
pre_deal&has_uppercase_phrase,70,0.016836593453062383,0.0030958169036428007,0.10283416822297689,0.5142857142857142,0.4714285714285714,long,0.5142857142857142,0.07244488144379631
has_russia&pre_deal,68,0.01412851727353023,0.013821509490574369,0.08231347047113645,0.6176470588235294,0.36764705882352944,long,0.6176470588235294,0.07196004412321791
has_russia&volume_drop,26,0.025537743385133024,0.01129602843660249,0.06660248904743728,0.5384615384615384,0.34615384615384615,long,0.5384615384615384,0.07011708945980218
deal_heavy&pre_deal,92,0.013581522644356215,0.007326171331355269,0.0865895648904937,0.532608695652174,0.45652173913043476,long,0.532608695652174,0.06938260928667529
has_iran&has_russia,58,0.0150958133738512,0.013204290418614595,0.09414610782367881,0.603448275862069,0.39655172413793105,long,0.603448275862069,0.0693762091832773
has_tariff&exclamation_heavy,129,0.012026837333203776,0.0026455320979734687,0.08691983921667541,0.5038759689922481,0.4573643410852713,long,0.5038759689922481,0.06882875889662574
posts_high&pre_deal,113,0.01246307039133929,0.0035461017093121328,0.09447431931590757,0.5132743362831859,0.4690265486725664,long,0.5132743362831859,0.06800076832734628
posts_low&has_night_post,87,0.014557890537711851,0.0,0.10416266651442142,0.4942528735632184,0.4827586206896552,long,0.4942528735632184,0.06711309678299282
has_tariff&has_relief,20,0.02712930376413571,0.011134684791254568,0.08115756999850103,0.55,0.45,long,0.55,0.06672926413873322
has_deal&pre_action,49,0.019187875062026346,-0.013422712471029996,0.08981361640663782,0.4897959183673469,0.5102040816326531,long,0.4897959183673469,0.06578700021266175
has_tariff&positive_heavy,117,0.011982229343476902,0.0026455320979734687,0.08171588381850022,0.5042735042735043,0.452991452991453,long,0.5042735042735043,0.06535769218574963
has_china&pre_tariff,37,0.01986898281300757,0.00664436848101535,0.08503119461507229,0.5405405405405406,0.43243243243243246,long,0.5405405405405406,0.06532881306491987
pre_tariff&has_night_post,56,0.01666891330250161,0.004935167841598531,0.08794001050578994,0.5178571428571429,0.4642857142857143,long,0.5178571428571429,0.06459683982307812
posts_high&pre_tariff,41,0.018671186114817866,0.00664436848101535,0.08718614250319909,0.5365853658536586,0.43902439024390244,long,0.5365853658536586,0.0641508862384151
pre_tariff&volume_spike,24,0.022213120164601762,0.04551280360905363,0.09551384020677721,0.5833333333333334,0.375,long,0.5833333333333334,0.06347927833146923
positive_heavy&pre_deal,144,0.010242403390949987,0.003011986170016079,0.08981810498576492,0.5069444444444444,0.4791666666666667,long,0.5069444444444444,0.06230795396161242
has_deal&volume_spike,84,0.012554499254991127,0.007095771884955804,0.08399929154354713,0.5357142857142857,0.4523809523809524,long,0.5357142857142857,0.06164136765885379
has_iran&has_all_caps,28,0.021587235521540706,0.00797521160560588,0.09590372455904818,0.5357142857142857,0.4642857142857143,long,0.5357142857142857,0.061194060732189026
posts_very_high&has_tariff,66,0.014601383518682273,0.0046449502894944095,0.09134933036790094,0.5151515151515151,0.45454545454545453,long,0.5151515151515151,0.06110840630097233
pre_deal&deal_over_tariff,145,0.010184408178279742,0.0,0.08950648353410612,0.496551724137931,0.4896551724137931,long,0.496551724137931,0.060895372621794834
has_iran&has_exclamation,118,0.011091737216577618,-0.0013054089938887015,0.10255110363327095,0.4915254237288136,0.5,long,0.4915254237288136,0.05922247614988141
has_iran,118,0.011091737216577618,-0.0013054089938887015,0.10255110363327095,0.4915254237288136,0.5,long,0.4915254237288136,0.05922247614988141
pre_deal&has_night_post,162,0.009497243491796214,0.0,0.08786657067936098,0.4876543209876543,0.49382716049382713,long,0.4876543209876543,0.058947739641631525
has_tariff&has_russia,62,0.012837141998672932,0.014998318364224605,0.07894205195773962,0.5806451612903226,0.3709677419354839,long,0.5806451612903226,0.058691471909433905
pre_deal&volume_spike,45,0.01571110504036586,0.012084584315438018,0.08918787186438037,0.5555555555555556,0.4222222222222222,long,0.5555555555555556,0.058551831453162735
has_attack&open_tariff,28,0.019283825863029343,0.006418215299878183,0.08486292384151126,0.5714285714285714,0.42857142857142855,long,0.5714285714285714,0.05830880863937274
has_tariff&has_all_caps,43,0.015175035259485763,0.014354090122140173,0.0977679789319712,0.5813953488372093,0.37209302325581395,long,0.5813953488372093,0.057854279545461136
has_positive&has_iran,112,0.011042432404167418,-0.003006087734545748,0.10509945220809566,0.49107142857142855,0.5089285714285714,long,0.49107142857142855,0.05738764823524084
has_iran&has_uppercase_phrase,55,0.016306870149295022,-0.01020408891489799,0.11833936193686666,0.4727272727272727,0.5272727272727272,long,0.4727272727272727,0.05716926598167539
pre_deal&pre_action,32,0.020202329490728217,-0.005388590186528264,0.08747482419067396,0.5,0.5,long,0.5,0.05714081671463558
has_tariff&has_china,85,0.012384179374556084,0.0,0.08620710630812461,0.49411764705882355,0.47058823529411764,long,0.49411764705882355,0.05641661973004702
has_deal&pre_tariff,41,0.016401669016715824,0.00664436848101535,0.08442040260788113,0.5365853658536586,0.43902439024390244,long,0.5365853658536586,0.05635322773503071
positive_heavy&pre_tariff,51,0.01473182426747206,0.014354090122140173,0.08480646648447832,0.5294117647058824,0.45098039215686275,long,0.5294117647058824,0.055697436332482454
has_positive&pre_deal,160,0.008754172698368918,0.0013227660489867343,0.08904780043400706,0.5,0.4875,long,0.5,0.05536624951461594
has_iran&has_night_post,111,0.01050252663258431,-0.002610817987777403,0.10427030776749326,0.4954954954954955,0.5045045045045045,long,0.4954954954954955,0.05482706420906531
has_tariff&has_uppercase_phrase,58,0.014784025383815725,-0.0017793608699277486,0.10213142868531001,0.4827586206896552,0.5,long,0.4827586206896552,0.05435465382078014
pre_deal&short_posts,72,0.013422452852175972,-0.0017006787406570467,0.09285429607962045,0.4722222222222222,0.5,long,0.4722222222222222,0.053782942114271946
has_tariff&has_night_post,124,0.00981531833357314,0.0,0.08595667540104751,0.49193548387096775,0.47580645161290325,long,0.49193548387096775,0.05376793802060551
has_iran&lots_of_excl,111,0.010264483979790988,0.0,0.10095247071167261,0.4954954954954955,0.4954954954954955,long,0.4954954954954955,0.053584393729306255
pre_deal,168,0.00843253188707161,0.0,0.08816386615157598,0.4880952380952381,0.49404761904761907,long,0.4880952380952381,0.05334788467232971
has_deal&pre_deal,168,0.00843253188707161,0.0,0.08816386615157598,0.4880952380952381,0.49404761904761907,long,0.4880952380952381,0.05334788467232971
open_tariff,29,0.017580925010739778,0.006192062118741015,0.08383679367528174,0.5517241379310345,0.4482758620689655,long,0.5517241379310345,0.05223513304535539
positive_heavy&open_tariff,29,0.017580925010739778,0.006192062118741015,0.08383679367528174,0.5517241379310345,0.4482758620689655,long,0.5517241379310345,0.05223513304535539
has_positive&open_tariff,29,0.017580925010739778,0.006192062118741015,0.08383679367528174,0.5517241379310345,0.4482758620689655,long,0.5517241379310345,0.05223513304535539
open_tariff&lots_of_excl,29,0.017580925010739778,0.006192062118741015,0.08383679367528174,0.5517241379310345,0.4482758620689655,long,0.5517241379310345,0.05223513304535539
open_tariff&has_exclamation,29,0.017580925010739778,0.006192062118741015,0.08383679367528174,0.5517241379310345,0.4482758620689655,long,0.5517241379310345,0.05223513304535539
has_tariff&open_tariff,29,0.017580925010739778,0.006192062118741015,0.08383679367528174,0.5517241379310345,0.4482758620689655,long,0.5517241379310345,0.05223513304535539
open_tariff&exclamation_heavy,29,0.017580925010739778,0.006192062118741015,0.08383679367528174,0.5517241379310345,0.4482758620689655,long,0.5517241379310345,0.05223513304535539
pre_deal&exclamation_heavy,165,0.007680435297718845,0.0,0.08809001482540721,0.4909090909090909,0.4909090909090909,long,0.4909090909090909,0.048431607236797604
open_tariff&has_night_post,28,0.016938786237598705,0.004418797108357242,0.08530255551628173,0.5357142857142857,0.4642857142857143,long,0.5357142857142857,0.048016945602824594
pre_deal&has_exclamation,167,0.007489497513042789,0.0,0.08757503665185082,0.48502994011976047,0.49700598802395207,long,0.48502994011976047,0.046943932122353114
has_tariff&deal_over_tariff,42,0.014960074154806607,-0.001792209822034263,0.08698797392913528,0.47619047619047616,0.5,long,0.47619047619047616,0.046167791155359406
pre_deal&deal_only,116,0.008647765450797547,-0.0017006787406570467,0.09090711746149921,0.49137931034482757,0.5,long,0.49137931034482757,0.04576671730105776
posts_high&has_tariff,96,0.00949447951033925,0.0,0.0839698569436364,0.4895833333333333,0.46875,long,0.4895833333333333,0.04554423409004704
posts_very_high&open_tariff,24,0.016811865897917267,0.0046449502894944095,0.08714443930252147,0.5416666666666666,0.4583333333333333,long,0.5416666666666666,0.04461220083016087
tariff_heavy&lots_of_excl,21,-0.01674001852441187,-0.00716581391823401,0.08267860485603899,0.42857142857142855,0.5714285714285714,short,0.5714285714285714,0.04383565829890306
has_tariff&tariff_heavy,21,-0.01674001852441187,-0.00716581391823401,0.08267860485603899,0.42857142857142855,0.5714285714285714,short,0.5714285714285714,0.04383565829890306
tariff_heavy,21,-0.01674001852441187,-0.00716581391823401,0.08267860485603899,0.42857142857142855,0.5714285714285714,short,0.5714285714285714,0.04383565829890306
tariff_heavy&exclamation_heavy,21,-0.01674001852441187,-0.00716581391823401,0.08267860485603899,0.42857142857142855,0.5714285714285714,short,0.5714285714285714,0.04383565829890306
tariff_heavy&has_positive,21,-0.01674001852441187,-0.00716581391823401,0.08267860485603899,0.42857142857142855,0.5714285714285714,short,0.5714285714285714,0.04383565829890306
tariff_heavy&has_exclamation,21,-0.01674001852441187,-0.00716581391823401,0.08267860485603899,0.42857142857142855,0.5714285714285714,short,0.5714285714285714,0.04383565829890306
has_market_brag&deal_over_tariff,71,0.009442706159353095,0.006849380279195572,0.08219766401982133,0.5492957746478874,0.43661971830985913,long,0.5492957746478874,0.04370507884717408
has_iran&exclamation_heavy,115,0.008253169300478017,-0.002610817987777403,0.0998366628616715,0.48695652173913045,0.5043478260869565,long,0.48695652173913045,0.043098272313135746
has_market_brag&pre_deal,42,-0.012116752263629307,-0.010362602031238066,0.0669121116922311,0.42857142857142855,0.5476190476190477,short,0.5476190476190477,0.04300207569359154
has_market_brag&pre_action,21,0.017879674405871487,0.03133158806211811,0.08943055654316541,0.5238095238095238,0.47619047619047616,long,0.5238095238095238,0.042918313096513214
posts_high&open_tariff,27,0.014767623383584625,0.006192062118741015,0.08297981395486745,0.5555555555555556,0.4444444444444444,long,0.5555555555555556,0.04263045667901798
tariff_heavy&has_night_post,20,-0.017218728754720764,-0.007880602964863648,0.08479659419528833,0.45,0.55,short,0.55,0.04235247277985452
has_deal&has_iran,76,-0.008274278845395675,-0.021446988236210163,0.08294770163622209,0.40789473684210525,0.5789473684210527,short,0.5789473684210527,0.041761494578454496
posts_very_high&has_iran,56,0.010271657450893283,0.00797521160560588,0.1036149109844936,0.5178571428571429,0.48214285714285715,long,0.5178571428571429,0.03980563093895882
posts_high&brag_heavy,31,0.01339797127506694,0.006849380279195572,0.08544673276260019,0.5161290322580645,0.4838709677419355,long,0.5161290322580645,0.038501546838471234
deal_over_tariff&china_streak_3d,25,0.0136155758236809,0.007299331532431896,0.08170849525747474,0.56,0.44,long,0.56,0.03812361230630652
positive_heavy&has_iran,92,0.007897488959678838,-0.00021101123458938664,0.10438291350210292,0.5,0.5,long,0.5,0.03787502650784194
has_russia&pre_tariff,30,0.011811305394126833,0.019019147503912537,0.07623818409492514,0.5666666666666667,0.4,long,0.5666666666666667,0.036659470921692375
has_action&pre_deal,55,0.010170575298900498,-0.00524922459697752,0.08900946756839627,0.4727272727272727,0.5272727272727272,long,0.4727272727272727,0.03565640243199197
has_attack&has_iran,88,0.007392910329388724,0.0071982777840459145,0.09574948955823111,0.5113636363636364,0.48863636363636365,long,0.5113636363636364,0.035463910009015526
has_deal&has_market_brag,79,0.007440726734955697,0.006557347949134984,0.08089006170692332,0.5316455696202531,0.45569620253164556,long,0.5316455696202531,0.0351601808191009
positive_heavy&brag_heavy,36,0.011267383949698269,0.0005296370609501055,0.07988288656198703,0.5,0.5,long,0.5,0.033802151849094804
has_market_brag&deal_only,54,0.00824939467242291,0.006703364114165278,0.08900464071400611,0.5555555555555556,0.4444444444444444,long,0.5555555555555556,0.03367801272378352
has_iran&deal_over_tariff,69,-0.006570630235761667,-0.019867699657174942,0.08330411437011875,0.4057971014492754,0.5797101449275363,short,0.5797101449275363,0.03164043704973269
has_tariff&pre_deal,52,0.007952395475682982,0.0,0.08256661199940296,0.4807692307692308,0.4807692307692308,long,0.4807692307692308,0.02756997081763734
attack_heavy&open_tariff,23,0.009138029654614454,0.006192062118741015,0.08137262423186592,0.5652173913043478,0.43478260869565216,long,0.5652173913043478,0.024770341687885375
brag_heavy&has_night_post,37,0.008233450947070259,-0.006134963631189372,0.08147867434995736,0.4864864864864865,0.5135135135135135,long,0.4864864864864865,0.024364277959080336
deal_heavy&has_market_brag,37,-0.007792055819049947,-0.00716581391823401,0.07385191088107138,0.4594594594594595,0.5135135135135135,short,0.5135135135135135,0.024339115627893922
has_iran&deal_only,60,-0.005682485783453317,-0.01645376293207318,0.08485111180448303,0.43333333333333335,0.55,short,0.55,0.024208990084812615
has_deal&china_streak_3d,28,0.009131218327369683,0.0016892201210293445,0.0790003601588059,0.5,0.4642857142857143,long,0.5,0.02415893286125536
deal_heavy&pre_tariff,22,0.009409094573390635,-0.0002607227186093297,0.0841676361079866,0.5,0.5,long,0.5,0.022066282736350272
has_tariff&volume_spike,42,0.006405771252779656,0.004418797108357242,0.09025864323575017,0.5238095238095238,0.42857142857142855,long,0.5238095238095238,0.02174550319468488
has_night_post&tariff_rising,20,-0.00952416531781607,-0.0033557203460398144,0.052685188451386096,0.4,0.5,short,0.5,0.021296681079582623
deal_over_tariff&volume_drop,30,-0.006849284511890001,-0.02443562794244236,0.0809479209812634,0.4,0.5666666666666667,short,0.5666666666666667,0.021258543236286516
attack_heavy&brag_heavy,26,0.008818014243842747,-0.013001331644182157,0.08515702462635402,0.46153846153846156,0.5384615384615384,long,0.46153846153846156,0.020752258477150752
pre_deal&sig_potus,20,-0.0077140122898965826,-0.026129755529317567,0.07817703270611202,0.4,0.6,short,0.6,0.02069886703137309
brag_heavy&lots_of_excl,41,0.005816089217885705,-0.006134963631189372,0.07831728773069013,0.4878048780487805,0.5121951219512195,long,0.4878048780487805,0.018166410652739422
has_positive&brag_heavy,41,0.005741415608124854,-0.006134963631189372,0.07835027809642438,0.4878048780487805,0.5121951219512195,long,0.4878048780487805,0.017933169481736344
tariff_heavy&positive_heavy,20,-0.0071896964282888495,-0.006938627305156819,0.07196760971735042,0.45,0.55,short,0.55,0.017684314946365444
has_iran&short_posts,47,0.005580346778336001,-0.01677853727227374,0.10070492274890622,0.425531914893617,0.5531914893617021,long,0.425531914893617,0.01627954470754568
has_tariff&has_deal,84,0.0036199979148418045,-0.0051479301680740774,0.08458998118348851,0.4642857142857143,0.5119047619047619,long,0.4642857142857143,0.015403991998891668
brag_heavy&has_exclamation,42,0.00497486370433012,-0.007668733542615769,0.07754817439747161,0.47619047619047616,0.5238095238095238,long,0.47619047619047616,0.015352762703659189
has_market_brag&brag_heavy,42,0.00497486370433012,-0.007668733542615769,0.07754817439747161,0.47619047619047616,0.5238095238095238,long,0.47619047619047616,0.015352762703659189
brag_heavy&exclamation_heavy,42,0.00497486370433012,-0.007668733542615769,0.07754817439747161,0.47619047619047616,0.5238095238095238,long,0.47619047619047616,0.015352762703659189
brag_heavy,42,0.00497486370433012,-0.007668733542615769,0.07754817439747161,0.47619047619047616,0.5238095238095238,long,0.47619047619047616,0.015352762703659189
has_iran&pre_deal,39,-0.004329702577138199,-0.019867699657174942,0.0967973636471659,0.4358974358974359,0.5641025641025641,short,0.5641025641025641,0.015252760164449888
brag_heavy&deal_over_tariff,20,0.00751751080096375,-0.019741395415627583,0.08798722032672643,0.45,0.55,long,0.45,0.015128698655289454
has_attack&brag_heavy,34,0.005115239119705093,0.0003572083240030999,0.07806419082796892,0.5,0.5,long,0.5,0.014913356618815609
has_tariff&deal_heavy,54,-0.003425333759607033,-0.016430124640614663,0.08846885629482405,0.4074074074074074,0.5740740740740741,short,0.5740740740740741,0.014449995400153189
posts_low&exclamation_heavy,29,0.004233375357470757,0.007117431016701259,0.09003832410782185,0.5517241379310345,0.41379310344827586,long,0.5517241379310345,0.012577889098174882
has_tariff&has_market_brag,36,0.0038312890601918145,0.0,0.0625342339829071,0.4722222222222222,0.4722222222222222,long,0.4722222222222222,0.010855319003876807
posts_high&has_iran,77,0.0023855105089449396,-0.016128988591872617,0.09532955971986569,0.4805194805194805,0.5194805194805194,long,0.4805194805194805,0.010058603651745917
has_tariff&open_deal,20,-0.0030240528390004183,-0.025234504802969127,0.10217614311786268,0.4,0.6,short,0.6,0.008114385258667395
has_deal&volume_drop,33,0.0024490095496591184,-0.00873353394286902,0.08531583495628033,0.45454545454545453,0.5151515151515151,long,0.45454545454545453,0.006394767627266677
has_deal&brag_heavy,23,-0.0021371177596181123,-0.023026276815245383,0.08640097223276241,0.391304347826087,0.6086956521739131,short,0.6086956521739131,0.006238678003848346
tariff_rising,22,-0.0026882821950543175,0.0,0.05556313047244739,0.45454545454545453,0.45454545454545453,short,0.45454545454545453,0.005731436897516134
has_tariff&tariff_rising,22,-0.0026882821950543175,0.0,0.05556313047244739,0.45454545454545453,0.45454545454545453,short,0.45454545454545453,0.005731436897516134
has_positive&tariff_rising,22,-0.0026882821950543175,0.0,0.05556313047244739,0.45454545454545453,0.45454545454545453,short,0.45454545454545453,0.005731436897516134
lots_of_excl&tariff_rising,22,-0.0026882821950543175,0.0,0.05556313047244739,0.45454545454545453,0.45454545454545453,short,0.45454545454545453,0.005731436897516134
positive_heavy&tariff_rising,22,-0.0026882821950543175,0.0,0.05556313047244739,0.45454545454545453,0.45454545454545453,short,0.45454545454545453,0.005731436897516134
exclamation_heavy&tariff_rising,22,-0.0026882821950543175,0.0,0.05556313047244739,0.45454545454545453,0.45454545454545453,short,0.45454545454545453,0.005731436897516134
has_exclamation&tariff_rising,22,-0.0026882821950543175,0.0,0.05556313047244739,0.45454545454545453,0.45454545454545453,short,0.45454545454545453,0.005731436897516134
brag_heavy&has_uppercase_phrase,21,0.0023696268821478393,-0.019867699657174942,0.08295567330589396,0.47619047619047616,0.5238095238095238,long,0.47619047619047616,0.00517094978868794
has_deal&sig_potus,25,0.001960674154130837,-0.009049765237647667,0.07469509288867711,0.48,0.52,long,0.48,0.004705617969914009
deal_only&volume_drop,28,-0.0016219447474301357,-0.015730382692014044,0.08017608390253964,0.42857142857142855,0.5357142857142857,short,0.5357142857142857,0.004597781187843866
has_tariff&has_iran,20,-0.0015513871119774924,-0.02322298199769357,0.08242157029948109,0.4,0.6,short,0.6,0.004162808450158501
deal_heavy&has_iran,44,0.0014506934609760833,-0.02148504246199001,0.08633911920337983,0.4318181818181818,0.5681818181818182,long,0.4318181818181818,0.004155305091896149
sig_potus&deal_over_tariff,21,0.001589929356086642,-0.017857261046929418,0.07851869319803755,0.47619047619047616,0.5238095238095238,long,0.47619047619047616,0.0034695102970949687
has_market_brag&volume_spike,36,0.00037629145284561366,0.0107198726869433,0.06344875338637784,0.5555555555555556,0.4166666666666667,long,0.5555555555555556,0.0012543048428187123
