event,n,mean_ret,median_ret,std,hit_up,hit_down,direction,directional_hit,score
silence_day,229,0.019223065270916915,0.01567449826163858,0.05212055016235876,0.6238938053097345,0.36283185840707965,long,0.6238938053097345,0.18148931239723523
posts_low&silence_day,229,0.019223065270916915,0.01567449826163858,0.05212055016235876,0.6238938053097345,0.36283185840707965,long,0.6238938053097345,0.18148931239723523
posts_low,400,0.012522591194772857,0.007575771242549267,0.050588502246198916,0.5743073047858942,0.40554156171284633,long,0.5743073047858942,0.14383631196011143
silence_day&volume_drop,147,0.0185488990531028,0.011213047910295648,0.05270203845712477,0.6054421768707483,0.3741496598639456,long,0.6054421768707483,0.1361599793816755
volume_drop,326,0.010619284076195652,0.004175448902582701,0.04190923808428291,0.5552147239263804,0.4171779141104294,long,0.5552147239263804,0.10645474245279977
posts_low&volume_drop,222,0.01192886676509555,0.00438616483129417,0.04622909749950186,0.5540540540540541,0.4099099099099099,long,0.5540540540540541,0.09847541328319305
posts_low&volume_spike,41,0.01774180882403202,0.020148462354188768,0.07687495355119074,0.6829268292682927,0.3170731707317073,long,0.6829268292682927,0.07758254074921132
short_posts&china_streak_3d,38,0.015370170058716232,0.01457331989474353,0.030183290567364466,0.7631578947368421,0.18421052631578946,long,0.7631578947368421,0.07230775406844685
has_attack&has_all_caps,151,0.009583768339620739,0.006689085249990345,0.032896484239569944,0.5894039735099338,0.39072847682119205,long,0.5894039735099338,0.06941252459024617
posts_very_high&deal_over_tariff,121,0.009783648631107214,0.010600590351625971,0.030371542808422587,0.6446280991735537,0.34710743801652894,long,0.6446280991735537,0.06937496302057843
has_attack&has_uppercase_phrase,219,0.007881764963280224,0.006689085249990345,0.03229184128383972,0.593607305936073,0.3744292237442922,long,0.593607305936073,0.06923804151482268
deal_heavy&deal_only,89,0.011244676189260172,0.010600590351625971,0.03565762393426877,0.651685393258427,0.3146067415730337,long,0.651685393258427,0.06913213094744791
posts_very_high&china_streak_3d,27,0.017770464347312658,0.012049895543359668,0.032085205797716294,0.7407407407407407,0.2222222222222222,long,0.7407407407407407,0.0683985491636374
posts_very_high&has_attack,214,0.007861416231130493,0.007492291171032672,0.03437264162327026,0.5934579439252337,0.3878504672897196,long,0.5934579439252337,0.06824920947646772
posts_very_high&has_all_caps,106,0.010561824440094863,0.008385762330203383,0.03388335939931418,0.6226415094339622,0.3584905660377358,long,0.6226415094339622,0.06770643501179954
has_attack&has_positive,577,0.005181695413335643,0.0034721640411734533,0.03343223320919899,0.5320623916811091,0.43327556325823224,long,0.5320623916811091,0.06622505839506072
posts_very_high&deal_only,95,0.010350361426010164,0.010600590351625971,0.030292825921068793,0.6526315789473685,0.3368421052631579,long,0.6526315789473685,0.06583932990793065
posts_very_high&has_night_post,231,0.007177484403776724,0.007299339009299688,0.034308254606998795,0.5887445887445888,0.38961038961038963,long,0.5887445887445888,0.06422515719456597
has_attack&lots_of_excl,559,0.0050876736998748924,0.0034844453737110648,0.03370987398411985,0.5330948121645797,0.43112701252236135,long,0.5330948121645797,0.06412532954591289
posts_very_high&lots_of_excl,231,0.007127675974329179,0.007142987831855185,0.034244590840373956,0.5844155844155844,0.3939393939393939,long,0.5844155844155844,0.06331049759385773
has_positive&has_all_caps,180,0.00806250428647711,0.006418276828544012,0.03203373664639822,0.5833333333333334,0.39444444444444443,long,0.5833333333333334,0.0630990767870619
has_positive,814,0.004205264576226741,0.0031299544361220732,0.033307555563777166,0.5233415233415234,0.44226044226044225,long,0.5233415233415234,0.06279003447317992
posts_high&posts_very_high,233,0.006966524028230884,0.007142987831855185,0.03424655273429236,0.5836909871244635,0.3948497854077253,long,0.5836909871244635,0.06206933425341713
posts_very_high&has_exclamation,233,0.006966524028230884,0.007142987831855185,0.03424655273429236,0.5836909871244635,0.3948497854077253,long,0.5836909871244635,0.06206933425341713
posts_very_high&exclamation_heavy,233,0.006966524028230884,0.007142987831855185,0.03424655273429236,0.5836909871244635,0.3948497854077253,long,0.5836909871244635,0.06206933425341713
posts_very_high,233,0.006966524028230884,0.007142987831855185,0.03424655273429236,0.5836909871244635,0.3948497854077253,long,0.5836909871244635,0.06206933425341713
posts_very_high&has_positive,233,0.006966524028230884,0.007142987831855185,0.03424655273429236,0.5836909871244635,0.3948497854077253,long,0.5836909871244635,0.06206933425341713
has_attack&has_exclamation,595,0.004802829849247225,0.0034130914839203275,0.03349811675921175,0.5277310924369748,0.43865546218487395,long,0.5277310924369748,0.06182560377667673
has_attack,595,0.004802829849247225,0.0034130914839203275,0.03349811675921175,0.5277310924369748,0.43865546218487395,long,0.5277310924369748,0.06182560377667673
posts_very_high&positive_heavy,220,0.007129581633071033,0.007221163420577437,0.03417597850034571,0.5818181818181818,0.39545454545454545,long,0.5818181818181818,0.061526565842392925
has_all_caps&exclamation_heavy,180,0.007846031413311692,0.006418276828544012,0.032718548733346266,0.5833333333333334,0.39444444444444443,long,0.5833333333333334,0.06140490857817293
has_all_caps&lots_of_excl,177,0.007867951075919786,0.006192147316183005,0.03293495719494928,0.5819209039548022,0.3954802259887006,long,0.5819209039548022,0.06091331599977761
has_attack&has_night_post,549,0.004859192926922296,0.0034721640411734533,0.03381083492905334,0.5336976320582878,0.4335154826958106,long,0.5336976320582878,0.06076389303235077
has_positive&has_exclamation,807,0.004085865910332295,0.0031349712912176475,0.033309428061871,0.5229244114002478,0.4423791821561338,long,0.5229244114002478,0.06069596120723564
has_action&deal_only,74,0.011512834822605393,0.009092899490870887,0.03176752602519796,0.6081081081081081,0.36486486486486486,long,0.6081081081081081,0.06022529385189725
has_attack&exclamation_heavy,579,0.004732077051117692,0.003366947072901194,0.0335682719671779,0.5267702936096719,0.4386873920552677,long,0.5267702936096719,0.05998081534220391
has_positive&has_night_post,734,0.004110044790930152,0.0031797733488023727,0.03295694787696351,0.5258855585831063,0.44141689373297005,long,0.5258855585831063,0.05855794528217149
deal_heavy&deal_over_tariff,131,0.008400788223580995,0.009008962651906538,0.033881350278851106,0.6030534351145038,0.366412213740458,long,0.6030534351145038,0.05798444172573462
has_action&deal_over_tariff,91,0.009985693100468537,0.009008962651906538,0.032077961806553874,0.6043956043956044,0.37362637362637363,long,0.6043956043956044,0.05757317863758915
has_attack&has_china,227,0.00682054707935009,0.006644406340905018,0.03325887349132568,0.5594713656387665,0.3964757709251101,long,0.5594713656387665,0.057492342399257934
posts_high&has_attack,352,0.005533916573556383,0.00398756208240747,0.03386215288274285,0.5511363636363636,0.41761363636363635,long,0.5511363636363636,0.05722199642011869
has_action&has_attack,148,0.00822501339063553,0.006971868936668457,0.03406638218012184,0.5675675675675675,0.39864864864864863,long,0.5675675675675675,0.05679172262372634
positive_heavy&has_all_caps,152,0.007811854038820757,0.005820807061445832,0.032833761246572606,0.5855263157894737,0.3881578947368421,long,0.5855263157894737,0.056392627841039766
posts_very_high&has_uppercase_phrase,132,0.007786930012609647,0.008385762330203383,0.03326171533080788,0.6136363636363636,0.36363636363636365,long,0.6136363636363636,0.05489898620928948
has_all_caps&has_uppercase_phrase,134,0.007655069039364959,0.007255479035770618,0.03636525007138256,0.6194029850746269,0.3582089552238806,long,0.6194029850746269,0.05488767124164842
has_night_post&has_all_caps,183,0.006908303915668738,0.006192147316183005,0.035227245512908414,0.5846994535519126,0.39344262295081966,long,0.5846994535519126,0.05464238764728774
has_attack&positive_heavy,450,0.00480518059931051,0.0037106546097335213,0.0337469051191988,0.5355555555555556,0.43333333333333335,long,0.5355555555555556,0.05459093097134924
has_positive&has_china,281,0.005903750304856761,0.004166815711346805,0.03289168971649242,0.5516014234875445,0.4128113879003559,long,0.5516014234875445,0.05458917353138232
posts_very_high&attack_heavy,170,0.00711101496761802,0.007312611701869476,0.03529624575585959,0.5882352941176471,0.3941176470588235,long,0.5882352941176471,0.05453899515332639
posts_very_high&has_action,101,0.009134099650400986,0.009008962651906538,0.03718790739419788,0.594059405940594,0.37623762376237624,long,0.594059405940594,0.054532613107398244
posts_high&has_all_caps,142,0.007897425292043797,0.006046936573806838,0.03384210957760856,0.5774647887323944,0.4014084507042254,long,0.5774647887323944,0.054344451085716304
has_positive&has_uppercase_phrase,281,0.005785417570907024,0.0037735876444477956,0.0331317310918299,0.5587188612099644,0.4128113879003559,long,0.5587188612099644,0.054185265128277586
has_action&has_exclamation,185,0.007131294106213967,0.006289279622046173,0.0341665457360005,0.5567567567567567,0.41081081081081083,long,0.5567567567567567,0.054003226523800976
has_action,187,0.00708208206301655,0.006289279622046173,0.03411635071387402,0.5561497326203209,0.4117647058823529,long,0.5561497326203209,0.05386088570812959
has_all_caps&has_exclamation,184,0.006792673176886544,0.005820807061445832,0.035165861239562224,0.5815217391304348,0.3967391304347826,long,0.5815217391304348,0.05358158860857627
has_all_caps,184,0.006792673176886544,0.005820807061445832,0.035165861239562224,0.5815217391304348,0.3967391304347826,long,0.5815217391304348,0.05358158860857627
posts_very_high&has_deal,141,0.007118049928484559,0.01013520258650269,0.03218118824433655,0.6312056737588653,0.3617021276595745,long,0.6312056737588653,0.05335086685153395
has_market_brag&has_all_caps,53,0.011645950262682607,0.005291064195947159,0.03918390060112307,0.6226415094339622,0.37735849056603776,long,0.6226415094339622,0.05278991176141537
has_action&has_positive,181,0.00703093438267608,0.006289279622046173,0.03444119407324369,0.5580110497237569,0.4088397790055249,long,0.5580110497237569,0.05278312892983975
deal_heavy&pre_action,27,0.013555888007028939,0.016556217188073097,0.03376145216886026,0.7407407407407407,0.25925925925925924,long,0.7407407407407407,0.05217663726641718
posts_very_high&has_china,142,0.007375614562986571,0.007007862425712941,0.035240954992473345,0.5915492957746479,0.38028169014084506,long,0.5915492957746479,0.051991617276815255
has_positive&lots_of_excl,701,0.0037424304095815437,0.003115194740431315,0.03339640674161333,0.5192582025677603,0.44365192582025675,long,0.5192582025677603,0.05145127105419701
has_action&has_night_post,182,0.006838606146929297,0.006240713469114589,0.03435193276490431,0.554945054945055,0.41208791208791207,long,0.554945054945055,0.05119803254659006
has_uppercase_phrase&lots_of_excl,266,0.0055460396936099395,0.004665320103619863,0.032609081149675596,0.5639097744360902,0.40977443609022557,long,0.5639097744360902,0.05100742671746101
has_china&has_night_post,271,0.005622772964010683,0.004166815711346805,0.03331257995313443,0.5498154981549815,0.4132841328413284,long,0.5498154981549815,0.050892310819279064
deal_heavy&has_action,54,0.01060111335661239,0.01071539826908452,0.034226007788350776,0.6481481481481481,0.3333333333333333,long,0.6481481481481481,0.050492008056590716
has_china&exclamation_heavy,281,0.005517035162444608,0.0037735876444477956,0.03294981336936685,0.5444839857651246,0.4199288256227758,long,0.5444839857651246,0.05035516493139365
has_china&deal_over_tariff,124,0.0074695709290467,0.007413867606942071,0.030895286991308234,0.6048387096774194,0.3951612903225806,long,0.6048387096774194,0.05030904535206938
has_china&deal_only,93,0.008336870062226706,0.007843102840246363,0.031152105084194318,0.6236559139784946,0.3763440860215054,long,0.6236559139784946,0.050140602930685306
has_positive&exclamation_heavy,753,0.0035419928211206323,0.0030864752361752235,0.03310009033890599,0.5139442231075697,0.45152722443559096,long,0.5139442231075697,0.04995295146321042
deal_heavy&has_attack,115,0.007398836399493463,0.009966672634327267,0.033224285159576504,0.6260869565217392,0.3565217391304348,long,0.6260869565217392,0.049676043728959965
posts_high&has_uppercase_phrase,200,0.006093208548894051,0.005790171908996666,0.03226553498397595,0.575,0.395,long,0.575,0.0495483144672285
has_night_post&lots_of_excl,667,0.0036350526251131363,0.0031349712912176475,0.033552460501453066,0.52023988005997,0.4452773613193403,long,0.52023988005997,0.048840180511134444
has_attack&short_posts,296,0.005215170094660022,0.0034130914839203275,0.03386486580426286,0.543918918918919,0.42905405405405406,long,0.543918918918919,0.04880322233670445
has_china&has_exclamation,288,0.005265279823252715,0.0037106546097335213,0.03296000895152847,0.5451388888888888,0.4201388888888889,long,0.5451388888888888,0.048710755471255994
has_china,288,0.005265279823252715,0.0037106546097335213,0.03296000895152847,0.5451388888888888,0.4201388888888889,long,0.5451388888888888,0.048710755471255994
has_exclamation&lots_of_excl,720,0.003494776537042519,0.0030960310593703966,0.03357107103255814,0.5152777777777777,0.44722222222222224,long,0.5152777777777777,0.048320016366873345
lots_of_excl,720,0.003494776537042519,0.0030960310593703966,0.03357107103255814,0.5152777777777777,0.44722222222222224,long,0.5152777777777777,0.048320016366873345
has_night_post&has_uppercase_phrase,274,0.005156549466257626,0.003961411423089367,0.03344015858617515,0.5656934306569343,0.4051094890510949,long,0.5656934306569343,0.04828537459770054
has_uppercase_phrase&exclamation_heavy,273,0.005200480332799269,0.0037735876444477956,0.032237153833222676,0.5604395604395604,0.4139194139194139,long,0.5604395604395604,0.048156350371844826
posts_very_high&short_posts,159,0.006511614233458881,0.006289279622046173,0.034739871837685135,0.5849056603773585,0.389937106918239,long,0.5849056603773585,0.04802562773889345
has_exclamation&exclamation_heavy,782,0.0033604914820075803,0.003048950070583256,0.03320030210616759,0.5089514066496164,0.45652173913043476,long,0.5089514066496164,0.047828030162236544
exclamation_heavy,782,0.0033604914820075803,0.003048950070583256,0.03320030210616759,0.5089514066496164,0.45652173913043476,long,0.5089514066496164,0.047828030162236544
has_uppercase_phrase,291,0.0049874824057677325,0.0037735876444477956,0.035279096208407607,0.5601374570446735,0.41237113402061853,long,0.5601374570446735,0.04765653763127873
volume_spike,173,0.006357082265873823,0.006282722513089034,0.04768546256709388,0.5664739884393064,0.4161849710982659,long,0.5664739884393064,0.047365361441552435
exclamation_heavy&lots_of_excl,717,0.0034340279977978605,0.0030960310593703966,0.0333643043229748,0.5146443514644351,0.4476987447698745,long,0.5146443514644351,0.047322820364935604
has_uppercase_phrase&has_exclamation,289,0.004917831118558271,0.0037735876444477956,0.03536546928352103,0.5605536332179931,0.4117647058823529,long,0.5605536332179931,0.04686403771802588
positive_heavy&has_china,248,0.005447565471026818,0.003752466802922405,0.033438339135487875,0.5443548387096774,0.41935483870967744,long,0.5443548387096774,0.04669930169970244
has_night_post&exclamation_heavy,721,0.0033361151373339933,0.0030960310593703966,0.033167347786408626,0.5145631067961165,0.4535367545076283,long,0.5145631067961165,0.046094308912279
has_positive&short_posts,418,0.004196886168820227,0.0030960310593703966,0.032404613330066084,0.5358851674641149,0.430622009569378,long,0.5358851674641149,0.045981916403872496
exclamation_heavy&short_posts,402,0.004322088263695161,0.0030960310593703966,0.03385752270575166,0.5298507462686567,0.43781094527363185,long,0.5298507462686567,0.04591559415160767
has_china&short_posts,151,0.006404710529697868,0.005181405005508788,0.0338911042969647,0.5827814569536424,0.39072847682119205,long,0.5827814569536424,0.04586629969537655
has_action&exclamation_heavy,179,0.006158348818466754,0.006192147316183005,0.03351979239132233,0.553072625698324,0.4134078212290503,long,0.553072625698324,0.04556936360126178
attack_heavy&has_positive,295,0.0047851619568603666,0.004807758214844249,0.03435815360144405,0.5525423728813559,0.41694915254237286,long,0.5525423728813559,0.045412272765747864
deal_heavy&has_positive,138,0.006414783270320044,0.007738293783797201,0.0345428441933844,0.5942028985507246,0.37681159420289856,long,0.5942028985507246,0.044777134448547584
deal_heavy&has_exclamation,143,0.006373433927093053,0.007633484727348039,0.034033360494620614,0.5874125874125874,0.38461538461538464,long,0.5874125874125874,0.04476975886185332
deal_heavy,143,0.006373433927093053,0.007633484727348039,0.034033360494620614,0.5874125874125874,0.38461538461538464,long,0.5874125874125874,0.04476975886185332
has_deal&deal_heavy,143,0.006373433927093053,0.007633484727348039,0.034033360494620614,0.5874125874125874,0.38461538461538464,long,0.5874125874125874,0.04476975886185332
has_deal&has_china,153,0.0060710560239676985,0.006826123293192987,0.0309710781288833,0.5947712418300654,0.39215686274509803,long,0.5947712418300654,0.04466423681124254
attack_heavy&has_china,148,0.006569323712728957,0.005982048032518561,0.03526504075130365,0.5540540540540541,0.39864864864864863,long,0.5540540540540541,0.04427959679180212
has_market_brag&has_russia,56,0.009728316041978574,0.0064019544401873185,0.03294122034442747,0.6071428571428571,0.3392857142857143,long,0.6071428571428571,0.04420003106062782
posts_high&has_positive,403,0.004135266129624357,0.0034130914839203275,0.033740474259159346,0.5310173697270472,0.43424317617866004,long,0.5310173697270472,0.04408234758065204
has_russia&has_uppercase_phrase,114,0.007005541087139777,0.005790171908996666,0.03419061145170606,0.5877192982456141,0.38596491228070173,long,0.5877192982456141,0.04396064557727366
has_night_post&has_exclamation,779,0.003039709584138581,0.0030864752361752235,0.03448456198702871,0.5173299101412067,0.45057766367137353,long,0.5173299101412067,0.04389028592815211
posts_high&lots_of_excl,402,0.004098399734730826,0.003448768428815696,0.03391465055076904,0.5323383084577115,0.43283582089552236,long,0.5323383084577115,0.043743654383896984
has_china&lots_of_excl,265,0.005014294073073915,0.003689963258070028,0.03317443161302704,0.5358490566037736,0.42641509433962266,long,0.5358490566037736,0.043739640361113954
has_exclamation,882,0.0028730535488592345,0.0030303523892754036,0.03478239019268657,0.5113378684807256,0.45351473922902497,long,0.5113378684807256,0.04363007604032422
has_night_post,806,0.002965928692417816,0.003081668541899063,0.03464701928545372,0.5161290322580645,0.45285359801488834,long,0.5161290322580645,0.04345967908994248
china_streak_3d&volume_drop,23,0.01488706070548801,0.009677483398586872,0.033122447507346164,0.6086956521739131,0.34782608695652173,long,0.6086956521739131,0.04345833436051708
attack_heavy&has_uppercase_phrase,145,0.006264019955929681,0.006644406340905018,0.032482202293476085,0.5724137931034483,0.3931034482758621,long,0.5724137931034483,0.04317647907344743
deal_heavy&pre_deal,92,0.007500843357829067,0.01000009177749761,0.03211389994374915,0.5978260869565217,0.3695652173913043,long,0.5978260869565217,0.04301093383651979
china_streak_3d,74,0.008566030977995215,0.007168619159195644,0.030551545655261778,0.581081081081081,0.3918918918918919,long,0.581081081081081,0.042818577607729155
posts_high&has_night_post,394,0.004038522105929168,0.003448768428815696,0.033896406065472916,0.5329949238578681,0.43147208121827413,long,0.5329949238578681,0.042726138924784225
posts_high&has_exclamation,405,0.003972246338913977,0.0034130914839203275,0.03388181590754814,0.5308641975308642,0.4345679012345679,long,0.5308641975308642,0.04243723911100132
posts_high&exclamation_heavy,405,0.003972246338913977,0.0034130914839203275,0.03388181590754814,0.5308641975308642,0.4345679012345679,long,0.5308641975308642,0.04243723911100132
posts_high,405,0.003972246338913977,0.0034130914839203275,0.03388181590754814,0.5308641975308642,0.4345679012345679,long,0.5308641975308642,0.04243723911100132
has_china&pre_deal,82,0.007382378674534893,0.007619041343915556,0.026112647775178213,0.6341463414634146,0.35365853658536583,long,0.6341463414634146,0.04239286184074715
has_china&has_all_caps,95,0.007512402655408218,0.005449466806708658,0.034326687126715924,0.5789473684210527,0.3894736842105263,long,0.5789473684210527,0.04239159373127722
short_posts,523,0.0035619840896884644,0.0030212049786328965,0.03750535619824224,0.5200764818355641,0.4474187380497132,long,0.5200764818355641,0.04236527549165083
has_action&has_china,87,0.008404592230981193,0.008928421820160404,0.03309663456199809,0.5402298850574713,0.41379310344827586,long,0.5402298850574713,0.04235014280086584
has_action&lots_of_excl,173,0.005886073316032313,0.005747123217098249,0.03390578504095779,0.5433526011560693,0.42196531791907516,long,0.5433526011560693,0.04206592753316217
has_deal&has_action,104,0.007115524654754488,0.006985145367672141,0.03329417290211072,0.5769230769230769,0.3942307692307692,long,0.5769230769230769,0.04186407584312734
deal_heavy&has_russia,62,0.008660329139646624,0.009447547227243835,0.03458674836265359,0.6129032258064516,0.3548387096774194,long,0.6129032258064516,0.04179479022274573
posts_very_high&pre_deal,77,0.007446413927089051,0.010928990630571622,0.03142691787905353,0.6363636363636364,0.35064935064935066,long,0.6363636363636364,0.04158128356071909
has_china&has_uppercase_phrase,129,0.006467126730332776,0.005181405005508788,0.03210625827296375,0.5658914728682171,0.3875968992248062,long,0.5658914728682171,0.041566109414622375
posts_very_high&pre_action,44,0.010196165784765865,0.010764790491098797,0.03764363499190146,0.6136363636363636,0.36363636363636365,long,0.6136363636363636,0.04150250534658435
has_uppercase_phrase&volume_spike,81,0.007460352085161812,0.009230522637440508,0.0387989313971834,0.6172839506172839,0.35802469135802467,long,0.6172839506172839,0.041446400473121175
attack_heavy&has_exclamation,298,0.00438605019844809,0.00391937134974496,0.03452695263695314,0.5469798657718121,0.4228187919463087,long,0.5469798657718121,0.04141456177316694
has_attack&attack_heavy,298,0.00438605019844809,0.00391937134974496,0.03452695263695314,0.5469798657718121,0.4228187919463087,long,0.5469798657718121,0.04141456177316694
attack_heavy,298,0.00438605019844809,0.00391937134974496,0.03452695263695314,0.5469798657718121,0.4228187919463087,long,0.5469798657718121,0.04141456177316694
has_action&short_posts,107,0.0069041643749276375,0.008955276344301266,0.03649997092313337,0.5794392523364486,0.40186915887850466,long,0.5794392523364486,0.041381947291192496
has_action&china_streak_3d,20,0.01423466905610295,0.01457331989474353,0.03681881080864671,0.65,0.3,long,0.65,0.041378593940656655
posts_high&deal_only,159,0.005634943513891008,0.007194250486536102,0.034013203889347,0.5786163522012578,0.39622641509433965,long,0.5786163522012578,0.041112968179935594
attack_heavy&exclamation_heavy,297,0.0043695453974797165,0.0037735876444477956,0.034584048441775,0.5454545454545454,0.42424242424242425,long,0.5454545454545454,0.04107457190080496
has_attack&open_tariff,28,0.01082409815997823,0.010241686622703305,0.029525209484888685,0.7142857142857143,0.2857142857142857,long,0.7142857142857143,0.040911245568363175
deal_heavy&short_posts,64,0.008165348934907592,0.008982119498103902,0.02988588435315443,0.625,0.359375,long,0.625,0.04082674467453796
posts_high&attack_heavy,248,0.0047001408140427865,0.003711505927458836,0.03567577670780742,0.5483870967741935,0.42338709677419356,long,0.5483870967741935,0.04059045666055046
deal_heavy&exclamation_heavy,141,0.005778766947341875,0.007633484727348039,0.03331260443456888,0.5886524822695035,0.3829787234042553,long,0.5886524822695035,0.040392777394627204
posts_high&deal_over_tariff,194,0.005100349846184029,0.006655745307398209,0.03332352914038902,0.5670103092783505,0.4072164948453608,long,0.5670103092783505,0.04028021562259804
positive_heavy&has_night_post,544,0.0032954747272075963,0.0032052120527791272,0.033506278201009404,0.5220588235294118,0.44485294117647056,long,0.5220588235294118,0.04012701696931886
posts_high&open_tariff,27,0.010942269027853422,0.010582128391894319,0.03008089658083699,0.7037037037037037,0.2962962962962963,long,0.7037037037037037,0.040010972468917695
has_night_post&china_streak_3d,69,0.008090735435649369,0.007194250486536102,0.03034871994214109,0.5942028985507246,0.37681159420289856,long,0.5942028985507246,0.03993441358798838
deal_heavy&has_night_post,137,0.005842654787043672,0.007633484727348039,0.034130658765378366,0.583941605839416,0.38686131386861317,long,0.583941605839416,0.03993373486965001
deal_heavy&positive_heavy,128,0.005886921056254578,0.007738293783797201,0.03433809898295436,0.5859375,0.3828125,long,0.5859375,0.03902514186738268
posts_very_high&has_market_brag,62,0.008083769875093242,0.0066703762757607254,0.037257078165613786,0.6129032258064516,0.3870967741935484,long,0.6129032258064516,0.039012312429531924
deal_heavy&lots_of_excl,135,0.005716720944631006,0.007843102840246363,0.0338492811686166,0.5851851851851851,0.3851851851851852,long,0.5851851851851851,0.03886934302364912
positive_heavy&exclamation_heavy,571,0.003150728178453651,0.0030960310593703966,0.03366499479075722,0.5148861646234676,0.45183887915936954,long,0.5148861646234676,0.03876503794030131
attack_heavy&lots_of_excl,296,0.004141064198088871,0.003711505927458836,0.03441734723902155,0.543918918918919,0.42567567567567566,long,0.543918918918919,0.0387518092606091
attack_heavy&has_night_post,286,0.004195655289544338,0.003711505927458836,0.03465597597131661,0.5454545454545454,0.42657342657342656,long,0.5454545454545454,0.03870271051927379
positive_heavy&open_tariff,29,0.010335524339806734,0.009901244853512292,0.029112315645711942,0.6896551724137931,0.3103448275862069,long,0.6896551724137931,0.03838517375035124
open_tariff,29,0.010335524339806734,0.009901244853512292,0.029112315645711942,0.6896551724137931,0.3103448275862069,long,0.6896551724137931,0.03838517375035124
open_tariff&has_exclamation,29,0.010335524339806734,0.009901244853512292,0.029112315645711942,0.6896551724137931,0.3103448275862069,long,0.6896551724137931,0.03838517375035124
has_tariff&open_tariff,29,0.010335524339806734,0.009901244853512292,0.029112315645711942,0.6896551724137931,0.3103448275862069,long,0.6896551724137931,0.03838517375035124
open_tariff&exclamation_heavy,29,0.010335524339806734,0.009901244853512292,0.029112315645711942,0.6896551724137931,0.3103448275862069,long,0.6896551724137931,0.03838517375035124
has_positive&open_tariff,29,0.010335524339806734,0.009901244853512292,0.029112315645711942,0.6896551724137931,0.3103448275862069,long,0.6896551724137931,0.03838517375035124
open_tariff&lots_of_excl,29,0.010335524339806734,0.009901244853512292,0.029112315645711942,0.6896551724137931,0.3103448275862069,long,0.6896551724137931,0.03838517375035124
has_all_caps&short_posts,125,0.005997099767104243,0.005291064195947159,0.036875022021227236,0.568,0.416,long,0.568,0.03808418060174481
has_positive&positive_heavy,575,0.003077126449934833,0.0030960310593703966,0.0336100339343564,0.5147826086956522,0.45217391304347826,long,0.5147826086956522,0.037984212946311144
positive_heavy,575,0.003077126449934833,0.0030960310593703966,0.0336100339343564,0.5147826086956522,0.45217391304347826,long,0.5147826086956522,0.037984212946311144
positive_heavy&has_exclamation,575,0.003077126449934833,0.0030960310593703966,0.0336100339343564,0.5147826086956522,0.45217391304347826,long,0.5147826086956522,0.037984212946311144
lots_of_excl&short_posts,360,0.003792600218125713,0.00309125314777281,0.03414640822462947,0.5277777777777778,0.4361111111111111,long,0.5277777777777778,0.03797864065514077
pre_deal&deal_over_tariff,145,0.00557598196706881,0.005780456907851006,0.030609065225448314,0.5655172413793104,0.4,long,0.5655172413793104,0.03797092804510448
has_night_post&deal_only,238,0.004502991305221747,0.003839879868074103,0.03372989092810998,0.5462184873949579,0.42857142857142855,long,0.5462184873949579,0.03794512450518084
posts_high&has_action,140,0.005898129035158576,0.004760355430773022,0.035197895906992245,0.5428571428571428,0.42857142857142855,long,0.5428571428571428,0.037884699252415735
has_night_post&deal_over_tariff,277,0.004196238912433698,0.0037735876444477956,0.033148740903260684,0.5415162454873647,0.4332129963898917,long,0.5415162454873647,0.0378191341143937
posts_high&short_posts,237,0.004408477634971749,0.0037735876444477956,0.034870466965840397,0.5569620253164557,0.4219409282700422,long,0.5569620253164557,0.03779970409386754
has_exclamation&china_streak_3d,73,0.007679813212325918,0.007142987831855185,0.029789852761677324,0.5753424657534246,0.3972602739726027,long,0.5753424657534246,0.037751874242150284
has_positive&volume_spike,140,0.005723227361138886,0.004611527225578227,0.035911806134485476,0.5571428571428572,0.42142857142857143,long,0.5571428571428572,0.037728677649352484
posts_high&positive_heavy,369,0.0037121338498850515,0.0034130914839203275,0.03395383664061467,0.5284552845528455,0.4363143631436314,long,0.5284552845528455,0.037682964018087864
pre_action&has_uppercase_phrase,42,0.00938595354240967,0.01153473647247738,0.036577554335231986,0.6190476190476191,0.35714285714285715,long,0.6190476190476191,0.037655385928741764
positive_heavy&has_uppercase_phrase,229,0.004464642286362766,0.004149235201730939,0.03285200943201248,0.5502183406113537,0.4192139737991266,long,0.5502183406113537,0.03717401520680638
open_tariff&has_night_post,28,0.010351034321460105,0.009107806559621179,0.029646409119147607,0.6785714285714286,0.32142857142857145,long,0.6785714285714286,0.037167070707905384
pre_action&has_all_caps,29,0.010367210640938377,0.010600590351625971,0.03539022758826536,0.6551724137931034,0.3448275862068966,long,0.6551724137931034,0.036577711032513865
posts_very_high&deal_heavy,80,0.006523133425761815,0.009572082619204614,0.03135221484527682,0.625,0.375,long,0.625,0.03646542441576124
has_attack&deal_over_tariff,231,0.00432321347970765,0.006689085249990345,0.033882992229656426,0.5541125541125541,0.42857142857142855,long,0.5541125541125541,0.03640916014907609
positive_heavy&lots_of_excl,559,0.0029797905521264136,0.0030960310593703966,0.03364833307005296,0.5134168157423972,0.4525939177101968,long,0.5134168157423972,0.036171101275494354
posts_very_high&open_tariff,24,0.011041760524326682,0.013377316332381817,0.03191104552438243,0.6666666666666666,0.3333333333333333,long,0.6666666666666666,0.03606223886214188
posts_very_high&has_russia,123,0.005692137838195112,0.006514629258328464,0.03244911694875775,0.5691056910569106,0.3983739837398374,long,0.5691056910569106,0.035926994915294386
has_positive&china_streak_3d,71,0.0075530775562168495,0.0070173645462692225,0.03077937080659169,0.5633802816901409,0.4084507042253521,long,0.5633802816901409,0.03585541562653524
posts_high&deal_heavy,110,0.0056794106859780905,0.008385762330203383,0.030783844815819673,0.6,0.37272727272727274,long,0.6,0.03573969707907559
attack_heavy&has_all_caps,106,0.0063744279345942295,0.0034130914839203275,0.03166388350531904,0.5377358490566038,0.4339622641509434,long,0.5377358490566038,0.03529093288087357
has_relief&has_action,31,0.009282724074911288,0.01694901566870821,0.03976678572195917,0.6774193548387096,0.3225806451612903,long,0.6774193548387096,0.035011755683218786
high_emotion&volume_spike,24,0.01139034072663353,0.013317677439845022,0.06151525392396492,0.625,0.375,long,0.625,0.0348756534708679
posts_high&has_china,205,0.004507516715179958,0.0037313459613970146,0.03365909188272155,0.5365853658536586,0.424390243902439,long,0.5365853658536586,0.03463004855826402
positive_heavy&pre_deal,144,0.0049779624261010414,0.006666745795447682,0.030697457719611514,0.5763888888888888,0.3888888888888889,long,0.5763888888888888,0.0344309067805322
has_china&pre_relief,20,0.010264117795240908,0.013525851803416589,0.03062054430595745,0.75,0.25,long,0.75,0.03442689767883591
posts_very_high&has_relief,51,0.007230018069442974,0.010204029443232177,0.032989187172225806,0.6666666666666666,0.3333333333333333,long,0.6666666666666666,0.03442177105333237
exclamation_heavy&china_streak_3d,68,0.007252114986808853,0.007080176189062204,0.030120968936049125,0.5735294117647058,0.39705882352941174,long,0.5735294117647058,0.034298476702640336
has_relief&volume_spike,28,0.01001294147348783,0.012617424294274815,0.02929178619496574,0.6428571428571429,0.35714285714285715,long,0.6428571428571429,0.03406082532569157
short_posts&volume_drop,103,0.005953558200504504,0.0030768618476229026,0.02593285639698936,0.5631067961165048,0.3786407766990291,long,0.5631067961165048,0.03402404818443082
has_russia&volume_drop,26,0.010800183878130368,0.007171624470354243,0.03275948453903494,0.6153846153846154,0.38461538461538464,long,0.6153846153846154,0.03388944513537043
pre_deal&deal_only,116,0.005528294894060147,0.004964846054790972,0.030990019392995213,0.5689655172413793,0.3879310344827586,long,0.5689655172413793,0.03387709346653395
has_action&attack_heavy,107,0.006139774626201058,0.005747123217098249,0.035572765314961174,0.5327102803738317,0.4392523364485981,long,0.5327102803738317,0.03383260174429199
has_relief&has_china,39,0.0080756566892713,0.010204029443232177,0.030117053689476224,0.6666666666666666,0.3333333333333333,long,0.6666666666666666,0.0336216399068346
pre_deal&lots_of_excl,156,0.0046609065762962,0.006666745795447682,0.031064313629605062,0.5705128205128205,0.391025641025641,long,0.5705128205128205,0.033212235247853356
attack_heavy&deal_over_tariff,145,0.0047990889950891725,0.007194250486536102,0.03497263646685452,0.5724137931034483,0.4206896551724138,long,0.5724137931034483,0.033079039822012594
has_positive&deal_over_tariff,287,0.003614094946443689,0.003649424210469876,0.03342893814514165,0.5400696864111498,0.4355400696864111,long,0.5400696864111498,0.033066658303628614
has_action&has_uppercase_phrase,95,0.005844962241271192,0.007299331532431896,0.03593580068242228,0.5789473684210527,0.4,long,0.5789473684210527,0.03298242600564651
attack_heavy&short_posts,152,0.0046662181833588435,0.005236234600727974,0.03596406014524795,0.5723684210526315,0.4144736842105263,long,0.5723684210526315,0.03292778370796443
has_positive&deal_only,245,0.0038266047885076883,0.0037735876444477956,0.03414222973446858,0.5469387755102041,0.42857142857142855,long,0.5469387755102041,0.03275935684678112
positive_heavy&short_posts,274,0.0036199672973449334,0.0034130914839203275,0.03330965800342213,0.5437956204379562,0.42700729927007297,long,0.5437956204379562,0.03258484309973618
has_russia&pre_tariff,30,-0.00983916420938984,-0.01519601754770833,0.03511200777313712,0.4,0.6,short,0.6,0.032334793106881796
posts_high&has_market_brag,112,0.005659735214124732,0.0032740313875689875,0.035749505816479274,0.5357142857142857,0.42857142857142855,long,0.5357142857142857,0.0320876825636763
lots_of_excl&china_streak_3d,65,0.0068006302121539726,0.007142987831855185,0.029568464185200708,0.5846153846153846,0.38461538461538464,long,0.5846153846153846,0.03205354580934708
pre_deal&short_posts,72,0.0063207951840692006,0.008109231570820774,0.03352985140345728,0.5972222222222222,0.375,long,0.5972222222222222,0.03203125281621732
pre_deal&has_uppercase_phrase,70,0.006060312461154292,0.007738293783797201,0.028451862835788048,0.6285714285714286,0.37142857142857144,long,0.6285714285714286,0.0318712188743403
has_deal&deal_over_tariff,301,0.0034530698264274165,0.0035841579675603974,0.03330055094088602,0.53156146179402,0.4418604651162791,long,0.53156146179402,0.031845061753862224
deal_over_tariff,301,0.0034530698264274165,0.0035841579675603974,0.03330055094088602,0.53156146179402,0.4418604651162791,long,0.53156146179402,0.031845061753862224
attack_heavy&volume_spike,96,0.005658145331918415,0.006018201419572211,0.03230697406533856,0.5729166666666666,0.3958333333333333,long,0.5729166666666666,0.03176151218558697
posts_low&has_positive,73,0.0068948567822619275,0.004926175816434508,0.03430534712368331,0.5342465753424658,0.4383561643835616,long,0.5342465753424658,0.031472295954409334
deal_only,259,0.00362798046837721,0.003623127350848465,0.0339586148972715,0.5366795366795367,0.4362934362934363,long,0.5366795366795367,0.031335011508225354
has_deal&deal_only,259,0.00362798046837721,0.003623127350848465,0.0339586148972715,0.5366795366795367,0.4362934362934363,long,0.5366795366795367,0.031335011508225354
deal_over_tariff&deal_only,259,0.00362798046837721,0.003623127350848465,0.0339586148972715,0.5366795366795367,0.4362934362934363,long,0.5366795366795367,0.031335011508225354
has_china&china_streak_3d,40,0.0086163537845288,0.007168619159195644,0.02930014419685001,0.575,0.4,long,0.575,0.031334398547661096
has_action&pre_deal,55,0.007243440892031119,0.009966672634327267,0.03329046793820142,0.5818181818181818,0.36363636363636365,long,0.5818181818181818,0.03125457186027523
has_attack&pre_relief,36,0.0074981221055676,0.014468876737177783,0.032852436657170754,0.6944444444444444,0.3055555555555556,long,0.6944444444444444,0.031242175439865
has_positive&volume_drop,133,0.005069606446436473,0.0032573734137852917,0.02983813153996111,0.5338345864661654,0.44360902255639095,long,0.5338345864661654,0.031210934668008568
pre_deal&has_all_caps,51,0.006744559075362409,0.006872737019570696,0.028313641532534014,0.6470588235294118,0.35294117647058826,long,0.6470588235294118,0.031166096770975156
has_action&has_all_caps,57,0.007286755256003596,0.006192147316183005,0.03567966124864912,0.5614035087719298,0.42105263157894735,long,0.5614035087719298,0.030884937966689726
has_night_post&volume_drop,131,0.005008760089879736,0.003124937581026499,0.028746540788227738,0.5343511450381679,0.44274809160305345,long,0.5343511450381679,0.030633218065588812
has_china&has_russia,115,0.005191202152078111,0.005181405005508788,0.03237940466127083,0.5478260869565217,0.4,long,0.5478260869565217,0.030497172094369904
has_russia&pre_action,31,0.008905834841825345,0.010600590351625971,0.03458743512103868,0.6129032258064516,0.3225806451612903,long,0.6129032258064516,0.030391167974765706
deal_heavy&has_uppercase_phrase,67,0.005909684364845422,0.008928421820160404,0.03125807112249028,0.6268656716417911,0.373134328358209,long,0.6268656716417911,0.030323279917321016
has_positive&pre_deal,160,0.004296044652600304,0.004027703646715675,0.030513895837377895,0.55625,0.40625,long,0.55625,0.03022726142120839
has_tariff&has_market_brag,36,0.008207494048061183,0.006757604271591666,0.034511636407642085,0.6111111111111112,0.3888888888888889,long,0.6111111111111112,0.030094144842891007
attack_heavy&has_market_brag,77,0.006128975390846391,0.0034844453737110648,0.0368319553090407,0.5584415584415584,0.4155844155844156,long,0.5584415584415584,0.030033847451854948
has_attack&deal_only,195,0.003916321370043494,0.006622405364806072,0.03476573910512238,0.5487179487179488,0.4358974358974359,long,0.5487179487179488,0.030008535035291006
has_exclamation&deal_over_tariff,300,0.003240364731496732,0.0035777915810688565,0.03315074133595464,0.53,0.44333333333333336,long,0.53,0.029746124655035105
has_russia&deal_over_tariff,118,0.005121741131119541,0.00482664765439933,0.032888168229691046,0.5338983050847458,0.423728813559322,long,0.5338983050847458,0.02970415277395334
posts_very_high&volume_spike,95,0.005453784730523921,0.006514629258328464,0.03302849061857567,0.5578947368421052,0.42105263157894735,long,0.5578947368421052,0.02965596487338557
pre_deal,168,0.004123884302558527,0.004027703646715675,0.03095785256234717,0.5535714285714286,0.4107142857142857,long,0.5535714285714286,0.02958930606745026
has_deal&pre_deal,168,0.004123884302558527,0.004027703646715675,0.03095785256234717,0.5535714285714286,0.4107142857142857,long,0.5535714285714286,0.02958930606745026
has_deal&has_attack,264,0.0033326197670695084,0.0049743298687326964,0.034203448100331435,0.5454545454545454,0.4318181818181818,long,0.5454545454545454,0.02953563379169633
has_action&positive_heavy,152,0.004487853367410002,0.003839879868074103,0.033408129203072845,0.5328947368421053,0.4342105263157895,long,0.5328947368421053,0.02948505101905301
has_relief&has_attack,78,0.005181996396274115,0.009008247373085143,0.03245066807175772,0.6410256410256411,0.358974358974359,long,0.6410256410256411,0.029337277552606202
attack_heavy&positive_heavy,262,0.0033839768159811545,0.003448768428815696,0.03473207654564544,0.5343511450381679,0.4351145038167939,long,0.5343511450381679,0.02926879002299858
has_exclamation&deal_only,258,0.0033813269108684675,0.0036036426592044313,0.03379136412098142,0.5348837209302325,0.437984496124031,long,0.5348837209302325,0.02905068614107446
has_night_post&short_posts,439,0.0026155528509724975,0.0030768618476229026,0.03605296913313207,0.5284738041002278,0.44419134396355353,long,0.5284738041002278,0.028961378183267123
attack_heavy&open_tariff,23,0.008679623926895856,0.009901244853512292,0.028898564982601425,0.6956521739130435,0.30434782608695654,long,0.6956521739130435,0.02895722715763929
has_positive&sig_potus,59,0.007169463486885323,0.0034130914839203275,0.032300026320715824,0.5254237288135594,0.423728813559322,long,0.5254237288135594,0.028934923953905792
posts_very_high&pre_relief,23,0.008534593012152748,0.01276596599522084,0.030417879017433938,0.6956521739130435,0.30434782608695654,long,0.6956521739130435,0.028473370578314155
pre_deal&exclamation_heavy,165,0.003943600313921601,0.004149235201730939,0.03077916298342247,0.5575757575757576,0.40606060606060607,long,0.5575757575757576,0.028244815861363758
has_uppercase_phrase&short_posts,158,0.004027142210952543,0.00367723665612274,0.03533024458944784,0.5569620253164557,0.41139240506329117,long,0.5569620253164557,0.02819363641894668
has_market_brag&has_uppercase_phrase,68,0.005808355490317656,0.005790171908996666,0.03817298390087017,0.5882352941176471,0.39705882352941174,long,0.5882352941176471,0.02817466258554818
has_market_brag&has_china,73,0.006313804847623412,0.0034130914839203275,0.038306517047143065,0.5205479452054794,0.4383561643835616,long,0.5205479452054794,0.028081048576456703
has_exclamation&short_posts,467,0.002503276578373847,0.0030031770587624074,0.03536077888541529,0.5182012847965739,0.44539614561027835,long,0.5182012847965739,0.02803275372514121
has_china&pre_action,44,0.008080163202856629,0.007721525539244434,0.036211523505108784,0.5227272727272727,0.4318181818181818,long,0.5227272727272727,0.028017000024562314
posts_high&pre_deal,113,0.004440147671940403,0.006872737019570696,0.030037273674305663,0.5929203539823009,0.3805309734513274,long,0.5929203539823009,0.027985495143784532
lots_of_excl&deal_over_tariff,278,0.0031405896121418013,0.0036036426592044313,0.03310140683872168,0.5323741007194245,0.43884892086330934,long,0.5323741007194245,0.02787728707028242
has_attack&pre_deal,129,0.004209301685251539,0.006872737019570696,0.031739511893149094,0.5813953488372093,0.3953488372093023,long,0.5813953488372093,0.027795626128332702
deal_heavy&has_relief,34,0.007299027625176215,0.012445556127205215,0.03048291079992404,0.6470588235294118,0.3235294117647059,long,0.6470588235294118,0.02753900403394376
has_positive&has_russia,268,0.0032904876190639606,0.0030817854411115952,0.030331616566426134,0.5111940298507462,0.43656716417910446,long,0.5111940298507462,0.027536797519640686
has_exclamation&volume_drop,167,0.004085846861847268,0.0030031770587624074,0.028053786129854832,0.5209580838323353,0.4431137724550898,long,0.5209580838323353,0.027506992068584774
has_attack&sig_potus,51,0.007506149929636104,0.0034130914839203275,0.034358516475064695,0.5098039215686274,0.43137254901960786,long,0.5098039215686274,0.02732785186091398
posts_high&has_deal,226,0.0032567870219967683,0.0049743298687326964,0.03346623159061477,0.5575221238938053,0.415929203539823,long,0.5575221238938053,0.027296419523926568
pre_action&deal_over_tariff,43,0.006872556636518478,0.010600590351625971,0.030895979283537465,0.6046511627906976,0.37209302325581395,long,0.6046511627906976,0.02724943160157197
posts_high&china_streak_3d,47,0.006663305475226281,0.007142987831855185,0.031058339479370988,0.5957446808510638,0.3829787234042553,long,0.5957446808510638,0.027214403901769157
pre_deal&has_night_post,162,0.0038402311624316974,0.004027703646715675,0.030752053778833117,0.5555555555555556,0.4074074074074074,long,0.5555555555555556,0.027154534962793516
has_russia&china_streak_3d,28,0.009554969100592852,0.004793956314725567,0.0376423623781376,0.5357142857142857,0.4642857142857143,long,0.5357142857142857,0.027085791455437703
has_china&open_deal,44,0.007158470699878375,0.007738293783797201,0.031016441614619906,0.5681818181818182,0.4318181818181818,long,0.5681818181818182,0.02697950157301067
has_attack&china_streak_3d,57,0.00631493856402318,0.0040651550550421245,0.030272773345796693,0.5614035087719298,0.40350877192982454,long,0.5614035087719298,0.02676588947496501
pre_deal&has_exclamation,167,0.0037457961947556873,0.0039061720917004106,0.03065944689931396,0.5508982035928144,0.41317365269461076,long,0.5508982035928144,0.026666973902527223
has_russia&deal_only,95,0.005189827751610132,0.0037735876444477956,0.032103346511015034,0.5263157894736842,0.42105263157894735,long,0.5263157894736842,0.026623254621013816
has_deal&has_night_post,318,0.002822303518080255,0.003534301670635731,0.03340977686711895,0.5283018867924528,0.44339622641509435,long,0.5283018867924528,0.026588842952035042
deal_heavy&attack_heavy,81,0.0048644530683301865,0.009966672634327267,0.030957818538251754,0.6049382716049383,0.3950617283950617,long,0.6049382716049383,0.026484244483131015
pre_action&has_exclamation,83,0.0053540657997397136,0.005780456907851006,0.035153302170755824,0.5421686746987951,0.42168674698795183,long,0.5421686746987951,0.026445828170004265
has_action&pre_action,85,0.005287616441328317,0.005780456907851006,0.03501747245165703,0.5411764705882353,0.4235294117647059,long,0.5411764705882353,0.026382036273896518
pre_action,85,0.005287616441328317,0.005780456907851006,0.03501747245165703,0.5411764705882353,0.4235294117647059,long,0.5411764705882353,0.026382036273896518
posts_high&has_russia,179,0.0037410456930033462,0.003649424210469876,0.03187988044231629,0.5251396648044693,0.4301675977653631,long,0.5251396648044693,0.026284175044668352
has_all_caps&deal_over_tariff,85,0.00503091147562786,0.006689085249990345,0.032567489351216033,0.5647058823529412,0.43529411764705883,long,0.5647058823529412,0.026192590311673987
lots_of_excl&deal_only,237,0.0031717145218207996,0.003623127350848465,0.03376144757646247,0.5358649789029536,0.4345991561181435,long,0.5358649789029536,0.02616517468762855
has_uppercase_phrase&china_streak_3d,27,0.00791927623650173,0.008810480574015234,0.03427228308734714,0.6296296296296297,0.3333333333333333,long,0.6296296296296297,0.025909112179277258
has_attack&uppercase_phrase_heavy,46,0.006203382232851406,0.008385762330203383,0.032953304469131334,0.6086956521739131,0.3695652173913043,long,0.6086956521739131,0.02560988671326806
has_action&has_russia,76,0.00556558751045733,0.005097725856873292,0.03412953196900832,0.5263157894736842,0.42105263157894735,long,0.5263157894736842,0.025536666862648025
has_russia&has_all_caps,74,0.005486525247946856,0.003752466802922405,0.03252401671400024,0.5405405405405406,0.4189189189189189,long,0.5405405405405406,0.025511824199286784
deal_heavy&open_deal,48,0.00609430871208879,0.007619026513096094,0.02621397541246738,0.6041666666666666,0.375,long,0.6041666666666666,0.0255094931220063
has_relief&has_night_post,90,0.004398293457893903,0.007352949218830229,0.0321721711407797,0.6111111111111112,0.37777777777777777,long,0.6111111111111112,0.025499146098731475
has_market_brag&has_night_post,151,0.0040032309034566315,0.0030960310593703966,0.03400547449072963,0.5165562913907285,0.4503311258278146,long,0.5165562913907285,0.025410708234826575
has_relief,92,0.004336213949082007,0.007352949218830229,0.03193584868419945,0.6086956521739131,0.3804347826086957,long,0.6086956521739131,0.02531656710293057
has_relief&has_exclamation,92,0.004336213949082007,0.007352949218830229,0.03193584868419945,0.6086956521739131,0.3804347826086957,long,0.6086956521739131,0.02531656710293057
has_relief&attack_heavy,52,0.005358521603866282,0.009454457001268568,0.03472601620242743,0.6538461538461539,0.34615384615384615,long,0.6538461538461539,0.025265170373704925
posts_high&pre_action,62,0.005679942462159459,0.007721525539244434,0.03500919963818876,0.5645161290322581,0.41935483870967744,long,0.5645161290322581,0.025247369491680913
attack_heavy&has_russia,150,0.003859314261309329,0.003711505927458836,0.03182675956498122,0.5333333333333333,0.42,long,0.5333333333333333,0.025208935192677438
positive_heavy&volume_drop,53,0.0067709418554795136,0.0034721640411734533,0.0303044535060834,0.5094339622641509,0.49056603773584906,long,0.5094339622641509,0.02511163057677612
uppercase_phrase_heavy&has_exclamation,51,0.005971465937488976,0.007843102840246363,0.034443801070086114,0.5882352941176471,0.39215686274509803,long,0.5882352941176471,0.025085174474152386
uppercase_phrase_heavy&lots_of_excl,51,0.005971465937488976,0.007843102840246363,0.034443801070086114,0.5882352941176471,0.39215686274509803,long,0.5882352941176471,0.025085174474152386
has_uppercase_phrase&uppercase_phrase_heavy,51,0.005971465937488976,0.007843102840246363,0.034443801070086114,0.5882352941176471,0.39215686274509803,long,0.5882352941176471,0.025085174474152386
uppercase_phrase_heavy&exclamation_heavy,51,0.005971465937488976,0.007843102840246363,0.034443801070086114,0.5882352941176471,0.39215686274509803,long,0.5882352941176471,0.025085174474152386
has_night_post&uppercase_phrase_heavy,51,0.005971465937488976,0.007843102840246363,0.034443801070086114,0.5882352941176471,0.39215686274509803,long,0.5882352941176471,0.025085174474152386
has_positive&uppercase_phrase_heavy,51,0.005971465937488976,0.007843102840246363,0.034443801070086114,0.5882352941176471,0.39215686274509803,long,0.5882352941176471,0.025085174474152386
uppercase_phrase_heavy,51,0.005971465937488976,0.007843102840246363,0.034443801070086114,0.5882352941176471,0.39215686274509803,long,0.5882352941176471,0.025085174474152386
has_relief&deal_only,37,0.006352023129836295,0.010204029443232177,0.028326598458835388,0.6486486486486487,0.32432432432432434,long,0.6486486486486487,0.025062388077247033
has_deal&has_positive,329,0.002610923643374237,0.0035714251945773157,0.033894865336760754,0.5288753799392097,0.44376899696048633,long,0.5288753799392097,0.025046409124038008
has_deal&has_all_caps,96,0.004517733524022586,0.005208996992676407,0.031573392869396734,0.5625,0.4270833333333333,long,0.5625,0.024898819337372306
sig_potus&deal_over_tariff,21,0.008059035498148385,0.007843102840246363,0.028413088490256033,0.6666666666666666,0.2857142857142857,long,0.6666666666666666,0.02462076013240074
has_china&volume_spike,73,0.005118658610569097,0.006514629258328464,0.032384522175182825,0.5616438356164384,0.410958904109589,long,0.5616438356164384,0.02456284071134071
pre_action&has_night_post,84,0.0049779579472334565,0.0057637900624746274,0.03511051752722321,0.5357142857142857,0.42857142857142855,long,0.5357142857142857,0.024441288320897467
exclamation_heavy&deal_over_tariff,293,0.00268652230908682,0.0035714251945773157,0.03276060328539338,0.5290102389078498,0.44368600682593856,long,0.5290102389078498,0.02432698791137953
has_relief&lots_of_excl,89,0.004240991188139091,0.007380014043221195,0.03241991925222036,0.6067415730337079,0.38202247191011235,long,0.6067415730337079,0.024275385010186685
has_deal,343,0.0025105616524648327,0.0034130914839203275,0.03376140253742969,0.521865889212828,0.4489795918367347,long,0.521865889212828,0.024264808147951015
posts_very_high&tariff_only,20,0.010835691363061044,0.0067340707586368564,0.0381118210908833,0.5,0.45,long,0.5,0.024229342471011852
has_relief&positive_heavy,85,0.004356847850403838,0.007325884394439264,0.032926119300449634,0.6,0.38823529411764707,long,0.6,0.02410089147027548
has_relief&exclamation_heavy,91,0.004164960236167263,0.007325884394439264,0.03207027433094276,0.6043956043956044,0.38461538461538464,long,0.6043956043956044,0.024013355636181347
has_relief&has_positive,91,0.004164960236167263,0.007325884394439264,0.03207027433094276,0.6043956043956044,0.38461538461538464,long,0.6043956043956044,0.024013355636181347
has_action&has_iran,37,0.006633275249437555,0.006289279622046173,0.03226159560202156,0.5945945945945946,0.3783783783783784,long,0.5945945945945946,0.023991082137554954
positive_heavy&has_russia,214,0.0031278269209996184,0.0034089120123799166,0.031754256099877934,0.5233644859813084,0.43457943925233644,long,0.5233644859813084,0.023947150812079286
positive_heavy&deal_over_tariff,242,0.0028599083753224268,0.003711505927458836,0.033639451757428475,0.5371900826446281,0.4380165289256198,long,0.5371900826446281,0.02389944352264997
has_iran&has_russia,58,0.005290125748146698,0.006289279622046173,0.03104603270423514,0.5862068965517241,0.3448275862068966,long,0.5862068965517241,0.023617336406529472
has_uppercase_phrase&deal_over_tariff,120,0.0036923907048880544,0.006655745307398209,0.031481947845498286,0.5833333333333334,0.4166666666666667,long,0.5833333333333334,0.0235947329355452
pre_relief&has_night_post,41,0.005594957688017671,0.01276596599522084,0.03240186201887198,0.6585365853658537,0.3170731707317073,long,0.6585365853658537,0.023592210923123035
has_positive&pre_action,80,0.004904369301308791,0.0057637900624746274,0.03559213048449724,0.5375,0.425,long,0.5375,0.02357798176065265
positive_heavy&china_streak_3d,60,0.005516887833152397,0.005215228015094775,0.030255700153683143,0.55,0.43333333333333335,long,0.55,0.023503496170762913
has_all_caps&deal_only,68,0.005084269380584937,0.005323162332009246,0.032174301366297904,0.5588235294117647,0.4411764705882353,long,0.5588235294117647,0.023429212589391884
exclamation_heavy&deal_only,251,0.002738740876962085,0.0035841579675603974,0.033363900696968166,0.5338645418326693,0.43824701195219123,long,0.5338645418326693,0.02316428403518674
has_deal&has_russia,138,0.00367682509173017,0.003839879868074103,0.03465705552299554,0.5362318840579711,0.41304347826086957,long,0.5362318840579711,0.02316141815126777
pre_relief,43,0.005406477611949252,0.01276596599522084,0.031885964499825455,0.6511627906976745,0.32558139534883723,long,0.6511627906976745,0.023085442978009876
pre_relief&has_exclamation,43,0.005406477611949252,0.01276596599522084,0.031885964499825455,0.6511627906976745,0.32558139534883723,long,0.6511627906976745,0.023085442978009876
has_relief&pre_relief,43,0.005406477611949252,0.01276596599522084,0.031885964499825455,0.6511627906976745,0.32558139534883723,long,0.6511627906976745,0.023085442978009876
pre_relief&has_uppercase_phrase,22,0.0071396555382813864,0.014468876737177783,0.03040091002094282,0.6818181818181818,0.3181818181818182,long,0.6818181818181818,0.022832695129408397
attack_heavy&deal_only,118,0.0037549275086998703,0.007033493753053399,0.035985291630717044,0.559322033898305,0.4322033898305085,long,0.559322033898305,0.022814160313278087
positive_heavy&tariff_only,40,0.007181975808019711,0.0015575973702156576,0.033386653476356894,0.5,0.45,long,0.5,0.022711401653570478
posts_high&tariff_only,29,0.008120259865849268,0.003366947072901194,0.03363406835874524,0.5172413793103449,0.41379310344827586,long,0.5172413793103449,0.022618416028116328
has_russia&lots_of_excl,256,0.0027727356817088046,0.0030262771711478953,0.031197006250784445,0.5078125,0.4375,long,0.5078125,0.022528477413884036
sig_potus&lots_of_excl,56,0.00578834161427002,0.0035933395641840615,0.03341151614260087,0.5178571428571429,0.42857142857142855,long,0.5178571428571429,0.02243149084242601
has_deal&has_exclamation,342,0.0023212223640052773,0.003356683143770467,0.03362800210830828,0.52046783625731,0.4502923976608187,long,0.52046783625731,0.022342084778533694
attack_heavy&pre_deal,92,0.003895552718374925,0.007723850400364718,0.032538168586211356,0.5978260869565217,0.391304347826087,long,0.5978260869565217,0.022337669543760784
positive_heavy&uppercase_phrase_heavy,43,0.005837760660822107,0.007325884394439264,0.034698858244121285,0.5813953488372093,0.3953488372093023,long,0.5813953488372093,0.02225625386798232
pre_deal&pre_action,32,0.006962850705170949,0.008181292649872662,0.02804182916511931,0.5625,0.375,long,0.5625,0.022155655275071608
has_deal&pre_action,49,0.005536663504330545,0.006514629258328464,0.02944074936173898,0.5714285714285714,0.3877551020408163,long,0.5714285714285714,0.022146654017322177
has_action&volume_spike,58,0.005065371453138967,0.007721525539244434,0.03681639558539141,0.5689655172413793,0.41379310344827586,long,0.5689655172413793,0.021948823268497855
exclamation_heavy&volume_drop,117,0.004089114094284431,0.0,0.02995745974403258,0.49572649572649574,0.48717948717948717,long,0.49572649572649574,0.021926246441373604
has_attack&tariff_only,40,0.006916866153838972,0.0015575973702156576,0.030711027987064685,0.5,0.45,long,0.5,0.021873051316659762
positive_heavy&deal_only,201,0.0028393545090753033,0.0037735876444477956,0.03451167137950192,0.5422885572139303,0.43283582089552236,long,0.5422885572139303,0.021829716177806224
has_russia&pre_deal,68,0.004708932847475644,0.007238667490026884,0.034969359350288665,0.5588235294117647,0.36764705882352944,long,0.5588235294117647,0.02169959545691587
positive_heavy&has_market_brag,140,0.003661987268041472,0.0012852740415909558,0.03501016940881287,0.5,0.4714285714285714,long,0.5,0.021664608842428348
has_russia&exclamation_heavy,271,0.002602413846153678,0.0029850145194429967,0.03098849199182668,0.5055350553505535,0.44280442804428044,long,0.5055350553505535,0.021657697458855835
pre_tariff&has_night_post,56,-0.00473437864309284,-0.007970999737021867,0.03355772451132214,0.39285714285714285,0.6071428571428571,short,0.6071428571428571,0.021510370569223065
short_posts&deal_over_tariff,159,0.0030711410857086935,0.004149235201730939,0.03097702620006258,0.5534591194968553,0.4276729559748428,long,0.5534591194968553,0.021433045110271713
positive_heavy&sig_potus,51,0.006117201241816553,0.0,0.0308508171071684,0.49019607843137253,0.45098039215686275,long,0.49019607843137253,0.021414487672267824
has_attack&pre_action,59,0.0052907658388605385,0.005747123217098249,0.03459402534131553,0.5254237288135594,0.423728813559322,long,0.5254237288135594,0.021352770327289754
has_china&volume_drop,32,0.007063277558572625,0.0036266454737610143,0.03312875493700594,0.53125,0.46875,long,0.53125,0.02122658870104523
has_positive&high_emotion,24,0.007396208265715011,0.008000575531525667,0.020244615288800092,0.5833333333333334,0.375,long,0.5833333333333334,0.02113642566274992
has_tariff&has_all_caps,43,0.00577072817129929,0.003689963258070028,0.03258654115542819,0.5581395348837209,0.4186046511627907,long,0.5581395348837209,0.021120667101629468
positive_heavy&pre_relief,42,0.00506091036879748,0.01259409782815124,0.03219087590472328,0.6428571428571429,0.3333333333333333,long,0.6428571428571429,0.021084716441610106
has_positive&pre_relief,42,0.00506091036879748,0.01259409782815124,0.03219087590472328,0.6428571428571429,0.3333333333333333,long,0.6428571428571429,0.021084716441610106
pre_relief&lots_of_excl,42,0.00506091036879748,0.01259409782815124,0.03219087590472328,0.6428571428571429,0.3333333333333333,long,0.6428571428571429,0.021084716441610106
pre_relief&exclamation_heavy,42,0.00506091036879748,0.01259409782815124,0.03219087590472328,0.6428571428571429,0.3333333333333333,long,0.6428571428571429,0.021084716441610106
has_action&has_market_brag,39,0.0059700868480586445,0.006289279622046173,0.03842735910234902,0.5641025641025641,0.4358974358974359,long,0.5641025641025641,0.021031537670784573
has_deal&lots_of_excl,319,0.002243297500961271,0.0034844453737110648,0.033643159046752136,0.5235109717868338,0.445141065830721,long,0.5235109717868338,0.02097529135959112
open_deal&has_uppercase_phrase,38,0.006113568622962462,0.005197996504626934,0.03417245864468754,0.5526315789473685,0.4473684210526316,long,0.5526315789473685,0.0208267875941456
pre_relief&deal_over_tariff,25,0.006113424207566225,0.01276596599522084,0.034638911480106775,0.68,0.28,long,0.68,0.020785642305725164
has_deal&attack_heavy,168,0.0028618644539423845,0.006666745795447682,0.03531236514052408,0.5595238095238095,0.4226190476190476,long,0.5595238095238095,0.020754977801894916
short_posts&volume_spike,100,0.003959769974398777,0.0030817854411115952,0.05063438369057607,0.52,0.46,long,0.52,0.020590803866873644
posts_very_high&has_iran,56,0.004783223256305016,0.005519093706522704,0.031178520058878757,0.5714285714285714,0.39285714285714285,long,0.5714285714285714,0.020453923005191506
deal_heavy&has_all_caps,52,0.0047497814523459,0.00735791992990853,0.034098070963911604,0.5961538461538461,0.40384615384615385,long,0.5961538461538461,0.020418961453234987
posts_low&has_night_post,87,-0.004263542221982532,-0.0024876181195582214,0.043174924309226044,0.47126436781609193,0.5057471264367817,short,0.5057471264367817,0.020112387059589693
attack_heavy&pre_action,47,0.005495700169094426,0.005747123217098249,0.036084545309639136,0.5319148936170213,0.44680851063829785,long,0.5319148936170213,0.020040756460998402
has_all_caps&uppercase_phrase_heavy,42,0.004957950113980629,0.008968692236033471,0.032249400459976554,0.6190476190476191,0.35714285714285715,long,0.6190476190476191,0.01989073609983581
has_attack&has_russia,239,0.0025586726658920656,0.0025705480831819116,0.0318302644453336,0.502092050209205,0.4476987447698745,long,0.502092050209205,0.019860813131566943
sig_potus&has_exclamation,62,0.005032499142065731,0.0015624687905132495,0.03372498675895874,0.5,0.45161290322580644,long,0.5,0.019812968935291626
sig_potus,62,0.005032499142065731,0.0015624687905132495,0.03372498675895874,0.5,0.45161290322580644,long,0.5,0.019812968935291626
has_tariff&has_attack,109,0.0036037027293708973,0.003366947072901194,0.03197523862351479,0.5229357798165137,0.43119266055045874,long,0.5229357798165137,0.01967481083039351
attack_heavy&pre_relief,26,0.005879309176581693,0.013353983636346989,0.035263186619362674,0.6538461538461539,0.34615384615384615,long,0.6538461538461539,0.019601465680892233
has_attack&has_market_brag,133,0.0035211393342188097,0.0,0.03504720316435756,0.48120300751879697,0.48872180451127817,long,0.48120300751879697,0.019540576133021775
pre_deal&volume_spike,45,0.004852597295156453,0.01013520258650269,0.028076007885227426,0.6,0.4,long,0.6,0.019531327354922592
high_emotion&has_exclamation,39,-0.006399953670210919,0.0,0.04085275914675076,0.48717948717948717,0.48717948717948717,short,0.48717948717948717,0.019471442547330353
exclamation_heavy&tariff_only,46,0.005681590754232019,0.0015575973702156576,0.031679906016464435,0.5,0.45652173913043476,long,0.5,0.019267211662137566
has_russia&has_exclamation,275,0.002295926425045019,0.0025705480831819116,0.031157003468071293,0.5018181818181818,0.44727272727272727,long,0.5018181818181818,0.019106041031687594
posts_high&sig_potus,43,0.005673347429488151,0.0034130914839203275,0.034048093419035134,0.5116279069767442,0.46511627906976744,long,0.5116279069767442,0.019033902183936215
posts_high&has_relief,70,0.0037720412351067664,0.007352949218830229,0.03286956220975455,0.6,0.38571428571428573,long,0.6,0.018935496719112325
has_market_brag&has_iran,29,-0.006789883560658951,-0.0035971868994428835,0.032260340552620746,0.4827586206896552,0.5172413793103449,short,0.5172413793103449,0.018912745859690532
short_posts&deal_only,143,0.002848874777403501,0.004149235201730939,0.03053586918470528,0.5524475524475524,0.42657342657342656,long,0.5524475524475524,0.018820555283903813
deal_heavy&uppercase_phrase_heavy,23,0.005938234004506099,0.009008962651906538,0.03509303833261908,0.6521739130434783,0.34782608695652173,long,0.6521739130434783,0.018573110759750787
has_deal&sig_potus,25,0.006119752504864011,0.007380014043221195,0.02788297723466759,0.6,0.32,long,0.6,0.018359257514592033
has_market_brag&pre_deal,42,0.004733303561661734,0.003534301670635731,0.027060179413745528,0.5952380952380952,0.38095238095238093,long,0.5952380952380952,0.018259114898797668
has_russia,276,0.0021925390328862114,0.0012852740415909558,0.03114769628497888,0.5,0.4492753623188406,long,0.5,0.01821259705095192
has_deal&has_market_brag,79,0.003749437826947733,0.0034844453737110648,0.037722635875133546,0.5443037974683544,0.43037974683544306,long,0.5443037974683544,0.018139322677805006
has_uppercase_phrase&deal_only,99,0.0031563001020199558,0.004149235201730939,0.031323058749684295,0.5757575757575758,0.42424242424242425,long,0.5757575757575758,0.01808154546536842
pre_action&deal_only,33,0.005451601743294759,0.008928421820160404,0.029943385109790804,0.5757575757575758,0.3939393939393939,long,0.5757575757575758,0.018031039000858205
has_russia&has_night_post,261,0.0022035332498573377,0.0029850145194429967,0.031298661090110355,0.5057471264367817,0.4482758620689655,long,0.5057471264367817,0.018004177488732002
posts_high&uppercase_phrase_heavy,48,0.0044460350620510345,0.0075844936173428135,0.03387563334812709,0.5833333333333334,0.3958333333333333,long,0.5833333333333334,0.017968436779311755
has_deal&exclamation_heavy,334,0.0018852665484840212,0.003356683143770467,0.03331550852245823,0.5209580838323353,0.4491017964071856,long,0.5209580838323353,0.01794935208358312
attack_heavy&sig_potus,33,0.006005809580063692,0.0034130914839203275,0.03255308427802499,0.5151515151515151,0.42424242424242425,long,0.5151515151515151,0.017773113314833944
deal_heavy&has_china,80,0.00336381606318874,0.0072531108734593674,0.03216741850217332,0.5875,0.4125,long,0.5875,0.017676045245575017
posts_high&volume_spike,123,0.002954824214170304,0.0035841579675603974,0.030555843006847345,0.5365853658536586,0.43902439024390244,long,0.5365853658536586,0.01758421678000298
has_relief&deal_over_tariff,47,0.004123558691216999,0.010204029443232177,0.03124520587436264,0.6170212765957447,0.3617021276595745,long,0.6170212765957447,0.017443002749627665
has_china&uppercase_phrase_heavy,38,0.004847516861794944,0.008385762330203383,0.034652840380506325,0.5789473684210527,0.39473684210526316,long,0.5789473684210527,0.01730016363406562
has_market_brag&volume_spike,36,0.004925482765691497,0.003657751964478706,0.03735795697817517,0.5833333333333334,0.3888888888888889,long,0.5833333333333334,0.01723918967992024
exclamation_heavy&volume_spike,132,0.002820917198567109,0.0033595646293890224,0.03358438773776876,0.5303030303030303,0.44696969696969696,long,0.5303030303030303,0.017187052875008664
has_deal&pre_relief,26,0.005111618463511338,0.01259409782815124,0.03432133453779094,0.6538461538461539,0.3076923076923077,long,0.6538461538461539,0.017042004575202045
has_positive&tariff_only,49,0.004948445754273753,0.0,0.03360514618241898,0.4897959183673469,0.46938775510204084,long,0.4897959183673469,0.01696609972893858
attack_heavy&has_iran,54,0.004134133716844187,0.005519093706522704,0.031112149080978948,0.5555555555555556,0.4074074074074074,long,0.5555555555555556,0.016877530224506557
attack_heavy&china_streak_3d,32,0.004710554175340564,0.005629702770789113,0.03127233235522681,0.625,0.375,long,0.625,0.01665432400264959
lots_of_excl&volume_spike,132,0.002710796803892296,0.0033595646293890224,0.03314381808218308,0.5303030303030303,0.44696969696969696,long,0.5303030303030303,0.016516120368781896
has_deal&short_posts,168,0.002313990161453123,0.0036983574976481304,0.03167899552562569,0.5476190476190477,0.43452380952380953,long,0.5476190476190477,0.01642459594981079
deal_heavy&volume_spike,51,0.003770376471231608,0.008928421820160404,0.03028282298338484,0.6078431372549019,0.39215686274509803,long,0.6078431372549019,0.016366707554055625
posts_very_high&has_tariff,66,0.003592038359190579,0.006735264817049003,0.03611721561644443,0.5606060606060606,0.42424242424242425,long,0.5606060606060606,0.016359526219645797
pre_action&exclamation_heavy,79,0.0034549660376329166,0.005747123217098249,0.03358233024897942,0.5316455696202531,0.43037974683544306,long,0.5316455696202531,0.016325990045614705
posts_low&exclamation_heavy,29,-0.004840808302454442,-0.010066978235056201,0.0268155698965763,0.3448275862068966,0.6206896551724138,short,0.6206896551724138,0.016180479625942042
posts_high&has_chips,26,0.005488457610713209,0.008035704826007795,0.02556865137022202,0.5769230769230769,0.34615384615384615,long,0.5769230769230769,0.016145626417242393
has_night_post&sig_potus,61,0.004168085474689997,0.0,0.033305131408309055,0.4918032786885246,0.45901639344262296,long,0.4918032786885246,0.016010059784187926
has_market_brag&lots_of_excl,163,0.002540753813449477,0.0,0.033475669946719695,0.49079754601226994,0.4785276073619632,long,0.49079754601226994,0.015920575801848445
has_night_post&tariff_only,44,0.004964181098319367,0.0,0.03292682606008105,0.4772727272727273,0.4772727272727273,long,0.4772727272727273,0.01571594763565881
sig_potus&exclamation_heavy,60,0.004185471272917722,0.0,0.033585913207771385,0.48333333333333334,0.4666666666666667,long,0.48333333333333334,0.0156699185181719
has_deal&has_uppercase_phrase,140,0.002365055532406995,0.003731775451258912,0.032707895895753895,0.5571428571428572,0.4357142857142857,long,0.5571428571428572,0.015590926617887312
has_tariff&has_china,85,0.0032652906369888433,0.0034130914839203275,0.032143218353715114,0.5176470588235295,0.43529411764705883,long,0.5176470588235295,0.015583501841445148
has_tariff&short_posts,44,0.0044916269143952,0.003254561271645362,0.03746941592843138,0.5227272727272727,0.4772727272727273,long,0.5227272727272727,0.015574179408461133
posts_very_high&uppercase_phrase_heavy,42,0.004204962287862895,0.0075844936173428135,0.03476358264991805,0.5714285714285714,0.40476190476190477,long,0.5714285714285714,0.015572154419556165
posts_very_high&open_deal,47,0.0038041525913935057,0.00760456829884415,0.03147670921413006,0.5957446808510638,0.40425531914893614,long,0.5957446808510638,0.015536995191208602
has_russia&has_chips,20,0.00529858381864311,0.01134933207735711,0.028679783456707846,0.65,0.35,long,0.65,0.015402391683856336
uppercase_phrase_heavy&deal_over_tariff,27,0.004667706859554105,0.007843102840246363,0.03242909225273719,0.6296296296296297,0.37037037037037035,long,0.6296296296296297,0.015271110267217008
lots_of_excl&volume_drop,85,0.0032648885421059344,0.002857085563284567,0.028927148277339998,0.5058823529411764,0.47058823529411764,long,0.5058823529411764,0.015227455972567392
has_attack&volume_spike,119,0.002635887314732758,0.0035841579675603974,0.032715002931972416,0.5294117647058824,0.44537815126050423,long,0.5294117647058824,0.015222777820432857
positive_heavy&has_chips,30,0.004886058407334185,0.008035704826007795,0.02618332286205863,0.5666666666666667,0.36666666666666664,long,0.5666666666666667,0.015165158306246625
has_night_post&has_chips,30,0.004886058407334185,0.008035704826007795,0.02618332286205863,0.5666666666666667,0.36666666666666664,long,0.5666666666666667,0.015165158306246625
deal_heavy&has_iran,44,0.003769183624000502,0.00672426432899953,0.03109871268232971,0.5909090909090909,0.4090909090909091,long,0.5909090909090909,0.01477387109162743
has_deal&uppercase_phrase_heavy,30,0.004242660464755162,0.008385762330203383,0.031370172903961026,0.6333333333333333,0.36666666666666664,long,0.6333333333333333,0.014717405322417774
deal_only&volume_spike,52,0.0035191598406770497,0.005808345242347079,0.02960044990547566,0.5769230769230769,0.40384615384615385,long,0.5769230769230769,0.01464058990628629
has_action&uppercase_phrase_heavy,27,0.004738658983006923,0.008928421820160404,0.036081937113770716,0.5925925925925926,0.4074074074074074,long,0.5925925925925926,0.014591285543663388
has_positive&has_market_brag,166,0.002311316265924807,0.0,0.0336278180767622,0.4879518072289157,0.4819277108433735,long,0.4879518072289157,0.01453082761245621
has_all_caps&volume_spike,48,0.0040220803661340275,0.0037106546097335213,0.03296231849199689,0.5208333333333334,0.4375,long,0.5208333333333334,0.014513432388061184
has_deal&positive_heavy,278,0.0016438508611461454,0.0036036426592044313,0.034047385596846405,0.5287769784172662,0.44244604316546765,long,0.5287769784172662,0.014492968566856201
has_market_brag&exclamation_heavy,167,0.002280320525532925,0.0,0.03357447178081989,0.49101796407185627,0.47904191616766467,long,0.49101796407185627,0.014469433002311006
high_emotion,71,0.0031979436730595547,0.0027026409750823266,0.04733261153962935,0.5352112676056338,0.4507042253521127,long,0.5352112676056338,0.01442199140147181
has_russia&uppercase_phrase_heavy,27,0.0049099607206453165,0.0037735876444477956,0.03212488493019286,0.5555555555555556,0.4074074074074074,long,0.5555555555555556,0.014173835718875313
has_russia&open_deal,35,0.004160945951185835,0.007843102840246363,0.03766952924005337,0.5714285714285714,0.4,long,0.5714285714285714,0.014066564697360411
pre_action&lots_of_excl,75,0.0031085428774099335,0.0035841579675603974,0.034120226653754644,0.52,0.44,long,0.52,0.013998800923068929
lots_of_excl&tariff_only,46,0.004127182104718685,0.0015575973702156576,0.03247598038811114,0.5,0.45652173913043476,long,0.5,0.013995955467325794
has_exclamation&volume_spike,149,0.0021179420965257933,0.003689963258070028,0.04200566014700031,0.5369127516778524,0.4429530201342282,long,0.5369127516778524,0.013880686170279587
has_tariff&volume_spike,42,0.0035956149740924083,0.0066703762757607254,0.03433242566149075,0.5952380952380952,0.40476190476190477,long,0.5952380952380952,0.013870385891907974
has_positive&has_chips,31,0.00453528169233012,0.007142987831855185,0.025817214340686897,0.5483870967741935,0.3870967741935484,long,0.5483870967741935,0.013847530848166716
deal_over_tariff&volume_spike,67,0.0029788016885147605,0.005747123217098249,0.030032785535009113,0.5671641791044776,0.417910447761194,long,0.5671641791044776,0.01382890479107194
has_china&sig_potus,27,0.005520388496949773,0.0,0.033836890437687936,0.48148148148148145,0.4444444444444444,long,0.48148148148148145,0.013811190400562815
tariff_only,50,0.004061298602348155,0.0,0.0338468653679799,0.48,0.48,long,0.48,0.013784504554290377
has_tariff&tariff_only,50,0.004061298602348155,0.0,0.0338468653679799,0.48,0.48,long,0.48,0.013784504554290377
has_exclamation&tariff_only,50,0.004061298602348155,0.0,0.0338468653679799,0.48,0.48,long,0.48,0.013784504554290377
has_market_brag&deal_over_tariff,71,0.003044450680033538,0.0034130914839203275,0.03719395080296362,0.5352112676056338,0.43661971830985913,long,0.5352112676056338,0.013729773260090504
has_tariff&has_uppercase_phrase,58,0.003482626535331714,0.003551527370995178,0.03412380501297271,0.5172413793103449,0.4482758620689655,long,0.5172413793103449,0.013718738020110657
uppercase_phrase_heavy&short_posts,35,0.0038601699854318573,0.007325884394439264,0.029559179281230672,0.6,0.37142857142857144,long,0.6,0.01370224416608481
has_market_brag&has_exclamation,170,0.0021492306013193765,0.0,0.033321401267373235,0.48823529411764705,0.4823529411764706,long,0.48823529411764705,0.013681592380622146
has_market_brag,170,0.0021492306013193765,0.0,0.033321401267373235,0.48823529411764705,0.4823529411764706,long,0.48823529411764705,0.013681592380622146
high_emotion&short_posts,61,0.003396203625158396,0.0012361217536158708,0.04728292316241601,0.5081967213114754,0.47540983606557374,long,0.5081967213114754,0.01348001878924422
has_action&open_deal,30,0.004248772090329677,0.007337772518629326,0.03127213833846854,0.5666666666666667,0.43333333333333335,long,0.5666666666666667,0.013187173788241002
posts_low&high_emotion,60,0.003167510386752742,0.002159456406332416,0.051173618581782036,0.5333333333333333,0.45,long,0.5333333333333333,0.013085562641954544
attack_heavy&tariff_only,24,0.005304730257082492,0.0015575973702156576,0.03196828931573834,0.5,0.4166666666666667,long,0.5,0.012993882352955134
pre_action&volume_spike,31,0.003760074086428637,0.008928421820160404,0.039702541709529575,0.6129032258064516,0.3870967741935484,long,0.6129032258064516,0.012831255596785236
brag_heavy&deal_over_tariff,20,0.005158192465738154,0.0034986247257403624,0.0401614417476564,0.55,0.45,long,0.55,0.012687475893859544
posts_low&has_exclamation,110,-0.002504283261828678,0.0,0.04301183867768215,0.4727272727272727,0.4818181818181818,short,0.4818181818181818,0.012655024136046116
posts_very_high&sig_potus,33,0.004215295383701249,0.0034130914839203275,0.03459347736006321,0.5151515151515151,0.45454545454545453,long,0.5151515151515151,0.012474408572444983
positive_heavy&pre_action,69,0.002844348590817305,0.0035841579675603974,0.03480378179853858,0.5217391304347826,0.4492753623188406,long,0.5217391304347826,0.012327095936838482
has_relief&pre_deal,31,0.003800869621669539,0.010204029443232177,0.038810354541744814,0.5806451612903226,0.3870967741935484,long,0.5806451612903226,0.01228781405455832
lots_of_excl&has_chips,31,0.004002384361624796,0.007142987831855185,0.026209186505620142,0.5483870967741935,0.3870967741935484,long,0.5483870967741935,0.012220440685646657
exclamation_heavy&has_chips,31,0.004002384361624796,0.007142987831855185,0.026209186505620142,0.5483870967741935,0.3870967741935484,long,0.5483870967741935,0.012220440685646657
has_deal&volume_drop,33,0.004362957203271912,0.0,0.0378080340454645,0.48484848484848486,0.48484848484848486,long,0.48484848484848486,0.012151893807689626
has_uppercase_phrase&volume_drop,32,0.004292635717134598,0.0006180608768079354,0.027876010847311013,0.5,0.46875,long,0.5,0.01214140729899781
posts_very_high&all_caps_heavy,22,-0.005132052402717857,-0.0013158040453137287,0.035798724478929754,0.45454545454545453,0.5,short,0.5,0.012035729734973768
has_iran&deal_only,60,0.0028792241848609236,0.00362901650907943,0.029793888047633492,0.5333333333333333,0.4166666666666667,long,0.5333333333333333,0.011894599805828248
open_deal&deal_over_tariff,76,0.0025286520980193497,0.0061847642909521605,0.03192564615987782,0.5394736842105263,0.4473684210526316,long,0.5394736842105263,0.01189230782379412
has_night_post&tariff_rising,20,-0.005284915847464283,-0.0016167825862958285,0.02209117174549977,0.5,0.5,short,0.5,0.011817431090296046
pre_tariff&has_uppercase_phrase,27,0.005069473533749186,-0.003424600321083382,0.03247837037666556,0.4444444444444444,0.5555555555555556,long,0.4444444444444444,0.011707447637439103
has_iran&short_posts,47,0.0030383185912740873,0.005291064195947159,0.030628275739719785,0.5531914893617021,0.3829787234042553,long,0.5531914893617021,0.011522792202586334
has_market_brag&short_posts,84,0.0024814918406114903,0.0012852740415909558,0.0317944448628042,0.5,0.47619047619047616,long,0.5,0.011371624196017446
has_attack&has_chips,28,0.003941900733301755,0.0060122264397654,0.026532512117116908,0.5357142857142857,0.39285714285714285,long,0.5357142857142857,0.011174238249878132
posts_high&pre_tariff,41,-0.0029679030796910593,-0.00471696025192081,0.03614512752091596,0.4146341463414634,0.5853658536585366,short,0.5853658536585366,0.01112420613302717
has_exclamation&has_chips,32,0.003690184232893027,0.005119509445612791,0.025843407400184055,0.53125,0.40625,long,0.53125,0.011089755753351934
has_chips,32,0.003690184232893027,0.005119509445612791,0.025843407400184055,0.53125,0.40625,long,0.53125,0.011089755753351934
open_deal&has_night_post,76,0.0024027532463871434,0.004760355430773022,0.03459593309625796,0.5263157894736842,0.4605263157894737,long,0.5263157894736842,0.011024587986595625
pre_deal&sig_potus,20,0.004474070443605866,0.005628097162083345,0.028296973897440642,0.55,0.35,long,0.55,0.011004758212827892
open_deal&deal_only,61,0.002682243655635801,0.006622405364806072,0.03328747497707149,0.5245901639344263,0.45901639344262296,long,0.5245901639344263,0.010989635484397216
posts_low&has_uppercase_phrase,22,0.003960860671313147,0.011091634711442366,0.06146217764224207,0.5909090909090909,0.36363636363636365,long,0.5909090909090909,0.010977958322613451
has_china&tariff_only,25,0.004960281930563099,0.0,0.036162589392698924,0.44,0.48,long,0.44,0.010912620247238818
posts_high&open_deal,63,0.002382248857915892,0.007380014043221195,0.03393454757801266,0.5714285714285714,0.42857142857142855,long,0.5714285714285714,0.010804865209908162
posts_high&brag_heavy,31,0.0035079247803560623,0.0034130914839203275,0.035003565184491506,0.5483870967741935,0.41935483870967744,long,0.5483870967741935,0.010710712124271993
has_relief&short_posts,47,0.0027163108859629753,0.005449466806708658,0.0336766495795642,0.574468085106383,0.40425531914893614,long,0.574468085106383,0.010697795935738951
posts_high&pre_relief,35,0.0029733555788610637,0.011583029608097872,0.03241143615297765,0.6,0.37142857142857144,long,0.6,0.010554365296839835
has_tariff&attack_heavy,74,0.0022300717352123746,0.003390019278410761,0.03315791150945124,0.5405405405405406,0.40540540540540543,long,0.5405405405405406,0.010369622937910813
deal_only&volume_drop,28,0.0036507567689807213,0.006286592348479503,0.03739255488401442,0.5357142857142857,0.42857142857142855,long,0.5357142857142857,0.010348922687045006
positive_heavy&pre_tariff,51,-0.0025115301795380035,-0.00471696025192081,0.034975107524714666,0.43137254901960786,0.5686274509803921,short,0.5686274509803921,0.010198852503442837
positive_heavy&open_deal,72,0.0022177348653456643,0.0061847642909521605,0.03553686293902611,0.5416666666666666,0.4444444444444444,long,0.5416666666666666,0.0101931398540384
has_relief&has_uppercase_phrase,45,0.0024375214865747846,0.010204029443232177,0.032760516023554,0.6222222222222222,0.37777777777777777,long,0.6222222222222222,0.010174198982448777
has_attack&volume_drop,79,0.0023852408388920433,-0.0032894188175783823,0.028047372526827093,0.46835443037974683,0.5189873417721519,long,0.46835443037974683,0.009929340751938685
has_attack&open_deal,72,0.002058423390478109,0.007001209704013633,0.03559179362914361,0.5555555555555556,0.4305555555555556,long,0.5555555555555556,0.009703500919733835
has_market_brag&pre_action,21,0.0036911227230098337,0.006514629258328464,0.042111106832964616,0.5714285714285714,0.42857142857142855,long,0.5714285714285714,0.009665628158608046
tariff_heavy&positive_heavy,20,-0.0042354799612691115,-9.96125058325692e-05,0.025126499838936153,0.5,0.5,short,0.5,0.00947082111073591
has_iran&has_night_post,111,0.0017380096931487933,0.0034721640411734533,0.03235920433771054,0.5135135135135135,0.45045045045045046,long,0.5135135135135135,0.009402981042600888
positive_heavy&volume_spike,127,0.0016005003284219872,0.0031349712912176475,0.03278164927013577,0.5196850393700787,0.4566929133858268,long,0.5196850393700787,0.009373414939335996
sig_potus&has_uppercase_phrase,31,0.003412004137553027,0.0,0.034169961657268516,0.4838709677419355,0.4838709677419355,long,0.4838709677419355,0.009192210504627256
attack_heavy&brag_heavy,26,0.0035917296748354233,0.001533769911426397,0.03605537120954557,0.5,0.46153846153846156,long,0.5,0.009157149849768046
has_positive&open_deal,79,0.001932793290958037,0.005747123217098249,0.03456437014755233,0.5316455696202531,0.45569620253164556,long,0.5316455696202531,0.009133161855921093
has_iran&has_uppercase_phrase,55,-0.0024650306302179824,0.0,0.03540949770691254,0.4727272727272727,0.4909090909090909,short,0.4909090909090909,0.00897438588404747
has_iran&lots_of_excl,111,0.0016533126565694718,0.0034721640411734533,0.03227570166272801,0.5135135135135135,0.44144144144144143,long,0.5135135135135135,0.0089447530865318
open_deal&exclamation_heavy,80,0.0018712060624324692,0.004760355430773022,0.034349328850226804,0.525,0.4625,long,0.525,0.008786702306568306
has_tariff&exclamation_heavy,129,0.0015783584633399432,0.0,0.03270937835006207,0.4883720930232558,0.4728682170542636,long,0.4883720930232558,0.008754902979192543
open_deal,81,0.0017820846185940505,0.0037735876444477956,0.0341433930757791,0.5185185185185185,0.4691358024691358,long,0.5185185185185185,0.008316394886772235
has_deal&open_deal,81,0.0017820846185940505,0.0037735876444477956,0.0341433930757791,0.5185185185185185,0.4691358024691358,long,0.5185185185185185,0.008316394886772235
open_deal&has_exclamation,81,0.0017820846185940505,0.0037735876444477956,0.0341433930757791,0.5185185185185185,0.4691358024691358,long,0.5185185185185185,0.008316394886772235
has_china&has_iran,44,-0.0024911532972400692,-0.0013158040453137287,0.03173882222072993,0.45454545454545453,0.5,short,0.5,0.008262220782202007
has_deal&pre_tariff,41,-0.002174312380116458,-0.0041666484944618,0.03350285643361712,0.4146341463414634,0.5853658536585366,short,0.5853658536585366,0.008149693054170145
has_russia&short_posts,138,0.0013430171453445354,0.0030262771711478953,0.030923954983658672,0.5144927536231884,0.4420289855072464,long,0.5144927536231884,0.008117090022858101
pre_tariff&has_exclamation,61,-0.0017578152103699715,-0.006711414908909585,0.0354290835900591,0.4098360655737705,0.5901639344262295,short,0.5901639344262295,0.008102346301236898
has_tariff&pre_tariff,61,-0.0017578152103699715,-0.006711414908909585,0.0354290835900591,0.4098360655737705,0.5901639344262295,short,0.5901639344262295,0.008102346301236898
pre_tariff,61,-0.0017578152103699715,-0.006711414908909585,0.0354290835900591,0.4098360655737705,0.5901639344262295,short,0.5901639344262295,0.008102346301236898
pre_tariff&exclamation_heavy,58,-0.0018068997802087594,-0.005714187580415198,0.03504159363039044,0.41379310344827586,0.5862068965517241,short,0.5862068965517241,0.008066757198923783
has_tariff&positive_heavy,117,0.0014834129520964181,0.0,0.03312758875437893,0.49572649572649574,0.46153846153846156,long,0.49572649572649574,0.007954211404238987
has_relief&has_all_caps,27,0.0025791241451977452,0.005449466806708658,0.03355933313859174,0.5925925925925926,0.4074074074074074,long,0.5925925925925926,0.007941642770684702
has_relief&has_russia,41,0.0020177959954779273,0.007325884394439264,0.03363029927535665,0.6097560975609756,0.36585365853658536,long,0.6097560975609756,0.007878169783438816
has_tariff&deal_over_tariff,42,0.002374454201070358,0.0017065457419601637,0.02925866108249407,0.5,0.47619047619047616,long,0.5,0.007694110988691096
open_deal&lots_of_excl,78,0.001612238749165595,0.004760355430773022,0.03466970040177738,0.5256410256410257,0.46153846153846156,long,0.5256410256410257,0.0074845537278766736
pre_action&short_posts,51,0.001976576740404436,0.005780456907851006,0.0355095736512318,0.5294117647058824,0.45098039215686275,long,0.5294117647058824,0.0074729548191816006
has_night_post&volume_spike,149,0.0010877095579358777,0.0037313459613970146,0.03914437873725101,0.5436241610738255,0.436241610738255,long,0.5436241610738255,0.007217799759929276
has_attack&has_iran,88,0.0013822283433815004,0.0045323259201974775,0.03059105555150261,0.5454545454545454,0.42045454545454547,long,0.5454545454545454,0.007072609751423149
deal_over_tariff&volume_drop,30,0.0025738717615842936,0.0028735616085491245,0.03639168554760127,0.5,0.4666666666666667,long,0.5,0.007048838119726382
has_market_brag&volume_drop,23,-0.0025837237968006754,-0.0033445426249951726,0.02393984356827536,0.43478260869565216,0.5652173913043478,short,0.5652173913043478,0.007003667496477772
has_tariff&tariff_heavy,21,-0.0031954262538959055,0.003689963258070028,0.024949747302265235,0.5238095238095238,0.47619047619047616,short,0.47619047619047616,0.00697299175529865
tariff_heavy,21,-0.0031954262538959055,0.003689963258070028,0.024949747302265235,0.5238095238095238,0.47619047619047616,short,0.47619047619047616,0.00697299175529865
tariff_heavy&exclamation_heavy,21,-0.0031954262538959055,0.003689963258070028,0.024949747302265235,0.5238095238095238,0.47619047619047616,short,0.47619047619047616,0.00697299175529865
tariff_heavy&has_exclamation,21,-0.0031954262538959055,0.003689963258070028,0.024949747302265235,0.5238095238095238,0.47619047619047616,short,0.47619047619047616,0.00697299175529865
tariff_heavy&lots_of_excl,21,-0.0031954262538959055,0.003689963258070028,0.024949747302265235,0.5238095238095238,0.47619047619047616,short,0.47619047619047616,0.00697299175529865
tariff_heavy&has_positive,21,-0.0031954262538959055,0.003689963258070028,0.024949747302265235,0.5238095238095238,0.47619047619047616,short,0.47619047619047616,0.00697299175529865
has_russia&sig_potus,37,0.0024657882198986327,0.0,0.03392297809898942,0.4594594594594595,0.4594594594594595,long,0.4594594594594595,0.006891342466433853
has_tariff&has_positive,133,0.001232703364249279,0.0,0.03328681539408939,0.48120300751879697,0.48120300751879697,long,0.48120300751879697,0.0068408920102814245
has_iran&volume_spike,42,0.0019067850596419219,0.006018201419572211,0.04109629303210586,0.5476190476190477,0.42857142857142855,long,0.5476190476190477,0.006767136414289564
has_tariff&lots_of_excl,128,0.0012012963902513713,0.0,0.03298914573156552,0.4921875,0.46875,long,0.4921875,0.006689377987123118
has_night_post&high_emotion,41,0.0017484803172952423,0.007936544880547958,0.03867331118885226,0.5853658536585366,0.3902439024390244,long,0.5853658536585366,0.0065536019697643565
pre_deal&open_deal,29,0.0022036349378332346,0.007633484727348039,0.02634573548776848,0.5517241379310345,0.41379310344827586,long,0.5517241379310345,0.006547275759995346
has_deal&brag_heavy,23,0.0026032677783838897,0.0034130914839203275,0.038335573556211665,0.5217391304347826,0.4782608695652174,long,0.5217391304347826,0.006513826265320554
has_market_brag&deal_only,54,0.001747440311745715,0.0012852740415909558,0.03864132094296061,0.5,0.46296296296296297,long,0.5,0.006420505679620452
tariff_heavy&has_night_post,20,-0.0031607381531039425,0.005258043275631508,0.02559738107277925,0.55,0.45,short,0.45,0.0063608628324757985
pre_tariff&pre_deal,29,0.0023767354496265197,-0.0038891882697351665,0.030639863974273318,0.4827586206896552,0.5172413793103449,long,0.4827586206896552,0.0061788817030609755
has_tariff&deal_heavy,54,-0.0016550949864786795,-0.0016722713124975863,0.02977674545565931,0.48148148148148145,0.5,short,0.5,0.006081207289067083
has_iran&pre_deal,39,0.0019797316062016876,0.0,0.02748696088676342,0.48717948717948717,0.46153846153846156,long,0.48717948717948717,0.006023204575482464
tariff_rising,22,-0.0027977454460709457,0.005005676706903106,0.022813583134638177,0.5454545454545454,0.45454545454545453,short,0.45454545454545453,0.005964813332829725
lots_of_excl&tariff_rising,22,-0.0027977454460709457,0.005005676706903106,0.022813583134638177,0.5454545454545454,0.45454545454545453,short,0.45454545454545453,0.005964813332829725
positive_heavy&tariff_rising,22,-0.0027977454460709457,0.005005676706903106,0.022813583134638177,0.5454545454545454,0.45454545454545453,short,0.45454545454545453,0.005964813332829725
has_positive&tariff_rising,22,-0.0027977454460709457,0.005005676706903106,0.022813583134638177,0.5454545454545454,0.45454545454545453,short,0.45454545454545453,0.005964813332829725
exclamation_heavy&tariff_rising,22,-0.0027977454460709457,0.005005676706903106,0.022813583134638177,0.5454545454545454,0.45454545454545453,short,0.45454545454545453,0.005964813332829725
has_tariff&tariff_rising,22,-0.0027977454460709457,0.005005676706903106,0.022813583134638177,0.5454545454545454,0.45454545454545453,short,0.45454545454545453,0.005964813332829725
has_exclamation&tariff_rising,22,-0.0027977454460709457,0.005005676706903106,0.022813583134638177,0.5454545454545454,0.45454545454545453,short,0.45454545454545453,0.005964813332829725
has_attack&all_caps_heavy,25,0.0019809649486862966,0.006872737019570696,0.03157814144392187,0.6,0.36,long,0.6,0.005942894846058889
open_deal&volume_spike,27,-0.0025321590010754288,0.005747123217098249,0.032676517220299316,0.5555555555555556,0.4444444444444444,short,0.4444444444444444,0.00584777072360733
open_deal&has_all_caps,29,0.002073069440947478,0.0034130914839203275,0.030336099059968185,0.5172413793103449,0.4827586206896552,long,0.5172413793103449,0.005774389963518807
has_deal&volume_spike,84,0.0010938751896225195,0.004760355430773022,0.03022842320065417,0.5714285714285714,0.4166666666666667,long,0.5714285714285714,0.005728875265462135
sig_potus&has_all_caps,22,0.0022252351199852157,0.0035933395641840615,0.031500627921184327,0.5454545454545454,0.4090909090909091,long,0.5454545454545454,0.005693060659686128
has_attack&pre_tariff,50,-0.0014328796018889234,-0.004027918382098483,0.035513684635690636,0.44,0.56,short,0.56,0.005673913745469415
deal_over_tariff&china_streak_3d,25,0.002024978148687584,0.00760456829884415,0.031076931652345208,0.56,0.44,long,0.56,0.005669938816325236
attack_heavy&open_deal,49,0.001411452523467239,0.007843102840246363,0.03430470639643881,0.5714285714285714,0.42857142857142855,long,0.5714285714285714,0.005645810093868956
attack_heavy&uppercase_phrase_heavy,38,0.0016306351825470624,0.00362901650907943,0.0327113035774841,0.5526315789473685,0.42105263157894735,long,0.5526315789473685,0.005555003089830702
all_caps_heavy&has_uppercase_phrase,27,-0.002306790496012103,0.0034130914839203275,0.03333598980033184,0.5185185185185185,0.4444444444444444,short,0.4444444444444444,0.005327304455346632
has_deal&has_relief,51,0.0012464624750044122,0.007380014043221195,0.034294793790289324,0.5882352941176471,0.39215686274509803,long,0.5882352941176471,0.005236189737710818
has_relief&has_market_brag,21,0.0023576165247080486,0.0,0.034030978744966425,0.47619047619047616,0.47619047619047616,long,0.47619047619047616,0.005144741040073027
has_tariff&has_exclamation,134,0.0009294077283817013,0.0,0.03334677774117061,0.47761194029850745,0.48507462686567165,long,0.47761194029850745,0.0051384703426575916
has_tariff,134,0.0009294077283817013,0.0,0.03334677774117061,0.47761194029850745,0.48507462686567165,long,0.47761194029850745,0.0051384703426575916
has_tariff&has_iran,20,-0.002540873101836022,0.0028735616085491245,0.028299164963052677,0.5,0.45,short,0.45,0.005113408480115482
has_positive&pre_tariff,60,-0.0011302969331760356,-0.005714187580415198,0.03538456189582916,0.4166666666666667,0.5833333333333334,short,0.5833333333333334,0.005107224731536787
posts_high&has_iran,77,0.0011368015947960037,0.0033002748036206064,0.03034210191189858,0.5064935064935064,0.45454545454545453,long,0.5064935064935064,0.0050524720374643456
attack_heavy&pre_tariff,34,-0.0015904083558112864,-0.0033251673301458173,0.03756488217439812,0.47058823529411764,0.5294117647058824,short,0.5294117647058824,0.00490955009076827
posts_high&all_caps_heavy,26,-0.002264623183779231,0.0035933395641840615,0.03369565876431044,0.5384615384615384,0.4230769230769231,short,0.4230769230769231,0.004885420609818235
open_deal&short_posts,44,0.0012926930823179542,0.006563568630159722,0.036044844172579964,0.5681818181818182,0.4318181818181818,long,0.5681818181818182,0.004872020367200751
attack_heavy&has_chips,21,0.002005150355596278,0.0030960310593703966,0.02696987978505393,0.5238095238095238,0.42857142857142855,long,0.5238095238095238,0.004813156482245866
positive_heavy&brag_heavy,36,0.001665575668166577,-0.0016026533665388087,0.03258969820979817,0.4722222222222222,0.5,long,0.4722222222222222,0.004719131059805302
has_iran&exclamation_heavy,115,0.0008557400644951923,0.0034721640411734533,0.03153715332193676,0.5130434782608696,0.4434782608695652,long,0.5130434782608696,0.004708092175999294
has_deal&has_iran,76,0.0010438708249681911,0.0033923600886658356,0.029847159979375322,0.5131578947368421,0.4342105263157895,long,0.5131578947368421,0.004669867631834854
has_iran&open_deal,22,0.0019305704163582863,0.0005709897769101691,0.032985890098467495,0.5,0.5,long,0.5,0.0045275889531678935
has_night_post&all_caps_heavy,28,-0.001978950227598431,0.0035933395641840615,0.0327587974736379,0.5357142857142857,0.42857142857142855,short,0.42857142857142855,0.004487837279314388
all_caps_heavy&lots_of_excl,28,-0.001978950227598431,0.0035933395641840615,0.0327587974736379,0.5357142857142857,0.42857142857142855,short,0.42857142857142855,0.004487837279314388
has_positive&all_caps_heavy,28,-0.001978950227598431,0.0035933395641840615,0.0327587974736379,0.5357142857142857,0.42857142857142855,short,0.42857142857142855,0.004487837279314388
all_caps_heavy,28,-0.001978950227598431,0.0035933395641840615,0.0327587974736379,0.5357142857142857,0.42857142857142855,short,0.42857142857142855,0.004487837279314388
has_all_caps&all_caps_heavy,28,-0.001978950227598431,0.0035933395641840615,0.0327587974736379,0.5357142857142857,0.42857142857142855,short,0.42857142857142855,0.004487837279314388
all_caps_heavy&has_exclamation,28,-0.001978950227598431,0.0035933395641840615,0.0327587974736379,0.5357142857142857,0.42857142857142855,short,0.42857142857142855,0.004487837279314388
all_caps_heavy&exclamation_heavy,28,-0.001978950227598431,0.0035933395641840615,0.0327587974736379,0.5357142857142857,0.42857142857142855,short,0.42857142857142855,0.004487837279314388
has_russia&volume_spike,86,0.000905534075780893,0.0033929971587202123,0.029353185544488538,0.5232558139534884,0.4418604651162791,long,0.5232558139534884,0.004394081277974982
positive_heavy&all_caps_heavy,22,-0.0019932155474367452,0.0017065457419601637,0.03327465890003703,0.5,0.45454545454545453,short,0.45454545454545453,0.0042495498256465425
has_tariff&has_deal,84,-0.0009348130299316642,0.0,0.03310802702010983,0.47619047619047616,0.4880952380952381,short,0.4880952380952381,0.004181855006714469
posts_high&has_tariff,96,0.0007871394205440432,0.0032314890661357953,0.03245786850849786,0.5104166666666666,0.4479166666666667,long,0.5104166666666666,0.003936516954224311
has_positive&has_iran,112,0.0007072428681873522,0.003478304707442259,0.031403564625707925,0.5178571428571429,0.44642857142857145,long,0.5178571428571429,0.0038760338304775206
has_tariff&pre_deal,52,0.0009909683676703003,0.003551527370995178,0.030954700966743,0.5192307692307693,0.46153846153846156,long,0.5192307692307693,0.003710409848998047
attack_heavy&all_caps_heavy,24,0.0012939387617171144,0.005323162332009246,0.03206589236333266,0.5833333333333334,0.375,long,0.5833333333333334,0.0036977380120515784
has_iran&deal_over_tariff,69,0.0008652485156038797,0.0033002748036206064,0.03038547173870791,0.5072463768115942,0.4492753623188406,long,0.5072463768115942,0.003645728823875899
has_tariff&has_relief,20,-0.0017058466458482967,0.005005676706903106,0.04425854475301008,0.55,0.45,short,0.45,0.0034329501533761214
brag_heavy&has_night_post,37,0.0011567678238222296,0.0,0.03435660354676431,0.4864864864864865,0.4864864864864865,long,0.4864864864864865,0.003423086258108337
has_tariff&has_action,42,0.0009463667483380662,0.0028735616085491245,0.03484333211168341,0.5,0.4523809523809524,long,0.5,0.0030665787507872075
brag_heavy&lots_of_excl,41,0.0009056944947868893,0.0,0.03269162199686263,0.4878048780487805,0.4878048780487805,long,0.4878048780487805,0.00282891432745338
has_tariff&has_russia,62,-0.0007893533917175847,0.0015480155296851983,0.036264225241875774,0.5,0.45161290322580644,short,0.45161290322580644,0.0028069434678926024
has_deal&china_streak_3d,28,0.0009069959676057274,0.007399409392690126,0.03046784391681788,0.5357142857142857,0.4642857142857143,long,0.5357142857142857,0.0025710918968819465
pre_tariff&tariff_only,20,-0.0009039960123896739,-0.008714548016686197,0.03999595365282251,0.4,0.6,short,0.6,0.002425675842110464
positive_heavy&has_iran,92,-0.000501826925578732,0.0017360820205867267,0.03216555664419724,0.5,0.4673913043478261,short,0.4673913043478261,0.00224972016791992
sig_potus&short_posts,30,0.000766137481847525,0.0032690145324734132,0.037087125572786914,0.5333333333333333,0.43333333333333335,long,0.5333333333333333,0.002238030831776502
has_tariff&open_deal,20,-0.0009634004443832888,-5.754418581527254e-06,0.037401212060849814,0.5,0.5,short,0.5,0.0021542288831945394
has_iran&has_all_caps,28,-0.0009462222070535574,0.0017422226868555324,0.030637406735411352,0.5,0.42857142857142855,short,0.42857142857142855,0.0021458302670317544
has_positive&brag_heavy,41,0.0006767990214839761,0.0,0.032843818091206685,0.4878048780487805,0.4878048780487805,long,0.4878048780487805,0.0021139649845536013
has_iran&has_exclamation,118,0.00035185339435059727,0.00338621942239703,0.03375728875257573,0.5084745762711864,0.4491525423728814,long,0.5084745762711864,0.001943443824363175
has_iran,118,0.00035185339435059727,0.00338621942239703,0.03375728875257573,0.5084745762711864,0.4491525423728814,long,0.5084745762711864,0.001943443824363175
has_tariff&has_night_post,124,0.0003564883583290123,0.0,0.03245992588505621,0.47580645161290325,0.4838709677419355,long,0.47580645161290325,0.0018888023783679864
has_attack&brag_heavy,34,0.0006858007414249389,-0.0016026533665388087,0.03500912977862331,0.47058823529411764,0.5,long,0.47058823529411764,0.001881821709504969
pre_tariff&volume_spike,24,-0.0007431490528241232,0.005102296258199246,0.03830035415386395,0.5416666666666666,0.4583333333333333,short,0.4583333333333333,0.0016686413170640803
pre_tariff&lots_of_excl,58,-0.0003786240299851827,-0.004441804373191305,0.03575737063008787,0.43103448275862066,0.5689655172413793,short,0.5689655172413793,0.0016406204354867905
posts_very_high&pre_tariff,31,-0.00045724337834939985,-0.003424600321083382,0.04066275113553265,0.4838709677419355,0.5161290322580645,short,0.5161290322580645,0.0013139733610909898
has_china&pre_tariff,37,-0.0003509942584086377,-0.003424600321083382,0.03573632839635432,0.4594594594594595,0.5405405405405406,short,0.5405405405405406,0.0011540620126474985
deal_heavy&has_market_brag,37,-0.0003725695478586651,0.0,0.03687248460251076,0.4864864864864865,0.4864864864864865,short,0.4864864864864865,0.0011025010146380292
all_caps_heavy&short_posts,24,-0.0005128744264737047,0.0035933395641840615,0.03115380887210892,0.5416666666666666,0.4166666666666667,short,0.4166666666666667,0.0010469005391526207
uppercase_phrase_heavy&volume_spike,23,-0.0004961261771413814,0.0037735876444477956,0.032056668013004094,0.5217391304347826,0.43478260869565216,short,0.43478260869565216,0.001034494591250116
posts_low&has_attack,23,-0.000338904821978012,-0.0032894188175783823,0.029745113499459006,0.43478260869565216,0.5652173913043478,short,0.5652173913043478,0.0009186650248862111
has_market_brag&brag_heavy,42,0.0002851432212137757,-0.0016026533665388087,0.032539956825411526,0.47619047619047616,0.5,long,0.47619047619047616,0.0008799710850453485
brag_heavy,42,0.0002851432212137757,-0.0016026533665388087,0.032539956825411526,0.47619047619047616,0.5,long,0.47619047619047616,0.0008799710850453485
brag_heavy&exclamation_heavy,42,0.0002851432212137757,-0.0016026533665388087,0.032539956825411526,0.47619047619047616,0.5,long,0.47619047619047616,0.0008799710850453485
brag_heavy&has_exclamation,42,0.0002851432212137757,-0.0016026533665388087,0.032539956825411526,0.47619047619047616,0.5,long,0.47619047619047616,0.0008799710850453485
posts_low&short_posts,119,0.00015278745060867053,-0.0011947431302270495,0.047419910695456535,0.453781512605042,0.5042016806722689,long,0.453781512605042,0.0007563241422237978
deal_heavy&pre_tariff,22,-0.00016975944670440744,-0.0036568942954092742,0.03586754969592825,0.45454545454545453,0.5454545454545454,short,0.5454545454545454,0.0004343140277461408
brag_heavy&has_uppercase_phrase,21,0.00014527755284622832,0.006826123293192987,0.027120219866204238,0.5714285714285714,0.38095238095238093,long,0.5714285714285714,0.00038042593296902196
