event,n,mean_ret,median_ret,std,hit_up,hit_down,direction,directional_hit,score
deal_over_tariff&volume_spike,66,0.07040598436394085,0.04315032510072325,0.12020986850036788,0.7575757575757576,0.24242424242424243,long,0.7575757575757576,0.43331887946125336
deal_only&volume_spike,53,0.0766949265365496,0.050064087064388696,0.1281615961629493,0.7735849056603774,0.22641509433962265,long,0.7735849056603774,0.4319291928036129
has_exclamation,953,0.02478673019221094,0.010101025336905378,0.11348917290503693,0.5362014690451207,0.46065057712486884,long,0.5362014690451207,0.41029260482030433
has_positive&china_streak_3d,77,0.06620085096612387,0.04974492643727535,0.10658705515681555,0.7012987012987013,0.2987012987012987,long,0.7012987012987013,0.40739150546377506
has_positive&has_exclamation,873,0.02447436261241115,0.010216922284164154,0.11448726610749801,0.5383734249713631,0.4581901489117984,long,0.5383734249713631,0.3893158868207534
china_streak_3d,80,0.06316044241416859,0.04251279232508387,0.1058485471795641,0.6875,0.3125,long,0.6875,0.38838536749936525
has_exclamation&china_streak_3d,80,0.06316044241416859,0.04251279232508387,0.1058485471795641,0.6875,0.3125,long,0.6875,0.38838536749936525
has_positive,881,0.024064595039441708,0.010101025336905378,0.11458584089646846,0.5380249716231555,0.4585698070374574,long,0.5380249716231555,0.38429872642742097
has_night_post&china_streak_3d,73,0.06355318149201669,0.03825134010946507,0.10688602329653892,0.6986301369863014,0.3013698630136986,long,0.6986301369863014,0.37935520075926576
has_attack&china_streak_3d,58,0.06652143535850076,0.04251279232508387,0.1098459327764139,0.7241379310344828,0.27586206896551724,long,0.7241379310344828,0.3668570801966009
has_attack&has_all_caps,148,0.04710840178832824,0.030075402502153237,0.11162994557258653,0.6351351351351351,0.35135135135135137,long,0.6351351351351351,0.36399495673602705
exclamation_heavy,839,0.023639546775793562,0.007623984004996531,0.1148976403062707,0.5292014302741359,0.46722288438617404,long,0.5292014302741359,0.3623607380667974
has_exclamation&exclamation_heavy,839,0.023639546775793562,0.007623984004996531,0.1148976403062707,0.5292014302741359,0.46722288438617404,long,0.5292014302741359,0.3623607380667974
has_action&uppercase_phrase_heavy,27,0.08855620495180967,0.053373672445622855,0.11775072130967416,0.7777777777777778,0.2222222222222222,long,0.7777777777777778,0.3578956413713729
has_uppercase_phrase&deal_over_tariff,116,0.050277233501692754,0.03442889048267028,0.11802602171012232,0.6551724137931034,0.3448275862068966,long,0.6551724137931034,0.3547774193527306
has_positive&has_all_caps,180,0.04169474854374215,0.028715521384848675,0.11258706564840582,0.6277777777777778,0.3611111111111111,long,0.6277777777777778,0.35117496671627213
has_attack,626,0.025859659255160313,0.010936257759363244,0.11313896276426956,0.5415335463258786,0.4536741214057508,long,0.5415335463258786,0.3503767900988607
has_attack&has_exclamation,626,0.025859659255160313,0.010936257759363244,0.11313896276426956,0.5415335463258786,0.4536741214057508,long,0.5415335463258786,0.3503767900988607
posts_high&deal_over_tariff,189,0.04373851478694032,0.022267108703639016,0.1161932862863088,0.582010582010582,0.4126984126984127,long,0.582010582010582,0.34996596869160196
posts_high&has_all_caps,136,0.0462150086153056,0.030075402502153237,0.11182183900154472,0.6470588235294118,0.34558823529411764,long,0.6470588235294118,0.34873557795444576
has_all_caps&has_exclamation,185,0.04097778968257507,0.028339888805786417,0.11187097450270618,0.6216216216216216,0.3675675675675676,long,0.6216216216216216,0.3464659067907106
has_all_caps,185,0.04097778968257507,0.028339888805786417,0.11187097450270618,0.6216216216216216,0.3675675675675676,long,0.6216216216216216,0.3464659067907106
has_positive&exclamation_heavy,808,0.023060862138820765,0.006780254848606004,0.11507266636263569,0.5284653465346535,0.46782178217821785,long,0.5284653465346535,0.3464158336780821
has_all_caps&exclamation_heavy,180,0.041425360167981644,0.027265123235079236,0.11311977641400493,0.6222222222222222,0.36666666666666664,long,0.6222222222222222,0.3458183729579378
has_night_post,860,0.02228359351535701,0.007360027853734685,0.11150727221312798,0.5290697674418605,0.46744186046511627,long,0.5290697674418605,0.34573822557215833
has_positive&deal_over_tariff,297,0.034333655422425204,0.0144571499065278,0.11361222905835246,0.5723905723905723,0.4208754208754209,long,0.5723905723905723,0.3386809278584968
has_exclamation&deal_over_tariff,309,0.034006809029018856,0.013806756818439458,0.11265966453225965,0.5663430420711975,0.42718446601941745,long,0.5663430420711975,0.3385514603954703
deal_heavy&deal_over_tariff,133,0.04818263626078952,0.028387014141004974,0.11824735547048623,0.6090225563909775,0.39097744360902253,long,0.6090225563909775,0.33841511850344824
has_exclamation&lots_of_excl,755,0.02295664956491589,0.010216922284164154,0.11356428766689312,0.5364238410596026,0.46225165562913906,long,0.5364238410596026,0.33836859816725445
lots_of_excl,755,0.02295664956491589,0.010216922284164154,0.11356428766689312,0.5364238410596026,0.46225165562913906,long,0.5364238410596026,0.33836859816725445
has_deal&deal_over_tariff,311,0.0338608635838519,0.013806756818439458,0.11231674175327135,0.5659163987138264,0.42765273311897106,long,0.5659163987138264,0.33793292190039753
deal_over_tariff,311,0.0338608635838519,0.013806756818439458,0.11231674175327135,0.5659163987138264,0.42765273311897106,long,0.5659163987138264,0.33793292190039753
has_attack&has_positive,605,0.025466210788646748,0.0104440474848011,0.11377284077218634,0.5388429752066116,0.456198347107438,long,0.5388429752066116,0.33752367591995214
exclamation_heavy&china_streak_3d,74,0.058049763023254666,0.037089771042609354,0.10493015110270663,0.6756756756756757,0.32432432432432434,long,0.6756756756756757,0.33740739405458137
has_positive&has_night_post,782,0.022736946080610918,0.00792938854106573,0.11369857401206493,0.5294117647058824,0.46675191815856776,long,0.5294117647058824,0.33661161419728564
has_positive&lots_of_excl,734,0.02311988155083532,0.010158973810534766,0.11404223132192452,0.5367847411444142,0.46185286103542234,long,0.5367847411444142,0.3362279375563066
has_night_post&has_all_caps,181,0.039972917921763766,0.028339888805786417,0.1111359598480051,0.6243093922651933,0.36464088397790057,long,0.6243093922651933,0.3357414856662196
has_attack&exclamation_heavy,609,0.025330695141630957,0.0106708360196619,0.11342177303642155,0.5369458128078818,0.458128078817734,long,0.5369458128078818,0.33564966223784465
has_deal&china_streak_3d,30,0.07656811019883439,0.04399813327337021,0.117708227159499,0.8,0.2,long,0.8,0.3355046491315437
has_night_post&deal_over_tariff,284,0.03515648417293324,0.014971884063542551,0.1129169436471148,0.5633802816901409,0.4295774647887324,long,0.5633802816901409,0.33378456466415735
has_night_post&has_exclamation,831,0.02202990622962206,0.006086600955409471,0.11233913975355903,0.5246690734055355,0.4717208182912154,long,0.5246690734055355,0.3331951153065478
has_attack&positive_heavy,465,0.028595775321923953,0.015286561757982042,0.11608911676320774,0.5397849462365591,0.45806451612903226,long,0.5397849462365591,0.3328504291069916
positive_heavy&exclamation_heavy,600,0.02561567197819303,0.009655557530322767,0.11599191519945959,0.53,0.4683333333333333,long,0.53,0.3325502265549362
has_positive&positive_heavy,605,0.025478894929087777,0.010216922284164154,0.11633016703474366,0.5305785123966942,0.4677685950413223,long,0.5305785123966942,0.3325124668730509
positive_heavy&has_exclamation,605,0.025478894929087777,0.010216922284164154,0.11633016703474366,0.5305785123966942,0.4677685950413223,long,0.5305785123966942,0.3325124668730509
positive_heavy,605,0.025478894929087777,0.010216922284164154,0.11633016703474366,0.5305785123966942,0.4677685950413223,long,0.5305785123966942,0.3325124668730509
lots_of_excl&china_streak_3d,71,0.05821087550896568,0.03592820197575364,0.10502387532398803,0.676056338028169,0.323943661971831,long,0.676056338028169,0.331601276934942
positive_heavy&china_streak_3d,63,0.061175587016590184,0.03825134010946507,0.10825077377251947,0.6825396825396826,0.31746031746031744,long,0.6825396825396826,0.33141817861116407
exclamation_heavy&lots_of_excl,752,0.0225335911938411,0.00959760905669338,0.11356122438177092,0.5345744680851063,0.4640957446808511,long,0.5345744680851063,0.3303296398346197
positive_heavy&has_all_caps,147,0.04350087272026468,0.029091153963910932,0.11388605760068207,0.6258503401360545,0.3673469387755102,long,0.6258503401360545,0.3300860189860883
has_china&has_exclamation,301,0.03405998400456386,0.019531090274242047,0.107934257693556,0.5581395348837209,0.43521594684385384,long,0.5581395348837209,0.3298150532441541
has_china,301,0.03405998400456386,0.019531090274242047,0.107934257693556,0.5581395348837209,0.43521594684385384,long,0.5581395348837209,0.3298150532441541
short_posts,557,0.025269054636972765,0.011494227097655019,0.10232556501703412,0.5529622980251346,0.44165170556552963,long,0.5529622980251346,0.32977073586778965
has_deal&volume_spike,81,0.05273557959722504,0.032567142459167586,0.11780271401224028,0.691358024691358,0.30864197530864196,long,0.691358024691358,0.3281324952716224
positive_heavy&lots_of_excl,583,0.02562290923551177,0.00909419277648138,0.11549320685807679,0.5283018867924528,0.4699828473413379,long,0.5283018867924528,0.32684728161951565
has_china&deal_over_tariff,124,0.04891600085728232,0.028739084052457953,0.10226368324866326,0.5967741935483871,0.3870967741935484,long,0.5967741935483871,0.3250662049928243
has_uppercase_phrase,298,0.03147511089509941,0.021084376991752807,0.11387923392201073,0.5939597315436241,0.40268456375838924,long,0.5939597315436241,0.3227248467470201
has_positive&has_china,294,0.03371376635752831,0.019065637036554506,0.10857581811333811,0.5578231292517006,0.43537414965986393,long,0.5578231292517006,0.3224611924016687
lots_of_excl&deal_over_tariff,282,0.03354823183103682,0.014971884063542551,0.1136927359284485,0.5709219858156028,0.425531914893617,long,0.5709219858156028,0.32164066944987213
deal_heavy&has_uppercase_phrase,64,0.05696954916591002,0.04217538869044912,0.1315432091121479,0.703125,0.296875,long,0.703125,0.32045371405824385
has_attack&deal_over_tariff,233,0.03704235520137375,0.019531090274242047,0.11703109157192852,0.5665236051502146,0.4248927038626609,long,0.5665236051502146,0.3203277495261337
has_attack&lots_of_excl,579,0.024481224583975763,0.011213099652466418,0.1121897011917863,0.540587219343696,0.45768566493955093,long,0.540587219343696,0.31844775658639796
has_china&lots_of_excl,275,0.0337996711927447,0.020255784996872084,0.10814903645116208,0.5672727272727273,0.4290909090909091,long,0.5672727272727273,0.31795871039745566
has_all_caps&lots_of_excl,173,0.038581859420432615,0.026190357664372055,0.11109634648028208,0.6242774566473989,0.3699421965317919,long,0.6242774566473989,0.3167990409646283
has_night_post&exclamation_heavy,765,0.022008183090942116,0.005747217957633,0.11435759563678607,0.5202614379084968,0.47581699346405226,long,0.5202614379084968,0.31669160050043377
has_uppercase_phrase&has_exclamation,296,0.031084898566499992,0.021084376991752807,0.11396509930270406,0.5912162162162162,0.40540540540540543,long,0.5912162162162162,0.31618528015784125
has_action&has_all_caps,52,0.06137756258789222,0.03604041250565704,0.10875809092474063,0.7115384615384616,0.28846153846153844,long,0.7115384615384616,0.3149268506048034
has_china&has_night_post,282,0.03338060559578094,0.019753101835244924,0.1085139918026278,0.5602836879432624,0.4326241134751773,long,0.5602836879432624,0.31407020951667497
has_exclamation&short_posts,499,0.025686750671800842,0.011257021197530026,0.10370688528400743,0.5450901803607214,0.44889779559118237,long,0.5450901803607214,0.3127719526856425
positive_heavy&has_china,253,0.03444811019289001,0.020260341696434425,0.10438515877085298,0.5691699604743083,0.4268774703557312,long,0.5691699604743083,0.31186571503986726
has_china&exclamation_heavy,293,0.032922037853547546,0.018600183798866965,0.1082753704155803,0.552901023890785,0.4402730375426621,long,0.552901023890785,0.31157880999683524
positive_heavy&has_night_post,573,0.024730089678979075,0.007067047768696044,0.11650771106584011,0.525305410122164,0.47294938917975565,long,0.525305410122164,0.31096740954916646
exclamation_heavy&short_posts,427,0.027473905443970454,0.013002246380700244,0.10633492630029708,0.5456674473067916,0.44730679156908665,long,0.5456674473067916,0.30978642492670805
exclamation_heavy&deal_over_tariff,300,0.03200335412927744,0.013114834589339153,0.11294014611540577,0.5566666666666666,0.43666666666666665,long,0.5566666666666666,0.3085683235292045
has_night_post&lots_of_excl,698,0.022069607906212204,0.007149525427860071,0.11403117465604744,0.5272206303724928,0.4713467048710602,long,0.5272206303724928,0.3074076881323586
has_china&has_all_caps,87,0.0506875043018376,0.029908906020990944,0.11771243194690616,0.6436781609195402,0.3448275862068966,long,0.6436781609195402,0.3043191688412105
deal_over_tariff&china_streak_3d,27,0.07487063147477332,0.03825134010946507,0.12230413658538984,0.7777777777777778,0.2222222222222222,long,0.7777777777777778,0.30258605465450356
has_positive&has_uppercase_phrase,286,0.030264682359711872,0.020117727546341113,0.11466465196804605,0.5909090909090909,0.40559440559440557,long,0.5909090909090909,0.3024404030954888
has_uppercase_phrase&deal_only,96,0.04854701461343225,0.028739084052457953,0.12278812168784195,0.6354166666666666,0.3645833333333333,long,0.6354166666666666,0.3022433447766328
deal_heavy&deal_only,90,0.051117873071006126,0.02649348798390605,0.12851402145446425,0.6222222222222222,0.37777777777777777,long,0.6222222222222222,0.3017446283558289
posts_high&deal_only,155,0.04213363400281722,0.019531090274242047,0.12239239356556614,0.5741935483870968,0.41935483870967744,long,0.5741935483870968,0.30119868812890055
has_exclamation&deal_only,266,0.03270835317170064,0.013114834589339153,0.1154581111850268,0.5639097744360902,0.42857142857142855,long,0.5639097744360902,0.30082167089006273
has_night_post&has_uppercase_phrase,278,0.030570026299578782,0.021801786005761437,0.11401966454193405,0.5899280575539568,0.4064748201438849,long,0.5899280575539568,0.30068880731041836
has_positive&deal_only,254,0.033029187457345774,0.01343189041757531,0.11667889371352796,0.5708661417322834,0.421259842519685,long,0.5708661417322834,0.3005031534320669
deal_only,268,0.03254868107568464,0.013114834589339153,0.11504690181503548,0.5634328358208955,0.4291044776119403,long,0.5634328358208955,0.30022229825679697
has_deal&deal_only,268,0.03254868107568464,0.013114834589339153,0.11504690181503548,0.5634328358208955,0.4291044776119403,long,0.5634328358208955,0.30022229825679697
deal_over_tariff&deal_only,268,0.03254868107568464,0.013114834589339153,0.11504690181503548,0.5634328358208955,0.4291044776119403,long,0.5634328358208955,0.30022229825679697
has_market_brag,168,0.04139295698797612,0.018482702872981593,0.11759396420697868,0.5595238095238095,0.43452380952380953,long,0.5595238095238095,0.3001923806198304
has_market_brag&has_exclamation,168,0.04139295698797612,0.018482702872981593,0.11759396420697868,0.5595238095238095,0.43452380952380953,long,0.5595238095238095,0.3001923806198304
positive_heavy&deal_over_tariff,242,0.034749241787793296,0.01343189041757531,0.11724745716365831,0.5537190082644629,0.44214876033057854,long,0.5537190082644629,0.2993246258398277
posts_high&deal_heavy,107,0.04761139585863149,0.026190357664372055,0.12010730913392041,0.6074766355140186,0.3925233644859813,long,0.6074766355140186,0.29917987886108827
has_night_post&short_posts,462,0.025489054550212577,0.012002888288540903,0.10340747604083218,0.5432900432900433,0.45021645021645024,long,0.5432900432900433,0.2976503931018241
has_attack&has_uppercase_phrase,219,0.03408742942464484,0.025445341311851166,0.11489483419650082,0.589041095890411,0.4063926940639269,long,0.589041095890411,0.29714053752565234
volume_drop,318,0.029415851841157022,0.016072733786165694,0.1155234401475958,0.5660377358490566,0.4339622641509434,long,0.5660377358490566,0.2969206308255249
has_positive&short_posts,444,0.025503463550725365,0.012161500548840576,0.10367550966980259,0.5518018018018018,0.44144144144144143,long,0.5518018018018018,0.2965335002697791
has_action&open_deal,28,0.08255460400511379,0.06485481124935744,0.1234864968381825,0.6785714285714286,0.32142857142857145,long,0.6785714285714286,0.2964257202741436
posts_high&has_action,132,0.04304993947229283,0.03031945170815953,0.1194396397202203,0.5984848484848485,0.4015151515151515,long,0.5984848484848485,0.2960142858186706
posts_high&china_streak_3d,46,0.06459281663378737,0.03424767221746061,0.11435728551576542,0.6739130434782609,0.32608695652173914,long,0.6739130434782609,0.2952344283792458
posts_high&positive_heavy,367,0.028553830068020862,0.011320754716980908,0.1129337705542075,0.5395095367847411,0.45776566757493187,long,0.5395095367847411,0.2951185637957042
has_china&china_streak_3d,44,0.06511663705186142,0.04399813327337021,0.10012227343814635,0.6818181818181818,0.3181818181818182,long,0.6818181818181818,0.29450107187833435
posts_high&has_deal,218,0.03557755533328924,0.019753101835244924,0.1185373659926413,0.5596330275229358,0.43577981651376146,long,0.5596330275229358,0.29397316398268264
has_action&deal_over_tariff,86,0.051426384569582,0.03812421813478373,0.1156203485402758,0.6162790697674418,0.38372093023255816,long,0.6162790697674418,0.29390883219012065
posts_very_high&has_all_caps,101,0.046766390565822075,0.026190357664372055,0.11860041169262828,0.6237623762376238,0.36633663366336633,long,0.6237623762376238,0.2931660765487348
has_attack&has_night_post,572,0.023056257072118065,0.0105574417522315,0.11213195086943728,0.5297202797202797,0.46503496503496505,long,0.5297202797202797,0.2921012529720074
has_night_post&deal_only,245,0.03352900409507913,0.013227422797978061,0.116260507049905,0.5551020408163265,0.43673469387755104,long,0.5551020408163265,0.29132417151220985
has_deal&has_exclamation,350,0.02821450678101959,0.012025946515114683,0.11389066721631262,0.5514285714285714,0.44285714285714284,long,0.5514285714285714,0.291068863118534
has_deal,352,0.028118471471499908,0.012025946515114683,0.11357843096746575,0.5511363636363636,0.4431818181818182,long,0.5511363636363636,0.29075159563660596
has_market_brag&has_uppercase_phrase,68,0.054458108546263026,0.037720942263950064,0.11989922707496849,0.6470588235294118,0.35294117647058826,long,0.6470588235294118,0.29057669068041614
has_deal&has_positive,338,0.028296062259912158,0.013114834589339153,0.11477177444197871,0.5562130177514792,0.4378698224852071,long,0.5562130177514792,0.2893513423779845
posts_high&has_attack,347,0.028513129265593976,0.015486618220557302,0.1154537422578069,0.5446685878962536,0.45244956772334294,long,0.5446685878962536,0.28929568086594604
has_all_caps&has_uppercase_phrase,135,0.039827412319185594,0.029469544348052823,0.11034116643327017,0.6222222222222222,0.37037037037037035,long,0.6222222222222222,0.28793502198485155
has_action,187,0.036006491395764055,0.023633689394398916,0.11186911304932022,0.5828877005347594,0.41711229946524064,long,0.5828877005347594,0.28700304129549425
pre_action&has_all_caps,27,0.07454935904897778,0.03951368255214649,0.10426081081814281,0.7407407407407407,0.25925925925925924,long,0.7407407407407407,0.2869406167656092
has_uppercase_phrase&exclamation_heavy,280,0.029556509524994924,0.020117727546341113,0.11509668441112596,0.5785714285714286,0.41785714285714287,long,0.5785714285714286,0.28614696478834145
has_attack&deal_only,199,0.03590756167466261,0.015486618220557302,0.12049482336591427,0.5628140703517588,0.4271356783919598,long,0.5628140703517588,0.28508699059507486
has_attack&short_posts,303,0.029344813231635323,0.015831102019865373,0.10306448412658818,0.5577557755775577,0.43234323432343236,long,0.5577557755775577,0.28490281484943614
has_deal&has_night_post,323,0.02892383739190579,0.013227422797978061,0.1145832036118871,0.5479876160990712,0.4458204334365325,long,0.5479876160990712,0.2848576692405835
lots_of_excl&short_posts,372,0.02667800035090637,0.013158793868093266,0.10697827190759401,0.5510752688172043,0.44623655913978494,long,0.5510752688172043,0.2835539261778852
deal_heavy&positive_heavy,129,0.042747870508809946,0.02487617660574659,0.12129932419557096,0.5813953488372093,0.4186046511627907,long,0.5813953488372093,0.28228050999729093
has_attack&has_china,230,0.03262024650546877,0.020115449196559942,0.10686735250524884,0.5695652173913044,0.4217391304347826,long,0.5695652173913044,0.2817699119381288
deal_heavy&has_night_post,139,0.040936572180831764,0.02487617660574659,0.12159042230100735,0.5827338129496403,0.4172661870503597,long,0.5827338129496403,0.2812477734768952
has_uppercase_phrase&lots_of_excl,270,0.029106001961272585,0.021084376991752807,0.11452327207753223,0.5851851851851851,0.4148148148148148,long,0.5851851851851851,0.279870909512291
posts_high&has_china,198,0.03543625201815434,0.020115449196559942,0.10819928807397512,0.5606060606060606,0.43434343434343436,long,0.5606060606060606,0.2795362696634527
has_all_caps&short_posts,126,0.04179113260395889,0.023027065181033368,0.11410117412089635,0.5952380952380952,0.3888888888888889,long,0.5952380952380952,0.2792287500165216
deal_heavy&lots_of_excl,137,0.04084063532820407,0.025590484769526523,0.12291633727104712,0.583941605839416,0.41605839416058393,long,0.583941605839416,0.2791400763093506
has_market_brag&exclamation_heavy,165,0.03939546816473898,0.013806756818439458,0.11710811869037237,0.5515151515151515,0.44242424242424244,long,0.5515151515151515,0.2790909063760835
has_action&has_exclamation,185,0.03540690549908357,0.023633689394398916,0.11201685142793912,0.5783783783783784,0.42162162162162165,long,0.5783783783783784,0.2785389187124128
posts_high&has_positive,400,0.026111279441303453,0.010963928608595963,0.11485951559832747,0.5325,0.465,long,0.5325,0.2780851260498818
has_china&deal_only,92,0.04936494072365233,0.02589042121694929,0.10674212361319187,0.5869565217391305,0.391304347826087,long,0.5869565217391305,0.277919145628774
posts_high&lots_of_excl,399,0.025985227849681658,0.011257021197530026,0.11397284302070494,0.5338345864661654,0.46365914786967416,long,0.5338345864661654,0.27708925491475206
posts_high&exclamation_heavy,402,0.025947796570414173,0.010963928608595963,0.11465634734607835,0.5323383084577115,0.4651741293532338,long,0.5323383084577115,0.27694991183538437
posts_high&has_exclamation,402,0.025947796570414173,0.010963928608595963,0.11465634734607835,0.5323383084577115,0.4651741293532338,long,0.5323383084577115,0.27694991183538437
posts_high,402,0.025947796570414173,0.010963928608595963,0.11465634734607835,0.5323383084577115,0.4651741293532338,long,0.5323383084577115,0.27694991183538437
deal_heavy&has_positive,142,0.040193532514274585,0.024023455549537776,0.12217204033100858,0.5774647887323944,0.4225352112676056,long,0.5774647887323944,0.27658323832258286
deal_heavy&pre_action,28,0.07310711007463964,0.04315032510072325,0.10625737434739839,0.7142857142857143,0.2857142857142857,long,0.7142857142857143,0.27631890332588743
has_relief&deal_over_tariff,44,0.06096231386892758,0.03388078156203489,0.1245346820326338,0.6818181818181818,0.29545454545454547,long,0.6818181818181818,0.27571243834788
lots_of_excl&deal_only,241,0.03136825328231025,0.013227422797978061,0.11670568706354406,0.5643153526970954,0.4315352697095436,long,0.5643153526970954,0.27480252766170876
posts_high&has_night_post,392,0.026269071715860477,0.012161500548840576,0.11579660135413666,0.5280612244897959,0.46938775510204084,long,0.5280612244897959,0.27464521574089
deal_heavy&has_action,53,0.0586943564978997,0.044837094828751756,0.12398647765031114,0.6415094339622641,0.3584905660377358,long,0.6415094339622641,0.27411785691133467
deal_heavy&has_exclamation,147,0.03944100787579396,0.02317073449332896,0.12044865676109116,0.5714285714285714,0.42857142857142855,long,0.5714285714285714,0.27325531817039744
deal_heavy,147,0.03944100787579396,0.02317073449332896,0.12044865676109116,0.5714285714285714,0.42857142857142855,long,0.5714285714285714,0.27325531817039744
has_deal&deal_heavy,147,0.03944100787579396,0.02317073449332896,0.12044865676109116,0.5714285714285714,0.42857142857142855,long,0.5714285714285714,0.27325531817039744
has_deal&has_action,99,0.04520236166844264,0.03474911362583244,0.115049390287086,0.6060606060606061,0.3939393939393939,long,0.6060606060606061,0.2725804968948501
has_deal&has_attack,264,0.03031155101283371,0.01464668751949838,0.11780260305169271,0.553030303030303,0.4393939393939394,long,0.553030303030303,0.27236986258880375
has_positive&has_market_brag,164,0.03872030148692508,0.013721557427806008,0.1173098105437541,0.5487804878048781,0.4451219512195122,long,0.5487804878048781,0.2721192815103335
deal_heavy&has_attack,117,0.04248522743058252,0.02487617660574659,0.1272332772757954,0.5897435897435898,0.41025641025641024,long,0.5897435897435898,0.27101548591280256
has_action&has_positive,180,0.03488397657495732,0.023627853207630722,0.1127814884604006,0.5777777777777777,0.4222222222222222,long,0.5777777777777777,0.27041020221666484
exclamation_heavy&deal_only,257,0.030324218647816252,0.010216922284164154,0.11584370727630659,0.5525291828793775,0.4396887159533074,long,0.5525291828793775,0.2686033359308957
deal_heavy&short_posts,64,0.053416327309324184,0.02589042121694929,0.1276150916081118,0.625,0.375,long,0.625,0.2670816365466209
has_exclamation&volume_drop,158,0.03725075362108855,0.018656118470918526,0.11684101304879467,0.569620253164557,0.43037974683544306,long,0.569620253164557,0.26671597545863207
has_deal&lots_of_excl,322,0.02685804869886194,0.013114834589339153,0.11471444451335348,0.5527950310559007,0.4440993788819876,long,0.5527950310559007,0.26641981562451145
has_china&pre_action,45,0.059425853012730574,0.032567142459167586,0.09854206404486217,0.6666666666666666,0.3333333333333333,long,0.6666666666666666,0.2657604939147525
has_action&has_night_post,182,0.03411150334480847,0.022659110373411395,0.11186083746053016,0.5769230769230769,0.4230769230769231,long,0.5769230769230769,0.2654938497185325
has_action&has_china,87,0.0474556586828613,0.030729997395328112,0.10295222919891997,0.5977011494252874,0.40229885057471265,long,0.5977011494252874,0.26456459391897413
positive_heavy&short_posts,280,0.028721262863089316,0.013565096852265923,0.11100372495592047,0.55,0.44642857142857145,long,0.55,0.26432925804036916
has_deal&has_uppercase_phrase,134,0.03729807028418492,0.02589042121694929,0.12093868651103441,0.6119402985074627,0.3880597014925373,long,0.6119402985074627,0.26420912707969824
uppercase_phrase_heavy&deal_over_tariff,25,0.07327853591105253,0.04816956084053148,0.12061865984438644,0.72,0.28,long,0.72,0.2638027292797891
deal_heavy&has_relief,31,0.06988593740239062,0.03751597514815952,0.11980244803917317,0.6774193548387096,0.3225806451612903,long,0.6774193548387096,0.26358958278619365
has_deal&has_china,155,0.03724071678530726,0.025590484769526523,0.10803186794949078,0.567741935483871,0.41935483870967744,long,0.567741935483871,0.2632296791884542
open_deal&has_uppercase_phrase,36,0.06863403357958717,0.03047707830008628,0.1233168618575953,0.6388888888888888,0.3611111111111111,long,0.6388888888888888,0.2630971287217508
has_action&has_uppercase_phrase,90,0.04294530032487919,0.031238024240079265,0.12106096062524692,0.6444444444444445,0.35555555555555557,long,0.6444444444444445,0.2625562633980688
has_deal&has_relief,47,0.05752985727903111,0.032567142459167586,0.1219030030037149,0.6595744680851063,0.3191489361702128,long,0.6595744680851063,0.26013935642930974
deal_heavy&volume_spike,47,0.053899030997140246,0.028387014141004974,0.11074749131524389,0.7021276595744681,0.2978723404255319,long,0.7021276595744681,0.25944539603870637
deal_heavy&exclamation_heavy,145,0.03799957797342488,0.022312484908032726,0.12050766499631198,0.5655172413793104,0.43448275862068964,long,0.5655172413793104,0.25876684133749955
posts_high&short_posts,233,0.03085408880100288,0.015486618220557302,0.109771065210342,0.5493562231759657,0.44635193133047213,long,0.5493562231759657,0.2587287761891902
has_deal&exclamation_heavy,340,0.025849107480777633,0.010158973810534766,0.11393748758442467,0.5411764705882353,0.45294117647058824,long,0.5411764705882353,0.25794310112040214
has_action&exclamation_heavy,180,0.0333572116312218,0.022659110373411395,0.11192544478248971,0.5722222222222222,0.42777777777777776,long,0.5722222222222222,0.2560888750989212
has_deal&positive_heavy,276,0.028706767487648097,0.01086024133459551,0.11657582014336225,0.5362318840579711,0.4601449275362319,long,0.5362318840579711,0.25573576330681513
has_action&has_attack,148,0.03673989591588765,0.02484621578241275,0.11057449380793008,0.5675675675675675,0.43243243243243246,long,0.5675675675675675,0.2536800706555988
deal_heavy&uppercase_phrase_heavy,22,0.06987127549315357,0.048957243638903414,0.1504142078717675,0.7727272727272727,0.22727272727272727,long,0.7727272727272727,0.2532423017929493
attack_heavy&pre_action,43,0.05721145333511226,0.03951368255214649,0.10165224522162775,0.6744186046511628,0.32558139534883723,long,0.6744186046511628,0.25301528036739923
positive_heavy&has_uppercase_phrase,231,0.028594751376882284,0.0199751133962478,0.11708930783334538,0.5800865800865801,0.4199134199134199,long,0.5800865800865801,0.2521071328139967
has_china&short_posts,155,0.037309784405134445,0.015831102019865373,0.10869835132932515,0.5419354838709678,0.44516129032258067,long,0.5419354838709678,0.25173069592766767
pre_action&has_uppercase_phrase,42,0.05605765542928659,0.04217538869044912,0.11294056011397874,0.6904761904761905,0.30952380952380953,long,0.6904761904761905,0.2508466366890275
positive_heavy&deal_only,201,0.032555194241927154,0.0106708360196619,0.12134019468175093,0.5422885572139303,0.4527363184079602,long,0.5422885572139303,0.2502930324984555
positive_heavy&pre_action,66,0.04512263264269851,0.03204120922937126,0.10578433545698493,0.6818181818181818,0.3181818181818182,long,0.6818181818181818,0.24993954580061103
has_iran&deal_over_tariff,68,0.04769898407406215,0.03719370376004161,0.13067704682710796,0.6323529411764706,0.36764705882352944,long,0.6323529411764706,0.24872711269401626
attack_heavy&positive_heavy,250,0.0284311304857512,0.015733255778165534,0.10981793026565585,0.552,0.444,long,0.552,0.24814367545604799
has_uppercase_phrase&china_streak_3d,32,0.06346751893153922,0.041351223258228154,0.10563796021296697,0.6875,0.3125,long,0.6875,0.24683072161867334
posts_low,423,0.021938544242795628,0.0097087778247118,0.11064771205233374,0.543424317617866,0.45409429280397023,long,0.543424317617866,0.24519807622604212
pre_action&deal_over_tariff,40,0.05726382083743259,0.04048861896242062,0.1070600023857462,0.675,0.325,long,0.675,0.2444635368496318
has_uppercase_phrase&short_posts,160,0.033122054206586454,0.021801786005761437,0.10825313034906242,0.58125,0.4125,long,0.58125,0.24352313207757062
has_action&lots_of_excl,172,0.032201220789028956,0.022659110373411395,0.11191208111936478,0.5755813953488372,0.42441860465116277,long,0.5755813953488372,0.24307668659792744
has_action&pre_action,84,0.04201327171836266,0.027066603024368918,0.10519981860185763,0.6309523809523809,0.36904761904761907,long,0.6309523809523809,0.24295325918175353
pre_action,84,0.04201327171836266,0.027066603024368918,0.10519981860185763,0.6309523809523809,0.36904761904761907,long,0.6309523809523809,0.24295325918175353
has_attack&volume_drop,72,0.045643975764207215,0.023094425921672213,0.11003750347177693,0.625,0.375,long,0.625,0.24206373587389007
posts_very_high&deal_heavy,75,0.04760826415199731,0.025590484769526523,0.13072226122859607,0.5866666666666667,0.41333333333333333,long,0.5866666666666667,0.24188246828949683
has_all_caps&uppercase_phrase_heavy,38,0.05729833342783359,0.04650332783464162,0.1325061639987339,0.6842105263157895,0.3157894736842105,long,0.6842105263157895,0.24167044400427345
posts_very_high&deal_over_tariff,117,0.04078650191747143,0.020260341696434425,0.11594539146561095,0.5470085470085471,0.4444444444444444,long,0.5470085470085471,0.24132565991426227
has_market_brag&lots_of_excl,158,0.03524881865226071,0.012419018768118573,0.11369093191303807,0.5443037974683544,0.44936708860759494,long,0.5443037974683544,0.24116510816160003
open_deal&has_all_caps,28,0.0750305275897942,0.028796110478138126,0.14138513801046831,0.6071428571428571,0.39285714285714285,long,0.6071428571428571,0.24105042747068722
posts_high&has_uppercase_phrase,198,0.029078384260772815,0.023027065181033368,0.11568842231924005,0.5858585858585859,0.41414141414141414,long,0.5858585858585859,0.23971525105460492
deal_heavy&has_china,83,0.04281817190718723,0.026190357664372055,0.10727720864407146,0.6144578313253012,0.3855421686746988,long,0.6144578313253012,0.23969515262869148
has_deal&pre_action,47,0.05277206861657434,0.03951368255214649,0.10648671107905318,0.6595744680851063,0.3404255319148936,long,0.6595744680851063,0.2386255175425706
has_action&deal_only,70,0.04827924103670968,0.029910575679619522,0.12182556612003943,0.5857142857142857,0.4142857142857143,long,0.5857142857142857,0.23658939350850866
has_relief&lots_of_excl,87,0.04163346496170477,0.023633689394398916,0.11667327411856965,0.6091954022988506,0.3793103448275862,long,0.6091954022988506,0.23656952616712126
posts_high&pre_action,60,0.046980682436832136,0.03569454976545683,0.11393182589943314,0.65,0.35,long,0.65,0.2365420208727032
deal_only&china_streak_3d,20,0.07050421309249097,0.022782799082887162,0.1351824967300648,0.75,0.25,long,0.75,0.23647831976241074
has_relief&deal_only,34,0.06264406099526373,0.02760311491494305,0.14037419569618748,0.6470588235294118,0.3235294117647059,long,0.6470588235294118,0.23635409222191262
pre_relief&lots_of_excl,41,0.0539778291431096,0.032567142459167586,0.11843370398435105,0.6829268292682927,0.2926829268292683,long,0.6829268292682927,0.2360377778040761
has_market_brag&has_night_post,150,0.03517791033168553,0.013721557427806008,0.11171033421673528,0.5466666666666666,0.44666666666666666,long,0.5466666666666666,0.23552567678202757
posts_low&volume_drop,222,0.02803246471914306,0.013301183305458819,0.11581250664305993,0.5630630630630631,0.4369369369369369,long,0.5630630630630631,0.23517698048532962
positive_heavy&uppercase_phrase_heavy,38,0.057853616344859284,0.04217538869044912,0.11433529982202183,0.6578947368421053,0.34210526315789475,long,0.6578947368421053,0.2346273965254246
has_positive&pre_action,79,0.04160636829866842,0.02835051728262372,0.10684344967185465,0.6329113924050633,0.3670886075949367,long,0.6329113924050633,0.23405410787151962
uppercase_phrase_heavy&has_exclamation,47,0.051757802442596104,0.044837094828751756,0.12565495755971798,0.6595744680851063,0.3404255319148936,long,0.6595744680851063,0.23403919381040858
uppercase_phrase_heavy&lots_of_excl,47,0.051757802442596104,0.044837094828751756,0.12565495755971798,0.6595744680851063,0.3404255319148936,long,0.6595744680851063,0.23403919381040858
uppercase_phrase_heavy,47,0.051757802442596104,0.044837094828751756,0.12565495755971798,0.6595744680851063,0.3404255319148936,long,0.6595744680851063,0.23403919381040858
has_positive&uppercase_phrase_heavy,47,0.051757802442596104,0.044837094828751756,0.12565495755971798,0.6595744680851063,0.3404255319148936,long,0.6595744680851063,0.23403919381040858
has_night_post&uppercase_phrase_heavy,47,0.051757802442596104,0.044837094828751756,0.12565495755971798,0.6595744680851063,0.3404255319148936,long,0.6595744680851063,0.23403919381040858
has_uppercase_phrase&uppercase_phrase_heavy,47,0.051757802442596104,0.044837094828751756,0.12565495755971798,0.6595744680851063,0.3404255319148936,long,0.6595744680851063,0.23403919381040858
uppercase_phrase_heavy&exclamation_heavy,47,0.051757802442596104,0.044837094828751756,0.12565495755971798,0.6595744680851063,0.3404255319148936,long,0.6595744680851063,0.23403919381040858
has_all_caps&deal_over_tariff,82,0.04184040405374217,0.022278084385675356,0.11268481750070054,0.6097560975609756,0.3780487804878049,long,0.6097560975609756,0.23102498356214718
pre_action&has_night_post,83,0.040456409275823293,0.025782688766114115,0.10486124830823242,0.6265060240963856,0.37349397590361444,long,0.6265060240963856,0.23091472695204102
attack_heavy&deal_over_tariff,141,0.033391214953575124,0.022312484908032726,0.10694828061253048,0.5815602836879432,0.41134751773049644,long,0.5815602836879432,0.23058790172316657
pre_action&volume_spike,32,0.05918464746587503,0.03604041250565704,0.1118475289358596,0.6875,0.3125,long,0.6875,0.230174260608905
pre_action&has_exclamation,82,0.040807054276403,0.027066603024368918,0.10545758399523938,0.6219512195121951,0.3780487804878049,long,0.6219512195121951,0.2298256491964761
has_relief&has_positive,90,0.03955088217752001,0.023402211943863938,0.1183593234773565,0.6111111111111112,0.37777777777777777,long,0.6111111111111112,0.2292965971081926
exclamation_heavy&volume_drop,108,0.03774521576261399,0.020653559522722964,0.12133586779217861,0.5833333333333334,0.4166666666666667,long,0.5833333333333334,0.2288182100522398
has_attack&has_market_brag,129,0.03868437187141773,0.00589390170445836,0.11488962459640965,0.5193798449612403,0.4728682170542636,long,0.5193798449612403,0.22819992484134233
attack_heavy&has_exclamation,289,0.024584518182192004,0.011320754716980908,0.11246135321896333,0.5432525951557093,0.4532871972318339,long,0.5432525951557093,0.22704525615318497
has_attack&attack_heavy,289,0.024584518182192004,0.011320754716980908,0.11246135321896333,0.5432525951557093,0.4532871972318339,long,0.5432525951557093,0.22704525615318497
attack_heavy,289,0.024584518182192004,0.011320754716980908,0.11246135321896333,0.5432525951557093,0.4532871972318339,long,0.5432525951557093,0.22704525615318497
has_china&pre_deal,82,0.04109003476525303,0.02606347432399614,0.08445243341881682,0.6097560975609756,0.36585365853658536,long,0.6097560975609756,0.22688176227976956
attack_heavy&exclamation_heavy,288,0.024648747061451662,0.013472833512203963,0.11265179859710696,0.5416666666666666,0.4548611111111111,long,0.5416666666666666,0.2265808505337579
has_attack&volume_spike,111,0.035048916023707084,0.02487617660574659,0.11973186878216976,0.6126126126126126,0.38738738738738737,long,0.6126126126126126,0.22621532042724432
positive_heavy&has_market_brag,136,0.03610292055194947,0.010936257759363244,0.11782863102238764,0.5367647058823529,0.45588235294117646,long,0.5367647058823529,0.22599339248726844
has_market_brag&has_all_caps,51,0.05366639802106193,0.029091153963910932,0.11858990125601038,0.5882352941176471,0.39215686274509803,long,0.5882352941176471,0.22544396499123967
has_china&open_deal,42,0.06078397983217584,0.019895715985338236,0.12467240819882867,0.5714285714285714,0.42857142857142855,long,0.5714285714285714,0.22510012109119115
deal_heavy&has_iran,42,0.051881072732563434,0.03719370376004161,0.12785606662304028,0.6666666666666666,0.3333333333333333,long,0.6666666666666666,0.22415185302332144
has_deal&short_posts,170,0.03101326229133814,0.013729698143614022,0.10803024814834267,0.5529411764705883,0.43529411764705883,long,0.5529411764705883,0.2235892118535293
attack_heavy&has_night_post,275,0.024978826374681844,0.015624912307427019,0.1124270532724975,0.5381818181818182,0.4581818181818182,long,0.5381818181818182,0.22292942597566293
posts_very_high&uppercase_phrase_heavy,37,0.05393966140002466,0.03951368255214649,0.12732634549684868,0.6756756756756757,0.32432432432432434,long,0.6756756756756757,0.2216906427439481
has_attack&tariff_rising,21,0.0676142621721976,0.06601127845397037,0.09517295595110858,0.7142857142857143,0.2857142857142857,long,0.7142857142857143,0.2213196246162034
posts_high&has_relief,64,0.046488789805426395,0.025541910333767626,0.12210871655173454,0.59375,0.390625,long,0.59375,0.22082175157577538
has_relief&exclamation_heavy,89,0.038500361288267206,0.02317073449332896,0.11860720756288379,0.6067415730337079,0.38202247191011235,long,0.6067415730337079,0.2203756272632277
has_action&positive_heavy,149,0.03125636694923268,0.02169620372596026,0.11315652585215152,0.5771812080536913,0.4228187919463087,long,0.5771812080536913,0.22021343630870263
attack_heavy&lots_of_excl,286,0.024121574352228316,0.011266927184723663,0.11267842705383675,0.5384615384615384,0.458041958041958,long,0.5384615384615384,0.2196561432487719
pre_action&lots_of_excl,74,0.040202872524569354,0.028720835623267327,0.10779223518263546,0.6351351351351351,0.36486486486486486,long,0.6351351351351351,0.21965398307989792
has_relief&has_night_post,88,0.03887088923808321,0.023402211943863938,0.11923509422950314,0.6022727272727273,0.38636363636363635,long,0.6022727272727273,0.21961348791988164
pre_action&exclamation_heavy,79,0.03981283398489854,0.02835051728262372,0.10584797572824248,0.620253164556962,0.379746835443038,long,0.620253164556962,0.21948539530813022
has_attack&pre_relief,35,0.05192119887152883,0.032567142459167586,0.1232592731425015,0.7142857142857143,0.2571428571428571,long,0.7142857142857143,0.21940711068439023
posts_very_high&open_deal,46,0.059428749205585586,0.019895715985338236,0.128832651402521,0.5434782608695652,0.45652173913043476,long,0.5434782608695652,0.2190572758677582
attack_heavy&has_positive,284,0.02410413983335265,0.01094196783606416,0.11253686540351394,0.5387323943661971,0.45774647887323944,long,0.5387323943661971,0.21883858546183518
short_posts&deal_over_tariff,162,0.030925848496667546,0.011609584332432199,0.10880415026053346,0.5493827160493827,0.4382716049382716,long,0.5493827160493827,0.2162490077276429
has_positive&volume_drop,129,0.03263509059735326,0.01903537042263359,0.11852772063493339,0.5813953488372093,0.4186046511627907,long,0.5813953488372093,0.21550196320843895
has_relief&has_china,37,0.052348794540323575,0.036994104552684925,0.08581069386613381,0.6756756756756757,0.2972972972972973,long,0.6756756756756757,0.21515222022713532
deal_heavy&attack_heavy,80,0.038485111599391955,0.025233330687636557,0.10652166458386764,0.625,0.375,long,0.625,0.21513831414476517
posts_very_high&has_china,131,0.03466811290051419,0.010216922284164154,0.10966848047145589,0.5419847328244275,0.45038167938931295,long,0.5419847328244275,0.215056663233531
attack_heavy&china_streak_3d,34,0.0522193359098838,0.03424767221746061,0.10547903292661259,0.7058823529411765,0.29411764705882354,long,0.7058823529411765,0.21493301341503543
has_relief&has_exclamation,91,0.037261861976504954,0.02317073449332896,0.11970831010855436,0.6043956043956044,0.38461538461538464,long,0.6043956043956044,0.2148357469389733
has_relief,91,0.037261861976504954,0.02317073449332896,0.11970831010855436,0.6043956043956044,0.38461538461538464,long,0.6043956043956044,0.2148357469389733
brag_heavy,43,0.05412373772187156,0.04816956084053148,0.11410956095827973,0.6046511627906976,0.3953488372093023,long,0.6046511627906976,0.2145986082146992
brag_heavy&has_exclamation,43,0.05412373772187156,0.04816956084053148,0.11410956095827973,0.6046511627906976,0.3953488372093023,long,0.6046511627906976,0.2145986082146992
brag_heavy&exclamation_heavy,43,0.05412373772187156,0.04816956084053148,0.11410956095827973,0.6046511627906976,0.3953488372093023,long,0.6046511627906976,0.2145986082146992
has_market_brag&brag_heavy,43,0.05412373772187156,0.04816956084053148,0.11410956095827973,0.6046511627906976,0.3953488372093023,long,0.6046511627906976,0.2145986082146992
has_relief&has_attack,76,0.040637185652594394,0.022020953499017115,0.11795762018390708,0.6052631578947368,0.3815789473684211,long,0.6052631578947368,0.21442462468525675
has_deal&attack_heavy,160,0.029454866561059924,0.02210992659679767,0.10977985735140744,0.575,0.41875,long,0.575,0.21423227297134495
short_posts&china_streak_3d,43,0.05383002575490342,0.025773261680388737,0.11386710012412993,0.6046511627906976,0.3953488372093023,long,0.6046511627906976,0.21343405118334155
has_attack&open_deal,71,0.04609788901160666,0.019531090274242047,0.11871166808725872,0.5492957746478874,0.4507042253521127,long,0.5492957746478874,0.21336170372568003
pre_deal&has_uppercase_phrase,66,0.03999771441155957,0.027288685902688514,0.11324196772534124,0.6515151515151515,0.3484848484848485,long,0.6515151515151515,0.2117052670154297
has_action&china_streak_3d,21,0.06922520005059495,0.05622021478699457,0.1291386965748665,0.6666666666666666,0.3333333333333333,long,0.6666666666666666,0.21148647948687477
has_iran&open_deal,22,0.061809776021071045,0.039489765260427134,0.09614030924660229,0.7272727272727273,0.2727272727272727,long,0.7272727272727273,0.21084621640755488
has_action&short_posts,103,0.03686897298451879,0.020260341696434425,0.11029155946137112,0.5631067961165048,0.4368932038834951,long,0.5631067961165048,0.2107028555174694
posts_very_high&has_deal,135,0.0339947961401162,0.017928057374526185,0.11795292054983776,0.5333333333333333,0.45925925925925926,long,0.5333333333333333,0.21065804689341794
deal_heavy&has_all_caps,50,0.04613631400122418,0.03604041250565704,0.13020991319173833,0.64,0.36,long,0.64,0.20878912313099185
brag_heavy&lots_of_excl,42,0.05370590263064119,0.040916460570484925,0.11545945939092404,0.5952380952380952,0.40476190476190477,long,0.5952380952380952,0.2071750172161465
lots_of_excl&volume_spike,126,0.03097761029134373,0.020978272711197343,0.11877497212527238,0.5952380952380952,0.40476190476190477,long,0.5952380952380952,0.20697786494859058
has_relief&positive_heavy,83,0.038402372048146394,0.022267108703639016,0.12092320159771423,0.5903614457831325,0.39759036144578314,long,0.5903614457831325,0.20654518953596435
has_all_caps&deal_only,67,0.041189221459092325,0.0144571499065278,0.11429552341116751,0.6119402985074627,0.373134328358209,long,0.6119402985074627,0.20631463626417063
has_positive&brag_heavy,42,0.05321813114705861,0.040916460570484925,0.11533625466701615,0.5952380952380952,0.40476190476190477,long,0.5952380952380952,0.20529339786782722
posts_high&uppercase_phrase_heavy,43,0.04807671521865699,0.03951368255214649,0.12521888116108576,0.6511627906976745,0.3488372093023256,long,0.6511627906976745,0.2052856494397231
has_positive&pre_relief,42,0.04748430865146739,0.02810041592678325,0.124319730553483,0.6666666666666666,0.30952380952380953,long,0.6666666666666666,0.2051556610755501
pre_relief&exclamation_heavy,42,0.04748430865146739,0.02810041592678325,0.124319730553483,0.6666666666666666,0.30952380952380953,long,0.6666666666666666,0.2051556610755501
positive_heavy&pre_relief,42,0.04748430865146739,0.02810041592678325,0.124319730553483,0.6666666666666666,0.30952380952380953,long,0.6666666666666666,0.2051556610755501
has_action&attack_heavy,102,0.035669889170173504,0.023159541933430505,0.10667414503340433,0.5686274509803921,0.43137254901960786,long,0.5686274509803921,0.20484702809656594
has_russia&china_streak_3d,28,0.054160882584762766,0.04399813327337021,0.09374616607260297,0.7142857142857143,0.2857142857142857,long,0.7142857142857143,0.20470889443864493
pre_relief&has_night_post,41,0.048498708820906636,0.032567142459167586,0.12568803247869736,0.6585365853658537,0.3170731707317073,long,0.6585365853658537,0.20450409668913
posts_high&open_deal,59,0.05065717027830009,0.019531090274242047,0.12127359818731856,0.5254237288135594,0.4745762711864407,long,0.5254237288135594,0.20444505678896346
brag_heavy&has_night_post,41,0.05437238064565862,0.04816956084053148,0.11652320698092347,0.5853658536585366,0.4146341463414634,long,0.5853658536585366,0.2037969414785218
has_china&has_uppercase_phrase,127,0.03230079598741269,0.0199751133962478,0.10958469893463908,0.5590551181102362,0.4409448818897638,long,0.5590551181102362,0.20350248320914296
open_deal&has_night_post,74,0.04369091841066075,0.014488852012027653,0.11772863837503528,0.5405405405405406,0.4594594594594595,long,0.5405405405405406,0.20315864399152697
open_deal&deal_over_tariff,76,0.04425204588593108,0.009627707896443627,0.11722304823886323,0.5263157894736842,0.47368421052631576,long,0.5263157894736842,0.20304231164389305
posts_very_high&deal_only,95,0.03875017287922025,0.015841599248904048,0.12198656049034996,0.5368421052631579,0.45263157894736844,long,0.5368421052631579,0.20275987641954984
posts_high&pre_relief,31,0.0536231086021171,0.03519442066490219,0.1172865979498853,0.6774193548387096,0.2903225806451613,long,0.6774193548387096,0.20225088693805365
has_attack&pre_action,58,0.04400617870868249,0.030303214981742932,0.10540003585798846,0.603448275862069,0.39655172413793105,long,0.603448275862069,0.20224030225085993
has_iran&volume_spike,38,0.053938198177919006,0.03047707830008628,0.13647599628378282,0.6052631578947368,0.39473684210526316,long,0.6052631578947368,0.2012484167180587
has_relief&short_posts,45,0.051873794922338776,0.02317073449332896,0.11913257851806942,0.5777777777777777,0.4,long,0.5777777777777777,0.20105510827520373
pre_relief&deal_over_tariff,23,0.0599778242787494,0.03751597514815952,0.1237770573192018,0.6956521739130435,0.2608695652173913,long,0.6956521739130435,0.20009985417442594
attack_heavy&has_china,141,0.029680194139645275,0.025590484769526523,0.10242549496757596,0.5673758865248227,0.425531914893617,long,0.5673758865248227,0.19996186009863606
open_deal&deal_only,60,0.04828847592797228,0.015290368461885584,0.12376963994550842,0.5333333333333333,0.4666666666666667,long,0.5333333333333333,0.19948849395495935
has_attack&brag_heavy,35,0.0561196174194084,0.03366336030043837,0.10392065440616512,0.6,0.4,long,0.6,0.19920488043014825
positive_heavy&volume_spike,120,0.030620075902270248,0.020978272711197343,0.12007368315561776,0.5916666666666667,0.4083333333333333,long,0.5916666666666667,0.19846045769629292
has_uppercase_phrase&volume_drop,31,0.0526054963545898,0.029469544348052823,0.12443424153995111,0.6774193548387096,0.3225806451612903,long,0.6774193548387096,0.19841274728172462
has_positive&sig_potus,58,0.0418632972712649,0.031238024240079265,0.11481138090705942,0.6206896551724138,0.3793103448275862,long,0.6206896551724138,0.19788912836769426
has_deal&has_all_caps,93,0.03457958521947807,0.017928057374526185,0.11729471004443526,0.5913978494623656,0.3978494623655914,long,0.5913978494623656,0.19721547723027122
uppercase_phrase_heavy&volume_spike,20,0.06284846480085969,0.04217538869044912,0.1116231044403435,0.7,0.3,long,0.7,0.19674681540671507
uppercase_phrase_heavy&short_posts,31,0.05763823292595462,0.036734753717420965,0.12244681106699781,0.6129032258064516,0.3870967741935484,long,0.6129032258064516,0.19669051242615795
attack_heavy&pre_relief,23,0.0553830508074407,0.032567142459167586,0.12363370218022841,0.7391304347826086,0.21739130434782608,long,0.7391304347826086,0.19631879459271387
has_attack&uppercase_phrase_heavy,42,0.04711441434208562,0.04217538869044912,0.12624874892929575,0.6428571428571429,0.35714285714285715,long,0.6428571428571429,0.1962876230411177
exclamation_heavy&volume_spike,126,0.029728209836507313,0.020117727546341113,0.11911812710830584,0.5873015873015873,0.4126984126984127,long,0.5873015873015873,0.19598155759153968
posts_very_high&positive_heavy,213,0.026177943199737996,0.004854490346177132,0.11252653582222134,0.5117370892018779,0.4835680751173709,long,0.5117370892018779,0.19551145928393898
has_positive&has_iran,114,0.03209112481634533,0.021715538094881692,0.1329424940869722,0.5701754385964912,0.4298245614035088,long,0.5701754385964912,0.1953645991744605
posts_very_high&has_action,92,0.03667450883055002,0.021941179358648477,0.11562129600924688,0.5543478260869565,0.44565217391304346,long,0.5543478260869565,0.19500267485064535
deal_heavy&pre_deal,95,0.03648473654308114,0.0199751133962478,0.11457845789877931,0.5473684210526316,0.45263157894736844,long,0.5473684210526316,0.19464925934860325
deal_heavy&open_deal,49,0.048124702730702136,0.020260341696434425,0.11870702455123705,0.5714285714285714,0.42857142857142855,long,0.5714285714285714,0.19249881092280854
sig_potus,61,0.040442648207740406,0.029908906020990944,0.11241870628366148,0.6065573770491803,0.39344262295081966,long,0.6065573770491803,0.19159156823148393
sig_potus&has_exclamation,61,0.040442648207740406,0.029908906020990944,0.11241870628366148,0.6065573770491803,0.39344262295081966,long,0.6065573770491803,0.19159156823148393
has_iran&deal_only,59,0.04198081118773821,0.03444584334454004,0.13753981296371168,0.5932203389830508,0.4067796610169492,long,0.5932203389830508,0.19129026317181283
has_relief&has_uppercase_phrase,39,0.04574103328961971,0.03519442066490219,0.11231105150054221,0.6666666666666666,0.3333333333333333,long,0.6666666666666666,0.19043510755889972
has_positive&pre_deal,164,0.027862242403541543,0.004538573177853111,0.1133922776040536,0.5304878048780488,0.4573170731707317,long,0.5304878048780488,0.18928377767037943
open_deal,81,0.04053330136643827,0.008205769143358133,0.11530018711305658,0.5185185185185185,0.48148148148148145,long,0.5185185185185185,0.18915540637671194
open_deal&has_exclamation,81,0.04053330136643827,0.008205769143358133,0.11530018711305658,0.5185185185185185,0.48148148148148145,long,0.5185185185185185,0.18915540637671194
has_deal&open_deal,81,0.04053330136643827,0.008205769143358133,0.11530018711305658,0.5185185185185185,0.48148148148148145,long,0.5185185185185185,0.18915540637671194
posts_very_high&has_attack,205,0.025537350768378313,0.005057016517590274,0.11575128899918911,0.5170731707317073,0.47804878048780486,long,0.5170731707317073,0.18906223017349727
has_attack&sig_potus,50,0.04449191538793337,0.025307781633317594,0.11080177900905447,0.6,0.4,long,0.6,0.18876321047271474
has_night_post&sig_potus,59,0.04023918565105083,0.029908906020990944,0.11325418761343259,0.6101694915254238,0.3898305084745763,long,0.6101694915254238,0.18859304731195806
china_streak_3d&volume_drop,20,0.06022823099478723,0.02568187322495763,0.10062545487113805,0.7,0.3,long,0.7,0.18854418613646565
posts_low&has_attack,26,0.06387457681882132,0.022135789341339973,0.1364763973464714,0.5769230769230769,0.4230769230769231,long,0.5769230769230769,0.18790252708941416
open_deal&lots_of_excl,75,0.04172298629187372,0.008205769143358133,0.11723241306901963,0.52,0.48,long,0.52,0.18789246346266525
posts_high&attack_heavy,237,0.023259931271463575,0.007983987983203544,0.1117972008597643,0.5232067510548524,0.47257383966244726,long,0.5232067510548524,0.18735096711981877
short_posts&deal_only,147,0.02866629164867221,0.008205769143358133,0.11102663408665465,0.5374149659863946,0.4489795918367347,long,0.5374149659863946,0.18678411497175837
posts_high&volume_spike,113,0.030439052338335302,0.020260341696434425,0.12220802165349916,0.5752212389380531,0.4247787610619469,long,0.5752212389380531,0.18612523636520162
has_relief&has_action,29,0.05011061384774025,0.036734753717420965,0.11351903261283529,0.6896551724137931,0.3103448275862069,long,0.6896551724137931,0.1861061476943157
has_russia&pre_action,31,0.051786614036254536,0.032567142459167586,0.11588585173442667,0.6451612903225806,0.3548387096774194,long,0.6451612903225806,0.1860230090985103
positive_heavy&open_deal,69,0.04394513508245998,0.005167802581232506,0.12067657937050168,0.5072463768115942,0.4927536231884058,long,0.5072463768115942,0.18516304015549584
attack_heavy&has_uppercase_phrase,144,0.026404099005440745,0.023748926527544567,0.10637498331110962,0.5833333333333334,0.4166666666666667,long,0.5833333333333334,0.18482869303808522
posts_high&pre_deal,112,0.03198334528875662,0.013029260766534101,0.11637281885346906,0.5446428571428571,0.44642857142857145,long,0.5446428571428571,0.18435066576883996
has_china&has_russia,113,0.029937427705650718,0.025844910435716573,0.10852546402938507,0.5752212389380531,0.4247787610619469,long,0.5752212389380531,0.1830579594248009
open_deal&short_posts,46,0.051709585731259625,0.013066913258942159,0.12373885794695214,0.5217391304347826,0.4782608695652174,long,0.5217391304347826,0.1829798993322306
posts_low&has_uppercase_phrase,24,0.052708384843553134,0.02251291885630957,0.10662315940711158,0.7083333333333334,0.2916666666666667,long,0.7083333333333334,0.1829039180466816
has_deal&has_iran,76,0.035413041095251875,0.03047707830008628,0.13082951007396315,0.5921052631578947,0.40789473684210525,long,0.5921052631578947,0.18279694825775036
attack_heavy&has_all_caps,101,0.031129131974160517,0.019531090274242047,0.10621111403051542,0.5841584158415841,0.40594059405940597,long,0.5841584158415841,0.18275039967814322
open_deal&volume_spike,23,0.05842282451469539,0.028387014141004974,0.11477223760170074,0.6521739130434783,0.34782608695652173,long,0.6521739130434783,0.18273001531861519
posts_very_high&china_streak_3d,26,0.05819126503490715,0.029798086223410958,0.11714058431057041,0.6153846153846154,0.38461538461538464,long,0.6153846153846154,0.18259593595916376
has_iran,120,0.029847420535621783,0.019094199535480305,0.13182477772023743,0.5583333333333333,0.44166666666666665,long,0.5583333333333333,0.1825538448695166
has_iran&has_exclamation,120,0.029847420535621783,0.019094199535480305,0.13182477772023743,0.5583333333333333,0.44166666666666665,long,0.5583333333333333,0.1825538448695166
has_deal&pre_relief,24,0.055860622656600224,0.036355197906530856,0.12272519017250827,0.6666666666666666,0.2916666666666667,long,0.6666666666666666,0.18244002963043177
posts_very_high&short_posts,156,0.028470120458170385,0.004955753431883703,0.11642379996748738,0.5128205128205128,0.4807692307692308,long,0.5128205128205128,0.1823547131030106
posts_very_high&has_uppercase_phrase,127,0.0289311659041398,0.020472550257545352,0.11324398429551645,0.5590551181102362,0.4409448818897638,long,0.5590551181102362,0.18227303456925545
pre_deal&volume_spike,43,0.04424219040337485,0.026190357664372055,0.12040763711603407,0.627906976744186,0.37209302325581395,long,0.627906976744186,0.18216551119223376
has_positive&open_deal,79,0.03946346019095286,0.008205769143358133,0.11543466668697495,0.5189873417721519,0.4810126582278481,long,0.5189873417721519,0.18203943251701915
has_positive&volume_spike,133,0.026906082050324413,0.017928057374526185,0.11905907973751007,0.5864661654135338,0.41353383458646614,long,0.5864661654135338,0.18197814949602814
pre_relief,43,0.04245560481969258,0.023633689394398916,0.12718013947076665,0.6511627906976745,0.32558139534883723,long,0.6511627906976745,0.18128373305305645
pre_relief&has_exclamation,43,0.04245560481969258,0.023633689394398916,0.12718013947076665,0.6511627906976745,0.32558139534883723,long,0.6511627906976745,0.18128373305305645
has_relief&pre_relief,43,0.04245560481969258,0.023633689394398916,0.12718013947076665,0.6511627906976745,0.32558139534883723,long,0.6511627906976745,0.18128373305305645
attack_heavy&volume_spike,90,0.03239856765609334,0.025360543520731582,0.12076517164021656,0.5888888888888889,0.4111111111111111,long,0.5888888888888889,0.18100077120589478
has_russia&uppercase_phrase_heavy,24,0.05212663149548299,0.03812421813478373,0.09986254471811115,0.7083333333333334,0.2916666666666667,long,0.7083333333333334,0.18088516966320084
posts_low&has_positive,96,0.03279063178877627,0.012297862666383774,0.11801657571872264,0.5625,0.4375,long,0.5625,0.18072071150847183
has_relief&volume_spike,26,0.053976055308713515,0.029312942314797086,0.13733668985070788,0.6538461538461539,0.34615384615384615,long,0.6538461538461539,0.17995478107154583
posts_very_high&has_positive,226,0.023675852893523825,0.0016004956062029008,0.11485138800934853,0.504424778761062,0.4911504424778761,long,0.504424778761062,0.17953795108733436
posts_high&posts_very_high,226,0.023675852893523825,0.0016004956062029008,0.11485138800934853,0.504424778761062,0.4911504424778761,long,0.504424778761062,0.17953795108733436
posts_very_high,226,0.023675852893523825,0.0016004956062029008,0.11485138800934853,0.504424778761062,0.4911504424778761,long,0.504424778761062,0.17953795108733436
posts_very_high&exclamation_heavy,226,0.023675852893523825,0.0016004956062029008,0.11485138800934853,0.504424778761062,0.4911504424778761,long,0.504424778761062,0.17953795108733436
posts_very_high&has_exclamation,226,0.023675852893523825,0.0016004956062029008,0.11485138800934853,0.504424778761062,0.4911504424778761,long,0.504424778761062,0.17953795108733436
pre_deal&has_exclamation,171,0.026288996542003236,0.0039216980435379245,0.11212628773009795,0.52046783625731,0.4678362573099415,long,0.52046783625731,0.1789229132206619
posts_low&has_exclamation,132,0.030079905811221337,0.0053212186281456075,0.11146770301644296,0.5151515151515151,0.48484848484848486,long,0.5151515151515151,0.17803214282950985
positive_heavy&brag_heavy,39,0.05040104645252932,0.03366336030043837,0.1176617057927876,0.5641025641025641,0.4358974358974359,long,0.5641025641025641,0.17755378340233505
pre_deal,172,0.026115239529998627,0.0034555636805279066,0.11182117460501251,0.5174418604651163,0.47093023255813954,long,0.5174418604651163,0.17722288280371493
has_deal&pre_deal,172,0.026115239529998627,0.0034555636805279066,0.11182117460501251,0.5174418604651163,0.47093023255813954,long,0.5174418604651163,0.17722288280371493
sig_potus&exclamation_heavy,59,0.038843590637199873,0.025590484769526523,0.11370933943124134,0.5932203389830508,0.4067796610169492,long,0.5932203389830508,0.1769951667274692
pre_deal&lots_of_excl,158,0.026756171659760707,0.004538573177853111,0.11498157903502303,0.5253164556962026,0.46835443037974683,long,0.5253164556962026,0.17667435826280456
has_china&uppercase_phrase_heavy,34,0.04903706983387234,0.03604041250565704,0.1389205796127759,0.6176470588235294,0.38235294117647056,long,0.6176470588235294,0.17660555001691366
pre_deal&deal_over_tariff,150,0.02772372929866612,0.0034555636805279066,0.11230529945014887,0.52,0.4666666666666667,long,0.52,0.17656337542682832
positive_heavy&pre_deal,143,0.02770792783166247,0.005057016517590274,0.11488793537051721,0.5314685314685315,0.46153846153846156,long,0.5314685314685315,0.17609605279941434
open_deal&exclamation_heavy,79,0.03908985697402669,0.005167802581232506,0.11557548277753293,0.5063291139240507,0.4936708860759494,long,0.5063291139240507,0.17591810052162477
has_relief&has_all_caps,24,0.05372724700804945,0.029312942314797086,0.11297134838524521,0.6666666666666666,0.2916666666666667,long,0.6666666666666666,0.17547245393892708
has_deal&uppercase_phrase_heavy,29,0.0493549261468317,0.03951368255214649,0.13830601990790592,0.6551724137931034,0.3448275862068966,long,0.6551724137931034,0.1741346143292473
has_all_caps&volume_spike,45,0.04027539965104406,0.026190357664372055,0.12392117213935618,0.6444444444444445,0.35555555555555557,long,0.6444444444444445,0.17411316078536462
attack_heavy&deal_only,116,0.02838949946535259,0.019753101835244924,0.11085161683954702,0.5689655172413793,0.4224137931034483,long,0.5689655172413793,0.1739693242285641
posts_very_high&lots_of_excl,224,0.02300419818643631,0.0016004956062029008,0.11386803563563613,0.5044642857142857,0.49107142857142855,long,0.5044642857142857,0.17368468878630888
has_exclamation&volume_spike,143,0.02532774059380338,0.015486618220557302,0.11624104785583365,0.5734265734265734,0.42657342657342656,long,0.5734265734265734,0.17367698976542267
posts_very_high&has_night_post,223,0.023257226126744378,0.0,0.1153284799517545,0.4977578475336323,0.4977578475336323,long,0.4977578475336323,0.17287351509524082
pre_deal&has_night_post,164,0.026315390096981035,0.002945133400712785,0.11181618056528726,0.5121951219512195,0.47560975609756095,long,0.5121951219512195,0.17261048561449133
has_russia&deal_over_tariff,114,0.02876457483023062,0.018050970472669237,0.11499904536237375,0.5614035087719298,0.43859649122807015,long,0.5614035087719298,0.17241915303791303
attack_heavy&pre_tariff,32,0.04408718785839019,0.04138195743432249,0.10171334412515853,0.6875,0.3125,long,0.6875,0.17145892223962111
has_iran&exclamation_heavy,117,0.028426907226185336,0.017928057374526185,0.13256988601037872,0.5555555555555556,0.4444444444444444,long,0.5555555555555556,0.17082445267811508
pre_deal&exclamation_heavy,168,0.025433204861425265,0.0034555636805279066,0.11221817542731433,0.5178571428571429,0.47023809523809523,long,0.5178571428571429,0.17071264890196852
has_attack&has_iran,91,0.03175478661030625,0.017928057374526185,0.13046490682058023,0.5604395604395604,0.43956043956043955,long,0.5604395604395604,0.16976911261431366
pre_action&deal_only,30,0.051627914546561605,0.028720835623267327,0.1159772426649912,0.6,0.4,long,0.6,0.16966664036460535
attack_heavy&pre_deal,88,0.03171436071665739,0.020117727546341113,0.10972053462035093,0.5681818181818182,0.42045454545454547,long,0.5681818181818182,0.16903811058878968
has_night_post&volume_spike,143,0.024354128525600247,0.015486618220557302,0.11644339367458602,0.5734265734265734,0.42657342657342656,long,0.5734265734265734,0.16700075219979563
has_relief&attack_heavy,47,0.04062250734710958,0.020260341696434425,0.11113844886037791,0.5957446808510638,0.3829787234042553,long,0.5957446808510638,0.16591124728666032
volume_spike,167,0.022107687673061236,0.013071895424836555,0.1164907431529423,0.5748502994011976,0.4251497005988024,long,0.5748502994011976,0.164231446454624
has_china&volume_spike,69,0.03224626602033505,0.025844910435716573,0.10750275888700854,0.6086956521739131,0.391304347826087,long,0.6086956521739131,0.16304375823492484
has_iran&lots_of_excl,112,0.02773882808373503,0.019094199535480305,0.1333605792463402,0.5535714285714286,0.44642857142857145,long,0.5535714285714286,0.1625065188477182
has_market_brag&volume_spike,36,0.0442569770057876,0.03164856992724785,0.1030327900502876,0.6111111111111112,0.3888888888888889,long,0.6111111111111112,0.16227558235455455
has_deal&sig_potus,24,0.04956223571098486,0.025307781633317594,0.11665161164245501,0.6666666666666666,0.3333333333333333,long,0.6666666666666666,0.1618695840046127
has_russia&volume_drop,26,0.05154725419548226,0.026262503978417673,0.10475864679984198,0.6153846153846154,0.38461538461538464,long,0.6153846153846154,0.16174797231685636
posts_very_high&pre_action,42,0.04162096071813403,0.024305429489529073,0.10298257724616301,0.5952380952380952,0.40476190476190477,long,0.5952380952380952,0.1605563416862179
has_tariff&deal_over_tariff,43,0.04203911735568501,0.03951368255214649,0.09428583276883419,0.5813953488372093,0.4186046511627907,long,0.5813953488372093,0.1602726323696638
has_iran&has_night_post,113,0.02746359455841078,0.020260341696434425,0.1327118565710173,0.5486725663716814,0.45132743362831856,long,0.5486725663716814,0.16018057443592398
positive_heavy&sig_potus,49,0.03736985317018962,0.029908906020990944,0.12009287650651576,0.6122448979591837,0.3877551020408163,long,0.6122448979591837,0.16015651358652697
sig_potus&lots_of_excl,55,0.03705811001846782,0.025025078497108666,0.11637022405472326,0.5818181818181818,0.41818181818181815,long,0.5818181818181818,0.1599012651366317
has_market_brag&short_posts,82,0.032894454493923225,0.011401451230726556,0.11132508916493707,0.5365853658536586,0.45121951219512196,long,0.5365853658536586,0.15983373160319558
has_market_brag&pre_action,21,0.05632245434461264,0.03951368255214649,0.09773520633425622,0.6190476190476191,0.38095238095238093,long,0.6190476190476191,0.15977737307992684
short_posts&volume_drop,99,0.028068031254193583,0.01827686651920346,0.1004794204188075,0.5656565656565656,0.43434343434343436,long,0.5656565656565656,0.15797282373791519
attack_heavy&brag_heavy,28,0.05214197098082748,0.022167098160050136,0.10502276469116192,0.5714285714285714,0.42857142857142855,long,0.5714285714285714,0.15766250066744703
has_market_brag&has_china,69,0.03677931990272945,0.0019571122301944577,0.09794484049381491,0.5072463768115942,0.4782608695652174,long,0.5072463768115942,0.15496984308415734
has_attack&pre_deal,128,0.026671569981350805,0.0016062238700494946,0.11816713078970127,0.5078125,0.4765625,long,0.5078125,0.15323463998947578
has_russia&sig_potus,34,0.04059122196164994,0.03311525137980298,0.09300255937128524,0.6470588235294118,0.35294117647058826,long,0.6470588235294118,0.15314941698382695
positive_heavy&has_iran,92,0.029275702166722765,0.019094199535480305,0.14192938307234923,0.5434782608695652,0.45652173913043476,long,0.5434782608695652,0.15261014708509074
all_caps_heavy&short_posts,24,0.046718008139311686,0.049842183391304085,0.09066776271054837,0.6666666666666666,0.3333333333333333,long,0.6666666666666666,0.15258037565400664
all_caps_heavy&has_uppercase_phrase,27,0.041666716990509604,0.04816956084053148,0.11648188417349498,0.7037037037037037,0.2962962962962963,long,0.7037037037037037,0.15235650504788495
has_russia&has_uppercase_phrase,111,0.025223051231751985,0.022432113341204207,0.11691767917362215,0.5675675675675675,0.43243243243243246,long,0.5675675675675675,0.15082616274952157
has_relief&pre_deal,30,0.048287620915193036,0.02126372520003672,0.13172974343150884,0.5666666666666667,0.4,long,0.5666666666666667,0.1498732422665537
silence_day&volume_drop,146,0.021810057016426375,0.01510830530232854,0.11616910199877395,0.5684931506849316,0.4315068493150685,long,0.5684931506849316,0.14981609242564725
exclamation_heavy&has_chips,31,0.04380152691157295,0.026058742170426585,0.11120625486937082,0.6129032258064516,0.3870967741935484,long,0.6129032258064516,0.1494727429335524
lots_of_excl&has_chips,31,0.04380152691157295,0.026058742170426585,0.11120625486937082,0.6129032258064516,0.3870967741935484,long,0.6129032258064516,0.1494727429335524
lots_of_excl&tariff_rising,26,0.047252239237941786,0.05047894433319555,0.10777743963140346,0.6153846153846154,0.38461538461538464,long,0.6153846153846154,0.1482708245755199
posts_high&has_market_brag,103,0.028269329490346017,0.00589390170445836,0.10651304449221574,0.5145631067961165,0.47572815533980584,long,0.5145631067961165,0.1476293695108294
positive_heavy&all_caps_heavy,22,0.04551381641173025,0.03967069349993513,0.08755414070835345,0.6818181818181818,0.3181818181818182,long,0.6818181818181818,0.14555367394587942
has_night_post&volume_drop,123,0.024818303380755236,0.005341893868582748,0.10714429007305871,0.5284552845528455,0.4715447154471545,long,0.5284552845528455,0.145456418525542
sig_potus&deal_over_tariff,21,0.04735071212004579,0.025590484769526523,0.11754655712901983,0.6666666666666666,0.3333333333333333,long,0.6666666666666666,0.14465881500011515
attack_heavy&has_market_brag,75,0.032948054340149406,0.00589390170445836,0.10754790763311001,0.5066666666666667,0.48,long,0.5066666666666667,0.1445715171234536
positive_heavy&tariff_rising,26,0.04590109057267281,0.05047894433319555,0.10910117790813409,0.6153846153846154,0.38461538461538464,long,0.6153846153846154,0.14403111170784522
attack_heavy&all_caps_heavy,24,0.04116326333166532,0.047471902690617074,0.1187255391099152,0.7083333333333334,0.2916666666666667,long,0.7083333333333334,0.14284107102306257
posts_very_high&all_caps_heavy,22,0.04186163717672363,0.047471902690617074,0.11735992770270168,0.7272727272727273,0.2727272727272727,long,0.7272727272727273,0.1427988965423381
has_deal&tariff_rising,21,0.050334009631314056,0.06601127845397037,0.1163056290448839,0.6190476190476191,0.38095238095238093,long,0.6190476190476191,0.14278915805522516
has_deal&has_russia,132,0.02245617204845443,0.015664108734730675,0.11286933333992787,0.553030303030303,0.44696969696969696,long,0.553030303030303,0.1426827994055475
pre_deal&deal_only,119,0.025346476491502984,0.0019685687578876454,0.11761793794633238,0.5126050420168067,0.47058823529411764,long,0.5126050420168067,0.1417339691188022
positive_heavy&has_russia,213,0.018623211896669805,0.011201679499064587,0.11100238747851442,0.5211267605633803,0.4788732394366197,long,0.5211267605633803,0.14164060130879552
attack_heavy&short_posts,147,0.022284900114635627,0.007983987983203544,0.10032603602620901,0.5238095238095238,0.46938775510204084,long,0.5238095238095238,0.14152812388053682
posts_high&all_caps_heavy,26,0.039396624673275794,0.047471902690617074,0.11696788292546687,0.6923076923076923,0.3076923076923077,long,0.6923076923076923,0.13907364783142445
has_chips,32,0.04110920107500542,0.02453824300857832,0.11045296227355596,0.59375,0.40625,long,0.59375,0.1380758255341638
has_exclamation&has_chips,32,0.04110920107500542,0.02453824300857832,0.11045296227355596,0.59375,0.40625,long,0.59375,0.1380758255341638
pre_action&short_posts,50,0.03238020157899395,0.015894674328617464,0.0897482330379389,0.6,0.4,long,0.6,0.13737756067616386
has_china&sig_potus,26,0.04066603585217465,0.027749695395258733,0.08439622948381206,0.6538461538461539,0.34615384615384615,long,0.6538461538461539,0.13557951830622844
has_positive&all_caps_heavy,28,0.037671162819969135,0.047471902690617074,0.11624334141374319,0.6785714285714286,0.32142857142857145,long,0.6785714285714286,0.13526443142749708
has_all_caps&all_caps_heavy,28,0.037671162819969135,0.047471902690617074,0.11624334141374319,0.6785714285714286,0.32142857142857145,long,0.6785714285714286,0.13526443142749708
has_night_post&all_caps_heavy,28,0.037671162819969135,0.047471902690617074,0.11624334141374319,0.6785714285714286,0.32142857142857145,long,0.6785714285714286,0.13526443142749708
all_caps_heavy&lots_of_excl,28,0.037671162819969135,0.047471902690617074,0.11624334141374319,0.6785714285714286,0.32142857142857145,long,0.6785714285714286,0.13526443142749708
all_caps_heavy&has_exclamation,28,0.037671162819969135,0.047471902690617074,0.11624334141374319,0.6785714285714286,0.32142857142857145,long,0.6785714285714286,0.13526443142749708
all_caps_heavy,28,0.037671162819969135,0.047471902690617074,0.11624334141374319,0.6785714285714286,0.32142857142857145,long,0.6785714285714286,0.13526443142749708
all_caps_heavy&exclamation_heavy,28,0.037671162819969135,0.047471902690617074,0.11624334141374319,0.6785714285714286,0.32142857142857145,long,0.6785714285714286,0.13526443142749708
has_russia&open_deal,32,0.04211168316409514,0.019094199535480305,0.12362142600065153,0.5625,0.4375,long,0.5625,0.13399855529629967
posts_very_high&volume_spike,81,0.02673162689944771,0.020260341696434425,0.11958555473895531,0.5555555555555556,0.4444444444444444,long,0.5555555555555556,0.13365813449723857
has_action&has_russia,76,0.026938570401628087,0.019094199535480305,0.11337180042272049,0.5657894736842105,0.4342105263157895,long,0.5657894736842105,0.13287283580943599
tariff_rising,27,0.04279320942948187,0.040485812717631076,0.10819449030016054,0.5925925925925926,0.4074074074074074,long,0.5925925925925926,0.1317689119125301
exclamation_heavy&tariff_rising,27,0.04279320942948187,0.040485812717631076,0.10819449030016054,0.5925925925925926,0.4074074074074074,long,0.5925925925925926,0.1317689119125301
has_exclamation&tariff_rising,27,0.04279320942948187,0.040485812717631076,0.10819449030016054,0.5925925925925926,0.4074074074074074,long,0.5925925925925926,0.1317689119125301
has_positive&tariff_rising,27,0.04279320942948187,0.040485812717631076,0.10819449030016054,0.5925925925925926,0.4074074074074074,long,0.5925925925925926,0.1317689119125301
has_tariff&tariff_rising,27,0.04279320942948187,0.040485812717631076,0.10819449030016054,0.5925925925925926,0.4074074074074074,long,0.5925925925925926,0.1317689119125301
has_russia&deal_only,94,0.024964990950481478,0.014131953362483629,0.11970066886116262,0.5425531914893617,0.4574468085106383,long,0.5425531914893617,0.13132205260282404
has_attack&has_chips,27,0.04233022594860647,0.023017743846730054,0.11775625582590249,0.5925925925925926,0.4074074074074074,long,0.5925925925925926,0.13034329251352333
posts_very_high&pre_tariff,25,0.040675379470276295,0.03951368255214649,0.0896044287255957,0.64,0.36,long,0.64,0.13016121430488414
attack_heavy&sig_potus,28,0.03997723733970334,0.027749695395258733,0.09562875482621927,0.6071428571428571,0.39285714285714285,long,0.6071428571428571,0.1284347912694591
has_iran&has_all_caps,27,0.04156705324552553,0.026058742170426585,0.12578831332305393,0.5925925925925926,0.4074074074074074,long,0.5925925925925926,0.12799333003052624
has_action&has_iran,34,0.03384396475418066,0.03701534891593117,0.13073850378989565,0.6470588235294118,0.35294117647058826,long,0.6470588235294118,0.12769222556100826
posts_low&silence_day,227,0.015946119146931458,0.007017528279475549,0.11369764439257099,0.5314009661835749,0.463768115942029,long,0.5314009661835749,0.1276704158715003
silence_day,227,0.015946119146931458,0.007017528279475549,0.11369764439257099,0.5314009661835749,0.463768115942029,long,0.5314009661835749,0.1276704158715003
has_china&pre_tariff,39,0.033089426195031836,0.03951368255214649,0.09949084829319077,0.6153846153846154,0.38461538461538464,long,0.6153846153846154,0.12716516944992332
has_russia,285,0.01466879758912244,0.004020129838115949,0.1097949651165625,0.5087719298245614,0.49122807017543857,long,0.5087719298245614,0.1259911639548834
has_russia&has_exclamation,284,0.014679238710111292,0.003894487029610705,0.10998863635181359,0.5070422535211268,0.49295774647887325,long,0.5070422535211268,0.12543156905334682
has_uppercase_phrase&volume_spike,74,0.024520027857136438,0.020978272711197343,0.11477691200944416,0.5945945945945946,0.40540540540540543,long,0.5945945945945946,0.1254173949742904
has_action&volume_spike,57,0.02858823319896584,0.020260341696434425,0.11187952570836868,0.5789473684210527,0.42105263157894735,long,0.5789473684210527,0.12495793168105951
has_iran&short_posts,48,0.030871468882400332,0.024614738331877772,0.12352769116414647,0.5833333333333334,0.4166666666666667,long,0.5833333333333334,0.12476555608673091
has_attack&all_caps_heavy,25,0.036567183193732304,0.04677424454070267,0.11847585992341111,0.68,0.32,long,0.68,0.12432842285868985
pre_deal&pre_action,32,0.036707966454899654,0.028720835623267327,0.09972340727479012,0.59375,0.40625,long,0.59375,0.12329314701818234
has_china&volume_drop,31,0.04034657511290884,0.025590484769526523,0.09856011258500133,0.5483870967741935,0.45161290322580644,long,0.5483870967741935,0.12318979975129916
has_russia&volume_spike,78,0.02352451101726774,0.02108385499099852,0.12632265383462196,0.5897435897435898,0.41025641025641024,long,0.5897435897435898,0.12252681239593542
has_night_post&has_chips,30,0.03689556686024212,0.02453824300857832,0.10613119878776378,0.6,0.4,long,0.6,0.12125120544776799
positive_heavy&has_chips,30,0.03689556686024212,0.02453824300857832,0.10613119878776378,0.6,0.4,long,0.6,0.12125120544776799
has_deal&pre_tariff,42,0.028984441093549917,0.03604041250565704,0.1086277408378669,0.6428571428571429,0.35714285714285715,long,0.6428571428571429,0.12075470165286913
posts_low&exclamation_heavy,40,0.038107790829636515,0.0003057048102581006,0.1343102319710398,0.5,0.5,long,0.5,0.12050741561892898
posts_very_high&pre_relief,22,0.04016758667706674,0.026413742077801006,0.11963542352220478,0.6363636363636364,0.3181818181818182,long,0.6363636363636364,0.11989261555357383
has_russia&exclamation_heavy,279,0.01413174410777398,0.0037688442211054607,0.1104374303627936,0.5053763440860215,0.4946236559139785,long,0.5053763440860215,0.11929239992616661
has_positive&has_russia,275,0.01417609004044635,0.0037688442211054607,0.11086354855442693,0.5054545454545455,0.49454545454545457,long,0.5054545454545455,0.11882420473682177
has_market_brag&pre_deal,38,0.03468715357046927,0.03082914821153926,0.12450873731854864,0.5526315789473685,0.42105263157894735,long,0.5526315789473685,0.1181669862908331
short_posts&volume_spike,98,0.020785944768757402,0.012395171059152887,0.11016705702510719,0.5714285714285714,0.42857142857142855,long,0.5714285714285714,0.11758305999485921
attack_heavy&has_iran,52,0.028130166394262864,0.02722287815571578,0.12348231009923688,0.5769230769230769,0.4230769230769231,long,0.5769230769230769,0.11702856614059465
has_night_post&tariff_rising,25,0.03895229219177251,0.040485812717631076,0.10531518294576452,0.6,0.4,long,0.6,0.11685687657531751
posts_very_high&pre_deal,73,0.02695583566433806,0.0012438789822113439,0.1152133387715205,0.5068493150684932,0.4794520547945205,long,0.5068493150684932,0.11673285140202638
has_attack&pre_tariff,50,0.0272227674829132,0.028089244983467876,0.10826801681162894,0.6,0.4,long,0.6,0.1154964209389954
pre_tariff&pre_deal,31,0.033724651816608754,0.032567142459167586,0.11350558355451354,0.6129032258064516,0.3870967741935484,long,0.6129032258064516,0.11508539923012692
has_attack&has_russia,249,0.014441612651758895,0.0019571122301944577,0.11017254029098084,0.5020080321285141,0.4979919678714859,long,0.5020080321285141,0.11440000192625906
pre_tariff&lots_of_excl,60,0.025177468131284565,0.02528992418558529,0.10979126690816593,0.5833333333333334,0.4166666666666667,long,0.5833333333333334,0.11376390056748863
has_russia&has_night_post,265,0.013703439887092841,0.0037688442211054607,0.10847216851108185,0.5056603773584906,0.49433962264150944,long,0.5056603773584906,0.1128006131666809
has_china&has_iran,43,0.030630819092160446,0.028387014141004974,0.101543612980644,0.5581395348837209,0.4418604651162791,long,0.5581395348837209,0.11210774687210685
pre_tariff,64,0.024085277314869938,0.021839313905091973,0.10963605508271851,0.578125,0.421875,long,0.578125,0.11139440758127346
pre_tariff&has_exclamation,64,0.024085277314869938,0.021839313905091973,0.10963605508271851,0.578125,0.421875,long,0.578125,0.11139440758127346
has_tariff&pre_tariff,64,0.024085277314869938,0.021839313905091973,0.10963605508271851,0.578125,0.421875,long,0.578125,0.11139440758127346
posts_very_high&has_relief,48,0.029653365786175567,0.012557416021305778,0.12103364181892647,0.5416666666666666,0.4375,long,0.5416666666666666,0.11128246167367485
has_market_brag&deal_over_tariff,68,0.025458203407830084,0.013721557427806008,0.11729287688113392,0.5294117647058824,0.45588235294117646,long,0.5294117647058824,0.1111413829647631
has_positive&has_chips,31,0.03433916470802179,0.023017743846730054,0.1053136328392661,0.5806451612903226,0.41935483870967744,long,0.5806451612903226,0.11101492887716562
posts_high&sig_potus,41,0.028252645442191783,0.025025078497108666,0.08132134476548168,0.6097560975609756,0.3902439024390244,long,0.6097560975609756,0.11030804805030177
has_action&has_market_brag,39,0.03278514883487654,0.02362201702086253,0.11075284571556698,0.5384615384615384,0.46153846153846156,long,0.5384615384615384,0.11024633245822947
has_positive&pre_tariff,63,0.024285135254825733,0.024643257387550355,0.11050492743366587,0.5714285714285714,0.42857142857142855,long,0.5714285714285714,0.11014702018257616
has_china&tariff_rising,20,0.03998871563973874,0.047610594787296234,0.11092405421091775,0.6,0.4,long,0.6,0.10730098380403778
has_tariff&pre_deal,53,0.02784133012586619,0.0104440474848011,0.09860000230549383,0.5283018867924528,0.4716981132075472,long,0.5283018867924528,0.10708042260077694
deal_heavy&has_market_brag,35,0.03321441828538533,0.032567142459167586,0.1232779389451964,0.5428571428571428,0.45714285714285713,long,0.5428571428571428,0.106670966342459
attack_heavy&open_deal,46,0.031151306554954017,0.007701339569884613,0.09794772957677475,0.5,0.5,long,0.5,0.10563922023059566
deal_heavy&has_russia,61,0.024178956981094634,0.020260341696434425,0.1144427926209418,0.5573770491803278,0.4426229508196721,long,0.5573770491803278,0.10525713920429638
positive_heavy&pre_tariff,53,0.025415939986603707,0.03024189898331553,0.112538544990167,0.5660377358490566,0.4339622641509434,long,0.5660377358490566,0.10473443549537763
pre_tariff&has_uppercase_phrase,25,0.032258762645256595,0.032567142459167586,0.09223735576376958,0.64,0.36,long,0.64,0.1032280404648211
posts_high&brag_heavy,33,0.03269900946301349,0.0106708360196619,0.10249295594969395,0.5454545454545454,0.45454545454545453,long,0.5454545454545454,0.10245900454910226
has_russia&has_all_caps,69,0.021804450341161102,0.022432113341204207,0.1112722462841038,0.5652173913043478,0.43478260869565216,long,0.5652173913043478,0.10237294686009184
posts_very_high&sig_potus,27,0.031164545892241144,0.029908906020990944,0.07819216048567817,0.6296296296296297,0.37037037037037035,long,0.6296296296296297,0.1019595341069946
has_deal&has_market_brag,77,0.022650245520914318,0.0106708360196619,0.11526763416554105,0.5064935064935064,0.4805194805194805,long,0.5064935064935064,0.10066816642411339
has_russia&lots_of_excl,259,0.012221640661339775,0.0019571122301944577,0.1100139043481207,0.5019305019305019,0.4980694980694981,long,0.5019305019305019,0.09872405397253682
attack_heavy&has_russia,144,0.016672643783871073,-0.0023257228172527955,0.11877252627439175,0.4930555555555556,0.5069444444444444,long,0.4930555555555556,0.09864647572123719
posts_high&has_chips,23,0.036180880006737665,0.017928057374526185,0.11848662640413139,0.5652173913043478,0.43478260869565216,long,0.5652173913043478,0.09807505493076504
posts_high&has_russia,170,0.014994074584356518,0.0001772477074481471,0.11398592985964096,0.5,0.5,long,0.5,0.09774940709412493
posts_high&has_iran,75,0.021007553569144473,0.013806756818439458,0.13553003461767388,0.5333333333333333,0.4666666666666667,long,0.5333333333333333,0.09702973366528837
has_relief&has_russia,36,0.029077186544909872,0.021715538094881692,0.10401597612519005,0.5555555555555556,0.4444444444444444,long,0.5555555555555556,0.09692395514969958
posts_high&pre_tariff,42,0.025114275250160058,0.03140452072124156,0.1054252862855204,0.5952380952380952,0.40476190476190477,long,0.5952380952380952,0.09688042007424377
has_tariff&short_posts,41,0.023734846440512717,0.017928057374526185,0.08577361669699307,0.6341463414634146,0.36585365853658536,long,0.6341463414634146,0.09637576666804482
pre_deal&short_posts,69,0.02284312210864692,0.0029894293175178888,0.10497418433448412,0.5072463768115942,0.463768115942029,long,0.5072463768115942,0.0962496059767149
attack_heavy&uppercase_phrase_heavy,35,0.02690928511369344,0.032567142459167586,0.11241329514501214,0.6,0.4,long,0.6,0.09551848658327113
lots_of_excl&volume_drop,81,0.01892094900663454,0.00589390170445836,0.10455471334140133,0.5432098765432098,0.4567901234567901,long,0.5432098765432098,0.09250241736576886
deal_over_tariff&volume_drop,25,0.028653857919724954,0.022312484908032726,0.10688700532797578,0.64,0.36,long,0.64,0.09169234534311986
deal_only&volume_drop,25,0.028653857919724954,0.022312484908032726,0.10688700532797578,0.64,0.36,long,0.64,0.09169234534311986
deal_heavy&pre_tariff,25,0.029834603880779784,0.032567142459167586,0.10245051149643708,0.6,0.4,long,0.6,0.08950381164233935
has_russia&pre_tariff,29,0.02659103799434001,0.03024189898331553,0.10437335688991026,0.6206896551724138,0.3793103448275862,long,0.6206896551724138,0.08888097227108045
posts_very_high&open_tariff,21,0.031124136655924346,0.020260341696434425,0.07860577097107686,0.6190476190476191,0.38095238095238093,long,0.6190476190476191,0.08829396467414284
sig_potus&has_uppercase_phrase,30,0.026700721209045368,0.027749695395258733,0.1151849504432896,0.6,0.4,long,0.6,0.08774752384710456
posts_very_high&attack_heavy,163,0.014285914756183004,-0.0038169194762972536,0.10570511465953839,0.4785276073619632,0.5153374233128835,long,0.4785276073619632,0.08727881775925649
pre_tariff&has_night_post,59,0.020274773302857433,0.024643257387550355,0.11012998420663245,0.559322033898305,0.4406779661016949,long,0.559322033898305,0.08710517167050898
pre_tariff&exclamation_heavy,61,0.019996379586746025,0.01903537042263359,0.10958935865762912,0.5573770491803278,0.4426229508196721,long,0.5573770491803278,0.08704931777618763
posts_very_high&has_iran,52,0.023708614920365394,0.007010839483772124,0.12321305203829314,0.5,0.5,long,0.5,0.08548262676560801
has_relief&has_market_brag,20,0.034701485659123274,0.019230522081812973,0.1026207966508023,0.55,0.4,long,0.55,0.08535436893943711
has_tariff&has_action,40,0.023329785672370148,0.03365812804250001,0.09728551150499577,0.575,0.425,long,0.575,0.08484154905549031
has_iran&pre_deal,40,0.026483868914970232,0.008176981644726244,0.13978653254980566,0.5,0.5,long,0.5,0.08374934702463814
brag_heavy&deal_over_tariff,22,0.030206771981863587,0.023735058559438915,0.10972800785225556,0.5909090909090909,0.4090909090909091,long,0.5909090909090909,0.08372137052921069
has_iran&has_uppercase_phrase,55,0.021104018034847894,0.011201679499064587,0.13549894690594314,0.5272727272727272,0.4727272727272727,long,0.5272727272727272,0.08252429112779414
has_action&pre_deal,53,0.022149836847212973,0.005057016517590274,0.11361398462821612,0.5094339622641509,0.49056603773584906,long,0.5094339622641509,0.0821478801790249
has_market_brag&has_russia,55,0.019568927252500888,0.011201679499064587,0.11606683951990063,0.5636363636363636,0.43636363636363634,long,0.5636363636363636,0.0817988819855736
pre_deal&has_all_caps,45,0.021076826087314107,0.010216922284164154,0.09613345259129265,0.5777777777777777,0.4,long,0.5777777777777777,0.08169064086070378
has_tariff&attack_heavy,65,0.017706520941756888,0.020260341696434425,0.10979974767084599,0.5692307692307692,0.4307692307692308,long,0.5692307692307692,0.08126027414383584
has_deal&volume_drop,28,0.025129384185309963,0.012470386834312785,0.10146624726261091,0.6071428571428571,0.39285714285714285,long,0.6071428571428571,0.08073312283050026
brag_heavy&has_china,20,0.03601325481310313,0.015173899894498633,0.08812932945155348,0.5,0.5,long,0.5,0.08052808585312009
has_deal&brag_heavy,26,0.02896060344314503,0.01223879641905068,0.10719702584366618,0.5384615384615384,0.46153846153846156,long,0.5384615384615384,0.07951498265954862
posts_low&short_posts,131,0.012963155056936678,0.005300341506015993,0.0834276578511272,0.5343511450381679,0.46564885496183206,long,0.5343511450381679,0.07928172812260137
has_tariff&deal_heavy,57,0.021003852304406337,-0.0038986641396419053,0.1049312682321347,0.49122807017543857,0.5087719298245614,long,0.49122807017543857,0.07789678960056384
posts_low&has_night_post,102,0.014654458159074138,0.0038535250485676187,0.08667960350102907,0.5098039215686274,0.49019607843137253,long,0.5098039215686274,0.07545239384728102
sig_potus&short_posts,29,0.023794950637990094,0.025025078497108666,0.09652302441763591,0.5862068965517241,0.41379310344827586,long,0.5862068965517241,0.07511639389567304
high_emotion&has_uppercase_phrase,21,0.026157654309762357,0.026748971193415683,0.07788078372977782,0.6190476190476191,0.38095238095238093,long,0.6190476190476191,0.07420488578098382
attack_heavy&open_tariff,20,0.027029205362948016,0.019094199535480305,0.07873679336465217,0.6,0.4,long,0.6,0.07252696868322436
posts_very_high&has_market_brag,62,0.02061183422593101,-0.00874843357265559,0.1167366744124011,0.43548387096774194,0.5483870967741935,long,0.43548387096774194,0.07067805023880301
has_tariff&positive_heavy,115,0.012390026261899764,0.005167802581232506,0.10394138439582921,0.5043478260869565,0.4956521739130435,long,0.5043478260869565,0.06701180256798268
open_tariff&has_night_post,29,0.01988906881466741,0.017928057374526185,0.07756234121311201,0.6206896551724138,0.3793103448275862,long,0.6206896551724138,0.06647953247219376
has_tariff&has_china,84,0.01399001718279146,0.011547929977879345,0.10629867600144392,0.5119047619047619,0.4880952380952381,long,0.5119047619047619,0.06563674873087172
has_tariff&has_deal,84,0.013983993210529557,0.007805925033016803,0.10821238836652726,0.5119047619047619,0.4880952380952381,long,0.5119047619047619,0.06560848615273833
has_russia&short_posts,140,0.010414653247948094,0.008094878563280838,0.09811546307936017,0.5285714285714286,0.4714285714285714,long,0.5285714285714286,0.06513471492978867
pre_deal&open_deal,30,0.025122259223599945,-0.002787103526982193,0.11045371890055543,0.4666666666666667,0.5333333333333333,long,0.4666666666666667,0.06421346433720358
has_positive&high_emotion,25,0.02135003364998146,0.02319589515481546,0.07916742168601162,0.6,0.4,long,0.6,0.06405010094994437
positive_heavy&open_tariff,28,0.019819000785992146,0.015598479898174644,0.07898468748636366,0.6071428571428571,0.39285714285714285,long,0.6071428571428571,0.06367246459499934
has_iran&has_russia,57,0.017738218688800905,-0.003906378406981936,0.12373593107195109,0.47368421052631576,0.5263157894736842,long,0.47368421052631576,0.06343608044703422
posts_very_high&has_tariff,56,0.016002869022126675,0.009652371350092226,0.10515359737345838,0.5178571428571429,0.48214285714285715,long,0.5178571428571429,0.06201572641072388
has_market_brag&has_iran,27,0.02122161727464497,0.013806756818439458,0.1341404506039754,0.5555555555555556,0.4444444444444444,long,0.5555555555555556,0.06126153223077744
positive_heavy&volume_drop,50,0.017096415081619295,-0.0014388612239634724,0.11570529404657197,0.5,0.5,long,0.5,0.06044495519096483
open_tariff,30,0.017959043177729075,0.015598479898174644,0.07694297458001319,0.6,0.4,long,0.6,0.05901943835790885
open_tariff&has_exclamation,30,0.017959043177729075,0.015598479898174644,0.07694297458001319,0.6,0.4,long,0.6,0.05901943835790885
open_tariff&exclamation_heavy,30,0.017959043177729075,0.015598479898174644,0.07694297458001319,0.6,0.4,long,0.6,0.05901943835790885
has_tariff&open_tariff,30,0.017959043177729075,0.015598479898174644,0.07694297458001319,0.6,0.4,long,0.6,0.05901943835790885
posts_high&open_tariff,24,0.020538694220576734,0.015598479898174644,0.08179921655691572,0.5833333333333334,0.4166666666666667,long,0.5833333333333334,0.058694207627373325
has_tariff,140,0.009440678935528262,0.006193681816487162,0.10344269201570094,0.5142857142857142,0.4857142857142857,long,0.5142857142857142,0.057447575783190666
has_tariff&has_exclamation,140,0.009440678935528262,0.006193681816487162,0.10344269201570094,0.5142857142857142,0.4857142857142857,long,0.5142857142857142,0.057447575783190666
has_market_brag&deal_only,54,0.016098693047891757,-0.001953189203490968,0.12527290491243587,0.48148148148148145,0.5,long,0.48148148148148145,0.056959620601037146
has_positive&open_tariff,29,0.017824838679803365,0.013268902421823103,0.07830132943185322,0.5862068965517241,0.41379310344827586,long,0.5862068965517241,0.05626982059215716
open_tariff&lots_of_excl,29,0.017824838679803365,0.013268902421823103,0.07830132943185322,0.5862068965517241,0.41379310344827586,long,0.5862068965517241,0.05626982059215716
has_tariff&has_positive,138,0.009335868480135701,0.005530852142845433,0.10418941676210433,0.5072463768115942,0.4927536231884058,long,0.5072463768115942,0.05563053309814187
has_attack&open_tariff,28,0.016653489044554555,0.015598479898174644,0.07835820640508179,0.6071428571428571,0.39285714285714285,long,0.6071428571428571,0.05350263128916501
has_tariff&lots_of_excl,131,0.00913664162871917,0.00589390170445836,0.10517289289838172,0.5114503816793893,0.48854961832061067,long,0.5114503816793893,0.05348422973030935
posts_high&tariff_only,26,-0.01898750302469521,-0.012774213018675706,0.1107268584587505,0.46153846153846156,0.5384615384615384,short,0.5384615384615384,0.05213257992778925
has_tariff&has_attack,109,0.009213340956152106,0.007983987983203544,0.1069532796769244,0.5321100917431193,0.46788990825688076,long,0.5321100917431193,0.05118372482654097
has_tariff&has_market_brag,34,0.017320891084733468,-0.001945377850242458,0.08350769634883724,0.5,0.5,long,0.5,0.050498641345467846
tariff_heavy&exclamation_heavy,21,-0.014443268346625978,-0.026881786425028142,0.1267690715847728,0.2857142857142857,0.7142857142857143,short,0.7142857142857143,0.04727669320069516
tariff_heavy&has_exclamation,21,-0.014443268346625978,-0.026881786425028142,0.1267690715847728,0.2857142857142857,0.7142857142857143,short,0.7142857142857143,0.04727669320069516
tariff_heavy,21,-0.014443268346625978,-0.026881786425028142,0.1267690715847728,0.2857142857142857,0.7142857142857143,short,0.7142857142857143,0.04727669320069516
has_tariff&tariff_heavy,21,-0.014443268346625978,-0.026881786425028142,0.1267690715847728,0.2857142857142857,0.7142857142857143,short,0.7142857142857143,0.04727669320069516
tariff_heavy&has_positive,21,-0.014443268346625978,-0.026881786425028142,0.1267690715847728,0.2857142857142857,0.7142857142857143,short,0.7142857142857143,0.04727669320069516
high_emotion,72,0.009963944291304545,0.006434960664615241,0.09394301640341716,0.5277777777777778,0.4722222222222222,long,0.5277777777777778,0.04462195964639407
tariff_heavy&has_night_post,20,-0.013655157439315635,-0.024761634411734235,0.13000953007828875,0.3,0.7,short,0.7,0.04274740438888041
posts_low&high_emotion,60,0.009960344686098143,0.009364552543632665,0.09209137273347062,0.55,0.45,long,0.55,0.04243387400091801
brag_heavy&has_uppercase_phrase,22,0.017177153859332276,-0.005963929673537927,0.09931769388746738,0.5,0.5,long,0.5,0.04028399658536198
has_tariff&open_deal,21,0.01837565976205538,-0.007812556373797186,0.08538015069166718,0.47619047619047616,0.5238095238095238,long,0.47619047619047616,0.040098977049701424
has_tariff&exclamation_heavy,136,0.0067912641054247306,0.0006345692207953002,0.10321901022718467,0.5,0.5,long,0.5,0.039599534303921206
posts_high&has_tariff,89,0.008219311388520334,0.00589390170445836,0.10938004496023908,0.5056179775280899,0.4943820224719101,long,0.5056179775280899,0.03920603691124658
has_russia&pre_deal,65,0.009966712948607237,-0.0038169194762972536,0.11031648613595103,0.46153846153846156,0.5384615384615384,long,0.46153846153846156,0.03708655785921977
has_deal&open_tariff,21,0.015430747583137207,0.005167802581232506,0.08847945769698992,0.5238095238095238,0.47619047619047616,long,0.5238095238095238,0.037039917005919736
tariff_heavy&lots_of_excl,20,-0.011508353484433475,-0.024761634411734235,0.12932826157638172,0.3,0.7,short,0.7,0.036026844980405745
has_tariff&has_iran,22,0.012707956521857007,0.019094199535480305,0.10780301777114597,0.5909090909090909,0.4090909090909091,long,0.5909090909090909,0.03522149064038625
has_tariff&has_night_post,126,0.006306637390653042,-0.0048064969704745275,0.10501016422389364,0.49206349206349204,0.5079365079365079,long,0.49206349206349204,0.034834074653890115
posts_very_high&has_russia,114,0.007041547063647204,-0.007843264188838295,0.11115438802090272,0.4473684210526316,0.5526315789473685,long,0.4473684210526316,0.033634566664123226
has_night_post&high_emotion,43,0.009461622901277172,0.005649704722732185,0.08387076230045433,0.5348837209302325,0.46511627906976744,long,0.5348837209302325,0.03318633120583299
high_emotion&short_posts,62,0.00814086410437524,0.0017085235087405115,0.09865817910777429,0.5,0.5,long,0.5,0.03205061402955538
pre_tariff&tariff_only,22,0.014732328282844527,-0.008807714773864439,0.11350100789220782,0.45454545454545453,0.5454545454545454,long,0.45454545454545453,0.031409429434884735
attack_heavy&tariff_only,21,-0.012793945265451903,0.00589390170445836,0.1095728525184469,0.5238095238095238,0.47619047619047616,short,0.47619047619047616,0.027918677436216774
has_russia&tariff_only,21,-0.00976405326550422,-0.014175130339850517,0.10272811322314333,0.38095238095238093,0.6190476190476191,short,0.6190476190476191,0.027698984348752377
has_tariff&has_russia,59,0.0069908549572057195,0.007983987983203544,0.0977774325148239,0.5084745762711864,0.4915254237288136,long,0.5084745762711864,0.0273039538111052
has_night_post&tariff_only,48,-0.006940774230602039,-0.01198959460105442,0.09857385156549098,0.4375,0.5625,short,0.5625,0.027048990625351904
high_emotion&has_exclamation,40,0.007353567429205596,0.004681818553470329,0.08957940004029652,0.5,0.5,long,0.5,0.023254022003918677
has_tariff&has_all_caps,39,0.006763063691129232,0.013268902421823103,0.11660830037695875,0.5384615384615384,0.46153846153846156,long,0.5384615384615384,0.022742094961461578
high_emotion&volume_spike,24,-0.00718508237040293,-0.008243470279078902,0.11090512555830705,0.4583333333333333,0.5416666666666666,short,0.5416666666666666,0.019066434364633737
has_attack&tariff_only,44,0.0033547606838713606,0.007238724955859754,0.1060038065229769,0.5454545454545454,0.45454545454545453,long,0.5454545454545454,0.01213798085436806
has_exclamation&tariff_only,56,0.0026257075230263177,0.006193681816487162,0.0963984235290705,0.5178571428571429,0.48214285714285715,long,0.5178571428571429,0.010175372875790735
tariff_only,56,0.0026257075230263177,0.006193681816487162,0.0963984235290705,0.5178571428571429,0.48214285714285715,long,0.5178571428571429,0.010175372875790735
has_tariff&tariff_only,56,0.0026257075230263177,0.006193681816487162,0.0963984235290705,0.5178571428571429,0.48214285714285715,long,0.5178571428571429,0.010175372875790735
has_tariff&has_uppercase_phrase,55,0.002291229992765879,0.00589390170445836,0.1122982668328768,0.5272727272727272,0.4727272727272727,long,0.5272727272727272,0.008959532286767583
has_positive&tariff_only,54,0.0021054522328563716,8.978595157560498e-05,0.09815594117895335,0.5,0.5,long,0.5,0.0077359254724524325
lots_of_excl&tariff_only,50,0.0021671482673087297,1.0070687820828983e-05,0.10083509743103664,0.5,0.5,long,0.5,0.007662026178253398
has_china&tariff_only,21,-0.002646433894863219,-0.011741669218912176,0.10072260677235972,0.42857142857142855,0.5714285714285714,short,0.5714285714285714,0.00692999065423286
exclamation_heavy&tariff_only,53,-0.0013539704271293255,-0.00571432980130715,0.09690202097731433,0.49056603773584906,0.5094339622641509,short,0.5094339622641509,0.00502151781888895
posts_low&volume_spike,41,-0.0013114779999681759,0.005300341506015993,0.10597058376065453,0.5365853658536586,0.4634146341463415,short,0.4634146341463415,0.003891550604894329
positive_heavy&tariff_only,40,0.0011344809038739494,-0.008807714773864439,0.10649176622211039,0.475,0.525,long,0.475,0.0034081664372978097
tariff_heavy&positive_heavy,20,0.0021158708001895233,-0.024761634411734235,0.10418652623014621,0.3,0.7,long,0.3,0.0028387385644983894
has_tariff&volume_spike,33,-0.0009858759147165868,0.017928057374526185,0.09254225357374626,0.5151515151515151,0.48484848484848486,short,0.48484848484848486,0.0027459034927526864
