event,n,mean_ret,median_ret,std,hit_up,hit_down,direction,directional_hit,score
has_china&china_streak_3d,33,0.03692894090018139,0.032072836781867675,0.04651718189905805,0.7878787878787878,0.21212121212121213,long,0.7878787878787878,0.1671410901895819
posts_low,461,0.012244607903630885,0.014271845344772549,0.04644039717463534,0.6337719298245614,0.36622807017543857,long,0.6337719298245614,0.166620466287459
exclamation_heavy&china_streak_3d,68,0.026548000139290873,0.0246697891483596,0.04602272435542301,0.7352941176470589,0.2647058823529412,long,0.7352941176470589,0.16097089518118918
lots_of_excl&china_streak_3d,66,0.026621207200848686,0.0246697891483596,0.04672050192736746,0.7272727272727273,0.2727272727272727,long,0.7272727272727273,0.15728851612906627
has_positive&china_streak_3d,68,0.026190772217383872,0.0246697891483596,0.046270094050368915,0.7205882352941176,0.27941176470588236,long,0.7205882352941176,0.15562878509322184
silence_day,262,0.014956061110942854,0.01575715608289263,0.049177594071001314,0.6303501945525292,0.36964980544747084,long,0.6303501945525292,0.1525983254565175
posts_low&silence_day,262,0.014956061110942854,0.01575715608289263,0.049177594071001314,0.6303501945525292,0.36964980544747084,long,0.6303501945525292,0.1525983254565175
china_streak_3d,72,0.025009811075334724,0.02397486193561804,0.045841017392512805,0.7083333333333334,0.2916666666666667,long,0.7083333333333334,0.15031915956429062
has_exclamation&china_streak_3d,72,0.025009811075334724,0.02397486193561804,0.045841017392512805,0.7083333333333334,0.2916666666666667,long,0.7083333333333334,0.15031915956429062
short_posts&china_streak_3d,39,0.0332311084182784,0.027110152366476514,0.050336945572002495,0.717948717948718,0.28205128205128205,long,0.717948717948718,0.14899460911763707
has_uppercase_phrase&china_streak_3d,33,0.0329869972028847,0.022108493377863914,0.04481616920180171,0.7575757575757576,0.24242424242424243,long,0.7575757575757576,0.14355747875238323
posts_very_high&deal_only,96,0.020361438761300133,0.019607012566905002,0.040949085334195785,0.7083333333333334,0.2916666666666667,long,0.7083333333333334,0.14131288361665206
positive_heavy&china_streak_3d,59,0.02578111954562744,0.023789522301840504,0.047356320095229755,0.711864406779661,0.288135593220339,long,0.711864406779661,0.14096946685549008
posts_high&china_streak_3d,41,0.02957245792786181,0.023789522301840504,0.048427258245953404,0.7073170731707317,0.2926829268292683,long,0.7073170731707317,0.1339348180837146
short_posts,574,0.008628325767352753,0.012005797681990504,0.04171994393092418,0.6393728222996515,0.3606271777003484,long,0.6393728222996515,0.13217114485280043
has_attack&deal_only,192,0.013996668931678708,0.014600866381241473,0.037187777235411064,0.6666666666666666,0.3333333333333333,long,0.6666666666666666,0.12929568920740436
has_positive&short_posts,464,0.00930148218164835,0.012475833076274534,0.039673774668688065,0.6443965517241379,0.35560344827586204,long,0.6443965517241379,0.1291113304753587
has_positive,931,0.006942947552287297,0.010019374918221802,0.0394926958023877,0.6047261009667024,0.3952738990332975,long,0.6047261009667024,0.12810835038088178
posts_very_high&deal_over_tariff,115,0.017820311298316342,0.018606329018705292,0.042460354046340354,0.6695652173913044,0.33043478260869563,long,0.6695652173913044,0.12795494996914766
has_exclamation,1016,0.0065777619108916136,0.009620162987574843,0.0397929976613814,0.6053149606299213,0.39468503937007876,long,0.6053149606299213,0.1269130880460225
has_china&deal_only,93,0.019113308122015563,0.014132779746640178,0.03750632962761764,0.6881720430107527,0.3118279569892473,long,0.6881720430107527,0.12684529439378459
has_positive&has_exclamation,924,0.006882170125680314,0.009940921922800161,0.039546005003199956,0.6028138528138528,0.3971861471861472,long,0.6028138528138528,0.12610857365252084
has_deal&deal_only,273,0.011770665677374993,0.013003694749806227,0.0384954228474272,0.6446886446886447,0.3553113553113553,long,0.6446886446886447,0.12538118464585163
has_exclamation&deal_only,273,0.011770665677374993,0.013003694749806227,0.0384954228474272,0.6446886446886447,0.3553113553113553,long,0.6446886446886447,0.12538118464585163
deal_only,273,0.011770665677374993,0.013003694749806227,0.0384954228474272,0.6446886446886447,0.3553113553113553,long,0.6446886446886447,0.12538118464585163
deal_over_tariff&deal_only,273,0.011770665677374993,0.013003694749806227,0.0384954228474272,0.6446886446886447,0.3553113553113553,long,0.6446886446886447,0.12538118464585163
has_night_post&china_streak_3d,47,0.02598070753831801,0.023789522301840504,0.048016896431328865,0.7021276595744681,0.2978723404255319,long,0.7021276595744681,0.12505929757813936
has_exclamation&short_posts,527,0.00841792928662765,0.011514790118863028,0.040675632227008617,0.6413662239089184,0.3586337760910816,long,0.6413662239089184,0.12394147659691503
deal_over_tariff&china_streak_3d,20,0.03942670779862385,0.02612659444175036,0.05820237457885371,0.7,0.3,long,0.7,0.12342511827344163
exclamation_heavy&deal_only,259,0.011805328131847143,0.013175893120087157,0.038705739119661194,0.6486486486486487,0.35135135135135137,long,0.6486486486486487,0.1232359628447345
posts_high&deal_only,159,0.014376307041468249,0.01369300056927858,0.038852039447172707,0.6792452830188679,0.32075471698113206,long,0.6792452830188679,0.12313245343687901
pre_deal&deal_only,131,0.015646939859948514,0.01369300056927858,0.03847971690495171,0.6870229007633588,0.31297709923664124,long,0.6870229007633588,0.1230371534697148
exclamation_heavy&short_posts,450,0.009009720141558332,0.01224693107762076,0.04120685824934506,0.6422222222222222,0.35777777777777775,long,0.6422222222222222,0.12274473908740648
short_posts&deal_over_tariff,151,0.015275914972999757,0.01341335556688139,0.040852520502139916,0.6423841059602649,0.3576158940397351,long,0.6423841059602649,0.12058422403130847
has_attack&china_streak_3d,53,0.024381763712514076,0.022108493377863914,0.047283521510696695,0.6792452830188679,0.32075471698113206,long,0.6792452830188679,0.12056734129012613
short_posts&deal_only,138,0.015540276572730985,0.014025108399080777,0.04036777748342807,0.6594202898550725,0.34057971014492755,long,0.6594202898550725,0.12038173349324335
has_night_post&deal_only,148,0.015217624285967374,0.013553990125616311,0.03993859899883273,0.6486486486486487,0.35135135135135137,long,0.6486486486486487,0.12008457704670945
has_positive&deal_only,259,0.011405168060932187,0.013003694749806227,0.03863505437657068,0.640926640926641,0.3590733590733591,long,0.640926640926641,0.11764132171314819
posts_very_high&china_streak_3d,25,0.034466080772520766,0.028556231590156855,0.05510092647122028,0.68,0.32,long,0.68,0.11718467462657062
has_positive&exclamation_heavy,860,0.006651914339342841,0.009940921922800161,0.04022304298448365,0.6,0.4,long,0.6,0.11704345249271672
lots_of_excl&deal_only,242,0.01166320057138041,0.012937918671518611,0.038687413603056844,0.6446280991735537,0.35537190082644626,long,0.6446280991735537,0.11695927285822334
attack_heavy&deal_only,107,0.016118255181881848,0.017022749889327393,0.03355063462912732,0.7009345794392523,0.29906542056074764,long,0.7009345794392523,0.11686579068055898
has_exclamation&exclamation_heavy,900,0.006457895600220659,0.009747334835429,0.04025276340535856,0.6011111111111112,0.3988888888888889,long,0.6011111111111112,0.1164573839906459
exclamation_heavy,900,0.006457895600220659,0.009747334835429,0.04025276340535856,0.6011111111111112,0.3988888888888889,long,0.6011111111111112,0.1164573839906459
pre_deal&pre_action,27,0.030075489469918167,0.020429472107827085,0.04819312533386708,0.7407407407407407,0.25925925925925924,long,0.7407407407407407,0.11576061294311339
pre_deal&short_posts,81,0.01774858528076052,0.015905511439435527,0.0390015767660493,0.7160493827160493,0.2839506172839506,long,0.7160493827160493,0.11437977180934555
has_iran&deal_only,58,0.019717287131223026,0.022797606651028035,0.03206226042550746,0.7586206896551724,0.2413793103448276,long,0.7586206896551724,0.11391629211035954
pre_deal&exclamation_heavy,170,0.01300440797736105,0.015063210639431834,0.039077714760346514,0.6705882352941176,0.32941176470588235,long,0.6705882352941176,0.11370275206028645
has_attack&deal_over_tariff,225,0.011819123100565258,0.013414979681954042,0.038846014762348266,0.64,0.36,long,0.64,0.11346358176542648
deal_over_tariff,314,0.010216105767618215,0.012589896544879298,0.039604137899793314,0.6242038216560509,0.37579617834394907,long,0.6242038216560509,0.11299952759034204
has_exclamation&deal_over_tariff,314,0.010216105767618215,0.012589896544879298,0.039604137899793314,0.6242038216560509,0.37579617834394907,long,0.6242038216560509,0.11299952759034204
has_deal&deal_over_tariff,314,0.010216105767618215,0.012589896544879298,0.039604137899793314,0.6242038216560509,0.37579617834394907,long,0.6242038216560509,0.11299952759034204
deal_heavy&deal_only,100,0.017283848721314027,0.016801396270827995,0.04266382139769334,0.65,0.35,long,0.65,0.11234501668854117
has_deal&pre_deal,176,0.012604028523283888,0.01437523441614974,0.0388191877514022,0.6647727272727273,0.3352272727272727,long,0.6647727272727273,0.11115753442419044
pre_deal,176,0.012604028523283888,0.01437523441614974,0.0388191877514022,0.6647727272727273,0.3352272727272727,long,0.6647727272727273,0.11115753442419044
pre_deal&has_exclamation,176,0.012604028523283888,0.01437523441614974,0.0388191877514022,0.6647727272727273,0.3352272727272727,long,0.6647727272727273,0.11115753442419044
positive_heavy&deal_only,198,0.012117801464570544,0.012937918671518611,0.04064537292069396,0.6515151515151515,0.3484848484848485,long,0.6515151515151515,0.11109152997476472
pre_deal&deal_over_tariff,156,0.013306671846473645,0.013553990125616311,0.039339707390278936,0.6666666666666666,0.3333333333333333,long,0.6666666666666666,0.11080018539542964
has_action&china_streak_3d,22,0.03239441176737537,0.03150980460709163,0.05336635877712746,0.7272727272727273,0.2727272727272727,long,0.7272727272727273,0.11050418871556873
exclamation_heavy&deal_over_tariff,300,0.01017348489085719,0.012847924044093295,0.039831291372236885,0.6266666666666667,0.37333333333333335,long,0.6266666666666667,0.1104248877182602
has_night_post&short_posts,258,0.010534300263225351,0.012822239234614119,0.043878765855496306,0.6511627906976745,0.3488372093023256,long,0.6511627906976745,0.11018059714980365
has_positive&lots_of_excl,779,0.006593693793499825,0.009392463712701637,0.0408662593273501,0.5930680359435173,0.4069319640564827,long,0.5930680359435173,0.10914454171764154
posts_very_high&pre_action,34,0.025415133929162833,0.025866906483861585,0.04983325679684853,0.7352941176470589,0.2647058823529412,long,0.7352941176470589,0.10896648775146994
attack_heavy&deal_over_tariff,131,0.014162355677373022,0.015551741775486683,0.035758430326373325,0.6717557251908397,0.3282442748091603,long,0.6717557251908397,0.10888862694333616
volume_drop,326,0.009892695119904257,0.012745098859591963,0.042038729803317215,0.6073619631901841,0.39263803680981596,long,0.6073619631901841,0.10848533017920546
has_deal&short_posts,163,0.013443527480077933,0.012575166284526151,0.04106165390056033,0.6319018404907976,0.36809815950920244,long,0.6319018404907976,0.1084567688497545
pre_deal&lots_of_excl,165,0.01261487156777257,0.015057468263020901,0.039165768850411876,0.6666666666666666,0.3333333333333333,long,0.6666666666666666,0.10802730615868578
has_deal&china_streak_3d,24,0.03295570868392351,0.02612659444175036,0.05862471683531871,0.6666666666666666,0.3333333333333333,long,0.6666666666666666,0.10763289384989484
posts_high&attack_heavy,229,0.010999483606144743,0.013176307232049433,0.03947180501387019,0.6462882096069869,0.3537117903930131,long,0.6462882096069869,0.10757621776265083
lots_of_excl&deal_over_tariff,282,0.010243487930086862,0.012589896544879298,0.03964724546970585,0.624113475177305,0.375886524822695,long,0.624113475177305,0.10735838597611023
has_attack&short_posts,310,0.009506390159899262,0.011808127847568128,0.042306427040232256,0.6387096774193548,0.36129032258064514,long,0.6387096774193548,0.10690548248723572
lots_of_excl&short_posts,384,0.008636708535760802,0.011591673043417239,0.043265932861985636,0.6276041666666666,0.3723958333333333,long,0.6276041666666666,0.10621838503563988
attack_heavy,277,0.010084743380611091,0.012872142593230995,0.038586217080908015,0.631768953068592,0.36823104693140796,long,0.631768953068592,0.10603836326832786
has_attack&attack_heavy,277,0.010084743380611091,0.012872142593230995,0.038586217080908015,0.631768953068592,0.36823104693140796,long,0.631768953068592,0.10603836326832786
attack_heavy&has_exclamation,277,0.010084743380611091,0.012872142593230995,0.038586217080908015,0.631768953068592,0.36823104693140796,long,0.631768953068592,0.10603836326832786
attack_heavy&exclamation_heavy,277,0.010084743380611091,0.012872142593230995,0.038586217080908015,0.631768953068592,0.36823104693140796,long,0.631768953068592,0.10603836326832786
has_positive&pre_deal,172,0.012291724460275268,0.015063210639431834,0.03885519306997305,0.6569767441860465,0.3430232558139535,long,0.6569767441860465,0.10590757800195709
has_positive&has_night_post,466,0.008152264524939628,0.01136357907610619,0.04206001586767793,0.6008583690987125,0.39914163090128757,long,0.6008583690987125,0.10574098124827093
has_positive&deal_over_tariff,300,0.00982801336296728,0.012589896544879298,0.0397580465204146,0.62,0.38,long,0.62,0.10554023458917622
lots_of_excl,795,0.006325217177459613,0.009217957843790092,0.04104403169116828,0.5911949685534591,0.4088050314465409,long,0.5911949685534591,0.1054361975862756
has_exclamation&lots_of_excl,795,0.006325217177459613,0.009217957843790092,0.04104403169116828,0.5911949685534591,0.4088050314465409,long,0.5911949685534591,0.1054361975862756
exclamation_heavy&lots_of_excl,795,0.006325217177459613,0.009217957843790092,0.04104403169116828,0.5911949685534591,0.4088050314465409,long,0.5911949685534591,0.1054361975862756
posts_very_high&has_deal,138,0.013881887095340101,0.015603395401827425,0.04296506874712311,0.644927536231884,0.35507246376811596,long,0.644927536231884,0.1051717187375583
has_night_post,489,0.007887040695669884,0.010479086355983602,0.04162848049551452,0.6012269938650306,0.3987730061349693,long,0.6012269938650306,0.10485930684632708
attack_heavy&lots_of_excl,275,0.009967040114902629,0.012872142593230995,0.03860014428673701,0.6327272727272727,0.36727272727272725,long,0.6327272727272727,0.10458011319436702
has_night_post&has_exclamation,486,0.007867234828041872,0.010347609673109659,0.04163787254991804,0.6008230452674898,0.3991769547325103,long,0.6008230452674898,0.10420458549043894
has_night_post&deal_over_tariff,179,0.012541238717759083,0.012823705494955595,0.04172244173534316,0.6201117318435754,0.37988826815642457,long,0.6201117318435754,0.10404875735897996
has_china&short_posts,143,0.014107494706266526,0.012948196832691217,0.04536261609178001,0.6153846153846154,0.38461538461538464,long,0.6153846153846154,0.10381606161812788
posts_very_high&has_action,88,0.017311479360840074,0.021431103609018676,0.050006522375745696,0.6363636363636364,0.36363636363636365,long,0.6363636363636364,0.10334295442538113
attack_heavy&has_positive,274,0.009929007005440147,0.01273838469923172,0.03874193644208169,0.6277372262773723,0.3722627737226277,long,0.6277372262773723,0.10317131894524367
attack_heavy&pre_deal,76,0.016059635291124627,0.018367388238271554,0.035104306620450276,0.7368421052631579,0.2631578947368421,long,0.7368421052631579,0.10316132444819404
has_iran&deal_over_tariff,66,0.017307664088420403,0.02259182019952022,0.03836456633128596,0.7272727272727273,0.2727272727272727,long,0.7272727272727273,0.10226045654462981
has_deal,359,0.008788757493244426,0.012410615144650361,0.039734818424494854,0.6128133704735376,0.3871866295264624,long,0.6128133704735376,0.10204763348572052
has_deal&has_exclamation,359,0.008788757493244426,0.012410615144650361,0.039734818424494854,0.6128133704735376,0.3871866295264624,long,0.6128133704735376,0.10204763348572052
posts_very_high&has_night_post,179,0.01224958672512804,0.013870490787276646,0.04699172537082096,0.6201117318435754,0.37988826815642457,long,0.6201117318435754,0.10162905798976545
has_attack&has_exclamation,642,0.006692382834785888,0.009677238147039802,0.03980029909979452,0.5981308411214953,0.40186915887850466,long,0.5981308411214953,0.1014248763596172
positive_heavy&deal_over_tariff,237,0.01045583265718502,0.012604626805232444,0.04148349313050088,0.6286919831223629,0.37130801687763715,long,0.6286919831223629,0.10119771799012318
has_night_post&exclamation_heavy,464,0.007804943538470076,0.01055588477017122,0.042003169807766444,0.5991379310344828,0.40086206896551724,long,0.5991379310344828,0.10072924327311526
attack_heavy&has_night_post,202,0.011070108296338643,0.011808127847568128,0.03792275852380939,0.6386138613861386,0.3613861386138614,long,0.6386138613861386,0.10047682312190971
has_china&deal_over_tariff,125,0.014017858247321132,0.013175893120087157,0.04147737336191212,0.64,0.36,long,0.64,0.10030362860789156
has_attack,643,0.006612214414804832,0.00963898297622845,0.039821212495476925,0.5972006220839814,0.40279937791601866,long,0.5972006220839814,0.10013194817963345
has_deal&has_iran,76,0.016140463554734055,0.02259182019952022,0.039551927378776226,0.7105263157894737,0.2894736842105263,long,0.7105263157894737,0.09997765986834997
has_attack&has_positive,619,0.006718893534664832,0.010019374918221802,0.040246499214066776,0.5977382875605816,0.40226171243941844,long,0.5977382875605816,0.0999203988691805
has_all_caps&china_streak_3d,22,0.029240838755997835,0.020989183582804327,0.04159802160520487,0.7272727272727273,0.2727272727272727,long,0.7272727272727273,0.09974668431388216
has_attack&exclamation_heavy,632,0.00662378178876891,0.009747334835429,0.039948177881267144,0.5981012658227848,0.40189873417721517,long,0.5981012658227848,0.09959539938098284
has_uppercase_phrase&deal_only,96,0.015238347077908082,0.012847924044093295,0.04219219272736094,0.6666666666666666,0.3333333333333333,long,0.6666666666666666,0.09953646630481562
has_relief&deal_only,33,0.02379657128048214,0.018606329018705292,0.05950730933822811,0.7272727272727273,0.2727272727272727,long,0.7272727272727273,0.09941883235893625
has_deal&exclamation_heavy,344,0.008706732771074574,0.012589896544879298,0.03999195228807045,0.6133720930232558,0.3866279069767442,long,0.6133720930232558,0.0990509052959772
has_positive&has_china,299,0.009466991461425473,0.011988034069825071,0.04227091104325089,0.6020066889632107,0.3979933110367893,long,0.6020066889632107,0.0985482454129065
posts_high&deal_over_tariff,191,0.011161273395881912,0.012604626805232444,0.04075101864661202,0.6387434554973822,0.3612565445026178,long,0.6387434554973822,0.09852737070222994
attack_heavy&positive_heavy,253,0.009794243857362541,0.012604626805232444,0.039090809932843563,0.6324110671936759,0.3675889328063241,long,0.6324110671936759,0.09852141369690302
has_china,307,0.009324907693517896,0.011664831081136251,0.041862322257831305,0.6026058631921825,0.3973941368078176,long,0.6026058631921825,0.09845710961296565
has_china&has_exclamation,307,0.009324907693517896,0.011664831081136251,0.041862322257831305,0.6026058631921825,0.3973941368078176,long,0.6026058631921825,0.09845710961296565
has_deal&lots_of_excl,325,0.008910971935611883,0.01252984499736276,0.03969729749316885,0.6123076923076923,0.38769230769230767,long,0.6123076923076923,0.09836406583670429
posts_high&has_positive,420,0.007751202606077348,0.011808127847568128,0.043613776901636446,0.6166666666666667,0.38333333333333336,long,0.6166666666666667,0.0979589694937912
posts_very_high&has_positive,223,0.01055604690904173,0.013176307232049433,0.04620022656290616,0.6143497757847534,0.38565022421524664,long,0.6143497757847534,0.09684327038916105
has_china&exclamation_heavy,300,0.009203139622539491,0.01186700771064142,0.041920640245105355,0.6066666666666667,0.3933333333333333,long,0.6066666666666667,0.09670451952002453
posts_very_high&pre_deal,71,0.016534976890844103,0.017419717435234183,0.04365627076039818,0.6901408450704225,0.30985915492957744,long,0.6901408450704225,0.09615469573429375
has_action&has_china,88,0.016082307943705545,0.020594538418103103,0.05428576428188741,0.6363636363636364,0.36363636363636365,long,0.6363636363636364,0.09600526807898731
positive_heavy&exclamation_heavy,624,0.006459834156692912,0.01011076062499161,0.04227301461785741,0.594551282051282,0.40544871794871795,long,0.594551282051282,0.09594072218869029
has_deal&attack_heavy,151,0.011901489268992748,0.014132779746640178,0.03743090203490748,0.6556291390728477,0.3443708609271523,long,0.6556291390728477,0.0958844166320215
posts_very_high&has_china,130,0.013654761992683674,0.012960788935786671,0.04454924409963825,0.6153846153846154,0.38461538461538464,long,0.6153846153846154,0.09580814805929638
has_china&lots_of_excl,282,0.009454856954831274,0.01186700771064142,0.04242489608314852,0.6028368794326241,0.3971631205673759,long,0.6028368794326241,0.09571485150199278
positive_heavy&pre_deal,138,0.012172134502918394,0.01437523441614974,0.039962650394094655,0.6666666666666666,0.3333333333333333,long,0.6666666666666666,0.09532680269772521
has_night_post&lots_of_excl,435,0.00770484074132358,0.010182085122108164,0.04273199177580811,0.5908045977011495,0.4091954022988506,long,0.5908045977011495,0.09494064134683032
has_deal&has_positive,344,0.008405449461868253,0.01247023007100656,0.03991743361888393,0.6075581395348837,0.39244186046511625,long,0.6075581395348837,0.09471701571418599
has_attack&pre_deal,129,0.01250428627657516,0.015057468263020901,0.040462366749226035,0.6666666666666666,0.3333333333333333,long,0.6666666666666666,0.09468092759242466
positive_heavy&has_exclamation,626,0.006368381669536609,0.010046713722776657,0.042238178609812264,0.5926517571884984,0.4073482428115016,long,0.5926517571884984,0.09443126915445557
has_positive&positive_heavy,626,0.006368381669536609,0.010046713722776657,0.042238178609812264,0.5926517571884984,0.4073482428115016,long,0.5926517571884984,0.09443126915445557
positive_heavy,626,0.006368381669536609,0.010046713722776657,0.042238178609812264,0.5926517571884984,0.4073482428115016,long,0.5926517571884984,0.09443126915445557
posts_very_high&positive_heavy,210,0.010542376604011002,0.01311287125519589,0.046994265154940616,0.6142857142857143,0.38571428571428573,long,0.6142857142857143,0.09384661000377537
has_action&attack_heavy,96,0.014811367615143149,0.015844789781649382,0.04280393147460482,0.6458333333333334,0.3541666666666667,long,0.6458333333333334,0.09372409037886721
positive_heavy&short_posts,282,0.00888758392308261,0.011808127847568128,0.04531191003901329,0.6276595744680851,0.3723404255319149,long,0.6276595744680851,0.09367688198075783
has_deal&has_attack,261,0.009395861811228671,0.012872142593230995,0.03906713820309968,0.6168582375478927,0.3831417624521073,long,0.6168582375478927,0.09363586852555125
has_attack&lots_of_excl,592,0.006465854510586883,0.009620162987574843,0.040594499337495135,0.5929054054054054,0.40709459459459457,long,0.5929054054054054,0.09327648917377382
posts_low&volume_drop,250,0.009395528362518103,0.0123790439209569,0.042697701212669165,0.62,0.38,long,0.62,0.09210493528343511
posts_high&lots_of_excl,419,0.0072918539464121804,0.011664831081136251,0.04448776683803001,0.6157517899761337,0.38424821002386633,long,0.6157517899761337,0.09190743711763096
posts_high&has_exclamation,423,0.007263007381355018,0.011514790118863028,0.04438359406291355,0.6146572104018913,0.38534278959810875,long,0.6146572104018913,0.09181627086064291
posts_high,423,0.007263007381355018,0.011514790118863028,0.04438359406291355,0.6146572104018913,0.38534278959810875,long,0.6146572104018913,0.09181627086064291
attack_heavy&has_china,141,0.012091576810577348,0.013049435278342347,0.04128986017906333,0.6382978723404256,0.3617021276595745,long,0.6382978723404256,0.09164650175775976
has_uppercase_phrase&short_posts,150,0.011546318492499558,0.014986887800696014,0.05173805787433405,0.6466666666666666,0.35333333333333333,long,0.6466666666666666,0.0914470368428561
positive_heavy&lots_of_excl,605,0.006289500432036991,0.010019374918221802,0.042441977349513375,0.5900826446280992,0.4099173553719008,long,0.5900826446280992,0.09128652604119994
posts_high&has_attack,359,0.007882223181972318,0.011664831081136251,0.04396019736394653,0.6100278551532033,0.38997214484679665,long,0.6100278551532033,0.09110571443373722
posts_high&has_night_post,300,0.008571622867193245,0.012199324607237716,0.04618131861846375,0.6133333333333333,0.38666666666666666,long,0.6133333333333333,0.0910584493636939
pre_action&deal_only,38,0.022439006430080136,0.01951790056326619,0.04564801637583169,0.6578947368421053,0.34210526315789475,long,0.6578947368421053,0.09100218779624795
has_iran&pre_deal,42,0.018838908465360488,0.0206292436877884,0.03895449324158444,0.7380952380952381,0.2619047619047619,long,0.7380952380952381,0.0901141072608644
posts_high&exclamation_heavy,421,0.007153506255785275,0.011514790118863028,0.04443224560189818,0.6128266033254157,0.38717339667458434,long,0.6128266033254157,0.08994926507684253
pre_deal&has_night_post,101,0.01369510206701062,0.015057468263020901,0.042373238083744935,0.6534653465346535,0.3465346534653465,long,0.6534653465346535,0.08993909681062193
has_action&has_uppercase_phrase,88,0.015338893847060735,0.013032807255501155,0.056433143258524554,0.625,0.375,long,0.625,0.08993223679814039
deal_heavy&short_posts,67,0.01835870184141635,0.011514790118863028,0.04977155578075076,0.5970149253731343,0.40298507462686567,long,0.5970149253731343,0.08971489612275653
has_china&has_uppercase_phrase,124,0.012605222248537978,0.012513527011063674,0.05017637796253629,0.6370967741935484,0.3629032258064516,long,0.6370967741935484,0.08942660758799979
posts_high&positive_heavy,375,0.0074611802747187785,0.011988034069825071,0.04485712712128319,0.6186666666666667,0.38133333333333336,long,0.6186666666666667,0.08938813668950146
has_russia&deal_only,97,0.013095263750814573,0.015068953015842768,0.0341860814559521,0.6907216494845361,0.30927835051546393,long,0.6907216494845361,0.08908471306637922
posts_very_high,224,0.009721227389315388,0.01311287125519589,0.04775981840420171,0.6116071428571429,0.38839285714285715,long,0.6116071428571429,0.08898517519561658
posts_high&posts_very_high,224,0.009721227389315388,0.01311287125519589,0.04775981840420171,0.6116071428571429,0.38839285714285715,long,0.6116071428571429,0.08898517519561658
posts_very_high&has_exclamation,224,0.009721227389315388,0.01311287125519589,0.04775981840420171,0.6116071428571429,0.38839285714285715,long,0.6116071428571429,0.08898517519561658
has_action,194,0.01040184775136294,0.012181019879325183,0.04813010279923599,0.6134020618556701,0.3865979381443299,long,0.6134020618556701,0.08887028834770809
has_attack&positive_heavy,474,0.006809683914628119,0.010594890440851934,0.04245453974809721,0.5991561181434599,0.4008438818565401,long,0.5991561181434599,0.08882927610334315
has_action&has_iran,31,0.02135735020435175,0.026425253229796608,0.050506261000821694,0.7419354838709677,0.25806451612903225,long,0.7419354838709677,0.08822554668071657
has_russia&pre_deal,68,0.014461110964825094,0.01690221891644561,0.03591508001996053,0.7352941176470589,0.2647058823529412,long,0.7352941176470589,0.08768336466434057
posts_high&has_deal,223,0.009401006914796933,0.012410615144650361,0.04069272701378908,0.6233183856502242,0.37668161434977576,long,0.6233183856502242,0.08750578010592339
deal_heavy&deal_over_tariff,141,0.012218796831490424,0.012872142593230995,0.044064118657678376,0.6028368794326241,0.3971631205673759,long,0.6028368794326241,0.08746570741046981
has_china&pre_action,33,0.02279669097827396,0.022709706049446554,0.04987471497695006,0.6666666666666666,0.3333333333333333,long,0.6666666666666666,0.08730467963897537
has_uppercase_phrase&deal_over_tariff,115,0.012819671750257345,0.01202862966973206,0.04464425183707035,0.6347826086956522,0.3652173913043478,long,0.6347826086956522,0.0872671604943957
posts_very_high&short_posts,147,0.011574306225530632,0.016821104598092163,0.053279742425097594,0.6190476190476191,0.38095238095238093,long,0.6190476190476191,0.08687157459491254
posts_very_high&lots_of_excl,223,0.009525781589037071,0.013049435278342347,0.04777739943838638,0.6098654708520179,0.3901345291479821,long,0.6098654708520179,0.08675351825377935
posts_very_high&exclamation_heavy,223,0.009525781589037071,0.013049435278342347,0.04777739943838638,0.6098654708520179,0.3901345291479821,long,0.6098654708520179,0.08675351825377935
has_night_post&has_uppercase_phrase,182,0.010107029253880236,0.012751624951494622,0.045569219321442915,0.6318681318681318,0.36813186813186816,long,0.6318681318681318,0.08615602807099357
attack_heavy&china_streak_3d,24,0.026379681794828396,0.02612659444175036,0.04212002720079044,0.6666666666666666,0.3333333333333333,long,0.6666666666666666,0.08615567996575504
has_action&lots_of_excl,178,0.010256923688172442,0.012751624951494622,0.048136665677486055,0.6292134831460674,0.3707865168539326,long,0.6292134831460674,0.08610436056205256
has_attack&has_night_post,362,0.00761236728342501,0.009899275635614324,0.043160050149279566,0.5939226519337016,0.40607734806629836,long,0.5939226519337016,0.086020885469525
has_deal&positive_heavy,275,0.008475240703647432,0.011988034069825071,0.04137928367997572,0.610909090909091,0.3890909090909091,long,0.610909090909091,0.08586080899794483
has_deal&has_china,157,0.011055522019962082,0.012575166284526151,0.04138982052773023,0.6178343949044586,0.3821656050955414,long,0.6178343949044586,0.08558569111322488
has_action&has_exclamation,192,0.01001401673715323,0.012181019879325183,0.04781415153262924,0.6145833333333334,0.3854166666666667,long,0.6145833333333334,0.08527853006825632
positive_heavy&has_china,246,0.009086469441119339,0.01158981059999964,0.043200449891772214,0.5975609756097561,0.4024390243902439,long,0.5975609756097561,0.08516182339840424
deal_heavy&lots_of_excl,154,0.011472511095966099,0.012847924044093295,0.04373072568380288,0.5974025974025974,0.4025974025974026,long,0.5974025974025974,0.08505227864472228
positive_heavy&has_night_post,379,0.007386893477839117,0.010182085122108164,0.044270781902760056,0.5910290237467019,0.40897097625329815,long,0.5910290237467019,0.08499438772425914
posts_very_high&attack_heavy,157,0.010973310218822866,0.013176307232049433,0.041271184930202855,0.6178343949044586,0.3821656050955414,long,0.6178343949044586,0.0849492531589195
has_positive&has_uppercase_phrase,280,0.008263006431362664,0.011733107366431517,0.04469476313505014,0.6107142857142858,0.3892857142857143,long,0.6107142857142858,0.0844413534142633
posts_high&has_action,138,0.011199265729303782,0.012545079776342005,0.049893442633507666,0.6376811594202898,0.36231884057971014,long,0.6376811594202898,0.08389434320759785
has_uppercase_phrase&volume_drop,28,0.023296577704272587,0.02497229109752619,0.04350581696177275,0.6785714285714286,0.32142857142857145,long,0.6785714285714286,0.08365014779168208
posts_very_high&has_attack,200,0.009885022445959006,0.012379769117064399,0.046917039517537264,0.595,0.405,long,0.595,0.08317822020425426
deal_heavy&pre_deal,91,0.013429967027882128,0.01613783778781208,0.045196263233004526,0.6483516483516484,0.3516483516483517,long,0.6483516483516484,0.08306274167872456
has_attack&has_uppercase_phrase,225,0.008895348302942516,0.011212368033349351,0.042854749142602,0.6222222222222222,0.37777777777777777,long,0.6222222222222222,0.08302325082746347
has_action&positive_heavy,150,0.010686342126330664,0.012913700122380911,0.05027131112186429,0.6333333333333333,0.36666666666666664,long,0.6333333333333333,0.08289093718334267
has_action&exclamation_heavy,185,0.009800970889316456,0.012410615144650361,0.04803906966440283,0.6216216216216216,0.3783783783783784,long,0.6216216216216216,0.08286689674822391
attack_heavy&has_uppercase_phrase,138,0.010934994806545313,0.011969729341912538,0.04046426140650335,0.644927536231884,0.35507246376811596,long,0.644927536231884,0.0828455231116738
has_deal&has_night_post,206,0.009566619908917488,0.011826432575480661,0.04224693477872464,0.6019417475728155,0.39805825242718446,long,0.6019417475728155,0.0826507110789563
deal_only&volume_spike,56,0.01669051416850059,0.017713716808398727,0.037199009289832594,0.6607142857142857,0.3392857142857143,long,0.6607142857142857,0.08252345957936207
has_action&deal_only,77,0.015400797896594544,0.013003694749806227,0.04515234419311956,0.6103896103896104,0.38961038961038963,long,0.6103896103896104,0.08248893889301182
deal_heavy,159,0.010891093897890046,0.012872142593230995,0.04408170466150543,0.5974842767295597,0.4025157232704403,long,0.5974842767295597,0.08205339321630559
deal_heavy&has_positive,159,0.010891093897890046,0.012872142593230995,0.04408170466150543,0.5974842767295597,0.4025157232704403,long,0.5974842767295597,0.08205339321630559
has_deal&deal_heavy,159,0.010891093897890046,0.012872142593230995,0.04408170466150543,0.5974842767295597,0.4025157232704403,long,0.5974842767295597,0.08205339321630559
deal_heavy&has_exclamation,159,0.010891093897890046,0.012872142593230995,0.04408170466150543,0.5974842767295597,0.4025157232704403,long,0.5974842767295597,0.08205339321630559
attack_heavy&short_posts,132,0.011606557357220148,0.012500429946171177,0.04119801847464435,0.6136363636363636,0.38636363636363635,long,0.6136363636363636,0.08182791308763981
posts_high&short_posts,241,0.008458803714727943,0.011951424614000006,0.048099395303411493,0.6224066390041494,0.3775933609958506,long,0.6224066390041494,0.08173191696398951
silence_day&volume_drop,170,0.01023976997692308,0.013067399875751895,0.047613401968524066,0.611764705882353,0.38823529411764707,long,0.611764705882353,0.08167686868796467
has_action&has_night_post,125,0.011369700691433967,0.015551741775486683,0.050497020992338694,0.64,0.36,long,0.64,0.0813549556155927
has_deal&has_uppercase_phrase,127,0.01159043013380649,0.01202862966973206,0.04468820071454682,0.6220472440944882,0.3779527559055118,long,0.6220472440944882,0.08125026464671035
has_uppercase_phrase,298,0.0076674267936204625,0.011498352378922716,0.046940113207239044,0.610738255033557,0.38926174496644295,long,0.610738255033557,0.08083750375018565
positive_heavy&has_uppercase_phrase,220,0.008827090963670257,0.011969729341912538,0.046452950162481785,0.6136363636363636,0.38636363636363635,long,0.6136363636363636,0.08034151743436971
has_deal&sig_potus,27,0.02075589702946292,0.020429472107827085,0.036502738162142154,0.7407407407407407,0.25925925925925924,long,0.7407407407407407,0.0798894849148838
deal_heavy&exclamation_heavy,158,0.01065132253605233,0.012847924044093295,0.04411773513571329,0.5949367088607594,0.4050632911392405,long,0.5949367088607594,0.07965312995881849
posts_high&pre_deal,115,0.011237836274291653,0.012604626805232444,0.040300194336351396,0.6608695652173913,0.3391304347826087,long,0.6608695652173913,0.07964295633595728
has_deal&has_action,106,0.012579965539815129,0.013032807255501155,0.04598207101289979,0.6132075471698113,0.3867924528301887,long,0.6132075471698113,0.07942182740546604
has_action&has_positive,185,0.009438678207627194,0.011951424614000006,0.04779122153490959,0.6162162162162163,0.3837837837837838,long,0.6162162162162163,0.07910977823893682
sig_potus&deal_over_tariff,21,0.02248032214715636,0.023789522301840504,0.03417690330321896,0.7619047619047619,0.23809523809523808,long,0.7619047619047619,0.07848973553244663
has_relief&has_action,26,0.022173635859811094,0.023495761952247562,0.06601620909347297,0.6923076923076923,0.3076923076923077,long,0.6923076923076923,0.07827493980217672
has_exclamation&volume_drop,147,0.01060949324122719,0.012804150877325338,0.03522201738159975,0.6054421768707483,0.3945578231292517,long,0.6054421768707483,0.07788000661601928
pre_action&short_posts,37,0.0195041560487111,0.018697763681114532,0.059208690332879364,0.6486486486486487,0.35135135135135137,long,0.6486486486486487,0.07695512406369033
has_uppercase_phrase&exclamation_heavy,279,0.007518224086274481,0.011212368033349351,0.04562859481892113,0.6057347670250897,0.3942652329749104,long,0.6057347670250897,0.07606762713491036
has_russia&deal_over_tariff,116,0.010766702333612228,0.013749648088835387,0.03585946287573215,0.6551724137931034,0.3448275862068966,long,0.6551724137931034,0.07597440437388749
has_uppercase_phrase&has_exclamation,294,0.007277411795479618,0.011347141336165878,0.04683911414531667,0.608843537414966,0.391156462585034,long,0.608843537414966,0.07597248221237043
deal_heavy&has_uppercase_phrase,62,0.014840233739892444,0.014747869367685795,0.05067120893377287,0.6451612903225806,0.3548387096774194,long,0.6451612903225806,0.0753884627871541
attack_heavy&has_all_caps,92,0.012667103363233363,0.01055588477017122,0.040039774970202086,0.6195652173913043,0.3804347826086957,long,0.6195652173913043,0.07527629861417265
posts_very_high&deal_heavy,80,0.013666625033071764,0.012960788935786671,0.04848928987720333,0.6125,0.3875,long,0.6125,0.07487078136252451
deal_heavy&positive_heavy,139,0.010634306348101677,0.012823705494955595,0.04497070962762218,0.5971223021582733,0.4028776978417266,long,0.5971223021582733,0.07486517763006782
has_deal&pre_action,49,0.016811482854142037,0.01613783778781208,0.044722700561068404,0.6326530612244898,0.3673469387755102,long,0.6326530612244898,0.07445085263977189
posts_high&pre_action,57,0.01513924028583278,0.01613783778781208,0.049794215167295104,0.6491228070175439,0.3508771929824561,long,0.6491228070175439,0.0741939303938822
has_action&pre_deal,52,0.015729603653013898,0.015844789781649382,0.04619583305933568,0.6538461538461539,0.34615384615384615,long,0.6538461538461539,0.07416432097941106
has_attack&has_china,240,0.007979020002398871,0.010330585739045883,0.04213137255297735,0.5958333333333333,0.4041666666666667,long,0.5958333333333333,0.07365122428555962
has_action&short_posts,104,0.011816636135069983,0.011808127847568128,0.053331135801178556,0.6057692307692307,0.3942307692307692,long,0.6057692307692307,0.0729991397880402
has_uppercase_phrase&lots_of_excl,266,0.007377309897235913,0.010922525608854095,0.04602619866508875,0.6052631578947368,0.39473684210526316,long,0.6052631578947368,0.07282543457283076
has_relief&deal_over_tariff,43,0.0169951148623652,0.016821104598092163,0.057568163241824954,0.6511627906976745,0.3488372093023256,long,0.6511627906976745,0.07256846013617464
posts_high&has_china,205,0.008580213159403605,0.01055709769734503,0.04537502341277379,0.5902439024390244,0.4097560975609756,long,0.5902439024390244,0.07251143785772826
has_attack&pre_relief,22,0.02603095543359637,0.017759434139603347,0.0757591742784793,0.5909090909090909,0.4090909090909091,long,0.5909090909090909,0.07214763849622831
has_russia&uppercase_phrase_heavy,29,0.02026344449446592,0.010632683184358838,0.04328943978060748,0.6551724137931034,0.3448275862068966,long,0.6551724137931034,0.0714937163826036
attack_heavy&volume_spike,90,0.012283414561536997,0.012804160777519336,0.04308579064024409,0.6111111111111112,0.3888888888888889,long,0.6111111111111112,0.07121320700731493
has_night_post&sig_potus,41,0.01671785778500451,0.018332047896139736,0.03705620151667578,0.6585365853658537,0.34146341463414637,long,0.6585365853658537,0.07049405000707759
has_positive&has_all_caps,178,0.008853745545397423,0.009229773355255544,0.042352484327625214,0.5955056179775281,0.4044943820224719,long,0.5955056179775281,0.07034332623736195
has_russia&volume_spike,75,0.012951401930437367,0.011988034069825071,0.03961561779407705,0.6266666666666667,0.37333333333333335,long,0.6266666666666667,0.07028845667465791
posts_very_high&has_uppercase_phrase,129,0.010099073733640976,0.011988034069825071,0.05032213411107334,0.6124031007751938,0.3875968992248062,long,0.6124031007751938,0.07024473511248464
attack_heavy&has_iran,51,0.014591350890460084,0.022709706049446554,0.04684296635969137,0.6666666666666666,0.3333333333333333,long,0.6666666666666666,0.06946872537331711
deal_over_tariff&volume_spike,69,0.01370364686386242,0.013003694749806227,0.04135167992433052,0.6086956521739131,0.391304347826087,long,0.6086956521739131,0.06928845915987254
posts_high&pre_relief,24,0.024146268876692162,0.017759434139603347,0.07296100803158259,0.5833333333333334,0.4166666666666667,long,0.5833333333333334,0.0690037109299325
has_china&pre_deal,80,0.011415726266900314,0.014463370787264451,0.04058991358631469,0.675,0.325,long,0.675,0.06892111785236132
deal_only&volume_drop,21,0.02240312034975517,0.025242249901598512,0.0428236822271184,0.6666666666666666,0.3333333333333333,long,0.6666666666666666,0.06844266320397241
deal_over_tariff&volume_drop,21,0.02240312034975517,0.025242249901598512,0.0428236822271184,0.6666666666666666,0.3333333333333333,long,0.6666666666666666,0.06844266320397241
has_deal&uppercase_phrase_heavy,23,0.02307378598301239,0.018606329018705292,0.05065720174538865,0.6086956521739131,0.391304347826087,long,0.6086956521739131,0.06735703750056643
has_action&volume_spike,53,0.015193487773753367,0.01267954440803365,0.05383258480570128,0.6037735849056604,0.39622641509433965,long,0.6037735849056604,0.06678355356640878
has_all_caps&deal_only,59,0.013096919701621301,0.010074052527331512,0.03370035565912365,0.6610169491525424,0.3389830508474576,long,0.6610169491525424,0.06649787481313758
deal_heavy&has_night_post,98,0.011317095593776442,0.012960788935786671,0.04660148078087735,0.5918367346938775,0.40816326530612246,long,0.5918367346938775,0.06630555888376453
has_positive&volume_drop,112,0.010318708655707545,0.013911921870978672,0.03656504500881109,0.6071428571428571,0.39285714285714285,long,0.6071428571428571,0.06630178974623431
has_attack&has_all_caps,144,0.009123780038828825,0.009229773355255544,0.044105840683255806,0.6041666666666666,0.3958333333333333,long,0.6041666666666666,0.06614740528150898
pre_deal&volume_spike,41,0.015686293901934656,0.018606329018705292,0.0399509422577463,0.6585365853658537,0.34146341463414637,long,0.6585365853658537,0.06614426327639678
posts_high&has_uppercase_phrase,191,0.007660691647251418,0.011951424614000006,0.047455551916578735,0.6230366492146597,0.3769633507853403,long,0.6230366492146597,0.06596267502563007
attack_heavy&pre_action,42,0.015217790448764926,0.014599878774504083,0.04447575639630759,0.6666666666666666,0.3333333333333333,long,0.6666666666666666,0.06574836926743552
positive_heavy&pre_relief,26,0.020904396595511406,0.017759434139603347,0.07313082899447557,0.6153846153846154,0.38461538461538464,long,0.6153846153846154,0.06559503148332015
has_action&deal_over_tariff,93,0.011473868352216527,0.012410615144650361,0.047571759917705445,0.5806451612903226,0.41935483870967744,long,0.5806451612903226,0.06424837505790149
has_night_post&uppercase_phrase_heavy,45,0.015305987719021502,0.010632683184358838,0.051028858184982304,0.6222222222222222,0.37777777777777777,long,0.6222222222222222,0.06388709413801685
pre_action&deal_over_tariff,43,0.01610648163146619,0.013917437051521375,0.04716130044374475,0.6046511627906976,0.3953488372093023,long,0.6046511627906976,0.06386160096906075
has_attack&uppercase_phrase_heavy,50,0.014564989475298955,0.011057298911670621,0.04989407212094709,0.62,0.38,long,0.62,0.06385381752054643
has_night_post&has_all_caps,111,0.009790637944382372,0.009715493317851154,0.044734453311891915,0.6126126126126126,0.38738738738738737,long,0.6126126126126126,0.0631914635613127
posts_low&has_positive,86,0.010100977532275946,0.012796917292590915,0.03352377442783503,0.6744186046511628,0.32558139534883723,long,0.6744186046511628,0.06317455232351447
attack_heavy&uppercase_phrase_heavy,44,0.01550777042087856,0.01055588477017122,0.04356602008665107,0.6136363636363636,0.38636363636363635,long,0.6136363636363636,0.06312287759853194
has_iran&exclamation_heavy,115,0.009056183095119612,0.013806295608392194,0.04374730472755902,0.6434782608695652,0.3565217391304348,long,0.6434782608695652,0.062492513675727265
uppercase_phrase_heavy&deal_over_tariff,22,0.022282890584759005,0.015739235805968144,0.05170375094255785,0.5909090909090909,0.4090909090909091,long,0.5909090909090909,0.061759467056875995
has_china&has_night_post,186,0.007940868675003874,0.010330585739045883,0.04541616579405477,0.5698924731182796,0.43010752688172044,long,0.5698924731182796,0.06171879054349599
short_posts&volume_drop,83,0.011018348920042154,0.012072041000055211,0.03374841071677631,0.6144578313253012,0.3855421686746988,long,0.6144578313253012,0.061680466691348176
has_action&has_attack,148,0.008329759381494136,0.011808127847568128,0.05093926498228754,0.6081081081081081,0.3918918918918919,long,0.6081081081081081,0.06162318030667208
has_all_caps&exclamation_heavy,180,0.007545200767995384,0.007996285041281026,0.043726506532670094,0.6,0.4,long,0.6,0.06073769455603667
attack_heavy&all_caps_heavy,25,0.017804697098123094,0.018606329018705292,0.04798742559554107,0.68,0.32,long,0.68,0.06053597013361853
deal_heavy&has_attack,123,0.009313233463670889,0.012604626805232444,0.04431463151220016,0.5853658536585366,0.4146341463414634,long,0.5853658536585366,0.06046171066627658
posts_low&short_posts,127,0.00817841193733025,0.012804150877325338,0.043666922285002054,0.6535433070866141,0.3464566929133858,long,0.6535433070866141,0.0602344866749945
deal_heavy&pre_action,25,0.018753882706880432,0.01613783778781208,0.054102698054653335,0.64,0.36,long,0.64,0.06001242466201738
deal_heavy&has_iran,39,0.014390711172700068,0.023299350290225007,0.04783360379682441,0.6666666666666666,0.3333333333333333,long,0.6666666666666666,0.05991330831269426
pre_deal&has_uppercase_phrase,60,0.01181455186067098,0.014059194147092557,0.043287730700550545,0.65,0.35,long,0.65,0.05948483137906732
has_positive&uppercase_phrase_heavy,52,0.013400841361074323,0.0121770286161067,0.050772070144544816,0.6153846153846154,0.38461538461538464,long,0.6153846153846154,0.05946759466056875
posts_very_high&has_russia,121,0.009060040347815145,0.011951424614000006,0.04056807803839157,0.5950413223140496,0.4049586776859504,long,0.5950413223140496,0.05930208227660822
has_iran&has_exclamation,120,0.008522501234164596,0.013768813673488256,0.04361364408817787,0.6333333333333333,0.36666666666666664,long,0.6333333333333333,0.05912757151602251
has_positive&has_iran,116,0.00870696059442354,0.013572343652732854,0.04356001812594024,0.6293103448275862,0.3706896551724138,long,0.6293103448275862,0.05901473271076464
has_deal&volume_spike,83,0.01095078729271189,0.012604626805232444,0.04134843525556405,0.5903614457831325,0.40963855421686746,long,0.5903614457831325,0.05889824811096224
posts_low&has_exclamation,140,0.007629999276408864,0.011810833810116161,0.03847406599887667,0.6428571428571429,0.35714285714285715,long,0.6428571428571429,0.05803673716829209
has_all_caps&lots_of_excl,177,0.007278511607900442,0.008185836339746233,0.04392941601490112,0.5932203389830508,0.4067796610169492,long,0.5932203389830508,0.05744407556843393
attack_heavy&has_russia,152,0.007600548819512983,0.011733107366431517,0.03964671074649513,0.6118421052631579,0.3881578947368421,long,0.6118421052631579,0.0573331901356938
pre_action&exclamation_heavy,73,0.011090977804410006,0.013061919761196084,0.05099420100154669,0.6027397260273972,0.3972602739726027,long,0.6027397260273972,0.0571164336932186
has_all_caps&has_exclamation,184,0.006982043203207886,0.007996285041281026,0.0457438475892967,0.5978260869565217,0.40217391304347827,long,0.5978260869565217,0.056619535931143605
has_all_caps,184,0.006982043203207886,0.007996285041281026,0.0457438475892967,0.5978260869565217,0.40217391304347827,long,0.5978260869565217,0.056619535931143605
has_action&uppercase_phrase_heavy,25,0.01883607501925568,0.018606329018705292,0.05987970311609333,0.6,0.4,long,0.6,0.05650822505776704
positive_heavy&uppercase_phrase_heavy,51,0.012991020249616157,0.011481914638982404,0.051190340139171404,0.6078431372549019,0.39215686274509803,long,0.6078431372549019,0.05639230747290047
has_iran,121,0.008153400122313649,0.013731331738584318,0.043620903387993036,0.628099173553719,0.371900826446281,long,0.628099173553719,0.05633258266325794
positive_heavy&has_all_caps,146,0.007898472692072315,0.009658418158386195,0.04370215361252057,0.589041095890411,0.410958904109589,long,0.589041095890411,0.056216673593946796
has_iran&lots_of_excl,109,0.008359387636952424,0.01341335556688139,0.04398305047294572,0.6330275229357798,0.3669724770642202,long,0.6330275229357798,0.055247204328477746
has_all_caps&has_uppercase_phrase,132,0.007633876313214358,0.01055588477017122,0.05038585147154681,0.6287878787878788,0.3712121212121212,long,0.6287878787878788,0.05514882272009332
has_deal&volume_drop,22,0.018460629570363072,0.019283750163697322,0.04570002036461342,0.6363636363636364,0.36363636363636365,long,0.6363636363636364,0.05510147228287761
positive_heavy&has_russia,231,0.006055084342707282,0.010019374918221802,0.040514547093160665,0.5974025974025974,0.4025974025974026,long,0.5974025974025974,0.05497855148843889
has_deal&has_russia,138,0.007493503326283029,0.013032807255501155,0.03703708229142246,0.6231884057971014,0.37681159420289856,long,0.6231884057971014,0.05485848534494317
has_all_caps&uppercase_phrase_heavy,42,0.012512010415979444,0.015739235805968144,0.06018386187629262,0.6666666666666666,0.3333333333333333,long,0.6666666666666666,0.054058063414494026
pre_action&has_exclamation,74,0.010565957875838984,0.012506672187598045,0.05084470768456346,0.5945945945945946,0.40540540540540543,long,0.5945945945945946,0.05404377678184946
uppercase_phrase_heavy&short_posts,38,0.013834430779542366,0.020149672947785913,0.06036288426021206,0.631578947368421,0.3684210526315789,long,0.631578947368421,0.05386178451822061
has_positive&sig_potus,61,0.011367340731508337,0.006950963440809144,0.03575525545816287,0.6065573770491803,0.39344262295081966,long,0.6065573770491803,0.05385123709466868
has_positive&has_russia,290,0.005378313800458802,0.008189992238940347,0.0390102331452107,0.5862068965517241,0.41379310344827586,long,0.5862068965517241,0.0536903283789144
positive_heavy&sig_potus,46,0.012541010696279782,0.01296703117721354,0.03702370424031577,0.6304347826086957,0.3695652173913043,long,0.6304347826086957,0.053623063327350416
has_russia&has_exclamation,301,0.005277664433040292,0.007038300859665281,0.038509459922532324,0.5813953488372093,0.4186046511627907,long,0.5813953488372093,0.05323491612360037
has_russia,301,0.005277664433040292,0.007038300859665281,0.038509459922532324,0.5813953488372093,0.4186046511627907,long,0.5813953488372093,0.05323491612360037
posts_very_high&volume_spike,85,0.009803089985793932,0.011514790118863028,0.04620216593221331,0.5882352941176471,0.4117647058823529,long,0.5882352941176471,0.05316471996639403
has_market_brag&has_iran,30,0.012643766117987025,0.022982485786818385,0.038709918559753344,0.7666666666666667,0.23333333333333334,long,0.7666666666666667,0.05309378201224783
posts_high&deal_heavy,117,0.008422086216298582,0.010182085122108164,0.04535745403867793,0.5811965811965812,0.4188034188034188,long,0.5811965811965812,0.05294630593714171
posts_high&has_all_caps,128,0.007577053030301451,0.009894772922591333,0.0473617404432754,0.6171875,0.3828125,long,0.6171875,0.05290813259397032
posts_high&has_iran,78,0.00931815242142227,0.01404192573591645,0.043950333995870276,0.6410256410256411,0.358974358974359,long,0.6410256410256411,0.05275364993717646
has_relief&attack_heavy,45,0.012596598389477834,0.016821104598092163,0.04638949014697877,0.6222222222222222,0.37777777777777777,long,0.6222222222222222,0.05257812053038871
has_china&has_russia,132,0.007621971098491595,0.007903031206864086,0.040437724436476974,0.5984848484848485,0.4015151515151515,long,0.5984848484848485,0.052409187072205946
pre_action&has_uppercase_phrase,29,0.016586790950027207,0.013061919761196084,0.056966609508682604,0.5862068965517241,0.41379310344827586,long,0.5862068965517241,0.05236152583053521
has_china&has_all_caps,87,0.009190675991134153,0.010074052527331512,0.05031986923331793,0.6091954022988506,0.39080459770114945,long,0.6091954022988506,0.05222322634875681
pre_action,75,0.01023710212877996,0.011951424614000006,0.05058023659731272,0.5866666666666667,0.41333333333333333,long,0.5866666666666667,0.05201146429400066
has_action&pre_action,75,0.01023710212877996,0.011951424614000006,0.05058023659731272,0.5866666666666667,0.41333333333333333,long,0.5866666666666667,0.05201146429400066
has_all_caps&short_posts,113,0.0077759430793450405,0.009715493317851154,0.05020462560374182,0.6283185840707964,0.37168141592920356,long,0.6283185840707964,0.05193644267533052
deal_heavy&has_action,61,0.010934315962896813,0.012823705494955595,0.050540989882097105,0.6065573770491803,0.39344262295081966,long,0.6065573770491803,0.051799840903321376
pre_action&lots_of_excl,70,0.010282991156590034,0.012506672187598045,0.05124490130684581,0.6,0.4,long,0.6,0.05162020592353369
has_relief&pre_deal,25,0.018405902545209303,0.01341335556688139,0.062111021454384206,0.56,0.44,long,0.56,0.05153652712658605
has_all_caps&deal_over_tariff,73,0.009698443995859514,0.007705395633829548,0.04069705373311684,0.6164383561643836,0.3835616438356164,long,0.6164383561643836,0.051080265508176986
volume_spike,177,0.006520870583787661,0.006311992108459341,0.047260169069850366,0.5875706214689266,0.4124293785310734,long,0.5875706214689266,0.05097441932361463
short_posts&volume_spike,102,0.008549173071868463,0.006290964429224721,0.04920020232175911,0.5882352941176471,0.4117647058823529,long,0.5882352941176471,0.05078965626955743
positive_heavy&volume_drop,39,0.013782229987444708,0.017906596343102654,0.03913283118020444,0.5897435897435898,0.41025641025641024,long,0.5897435897435898,0.0507592299937525
posts_high&has_chips,23,0.015212492081310846,0.022709706049446554,0.03735433667319402,0.6956521739130435,0.30434782608695654,long,0.6956521739130435,0.05075238196291873
has_attack&has_iran,86,0.008502598137710054,0.014004443801012512,0.045696931478481154,0.6395348837209303,0.36046511627906974,long,0.6395348837209303,0.05042723051430163
open_deal&short_posts,47,0.012340327751005473,0.011514790118863028,0.041377767526936116,0.5957446808510638,0.40425531914893614,long,0.5957446808510638,0.050400610469486073
has_iran&volume_spike,38,0.012329382035216645,0.020988733396259396,0.05547842835712301,0.6578947368421053,0.34210526315789475,long,0.6578947368421053,0.050002246885423436
positive_heavy&pre_action,62,0.01034072325785694,0.012506672187598045,0.05213306280567373,0.6129032258064516,0.3870967741935484,long,0.6129032258064516,0.049904380346822895
lots_of_excl&has_chips,29,0.014083475372348924,0.022709706049446554,0.03526627415884954,0.6551724137931034,0.3448275862068966,long,0.6551724137931034,0.049689478717553776
has_iran&has_uppercase_phrase,49,0.010531578288055583,0.01878455302598292,0.049399740992453305,0.673469387755102,0.32653061224489793,long,0.673469387755102,0.049648869072262035
has_russia&lots_of_excl,278,0.005157567098278034,0.00785701781748005,0.039178460211906165,0.5755395683453237,0.4244604316546763,long,0.5755395683453237,0.04949285096092985
pre_action&volume_spike,21,0.018748258676634613,0.020429472107827085,0.05744088039888362,0.5714285714285714,0.42857142857142855,long,0.5714285714285714,0.04909446544816612
has_positive&volume_spike,144,0.00700598746900394,0.00603241086429851,0.04464636270585288,0.5833333333333334,0.4166666666666667,long,0.5833333333333334,0.04904191228302759
has_russia&exclamation_heavy,294,0.0049756096662558575,0.006483002297316798,0.03853412366195877,0.5748299319727891,0.42517006802721086,long,0.5748299319727891,0.04904100281495542
posts_high&volume_spike,115,0.00794601174539583,0.004196518562032292,0.04315763321537675,0.5739130434782609,0.4260869565217391,long,0.5739130434782609,0.04890398144884309
deal_heavy&has_china,85,0.009178065585953559,0.01055709769734503,0.04771586576343569,0.5764705882352941,0.4235294117647059,long,0.5764705882352941,0.04877954825153868
deal_heavy&has_relief,32,0.015287125926671603,0.011624972823709334,0.059365803990045964,0.5625,0.4375,long,0.5625,0.04864333683420979
has_positive&high_emotion,25,0.014294921631442551,0.017141462074608427,0.037462878374626175,0.68,0.32,long,0.68,0.048602733546904676
has_china&uppercase_phrase_heavy,37,0.012820809925774198,0.010632683184358838,0.05339144785857621,0.6216216216216216,0.3783783783783784,long,0.6216216216216216,0.04847774786933027
has_relief&pre_relief,31,0.01496548328954183,0.01341335556688139,0.0690873852678704,0.5806451612903226,0.41935483870967744,long,0.5806451612903226,0.04838184263150664
pre_relief,31,0.01496548328954183,0.01341335556688139,0.0690873852678704,0.5806451612903226,0.41935483870967744,long,0.5806451612903226,0.04838184263150664
pre_relief&has_exclamation,31,0.01496548328954183,0.01341335556688139,0.0690873852678704,0.5806451612903226,0.41935483870967744,long,0.5806451612903226,0.04838184263150664
pre_relief&exclamation_heavy,31,0.01496548328954183,0.01341335556688139,0.0690873852678704,0.5806451612903226,0.41935483870967744,long,0.5806451612903226,0.04838184263150664
has_market_brag&pre_deal,44,0.01000315795022663,0.015844789781649382,0.030869300261977754,0.7272727272727273,0.2727272727272727,long,0.7272727272727273,0.04825704965754523
has_deal&has_all_caps,80,0.00878149105188696,0.008653369316375392,0.04020083003346869,0.6125,0.3875,long,0.6125,0.04810822679277218
has_attack&all_caps_heavy,28,0.01328939096166474,0.015834124389950688,0.057719659376261806,0.6785714285714286,0.32142857142857145,long,0.6785714285714286,0.04771771768867241
posts_high&uppercase_phrase_heavy,51,0.010971455329717869,0.010632683184358838,0.05619069147365264,0.6078431372549019,0.39215686274509803,long,0.6078431372549019,0.047625642212121365
exclamation_heavy&volume_drop,100,0.008166326344012414,0.009059305241643445,0.037768802549745545,0.58,0.42,long,0.58,0.047364692795272
lots_of_excl&volume_drop,65,0.010292730278163345,0.008185836339746233,0.03966451565154147,0.5692307692307692,0.4307692307692308,long,0.5692307692307692,0.0472362745252611
has_iran&open_deal,37,0.011928424255519309,0.01878455302598292,0.0431978909700556,0.6486486486486487,0.35135135135135137,long,0.6486486486486487,0.047064500826144835
has_positive&pre_action,72,0.009477582147871364,0.011808127847568128,0.050768072046146924,0.5833333333333334,0.4166666666666667,long,0.5833333333333334,0.04691163824208684
has_relief&has_attack,74,0.010061597538888925,0.0047861434059282,0.054053466827031875,0.5405405405405406,0.4594594594594595,long,0.5405405405405406,0.04678547823545844
has_exclamation&has_chips,31,0.0130213304748511,0.01728318392099104,0.03440581274891017,0.6451612903225806,0.3548387096774194,long,0.6451612903225806,0.0467739998545216
has_chips,31,0.0130213304748511,0.01728318392099104,0.03440581274891017,0.6451612903225806,0.3548387096774194,long,0.6451612903225806,0.0467739998545216
has_uppercase_phrase&volume_spike,83,0.008347957139651486,0.012154911428896353,0.05271659765463697,0.6144578313253012,0.3855421686746988,long,0.6144578313253012,0.04673167423083437
posts_very_high&uppercase_phrase_heavy,45,0.011586321755442344,0.012872142593230995,0.05949259969820424,0.6,0.4,long,0.6,0.0466340454978368
has_positive&all_caps_heavy,30,0.012770092699929132,0.01951790056326619,0.05646735615838173,0.6666666666666666,0.3333333333333333,long,0.6666666666666666,0.04662978555455491
has_russia&has_uppercase_phrase,115,0.007343844550830775,0.010632683184358838,0.04520187894517802,0.591304347826087,0.40869565217391307,long,0.591304347826087,0.04656755841141005
pre_relief&lots_of_excl,30,0.014958580238683706,0.013294624343484274,0.07026844089241438,0.5666666666666667,0.43333333333333335,long,0.5666666666666667,0.046427860341542435
has_positive&pre_relief,30,0.014958580238683706,0.013294624343484274,0.07026844089241438,0.5666666666666667,0.43333333333333335,long,0.5666666666666667,0.046427860341542435
has_attack&pre_action,64,0.009764394204404472,0.012506672187598045,0.053246151706161086,0.59375,0.40625,long,0.59375,0.04638087247092124
deal_heavy&volume_spike,46,0.011613387243288887,0.012827031041787396,0.04535187896727289,0.5869565217391305,0.41304347826086957,long,0.5869565217391305,0.04623211438384073
has_china&sig_potus,26,0.01377057618806412,0.015602095244685366,0.04218215041231677,0.6538461538461539,0.34615384615384615,long,0.6538461538461539,0.045910747070693717
exclamation_heavy&has_chips,30,0.013216885314711203,0.019996444985218798,0.03497646191304053,0.6333333333333333,0.36666666666666664,long,0.6333333333333333,0.04584817943656525
has_china&has_iran,43,0.011499602265085212,0.01341335556688139,0.04740061951998162,0.6046511627906976,0.3953488372093023,long,0.6046511627906976,0.045595495525296
has_iran&has_night_post,70,0.00928000580172196,0.011549294593529602,0.045528437406681235,0.5857142857142857,0.4142857142857143,long,0.5857142857142857,0.0454760865589297
deal_heavy&attack_heavy,80,0.008560503818658569,0.01273838469923172,0.041687639186426484,0.5875,0.4125,long,0.5875,0.044983390881392665
posts_high&has_relief,74,0.009319054968146135,0.008940393135073665,0.055158130723096416,0.5540540540540541,0.44594594594594594,long,0.5540540540540541,0.04441604355020469
positive_heavy&has_iran,94,0.00727440324636076,0.013572343652732854,0.046681436113633415,0.6276595744680851,0.3723404255319149,long,0.6276595744680851,0.04426754696668752
uppercase_phrase_heavy,54,0.009767227290407085,0.011057298911670621,0.056105772567267495,0.6111111111111112,0.3888888888888889,long,0.6111111111111112,0.0438619922826875
uppercase_phrase_heavy&exclamation_heavy,54,0.009767227290407085,0.011057298911670621,0.056105772567267495,0.6111111111111112,0.3888888888888889,long,0.6111111111111112,0.0438619922826875
uppercase_phrase_heavy&has_exclamation,54,0.009767227290407085,0.011057298911670621,0.056105772567267495,0.6111111111111112,0.3888888888888889,long,0.6111111111111112,0.0438619922826875
uppercase_phrase_heavy&lots_of_excl,54,0.009767227290407085,0.011057298911670621,0.056105772567267495,0.6111111111111112,0.3888888888888889,long,0.6111111111111112,0.0438619922826875
has_uppercase_phrase&uppercase_phrase_heavy,54,0.009767227290407085,0.011057298911670621,0.056105772567267495,0.6111111111111112,0.3888888888888889,long,0.6111111111111112,0.0438619922826875
has_positive&has_chips,30,0.012613071396896955,0.01395793355267494,0.03491753355426891,0.6333333333333333,0.36666666666666664,long,0.6333333333333333,0.04375360358218983
has_relief&has_russia,33,0.013934099197863778,0.011988034069825071,0.04921453602531957,0.5454545454545454,0.45454545454545453,long,0.5454545454545454,0.04366107587192932
has_night_post&all_caps_heavy,26,0.012263435514962635,0.01951790056326619,0.05809374194467523,0.6923076923076923,0.3076923076923077,long,0.6923076923076923,0.04329103638079471
has_attack&sig_potus,54,0.010254961052154074,0.004811705384056286,0.035976679791412676,0.5740740740740741,0.42592592592592593,long,0.5740740740740741,0.04326122662259246
posts_very_high&has_relief,46,0.011695634298492026,0.008940393135073665,0.06148274539442411,0.5434782608695652,0.45652173913043476,long,0.5434782608695652,0.043110679986049304
has_relief&short_posts,46,0.01168509666448781,0.014292965191083473,0.0610024822561118,0.5434782608695652,0.45652173913043476,long,0.5434782608695652,0.043071837751778655
has_night_post&volume_spike,102,0.007495893220777573,0.0052542553352458166,0.04274763114792285,0.5686274509803921,0.43137254901960786,long,0.5686274509803921,0.043047833478816855
has_attack&volume_spike,122,0.006739255872414235,0.00603241086429851,0.046007612852178935,0.5737704918032787,0.4262295081967213,long,0.5737704918032787,0.04271004907263128
has_attack&has_market_brag,130,0.0060366482547723165,0.011035943908104029,0.036169793828067745,0.6153846153846154,0.38461538461538464,long,0.6153846153846154,0.042355926092670734
has_night_post&volume_drop,40,0.011628634012554349,0.011122069315632643,0.03561196299077658,0.575,0.425,long,0.575,0.04228891498960102
attack_heavy&has_market_brag,73,0.007491646003338474,0.013049435278342347,0.03343227658813566,0.6575342465753424,0.3424657534246575,long,0.6575342465753424,0.042087880445665984
has_attack&has_russia,268,0.004354077878828641,0.007135173691897645,0.038477019107472234,0.585820895522388,0.4141791044776119,long,0.585820895522388,0.04175691909853515
has_deal&has_relief,52,0.009967202933596745,0.012581963594956114,0.056181494306769796,0.5769230769230769,0.4230769230769231,long,0.5769230769230769,0.04146607067312094
sig_potus&lots_of_excl,60,0.008902948735559836,0.008768182124338164,0.043210138002450715,0.6,0.4,long,0.6,0.041377166621953954
deal_heavy&has_russia,66,0.008535551740769287,0.014059006406439978,0.042049131237659125,0.5909090909090909,0.4090909090909091,long,0.5909090909090909,0.040975497813998694
posts_very_high&has_all_caps,92,0.007341425484645316,0.008761113530333486,0.0493250246458807,0.5760869565217391,0.42391304347826086,long,0.5760869565217391,0.040566015381774095
pre_deal&has_all_caps,47,0.00887409795182879,0.010074052527331512,0.0399956381559055,0.6595744680851063,0.3404255319148936,long,0.6595744680851063,0.04012702689114468
has_positive&has_market_brag,173,0.005119930136394395,0.009918468322943408,0.034884107717206736,0.5953757225433526,0.4046242774566474,long,0.5953757225433526,0.04009389124602696
has_market_brag&has_exclamation,177,0.005063919516227577,0.00963898297622845,0.03457522016024914,0.5932203389830508,0.4067796610169492,long,0.5932203389830508,0.03996588740023388
has_market_brag,177,0.005063919516227577,0.00963898297622845,0.03457522016024914,0.5932203389830508,0.4067796610169492,long,0.5932203389830508,0.03996588740023388
sig_potus&exclamation_heavy,61,0.008639528398262063,0.006903681064317491,0.04289790475622963,0.5901639344262295,0.4098360655737705,long,0.5901639344262295,0.03982241736738449
high_emotion,72,0.007669607001029309,0.012044400209856532,0.04785453187947642,0.6111111111111112,0.3888888888888889,long,0.6111111111111112,0.0397703615427334
has_relief&positive_heavy,83,0.007786774055411113,0.010074052527331512,0.055370136655813126,0.5542168674698795,0.4457831325301205,long,0.5542168674698795,0.03931663662735956
has_market_brag&exclamation_heavy,175,0.004926692106010016,0.00963898297622845,0.03465837870315687,0.5942857142857143,0.4057142857142857,long,0.5942857142857143,0.03873198337895734
posts_low&has_attack,30,0.011783753811601483,0.009890510853210244,0.03200618103538104,0.6,0.4,long,0.6,0.038725366648209684
positive_heavy&has_market_brag,140,0.005562901188777179,0.008326503841097566,0.034800243676518086,0.5857142857142857,0.4142857142857143,long,0.5857142857142857,0.03855237878830072
posts_low&volume_spike,43,0.009020513494169831,0.009289923754691953,0.054869413722377344,0.6511627906976745,0.3488372093023256,long,0.6511627906976745,0.03851723152275229
exclamation_heavy&volume_spike,134,0.005751825550081597,0.004974674091084985,0.04474280302973479,0.5746268656716418,0.4253731343283582,long,0.5746268656716418,0.03825991771269075
posts_very_high&has_market_brag,67,0.007031658991117295,0.01369300056927858,0.040231078481375346,0.6567164179104478,0.34328358208955223,long,0.6567164179104478,0.03779837036130398
sig_potus&has_exclamation,63,0.008011253320629744,0.006903681064317491,0.042469658784579735,0.5873015873015873,0.4126984126984127,long,0.5873015873015873,0.03734495272019466
sig_potus,63,0.008011253320629744,0.006903681064317491,0.042469658784579735,0.5873015873015873,0.4126984126984127,long,0.5873015873015873,0.03734495272019466
lots_of_excl&volume_spike,129,0.005704490668933138,0.004196518562032292,0.0454184527508027,0.5736434108527132,0.4263565891472868,long,0.5736434108527132,0.03716667744895301
has_russia&pre_action,35,0.010431191771918282,0.013061919761196084,0.054101284467087674,0.6,0.4,long,0.6,0.03702705765328849
posts_high&has_market_brag,112,0.005721397264038391,0.010117753954228759,0.03731257472263504,0.6071428571428571,0.39285714285714285,long,0.6071428571428571,0.036762243330237976
posts_low&exclamation_heavy,48,0.008483084980915242,0.007564194546270553,0.040536480629613764,0.625,0.375,long,0.625,0.036732835479674146
positive_heavy&all_caps_heavy,28,0.01079658217463249,0.015834124389950688,0.05789547705684899,0.6428571428571429,0.35714285714285715,long,0.6428571428571429,0.036726520427422076
exclamation_heavy&tariff_only,56,0.007585243154826689,0.006924110463360389,0.03656137886969333,0.6428571428571429,0.35714285714285715,long,0.6428571428571429,0.03649034710380055
pre_relief&short_posts,24,0.013650141226134541,0.014292965191083473,0.07659965225163082,0.5416666666666666,0.4583333333333333,long,0.5416666666666666,0.03622220433103821
posts_low&high_emotion,58,0.007444210039860036,0.012294117520348813,0.05027157742235527,0.6379310344827587,0.3620689655172414,long,0.6379310344827587,0.03616648863432451
has_relief&has_night_post,61,0.008544760796553263,0.005195484835584185,0.057966724883446466,0.5409836065573771,0.45901639344262296,long,0.5409836065573771,0.036103468901399025
has_iran&short_posts,50,0.0074994093504460665,0.013572343652732854,0.04794058640074336,0.68,0.32,long,0.68,0.03605960580484067
has_russia&has_night_post,175,0.004722271924016703,0.006311992108459341,0.03971007752042327,0.5771428571428572,0.4228571428571429,long,0.5771428571428572,0.0360539905871783
has_attack&has_chips,28,0.010431417873397473,0.01395793355267494,0.03153130513403415,0.6428571428571429,0.35714285714285715,long,0.6428571428571429,0.03548434823331939
has_relief&has_china,46,0.00887309581949912,0.011031043298578291,0.0569126109215169,0.5869565217391305,0.41304347826086957,long,0.5869565217391305,0.03532319832897334
lots_of_excl&tariff_only,53,0.007562865400417461,0.006903681064317491,0.03745461317912702,0.6415094339622641,0.3584905660377358,long,0.6415094339622641,0.03532054151995859
positive_heavy&has_chips,25,0.01103243951873285,0.01728318392099104,0.033660877359237056,0.64,0.36,long,0.64,0.035303806459945124
posts_very_high&has_iran,50,0.00799176170178262,0.015603395401827425,0.04988576905345215,0.62,0.38,long,0.62,0.03503637913633609
posts_high&has_russia,184,0.004513397568399149,0.009658418158386195,0.041919968256992374,0.5706521739130435,0.42934782608695654,long,0.5706521739130435,0.03493686873545015
has_action&has_all_caps,53,0.008424428445940641,0.012823705494955595,0.06075982017285872,0.5660377358490566,0.4339622641509434,long,0.5660377358490566,0.034715527268393526
has_positive&tariff_only,56,0.007151813358147187,0.0066962087502224765,0.03689652939559891,0.6428571428571429,0.35714285714285715,long,0.6428571428571429,0.034405245360437105
has_iran&has_russia,47,0.008127985999692638,0.012604626805232444,0.043003775885758724,0.6170212765957447,0.3829787234042553,long,0.6170212765957447,0.034382069653465006
has_relief&exclamation_heavy,95,0.00643703594480004,0.007030048415776591,0.05277948264587432,0.5473684210526316,0.45263157894736844,long,0.5473684210526316,0.034342149560986
pre_action&has_night_post,47,0.008368555294861657,0.011951424614000006,0.05305948693653482,0.5957446808510638,0.40425531914893614,long,0.5957446808510638,0.03417901891417037
all_caps_heavy&short_posts,26,0.01023872256064242,0.021431103609018676,0.06869050285832873,0.6538461538461539,0.34615384615384615,long,0.6538461538461539,0.034135637854870476
has_russia&sig_potus,29,0.010020449741281115,0.010632683184358838,0.02876318919097981,0.6206896551724138,0.3793103448275862,long,0.6206896551724138,0.03349351446108027
has_relief&has_exclamation,96,0.0062878238594631245,0.006112766625680388,0.05252131256964895,0.5416666666666666,0.4583333333333333,long,0.5416666666666666,0.033370913437728224
has_relief,96,0.0062878238594631245,0.006112766625680388,0.05252131256964895,0.5416666666666666,0.4583333333333333,long,0.5416666666666666,0.033370913437728224
has_deal&has_market_brag,80,0.005593293348640689,0.013026565014074287,0.033683024931008644,0.6625,0.3375,long,0.6625,0.033143507985993734
open_deal&deal_only,94,0.005831786967503775,0.007634768681457849,0.03690795513258455,0.5851063829787234,0.4148936170212766,long,0.5851063829787234,0.033082659400661935
has_relief&has_positive,93,0.006336728941128404,0.005195484835584185,0.05334218282285522,0.5376344086021505,0.46236559139784944,long,0.5376344086021505,0.03285440907275216
has_russia&has_all_caps,70,0.007009997066526076,0.005195620641340715,0.04514454310265719,0.5428571428571428,0.45714285714285713,long,0.5428571428571428,0.03183848637199613
has_relief&lots_of_excl,92,0.0060653550683068885,0.006112766625680388,0.05342166676209268,0.5434782608695652,0.45652173913043476,long,0.5434782608695652,0.03161784895290298
open_deal&has_uppercase_phrase,61,0.007042821938953333,0.004657327214301565,0.046788225401533795,0.5737704918032787,0.4262295081967213,long,0.5737704918032787,0.03156093314452867
all_caps_heavy&has_uppercase_phrase,30,0.008519109866306173,0.01951790056326619,0.06538671057152444,0.6666666666666666,0.3333333333333333,long,0.6666666666666666,0.031107390957604737
has_russia&open_tariff,20,-0.011569072511807638,-0.008778989598243747,0.045393649181969024,0.4,0.6,short,0.6,0.03104307908763134
positive_heavy&volume_spike,122,0.004968560620461451,0.0040670040874929425,0.04611553952189209,0.5573770491803278,0.4426229508196721,long,0.5573770491803278,0.03058859929210502
open_tariff&has_night_post,32,-0.009529191869980129,-0.007942014338114589,0.05072573982249054,0.4375,0.5625,short,0.5625,0.030321702857208
has_tariff&has_relief,23,-0.010380728432918384,-0.0051136166471862365,0.0387661091917766,0.391304347826087,0.6086956521739131,short,0.6086956521739131,0.030303441093458297
sig_potus&has_uppercase_phrase,34,0.008006227915111202,0.013434107684794139,0.047725279044217604,0.6470588235294118,0.35294117647058826,long,0.6470588235294118,0.03020724871494065
has_china&open_deal,68,0.006541221682065849,0.01079442132309727,0.04420747170729691,0.5588235294117647,0.4411764705882353,long,0.5588235294117647,0.03014310649406003
has_attack&volume_drop,52,0.007430525787945689,0.012438095938690275,0.038096922134734985,0.5576923076923077,0.4423076923076923,long,0.5576923076923077,0.029882427316568216
attack_heavy&sig_potus,34,0.008618447349764335,0.011752412888794916,0.03351138003707761,0.5882352941176471,0.4117647058823529,long,0.5882352941176471,0.029561030532195772
has_exclamation&tariff_only,59,0.00604070063895715,0.006488736436127462,0.03647130602235135,0.6271186440677966,0.3728813559322034,long,0.6271186440677966,0.029097992796638935
tariff_only,59,0.00604070063895715,0.006488736436127462,0.03647130602235135,0.6271186440677966,0.3728813559322034,long,0.6271186440677966,0.029097992796638935
has_tariff&tariff_only,59,0.00604070063895715,0.006488736436127462,0.03647130602235135,0.6271186440677966,0.3728813559322034,long,0.6271186440677966,0.029097992796638935
has_market_brag&has_night_post,93,0.005288498716316238,0.003937489612953593,0.03415513334843279,0.5698924731182796,0.43010752688172044,long,0.5698924731182796,0.029064763844258153
has_market_brag&lots_of_excl,164,0.003903180001947472,0.003684293452196785,0.035311240312198636,0.573170731707317,0.4268292682926829,long,0.573170731707317,0.028649992298928128
uppercase_phrase_heavy&volume_spike,27,0.009244730707854788,0.010632683184358838,0.06220278936375695,0.5925925925925926,0.4074074074074074,long,0.5925925925925926,0.028466388068082996
posts_high&sig_potus,46,0.006861075510262387,0.008768182124338164,0.04571109928247828,0.6086956521739131,0.391304347826087,long,0.6086956521739131,0.028325091047667273
deal_heavy&tariff_rising,21,-0.010766081670646748,-0.008640965297751713,0.047012316977952155,0.42857142857142855,0.5714285714285714,short,0.5714285714285714,0.028192219539323056
positive_heavy&tariff_only,44,0.0063872032344387646,0.006924110463360389,0.035794451245819016,0.6590909090909091,0.3409090909090909,long,0.6590909090909091,0.02792430641195255
has_exclamation&volume_spike,153,0.003925418419100467,0.004196518562032292,0.04774846669991861,0.5686274509803921,0.43137254901960786,long,0.5686274509803921,0.027609560484364304
has_china&volume_spike,74,0.006089501389042398,0.0007058083222069023,0.04867725475766952,0.527027027027027,0.47297297297297297,long,0.527027027027027,0.027607716146532065
has_iran&has_all_caps,31,0.008085881207612276,0.00667212982205978,0.04982350533464116,0.6129032258064516,0.3870967741935484,long,0.6129032258064516,0.027593075592470696
has_china&all_caps_heavy,22,0.00910109463086186,0.014619506101532065,0.06281371092506294,0.6363636363636364,0.36363636363636365,long,0.6363636363636364,0.02716503852887928
high_emotion&has_exclamation,44,0.006129516846360024,0.010367854413858457,0.04964048285983154,0.6590909090909091,0.3409090909090909,long,0.6590909090909091,0.02679772355639193
high_emotion&short_posts,60,0.0056700250403683,0.010383624953982928,0.0497342546017372,0.6,0.4,long,0.6,0.026351895064710553
has_russia&short_posts,141,0.003967369356074099,0.0035410497071135527,0.04109515122423643,0.5531914893617021,0.44680851063829785,long,0.5531914893617021,0.02606079625342628
has_market_brag&has_china,70,0.004997603856354981,0.013231395422611869,0.03905397628326906,0.6142857142857143,0.38571428571428573,long,0.6142857142857143,0.025685100161112077
open_deal&lots_of_excl,128,0.004055354156347817,0.004763952746641653,0.04062284853194932,0.5546875,0.4453125,long,0.5546875,0.025449669763591004
deal_heavy&has_all_caps,44,0.006952192733290611,0.00230561652893424,0.04637691923741192,0.5454545454545454,0.45454545454545453,long,0.5454545454545454,0.025153979745338517
pre_action&has_all_caps,20,0.01015309696129404,0.015834124389950688,0.06006257174227547,0.55,0.45,long,0.55,0.024973316486360028
has_night_post&tariff_only,35,0.006701606664989167,0.004196518562032292,0.03885160675545166,0.6285714285714286,0.37142857142857144,long,0.6285714285714286,0.024921122100303346
all_caps_heavy&exclamation_heavy,32,0.006677790746999743,0.015834124389950688,0.06403510425354024,0.65625,0.34375,long,0.65625,0.024790033382878572
all_caps_heavy&lots_of_excl,32,0.006677790746999743,0.015834124389950688,0.06403510425354024,0.65625,0.34375,long,0.65625,0.024790033382878572
all_caps_heavy&has_exclamation,32,0.006677790746999743,0.015834124389950688,0.06403510425354024,0.65625,0.34375,long,0.65625,0.024790033382878572
all_caps_heavy,32,0.006677790746999743,0.015834124389950688,0.06403510425354024,0.65625,0.34375,long,0.65625,0.024790033382878572
has_all_caps&all_caps_heavy,32,0.006677790746999743,0.015834124389950688,0.06403510425354024,0.65625,0.34375,long,0.65625,0.024790033382878572
has_action&has_russia,74,0.004731562596007926,0.011733107366431517,0.05083841749344343,0.6081081081081081,0.3918918918918919,long,0.6081081081081081,0.02475148407095237
open_deal&deal_over_tariff,123,0.004014546195966027,0.004638411662543751,0.03928297935066698,0.5528455284552846,0.44715447154471544,long,0.5528455284552846,0.02461460193273108
posts_very_high&open_deal,60,0.005567385642427112,0.004089730684828652,0.041603597772581144,0.55,0.45,long,0.55,0.023718631062537937
has_china&volume_drop,27,0.00878157423596883,0.007708980706365276,0.04679668398564225,0.5185185185185185,0.48148148148148145,long,0.5185185185185185,0.023660206495544667
posts_high&open_deal,96,0.004271743192223957,0.004763952746641653,0.040357786741318985,0.5625,0.4375,long,0.5625,0.023543080049602014
has_tariff&lots_of_excl,136,0.003488258875161233,0.004623690127626978,0.04010054274198059,0.5661764705882353,0.4338235294117647,long,0.5661764705882353,0.023031911275486608
has_market_brag&deal_only,54,0.004506288125719795,0.012193466356047011,0.032726783212403444,0.6851851851851852,0.3148148148148148,long,0.6851851851851852,0.022689441225173447
has_russia&open_deal,57,0.00537591166645827,0.004638411662543751,0.0358347261918607,0.543859649122807,0.45614035087719296,long,0.543859649122807,0.022073763747937066
open_deal,137,0.0033524180641450485,0.004657327214301565,0.04057397363219007,0.5547445255474452,0.44525547445255476,long,0.5547445255474452,0.021767646741774446
has_deal&open_deal,137,0.0033524180641450485,0.004657327214301565,0.04057397363219007,0.5547445255474452,0.44525547445255476,long,0.5547445255474452,0.021767646741774446
open_deal&has_exclamation,137,0.0033524180641450485,0.004657327214301565,0.04057397363219007,0.5547445255474452,0.44525547445255476,long,0.5547445255474452,0.021767646741774446
has_market_brag&deal_over_tariff,67,0.004074211846728768,0.011514790118863028,0.03414477487069555,0.6417910447761194,0.3582089552238806,long,0.6417910447761194,0.02140300049270338
has_attack&open_deal,104,0.0037561130083552064,0.004763952746641653,0.037689377510665326,0.5480769230769231,0.4519230769230769,long,0.5480769230769231,0.0209940794407151
has_tariff&short_posts,43,0.0055022686772144445,0.0035410497071135527,0.0456660423667371,0.5813953488372093,0.4186046511627907,long,0.5813953488372093,0.020977202671526866
deal_heavy&has_market_brag,41,0.004971476285819176,0.013049435278342347,0.03672842758892767,0.6585365853658537,0.34146341463414637,long,0.6585365853658537,0.020963182149802147
has_positive&brag_heavy,38,0.006124982339342207,0.001582140367305196,0.03118861863748426,0.5526315789473685,0.4473684210526316,long,0.5526315789473685,0.020865670129267225
brag_heavy&has_exclamation,38,0.006124982339342207,0.001582140367305196,0.03118861863748426,0.5526315789473685,0.4473684210526316,long,0.5526315789473685,0.020865670129267225
brag_heavy&exclamation_heavy,38,0.006124982339342207,0.001582140367305196,0.03118861863748426,0.5526315789473685,0.4473684210526316,long,0.5526315789473685,0.020865670129267225
brag_heavy&lots_of_excl,38,0.006124982339342207,0.001582140367305196,0.03118861863748426,0.5526315789473685,0.4473684210526316,long,0.5526315789473685,0.020865670129267225
has_market_brag&brag_heavy,38,0.006124982339342207,0.001582140367305196,0.03118861863748426,0.5526315789473685,0.4473684210526316,long,0.5526315789473685,0.020865670129267225
brag_heavy,38,0.006124982339342207,0.001582140367305196,0.03118861863748426,0.5526315789473685,0.4473684210526316,long,0.5526315789473685,0.020865670129267225
attack_heavy&open_deal,67,0.004846052047806745,0.0007172401941202278,0.04067096348118568,0.5223880597014925,0.47761194029850745,long,0.5223880597014925,0.02072138201007998
has_china&tariff_rising,25,-0.007802803889618435,-0.003262372711528294,0.04492518799315842,0.48,0.52,short,0.52,0.02028729011300793
posts_high&brag_heavy,29,0.005920038567988027,0.002915905652395523,0.03305305379994004,0.6206896551724138,0.3793103448275862,long,0.6206896551724138,0.019787824150267076
has_market_brag&volume_drop,22,0.006550881055195826,0.01738569480939156,0.030718104086609844,0.6363636363636364,0.36363636363636365,long,0.6363636363636364,0.01955313547219406
has_deal&tariff_rising,24,-0.007322426225516099,-0.005951669004640003,0.04610623263636954,0.4583333333333333,0.5416666666666666,short,0.5416666666666666,0.019430891925995578
has_positive&open_deal,131,0.0030880841942408014,0.004657327214301565,0.04117695811838106,0.549618320610687,0.45038167938931295,long,0.549618320610687,0.01942611615229695
has_relief&has_uppercase_phrase,41,0.005803937547272819,0.007030048415776591,0.06412700541918533,0.5121951219512195,0.4878048780487805,long,0.5121951219512195,0.01903487797100664
has_attack&brag_heavy,31,0.006213703217589932,0.0007172401941202278,0.03221209041021021,0.5483870967741935,0.45161290322580644,long,0.5483870967741935,0.018972238732699705
posts_high&all_caps_heavy,31,0.005174645485761427,0.013061919761196084,0.06451717129794275,0.6451612903225806,0.3548387096774194,long,0.6451612903225806,0.018587875307033368
has_market_brag&has_russia,63,0.003849385333311721,0.004292767680105891,0.029265516745529747,0.5873015873015873,0.4126984126984127,long,0.5873015873015873,0.01794414775328023
open_deal&exclamation_heavy,133,0.0028610478853549554,0.004638411662543751,0.040992146971221465,0.5413533834586466,0.45864661654135336,long,0.5413533834586466,0.01786207064167572
has_tariff&exclamation_heavy,141,0.0025695723671740225,0.0043768019762722155,0.04034263277116826,0.5602836879432624,0.4397163120567376,long,0.5602836879432624,0.01709536541214686
open_tariff&open_deal,23,-0.006576698837678558,-0.0012090039263782382,0.05414538130033832,0.4782608695652174,0.5217391304347826,short,0.5217391304347826,0.016456038054820668
has_tariff&has_russia,58,-0.0043940521179361095,0.0005538246879479569,0.04138085568400419,0.5172413793103449,0.4827586206896552,short,0.4827586206896552,0.016155084663365186
has_tariff&has_positive,141,0.0023974300365779085,0.004292767680105891,0.04044139086698645,0.5602836879432624,0.4397163120567376,long,0.5602836879432624,0.015950102456320617
has_market_brag&volume_spike,46,0.003643469780767456,0.01257930308935129,0.041515137239718905,0.6304347826086957,0.3695652173913043,long,0.6304347826086957,0.01557880903836063
has_china&pre_tariff,39,0.004215083338751533,0.009561607545561568,0.04005417940578966,0.5897435897435898,0.41025641025641024,long,0.5897435897435898,0.015523930802883909
sig_potus&short_posts,30,0.0046797446449202695,0.004662185040938627,0.046293629501466114,0.6,0.4,long,0.6,0.015379210232321012
has_tariff&pre_deal,45,0.0037457755209935302,0.015057468263020901,0.038870138041345925,0.6,0.4,long,0.6,0.015076455648113203
brag_heavy&has_night_post,21,0.006266557741869926,0.00038792871583659405,0.02700913263464947,0.5238095238095238,0.47619047619047616,long,0.5238095238095238,0.015042225104201676
posts_high&pre_tariff,35,-0.00493878879866112,-0.005860288826787574,0.04316007321454174,0.4857142857142857,0.5142857142857142,short,0.5142857142857142,0.015026538119018345
positive_heavy&brag_heavy,34,0.004858910055729869,0.0005525844549784109,0.031865675299142006,0.5294117647058824,0.47058823529411764,long,0.5294117647058824,0.014999331598062863
positive_heavy&open_deal,111,0.0026443838184411587,0.0010701833507549274,0.04256657533859703,0.5315315315315315,0.46846846846846846,long,0.5315315315315315,0.014808634466160507
high_emotion&has_uppercase_phrase,26,0.0042600441588396395,0.016804472324100317,0.05364696679337801,0.6538461538461539,0.34615384615384615,long,0.6538461538461539,0.014202877731143645
has_market_brag&open_deal,33,0.004052273099877633,0.012872142593230995,0.03552518589610214,0.6060606060606061,0.3939393939393939,long,0.6060606060606061,0.014108204050380557
has_china&open_tariff,37,-0.004502435356439613,-0.0012090039263782382,0.051468142295638966,0.4864864864864865,0.5135135135135135,short,0.5135135135135135,0.014063720447123645
has_action&has_market_brag,40,0.003543245018460148,0.012259242434334627,0.043894935975073615,0.625,0.375,long,0.625,0.014005905707974279
deal_heavy&open_deal,91,0.0027639484053290893,0.0035410497071135527,0.04214742219671411,0.5274725274725275,0.4725274725274725,long,0.5274725274725275,0.013907544973383413
posts_high&open_tariff,33,-0.004436651420374658,-0.005019387439041179,0.04981521038367605,0.45454545454545453,0.5454545454545454,short,0.5454545454545454,0.013901793831924079
has_tariff&has_exclamation,145,0.002056369295516193,0.0042361230501335445,0.04003030624191364,0.5586206896551724,0.4413793103448276,long,0.5586206896551724,0.013832546167113796
has_tariff,145,0.002056369295516193,0.0042361230501335445,0.04003030624191364,0.5586206896551724,0.4413793103448276,long,0.5586206896551724,0.013832546167113796
has_relief&open_deal,26,-0.005412245387825225,0.0019932404546029736,0.04972878777491314,0.5,0.5,short,0.5,0.013798572422436685
posts_high&tariff_only,26,0.004134019097516684,0.008691383710150546,0.04276364842063845,0.6538461538461539,0.34615384615384615,long,0.6538461538461539,0.013782713415871064
has_tariff&has_iran,22,0.005350340680654334,0.007086866445736195,0.05216932001772234,0.5454545454545454,0.45454545454545453,long,0.5454545454545454,0.013688357590344822
has_attack&tariff_only,44,0.0034507184996845856,0.0041156259438759335,0.03586425430821831,0.5909090909090909,0.4090909090909091,long,0.5909090909090909,0.013525600069790414
has_tariff&has_market_brag,32,0.004198065484071242,0.010896947202562401,0.03451656243527761,0.5625,0.4375,long,0.5625,0.013358162572433828
deal_heavy&open_tariff,22,-0.005206651337218598,-0.006873797841912277,0.055087618266816726,0.45454545454545453,0.5454545454545454,short,0.5454545454545454,0.013320741538906826
has_night_post&tariff_rising,23,-0.005801781714953621,0.0029971657451939304,0.03917041276247741,0.5217391304347826,0.4782608695652174,short,0.4782608695652174,0.01330730626258665
posts_very_high&open_tariff,21,-0.004637859108049924,-0.010864641237188,0.04604334211388569,0.38095238095238093,0.6190476190476191,short,0.6190476190476191,0.013156829787015668
open_tariff&lots_of_excl,53,0.0032985291880219016,0.0043768019762722155,0.046926949459484224,0.5471698113207547,0.4528301886792453,long,0.5471698113207547,0.01313954705456909
posts_low&has_uppercase_phrase,26,0.0039048264102299122,0.008499452230528615,0.054998870340312256,0.6153846153846154,0.38461538461538464,long,0.6153846153846154,0.012252791423356793
has_market_brag&has_all_caps,48,0.0030548579309715995,0.005336014486102658,0.0409492054137725,0.5625,0.4375,long,0.5625,0.011905130579281983
pre_tariff&tariff_only,20,0.004715498679954721,0.003596842153613111,0.028080413146742443,0.55,0.45,long,0.55,0.011598593155808211
pre_tariff&has_night_post,34,-0.003754827238787183,-0.0029756068559232407,0.041329570956087205,0.47058823529411764,0.5294117647058824,short,0.5294117647058824,0.01159105606031799
positive_heavy&tariff_rising,29,-0.004380892017125514,0.0029971657451939304,0.03901550796775283,0.5172413793103449,0.4827586206896552,short,0.4827586206896552,0.011389157144921768
posts_low&has_night_post,23,0.0038203985029636152,0.009439987753939949,0.03501475531994871,0.6086956521739131,0.391304347826087,long,0.6086956521739131,0.011152514174339774
has_tariff&positive_heavy,121,0.0017554003787882792,0.0043768019762722155,0.03988486416849209,0.5619834710743802,0.4380165289256198,long,0.5619834710743802,0.010851565977963908
positive_heavy&open_tariff,44,-0.003185550307968231,0.0008940809094078461,0.046083997630827093,0.5,0.5,short,0.5,0.010565275122331713
open_deal&volume_spike,38,0.003319507132927163,-0.0002458818661290052,0.044663540036640643,0.5,0.5,long,0.5,0.0102314081265858
pre_tariff&exclamation_heavy,55,0.0024505622893378413,0.004196518562032292,0.038207935583034223,0.5454545454545454,0.45454545454545453,long,0.5454545454545454,0.009913012550575081
has_positive&tariff_rising,33,-0.0033533388775267704,0.0029971657451939304,0.04087996143633465,0.5151515151515151,0.48484848484848486,short,0.48484848484848486,0.009339861942799538
tariff_rising,33,-0.0033533388775267704,0.0029971657451939304,0.04087996143633465,0.5151515151515151,0.48484848484848486,short,0.48484848484848486,0.009339861942799538
has_exclamation&tariff_rising,33,-0.0033533388775267704,0.0029971657451939304,0.04087996143633465,0.5151515151515151,0.48484848484848486,short,0.48484848484848486,0.009339861942799538
has_tariff&tariff_rising,33,-0.0033533388775267704,0.0029971657451939304,0.04087996143633465,0.5151515151515151,0.48484848484848486,short,0.48484848484848486,0.009339861942799538
exclamation_heavy&tariff_rising,33,-0.0033533388775267704,0.0029971657451939304,0.04087996143633465,0.5151515151515151,0.48484848484848486,short,0.48484848484848486,0.009339861942799538
has_attack&open_tariff,43,-0.002700883770968567,-0.0012090039263782382,0.04470105182768936,0.4883720930232558,0.5116279069767442,short,0.5116279069767442,0.009061380101559291
posts_very_high&all_caps_heavy,26,0.002960163817294598,0.014619506101532065,0.07031176768392658,0.5769230769230769,0.4230769230769231,long,0.5769230769230769,0.00870803830835565
has_positive&pre_tariff,55,0.0021405148511337126,0.004196518562032292,0.03848843487917648,0.5454545454545454,0.45454545454545453,long,0.5454545454545454,0.008658808909409257
has_deal&open_tariff,38,-0.002653394198064593,-0.0031141956827097084,0.04704574692047967,0.47368421052631576,0.5263157894736842,short,0.5263157894736842,0.008608747552603165
posts_very_high&pre_tariff,23,-0.003396044470148745,-0.00872729668175154,0.04257425389481449,0.4782608695652174,0.5217391304347826,short,0.5217391304347826,0.008497490673658013
has_market_brag&short_posts,88,0.0015568305744291472,0.002875769649072657,0.035108838472491,0.5795454545454546,0.42045454545454547,long,0.5795454545454546,0.008463893539671573
pre_tariff&lots_of_excl,52,0.002131522605104079,0.0038687841345729224,0.03914850226826591,0.5384615384615384,0.46153846153846156,long,0.5384615384615384,0.008276492051168208
posts_very_high&has_tariff,56,0.00203845241474325,0.0038687841345729224,0.04198431007011087,0.5357142857142857,0.4642857142857143,long,0.5357142857142857,0.00817198985915492
has_china&tariff_only,22,0.00251524214042791,0.010020346950772585,0.04437090271702686,0.6363636363636364,0.36363636363636365,long,0.6363636363636364,0.007507519966058691
has_tariff&open_deal,43,-0.002067597678081006,-0.0006536480735755967,0.047650580035056116,0.4883720930232558,0.5116279069767442,short,0.5116279069767442,0.00693672517846806
has_tariff&pre_tariff,56,0.001687275445998284,0.0038687841345729224,0.03828746089589237,0.5357142857142857,0.4642857142857143,long,0.5357142857142857,0.006764149967187617
pre_tariff,56,0.001687275445998284,0.0038687841345729224,0.03828746089589237,0.5357142857142857,0.4642857142857143,long,0.5357142857142857,0.006764149967187617
pre_tariff&has_exclamation,56,0.001687275445998284,0.0038687841345729224,0.03828746089589237,0.5357142857142857,0.4642857142857143,long,0.5357142857142857,0.006764149967187617
open_deal&has_all_caps,32,-0.002067366680703179,-0.0035847640259590308,0.04226284313766771,0.4375,0.5625,short,0.5625,0.006578320496059538
has_tariff&attack_heavy,61,0.0014209941289972906,0.004196518562032292,0.03898462951162208,0.5573770491803278,0.4426229508196721,long,0.5573770491803278,0.006185948259112389
has_tariff&has_uppercase_phrase,49,0.0015904291568365357,0.010182085122108164,0.0492079746457533,0.5510204081632653,0.4489795918367347,long,0.5510204081632653,0.00613451246208378
pre_tariff&pre_deal,30,0.0019288449656687302,0.008960006778662044,0.04246435823055272,0.5666666666666667,0.43333333333333335,long,0.5666666666666667,0.005986674086553233
has_all_caps&volume_spike,48,0.001599963936237958,0.0021291449506168902,0.0599274209886213,0.5208333333333334,0.4791666666666667,long,0.5208333333333334,0.00577337255800424
has_russia&pre_tariff,27,-0.002188549678781867,0.0035410497071135527,0.039906967026909775,0.5185185185185185,0.48148148148148145,short,0.48148148148148145,0.005475425566778179
positive_heavy&pre_tariff,47,0.0013781967173634529,0.004196518562032292,0.040298094537697796,0.5531914893617021,0.44680851063829785,long,0.5531914893617021,0.005226796963976802
has_tariff&volume_spike,37,-0.001468778459432814,-0.0010062360932637793,0.04236364286951024,0.4864864864864865,0.5135135135135135,short,0.5135135135135135,0.00458784813482687
pre_deal&open_deal,44,-0.0014234832538458288,0.004089730684828652,0.03501518125245121,0.5227272727272727,0.4772727272727273,short,0.4772727272727273,0.004506561673435352
has_market_brag&has_uppercase_phrase,67,0.0009702686257836717,0.006734539359251723,0.038672160550128065,0.5671641791044776,0.43283582089552236,long,0.5671641791044776,0.004504412797757187
posts_high&has_tariff,90,-0.000910264233981126,0.0038687841345729224,0.042670154874579085,0.5333333333333333,0.4666666666666667,short,0.4666666666666667,0.004029911552756316
has_tariff&has_attack,113,-0.000736361842172632,0.0029971657451939304,0.03940196938736355,0.5221238938053098,0.4778761061946903,short,0.4778761061946903,0.003740639138711193
has_tariff&has_all_caps,36,0.001180622142847655,0.0070100680315485775,0.05163100898343687,0.5277777777777778,0.4722222222222222,long,0.5277777777777778,0.0037386367856842412
has_relief&volume_spike,21,0.0016780011631000128,-0.0012090039263782382,0.06634094888778058,0.47619047619047616,0.5238095238095238,long,0.47619047619047616,0.003661698736252261
has_relief&has_market_brag,25,0.0013050574197324182,0.004292767680105891,0.04874400300149079,0.52,0.48,long,0.52,0.0033931492913042874
lots_of_excl&tariff_rising,32,-0.0012173939392717097,0.005917886246839865,0.039619045811840746,0.53125,0.46875,short,0.46875,0.0032281031618791125
sig_potus&has_all_caps,23,0.001185261348441001,0.010632683184358838,0.052961381824308616,0.5652173913043478,0.43478260869565216,long,0.5652173913043478,0.0032128729824707574
has_tariff&has_deal,86,-0.0006770673238212078,0.001977161316357945,0.04229045500986223,0.5116279069767442,0.4883720930232558,short,0.4883720930232558,0.003066421981268994
open_tariff&exclamation_heavy,55,0.0007052144230291102,0.0035410497071135527,0.04798542924070197,0.5272727272727272,0.4727272727272727,long,0.5272727272727272,0.00275764170867726
all_caps_heavy&uppercase_phrase_heavy,21,0.0009709604272750376,0.010632683184358838,0.07331275901387384,0.6190476190476191,0.38095238095238093,long,0.6190476190476191,0.0027544521672537535
posts_high&tariff_heavy,20,0.0011954207580960386,-0.0011596195598370107,0.04278117784939809,0.5,0.5,long,0.5,0.0026730420768170744
has_tariff&has_night_post,93,-0.0005046070947478235,0.0035410497071135527,0.04284141321497759,0.5376344086021505,0.46236559139784944,short,0.46236559139784944,0.002249988682908533
has_positive&open_tariff,55,0.0005739515227959286,0.0029971657451939304,0.047970410562737154,0.5272727272727272,0.4727272727272727,long,0.5272727272727272,0.0022443566188315835
deal_heavy&pre_tariff,29,-0.0009263211769555958,0.004292767680105891,0.04107997078056199,0.5517241379310345,0.4482758620689655,short,0.4482758620689655,0.0022361758147993425
has_attack&pre_tariff,45,-0.0006674090129815186,0.0029971657451939304,0.03929968359423612,0.5111111111111111,0.4888888888888889,short,0.4888888888888889,0.002188812152006649
has_relief&has_all_caps,29,0.0006966791603096801,0.007030048415776591,0.05824606978078552,0.5172413793103449,0.4827586206896552,long,0.5172413793103449,0.0019405510841191587
has_action&open_deal,45,0.0005633692048018915,-0.0006536480735755967,0.044919107929828235,0.4888888888888889,0.5111111111111111,long,0.4888888888888889,0.0018476066962716444
tariff_heavy,22,0.000834581351399905,-0.00277381271556143,0.04071407358871464,0.45454545454545453,0.5454545454545454,long,0.45454545454545453,0.0017793334197549317
tariff_heavy&has_positive,22,0.000834581351399905,-0.00277381271556143,0.04071407358871464,0.45454545454545453,0.5454545454545454,long,0.45454545454545453,0.0017793334197549317
has_tariff&tariff_heavy,22,0.000834581351399905,-0.00277381271556143,0.04071407358871464,0.45454545454545453,0.5454545454545454,long,0.45454545454545453,0.0017793334197549317
tariff_heavy&has_exclamation,22,0.000834581351399905,-0.00277381271556143,0.04071407358871464,0.45454545454545453,0.5454545454545454,long,0.45454545454545453,0.0017793334197549317
tariff_heavy&lots_of_excl,22,0.000834581351399905,-0.00277381271556143,0.04071407358871464,0.45454545454545453,0.5454545454545454,long,0.45454545454545453,0.0017793334197549317
tariff_heavy&exclamation_heavy,22,0.000834581351399905,-0.00277381271556143,0.04071407358871464,0.45454545454545453,0.5454545454545454,long,0.45454545454545453,0.0017793334197549317
attack_heavy&pre_tariff,26,0.0004490402291343215,0.004244643121069092,0.03848213846103672,0.5769230769230769,0.4230769230769231,long,0.5769230769230769,0.0013209605138908155
open_deal&has_night_post,81,-0.000280197363697794,-0.0006536480735755967,0.04226060332682717,0.49382716049382713,0.5061728395061729,short,0.5061728395061729,0.001276454656845506
high_emotion&volume_spike,27,0.0003165294799797777,0.0062699367499901015,0.06242837088807545,0.5555555555555556,0.4444444444444444,long,0.5555555555555556,0.0009137419023638845
has_tariff&has_china,86,0.00015714684739550724,0.005247759329213841,0.04399513597548264,0.5465116279069767,0.45348837209302323,long,0.5465116279069767,0.0007964422766772488
open_tariff,57,0.0001878599163588716,0.0029971657451939304,0.04730256307907497,0.5263157894736842,0.47368421052631576,long,0.5263157894736842,0.0007464796134385744
has_tariff&open_tariff,57,0.0001878599163588716,0.0029971657451939304,0.04730256307907497,0.5263157894736842,0.47368421052631576,long,0.5263157894736842,0.0007464796134385744
open_tariff&has_exclamation,57,0.0001878599163588716,0.0029971657451939304,0.04730256307907497,0.5263157894736842,0.47368421052631576,long,0.5263157894736842,0.0007464796134385744
has_attack&tariff_rising,25,-0.00028112601390196,0.010479086355983602,0.03923342707847347,0.56,0.44,short,0.44,0.000618477230584312
posts_very_high&sig_potus,29,0.0001712410875228014,0.010632683184358838,0.05018817934133528,0.5517241379310345,0.4482758620689655,long,0.5517241379310345,0.0005087787465176439
has_tariff&deal_over_tariff,41,-0.00013498826564031717,-0.0006536480735755967,0.04549940168337678,0.4878048780487805,0.5121951219512195,short,0.5121951219512195,0.0004427141303732027
has_tariff&deal_heavy,59,5.5916231069736334e-05,0.0035410497071135527,0.044685050640837734,0.5084745762711864,0.4915254237288136,long,0.5084745762711864,0.00021839019687363242
has_deal&pre_tariff,36,4.929204911374101e-06,0.003916908693609722,0.04321347535733461,0.5277777777777778,0.4722222222222222,long,0.5277777777777778,1.5609148886017988e-05
has_tariff&has_action,40,6.625837624868458e-07,0.005536664628651766,0.049927851286732494,0.575,0.425,long,0.575,2.4095649046178334e-06
